iteration,seed,num_publishers,num_users,arrival_window_used,chunking_mode,lmm,avg_hops,avg_delay,avg_success_rate
1,1200,4,2,20.0,with_chunking,LMM-1,10.25,10.287500000000005,0.7203784376724187
1,1200,4,2,20.0,with_chunking,LMM-2,10.25,10.287500000000005,0.7203784376724187
1,1200,4,4,40.0,with_chunking,LMM-1,10.25,10.28749999999999,0.6844397394580458
1,1200,4,4,40.0,with_chunking,LMM-2,10.25,10.28749999999999,0.6844397394580458
1,1200,4,6,60.0,with_chunking,LMM-1,10.25,10.287499999999978,0.6242874386842312
1,1200,4,6,60.0,with_chunking,LMM-2,10.25,10.287499999999978,0.6242874386842312
1,1200,4,8,80.0,with_chunking,LMM-1,10.25,10.28749999999998,0.588770075452896
1,1200,4,8,80.0,with_chunking,LMM-2,10.25,10.28749999999998,0.588770075452896
1,1200,6,2,20.0,with_chunking,LMM-1,9.166666666666668,9.258333333333336,0.7072116179713801
1,1200,6,2,20.0,with_chunking,LMM-2,9.166666666666668,9.258333333333336,0.7071889303606627
1,1200,6,4,40.0,with_chunking,LMM-1,9.166666666666668,9.258333333333324,0.6759791875654912
1,1200,6,4,40.0,with_chunking,LMM-2,8.916666666666668,9.020833333333323,0.6904556170584822
1,1200,6,6,60.0,with_chunking,LMM-1,9.166666666666666,9.258333333333313,0.6464535726340443
1,1200,6,6,60.0,with_chunking,LMM-2,8.833333333333334,8.941666666666647,0.6674944520766031
1,1200,6,8,80.0,with_chunking,LMM-1,9.166666666666668,9.258333333333315,0.6217987914135787
1,1200,6,8,80.0,with_chunking,LMM-2,8.65625,8.773437499999984,0.6683422501862131
1,1200,8,2,20.0,with_chunking,LMM-1,7.916666666666667,8.070833333333336,0.7511966718032387
1,1200,8,2,20.0,with_chunking,LMM-2,7.666666666666667,7.8333333333333375,0.7619006000882029
1,1200,8,4,40.0,with_chunking,LMM-1,8.0,8.149999999999991,0.6884524647444439
1,1200,8,4,40.0,with_chunking,LMM-2,7.604166666666666,7.773958333333326,0.6859700301507985
1,1200,8,6,60.0,with_chunking,LMM-1,8.055555555555555,8.20277777777776,0.6407580427647039
1,1200,8,6,60.0,with_chunking,LMM-2,7.25,7.437499999999984,0.6959892616248328
1,1200,8,8,80.0,with_chunking,LMM-1,7.916666666666667,8.070833333333319,0.6627908217589917
1,1200,8,8,80.0,with_chunking,LMM-2,7.208333333333334,7.397916666666653,0.6720136622906151
1,1200,10,2,20.0,with_chunking,LMM-1,7.333333333333333,7.51666666666667,0.7670339948198417
1,1200,10,2,20.0,with_chunking,LMM-2,6.875,7.081250000000003,0.7917390632322778
1,1200,10,4,40.0,with_chunking,LMM-1,7.458333333333333,7.635416666666659,0.7009867599764004
1,1200,10,4,40.0,with_chunking,LMM-2,6.875,7.081249999999993,0.7451628154269603
1,1200,10,6,60.0,with_chunking,LMM-1,7.458333333333334,7.63541666666665,0.6657118458709543
1,1200,10,6,60.0,with_chunking,LMM-2,6.541666666666667,6.74930555555554,0.7369878084070498
1,1200,10,8,80.0,with_chunking,LMM-1,7.458333333333333,7.635416666666653,0.6323904920179033
1,1200,10,8,80.0,with_chunking,LMM-2,6.90625,7.110937499999987,0.7029266681378619
2,1201,4,2,20.0,with_chunking,LMM-1,11.0,11.000000000000007,0.7060865110019592
2,1201,4,2,20.0,with_chunking,LMM-2,11.0,11.000000000000007,0.7060865110019592
2,1201,4,4,40.0,with_chunking,LMM-1,11.0,10.99999999999999,0.6644054324922773
2,1201,4,4,40.0,with_chunking,LMM-2,11.0,10.99999999999999,0.6644054324922773
2,1201,4,6,60.0,with_chunking,LMM-1,11.0,10.999999999999977,0.6252259897951341
2,1201,4,6,60.0,with_chunking,LMM-2,11.0,10.999999999999977,0.6252259897951341
2,1201,4,8,80.0,with_chunking,LMM-1,11.0,10.99999999999998,0.6033728670254248
2,1201,4,8,80.0,with_chunking,LMM-2,11.0,10.99999999999998,0.6033728670254248
2,1201,6,2,20.0,with_chunking,LMM-1,10.25,10.287500000000005,0.7364127295658892
2,1201,6,2,20.0,with_chunking,LMM-2,10.25,10.287500000000005,0.7364127295658892
2,1201,6,4,40.0,with_chunking,LMM-1,10.25,10.28749999999999,0.6974750352956353
2,1201,6,4,40.0,with_chunking,LMM-2,10.25,10.28749999999999,0.6974750352956353
2,1201,6,6,60.0,with_chunking,LMM-1,10.25,10.287499999999978,0.6606500629418001
2,1201,6,6,60.0,with_chunking,LMM-2,10.25,10.287499999999978,0.6606500629418001
2,1201,6,8,80.0,with_chunking,LMM-1,10.25,10.28749999999998,0.6412118583342287
2,1201,6,8,80.0,with_chunking,LMM-2,10.25,10.28749999999998,0.6412118583342287
2,1201,8,2,20.0,with_chunking,LMM-1,8.25,8.387500000000003,0.7883646187230017
2,1201,8,2,20.0,with_chunking,LMM-2,8.25,8.387500000000003,0.7883646187230017
2,1201,8,4,40.0,with_chunking,LMM-1,9.0625,9.15937499999999,0.6366407050323265
2,1201,8,4,40.0,with_chunking,LMM-2,8.854166666666666,8.961458333333324,0.6468456274705605
2,1201,8,6,60.0,with_chunking,LMM-1,9.083333333333334,9.179166666666646,0.5791071751846638
2,1201,8,6,60.0,with_chunking,LMM-2,8.625,8.74374999999998,0.6027219833599569
2,1201,8,8,80.0,with_chunking,LMM-1,9.083333333333332,9.17916666666665,0.5388324289889423
2,1201,8,8,80.0,with_chunking,LMM-2,8.520833333333332,8.644791666666652,0.5745088783297919
2,1201,10,2,20.0,with_chunking,LMM-1,7.375,7.556250000000004,0.832880424669199
2,1201,10,2,20.0,with_chunking,LMM-2,7.25,7.4375000000000036,0.8372134216637572
2,1201,10,4,40.0,with_chunking,LMM-1,7.625,7.793749999999992,0.7617602025497446
2,1201,10,4,40.0,with_chunking,LMM-2,7.5,7.674999999999992,0.7695434882773988
2,1201,10,6,60.0,with_chunking,LMM-1,7.638888888888889,7.806944444444427,0.7284341081378365
2,1201,10,6,60.0,with_chunking,LMM-2,7.277777777777778,7.463888888888873,0.7672509222298094
2,1201,10,8,80.0,with_chunking,LMM-1,7.666666666666667,7.833333333333319,0.6901387948885153
2,1201,10,8,80.0,with_chunking,LMM-2,7.5,7.674999999999986,0.7038619573934337
3,1202,4,2,20.0,with_chunking,LMM-1,11.875,11.831250000000008,0.6786512843751004
3,1202,4,2,20.0,with_chunking,LMM-2,11.875,11.831250000000008,0.6786512843751004
3,1202,4,4,40.0,with_chunking,LMM-1,11.875,11.831249999999986,0.6433699606476659
3,1202,4,4,40.0,with_chunking,LMM-2,11.875,11.831249999999986,0.6433699606476659
3,1202,4,6,60.0,with_chunking,LMM-1,11.875,11.831249999999972,0.6102069770515086
3,1202,4,6,60.0,with_chunking,LMM-2,11.875,11.831249999999972,0.6102069770515086
3,1202,4,8,80.0,with_chunking,LMM-1,11.875,11.83124999999998,0.5790182566521382
3,1202,4,8,80.0,with_chunking,LMM-2,11.875,11.83124999999998,0.5790182566521382
3,1202,6,2,20.0,with_chunking,LMM-1,9.75,9.812500000000007,0.7403970985105338
3,1202,6,2,20.0,with_chunking,LMM-2,9.75,9.812500000000007,0.7403970985105338
3,1202,6,4,40.0,with_chunking,LMM-1,9.75,9.81249999999999,0.7058566736168927
3,1202,6,4,40.0,with_chunking,LMM-2,9.75,9.81249999999999,0.7058566736168927
3,1202,6,6,60.0,with_chunking,LMM-1,9.75,9.812499999999979,0.67302176444785
3,1202,6,6,60.0,with_chunking,LMM-2,9.75,9.812499999999979,0.67302176444785
3,1202,6,8,80.0,with_chunking,LMM-1,9.75,9.812499999999982,0.6418672294137722
3,1202,6,8,80.0,with_chunking,LMM-2,9.75,9.812499999999982,0.6418672294137722
3,1202,8,2,20.0,with_chunking,LMM-1,9.041666666666666,9.139583333333338,0.7277027050518117
3,1202,8,2,20.0,with_chunking,LMM-2,8.666666666666666,8.783333333333339,0.7443762807018326
3,1202,8,4,40.0,with_chunking,LMM-1,9.291666666666666,9.377083333333324,0.6569932782041134
3,1202,8,4,40.0,with_chunking,LMM-2,8.9375,9.04062499999999,0.6819265042288417
3,1202,8,6,60.0,with_chunking,LMM-1,9.291666666666668,9.377083333333314,0.6208279265348497
3,1202,8,6,60.0,with_chunking,LMM-2,8.944444444444445,9.047222222222203,0.6520793324869147
3,1202,8,8,80.0,with_chunking,LMM-1,9.291666666666666,9.377083333333317,0.5877778770521666
3,1202,8,8,80.0,with_chunking,LMM-2,8.427083333333332,8.555729166666652,0.6578022023295769
3,1202,10,2,20.0,with_chunking,LMM-1,7.270833333333333,7.45729166666667,0.7274595164330816
3,1202,10,2,20.0,with_chunking,LMM-2,6.791666666666666,7.002083333333337,0.7706040974127928
3,1202,10,4,40.0,with_chunking,LMM-1,7.458333333333334,7.635416666666659,0.6777835957643332
3,1202,10,4,40.0,with_chunking,LMM-2,7.03125,7.229687499999994,0.7192844363000725
3,1202,10,6,60.0,with_chunking,LMM-1,7.5625,7.734374999999984,0.626423019014607
3,1202,10,6,60.0,with_chunking,LMM-2,6.875,7.081249999999983,0.6791240970065489
3,1202,10,8,80.0,with_chunking,LMM-1,7.6875,7.853124999999984,0.591149008263556
3,1202,10,8,80.0,with_chunking,LMM-2,7.046875,7.244531249999987,0.6454558065772724
4,1203,4,2,20.0,with_chunking,LMM-1,14.5,14.325000000000012,0.7391884795230754
4,1203,4,2,20.0,with_chunking,LMM-2,14.5,14.325000000000012,0.7391884795230754
4,1203,4,4,40.0,with_chunking,LMM-1,14.5,14.324999999999983,0.6905475118537341
4,1203,4,4,40.0,with_chunking,LMM-2,14.5,14.324999999999983,0.6905475118537341
4,1203,4,6,60.0,with_chunking,LMM-1,14.5,14.324999999999967,0.6449904577910108
4,1203,4,6,60.0,with_chunking,LMM-2,14.5,14.324999999999967,0.6449904577910108
4,1203,4,8,80.0,with_chunking,LMM-1,14.5,14.324999999999978,0.6023305707776877
4,1203,4,8,80.0,with_chunking,LMM-2,14.5,14.324999999999978,0.6023305707776877
4,1203,6,2,20.0,with_chunking,LMM-1,14.5,14.325000000000012,0.7391884795230754
4,1203,6,2,20.0,with_chunking,LMM-2,14.5,14.325000000000012,0.7391884795230754
4,1203,6,4,40.0,with_chunking,LMM-1,14.5,14.324999999999983,0.6905475118537341
4,1203,6,4,40.0,with_chunking,LMM-2,14.5,14.324999999999983,0.6905475118537341
4,1203,6,6,60.0,with_chunking,LMM-1,14.5,14.324999999999967,0.6449904577910108
4,1203,6,6,60.0,with_chunking,LMM-2,14.5,14.324999999999967,0.6449904577910108
4,1203,6,8,80.0,with_chunking,LMM-1,14.5,14.324999999999978,0.6023305707776877
4,1203,6,8,80.0,with_chunking,LMM-2,14.5,14.324999999999978,0.6023305707776877
4,1203,8,2,20.0,with_chunking,LMM-1,12.5,12.425000000000008,0.7742801433734303
4,1203,8,2,20.0,with_chunking,LMM-2,12.5,12.425000000000008,0.7742801433734303
4,1203,8,4,40.0,with_chunking,LMM-1,12.5,12.424999999999986,0.7315997611248917
4,1203,8,4,40.0,with_chunking,LMM-2,12.5,12.424999999999986,0.7315997611248917
4,1203,8,6,60.0,with_chunking,LMM-1,12.5,12.424999999999974,0.6911554821845896
4,1203,8,6,60.0,with_chunking,LMM-2,12.5,12.424999999999974,0.6911554821845896
4,1203,8,8,80.0,with_chunking,LMM-1,12.5,12.42499999999998,0.6528371806328064
4,1203,8,8,80.0,with_chunking,LMM-2,12.5,12.42499999999998,0.6528371806328064
4,1203,10,2,20.0,with_chunking,LMM-1,10.5,10.525000000000006,0.8134359291723425
4,1203,10,2,20.0,with_chunking,LMM-2,10.5,10.525000000000006,0.8134359291723425
4,1203,10,4,40.0,with_chunking,LMM-1,10.5,10.524999999999988,0.7773962880299767
4,1203,10,4,40.0,with_chunking,LMM-2,10.5,10.524999999999988,0.7773962880299767
4,1203,10,6,60.0,with_chunking,LMM-1,10.5,10.524999999999977,0.7428448305555475
4,1203,10,6,60.0,with_chunking,LMM-2,10.5,10.524999999999977,0.7428448305555475
4,1203,10,8,80.0,with_chunking,LMM-1,10.5,10.52499999999998,0.7097251266995479
4,1203,10,8,80.0,with_chunking,LMM-2,10.5,10.52499999999998,0.7097251266995479
5,1204,4,2,20.0,with_chunking,LMM-1,13.125,13.01875000000001,0.7277336026914225
5,1204,4,2,20.0,with_chunking,LMM-2,13.125,13.01875000000001,0.7277336026914225
5,1204,4,4,40.0,with_chunking,LMM-1,13.25,13.137499999999985,0.631949051670105
5,1204,4,4,40.0,with_chunking,LMM-2,13.25,13.137499999999985,0.631949051670105
5,1204,4,6,60.0,with_chunking,LMM-1,13.25,13.13749999999997,0.5870708823579345
5,1204,4,6,60.0,with_chunking,LMM-2,13.25,13.13749999999997,0.5870708823579345
5,1204,4,8,80.0,with_chunking,LMM-1,13.25,13.137499999999978,0.5443596468503942
5,1204,4,8,80.0,with_chunking,LMM-2,13.25,13.137499999999978,0.5443596468503942
5,1204,6,2,20.0,with_chunking,LMM-1,12.375,12.306250000000007,0.7491821736440043
5,1204,6,2,20.0,with_chunking,LMM-2,12.375,12.306250000000007,0.7491821736440043
5,1204,6,4,40.0,with_chunking,LMM-1,12.375,12.306249999999988,0.671766611914457
5,1204,6,4,40.0,with_chunking,LMM-2,12.375,12.306249999999988,0.671766611914457
5,1204,6,6,60.0,with_chunking,LMM-1,12.375,12.306249999999974,0.6350219928155907
5,1204,6,6,60.0,with_chunking,LMM-2,12.375,12.306249999999974,0.6350219928155907
5,1204,6,8,80.0,with_chunking,LMM-1,12.375,12.306249999999979,0.5991069632693135
5,1204,6,8,80.0,with_chunking,LMM-2,12.375,12.306249999999979,0.5991069632693135
5,1204,8,2,20.0,with_chunking,LMM-1,11.0,11.000000000000007,0.7367084559706273
5,1204,8,2,20.0,with_chunking,LMM-2,11.0,11.000000000000007,0.7367084559706273
5,1204,8,4,40.0,with_chunking,LMM-1,11.0,10.99999999999999,0.6988696267566008
5,1204,8,4,40.0,with_chunking,LMM-2,11.0,10.99999999999999,0.6988696267566008
5,1204,8,6,60.0,with_chunking,LMM-1,11.0,10.999999999999977,0.66305148237924
5,1204,8,6,60.0,with_chunking,LMM-2,11.0,10.999999999999977,0.66305148237924
5,1204,8,8,80.0,with_chunking,LMM-1,11.0,10.99999999999998,0.6291416898889193
5,1204,8,8,80.0,with_chunking,LMM-2,11.0,10.99999999999998,0.6291416898889193
5,1204,10,2,20.0,with_chunking,LMM-1,10.25,10.287500000000005,0.757856778373711
5,1204,10,2,20.0,with_chunking,LMM-2,10.25,10.287500000000005,0.757856778373711
5,1204,10,4,40.0,with_chunking,LMM-1,10.25,10.28749999999999,0.7156937789770272
5,1204,10,4,40.0,with_chunking,LMM-2,10.25,10.28749999999999,0.7156937789770272
5,1204,10,6,60.0,with_chunking,LMM-1,10.25,10.287499999999977,0.6758638098290772
5,1204,10,6,60.0,with_chunking,LMM-2,10.25,10.287499999999977,0.6758638098290772
5,1204,10,8,80.0,with_chunking,LMM-1,10.125,10.168749999999982,0.6513005627600887
5,1204,10,8,80.0,with_chunking,LMM-2,10.25,10.287499999999982,0.6438206421130478
6,1205,4,2,20.0,with_chunking,LMM-1,11.5,11.475000000000009,0.7674392056772797
6,1205,4,2,20.0,with_chunking,LMM-2,11.5,11.475000000000009,0.7674392056772797
6,1205,4,4,40.0,with_chunking,LMM-1,11.5,11.474999999999989,0.7295053773326754
6,1205,4,4,40.0,with_chunking,LMM-2,11.5,11.474999999999989,0.7295053773326754
6,1205,4,6,60.0,with_chunking,LMM-1,11.5,11.474999999999975,0.6933304951864707
6,1205,4,6,60.0,with_chunking,LMM-2,11.5,11.474999999999975,0.6933304951864707
6,1205,4,8,80.0,with_chunking,LMM-1,11.5,11.47499999999998,0.7187971249247749
6,1205,4,8,80.0,with_chunking,LMM-2,11.5,11.47499999999998,0.7187971249247749
6,1205,6,2,20.0,with_chunking,LMM-1,11.5,11.475000000000009,0.7882177624463589
6,1205,6,2,20.0,with_chunking,LMM-2,11.5,11.475000000000009,0.7882177624463589
6,1205,6,4,40.0,with_chunking,LMM-1,11.5,11.474999999999989,0.7507160731801094
6,1205,6,4,40.0,with_chunking,LMM-2,11.5,11.474999999999989,0.7507160731801094
6,1205,6,6,60.0,with_chunking,LMM-1,11.5,11.474999999999975,0.7148907991443894
6,1205,6,6,60.0,with_chunking,LMM-2,11.5,11.474999999999975,0.7148907991443894
6,1205,6,8,80.0,with_chunking,LMM-1,11.5,11.47499999999998,0.6806724208487687
6,1205,6,8,80.0,with_chunking,LMM-2,11.5,11.47499999999998,0.6806724208487687
6,1205,8,2,20.0,with_chunking,LMM-1,9.5,9.575000000000006,0.8223535802270002
6,1205,8,2,20.0,with_chunking,LMM-2,9.5,9.575000000000006,0.8223535802270002
6,1205,8,4,40.0,with_chunking,LMM-1,9.5,9.57499999999999,0.7915848905878571
6,1205,8,4,40.0,with_chunking,LMM-2,9.5,9.57499999999999,0.7915848905878571
6,1205,8,6,60.0,with_chunking,LMM-1,9.5,9.57499999999998,0.7618699836175669
6,1205,8,6,60.0,with_chunking,LMM-2,9.5,9.57499999999998,0.7618699836175669
6,1205,8,8,80.0,with_chunking,LMM-1,10.0,10.049999999999983,0.7576452953927596
6,1205,8,8,80.0,with_chunking,LMM-2,10.0,10.049999999999983,0.7576452953927596
6,1205,10,2,20.0,with_chunking,LMM-1,8.875,8.981250000000005,0.8221450987139747
6,1205,10,2,20.0,with_chunking,LMM-2,8.5,8.625000000000004,0.8330468071900909
6,1205,10,4,40.0,with_chunking,LMM-1,8.875,8.981249999999992,0.7970743164267566
6,1205,10,4,40.0,with_chunking,LMM-2,8.9375,9.04062499999999,0.80272733194148
6,1205,10,6,60.0,with_chunking,LMM-1,8.875,8.98124999999998,0.7727384101870287
6,1205,10,6,60.0,with_chunking,LMM-2,9.25,9.33749999999998,0.7761548547466396
6,1205,10,8,80.0,with_chunking,LMM-1,8.875,8.981249999999983,0.7491166449502762
6,1205,10,8,80.0,with_chunking,LMM-2,9.25,9.337499999999983,0.7551721784954912
7,1206,4,2,20.0,with_chunking,LMM-1,12.0,11.950000000000006,0.5776091272632853
7,1206,4,2,20.0,with_chunking,LMM-2,12.0,11.950000000000006,0.5776091272632853
7,1206,4,4,40.0,with_chunking,LMM-1,12.0,11.949999999999989,0.5231785208463534
7,1206,4,4,40.0,with_chunking,LMM-2,12.0,11.949999999999989,0.5231785208463534
7,1206,4,6,60.0,with_chunking,LMM-1,12.0,11.949999999999974,0.47383083667446035
7,1206,4,6,60.0,with_chunking,LMM-2,12.0,11.949999999999974,0.47383083667446035
7,1206,4,8,80.0,with_chunking,LMM-1,12.0,11.949999999999978,0.4295583031703643
7,1206,4,8,80.0,with_chunking,LMM-2,12.0,11.949999999999978,0.4295583031703643
7,1206,6,2,20.0,with_chunking,LMM-1,10.25,10.287500000000005,0.6464751772744342
7,1206,6,2,20.0,with_chunking,LMM-2,10.25,10.287500000000005,0.6464751772744342
7,1206,6,4,40.0,with_chunking,LMM-1,10.25,10.287499999999989,0.5953525459445839
7,1206,6,4,40.0,with_chunking,LMM-2,10.25,10.287499999999989,0.5953525459445839
7,1206,6,6,60.0,with_chunking,LMM-1,10.25,10.287499999999977,0.5481915349897695
7,1206,6,6,60.0,with_chunking,LMM-2,10.25,10.287499999999977,0.5481915349897695
7,1206,6,8,80.0,with_chunking,LMM-1,10.25,10.287499999999982,0.5197350251224888
7,1206,6,8,80.0,with_chunking,LMM-2,10.25,10.287499999999982,0.5197350251224888
7,1206,8,2,20.0,with_chunking,LMM-1,8.75,8.862500000000004,0.7138298772701268
7,1206,8,2,20.0,with_chunking,LMM-2,8.625,8.743750000000004,0.7185020225905785
7,1206,8,4,40.0,with_chunking,LMM-1,8.75,8.86249999999999,0.672552775677755
7,1206,8,4,40.0,with_chunking,LMM-2,8.5625,8.684374999999992,0.683719649259658
7,1206,8,6,60.0,with_chunking,LMM-1,8.75,8.86249999999998,0.6336216958806928
7,1206,8,6,60.0,with_chunking,LMM-2,8.541666666666668,8.664583333333315,0.648679476664018
7,1206,8,8,80.0,with_chunking,LMM-1,8.75,8.862499999999983,0.5969174940870587
7,1206,8,8,80.0,with_chunking,LMM-2,8.53125,8.654687499999984,0.6158042516724263
7,1206,10,2,20.0,with_chunking,LMM-1,8.458333333333332,8.58541666666667,0.7175089812102182
7,1206,10,2,20.0,with_chunking,LMM-2,8.333333333333332,8.46666666666667,0.7229416488468398
7,1206,10,4,40.0,with_chunking,LMM-1,8.104166666666668,8.248958333333324,0.6837989374167579
7,1206,10,4,40.0,with_chunking,LMM-2,7.833333333333334,7.991666666666658,0.6857515138476596
7,1206,10,6,60.0,with_chunking,LMM-1,8.083333333333332,8.229166666666648,0.6363068049963108
7,1206,10,6,60.0,with_chunking,LMM-2,8.0,8.149999999999983,0.6439763456378118
7,1206,10,8,80.0,with_chunking,LMM-1,8.083333333333332,8.22916666666665,0.6015825499286056
7,1206,10,8,80.0,with_chunking,LMM-2,8.052083333333334,8.19947916666665,0.6228857438724156
8,1207,4,2,20.0,with_chunking,LMM-1,10.5,10.525000000000006,0.8249529861592694
8,1207,4,2,20.0,with_chunking,LMM-2,10.5,10.525000000000006,0.8249529861592694
8,1207,4,4,40.0,with_chunking,LMM-1,10.5,10.524999999999988,0.7965881904022245
8,1207,4,4,40.0,with_chunking,LMM-2,10.5,10.524999999999988,0.7965881904022245
8,1207,4,6,60.0,with_chunking,LMM-1,10.5,10.524999999999977,0.7691260790200698
8,1207,4,6,60.0,with_chunking,LMM-2,10.5,10.524999999999977,0.7691260790200698
8,1207,4,8,80.0,with_chunking,LMM-1,10.5,10.52499999999998,0.7425404050176878
8,1207,4,8,80.0,with_chunking,LMM-2,10.5,10.52499999999998,0.7425404050176878
8,1207,6,2,20.0,with_chunking,LMM-1,10.75,10.762500000000006,0.7382656681706345
8,1207,6,2,20.0,with_chunking,LMM-2,10.75,10.762500000000006,0.7382656681706345
8,1207,6,4,40.0,with_chunking,LMM-1,10.75,10.762499999999989,0.7020890721356663
8,1207,6,4,40.0,with_chunking,LMM-2,10.75,10.762499999999989,0.7020890721356663
8,1207,6,6,60.0,with_chunking,LMM-1,10.75,10.762499999999976,0.6677332863319358
8,1207,6,6,60.0,with_chunking,LMM-2,10.75,10.762499999999976,0.6677332863319358
8,1207,6,8,80.0,with_chunking,LMM-1,10.75,10.762499999999982,0.6351039526396908
8,1207,6,8,80.0,with_chunking,LMM-2,10.75,10.762499999999982,0.6351039526396908
8,1207,8,2,20.0,with_chunking,LMM-1,10.625,10.643750000000006,0.7838280716382983
8,1207,8,2,20.0,with_chunking,LMM-2,10.625,10.643750000000006,0.7838280716382983
8,1207,8,4,40.0,with_chunking,LMM-1,10.625,10.643749999999988,0.7534219813460383
8,1207,8,4,40.0,with_chunking,LMM-2,10.625,10.643749999999988,0.7534219813460383
8,1207,8,6,60.0,with_chunking,LMM-1,10.625,10.643749999999976,0.7241157029072047
8,1207,8,6,60.0,with_chunking,LMM-2,10.625,10.643749999999976,0.7241157029072047
8,1207,8,8,80.0,with_chunking,LMM-1,10.625,10.643749999999981,0.6958722870408722
8,1207,8,8,80.0,with_chunking,LMM-2,10.625,10.643749999999981,0.6958722870408722
8,1207,10,2,20.0,with_chunking,LMM-1,7.5,7.675000000000004,0.8070630653698743
8,1207,10,2,20.0,with_chunking,LMM-2,7.375,7.556250000000004,0.8128006316661354
8,1207,10,4,40.0,with_chunking,LMM-1,7.5,7.674999999999992,0.7743359310089488
8,1207,10,4,40.0,with_chunking,LMM-2,7.125,7.318749999999992,0.7971603852805086
8,1207,10,6,60.0,with_chunking,LMM-1,7.25,7.437499999999984,0.7590245326001084
8,1207,10,6,60.0,with_chunking,LMM-2,7.333333333333334,7.51666666666665,0.7729473625968568
8,1207,10,8,80.0,with_chunking,LMM-1,7.25,7.437499999999986,0.7319068142349406
8,1207,10,8,80.0,with_chunking,LMM-2,7.0625,7.259374999999987,0.7761459603579954
9,1208,4,2,20.0,with_chunking,LMM-1,10.5,10.525000000000006,0.8210792855330136
9,1208,4,2,20.0,with_chunking,LMM-2,10.5,10.525000000000006,0.8210792855330136
9,1208,4,4,40.0,with_chunking,LMM-1,10.5,10.524999999999988,0.7967185594857129
9,1208,4,4,40.0,with_chunking,LMM-2,10.5,10.524999999999988,0.7967185594857129
9,1208,4,6,60.0,with_chunking,LMM-1,10.5,10.524999999999977,0.7730271336881454
9,1208,4,6,60.0,with_chunking,LMM-2,10.5,10.524999999999977,0.7730271336881454
9,1208,4,8,80.0,with_chunking,LMM-1,10.5,10.52499999999998,0.7500481567347512
9,1208,4,8,80.0,with_chunking,LMM-2,10.5,10.52499999999998,0.7500481567347512
9,1208,6,2,20.0,with_chunking,LMM-1,10.0,10.050000000000004,0.8364646683400786
9,1208,6,2,20.0,with_chunking,LMM-2,10.0,10.050000000000004,0.8364646683400786
9,1208,6,4,40.0,with_chunking,LMM-1,10.0,10.04999999999999,0.8155313397514972
9,1208,6,4,40.0,with_chunking,LMM-2,10.0,10.04999999999999,0.8155313397514972
9,1208,6,6,60.0,with_chunking,LMM-1,10.0,10.049999999999978,0.7950927110284534
9,1208,6,6,60.0,with_chunking,LMM-2,10.0,10.049999999999978,0.7950927110284534
9,1208,6,8,80.0,with_chunking,LMM-1,10.0,10.049999999999983,0.7751378763993808
9,1208,6,8,80.0,with_chunking,LMM-2,10.0,10.049999999999983,0.7751378763993808
9,1208,8,2,20.0,with_chunking,LMM-1,8.5,8.625000000000004,0.8663702275799388
9,1208,8,2,20.0,with_chunking,LMM-2,8.5,8.625000000000004,0.8663702275799388
9,1208,8,4,40.0,with_chunking,LMM-1,8.5,8.62499999999999,0.8481691557131327
9,1208,8,4,40.0,with_chunking,LMM-2,8.5,8.62499999999999,0.8481691557131327
9,1208,8,6,60.0,with_chunking,LMM-1,8.5,8.62499999999998,0.8303205462069362
9,1208,8,6,60.0,with_chunking,LMM-2,8.5,8.62499999999998,0.8303205462069362
9,1208,8,8,80.0,with_chunking,LMM-1,8.5,8.624999999999984,0.8128182271390573
9,1208,8,8,80.0,with_chunking,LMM-2,8.5,8.624999999999984,0.8128182271390573
9,1208,10,2,20.0,with_chunking,LMM-1,7.5,7.675000000000003,0.8907660342262688
9,1208,10,2,20.0,with_chunking,LMM-2,7.5,7.675000000000003,0.8907660342262688
9,1208,10,4,40.0,with_chunking,LMM-1,7.5,7.674999999999992,0.8745685139042012
9,1208,10,4,40.0,with_chunking,LMM-2,7.5,7.674999999999992,0.8745685139042012
9,1208,10,6,60.0,with_chunking,LMM-1,7.5,7.674999999999983,0.8586375535884274
9,1208,10,6,60.0,with_chunking,LMM-2,7.5,7.674999999999983,0.8586375535884274
9,1208,10,8,80.0,with_chunking,LMM-1,7.5,7.674999999999986,0.842969279535729
9,1208,10,8,80.0,with_chunking,LMM-2,7.5,7.674999999999986,0.842969279535729
10,1209,4,2,20.0,with_chunking,LMM-1,11.5,11.475000000000009,0.7035401754429447
10,1209,4,2,20.0,with_chunking,LMM-2,11.5,11.475000000000009,0.7035401754429447
10,1209,4,4,40.0,with_chunking,LMM-1,11.5,11.474999999999987,0.6604564175165428
10,1209,4,4,40.0,with_chunking,LMM-2,11.5,11.474999999999987,0.6604564175165428
10,1209,4,6,60.0,with_chunking,LMM-1,11.5,11.474999999999977,0.6200485098992017
10,1209,4,6,60.0,with_chunking,LMM-2,11.5,11.474999999999977,0.6200485098992017
10,1209,4,8,80.0,with_chunking,LMM-1,11.5,11.47499999999998,0.58214908482849
10,1209,4,8,80.0,with_chunking,LMM-2,11.5,11.47499999999998,0.58214908482849
10,1209,6,2,20.0,with_chunking,LMM-1,10.75,10.762500000000006,0.7314710403429904
10,1209,6,2,20.0,with_chunking,LMM-2,10.75,10.762500000000006,0.7314710403429904
10,1209,6,4,40.0,with_chunking,LMM-1,10.75,10.762499999999989,0.6850056673115226
10,1209,6,4,40.0,with_chunking,LMM-2,10.75,10.762499999999989,0.6850056673115226
10,1209,6,6,60.0,with_chunking,LMM-1,10.75,10.762499999999976,0.6414472902635844
10,1209,6,6,60.0,with_chunking,LMM-2,10.75,10.762499999999976,0.6414472902635844
10,1209,6,8,80.0,with_chunking,LMM-1,11.0,10.999999999999982,0.6068197371640872
10,1209,6,8,80.0,with_chunking,LMM-2,11.0,10.999999999999982,0.6068197371640872
10,1209,8,2,20.0,with_chunking,LMM-1,8.0,8.150000000000002,0.8134732575902266
10,1209,8,2,20.0,with_chunking,LMM-2,7.5,7.675000000000003,0.8339501241869928
10,1209,8,4,40.0,with_chunking,LMM-1,8.0,8.149999999999991,0.7787877771459861
10,1209,8,4,40.0,with_chunking,LMM-2,7.75,7.9124999999999925,0.7954853311438752
10,1209,8,6,60.0,with_chunking,LMM-1,8.0,8.149999999999983,0.745582051516122
10,1209,8,6,60.0,with_chunking,LMM-2,7.708333333333334,7.872916666666649,0.7667874768325073
10,1209,8,8,80.0,with_chunking,LMM-1,8.0,8.149999999999984,0.713792640041337
10,1209,8,8,80.0,with_chunking,LMM-2,7.6875,7.853124999999986,0.7393794499622596
10,1209,10,2,20.0,with_chunking,LMM-1,8.25,8.387500000000005,0.7891805466571542
10,1209,10,2,20.0,with_chunking,LMM-2,8.25,8.387500000000005,0.7891392880392429
10,1209,10,4,40.0,with_chunking,LMM-1,8.25,8.387499999999992,0.7532496771462189
10,1209,10,4,40.0,with_chunking,LMM-2,7.958333333333334,8.110416666666659,0.7655921776271897
10,1209,10,6,60.0,with_chunking,LMM-1,8.25,8.387499999999982,0.7185502829821582
10,1209,10,6,60.0,with_chunking,LMM-2,8.055555555555555,8.20277777777776,0.7282396329860186
10,1209,10,8,80.0,with_chunking,LMM-1,8.25,8.387499999999985,0.6854623050844117
10,1209,10,8,80.0,with_chunking,LMM-2,8.1875,8.328124999999984,0.6904527846925808
11,1210,4,2,20.0,with_chunking,LMM-1,11.125,11.118750000000007,0.746858787422415
11,1210,4,2,20.0,with_chunking,LMM-2,11.125,11.118750000000007,0.746858787422415
11,1210,4,4,40.0,with_chunking,LMM-1,11.25,11.23749999999999,0.6632958422125108
11,1210,4,4,40.0,with_chunking,LMM-2,11.25,11.23749999999999,0.6632958422125108
11,1210,4,6,60.0,with_chunking,LMM-1,11.25,11.237499999999976,0.6228860208394994
11,1210,4,6,60.0,with_chunking,LMM-2,11.25,11.237499999999976,0.6228860208394994
11,1210,4,8,80.0,with_chunking,LMM-1,11.25,11.23749999999998,0.5847283475323336
11,1210,4,8,80.0,with_chunking,LMM-2,11.25,11.23749999999998,0.5847283475323336
11,1210,6,2,20.0,with_chunking,LMM-1,9.5,9.575000000000006,0.7847860645246041
11,1210,6,2,20.0,with_chunking,LMM-2,9.5,9.575000000000006,0.7846951571199929
11,1210,6,4,40.0,with_chunking,LMM-1,9.5,9.57499999999999,0.7504354859535673
11,1210,6,4,40.0,with_chunking,LMM-2,9.25,9.33749999999999,0.7665361617825273
11,1210,6,6,60.0,with_chunking,LMM-1,9.5,9.574999999999978,0.7165234319446256
11,1210,6,6,60.0,with_chunking,LMM-2,9.083333333333332,9.179166666666646,0.7476960713310313
11,1210,6,8,80.0,with_chunking,LMM-1,9.5,9.574999999999982,0.6841739627463157
11,1210,6,8,80.0,with_chunking,LMM-2,9.0,9.099999999999984,0.7269351964997623
11,1210,8,2,20.0,with_chunking,LMM-1,8.0,8.150000000000002,0.8574434706803948
11,1210,8,2,20.0,with_chunking,LMM-2,8.0,8.150000000000002,0.8574282739101313
11,1210,8,4,40.0,with_chunking,LMM-1,8.25,8.387499999999992,0.8027943403475255
11,1210,8,4,40.0,with_chunking,LMM-2,8.0,8.149999999999991,0.8116469657107498
11,1210,8,6,60.0,with_chunking,LMM-1,8.291666666666668,8.427083333333314,0.7527327793546417
11,1210,8,6,60.0,with_chunking,LMM-2,8.069444444444445,8.215972222222204,0.7647594117841403
11,1210,8,8,80.0,with_chunking,LMM-1,8.291666666666668,8.427083333333318,0.729250475209309
11,1210,8,8,80.0,with_chunking,LMM-2,7.927083333333334,8.080729166666652,0.7513113674141203
11,1210,10,2,20.0,with_chunking,LMM-1,8.0,8.150000000000002,0.839426784495884
11,1210,10,2,20.0,with_chunking,LMM-2,8.0,8.150000000000002,0.839373122876091
11,1210,10,4,40.0,with_chunking,LMM-1,7.958333333333334,8.110416666666659,0.8027861735890773
11,1210,10,4,40.0,with_chunking,LMM-2,7.666666666666667,7.833333333333324,0.8017847296348034
11,1210,10,6,60.0,with_chunking,LMM-1,7.944444444444445,8.097222222222204,0.7507722676494355
11,1210,10,6,60.0,with_chunking,LMM-2,7.722222222222222,7.886111111111094,0.7655579380719939
11,1210,10,8,80.0,with_chunking,LMM-1,7.9375,8.090624999999985,0.717872414492619
11,1210,10,8,80.0,with_chunking,LMM-2,7.708333333333333,7.872916666666652,0.7253733502055808
12,1211,4,2,20.0,with_chunking,LMM-1,11.375,11.356250000000006,0.7509349006670947
12,1211,4,2,20.0,with_chunking,LMM-2,11.375,11.356250000000006,0.7509349006670947
12,1211,4,4,40.0,with_chunking,LMM-1,11.375,11.356249999999989,0.7253200594500819
12,1211,4,4,40.0,with_chunking,LMM-2,11.375,11.356249999999989,0.7253200594500819
12,1211,4,6,60.0,with_chunking,LMM-1,11.375,11.356249999999974,0.7005689853738262
12,1211,4,6,60.0,with_chunking,LMM-2,11.375,11.356249999999974,0.7005689853738262
12,1211,4,8,80.0,with_chunking,LMM-1,11.375,11.35624999999998,0.676652828932697
12,1211,4,8,80.0,with_chunking,LMM-2,11.375,11.35624999999998,0.676652828932697
12,1211,6,2,20.0,with_chunking,LMM-1,10.125,10.168750000000006,0.747500623390791
12,1211,6,2,20.0,with_chunking,LMM-2,10.125,10.168750000000006,0.747500623390791
12,1211,6,4,40.0,with_chunking,LMM-1,10.125,10.168749999999989,0.7175225040745349
12,1211,6,4,40.0,with_chunking,LMM-2,10.125,10.168749999999989,0.7175225040745349
12,1211,6,6,60.0,with_chunking,LMM-1,10.125,10.168749999999978,0.6888840343502778
12,1211,6,6,60.0,with_chunking,LMM-2,10.125,10.168749999999978,0.6888840343502778
12,1211,6,8,80.0,with_chunking,LMM-1,10.125,10.168749999999982,0.6615195673247687
12,1211,6,8,80.0,with_chunking,LMM-2,10.125,10.168749999999982,0.6615195673247687
12,1211,8,2,20.0,with_chunking,LMM-1,8.75,8.862500000000004,0.7866890239149759
12,1211,8,2,20.0,with_chunking,LMM-2,8.75,8.862500000000004,0.7866890239149759
12,1211,8,4,40.0,with_chunking,LMM-1,8.75,8.86249999999999,0.7553237731135726
12,1211,8,4,40.0,with_chunking,LMM-2,8.75,8.86249999999999,0.7553237731135726
12,1211,8,6,60.0,with_chunking,LMM-1,8.75,8.862499999999981,0.7252914178747079
12,1211,8,6,60.0,with_chunking,LMM-2,8.75,8.862499999999981,0.7252914178747079
12,1211,8,8,80.0,with_chunking,LMM-1,8.75,8.862499999999983,0.6965316392673924
12,1211,8,8,80.0,with_chunking,LMM-2,8.75,8.862499999999983,0.6965316392673924
12,1211,10,2,20.0,with_chunking,LMM-1,7.875,8.031250000000004,0.8071899363841886
12,1211,10,2,20.0,with_chunking,LMM-2,6.375,6.606250000000003,0.8476062068938861
12,1211,10,4,40.0,with_chunking,LMM-1,7.875,8.031249999999991,0.7745646466535514
12,1211,10,4,40.0,with_chunking,LMM-2,7.125,7.3187499999999925,0.8106218658921136
12,1211,10,6,60.0,with_chunking,LMM-1,7.875,8.031249999999982,0.743285169512105
12,1211,10,6,60.0,with_chunking,LMM-2,5.458333333333334,5.735416666666653,0.8450421047871215
12,1211,10,8,80.0,with_chunking,LMM-1,7.875,8.031249999999986,0.7132944986335361
12,1211,10,8,80.0,with_chunking,LMM-2,5.71875,5.982812499999989,0.8287046281957406
13,1212,4,2,20.0,with_chunking,LMM-1,11.5,11.475000000000009,0.619392443765681
13,1212,4,2,20.0,with_chunking,LMM-2,11.25,11.237500000000008,0.6315088895677546
13,1212,4,4,40.0,with_chunking,LMM-1,11.5,11.47499999999999,0.5810922163924237
13,1212,4,4,40.0,with_chunking,LMM-2,11.25,11.23749999999999,0.5961389214014629
13,1212,4,6,60.0,with_chunking,LMM-1,11.5,11.474999999999975,0.5455243402115812
13,1212,4,6,60.0,with_chunking,LMM-2,11.083333333333332,11.079166666666644,0.5697391003889807
13,1212,4,8,80.0,with_chunking,LMM-1,11.5,11.47499999999998,0.51246796689559
13,1212,4,8,80.0,with_chunking,LMM-2,11.0,10.99999999999998,0.5421990207935337
13,1212,6,2,20.0,with_chunking,LMM-1,10.0,10.050000000000006,0.6290041663532657
13,1212,6,2,20.0,with_chunking,LMM-2,9.5,9.575000000000005,0.6561953099128548
13,1212,6,4,40.0,with_chunking,LMM-1,10.0,10.04999999999999,0.5925866775736204
13,1212,6,4,40.0,with_chunking,LMM-2,9.625,9.69374999999999,0.6182464446038163
13,1212,6,6,60.0,with_chunking,LMM-1,10.0,10.049999999999976,0.5565530332712908
13,1212,6,6,60.0,with_chunking,LMM-2,9.472222222222223,9.54861111111109,0.5972851710566713
13,1212,6,8,80.0,with_chunking,LMM-1,10.0,10.049999999999983,0.5232348507609326
13,1212,6,8,80.0,with_chunking,LMM-2,9.34375,9.426562499999982,0.5903167217070437
13,1212,8,2,20.0,with_chunking,LMM-1,8.833333333333334,8.94166666666667,0.6517764678991296
13,1212,8,2,20.0,with_chunking,LMM-2,7.708333333333333,7.8729166666666694,0.7323638731118185
13,1212,8,4,40.0,with_chunking,LMM-1,8.833333333333334,8.941666666666658,0.5994450622127663
13,1212,8,4,40.0,with_chunking,LMM-2,8.020833333333334,8.169791666666658,0.6802819421565909
13,1212,8,6,60.0,with_chunking,LMM-1,9.208333333333332,9.297916666666646,0.5519327836113503
13,1212,8,6,60.0,with_chunking,LMM-2,8.097222222222221,8.242361111111093,0.647814574304209
13,1212,8,8,80.0,with_chunking,LMM-1,9.208333333333334,9.297916666666648,0.510471823348227
13,1212,8,8,80.0,with_chunking,LMM-2,8.208333333333332,8.347916666666652,0.622372057586553
13,1212,10,2,20.0,with_chunking,LMM-1,7.458333333333333,7.63541666666667,0.7524041443631795
13,1212,10,2,20.0,with_chunking,LMM-2,7.208333333333333,7.397916666666669,0.7649582474277945
13,1212,10,4,40.0,with_chunking,LMM-1,7.416666666666666,7.595833333333325,0.6801476258775154
13,1212,10,4,40.0,with_chunking,LMM-2,6.458333333333333,6.68541666666666,0.7377473153532011
13,1212,10,6,60.0,with_chunking,LMM-1,7.791666666666666,7.952083333333316,0.639296762063505
13,1212,10,6,60.0,with_chunking,LMM-2,7.069444444444444,7.2659722222222065,0.6847898515108599
13,1212,10,8,80.0,with_chunking,LMM-1,8.291666666666668,8.427083333333318,0.5891136545026134
13,1212,10,8,80.0,with_chunking,LMM-2,7.114583333333333,7.308854166666653,0.6615573419381151
14,1213,4,2,20.0,with_chunking,LMM-1,11.0,11.000000000000007,0.6976961697636669
14,1213,4,2,20.0,with_chunking,LMM-2,11.0,11.000000000000007,0.6976961697636669
14,1213,4,4,40.0,with_chunking,LMM-1,11.0,10.99999999999999,0.6547115425683077
14,1213,4,4,40.0,with_chunking,LMM-2,11.0,10.99999999999999,0.6547115425683077
14,1213,4,6,60.0,with_chunking,LMM-1,11.0,10.999999999999977,0.6144177569972268
14,1213,4,6,60.0,with_chunking,LMM-2,11.0,10.999999999999977,0.6144177569972268
14,1213,4,8,80.0,with_chunking,LMM-1,11.25,11.23749999999998,0.599025193299923
14,1213,4,8,80.0,with_chunking,LMM-2,11.25,11.23749999999998,0.599025193299923
14,1213,6,2,20.0,with_chunking,LMM-1,10.25,10.287500000000005,0.7541728364612594
14,1213,6,2,20.0,with_chunking,LMM-2,10.25,10.287500000000005,0.7541728364612594
14,1213,6,4,40.0,with_chunking,LMM-1,10.1875,10.22812499999999,0.673368389987131
14,1213,6,4,40.0,with_chunking,LMM-2,10.145833333333334,10.188541666666657,0.6795604162339415
14,1213,6,6,60.0,with_chunking,LMM-1,10.180555555555555,10.221527777777755,0.6270596039101286
14,1213,6,6,60.0,with_chunking,LMM-2,9.98611111111111,10.036805555555535,0.6510842093071791
14,1213,6,8,80.0,with_chunking,LMM-1,10.208333333333332,10.247916666666647,0.6056743888735507
14,1213,6,8,80.0,with_chunking,LMM-2,10.0,10.049999999999981,0.6332139027228076
14,1213,8,2,20.0,with_chunking,LMM-1,10.25,10.287500000000005,0.7541728364612594
14,1213,8,2,20.0,with_chunking,LMM-2,10.25,10.287500000000005,0.7541728364612594
14,1213,8,4,40.0,with_chunking,LMM-1,10.1875,10.22812499999999,0.673368389987131
14,1213,8,4,40.0,with_chunking,LMM-2,10.104166666666668,10.148958333333322,0.6819965750361485
14,1213,8,6,60.0,with_chunking,LMM-1,10.180555555555555,10.221527777777755,0.6270596039101286
14,1213,8,6,60.0,with_chunking,LMM-2,9.819444444444445,9.8784722222222,0.6576960300554124
14,1213,8,8,80.0,with_chunking,LMM-1,10.09375,10.139062499999982,0.627169969838774
14,1213,8,8,80.0,with_chunking,LMM-2,9.708333333333332,9.77291666666665,0.6480873659000483
14,1213,10,2,20.0,with_chunking,LMM-1,10.25,10.287500000000005,0.7541728364612594
14,1213,10,2,20.0,with_chunking,LMM-2,10.25,10.287500000000005,0.7541728364612594
14,1213,10,4,40.0,with_chunking,LMM-1,10.1875,10.22812499999999,0.673368389987131
14,1213,10,4,40.0,with_chunking,LMM-2,10.0625,10.10937499999999,0.6836392579937186
14,1213,10,6,60.0,with_chunking,LMM-1,9.98611111111111,10.036805555555535,0.6520454672459988
14,1213,10,6,60.0,with_chunking,LMM-2,9.916666666666666,9.970833333333312,0.647939499171899
14,1213,10,8,80.0,with_chunking,LMM-1,9.989583333333332,10.040104166666648,0.6309760560343759
14,1213,10,8,80.0,with_chunking,LMM-2,9.864583333333332,9.92135416666665,0.6370520727319633
15,1214,4,2,20.0,with_chunking,LMM-1,10.75,10.762500000000006,0.6720685030738889
15,1214,4,2,20.0,with_chunking,LMM-2,10.75,10.762500000000006,0.6720685030738889
15,1214,4,4,40.0,with_chunking,LMM-1,10.875,10.881249999999987,0.5924422110453118
15,1214,4,4,40.0,with_chunking,LMM-2,10.875,10.881249999999987,0.5924422110453118
15,1214,4,6,60.0,with_chunking,LMM-1,10.875,10.881249999999977,0.5568309691007296
15,1214,4,6,60.0,with_chunking,LMM-2,10.875,10.881249999999977,0.5568309691007296
15,1214,4,8,80.0,with_chunking,LMM-1,10.875,10.88124999999998,0.523368378264489
15,1214,4,8,80.0,with_chunking,LMM-2,10.875,10.88124999999998,0.523368378264489
15,1214,6,2,20.0,with_chunking,LMM-1,9.75,9.812500000000005,0.6667570395224973
15,1214,6,2,20.0,with_chunking,LMM-2,9.75,9.812500000000005,0.6667164335700735
15,1214,6,4,40.0,with_chunking,LMM-1,9.75,9.81249999999999,0.61780523891271
15,1214,6,4,40.0,with_chunking,LMM-2,8.9375,9.040624999999991,0.6514493738508553
15,1214,6,6,60.0,with_chunking,LMM-1,9.875,9.931249999999977,0.5930436154072716
15,1214,6,6,60.0,with_chunking,LMM-2,8.625,8.74374999999998,0.6453811314727979
15,1214,6,8,80.0,with_chunking,LMM-1,9.875,9.931249999999983,0.5662175667196463
15,1214,6,8,80.0,with_chunking,LMM-2,8.625,8.743749999999984,0.6148808126651168
15,1214,8,2,20.0,with_chunking,LMM-1,9.25,9.337500000000006,0.7119611334586122
15,1214,8,2,20.0,with_chunking,LMM-2,9.25,9.337500000000006,0.7119146564042662
15,1214,8,4,40.0,with_chunking,LMM-1,9.25,9.337499999999991,0.6670262505184683
15,1214,8,4,40.0,with_chunking,LMM-2,8.8125,8.921874999999991,0.683773759959121
15,1214,8,6,60.0,with_chunking,LMM-1,9.375,9.45624999999998,0.6229764535836189
15,1214,8,6,60.0,with_chunking,LMM-2,8.75,8.862499999999981,0.6553293107570353
15,1214,8,8,80.0,with_chunking,LMM-1,9.375,9.456249999999983,0.6002173409274554
15,1214,8,8,80.0,with_chunking,LMM-2,8.03125,8.179687499999986,0.6602756948333302
15,1214,10,2,20.0,with_chunking,LMM-1,8.5,8.625000000000004,0.7356959172476186
15,1214,10,2,20.0,with_chunking,LMM-2,8.5,8.625000000000004,0.7356485427973696
15,1214,10,4,40.0,with_chunking,LMM-1,8.5,8.62499999999999,0.7009490552143073
15,1214,10,4,40.0,with_chunking,LMM-2,8.3125,8.446874999999991,0.7097879866564067
15,1214,10,6,60.0,with_chunking,LMM-1,8.625,8.74374999999998,0.666797853795802
15,1214,10,6,60.0,with_chunking,LMM-2,8.0,8.149999999999983,0.6919831108159021
15,1214,10,8,80.0,with_chunking,LMM-1,8.625,8.743749999999984,0.6370416466842357
15,1214,10,8,80.0,with_chunking,LMM-2,7.8125,7.971874999999986,0.6716362742790042
16,1215,4,2,20.0,with_chunking,LMM-1,12.25,12.187500000000007,0.695561875044107
16,1215,4,2,20.0,with_chunking,LMM-2,12.25,12.187500000000007,0.695561875044107
16,1215,4,4,40.0,with_chunking,LMM-1,12.25,12.187499999999986,0.6601877702489161
16,1215,4,4,40.0,with_chunking,LMM-2,12.25,12.187499999999986,0.6601877702489161
16,1215,4,6,60.0,with_chunking,LMM-1,12.25,12.187499999999972,0.6268557782357332
16,1215,4,6,60.0,with_chunking,LMM-2,12.25,12.187499999999972,0.6268557782357332
16,1215,4,8,80.0,with_chunking,LMM-1,12.25,12.187499999999979,0.5954329658128572
16,1215,4,8,80.0,with_chunking,LMM-2,12.25,12.187499999999979,0.5954329658128572
16,1215,6,2,20.0,with_chunking,LMM-1,10.75,10.762500000000006,0.7221283849254891
16,1215,6,2,20.0,with_chunking,LMM-2,10.75,10.762500000000006,0.7221283849254891
16,1215,6,4,40.0,with_chunking,LMM-1,10.75,10.762499999999989,0.6772621959592731
16,1215,6,4,40.0,with_chunking,LMM-2,10.75,10.762499999999989,0.6772621959592731
16,1215,6,6,60.0,with_chunking,LMM-1,10.75,10.762499999999976,0.6352671265450047
16,1215,6,6,60.0,with_chunking,LMM-2,10.75,10.762499999999976,0.6352671265450047
16,1215,6,8,80.0,with_chunking,LMM-1,10.75,10.762499999999982,0.5959531509687266
16,1215,6,8,80.0,with_chunking,LMM-2,10.75,10.762499999999982,0.5959531509687266
16,1215,8,2,20.0,with_chunking,LMM-1,9.75,9.812500000000005,0.7574088482649348
16,1215,8,2,20.0,with_chunking,LMM-2,9.75,9.812500000000005,0.7574088482649348
16,1215,8,4,40.0,with_chunking,LMM-1,9.75,9.81249999999999,0.7192433591159672
16,1215,8,4,40.0,with_chunking,LMM-2,9.75,9.81249999999999,0.7192433591159672
16,1215,8,6,60.0,with_chunking,LMM-1,9.75,9.812499999999979,0.6830072564654657
16,1215,8,6,60.0,with_chunking,LMM-2,9.75,9.812499999999979,0.6830072564654657
16,1215,8,8,80.0,with_chunking,LMM-1,9.75,9.812499999999982,0.6486024109802833
16,1215,8,8,80.0,with_chunking,LMM-2,9.75,9.812499999999982,0.6486024109802833
16,1215,10,2,20.0,with_chunking,LMM-1,8.0,8.150000000000002,0.8027412928333943
16,1215,10,2,20.0,with_chunking,LMM-2,7.0,7.200000000000003,0.8350684594052433
16,1215,10,4,40.0,with_chunking,LMM-1,8.0,8.149999999999991,0.7743224015632242
16,1215,10,4,40.0,with_chunking,LMM-2,7.75,7.9124999999999925,0.7915187071741644
16,1215,10,6,60.0,with_chunking,LMM-1,8.0,8.149999999999983,0.7469708340746162
16,1215,10,6,60.0,with_chunking,LMM-2,7.0,7.199999999999985,0.7938330261599047
16,1215,10,8,80.0,with_chunking,LMM-1,8.0,8.149999999999984,0.7206441752091011
16,1215,10,8,80.0,with_chunking,LMM-2,7.0,7.199999999999987,0.7756349372261082
17,1216,4,2,20.0,with_chunking,LMM-1,11.333333333333332,11.316666666666674,0.6556867662152367
17,1216,4,2,20.0,with_chunking,LMM-2,11.333333333333332,11.316666666666674,0.6556654913829529
17,1216,4,4,40.0,with_chunking,LMM-1,11.333333333333332,11.316666666666656,0.6109435979862721
17,1216,4,4,40.0,with_chunking,LMM-2,11.25,11.237499999999988,0.615713927477896
17,1216,4,6,60.0,with_chunking,LMM-1,11.333333333333334,11.316666666666642,0.5692801969350126
17,1216,4,6,60.0,with_chunking,LMM-2,11.111111111111112,11.105555555555533,0.5818234278525232
17,1216,4,8,80.0,with_chunking,LMM-1,11.333333333333332,11.316666666666647,0.5311066605626286
17,1216,4,8,80.0,with_chunking,LMM-2,10.958333333333332,10.960416666666648,0.5704413938887711
17,1216,6,2,20.0,with_chunking,LMM-1,11.208333333333334,11.197916666666673,0.7150847432546605
17,1216,6,2,20.0,with_chunking,LMM-2,11.208333333333334,11.197916666666673,0.7150765511011088
17,1216,6,4,40.0,with_chunking,LMM-1,11.208333333333334,11.197916666666655,0.6792046405893937
17,1216,6,4,40.0,with_chunking,LMM-2,10.916666666666668,10.920833333333322,0.6872310346636485
17,1216,6,6,60.0,with_chunking,LMM-1,11.208333333333332,11.197916666666643,0.6453256237673417
17,1216,6,6,60.0,with_chunking,LMM-2,10.930555555555557,10.934027777777754,0.6549585687805364
17,1216,6,8,80.0,with_chunking,LMM-1,11.208333333333334,11.197916666666647,0.6133240344293536
17,1216,6,8,80.0,with_chunking,LMM-2,10.895833333333332,10.901041666666647,0.6255095783998876
17,1216,8,2,20.0,with_chunking,LMM-1,11.166666666666668,11.15833333333334,0.690511167278855
17,1216,8,2,20.0,with_chunking,LMM-2,11.166666666666668,11.15833333333334,0.6904883356179828
17,1216,8,4,40.0,with_chunking,LMM-1,11.166666666666668,11.15833333333332,0.643581045504013
17,1216,8,4,40.0,with_chunking,LMM-2,10.833333333333332,10.841666666666654,0.6610034955508783
17,1216,8,6,60.0,with_chunking,LMM-1,11.166666666666666,11.15833333333331,0.5998059372353077
17,1216,8,6,60.0,with_chunking,LMM-2,11.0,10.999999999999977,0.6111165591337406
17,1216,8,8,80.0,with_chunking,LMM-1,11.166666666666668,11.158333333333314,0.559134345048734
17,1216,8,8,80.0,with_chunking,LMM-2,10.895833333333332,10.901041666666647,0.5929755868005055
17,1216,10,2,20.0,with_chunking,LMM-1,10.666666666666668,10.68333333333334,0.7153581486973823
17,1216,10,2,20.0,with_chunking,LMM-2,9.416666666666668,9.495833333333339,0.745137969305637
17,1216,10,4,40.0,with_chunking,LMM-1,10.666666666666668,10.683333333333323,0.6687506747895698
17,1216,10,4,40.0,with_chunking,LMM-2,10.25,10.28749999999999,0.7033212704479548
17,1216,10,6,60.0,with_chunking,LMM-1,10.416666666666666,10.44583333333331,0.6502764992014104
17,1216,10,6,60.0,with_chunking,LMM-2,9.583333333333332,9.654166666666644,0.7044882474767897
17,1216,10,8,80.0,with_chunking,LMM-1,10.416666666666668,10.445833333333315,0.6147630197321932
17,1216,10,8,80.0,with_chunking,LMM-2,9.854166666666668,9.911458333333316,0.6775638435388602
18,1217,4,2,20.0,with_chunking,LMM-1,11.625,11.593750000000007,0.6858695528615184
18,1217,4,2,20.0,with_chunking,LMM-2,11.625,11.593750000000007,0.6858695528615184
18,1217,4,4,40.0,with_chunking,LMM-1,11.625,11.59374999999999,0.6407659307237947
18,1217,4,4,40.0,with_chunking,LMM-2,11.625,11.59374999999999,0.6407659307237947
18,1217,4,6,60.0,with_chunking,LMM-1,11.625,11.593749999999975,0.598696529454774
18,1217,4,6,60.0,with_chunking,LMM-2,11.625,11.593749999999975,0.598696529454774
18,1217,4,8,80.0,with_chunking,LMM-1,11.625,11.593749999999979,0.5978793914318388
18,1217,4,8,80.0,with_chunking,LMM-2,11.625,11.593749999999979,0.5978793914318388
18,1217,6,2,20.0,with_chunking,LMM-1,8.75,8.862500000000004,0.76797802767758
18,1217,6,2,20.0,with_chunking,LMM-2,8.75,8.862500000000004,0.76797802767758
18,1217,6,4,40.0,with_chunking,LMM-1,8.75,8.86249999999999,0.7294663553118386
18,1217,6,4,40.0,with_chunking,LMM-2,8.75,8.86249999999999,0.7294663553118386
18,1217,6,6,60.0,with_chunking,LMM-1,10.5,10.524999999999977,0.6707365247857575
18,1217,6,6,60.0,with_chunking,LMM-2,10.5,10.524999999999977,0.6707365247857575
18,1217,6,8,80.0,with_chunking,LMM-1,10.5625,10.58437499999998,0.6397082564919894
18,1217,6,8,80.0,with_chunking,LMM-2,10.5625,10.58437499999998,0.6397082564919894
18,1217,8,2,20.0,with_chunking,LMM-1,8.875,8.981250000000005,0.7592720401327709
18,1217,8,2,20.0,with_chunking,LMM-2,7.0,7.200000000000003,0.8296684241436528
18,1217,8,4,40.0,with_chunking,LMM-1,8.8125,8.92187499999999,0.7097022735228466
18,1217,8,4,40.0,with_chunking,LMM-2,7.125,7.3187499999999925,0.7843990919487588
18,1217,8,6,60.0,with_chunking,LMM-1,8.75,8.862499999999981,0.6578385888014611
18,1217,8,6,60.0,with_chunking,LMM-2,6.916666666666667,7.120833333333316,0.7592272371306727
18,1217,8,8,80.0,with_chunking,LMM-1,8.75,8.862499999999983,0.6225506153681035
18,1217,8,8,80.0,with_chunking,LMM-2,7.625,7.793749999999987,0.7113845929474929
18,1217,10,2,20.0,with_chunking,LMM-1,9.083333333333332,9.17916666666667,0.6752388500280602
18,1217,10,2,20.0,with_chunking,LMM-2,7.458333333333333,7.635416666666671,0.7353289372011746
18,1217,10,4,40.0,with_chunking,LMM-1,9.083333333333332,9.179166666666656,0.6235340154055018
18,1217,10,4,40.0,with_chunking,LMM-2,7.249999999999999,7.437499999999992,0.7105503294664219
18,1217,10,6,60.0,with_chunking,LMM-1,9.083333333333334,9.179166666666646,0.5760643890288745
18,1217,10,6,60.0,with_chunking,LMM-2,7.708333333333332,7.872916666666649,0.6627646637663035
18,1217,10,8,80.0,with_chunking,LMM-1,9.083333333333332,9.17916666666665,0.5322049604557484
18,1217,10,8,80.0,with_chunking,LMM-2,7.1875,7.3781249999999865,0.661066360327099
19,1218,4,2,20.0,with_chunking,LMM-1,13.5,13.375000000000009,0.7818449113788973
19,1218,4,2,20.0,with_chunking,LMM-2,13.5,13.375000000000009,0.7818449113788973
19,1218,4,4,40.0,with_chunking,LMM-1,12.75,12.662499999999987,0.6784452130141425
19,1218,4,4,40.0,with_chunking,LMM-2,12.75,12.662499999999987,0.6784452130141425
19,1218,4,6,60.0,with_chunking,LMM-1,12.666666666666668,12.583333333333307,0.6256397410750563
19,1218,4,6,60.0,with_chunking,LMM-2,12.666666666666668,12.583333333333307,0.6256397410750563
19,1218,4,8,80.0,with_chunking,LMM-1,12.5,12.42499999999998,0.5681382525416772
19,1218,4,8,80.0,with_chunking,LMM-2,12.5,12.42499999999998,0.5681382525416772
19,1218,6,2,20.0,with_chunking,LMM-1,13.5,13.375000000000009,0.7818449113788973
19,1218,6,2,20.0,with_chunking,LMM-2,13.5,13.375000000000009,0.7818449113788973
19,1218,6,4,40.0,with_chunking,LMM-1,12.75,12.662499999999987,0.6784452130141425
19,1218,6,4,40.0,with_chunking,LMM-2,12.75,12.662499999999987,0.6784452130141425
19,1218,6,6,60.0,with_chunking,LMM-1,12.666666666666668,12.583333333333307,0.6256397410750563
19,1218,6,6,60.0,with_chunking,LMM-2,12.666666666666668,12.583333333333307,0.6256397410750563
19,1218,6,8,80.0,with_chunking,LMM-1,12.5,12.42499999999998,0.5681382525416772
19,1218,6,8,80.0,with_chunking,LMM-2,12.5,12.42499999999998,0.5681382525416772
19,1218,8,2,20.0,with_chunking,LMM-1,13.5,13.375000000000009,0.7818449113788973
19,1218,8,2,20.0,with_chunking,LMM-2,13.5,13.375000000000009,0.7818449113788973
19,1218,8,4,40.0,with_chunking,LMM-1,12.375,12.306249999999988,0.6891990731597857
19,1218,8,4,40.0,with_chunking,LMM-2,12.375,12.306249999999988,0.6891990731597857
19,1218,8,6,60.0,with_chunking,LMM-1,12.25,12.187499999999975,0.6382027539382256
19,1218,8,6,60.0,with_chunking,LMM-2,12.25,12.187499999999975,0.6382027539382256
19,1218,8,8,80.0,with_chunking,LMM-1,12.0,11.949999999999978,0.5825932585969154
19,1218,8,8,80.0,with_chunking,LMM-2,12.0,11.949999999999978,0.5825932585969154
19,1218,10,2,20.0,with_chunking,LMM-1,13.5,13.375000000000009,0.7818449113788973
19,1218,10,2,20.0,with_chunking,LMM-2,13.5,13.375000000000009,0.7818449113788973
19,1218,10,4,40.0,with_chunking,LMM-1,12.0,11.949999999999989,0.7011083114104323
19,1218,10,4,40.0,with_chunking,LMM-2,12.0,11.949999999999989,0.7011083114104323
19,1218,10,6,60.0,with_chunking,LMM-1,11.833333333333332,11.791666666666641,0.6511850359463041
19,1218,10,6,60.0,with_chunking,LMM-2,11.833333333333332,11.791666666666641,0.6511850359463041
19,1218,10,8,80.0,with_chunking,LMM-1,11.5,11.47499999999998,0.5987302150139788
19,1218,10,8,80.0,with_chunking,LMM-2,11.5,11.47499999999998,0.5987302150139788
20,1219,4,2,20.0,with_chunking,LMM-1,10.0,10.050000000000008,0.658578179774864
20,1219,4,2,20.0,with_chunking,LMM-2,9.5,9.575000000000006,0.6790190272764014
20,1219,4,4,40.0,with_chunking,LMM-1,10.041666666666668,10.089583333333323,0.6025267956475836
20,1219,4,4,40.0,with_chunking,LMM-2,8.791666666666668,8.902083333333325,0.6745086361941368
20,1219,4,6,60.0,with_chunking,LMM-1,10.027777777777779,10.076388888888868,0.5672519249964256
20,1219,4,6,60.0,with_chunking,LMM-2,9.166666666666668,9.258333333333312,0.6414048257285369
20,1219,4,8,80.0,with_chunking,LMM-1,10.020833333333332,10.06979166666665,0.5316069363246421
20,1219,4,8,80.0,with_chunking,LMM-2,9.395833333333332,9.47604166666665,0.6131446406575024
20,1219,6,2,20.0,with_chunking,LMM-1,9.0,9.100000000000005,0.6975293083084166
20,1219,6,2,20.0,with_chunking,LMM-2,8.0,8.150000000000006,0.7408860980916414
20,1219,6,4,40.0,with_chunking,LMM-1,9.083333333333332,9.179166666666658,0.6439831724349196
20,1219,6,4,40.0,with_chunking,LMM-2,8.979166666666666,9.080208333333324,0.6463652625629975
20,1219,6,6,60.0,with_chunking,LMM-1,9.055555555555555,9.152777777777757,0.6117647782830671
20,1219,6,6,60.0,with_chunking,LMM-2,8.569444444444443,8.690972222222204,0.6286784655839239
20,1219,6,8,80.0,with_chunking,LMM-1,9.041666666666668,9.139583333333317,0.6061595487497542
20,1219,6,8,80.0,with_chunking,LMM-2,8.333333333333334,8.466666666666653,0.6278637015340508
20,1219,8,2,20.0,with_chunking,LMM-1,8.0,8.150000000000002,0.7436985054637212
20,1219,8,2,20.0,with_chunking,LMM-2,7.125,7.318750000000003,0.783283635723724
20,1219,8,4,40.0,with_chunking,LMM-1,8.25,8.387499999999992,0.6938558789077325
20,1219,8,4,40.0,with_chunking,LMM-2,7.75,7.9124999999999925,0.7425556194380888
20,1219,8,6,60.0,with_chunking,LMM-1,8.416666666666668,8.545833333333315,0.6061228350653827
20,1219,8,6,60.0,with_chunking,LMM-2,7.541666666666667,7.714583333333316,0.734072958738023
20,1219,8,8,80.0,with_chunking,LMM-1,8.625,8.743749999999984,0.5668829394334683
20,1219,8,8,80.0,with_chunking,LMM-2,8.03125,8.179687499999986,0.7019343315669385
20,1219,10,2,20.0,with_chunking,LMM-1,7.333333333333334,7.516666666666669,0.7281789949938627
20,1219,10,2,20.0,with_chunking,LMM-2,6.958333333333333,7.16041666666667,0.7745960985036617
20,1219,10,4,40.0,with_chunking,LMM-1,7.5,7.674999999999992,0.6729691753868032
20,1219,10,4,40.0,with_chunking,LMM-2,7.229166666666666,7.4177083333333265,0.7312835051465062
20,1219,10,6,60.0,with_chunking,LMM-1,7.527777777777779,7.7013888888888715,0.6468027335417676
20,1219,10,6,60.0,with_chunking,LMM-2,7.013888888888889,7.213194444444428,0.7340815668034861
20,1219,10,8,80.0,with_chunking,LMM-1,8.125,8.268749999999985,0.5823216293420892
20,1219,10,8,80.0,with_chunking,LMM-2,6.791666666666666,7.00208333333332,0.727583658730663
21,1220,4,2,20.0,with_chunking,LMM-1,10.5,10.525000000000006,0.7308071456290254
21,1220,4,2,20.0,with_chunking,LMM-2,10.5,10.525000000000006,0.7308071456290254
21,1220,4,4,40.0,with_chunking,LMM-1,10.5,10.524999999999988,0.7038519214807806
21,1220,4,4,40.0,with_chunking,LMM-2,10.5,10.524999999999988,0.7038519214807806
21,1220,4,6,60.0,with_chunking,LMM-1,10.5,10.524999999999977,0.6778585020622568
21,1220,4,6,60.0,with_chunking,LMM-2,10.5,10.524999999999977,0.6778585020622568
21,1220,4,8,80.0,with_chunking,LMM-1,10.5,10.52499999999998,0.6520150383406675
21,1220,4,8,80.0,with_chunking,LMM-2,10.5,10.52499999999998,0.6520150383406675
21,1220,6,2,20.0,with_chunking,LMM-1,10.416666666666666,10.44583333333334,0.7081772861182206
21,1220,6,2,20.0,with_chunking,LMM-2,10.041666666666666,10.08958333333334,0.7233480578681296
21,1220,6,4,40.0,with_chunking,LMM-1,10.416666666666666,10.445833333333322,0.6748045857452811
21,1220,6,4,40.0,with_chunking,LMM-2,10.25,10.28749999999999,0.6630626548123147
21,1220,6,6,60.0,with_chunking,LMM-1,10.583333333333334,10.604166666666643,0.6139928235336223
21,1220,6,6,60.0,with_chunking,LMM-2,10.305555555555557,10.340277777777757,0.6401368640474527
21,1220,6,8,80.0,with_chunking,LMM-1,10.583333333333332,10.604166666666648,0.5853898316903396
21,1220,6,8,80.0,with_chunking,LMM-2,10.21875,10.257812499999982,0.631288635542753
21,1220,8,2,20.0,with_chunking,LMM-1,8.5,8.625000000000004,0.7271337377153879
21,1220,8,2,20.0,with_chunking,LMM-2,8.166666666666666,8.308333333333337,0.7445667149615844
21,1220,8,4,40.0,with_chunking,LMM-1,8.5,8.62499999999999,0.6914848504137951
21,1220,8,4,40.0,with_chunking,LMM-2,8.333333333333334,8.466666666666658,0.7027984748208165
21,1220,8,6,60.0,with_chunking,LMM-1,8.5,8.62499999999998,0.6577608587238745
21,1220,8,6,60.0,with_chunking,LMM-2,7.555555555555555,7.72777777777776,0.7433803634988441
21,1220,8,8,80.0,with_chunking,LMM-1,8.5,8.624999999999984,0.62619538318272
21,1220,8,8,80.0,with_chunking,LMM-2,7.5625,7.734374999999986,0.7310569435177802
21,1220,10,2,20.0,with_chunking,LMM-1,7.0,7.200000000000003,0.7764620363016037
21,1220,10,2,20.0,with_chunking,LMM-2,6.833333333333334,7.04166666666667,0.7854470608110501
21,1220,10,4,40.0,with_chunking,LMM-1,7.0,7.199999999999992,0.747176852907072
21,1220,10,4,40.0,with_chunking,LMM-2,6.666666666666667,6.883333333333326,0.7663898591405796
21,1220,10,6,60.0,with_chunking,LMM-1,7.0,7.199999999999983,0.7190401154875947
21,1220,10,6,60.0,with_chunking,LMM-2,6.694444444444445,6.909722222222207,0.7399709873534059
21,1220,10,8,80.0,with_chunking,LMM-1,7.0,7.199999999999987,0.6920047808568496
21,1220,10,8,80.0,with_chunking,LMM-2,6.916666666666667,7.120833333333319,0.7041261240147487
22,1221,4,2,20.0,with_chunking,LMM-1,10.0,10.050000000000006,0.8001023926913129
22,1221,4,2,20.0,with_chunking,LMM-2,10.0,10.050000000000006,0.8001023926913129
22,1221,4,4,40.0,with_chunking,LMM-1,10.0,10.04999999999999,0.7643631656219882
22,1221,4,4,40.0,with_chunking,LMM-2,10.0,10.04999999999999,0.7643631656219882
22,1221,4,6,60.0,with_chunking,LMM-1,10.0,10.049999999999978,0.7301022977488085
22,1221,4,6,60.0,with_chunking,LMM-2,10.0,10.049999999999978,0.7301022977488085
22,1221,4,8,80.0,with_chunking,LMM-1,10.0,10.049999999999981,0.6974659504968503
22,1221,4,8,80.0,with_chunking,LMM-2,10.0,10.049999999999981,0.6974659504968503
22,1221,6,2,20.0,with_chunking,LMM-1,9.0,9.100000000000005,0.8263721765449941
22,1221,6,2,20.0,with_chunking,LMM-2,9.0,9.100000000000005,0.8263721765449941
22,1221,6,4,40.0,with_chunking,LMM-1,9.0,9.09999999999999,0.7938541271885782
22,1221,6,4,40.0,with_chunking,LMM-2,9.0,9.09999999999999,0.7938541271885782
22,1221,6,6,60.0,with_chunking,LMM-1,9.0,9.09999999999998,0.762502374290896
22,1221,6,6,60.0,with_chunking,LMM-2,9.0,9.09999999999998,0.762502374290896
22,1221,6,8,80.0,with_chunking,LMM-1,9.0,9.099999999999984,0.7326051877553765
22,1221,6,8,80.0,with_chunking,LMM-2,9.0,9.099999999999984,0.7326051877553765
22,1221,8,2,20.0,with_chunking,LMM-1,7.0,7.200000000000003,0.8783385516455232
22,1221,8,2,20.0,with_chunking,LMM-2,7.0,7.200000000000003,0.8783385516455232
22,1221,8,4,40.0,with_chunking,LMM-1,7.0,7.199999999999992,0.8539725894540842
22,1221,8,4,40.0,with_chunking,LMM-2,7.0,7.199999999999992,0.8539725894540842
22,1221,8,6,60.0,with_chunking,LMM-1,7.0,7.199999999999984,0.8301959570386042
22,1221,8,6,60.0,with_chunking,LMM-2,7.0,7.199999999999984,0.8301959570386042
22,1221,8,8,80.0,with_chunking,LMM-1,7.0,7.199999999999987,0.8069966423649306
22,1221,8,8,80.0,with_chunking,LMM-2,7.0,7.199999999999987,0.8069966423649306
22,1221,10,2,20.0,with_chunking,LMM-1,8.5,8.625000000000004,0.7911643503585183
22,1221,10,2,20.0,with_chunking,LMM-2,7.75,7.912500000000003,0.8135800075235615
22,1221,10,4,40.0,with_chunking,LMM-1,8.0,8.149999999999991,0.7231140771754314
22,1221,10,4,40.0,with_chunking,LMM-2,5.875,6.131249999999994,0.8118320286481298
22,1221,10,6,60.0,with_chunking,LMM-1,8.0,8.14999999999998,0.6814840481222555
22,1221,10,6,60.0,with_chunking,LMM-2,4.75,5.062499999999989,0.8360273976781383
22,1221,10,8,80.0,with_chunking,LMM-1,8.0,8.149999999999984,0.6405877606501188
22,1221,10,8,80.0,with_chunking,LMM-2,5.21875,5.49062499999999,0.803261972860431
23,1222,4,2,20.0,with_chunking,LMM-1,12.5,12.425000000000008,0.7680603934601296
23,1222,4,2,20.0,with_chunking,LMM-2,12.5,12.425000000000008,0.7680603934601296
23,1222,4,4,40.0,with_chunking,LMM-1,12.5,12.424999999999986,0.736239101690511
23,1222,4,4,40.0,with_chunking,LMM-2,12.5,12.424999999999986,0.736239101690511
23,1222,4,6,60.0,with_chunking,LMM-1,12.5,12.424999999999974,0.7056657271182639
23,1222,4,6,60.0,with_chunking,LMM-2,12.5,12.424999999999974,0.7056657271182639
23,1222,4,8,80.0,with_chunking,LMM-1,12.5,12.42499999999998,0.6766609538832531
23,1222,4,8,80.0,with_chunking,LMM-2,12.5,12.42499999999998,0.6766609538832531
23,1222,6,2,20.0,with_chunking,LMM-1,11.25,11.237500000000008,0.7267069821995844
23,1222,6,2,20.0,with_chunking,LMM-2,11.25,11.237500000000008,0.7267069821995844
23,1222,6,4,40.0,with_chunking,LMM-1,11.25,11.23749999999999,0.681530753023686
23,1222,6,4,40.0,with_chunking,LMM-2,11.25,11.23749999999999,0.681530753023686
23,1222,6,6,60.0,with_chunking,LMM-1,11.25,11.237499999999976,0.6391715825448969
23,1222,6,6,60.0,with_chunking,LMM-2,11.25,11.237499999999976,0.6391715825448969
23,1222,6,8,80.0,with_chunking,LMM-1,11.25,11.23749999999998,0.5994531361789619
23,1222,6,8,80.0,with_chunking,LMM-2,11.25,11.23749999999998,0.5994531361789619
23,1222,8,2,20.0,with_chunking,LMM-1,10.75,10.762500000000006,0.7441555458016907
23,1222,8,2,20.0,with_chunking,LMM-2,10.75,10.762500000000006,0.7441555458016907
23,1222,8,4,40.0,with_chunking,LMM-1,10.75,10.762499999999989,0.6995183244641496
23,1222,8,4,40.0,with_chunking,LMM-2,10.75,10.762499999999989,0.6995183244641496
23,1222,8,6,60.0,with_chunking,LMM-1,10.75,10.762499999999976,0.6575229291476035
23,1222,8,6,60.0,with_chunking,LMM-2,10.75,10.762499999999976,0.6575229291476035
23,1222,8,8,80.0,with_chunking,LMM-1,10.75,10.762499999999982,0.618015357003981
23,1222,8,8,80.0,with_chunking,LMM-2,10.75,10.762499999999982,0.618015357003981
23,1222,10,2,20.0,with_chunking,LMM-1,10.75,10.762500000000006,0.7509316687836078
23,1222,10,2,20.0,with_chunking,LMM-2,10.75,10.762500000000006,0.7509316687836078
23,1222,10,4,40.0,with_chunking,LMM-1,10.75,10.762499999999989,0.706015979303514
23,1222,10,4,40.0,with_chunking,LMM-2,10.75,10.762499999999989,0.706015979303514
23,1222,10,6,60.0,with_chunking,LMM-1,10.75,10.762499999999976,0.6637475589130395
23,1222,10,6,60.0,with_chunking,LMM-2,10.75,10.762499999999976,0.6637475589130395
23,1222,10,8,80.0,with_chunking,LMM-1,10.75,10.762499999999982,0.6239729629992541
23,1222,10,8,80.0,with_chunking,LMM-2,10.75,10.762499999999982,0.6239729629992541
24,1223,4,2,20.0,with_chunking,LMM-1,12.5,12.425000000000008,0.7760148634227231
24,1223,4,2,20.0,with_chunking,LMM-2,12.5,12.425000000000008,0.7760148634227231
24,1223,4,4,40.0,with_chunking,LMM-1,12.5,12.424999999999986,0.7467685820014058
24,1223,4,4,40.0,with_chunking,LMM-2,12.5,12.424999999999986,0.7467685820014058
24,1223,4,6,60.0,with_chunking,LMM-1,12.5,12.424999999999974,0.7185789390921482
24,1223,4,6,60.0,with_chunking,LMM-2,12.5,12.424999999999974,0.7185789390921482
24,1223,4,8,80.0,with_chunking,LMM-1,12.5,12.42499999999998,0.6914095422285864
24,1223,4,8,80.0,with_chunking,LMM-2,12.5,12.42499999999998,0.6914095422285864
24,1223,6,2,20.0,with_chunking,LMM-1,13.0,12.90000000000001,0.6856097620393433
24,1223,6,2,20.0,with_chunking,LMM-2,13.0,12.90000000000001,0.6856097620393433
24,1223,6,4,40.0,with_chunking,LMM-1,13.0,12.899999999999986,0.6448649236811279
24,1223,6,4,40.0,with_chunking,LMM-2,13.0,12.899999999999986,0.6448649236811279
24,1223,6,6,60.0,with_chunking,LMM-1,13.0,12.899999999999972,0.6065737448296816
24,1223,6,6,60.0,with_chunking,LMM-2,13.0,12.899999999999972,0.6065737448296816
24,1223,6,8,80.0,with_chunking,LMM-1,13.0,12.899999999999977,0.5705864720644045
24,1223,6,8,80.0,with_chunking,LMM-2,13.0,12.899999999999977,0.5705864720644045
24,1223,8,2,20.0,with_chunking,LMM-1,11.25,11.237500000000008,0.6565708528463821
24,1223,8,2,20.0,with_chunking,LMM-2,11.25,11.237500000000008,0.6565708528463821
24,1223,8,4,40.0,with_chunking,LMM-1,11.25,11.23749999999999,0.6018006917324827
24,1223,8,4,40.0,with_chunking,LMM-2,11.25,11.23749999999999,0.6018006917324827
24,1223,8,6,60.0,with_chunking,LMM-1,11.25,11.237499999999976,0.5515532834616953
24,1223,8,6,60.0,with_chunking,LMM-2,11.25,11.237499999999976,0.5515532834616953
24,1223,8,8,80.0,with_chunking,LMM-1,11.25,11.237499999999981,0.5055119533865345
24,1223,8,8,80.0,with_chunking,LMM-2,11.25,11.237499999999981,0.5055119533865345
24,1223,10,2,20.0,with_chunking,LMM-1,9.75,9.812500000000005,0.7145841830242954
24,1223,10,2,20.0,with_chunking,LMM-2,9.75,9.812500000000005,0.7145841830242954
24,1223,10,4,40.0,with_chunking,LMM-1,9.75,9.81249999999999,0.6643387527468618
24,1223,10,4,40.0,with_chunking,LMM-2,9.75,9.81249999999999,0.6643387527468618
24,1223,10,6,60.0,with_chunking,LMM-1,9.75,9.812499999999979,0.6175583740788777
24,1223,10,6,60.0,with_chunking,LMM-2,9.75,9.812499999999979,0.6175583740788777
24,1223,10,8,80.0,with_chunking,LMM-1,9.75,9.812499999999982,0.5740100736274556
24,1223,10,8,80.0,with_chunking,LMM-2,9.75,9.812499999999982,0.5740100736274556
25,1224,4,2,20.0,with_chunking,LMM-1,10.5,10.525000000000006,0.6547363873129705
25,1224,4,2,20.0,with_chunking,LMM-2,10.5,10.525000000000006,0.6547363873129705
25,1224,4,4,40.0,with_chunking,LMM-1,10.5,10.524999999999988,0.6108396896614091
25,1224,4,4,40.0,with_chunking,LMM-2,10.5,10.524999999999988,0.6108396896614091
25,1224,4,6,60.0,with_chunking,LMM-1,10.5,10.524999999999977,0.5698292609837763
25,1224,4,6,60.0,with_chunking,LMM-2,10.5,10.524999999999977,0.5698292609837763
25,1224,4,8,80.0,with_chunking,LMM-1,10.5,10.52499999999998,0.5318588848169992
25,1224,4,8,80.0,with_chunking,LMM-2,10.5,10.52499999999998,0.5318588848169992
25,1224,6,2,20.0,with_chunking,LMM-1,9.416666666666666,9.495833333333339,0.6425433047540089
25,1224,6,2,20.0,with_chunking,LMM-2,9.25,9.337500000000004,0.6521273226820306
25,1224,6,4,40.0,with_chunking,LMM-1,9.458333333333332,9.535416666666656,0.5661041421985165
25,1224,6,4,40.0,with_chunking,LMM-2,9.333333333333332,9.416666666666657,0.5775484743423168
25,1224,6,6,60.0,with_chunking,LMM-1,9.458333333333332,9.535416666666645,0.5209314730661658
25,1224,6,6,60.0,with_chunking,LMM-2,9.26388888888889,9.350694444444425,0.561103536560795
25,1224,6,8,80.0,with_chunking,LMM-1,9.458333333333332,9.535416666666649,0.4794503402962869
25,1224,6,8,80.0,with_chunking,LMM-2,9.135416666666668,9.228645833333317,0.5631541629034561
25,1224,8,2,20.0,with_chunking,LMM-1,8.541666666666668,8.664583333333338,0.6620414661228211
25,1224,8,2,20.0,with_chunking,LMM-2,7.791666666666668,7.952083333333337,0.7174062320365078
25,1224,8,4,40.0,with_chunking,LMM-1,8.6875,8.80312499999999,0.5783366540732129
25,1224,8,4,40.0,with_chunking,LMM-2,8.395833333333332,8.526041666666657,0.6200467030669798
25,1224,8,6,60.0,with_chunking,LMM-1,8.73611111111111,8.849305555555537,0.501739928626592
25,1224,8,6,60.0,with_chunking,LMM-2,8.0625,8.209374999999982,0.571456733462576
25,1224,8,8,80.0,with_chunking,LMM-1,8.71875,8.832812499999985,0.46901540993293606
25,1224,8,8,80.0,with_chunking,LMM-2,8.166666666666668,8.30833333333332,0.6316958788877352
25,1224,10,2,20.0,with_chunking,LMM-1,7.333333333333334,7.51666666666667,0.6705354027269415
25,1224,10,2,20.0,with_chunking,LMM-2,7.333333333333334,7.51666666666667,0.6728599910389905
25,1224,10,4,40.0,with_chunking,LMM-1,7.541666666666667,7.714583333333326,0.5930751526434777
25,1224,10,4,40.0,with_chunking,LMM-2,7.25,7.437499999999992,0.6148500562714383
25,1224,10,6,60.0,with_chunking,LMM-1,7.458333333333334,7.63541666666665,0.5415919073034194
25,1224,10,6,60.0,with_chunking,LMM-2,7.166666666666666,7.3583333333333165,0.5889518914620409
25,1224,10,8,80.0,with_chunking,LMM-1,7.291666666666667,7.4770833333333195,0.5203879827138682
25,1224,10,8,80.0,with_chunking,LMM-2,6.713541666666666,6.927864583333321,0.6055599356530218
26,1225,4,2,20.0,with_chunking,LMM-1,15.5,15.275000000000013,0.6809805865631224
26,1225,4,2,20.0,with_chunking,LMM-2,15.5,15.275000000000013,0.6809805865631224
26,1225,4,4,40.0,with_chunking,LMM-1,15.1875,14.978124999999983,0.574396096687431
26,1225,4,4,40.0,with_chunking,LMM-2,15.1875,14.978124999999983,0.574396096687431
26,1225,4,6,60.0,with_chunking,LMM-1,15.125,14.918749999999967,0.5246369277283497
26,1225,4,6,60.0,with_chunking,LMM-2,15.125,14.918749999999967,0.5246369277283497
26,1225,4,8,80.0,with_chunking,LMM-1,14.625,15.298437499999974,0.41665496207982267
26,1225,4,8,80.0,with_chunking,LMM-2,14.625,15.298437499999974,0.41665496207982267
26,1225,6,2,20.0,with_chunking,LMM-1,11.625,11.593750000000007,0.7141794859626918
26,1225,6,2,20.0,with_chunking,LMM-2,11.625,11.593750000000007,0.7141794859626918
26,1225,6,4,40.0,with_chunking,LMM-1,12.375,12.306249999999986,0.5962745335334785
26,1225,6,4,40.0,with_chunking,LMM-2,12.375,12.306249999999986,0.5962745335334785
26,1225,6,6,60.0,with_chunking,LMM-1,12.25,12.187499999999972,0.55392631048197
26,1225,6,6,60.0,with_chunking,LMM-2,12.25,12.187499999999972,0.55392631048197
26,1225,6,8,80.0,with_chunking,LMM-1,12.5,12.42499999999998,0.4975502182044862
26,1225,6,8,80.0,with_chunking,LMM-2,12.5,12.42499999999998,0.4975502182044862
26,1225,8,2,20.0,with_chunking,LMM-1,10.875,10.881250000000005,0.7402832660397085
26,1225,8,2,20.0,with_chunking,LMM-2,10.875,10.881250000000005,0.7402832660397085
26,1225,8,4,40.0,with_chunking,LMM-1,11.625,11.593749999999986,0.6275070963710141
26,1225,8,4,40.0,with_chunking,LMM-2,11.625,11.593749999999986,0.6275070963710141
26,1225,8,6,60.0,with_chunking,LMM-1,12.25,12.187499999999972,0.5238665815911177
26,1225,8,6,60.0,with_chunking,LMM-2,12.25,12.187499999999972,0.5238665815911177
26,1225,8,8,80.0,with_chunking,LMM-1,11.75,11.71249999999998,0.5321291517718851
26,1225,8,8,80.0,with_chunking,LMM-2,11.75,11.71249999999998,0.5321291517718851
26,1225,10,2,20.0,with_chunking,LMM-1,6.875,7.081250000000003,0.8585747378950939
26,1225,10,2,20.0,with_chunking,LMM-2,6.875,7.081250000000003,0.858558798609758
26,1225,10,4,40.0,with_chunking,LMM-1,7.0,7.199999999999992,0.7930717888550527
26,1225,10,4,40.0,with_chunking,LMM-2,6.625,6.843749999999993,0.8102032944844565
26,1225,10,6,60.0,with_chunking,LMM-1,7.0,7.199999999999983,0.7740784711220153
26,1225,10,6,60.0,with_chunking,LMM-2,6.5,6.7249999999999845,0.8029531408123174
26,1225,10,8,80.0,with_chunking,LMM-1,7.0,7.199999999999987,0.748662788292348
26,1225,10,8,80.0,with_chunking,LMM-2,6.4375,6.665624999999988,0.7927873828710379
27,1226,4,2,20.0,with_chunking,LMM-1,10.0,10.050000000000004,0.658281844082093
27,1226,4,2,20.0,with_chunking,LMM-2,10.0,10.050000000000004,0.658281844082093
27,1226,4,4,40.0,with_chunking,LMM-1,10.0625,10.10937499999999,0.5620477326384757
27,1226,4,4,40.0,with_chunking,LMM-2,10.020833333333332,10.069791666666656,0.56446332647494
27,1226,4,6,60.0,with_chunking,LMM-1,10.083333333333334,10.129166666666645,0.4998854695550202
27,1226,4,6,60.0,with_chunking,LMM-2,10.0,10.049999999999978,0.5050690431703175
27,1226,4,8,80.0,with_chunking,LMM-1,10.083333333333332,10.129166666666649,0.45980861735746337
27,1226,4,8,80.0,with_chunking,LMM-2,9.9375,9.990624999999982,0.47121983461424377
27,1226,6,2,20.0,with_chunking,LMM-1,9.25,9.337500000000006,0.6900061384983596
27,1226,6,2,20.0,with_chunking,LMM-2,9.0,9.100000000000005,0.7032156454599393
27,1226,6,4,40.0,with_chunking,LMM-1,9.25,9.337499999999991,0.5976927239380765
27,1226,6,4,40.0,with_chunking,LMM-2,8.916666666666666,9.020833333333323,0.6555597363395649
27,1226,6,6,60.0,with_chunking,LMM-1,9.25,9.337499999999979,0.5345783102957661
27,1226,6,6,60.0,with_chunking,LMM-2,9.708333333333334,9.772916666666646,0.56513959749073
27,1226,6,8,80.0,with_chunking,LMM-1,9.25,9.337499999999983,0.4898337354995303
27,1226,6,8,80.0,with_chunking,LMM-2,9.479166666666668,9.555208333333315,0.5412742296616857
27,1226,8,2,20.0,with_chunking,LMM-1,8.75,8.862500000000004,0.7250996801917394
27,1226,8,2,20.0,with_chunking,LMM-2,7.75,7.912500000000004,0.7619187173567005
27,1226,8,4,40.0,with_chunking,LMM-1,8.8125,8.921874999999991,0.6326721354257805
27,1226,8,4,40.0,with_chunking,LMM-2,7.5625,7.734374999999991,0.7497286163039002
27,1226,8,6,60.0,with_chunking,LMM-1,8.833333333333334,8.941666666666647,0.5692982617845885
27,1226,8,6,60.0,with_chunking,LMM-2,8.208333333333332,8.347916666666647,0.6374412660365414
27,1226,8,8,80.0,with_chunking,LMM-1,8.833333333333332,8.941666666666649,0.5249014033305996
27,1226,8,8,80.0,with_chunking,LMM-2,8.489583333333332,8.61510416666665,0.6024408331764041
27,1226,10,2,20.0,with_chunking,LMM-1,8.25,8.387500000000003,0.7367338635181293
27,1226,10,2,20.0,with_chunking,LMM-2,7.125,7.318750000000003,0.7847812966539611
27,1226,10,4,40.0,with_chunking,LMM-1,8.0625,8.20937499999999,0.6564832524020103
27,1226,10,4,40.0,with_chunking,LMM-2,6.9375,7.140624999999993,0.7433146747263926
27,1226,10,6,60.0,with_chunking,LMM-1,8.0,8.149999999999983,0.5986010285954493
27,1226,10,6,60.0,with_chunking,LMM-2,7.208333333333334,7.397916666666649,0.7189387216400391
27,1226,10,8,80.0,with_chunking,LMM-1,8.0,8.149999999999984,0.5543385578011584
27,1226,10,8,80.0,with_chunking,LMM-2,7.666666666666666,7.833333333333318,0.6528031728213339
28,1227,4,2,20.0,with_chunking,LMM-1,15.0,14.800000000000011,0.7027550373713021
28,1227,4,2,20.0,with_chunking,LMM-2,15.0,14.800000000000011,0.7027550373713021
28,1227,4,4,40.0,with_chunking,LMM-1,15.0,14.799999999999983,0.6543544522813219
28,1227,4,4,40.0,with_chunking,LMM-2,15.0,14.799999999999983,0.6543544522813219
28,1227,4,6,60.0,with_chunking,LMM-1,14.25,14.087499999999968,0.6639241112011172
28,1227,4,6,60.0,with_chunking,LMM-2,14.25,14.087499999999968,0.6639241112011172
28,1227,4,8,80.0,with_chunking,LMM-1,14.25,14.087499999999977,0.6346348254790575
28,1227,4,8,80.0,with_chunking,LMM-2,14.25,14.087499999999977,0.6346348254790575
28,1227,6,2,20.0,with_chunking,LMM-1,9.5,9.575000000000005,0.8276486866543422
28,1227,6,2,20.0,with_chunking,LMM-2,9.5,9.575000000000005,0.8276486866543422
28,1227,6,4,40.0,with_chunking,LMM-1,9.5,9.574999999999989,0.8056298286801151
28,1227,6,4,40.0,with_chunking,LMM-2,9.5,9.574999999999989,0.8056298286801151
28,1227,6,6,60.0,with_chunking,LMM-1,9.5,9.574999999999978,0.7841580484272134
28,1227,6,6,60.0,with_chunking,LMM-2,9.5,9.574999999999978,0.7841580484272134
28,1227,6,8,80.0,with_chunking,LMM-1,9.5,9.574999999999982,0.7632207157487824
28,1227,6,8,80.0,with_chunking,LMM-2,9.5,9.574999999999982,0.7632207157487824
28,1227,8,2,20.0,with_chunking,LMM-1,9.5,9.575000000000006,0.7783471529608181
28,1227,8,2,20.0,with_chunking,LMM-2,9.0,9.100000000000005,0.8030682359172965
28,1227,8,4,40.0,with_chunking,LMM-1,9.5,9.57499999999999,0.7406251610767147
28,1227,8,4,40.0,with_chunking,LMM-2,8.875,8.98124999999999,0.7797452922545822
28,1227,8,6,60.0,with_chunking,LMM-1,9.5,9.574999999999978,0.7046739705390727
28,1227,8,6,60.0,with_chunking,LMM-2,8.708333333333332,8.822916666666647,0.7787740838121662
28,1227,8,8,80.0,with_chunking,LMM-1,9.5,9.574999999999982,0.6704385415701198
28,1227,8,8,80.0,with_chunking,LMM-2,8.875,8.981249999999985,0.7711988797114009
28,1227,10,2,20.0,with_chunking,LMM-1,9.25,9.337500000000006,0.7906363967965012
28,1227,10,2,20.0,with_chunking,LMM-2,8.5,8.625000000000004,0.8111209914908736
28,1227,10,4,40.0,with_chunking,LMM-1,9.25,9.33749999999999,0.7557048234686181
28,1227,10,4,40.0,with_chunking,LMM-2,8.3125,8.446874999999991,0.8196087163040993
28,1227,10,6,60.0,with_chunking,LMM-1,9.25,9.33749999999998,0.7222239412312745
28,1227,10,6,60.0,with_chunking,LMM-2,8.458333333333332,8.585416666666648,0.8048296603145964
28,1227,10,8,80.0,with_chunking,LMM-1,9.125,9.218749999999982,0.7549530751871825
28,1227,10,8,80.0,with_chunking,LMM-2,8.5625,8.684374999999983,0.7901654521736672
29,1228,4,2,20.0,with_chunking,LMM-1,10.0,10.050000000000006,0.8005262931125765
29,1228,4,2,20.0,with_chunking,LMM-2,10.0,10.050000000000006,0.8005262931125765
29,1228,4,4,40.0,with_chunking,LMM-1,10.1875,10.22812499999999,0.7125502354785354
29,1228,4,4,40.0,with_chunking,LMM-2,10.1875,10.22812499999999,0.7125502354785354
29,1228,4,6,60.0,with_chunking,LMM-1,10.25,10.287499999999978,0.6601821400088048
29,1228,4,6,60.0,with_chunking,LMM-2,10.25,10.287499999999978,0.6601821400088048
29,1228,4,8,80.0,with_chunking,LMM-1,10.25,10.28749999999998,0.6333526920169155
29,1228,4,8,80.0,with_chunking,LMM-2,10.25,10.28749999999998,0.6333526920169155
29,1228,6,2,20.0,with_chunking,LMM-1,11.25,11.237500000000008,0.7346677249710296
29,1228,6,2,20.0,with_chunking,LMM-2,11.25,11.237500000000008,0.7346522164916718
29,1228,6,4,40.0,with_chunking,LMM-1,11.3125,11.296874999999988,0.6661844939069825
29,1228,6,4,40.0,with_chunking,LMM-2,11.270833333333334,11.257291666666653,0.6724043274465334
29,1228,6,6,60.0,with_chunking,LMM-1,11.333333333333332,11.316666666666642,0.6403061057478071
29,1228,6,6,60.0,with_chunking,LMM-2,11.11111111111111,11.10555555555553,0.6509588718045684
29,1228,6,8,80.0,with_chunking,LMM-1,11.333333333333334,11.316666666666645,0.6135239298817354
29,1228,6,8,80.0,with_chunking,LMM-2,11.083333333333332,11.079166666666648,0.6250680196795524
29,1228,8,2,20.0,with_chunking,LMM-1,10.916666666666666,10.920833333333341,0.7238042906311412
29,1228,8,2,20.0,with_chunking,LMM-2,10.708333333333334,10.722916666666674,0.7329028875565582
29,1228,8,4,40.0,with_chunking,LMM-1,10.916666666666666,10.920833333333324,0.6837120048694801
29,1228,8,4,40.0,with_chunking,LMM-2,10.958333333333332,10.960416666666656,0.662893802351599
29,1228,8,6,60.0,with_chunking,LMM-1,11.083333333333334,11.079166666666644,0.6161886532451506
29,1228,8,6,60.0,with_chunking,LMM-2,10.944444444444443,10.947222222222198,0.6284964061345638
29,1228,8,8,80.0,with_chunking,LMM-1,11.083333333333332,11.079166666666648,0.5846334637429338
29,1228,8,8,80.0,with_chunking,LMM-2,10.770833333333332,10.782291666666648,0.6277144604412956
29,1228,10,2,20.0,with_chunking,LMM-1,10.291666666666668,10.32708333333334,0.7137121165819773
29,1228,10,2,20.0,with_chunking,LMM-2,8.458333333333332,8.58541666666667,0.7552674655352778
29,1228,10,4,40.0,with_chunking,LMM-1,10.291666666666668,10.327083333333322,0.6710979142688078
29,1228,10,4,40.0,with_chunking,LMM-2,8.71875,8.83281249999999,0.7163257617094523
29,1228,10,6,60.0,with_chunking,LMM-1,10.291666666666668,10.32708333333331,0.6312003004330551
29,1228,10,6,60.0,with_chunking,LMM-2,8.805555555555555,8.915277777777757,0.6757368154433152
29,1228,10,8,80.0,with_chunking,LMM-1,10.291666666666668,10.327083333333315,0.5935439321613121
29,1228,10,8,80.0,with_chunking,LMM-2,8.854166666666668,8.961458333333317,0.650525293642797
30,1229,4,2,20.0,with_chunking,LMM-1,11.0,11.000000000000007,0.6995200338020336
30,1229,4,2,20.0,with_chunking,LMM-2,11.0,11.000000000000007,0.6995200338020336
30,1229,4,4,40.0,with_chunking,LMM-1,11.0,10.99999999999999,0.6593596652199225
30,1229,4,4,40.0,with_chunking,LMM-2,11.0,10.99999999999999,0.6593596652199225
30,1229,4,6,60.0,with_chunking,LMM-1,11.0,10.999999999999977,0.6215559002426363
30,1229,4,6,60.0,with_chunking,LMM-2,11.0,10.999999999999977,0.6215559002426363
30,1229,4,8,80.0,with_chunking,LMM-1,11.0,10.99999999999998,0.5865290921723272
30,1229,4,8,80.0,with_chunking,LMM-2,11.0,10.99999999999998,0.5865290921723272
30,1229,6,2,20.0,with_chunking,LMM-1,10.5,10.525000000000006,0.7190851147450644
30,1229,6,2,20.0,with_chunking,LMM-2,10.5,10.525000000000006,0.7190851147450644
30,1229,6,4,40.0,with_chunking,LMM-1,10.5,10.524999999999988,0.6794132390983298
30,1229,6,4,40.0,with_chunking,LMM-2,10.5,10.524999999999988,0.6794132390983298
30,1229,6,6,60.0,with_chunking,LMM-1,10.5,10.524999999999977,0.6419279120078133
30,1229,6,6,60.0,with_chunking,LMM-2,10.5,10.524999999999977,0.6419279120078133
30,1229,6,8,80.0,with_chunking,LMM-1,10.5,10.52499999999998,0.6070872095936817
30,1229,6,8,80.0,with_chunking,LMM-2,10.5,10.52499999999998,0.6070872095936817
30,1229,8,2,20.0,with_chunking,LMM-1,8.25,8.387500000000003,0.7937026930894993
30,1229,8,2,20.0,with_chunking,LMM-2,8.0,8.150000000000004,0.8051920313982193
30,1229,8,4,40.0,with_chunking,LMM-1,8.25,8.387499999999992,0.7632006263984507
30,1229,8,4,40.0,with_chunking,LMM-2,7.375,7.5562499999999915,0.8022529524092954
30,1229,8,6,60.0,with_chunking,LMM-1,8.25,8.387499999999982,0.7338982465614878
30,1229,8,6,60.0,with_chunking,LMM-2,7.625,7.793749999999982,0.7751246780573722
30,1229,8,8,80.0,with_chunking,LMM-1,8.25,8.387499999999985,0.714226748397194
30,1229,8,8,80.0,with_chunking,LMM-2,7.84375,8.001562499999984,0.7491892113062376
30,1229,10,2,20.0,with_chunking,LMM-1,8.75,8.862500000000004,0.7277978679454423
30,1229,10,2,20.0,with_chunking,LMM-2,8.0,8.150000000000004,0.763904289357507
30,1229,10,4,40.0,with_chunking,LMM-1,8.75,8.86249999999999,0.6787061106667986
30,1229,10,4,40.0,with_chunking,LMM-2,8.25,8.387499999999992,0.7170516915247764
30,1229,10,6,60.0,with_chunking,LMM-1,8.875,8.98124999999998,0.6432975273181193
30,1229,10,6,60.0,with_chunking,LMM-2,8.0,8.149999999999983,0.6942238928005813
30,1229,10,8,80.0,with_chunking,LMM-1,8.875,8.981249999999983,0.6045222967616352
30,1229,10,8,80.0,with_chunking,LMM-2,8.03125,8.179687499999986,0.6603376188855716
31,1230,4,2,20.0,with_chunking,LMM-1,12.5,12.425000000000008,0.7776512537641848
31,1230,4,2,20.0,with_chunking,LMM-2,12.5,12.425000000000008,0.7776512537641848
31,1230,4,4,40.0,with_chunking,LMM-1,12.5,12.424999999999986,0.7506936921369565
31,1230,4,4,40.0,with_chunking,LMM-2,12.5,12.424999999999986,0.7506936921369565
31,1230,4,6,60.0,with_chunking,LMM-1,12.5,12.424999999999974,0.7246353823122891
31,1230,4,6,60.0,with_chunking,LMM-2,12.5,12.424999999999974,0.7246353823122891
31,1230,4,8,80.0,with_chunking,LMM-1,12.5,12.42499999999998,0.6994476664085443
31,1230,4,8,80.0,with_chunking,LMM-2,12.5,12.42499999999998,0.6994476664085443
31,1230,6,2,20.0,with_chunking,LMM-1,11.0,11.000000000000007,0.8031845186019249
31,1230,6,2,20.0,with_chunking,LMM-2,11.0,11.000000000000007,0.8031845186019249
31,1230,6,4,40.0,with_chunking,LMM-1,11.0,10.99999999999999,0.7690740377691364
31,1230,6,4,40.0,with_chunking,LMM-2,11.0,10.99999999999999,0.7690740377691364
31,1230,6,6,60.0,with_chunking,LMM-1,11.0,10.999999999999975,0.7363332698857097
31,1230,6,6,60.0,with_chunking,LMM-2,11.0,10.999999999999975,0.7363332698857097
31,1230,6,8,80.0,with_chunking,LMM-1,11.25,11.23749999999998,0.7378027878202873
31,1230,6,8,80.0,with_chunking,LMM-2,11.25,11.23749999999998,0.7378027878202873
31,1230,8,2,20.0,with_chunking,LMM-1,9.5,9.575000000000006,0.8363256528469656
31,1230,8,2,20.0,with_chunking,LMM-2,9.5,9.575000000000006,0.8363256528469656
31,1230,8,4,40.0,with_chunking,LMM-1,9.5,9.57499999999999,0.8019839658258037
31,1230,8,4,40.0,with_chunking,LMM-2,9.5,9.57499999999999,0.8019839658258037
31,1230,8,6,60.0,with_chunking,LMM-1,9.5,9.574999999999978,0.8000276460528131
31,1230,8,6,60.0,with_chunking,LMM-2,9.5,9.574999999999978,0.8000276460528131
31,1230,8,8,80.0,with_chunking,LMM-1,9.5,9.574999999999982,0.7780210489208117
31,1230,8,8,80.0,with_chunking,LMM-2,9.5,9.574999999999982,0.7780210489208117
31,1230,10,2,20.0,with_chunking,LMM-1,7.5,7.675000000000003,0.8483835484709314
31,1230,10,2,20.0,with_chunking,LMM-2,7.125,7.318750000000003,0.8620626666308251
31,1230,10,4,40.0,with_chunking,LMM-1,7.75,7.912499999999991,0.7701538921386024
31,1230,10,4,40.0,with_chunking,LMM-2,7.25,7.437499999999993,0.7899299804993469
31,1230,10,6,60.0,with_chunking,LMM-1,7.75,7.912499999999982,0.7204075894600603
31,1230,10,6,60.0,with_chunking,LMM-2,6.875,7.081249999999983,0.7626265835316861
31,1230,10,8,80.0,with_chunking,LMM-1,7.75,7.912499999999985,0.6882020427302808
31,1230,10,8,80.0,with_chunking,LMM-2,6.875,7.0812499999999865,0.7412054200880714
32,1231,4,2,20.0,with_chunking,LMM-1,15.0,14.800000000000011,0.7407964817388186
32,1231,4,2,20.0,with_chunking,LMM-2,15.0,14.800000000000011,0.7407964817388186
32,1231,4,4,40.0,with_chunking,LMM-1,15.0,14.799999999999983,0.6989735249777798
32,1231,4,4,40.0,with_chunking,LMM-2,15.0,14.799999999999983,0.6989735249777798
32,1231,4,6,60.0,with_chunking,LMM-1,15.0,14.799999999999967,0.6594253063506841
32,1231,4,6,60.0,with_chunking,LMM-2,15.0,14.799999999999967,0.6594253063506841
32,1231,4,8,80.0,with_chunking,LMM-1,15.0,14.799999999999976,0.6220335717213702
32,1231,4,8,80.0,with_chunking,LMM-2,15.0,14.799999999999976,0.6220335717213702
32,1231,6,2,20.0,with_chunking,LMM-1,14.375,14.206250000000011,0.7115738164860971
32,1231,6,2,20.0,with_chunking,LMM-2,14.375,14.206250000000011,0.7115738164860971
32,1231,6,4,40.0,with_chunking,LMM-1,13.75,13.612499999999983,0.6353756629815307
32,1231,6,4,40.0,with_chunking,LMM-2,13.75,13.612499999999983,0.6353756629815307
32,1231,6,6,60.0,with_chunking,LMM-1,13.75,13.612499999999969,0.5924315592131704
32,1231,6,6,60.0,with_chunking,LMM-2,13.75,13.612499999999969,0.5924315592131704
32,1231,6,8,80.0,with_chunking,LMM-1,12.5,12.42499999999998,0.6059873245766789
32,1231,6,8,80.0,with_chunking,LMM-2,12.5,12.42499999999998,0.6059873245766789
32,1231,8,2,20.0,with_chunking,LMM-1,12.5,12.425000000000008,0.7951341118942825
32,1231,8,2,20.0,with_chunking,LMM-2,12.5,12.425000000000008,0.7951341118942825
32,1231,8,4,40.0,with_chunking,LMM-1,11.875,11.831249999999986,0.7425232013342633
32,1231,8,4,40.0,with_chunking,LMM-2,11.875,11.831249999999986,0.7425232013342633
32,1231,8,6,60.0,with_chunking,LMM-1,11.875,11.831249999999972,0.6947347538584482
32,1231,8,6,60.0,with_chunking,LMM-2,11.833333333333332,11.79166666666664,0.6966063983779895
32,1231,8,8,80.0,with_chunking,LMM-1,11.875,11.83124999999998,0.6573189743971934
32,1231,8,8,80.0,with_chunking,LMM-2,11.8125,11.77187499999998,0.6605908392693725
32,1231,10,2,20.0,with_chunking,LMM-1,8.0,8.150000000000002,0.8490949898106341
32,1231,10,2,20.0,with_chunking,LMM-2,8.0,8.150000000000002,0.8490949898106341
32,1231,10,4,40.0,with_chunking,LMM-1,8.9375,9.040624999999991,0.7624641490803254
32,1231,10,4,40.0,with_chunking,LMM-2,8.9375,9.040624999999991,0.7624429175576894
32,1231,10,6,60.0,with_chunking,LMM-1,8.875,8.981249999999982,0.7458688265071722
32,1231,10,6,60.0,with_chunking,LMM-2,8.875,8.981249999999982,0.7458688265071722
32,1231,10,8,80.0,with_chunking,LMM-1,11.0,10.99999999999998,0.684770057083981
32,1231,10,8,80.0,with_chunking,LMM-2,10.8125,10.82187499999998,0.6942618036049277
33,1232,4,2,20.0,with_chunking,LMM-1,14.5,14.32500000000001,0.7347806586256709
33,1232,4,2,20.0,with_chunking,LMM-2,14.5,14.32500000000001,0.7347806586256709
33,1232,4,4,40.0,with_chunking,LMM-1,14.5,14.324999999999982,0.6879535628408842
33,1232,4,4,40.0,with_chunking,LMM-2,14.5,14.324999999999982,0.6879535628408842
33,1232,4,6,60.0,with_chunking,LMM-1,14.5,14.324999999999967,0.6440047852903168
33,1232,4,6,60.0,with_chunking,LMM-2,14.5,14.324999999999967,0.6440047852903168
33,1232,4,8,80.0,with_chunking,LMM-1,14.5,14.324999999999976,0.6028194419251796
33,1232,4,8,80.0,with_chunking,LMM-2,14.5,14.324999999999976,0.6028194419251796
33,1232,6,2,20.0,with_chunking,LMM-1,13.5,13.37500000000001,0.7580386327536627
33,1232,6,2,20.0,with_chunking,LMM-2,13.5,13.37500000000001,0.7580386327536627
33,1232,6,4,40.0,with_chunking,LMM-1,13.5,13.374999999999986,0.7143697970448062
33,1232,6,4,40.0,with_chunking,LMM-2,13.5,13.374999999999986,0.7143697970448062
33,1232,6,6,60.0,with_chunking,LMM-1,13.5,13.374999999999972,0.6731142597047356
33,1232,6,6,60.0,with_chunking,LMM-2,13.5,13.374999999999972,0.6731142597047356
33,1232,6,8,80.0,with_chunking,LMM-1,13.5,13.374999999999979,0.6341451428648841
33,1232,6,8,80.0,with_chunking,LMM-2,13.5,13.374999999999979,0.6341451428648841
33,1232,8,2,20.0,with_chunking,LMM-1,12.5,12.425000000000008,0.7757924772643334
33,1232,8,2,20.0,with_chunking,LMM-2,12.5,12.425000000000008,0.7757924772643334
33,1232,8,4,40.0,with_chunking,LMM-1,12.5,12.424999999999986,0.7350384515416506
33,1232,8,4,40.0,with_chunking,LMM-2,12.5,12.424999999999986,0.7350384515416506
33,1232,8,6,60.0,with_chunking,LMM-1,12.5,12.424999999999974,0.6963235842794608
33,1232,8,6,60.0,with_chunking,LMM-2,12.5,12.424999999999974,0.6963235842794608
33,1232,8,8,80.0,with_chunking,LMM-1,12.5,12.42499999999998,0.6595515730289376
33,1232,8,8,80.0,with_chunking,LMM-2,12.5,12.42499999999998,0.6595515730289376
33,1232,10,2,20.0,with_chunking,LMM-1,9.5,9.575000000000006,0.8312792661456779
33,1232,10,2,20.0,with_chunking,LMM-2,9.5,9.575000000000006,0.8312792661456779
33,1232,10,4,40.0,with_chunking,LMM-1,9.5625,9.634374999999991,0.7852582574790558
33,1232,10,4,40.0,with_chunking,LMM-2,9.5625,9.634374999999991,0.7852518138041713
33,1232,10,6,60.0,with_chunking,LMM-1,9.708333333333332,9.772916666666646,0.7177624165729204
33,1232,10,6,60.0,with_chunking,LMM-2,9.583333333333334,9.654166666666645,0.722891421513507
33,1232,10,8,80.0,with_chunking,LMM-1,10.21875,10.257812499999982,0.684442624932339
33,1232,10,8,80.0,with_chunking,LMM-2,10.15625,10.198437499999983,0.6877130913507157
34,1233,4,2,20.0,with_chunking,LMM-1,11.125,11.118750000000007,0.7041767915305724
34,1233,4,2,20.0,with_chunking,LMM-2,11.125,11.118750000000007,0.7041767915305724
34,1233,4,4,40.0,with_chunking,LMM-1,11.125,11.118749999999988,0.668299404005746
34,1233,4,4,40.0,with_chunking,LMM-2,11.125,11.118749999999988,0.668299404005746
34,1233,4,6,60.0,with_chunking,LMM-1,11.5,11.474999999999973,0.63755826065378
34,1233,4,6,60.0,with_chunking,LMM-2,11.5,11.474999999999973,0.63755826065378
34,1233,4,8,80.0,with_chunking,LMM-1,11.5,11.47499999999998,0.6086693449112166
34,1233,4,8,80.0,with_chunking,LMM-2,11.5,11.47499999999998,0.6086693449112166
34,1233,6,2,20.0,with_chunking,LMM-1,9.5,9.575000000000006,0.7458615206213548
34,1233,6,2,20.0,with_chunking,LMM-2,9.5,9.575000000000006,0.7458615206213548
34,1233,6,4,40.0,with_chunking,LMM-1,9.875,9.93124999999999,0.6448036601991997
34,1233,6,4,40.0,with_chunking,LMM-2,9.75,9.81249999999999,0.6501432818848537
34,1233,6,6,60.0,with_chunking,LMM-1,9.75,9.812499999999979,0.6252014018644705
34,1233,6,6,60.0,with_chunking,LMM-2,9.5,9.574999999999978,0.6614275632478717
34,1233,6,8,80.0,with_chunking,LMM-1,9.875,9.93124999999998,0.5813167968079411
34,1233,6,8,80.0,with_chunking,LMM-2,9.875,9.93124999999998,0.5813167968079411
34,1233,8,2,20.0,with_chunking,LMM-1,9.0,9.100000000000005,0.7461588208847149
34,1233,8,2,20.0,with_chunking,LMM-2,8.75,8.862500000000004,0.7528979940878708
34,1233,8,4,40.0,with_chunking,LMM-1,9.0,9.09999999999999,0.7077942373081513
34,1233,8,4,40.0,with_chunking,LMM-2,8.75,8.86249999999999,0.716716662585035
34,1233,8,6,60.0,with_chunking,LMM-1,9.375,9.45624999999998,0.6262838803061141
34,1233,8,6,60.0,with_chunking,LMM-2,8.666666666666668,8.783333333333314,0.6630915548760977
34,1233,8,8,80.0,with_chunking,LMM-1,9.375,9.456249999999983,0.5869481635669194
34,1233,8,8,80.0,with_chunking,LMM-2,8.53125,8.654687499999985,0.6464747674301368
34,1233,10,2,20.0,with_chunking,LMM-1,9.0,9.100000000000005,0.7151063919519645
34,1233,10,2,20.0,with_chunking,LMM-2,8.5,8.625000000000004,0.7305624244931536
34,1233,10,4,40.0,with_chunking,LMM-1,9.0,9.09999999999999,0.6624260576898897
34,1233,10,4,40.0,with_chunking,LMM-2,7.5,7.674999999999994,0.7223062388843109
34,1233,10,6,60.0,with_chunking,LMM-1,9.0,9.09999999999998,0.6135529744115491
34,1233,10,6,60.0,with_chunking,LMM-2,7.833333333333333,7.991666666666648,0.6892708787931752
34,1233,10,8,80.0,with_chunking,LMM-1,9.0,9.099999999999984,0.5682187395651909
34,1233,10,8,80.0,with_chunking,LMM-2,8.0,8.149999999999986,0.6570991627476048
35,1234,4,2,20.0,with_chunking,LMM-1,14.0,13.850000000000012,0.6520459366815173
35,1234,4,2,20.0,with_chunking,LMM-2,14.0,13.850000000000012,0.6520459366815173
35,1234,4,4,40.0,with_chunking,LMM-1,14.0,13.849999999999984,0.6002823492054685
35,1234,4,4,40.0,with_chunking,LMM-2,14.0,13.849999999999984,0.6002823492054685
35,1234,4,6,60.0,with_chunking,LMM-1,14.0,13.84999999999997,0.5526592162331339
35,1234,4,6,60.0,with_chunking,LMM-2,14.0,13.84999999999997,0.5526592162331339
35,1234,4,8,80.0,with_chunking,LMM-1,14.0,13.849999999999977,0.5089468578537875
35,1234,4,8,80.0,with_chunking,LMM-2,14.0,13.849999999999977,0.5089468578537875
35,1234,6,2,20.0,with_chunking,LMM-1,12.5,12.42500000000001,0.7026671549451831
35,1234,6,2,20.0,with_chunking,LMM-2,12.5,12.42500000000001,0.7026671549451831
35,1234,6,4,40.0,with_chunking,LMM-1,12.5,12.424999999999986,0.6607086017002681
35,1234,6,4,40.0,with_chunking,LMM-2,12.5,12.424999999999986,0.6607086017002681
35,1234,6,6,60.0,with_chunking,LMM-1,12.5,12.424999999999974,0.6213670048691646
35,1234,6,6,60.0,with_chunking,LMM-2,12.5,12.424999999999974,0.6213670048691646
35,1234,6,8,80.0,with_chunking,LMM-1,12.5,12.42499999999998,0.5844734933675897
35,1234,6,8,80.0,with_chunking,LMM-2,12.5,12.42499999999998,0.5844734933675897
35,1234,8,2,20.0,with_chunking,LMM-1,10.25,10.287500000000007,0.7605704748003789
35,1234,8,2,20.0,with_chunking,LMM-2,9.75,9.812500000000007,0.7819261017819479
35,1234,8,4,40.0,with_chunking,LMM-1,10.25,10.28749999999999,0.7166665982725648
35,1234,8,4,40.0,with_chunking,LMM-2,9.5,9.574999999999989,0.765418813749929
35,1234,8,6,60.0,with_chunking,LMM-1,10.25,10.287499999999977,0.6752295163554959
35,1234,8,6,60.0,with_chunking,LMM-2,9.5,9.574999999999978,0.7459473469800078
35,1234,8,8,80.0,with_chunking,LMM-1,10.25,10.287499999999982,0.6361688141151144
35,1234,8,8,80.0,with_chunking,LMM-2,9.5,9.574999999999982,0.7243355864965784
35,1234,10,2,20.0,with_chunking,LMM-1,8.75,8.862500000000004,0.8004497877067889
35,1234,10,2,20.0,with_chunking,LMM-2,8.5,8.625000000000004,0.8077072620195405
35,1234,10,4,40.0,with_chunking,LMM-1,8.75,8.86249999999999,0.7626866643464769
35,1234,10,4,40.0,with_chunking,LMM-2,8.375,8.50624999999999,0.7783475517869796
35,1234,10,6,60.0,with_chunking,LMM-1,9.0,9.09999999999998,0.7423550611433758
35,1234,10,6,60.0,with_chunking,LMM-2,8.708333333333332,8.822916666666647,0.761189736865832
35,1234,10,8,80.0,with_chunking,LMM-1,9.0,9.099999999999984,0.7146301183815569
35,1234,10,8,80.0,with_chunking,LMM-2,8.625,8.743749999999984,0.7382537204239621
36,1235,4,2,20.0,with_chunking,LMM-1,10.5,10.525000000000006,0.7976193372914044
36,1235,4,2,20.0,with_chunking,LMM-2,10.5,10.525000000000006,0.7976193372914044
36,1235,4,4,40.0,with_chunking,LMM-1,10.5,10.524999999999988,0.7189527048849389
36,1235,4,4,40.0,with_chunking,LMM-2,10.5,10.524999999999988,0.7189527048849389
36,1235,4,6,60.0,with_chunking,LMM-1,10.666666666666668,10.683333333333309,0.6826270581206368
36,1235,4,6,60.0,with_chunking,LMM-2,10.666666666666668,10.683333333333309,0.6826270581206368
36,1235,4,8,80.0,with_chunking,LMM-1,10.5,10.52499999999998,0.6472302652710613
36,1235,4,8,80.0,with_chunking,LMM-2,10.5,10.52499999999998,0.6472302652710613
36,1235,6,2,20.0,with_chunking,LMM-1,9.875,9.931250000000006,0.6683539234464129
36,1235,6,2,20.0,with_chunking,LMM-2,9.125,9.218750000000005,0.6965885669398434
36,1235,6,4,40.0,with_chunking,LMM-1,9.833333333333332,9.891666666666659,0.604576616990026
36,1235,6,4,40.0,with_chunking,LMM-2,9.520833333333332,9.594791666666659,0.6283704881997888
36,1235,6,6,60.0,with_chunking,LMM-1,9.791666666666668,9.852083333333312,0.5445102413417824
36,1235,6,6,60.0,with_chunking,LMM-2,9.319444444444445,9.403472222222202,0.5857279372489042
36,1235,6,8,80.0,with_chunking,LMM-1,9.791666666666666,9.852083333333315,0.5022628902423532
36,1235,6,8,80.0,with_chunking,LMM-2,9.291666666666668,9.377083333333315,0.5606850781862496
36,1235,8,2,20.0,with_chunking,LMM-1,9.25,9.337500000000006,0.7134153634565032
36,1235,8,2,20.0,with_chunking,LMM-2,8.5,8.625000000000005,0.7365335011635734
36,1235,8,4,40.0,with_chunking,LMM-1,9.208333333333334,9.297916666666657,0.6390623600661244
36,1235,8,4,40.0,with_chunking,LMM-2,8.104166666666666,8.248958333333325,0.6861893078671873
36,1235,8,6,60.0,with_chunking,LMM-1,9.166666666666666,9.258333333333312,0.5639179163607404
36,1235,8,6,60.0,with_chunking,LMM-2,8.5,8.624999999999982,0.5990702671186797
36,1235,8,8,80.0,with_chunking,LMM-1,9.166666666666668,9.258333333333317,0.5253973892051296
36,1235,8,8,80.0,with_chunking,LMM-2,8.385416666666666,8.516145833333319,0.5786718956465773
36,1235,10,2,20.0,with_chunking,LMM-1,8.0,8.150000000000006,0.7508139877935327
36,1235,10,2,20.0,with_chunking,LMM-2,5.5,5.775000000000002,0.8349462424266965
36,1235,10,4,40.0,with_chunking,LMM-1,8.083333333333334,8.229166666666657,0.6752769237073717
36,1235,10,4,40.0,with_chunking,LMM-2,6.0,6.249999999999994,0.7609737634221072
36,1235,10,6,60.0,with_chunking,LMM-1,8.166666666666666,8.308333333333316,0.5982584388848005
36,1235,10,6,60.0,with_chunking,LMM-2,6.347222222222222,6.579861111111097,0.7423197665362435
36,1235,10,8,80.0,with_chunking,LMM-1,8.166666666666668,8.308333333333318,0.5595542425059421
36,1235,10,8,80.0,with_chunking,LMM-2,5.979166666666666,6.230208333333322,0.7519524198194263
37,1236,4,2,20.0,with_chunking,LMM-1,10.25,10.287500000000005,0.6394076170759433
37,1236,4,2,20.0,with_chunking,LMM-2,10.25,10.287500000000005,0.6394076170759433
37,1236,4,4,40.0,with_chunking,LMM-1,10.25,10.28749999999999,0.5846064818823823
37,1236,4,4,40.0,with_chunking,LMM-2,10.25,10.28749999999999,0.5846064818823823
37,1236,4,6,60.0,with_chunking,LMM-1,10.375,10.406249999999979,0.5523798555654724
37,1236,4,6,60.0,with_chunking,LMM-2,10.375,10.406249999999979,0.5523798555654724
37,1236,4,8,80.0,with_chunking,LMM-1,10.5,10.52499999999998,0.5305946245935929
37,1236,4,8,80.0,with_chunking,LMM-2,10.5,10.52499999999998,0.5305946245935929
37,1236,6,2,20.0,with_chunking,LMM-1,9.75,9.812500000000005,0.6763615564975866
37,1236,6,2,20.0,with_chunking,LMM-2,9.75,9.812500000000005,0.6763615564975866
37,1236,6,4,40.0,with_chunking,LMM-1,9.625,9.69374999999999,0.5979202534354884
37,1236,6,4,40.0,with_chunking,LMM-2,8.958333333333332,9.060416666666658,0.6273908929623868
37,1236,6,6,60.0,with_chunking,LMM-1,9.583333333333334,9.654166666666645,0.5440564976857979
37,1236,6,6,60.0,with_chunking,LMM-2,8.25,8.387499999999982,0.6047706332772828
37,1236,6,8,80.0,with_chunking,LMM-1,9.583333333333332,9.654166666666649,0.5052817246132421
37,1236,6,8,80.0,with_chunking,LMM-2,9.041666666666668,9.139583333333317,0.5519504970136353
37,1236,8,2,20.0,with_chunking,LMM-1,8.75,8.862500000000004,0.7071470998293714
37,1236,8,2,20.0,with_chunking,LMM-2,7.5,7.675000000000003,0.7656282338050919
37,1236,8,4,40.0,with_chunking,LMM-1,8.729166666666666,8.842708333333324,0.6494320062677797
37,1236,8,4,40.0,with_chunking,LMM-2,8.0,8.149999999999991,0.7444389110045619
37,1236,8,6,60.0,with_chunking,LMM-1,8.819444444444445,8.928472222222203,0.5796789971652507
37,1236,8,6,60.0,with_chunking,LMM-2,7.583333333333334,7.754166666666649,0.7262273274348255
37,1236,8,8,80.0,with_chunking,LMM-1,8.8125,8.921874999999984,0.5573981708115415
37,1236,8,8,80.0,with_chunking,LMM-2,8.760416666666666,8.872395833333316,0.5979025819177353
37,1236,10,2,20.0,with_chunking,LMM-1,7.916666666666667,8.070833333333336,0.733888097187906
37,1236,10,2,20.0,with_chunking,LMM-2,6.958333333333333,7.16041666666667,0.779705683047931
37,1236,10,4,40.0,with_chunking,LMM-1,8.083333333333334,8.229166666666657,0.669543725269726
37,1236,10,4,40.0,with_chunking,LMM-2,8.25,8.387499999999992,0.7118767671532531
37,1236,10,6,60.0,with_chunking,LMM-1,8.083333333333334,8.229166666666648,0.6353378947967383
37,1236,10,6,60.0,with_chunking,LMM-2,7.319444444444445,7.5034722222222054,0.7279830250070058
37,1236,10,8,80.0,with_chunking,LMM-1,8.083333333333334,8.229166666666652,0.6028797124804472
37,1236,10,8,80.0,with_chunking,LMM-2,7.90625,8.060937499999984,0.6881767583600782
38,1237,4,2,20.0,with_chunking,LMM-1,11.0,11.000000000000007,0.7029002790755303
38,1237,4,2,20.0,with_chunking,LMM-2,11.0,11.000000000000007,0.7029002790755303
38,1237,4,4,40.0,with_chunking,LMM-1,11.0,10.99999999999999,0.6587111444941173
38,1237,4,4,40.0,with_chunking,LMM-2,11.0,10.99999999999999,0.6587111444941173
38,1237,4,6,60.0,with_chunking,LMM-1,11.0,10.999999999999975,0.6173790051541375
38,1237,4,6,60.0,with_chunking,LMM-2,11.0,10.999999999999975,0.6173790051541375
38,1237,4,8,80.0,with_chunking,LMM-1,11.375,11.356249999999982,0.6231423757166433
38,1237,4,8,80.0,with_chunking,LMM-2,11.375,11.356249999999982,0.6231423757166433
38,1237,6,2,20.0,with_chunking,LMM-1,10.0,10.050000000000006,0.6769085065856273
38,1237,6,2,20.0,with_chunking,LMM-2,9.625,9.693750000000007,0.7013761748575011
38,1237,6,4,40.0,with_chunking,LMM-1,10.0,10.04999999999999,0.6405779773825185
38,1237,6,4,40.0,with_chunking,LMM-2,8.9375,9.04062499999999,0.6893208942493634
38,1237,6,6,60.0,with_chunking,LMM-1,10.0,10.049999999999978,0.5961431552464524
38,1237,6,6,60.0,with_chunking,LMM-2,9.916666666666666,9.97083333333331,0.5993472325487101
38,1237,6,8,80.0,with_chunking,LMM-1,10.0,10.049999999999983,0.5547769161633833
38,1237,6,8,80.0,with_chunking,LMM-2,9.135416666666668,9.228645833333317,0.5956304375585852
38,1237,8,2,20.0,with_chunking,LMM-1,9.166666666666668,9.258333333333338,0.6572559479997568
38,1237,8,2,20.0,with_chunking,LMM-2,8.416666666666668,8.545833333333338,0.6807154487588924
38,1237,8,4,40.0,with_chunking,LMM-1,9.166666666666668,9.258333333333324,0.5999689639479749
38,1237,8,4,40.0,with_chunking,LMM-2,8.833333333333334,8.941666666666658,0.6314948465352901
38,1237,8,6,60.0,with_chunking,LMM-1,9.166666666666666,9.258333333333313,0.5470577113158971
38,1237,8,6,60.0,with_chunking,LMM-2,8.597222222222221,8.717361111111092,0.6071643491474549
38,1237,8,8,80.0,with_chunking,LMM-1,9.166666666666668,9.258333333333315,0.4997271750624859
38,1237,8,8,80.0,with_chunking,LMM-2,8.822916666666666,8.931770833333317,0.5659349786654991
38,1237,10,2,20.0,with_chunking,LMM-1,8.083333333333334,8.229166666666671,0.7045895248690188
38,1237,10,2,20.0,with_chunking,LMM-2,5.916666666666667,6.170833333333336,0.8085963256936729
38,1237,10,4,40.0,with_chunking,LMM-1,8.3125,8.446874999999991,0.6007849377781012
38,1237,10,4,40.0,with_chunking,LMM-2,7.375,7.556249999999993,0.6884141480095751
38,1237,10,6,60.0,with_chunking,LMM-1,8.3125,8.44687499999998,0.5468470821495472
38,1237,10,6,60.0,with_chunking,LMM-2,7.958333333333333,8.110416666666648,0.6364117238797198
38,1237,10,8,80.0,with_chunking,LMM-1,8.3125,8.446874999999984,0.49758285470539976
38,1237,10,8,80.0,with_chunking,LMM-2,7.78125,7.942187499999987,0.6235486136952542
39,1238,4,2,20.0,with_chunking,LMM-1,11.5,11.475000000000007,0.7010262200644841
39,1238,4,2,20.0,with_chunking,LMM-2,11.5,11.475000000000007,0.7010262200644841
39,1238,4,4,40.0,with_chunking,LMM-1,11.5,11.474999999999987,0.669358421483919
39,1238,4,4,40.0,with_chunking,LMM-2,11.5,11.474999999999987,0.669358421483919
39,1238,4,6,60.0,with_chunking,LMM-1,11.5,11.474999999999975,0.639269429936939
39,1238,4,6,60.0,with_chunking,LMM-2,11.5,11.474999999999975,0.639269429936939
39,1238,4,8,80.0,with_chunking,LMM-1,11.5,11.47499999999998,0.6106735774955074
39,1238,4,8,80.0,with_chunking,LMM-2,11.5,11.47499999999998,0.6106735774955074
39,1238,6,2,20.0,with_chunking,LMM-1,10.25,10.287500000000005,0.7234838402503123
39,1238,6,2,20.0,with_chunking,LMM-2,10.25,10.287500000000005,0.7234838402503123
39,1238,6,4,40.0,with_chunking,LMM-1,10.25,10.28749999999999,0.684506315495365
39,1238,6,4,40.0,with_chunking,LMM-2,10.25,10.28749999999999,0.684506315495365
39,1238,6,6,60.0,with_chunking,LMM-1,10.375,10.406249999999977,0.6655447787041896
39,1238,6,6,60.0,with_chunking,LMM-2,10.375,10.406249999999977,0.6655447787041896
39,1238,6,8,80.0,with_chunking,LMM-1,10.8125,10.82187499999998,0.6418212111791891
39,1238,6,8,80.0,with_chunking,LMM-2,10.8125,10.82187499999998,0.6418212111791891
39,1238,8,2,20.0,with_chunking,LMM-1,8.5,8.625000000000004,0.7882296797478505
39,1238,8,2,20.0,with_chunking,LMM-2,7.875,8.031250000000004,0.8141891329588172
39,1238,8,4,40.0,with_chunking,LMM-1,8.5,8.624999999999991,0.7575276029060112
39,1238,8,4,40.0,with_chunking,LMM-2,8.25,8.387499999999992,0.7846028775158567
39,1238,8,6,60.0,with_chunking,LMM-1,8.75,8.86249999999998,0.7296179470835755
39,1238,8,6,60.0,with_chunking,LMM-2,8.5,8.624999999999982,0.7621398339227305
39,1238,8,8,80.0,with_chunking,LMM-1,8.75,8.862499999999983,0.7037290973191614
39,1238,8,8,80.0,with_chunking,LMM-2,8.46875,8.595312499999984,0.7026779507163103
39,1238,10,2,20.0,with_chunking,LMM-1,7.5,7.675000000000003,0.7690615706102024
39,1238,10,2,20.0,with_chunking,LMM-2,7.125,7.318750000000003,0.7922027807579668
39,1238,10,4,40.0,with_chunking,LMM-1,7.5,7.674999999999992,0.7317295891962698
39,1238,10,4,40.0,with_chunking,LMM-2,7.125,7.3187499999999925,0.7684099582343316
39,1238,10,6,60.0,with_chunking,LMM-1,7.5,7.674999999999983,0.6961382512399277
39,1238,10,6,60.0,with_chunking,LMM-2,6.791666666666666,7.002083333333317,0.7441017459384694
39,1238,10,8,80.0,with_chunking,LMM-1,7.625,7.793749999999985,0.667468665350947
39,1238,10,8,80.0,with_chunking,LMM-2,7.3125,7.496874999999987,0.7136761537209639
40,1239,4,2,20.0,with_chunking,LMM-1,15.0,14.800000000000011,0.7213266803064007
40,1239,4,2,20.0,with_chunking,LMM-2,15.0,14.800000000000011,0.7213266803064007
40,1239,4,4,40.0,with_chunking,LMM-1,15.0,14.799999999999981,0.6740748648290538
40,1239,4,4,40.0,with_chunking,LMM-2,15.0,14.799999999999981,0.6740748648290538
40,1239,4,6,60.0,with_chunking,LMM-1,15.0,14.799999999999967,0.6298152551630167
40,1239,4,6,60.0,with_chunking,LMM-2,15.0,14.799999999999967,0.6298152551630167
40,1239,4,8,80.0,with_chunking,LMM-1,15.0,14.799999999999976,0.5883662101750107
40,1239,4,8,80.0,with_chunking,LMM-2,15.0,14.799999999999976,0.5883662101750107
40,1239,6,2,20.0,with_chunking,LMM-1,13.0,12.90000000000001,0.7538531233294096
40,1239,6,2,20.0,with_chunking,LMM-2,13.0,12.90000000000001,0.7538531233294096
40,1239,6,4,40.0,with_chunking,LMM-1,13.0,12.899999999999986,0.7083470797032125
40,1239,6,4,40.0,with_chunking,LMM-2,13.0,12.899999999999986,0.7083470797032125
40,1239,6,6,60.0,with_chunking,LMM-1,13.0,12.899999999999972,0.665469394554326
40,1239,6,6,60.0,with_chunking,LMM-2,13.0,12.899999999999972,0.665469394554326
40,1239,6,8,80.0,with_chunking,LMM-1,13.0,12.899999999999977,0.6250763011682086
40,1239,6,8,80.0,with_chunking,LMM-2,13.0,12.899999999999977,0.6250763011682086
40,1239,8,2,20.0,with_chunking,LMM-1,13.0,12.90000000000001,0.7604174399392443
40,1239,8,2,20.0,with_chunking,LMM-2,13.0,12.90000000000001,0.7604174399392443
40,1239,8,4,40.0,with_chunking,LMM-1,13.0,12.899999999999986,0.7146980974502581
40,1239,8,4,40.0,with_chunking,LMM-2,13.0,12.899999999999986,0.7146980974502581
40,1239,8,6,60.0,with_chunking,LMM-1,13.0,12.899999999999972,0.6716091513479144
40,1239,8,6,60.0,with_chunking,LMM-2,13.0,12.899999999999972,0.6716091513479144
40,1239,8,8,80.0,with_chunking,LMM-1,13.0,12.899999999999977,0.6310072707872785
40,1239,8,8,80.0,with_chunking,LMM-2,13.0,12.899999999999977,0.6310072707872785
40,1239,10,2,20.0,with_chunking,LMM-1,11.0,11.000000000000007,0.7939335179050826
40,1239,10,2,20.0,with_chunking,LMM-2,11.0,11.000000000000007,0.7939335179050826
40,1239,10,4,40.0,with_chunking,LMM-1,11.0,10.99999999999999,0.7540516184568485
40,1239,10,4,40.0,with_chunking,LMM-2,11.0,10.99999999999999,0.7540516184568485
40,1239,10,6,60.0,with_chunking,LMM-1,11.0,10.999999999999977,0.7160546967209905
40,1239,10,6,60.0,with_chunking,LMM-2,11.0,10.999999999999977,0.7160546967209905
40,1239,10,8,80.0,with_chunking,LMM-1,11.0,10.99999999999998,0.6798600677200322
40,1239,10,8,80.0,with_chunking,LMM-2,11.0,10.99999999999998,0.6798600677200322
41,1240,4,2,20.0,with_chunking,LMM-1,13.25,13.13750000000001,0.7657108519230125
41,1240,4,2,20.0,with_chunking,LMM-2,13.25,13.13750000000001,0.7657108519230125
41,1240,4,4,40.0,with_chunking,LMM-1,13.25,13.137499999999985,0.7364252044369894
41,1240,4,4,40.0,with_chunking,LMM-2,13.25,13.137499999999985,0.7364252044369894
41,1240,4,6,60.0,with_chunking,LMM-1,13.25,13.13749999999997,0.7082542633734479
41,1240,4,6,60.0,with_chunking,LMM-2,13.25,13.13749999999997,0.7082542633734479
41,1240,4,8,80.0,with_chunking,LMM-1,13.25,13.137499999999978,0.6811569836639577
41,1240,4,8,80.0,with_chunking,LMM-2,13.25,13.137499999999978,0.6811569836639577
41,1240,6,2,20.0,with_chunking,LMM-1,10.5,10.525000000000006,0.8100078378449702
41,1240,6,2,20.0,with_chunking,LMM-2,10.5,10.525000000000006,0.8100078378449702
41,1240,6,4,40.0,with_chunking,LMM-1,10.5,10.52499999999999,0.7790923811017805
41,1240,6,4,40.0,with_chunking,LMM-2,10.5,10.52499999999999,0.7790923811017805
41,1240,6,6,60.0,with_chunking,LMM-1,10.5,10.524999999999977,0.7492741845691728
41,1240,6,6,60.0,with_chunking,LMM-2,10.5,10.524999999999977,0.7492741845691728
41,1240,6,8,80.0,with_chunking,LMM-1,10.75,10.762499999999982,0.7476822159076513
41,1240,6,8,80.0,with_chunking,LMM-2,10.75,10.762499999999982,0.7476822159076513
41,1240,8,2,20.0,with_chunking,LMM-1,10.0,10.050000000000006,0.7754406902086011
41,1240,8,2,20.0,with_chunking,LMM-2,10.0,10.050000000000006,0.7753980260789513
41,1240,8,4,40.0,with_chunking,LMM-1,10.0,10.04999999999999,0.7416835792880003
41,1240,8,4,40.0,with_chunking,LMM-2,9.5,9.57499999999999,0.7617720765014926
41,1240,8,6,60.0,with_chunking,LMM-1,10.0,10.049999999999978,0.708784711547323
41,1240,8,6,60.0,with_chunking,LMM-2,9.5,9.57499999999998,0.7303470339741185
41,1240,8,8,80.0,with_chunking,LMM-1,10.375,10.406249999999982,0.668039975667757
41,1240,8,8,80.0,with_chunking,LMM-2,9.5,9.574999999999983,0.7009878207812217
41,1240,10,2,20.0,with_chunking,LMM-1,7.458333333333333,7.63541666666667,0.8043716157370049
41,1240,10,2,20.0,with_chunking,LMM-2,7.25,7.4375000000000036,0.813502166325156
41,1240,10,4,40.0,with_chunking,LMM-1,7.666666666666666,7.833333333333325,0.7375990253979574
41,1240,10,4,40.0,with_chunking,LMM-2,7.541666666666667,7.714583333333326,0.7526558916056092
41,1240,10,6,60.0,with_chunking,LMM-1,7.75,7.912499999999982,0.7045496694535696
41,1240,10,6,60.0,with_chunking,LMM-2,7.388888888888889,7.569444444444427,0.728635783114217
41,1240,10,8,80.0,with_chunking,LMM-1,7.75,7.912499999999985,0.6722542106315794
41,1240,10,8,80.0,with_chunking,LMM-2,7.3125,7.496874999999985,0.703411171189448
42,1241,4,2,20.0,with_chunking,LMM-1,13.0,12.90000000000001,0.6625213826055119
42,1241,4,2,20.0,with_chunking,LMM-2,13.0,12.90000000000001,0.6625213826055119
42,1241,4,4,40.0,with_chunking,LMM-1,12.75,12.662499999999987,0.5964791354863106
42,1241,4,4,40.0,with_chunking,LMM-2,12.75,12.662499999999987,0.5964791354863106
42,1241,4,6,60.0,with_chunking,LMM-1,12.5,12.424999999999974,0.5324674920062942
42,1241,4,6,60.0,with_chunking,LMM-2,12.5,12.424999999999974,0.5324674920062942
42,1241,4,8,80.0,with_chunking,LMM-1,12.5,12.42499999999998,0.48954504627091483
42,1241,4,8,80.0,with_chunking,LMM-2,12.5,12.42499999999998,0.48954504627091483
42,1241,6,2,20.0,with_chunking,LMM-1,10.5,10.525000000000006,0.7374962572777066
42,1241,6,2,20.0,with_chunking,LMM-2,9.75,9.812500000000007,0.7657925943055977
42,1241,6,4,40.0,with_chunking,LMM-1,10.3125,10.34687499999999,0.6764315954013144
42,1241,6,4,40.0,with_chunking,LMM-2,10.083333333333332,10.129166666666658,0.6137063799071159
42,1241,6,6,60.0,with_chunking,LMM-1,9.75,9.812499999999979,0.5830941688708906
42,1241,6,6,60.0,with_chunking,LMM-2,10.041666666666668,10.089583333333312,0.574009981708736
42,1241,6,8,80.0,with_chunking,LMM-1,10.5,10.52499999999998,0.5872503236270987
42,1241,6,8,80.0,with_chunking,LMM-2,10.25,10.287499999999984,0.5502036084879157
42,1241,8,2,20.0,with_chunking,LMM-1,8.25,8.387500000000003,0.7998545066777882
42,1241,8,2,20.0,with_chunking,LMM-2,8.25,8.387500000000006,0.8156327303559534
42,1241,8,4,40.0,with_chunking,LMM-1,8.25,8.387499999999992,0.7659323054812781
42,1241,8,4,40.0,with_chunking,LMM-2,8.5,8.62499999999999,0.7839900201971312
42,1241,8,6,60.0,with_chunking,LMM-1,8.25,8.387499999999982,0.733462872506743
42,1241,8,6,60.0,with_chunking,LMM-2,7.694444444444445,7.859722222222205,0.7642441649026294
42,1241,8,8,80.0,with_chunking,LMM-1,8.25,8.387499999999985,0.7023829890482267
42,1241,8,8,80.0,with_chunking,LMM-2,7.875,8.031249999999986,0.7331497818334393
42,1241,10,2,20.0,with_chunking,LMM-1,8.25,8.387500000000003,0.7998545066777882
42,1241,10,2,20.0,with_chunking,LMM-2,7.0,7.200000000000003,0.8351763397157644
42,1241,10,4,40.0,with_chunking,LMM-1,8.25,8.387499999999992,0.7659323054812781
42,1241,10,4,40.0,with_chunking,LMM-2,7.25,7.437499999999992,0.8086403850253039
42,1241,10,6,60.0,with_chunking,LMM-1,8.25,8.387499999999982,0.733462872506743
42,1241,10,6,60.0,with_chunking,LMM-2,7.069444444444444,7.2659722222222065,0.7613618499437931
42,1241,10,8,80.0,with_chunking,LMM-1,8.25,8.387499999999985,0.7023829890482267
42,1241,10,8,80.0,with_chunking,LMM-2,7.260416666666667,7.447395833333319,0.7317985931754505
43,1242,4,2,20.0,with_chunking,LMM-1,11.75,11.712500000000007,0.6147676276063887
43,1242,4,2,20.0,with_chunking,LMM-2,11.75,11.712500000000007,0.6147676276063887
43,1242,4,4,40.0,with_chunking,LMM-1,11.75,11.712499999999988,0.5618039835955264
43,1242,4,4,40.0,with_chunking,LMM-2,11.75,11.712499999999988,0.5618039835955264
43,1242,4,6,60.0,with_chunking,LMM-1,11.75,11.712499999999975,0.5127288760430185
43,1242,4,6,60.0,with_chunking,LMM-2,11.75,11.712499999999975,0.5127288760430185
43,1242,4,8,80.0,with_chunking,LMM-1,11.75,11.712499999999979,0.4680408089787438
43,1242,4,8,80.0,with_chunking,LMM-2,11.75,11.712499999999979,0.4680408089787438
43,1242,6,2,20.0,with_chunking,LMM-1,11.875,11.831250000000008,0.612685631513659
43,1242,6,2,20.0,with_chunking,LMM-2,11.875,11.831250000000008,0.612685631513659
43,1242,6,4,40.0,with_chunking,LMM-1,11.875,11.831249999999988,0.5600357848052508
43,1242,6,4,40.0,with_chunking,LMM-2,11.875,11.831249999999988,0.5600357848052508
43,1242,6,6,60.0,with_chunking,LMM-1,11.75,11.712499999999975,0.5117473630365847
43,1242,6,6,60.0,with_chunking,LMM-2,11.75,11.712499999999975,0.5117473630365847
43,1242,6,8,80.0,with_chunking,LMM-1,11.75,11.712499999999979,0.4669905395791005
43,1242,6,8,80.0,with_chunking,LMM-2,11.75,11.712499999999979,0.4669905395791005
43,1242,8,2,20.0,with_chunking,LMM-1,9.791666666666666,9.85208333333334,0.6544925297224307
43,1242,8,2,20.0,with_chunking,LMM-2,9.791666666666666,9.85208333333334,0.6544772287640874
43,1242,8,4,40.0,with_chunking,LMM-1,10.166666666666668,10.208333333333321,0.5673077035771343
43,1242,8,4,40.0,with_chunking,LMM-2,10.020833333333334,10.069791666666656,0.575180414334393
43,1242,8,6,60.0,with_chunking,LMM-1,10.083333333333332,10.129166666666645,0.5227504731661029
43,1242,8,6,60.0,with_chunking,LMM-2,9.791666666666666,9.852083333333312,0.5420179248124781
43,1242,8,8,80.0,with_chunking,LMM-1,10.083333333333334,10.129166666666649,0.4794120741578185
43,1242,8,8,80.0,with_chunking,LMM-2,9.8125,9.871874999999982,0.5177409061490444
43,1242,10,2,20.0,with_chunking,LMM-1,7.375,7.556250000000004,0.7516967860673676
43,1242,10,2,20.0,with_chunking,LMM-2,6.75,6.962500000000004,0.8006301141641855
43,1242,10,4,40.0,with_chunking,LMM-1,7.25,7.437499999999992,0.692886973462568
43,1242,10,4,40.0,with_chunking,LMM-2,6.1875,6.428124999999994,0.7770911243538878
43,1242,10,6,60.0,with_chunking,LMM-1,7.25,7.437499999999984,0.6531502471766001
43,1242,10,6,60.0,with_chunking,LMM-2,6.277777777777778,6.513888888888873,0.7532958815775059
43,1242,10,8,80.0,with_chunking,LMM-1,7.25,7.437499999999986,0.6152000312639485
43,1242,10,8,80.0,with_chunking,LMM-2,6.25,6.487499999999987,0.73523659359647
44,1243,4,2,20.0,with_chunking,LMM-1,10.25,10.287500000000005,0.6859775803526336
44,1243,4,2,20.0,with_chunking,LMM-2,10.25,10.287500000000005,0.6859775803526336
44,1243,4,4,40.0,with_chunking,LMM-1,10.25,10.28749999999999,0.613223126090912
44,1243,4,4,40.0,with_chunking,LMM-2,10.25,10.28749999999999,0.613223126090912
44,1243,4,6,60.0,with_chunking,LMM-1,10.25,10.287499999999978,0.5822808736355576
44,1243,4,6,60.0,with_chunking,LMM-2,10.25,10.287499999999978,0.5822808736355576
44,1243,4,8,80.0,with_chunking,LMM-1,10.25,10.28749999999998,0.5511399732223848
44,1243,4,8,80.0,with_chunking,LMM-2,10.25,10.28749999999998,0.5511399732223848
44,1243,6,2,20.0,with_chunking,LMM-1,8.75,8.862500000000004,0.7339257438840505
44,1243,6,2,20.0,with_chunking,LMM-2,8.75,8.862500000000004,0.7339094802243671
44,1243,6,4,40.0,with_chunking,LMM-1,8.75,8.86249999999999,0.6702160773274668
44,1243,6,4,40.0,with_chunking,LMM-2,8.625,8.743749999999991,0.6755853926434303
44,1243,6,6,60.0,with_chunking,LMM-1,8.75,8.862499999999981,0.6386269042155602
44,1243,6,6,60.0,with_chunking,LMM-2,8.458333333333334,8.585416666666648,0.6530301743364476
44,1243,6,8,80.0,with_chunking,LMM-1,8.75,8.862499999999983,0.6072237597758575
44,1243,6,8,80.0,with_chunking,LMM-2,8.53125,8.654687499999984,0.6192175420852327
44,1243,8,2,20.0,with_chunking,LMM-1,9.0,9.100000000000005,0.7728724751831049
44,1243,8,2,20.0,with_chunking,LMM-2,9.0,9.100000000000005,0.7728560252187552
44,1243,8,4,40.0,with_chunking,LMM-1,9.1875,9.27812499999999,0.7100963668532403
44,1243,8,4,40.0,with_chunking,LMM-2,9.3125,9.39687499999999,0.7091981214306706
44,1243,8,6,60.0,with_chunking,LMM-1,9.375,9.45624999999998,0.6756452487235576
44,1243,8,6,60.0,with_chunking,LMM-2,9.416666666666668,9.495833333333312,0.6759294199485739
44,1243,8,8,80.0,with_chunking,LMM-1,8.875,8.981249999999983,0.6825643401221438
44,1243,8,8,80.0,with_chunking,LMM-2,8.875,8.981249999999983,0.683739074450328
44,1243,10,2,20.0,with_chunking,LMM-1,9.875,9.931250000000007,0.739195011854497
44,1243,10,2,20.0,with_chunking,LMM-2,9.875,9.931250000000007,0.7390717337006241
44,1243,10,4,40.0,with_chunking,LMM-1,9.125,9.21874999999999,0.6928640320372359
44,1243,10,4,40.0,with_chunking,LMM-2,8.75,8.86249999999999,0.7084861641147455
44,1243,10,6,60.0,with_chunking,LMM-1,9.5,9.574999999999978,0.6532092664166735
44,1243,10,6,60.0,with_chunking,LMM-2,8.541666666666668,8.664583333333315,0.6928134306224654
44,1243,10,8,80.0,with_chunking,LMM-1,9.5,9.574999999999983,0.6233658718395116
44,1243,10,8,80.0,with_chunking,LMM-2,8.84375,8.951562499999984,0.6556838557623113
45,1244,4,2,20.0,with_chunking,LMM-1,11.5,11.475000000000009,0.7863816289106588
45,1244,4,2,20.0,with_chunking,LMM-2,11.5,11.475000000000009,0.7863816289106588
45,1244,4,4,40.0,with_chunking,LMM-1,11.5,11.474999999999987,0.7519106814171372
45,1244,4,4,40.0,with_chunking,LMM-2,11.5,11.474999999999987,0.7519106814171372
45,1244,4,6,60.0,with_chunking,LMM-1,11.5,11.474999999999975,0.7188592993509346
45,1244,4,6,60.0,with_chunking,LMM-2,11.5,11.474999999999975,0.7188592993509346
45,1244,4,8,80.0,with_chunking,LMM-1,11.5,11.47499999999998,0.6876206852981237
45,1244,4,8,80.0,with_chunking,LMM-2,11.5,11.47499999999998,0.6876206852981237
45,1244,6,2,20.0,with_chunking,LMM-1,10.625,10.643750000000006,0.7378470831326196
45,1244,6,2,20.0,with_chunking,LMM-2,10.625,10.643750000000006,0.7378470831326196
45,1244,6,4,40.0,with_chunking,LMM-1,10.625,10.64374999999999,0.704250788616302
45,1244,6,4,40.0,with_chunking,LMM-2,10.625,10.64374999999999,0.704250788616302
45,1244,6,6,60.0,with_chunking,LMM-1,10.625,10.643749999999976,0.672214976305392
45,1244,6,6,60.0,with_chunking,LMM-2,10.625,10.643749999999976,0.672214976305392
45,1244,6,8,80.0,with_chunking,LMM-1,10.625,10.643749999999981,0.641665334451155
45,1244,6,8,80.0,with_chunking,LMM-2,10.625,10.643749999999981,0.641665334451155
45,1244,8,2,20.0,with_chunking,LMM-1,10.25,10.287500000000005,0.7606688855636307
45,1244,8,2,20.0,with_chunking,LMM-2,10.25,10.287500000000005,0.7606688855636307
45,1244,8,4,40.0,with_chunking,LMM-1,10.25,10.28749999999999,0.7238383300857916
45,1244,8,4,40.0,with_chunking,LMM-2,10.25,10.28749999999999,0.7238383300857916
45,1244,8,6,60.0,with_chunking,LMM-1,10.25,10.287499999999977,0.688803051270173
45,1244,8,6,60.0,with_chunking,LMM-2,10.25,10.287499999999977,0.688803051270173
45,1244,8,8,80.0,with_chunking,LMM-1,10.25,10.287499999999982,0.6554749496643415
45,1244,8,8,80.0,with_chunking,LMM-2,10.25,10.287499999999982,0.6554749496643415
45,1244,10,2,20.0,with_chunking,LMM-1,9.75,9.812500000000005,0.7796249435200854
45,1244,10,2,20.0,with_chunking,LMM-2,9.5,9.575000000000006,0.7917682862739989
45,1244,10,4,40.0,with_chunking,LMM-1,9.75,9.81249999999999,0.7382365269022982
45,1244,10,4,40.0,with_chunking,LMM-2,9.3125,9.39687499999999,0.7693001558205907
45,1244,10,6,60.0,with_chunking,LMM-1,9.75,9.812499999999979,0.715631328227571
45,1244,10,6,60.0,with_chunking,LMM-2,9.208333333333334,9.297916666666648,0.7499477830663352
45,1244,10,8,80.0,with_chunking,LMM-1,9.75,9.812499999999982,0.6840695733197748
45,1244,10,8,80.0,with_chunking,LMM-2,9.25,9.337499999999983,0.7260725718351987
46,1245,4,2,20.0,with_chunking,LMM-1,13.0,12.90000000000001,0.729351205999457
46,1245,4,2,20.0,with_chunking,LMM-2,13.0,12.90000000000001,0.729351205999457
46,1245,4,4,40.0,with_chunking,LMM-1,13.0,12.899999999999986,0.6855737523022571
46,1245,4,4,40.0,with_chunking,LMM-2,13.0,12.899999999999986,0.6855737523022571
46,1245,4,6,60.0,with_chunking,LMM-1,13.0,12.899999999999972,0.6442980250976597
46,1245,4,6,60.0,with_chunking,LMM-2,13.0,12.899999999999972,0.6442980250976597
46,1245,4,8,80.0,with_chunking,LMM-1,13.0,12.899999999999977,0.6057862061536408
46,1245,4,8,80.0,with_chunking,LMM-2,13.0,12.899999999999977,0.6057862061536408
46,1245,6,2,20.0,with_chunking,LMM-1,8.0,8.150000000000004,0.8560440343691522
46,1245,6,2,20.0,with_chunking,LMM-2,8.0,8.150000000000004,0.8560440343691522
46,1245,6,4,40.0,with_chunking,LMM-1,8.0,8.149999999999991,0.8292981070550516
46,1245,6,4,40.0,with_chunking,LMM-2,8.0,8.149999999999991,0.8292981070550516
46,1245,6,6,60.0,with_chunking,LMM-1,8.0,8.149999999999983,0.8032952811695265
46,1245,6,6,60.0,with_chunking,LMM-2,8.0,8.149999999999983,0.8032952811695265
46,1245,6,8,80.0,with_chunking,LMM-1,8.0,8.149999999999984,0.7780913826733096
46,1245,6,8,80.0,with_chunking,LMM-2,8.0,8.149999999999984,0.7780913826733096
46,1245,8,2,20.0,with_chunking,LMM-1,8.5,8.625000000000004,0.8038382042733487
46,1245,8,2,20.0,with_chunking,LMM-2,8.25,8.387500000000003,0.8153652441852073
46,1245,8,4,40.0,with_chunking,LMM-1,8.5,8.624999999999991,0.7716449442011193
46,1245,8,4,40.0,with_chunking,LMM-2,8.25,8.387499999999992,0.7905065064764202
46,1245,8,6,60.0,with_chunking,LMM-1,8.5,8.62499999999998,0.7406815258632135
46,1245,8,6,60.0,with_chunking,LMM-2,8.25,8.387499999999982,0.7655056510592405
46,1245,8,8,80.0,with_chunking,LMM-1,8.5,8.624999999999984,0.7109107995824784
46,1245,8,8,80.0,with_chunking,LMM-2,8.1875,8.328124999999986,0.744505977362537
46,1245,10,2,20.0,with_chunking,LMM-1,6.375,6.606250000000003,0.8302244548895905
46,1245,10,2,20.0,with_chunking,LMM-2,5.875,6.131250000000003,0.8523664286079333
46,1245,10,4,40.0,with_chunking,LMM-1,6.375,6.606249999999992,0.8048739376079359
46,1245,10,4,40.0,with_chunking,LMM-2,6.125,6.368749999999993,0.8307143889172106
46,1245,10,6,60.0,with_chunking,LMM-1,6.375,6.606249999999985,0.780266605210542
46,1245,10,6,60.0,with_chunking,LMM-2,5.958333333333333,6.210416666666653,0.8219654488655377
46,1245,10,8,80.0,with_chunking,LMM-1,6.375,6.606249999999987,0.7563812207889624
46,1245,10,8,80.0,with_chunking,LMM-2,5.9375,6.190624999999988,0.8121735917870562
47,1246,4,2,20.0,with_chunking,LMM-1,11.125,11.118750000000007,0.7094224291242404
47,1246,4,2,20.0,with_chunking,LMM-2,11.125,11.118750000000007,0.7094224291242404
47,1246,4,4,40.0,with_chunking,LMM-1,11.375,11.35624999999999,0.6268331031121115
47,1246,4,4,40.0,with_chunking,LMM-2,11.375,11.35624999999999,0.6268331031121115
47,1246,4,6,60.0,with_chunking,LMM-1,11.375,11.356249999999974,0.5887235026162934
47,1246,4,6,60.0,with_chunking,LMM-2,11.375,11.356249999999974,0.5887235026162934
47,1246,4,8,80.0,with_chunking,LMM-1,11.375,11.35624999999998,0.5544277583399508
47,1246,4,8,80.0,with_chunking,LMM-2,11.375,11.35624999999998,0.5544277583399508
47,1246,6,2,20.0,with_chunking,LMM-1,10.25,10.287500000000005,0.6949938065426294
47,1246,6,2,20.0,with_chunking,LMM-2,10.25,10.287500000000005,0.6949938065426294
47,1246,6,4,40.0,with_chunking,LMM-1,10.25,10.28749999999999,0.6192771365836369
47,1246,6,4,40.0,with_chunking,LMM-2,10.25,10.28749999999999,0.6192771365836369
47,1246,6,6,60.0,with_chunking,LMM-1,10.25,10.287499999999978,0.5814461768799886
47,1246,6,6,60.0,with_chunking,LMM-2,10.25,10.287499999999978,0.5814461768799886
47,1246,6,8,80.0,with_chunking,LMM-1,10.25,10.28749999999998,0.5463791699413887
47,1246,6,8,80.0,with_chunking,LMM-2,10.25,10.28749999999998,0.5463791699413887
47,1246,8,2,20.0,with_chunking,LMM-1,9.5,9.575000000000006,0.7228295867874088
47,1246,8,2,20.0,with_chunking,LMM-2,9.5,9.575000000000006,0.7228142932587616
47,1246,8,4,40.0,with_chunking,LMM-1,9.75,9.81249999999999,0.6507216845432846
47,1246,8,4,40.0,with_chunking,LMM-2,9.375,9.45624999999999,0.6636837603994563
47,1246,8,6,60.0,with_chunking,LMM-1,9.75,9.812499999999979,0.6127936225450266
47,1246,8,6,60.0,with_chunking,LMM-2,9.291666666666668,9.377083333333314,0.6332471037322416
47,1246,8,8,80.0,with_chunking,LMM-1,9.75,9.812499999999982,0.584407190653828
47,1246,8,8,80.0,with_chunking,LMM-2,9.15625,9.248437499999984,0.6072197155447805
47,1246,10,2,20.0,with_chunking,LMM-1,7.833333333333333,7.991666666666671,0.7112567453414949
47,1246,10,2,20.0,with_chunking,LMM-2,7.416666666666667,7.595833333333337,0.7328914819438632
47,1246,10,4,40.0,with_chunking,LMM-1,7.833333333333333,7.991666666666658,0.6636473855410725
47,1246,10,4,40.0,with_chunking,LMM-2,6.979166666666667,7.180208333333326,0.7198101641376036
47,1246,10,6,60.0,with_chunking,LMM-1,7.833333333333333,7.991666666666649,0.6191516683730526
47,1246,10,6,60.0,with_chunking,LMM-2,6.930555555555555,7.134027777777762,0.6960249117279387
47,1246,10,8,80.0,with_chunking,LMM-1,7.833333333333333,7.991666666666652,0.5782101328014773
47,1246,10,8,80.0,with_chunking,LMM-2,7.0625,7.259374999999985,0.6737630268343677
48,1247,4,2,20.0,with_chunking,LMM-1,10.0,10.050000000000004,0.7309170672781633
48,1247,4,2,20.0,with_chunking,LMM-2,10.0,10.050000000000004,0.7309170672781633
48,1247,4,4,40.0,with_chunking,LMM-1,10.0,10.04999999999999,0.7065836445585305
48,1247,4,4,40.0,with_chunking,LMM-2,10.0,10.04999999999999,0.7065836445585305
48,1247,4,6,60.0,with_chunking,LMM-1,10.0,10.04999999999998,0.6831552880944429
48,1247,4,6,60.0,with_chunking,LMM-2,10.0,10.04999999999998,0.6831552880944429
48,1247,4,8,80.0,with_chunking,LMM-1,10.0,10.049999999999981,0.6605952369068335
48,1247,4,8,80.0,with_chunking,LMM-2,10.0,10.049999999999981,0.6605952369068335
48,1247,6,2,20.0,with_chunking,LMM-1,9.25,9.337500000000006,0.7641731194529865
48,1247,6,2,20.0,with_chunking,LMM-2,9.25,9.337500000000006,0.7641731194529865
48,1247,6,4,40.0,with_chunking,LMM-1,9.25,9.33749999999999,0.7404102380305395
48,1247,6,4,40.0,with_chunking,LMM-2,9.25,9.33749999999999,0.7404102380305395
48,1247,6,6,60.0,with_chunking,LMM-1,9.25,9.337499999999979,0.7175445745691111
48,1247,6,6,60.0,with_chunking,LMM-2,9.25,9.337499999999979,0.7175445745691111
48,1247,6,8,80.0,with_chunking,LMM-1,9.25,9.337499999999983,0.6955380932309979
48,1247,6,8,80.0,with_chunking,LMM-2,9.25,9.337499999999983,0.6955380932309979
48,1247,8,2,20.0,with_chunking,LMM-1,8.625,8.743750000000004,0.7517370203658744
48,1247,8,2,20.0,with_chunking,LMM-2,8.625,8.743750000000004,0.7516996829315423
48,1247,8,4,40.0,with_chunking,LMM-1,8.625,8.743749999999991,0.7260265107964246
48,1247,8,4,40.0,with_chunking,LMM-2,8.375,8.50624999999999,0.7416408349479922
48,1247,8,6,60.0,with_chunking,LMM-1,8.625,8.74374999999998,0.7013546359258915
48,1247,8,6,60.0,with_chunking,LMM-2,8.48611111111111,8.611805555555536,0.7157691743956502
48,1247,8,8,80.0,with_chunking,LMM-1,8.625,8.743749999999984,0.6776749114851528
48,1247,8,8,80.0,with_chunking,LMM-2,8.520833333333332,8.64479166666665,0.6935768292928096
48,1247,10,2,20.0,with_chunking,LMM-1,7.666666666666666,7.833333333333337,0.7732266921942778
48,1247,10,2,20.0,with_chunking,LMM-2,7.583333333333333,7.75416666666667,0.7779835885968052
48,1247,10,4,40.0,with_chunking,LMM-1,7.666666666666666,7.833333333333325,0.7463757947739447
48,1247,10,4,40.0,with_chunking,LMM-2,7.583333333333333,7.754166666666658,0.7522173377778765
48,1247,10,6,60.0,with_chunking,LMM-1,7.666666666666667,7.833333333333315,0.7206433920888249
48,1247,10,6,60.0,with_chunking,LMM-2,7.638888888888889,7.806944444444426,0.7267554836600062
48,1247,10,8,80.0,with_chunking,LMM-1,7.666666666666666,7.833333333333318,0.6959768935628299
48,1247,10,8,80.0,with_chunking,LMM-2,7.625,7.793749999999985,0.7062911695493144
49,1248,4,2,20.0,with_chunking,LMM-1,11.0,11.000000000000007,0.7035780718645153
49,1248,4,2,20.0,with_chunking,LMM-2,11.0,11.000000000000007,0.7035780718645153
49,1248,4,4,40.0,with_chunking,LMM-1,11.0,10.99999999999999,0.659405394282601
49,1248,4,4,40.0,with_chunking,LMM-2,11.0,10.99999999999999,0.659405394282601
49,1248,4,6,60.0,with_chunking,LMM-1,11.0,10.999999999999975,0.6181062752195486
49,1248,4,6,60.0,with_chunking,LMM-2,11.0,10.999999999999975,0.6181062752195486
49,1248,4,8,80.0,with_chunking,LMM-1,11.0,10.99999999999998,0.5800834857144412
49,1248,4,8,80.0,with_chunking,LMM-2,11.0,10.99999999999998,0.5800834857144412
49,1248,6,2,20.0,with_chunking,LMM-1,9.75,9.812500000000005,0.744850933537007
49,1248,6,2,20.0,with_chunking,LMM-2,9.75,9.812500000000005,0.744850933537007
49,1248,6,4,40.0,with_chunking,LMM-1,9.75,9.81249999999999,0.7033326654954659
49,1248,6,4,40.0,with_chunking,LMM-2,9.75,9.81249999999999,0.7033326654954659
49,1248,6,6,60.0,with_chunking,LMM-1,9.75,9.812499999999979,0.6641886920015657
49,1248,6,6,60.0,with_chunking,LMM-2,9.75,9.812499999999979,0.6641886920015657
49,1248,6,8,80.0,with_chunking,LMM-1,9.75,9.812499999999982,0.6273621617747462
49,1248,6,8,80.0,with_chunking,LMM-2,9.75,9.812499999999982,0.6273621617747462
49,1248,8,2,20.0,with_chunking,LMM-1,8.75,8.862500000000004,0.7819467678963823
49,1248,8,2,20.0,with_chunking,LMM-2,8.75,8.862500000000004,0.7819467678963823
49,1248,8,4,40.0,with_chunking,LMM-1,8.729166666666668,8.842708333333324,0.7016789409043773
49,1248,8,4,40.0,with_chunking,LMM-2,8.5625,8.684374999999992,0.7114712409543107
49,1248,8,6,60.0,with_chunking,LMM-1,8.666666666666666,8.783333333333314,0.6503712227923639
49,1248,8,6,60.0,with_chunking,LMM-2,8.055555555555557,8.20277777777776,0.6804996472704884
49,1248,8,8,80.0,with_chunking,LMM-1,8.75,8.862499999999983,0.6136801207157815
49,1248,8,8,80.0,with_chunking,LMM-2,9.125,9.218749999999982,0.5822824059001745
49,1248,10,2,20.0,with_chunking,LMM-1,8.5,8.625000000000004,0.7934054603605162
49,1248,10,2,20.0,with_chunking,LMM-2,7.75,7.912500000000003,0.8133710698353163
49,1248,10,4,40.0,with_chunking,LMM-1,8.375,8.50624999999999,0.7211363036691784
49,1248,10,4,40.0,with_chunking,LMM-2,8.041666666666668,8.189583333333324,0.691517006814519
49,1248,10,6,60.0,with_chunking,LMM-1,8.333333333333334,8.466666666666647,0.6708919812025305
49,1248,10,6,60.0,with_chunking,LMM-2,8.194444444444445,8.334722222222204,0.6372247536327771
49,1248,10,8,80.0,with_chunking,LMM-1,8.333333333333332,8.46666666666665,0.6358994164930589
49,1248,10,8,80.0,with_chunking,LMM-2,8.229166666666668,8.367708333333319,0.60850730449642
50,1249,4,2,20.0,with_chunking,LMM-1,9.5,9.575000000000006,0.8144206281111047
50,1249,4,2,20.0,with_chunking,LMM-2,9.5,9.575000000000006,0.8144206281111047
50,1249,4,4,40.0,with_chunking,LMM-1,9.5,9.57499999999999,0.7832056893232806
50,1249,4,4,40.0,with_chunking,LMM-2,9.5,9.57499999999999,0.7832056893232806
50,1249,4,6,60.0,with_chunking,LMM-1,9.5,9.57499999999998,0.753083537998758
50,1249,4,6,60.0,with_chunking,LMM-2,9.5,9.57499999999998,0.753083537998758
50,1249,4,8,80.0,with_chunking,LMM-1,9.5,9.574999999999982,0.7250700921516209
50,1249,4,8,80.0,with_chunking,LMM-2,9.5,9.574999999999982,0.7250700921516209
50,1249,6,2,20.0,with_chunking,LMM-1,12.25,12.187500000000009,0.7291584346072755
50,1249,6,2,20.0,with_chunking,LMM-2,12.25,12.187500000000009,0.7291584346072755
50,1249,6,4,40.0,with_chunking,LMM-1,12.125,12.068749999999985,0.6961683480034493
50,1249,6,4,40.0,with_chunking,LMM-2,11.9375,11.890624999999986,0.7026607515126526
50,1249,6,6,60.0,with_chunking,LMM-1,12.125,12.068749999999973,0.65657836229521
50,1249,6,6,60.0,with_chunking,LMM-2,12.0,11.94999999999997,0.6613214187639114
50,1249,6,8,80.0,with_chunking,LMM-1,12.125,12.06874999999998,0.6191430817332252
50,1249,6,8,80.0,with_chunking,LMM-2,12.03125,11.97968749999998,0.6235844718835966
50,1249,8,2,20.0,with_chunking,LMM-1,12.0,11.950000000000008,0.7414159524678451
50,1249,8,2,20.0,with_chunking,LMM-2,11.75,11.71250000000001,0.7508166429473029
50,1249,8,4,40.0,with_chunking,LMM-1,12.0,11.949999999999985,0.6949283780983844
50,1249,8,4,40.0,with_chunking,LMM-2,11.6875,11.653124999999987,0.7144173284590636
50,1249,8,6,60.0,with_chunking,LMM-1,12.0,11.949999999999974,0.6625704772634529
50,1249,8,6,60.0,with_chunking,LMM-2,11.625,11.593749999999973,0.6807497390483578
50,1249,8,8,80.0,with_chunking,LMM-1,12.0,11.94999999999998,0.6250679823646232
50,1249,8,8,80.0,with_chunking,LMM-2,11.6875,11.653124999999982,0.644288978501447
50,1249,10,2,20.0,with_chunking,LMM-1,9.333333333333334,9.416666666666671,0.7587868989482741
50,1249,10,2,20.0,with_chunking,LMM-2,9.333333333333334,9.416666666666671,0.758719429246255
50,1249,10,4,40.0,with_chunking,LMM-1,9.333333333333334,9.416666666666657,0.7169387282411913
50,1249,10,4,40.0,with_chunking,LMM-2,9.083333333333332,9.179166666666658,0.7357882702045472
50,1249,10,6,60.0,with_chunking,LMM-1,9.333333333333334,9.416666666666647,0.6886235831712317
50,1249,10,6,60.0,with_chunking,LMM-2,9.194444444444443,9.284722222222202,0.7014973689050423
50,1249,10,8,80.0,with_chunking,LMM-1,9.333333333333334,9.41666666666665,0.6547688586782998
50,1249,10,8,80.0,with_chunking,LMM-2,9.083333333333332,9.17916666666665,0.6757074709318658
51,1250,4,2,20.0,with_chunking,LMM-1,12.5,12.42500000000001,0.7567696298465414
51,1250,4,2,20.0,with_chunking,LMM-2,12.5,12.42500000000001,0.7567696298465414
51,1250,4,4,40.0,with_chunking,LMM-1,12.5,12.424999999999986,0.7126842003134651
51,1250,4,4,40.0,with_chunking,LMM-2,12.5,12.424999999999986,0.7126842003134651
51,1250,4,6,60.0,with_chunking,LMM-1,12.5,12.424999999999972,0.6710574084736365
51,1250,4,6,60.0,with_chunking,LMM-2,12.5,12.424999999999972,0.6710574084736365
51,1250,4,8,80.0,with_chunking,LMM-1,12.5,19.09062499999999,0.3694428054997883
51,1250,4,8,80.0,with_chunking,LMM-2,12.5,15.340624999999989,0.3694428054997883
51,1250,6,2,20.0,with_chunking,LMM-1,10.5,10.525000000000006,0.8242300178239707
51,1250,6,2,20.0,with_chunking,LMM-2,10.5,10.525000000000006,0.8242300178239707
51,1250,6,4,40.0,with_chunking,LMM-1,10.5,10.52499999999999,0.7888599110199628
51,1250,6,4,40.0,with_chunking,LMM-2,10.5,10.52499999999999,0.7888599110199628
51,1250,6,6,60.0,with_chunking,LMM-1,10.5,10.524999999999977,0.7549236027367789
51,1250,6,6,60.0,with_chunking,LMM-2,10.5,10.524999999999977,0.7549236027367789
51,1250,6,8,80.0,with_chunking,LMM-1,10.5,10.52499999999998,0.7224416215302296
51,1250,6,8,80.0,with_chunking,LMM-2,10.5,10.52499999999998,0.7224416215302296
51,1250,8,2,20.0,with_chunking,LMM-1,9.5,9.575000000000006,0.8574592307708374
51,1250,8,2,20.0,with_chunking,LMM-2,9.5,9.575000000000006,0.8574592307708374
51,1250,8,4,40.0,with_chunking,LMM-1,9.5,9.57499999999999,0.8365286495160889
51,1250,8,4,40.0,with_chunking,LMM-2,9.5,9.57499999999999,0.8365286495160889
51,1250,8,6,60.0,with_chunking,LMM-1,9.5,9.574999999999978,0.8160906857513422
51,1250,8,6,60.0,with_chunking,LMM-2,9.5,9.574999999999978,0.8160906857513422
51,1250,8,8,80.0,with_chunking,LMM-1,9.5,9.574999999999982,0.7961343445434278
51,1250,8,8,80.0,with_chunking,LMM-2,9.5,9.574999999999982,0.7961343445434278
51,1250,10,2,20.0,with_chunking,LMM-1,7.75,7.912500000000004,0.7788006911896017
51,1250,10,2,20.0,with_chunking,LMM-2,7.25,7.4375000000000036,0.796893146818473
51,1250,10,4,40.0,with_chunking,LMM-1,7.75,7.912499999999992,0.736737895040785
51,1250,10,4,40.0,with_chunking,LMM-2,7.0,7.199999999999992,0.7842072811204099
51,1250,10,6,60.0,with_chunking,LMM-1,7.75,7.912499999999983,0.6968401987951667
51,1250,10,6,60.0,with_chunking,LMM-2,7.083333333333333,7.279166666666651,0.7595414978439439
51,1250,10,8,80.0,with_chunking,LMM-1,7.75,7.912499999999985,0.6590020813899486
51,1250,10,8,80.0,with_chunking,LMM-2,6.75,6.962499999999988,0.749948887562599
52,1251,4,2,20.0,with_chunking,LMM-1,11.625,11.593750000000007,0.6384135372269027
52,1251,4,2,20.0,with_chunking,LMM-2,11.625,11.593750000000007,0.6384135372269027
52,1251,4,4,40.0,with_chunking,LMM-1,11.375,11.356249999999989,0.5520464782252323
52,1251,4,4,40.0,with_chunking,LMM-2,11.375,11.356249999999989,0.5520464782252323
52,1251,4,6,60.0,with_chunking,LMM-1,11.375,11.356249999999974,0.5051496423623387
52,1251,4,6,60.0,with_chunking,LMM-2,11.375,11.356249999999974,0.5051496423623387
52,1251,4,8,80.0,with_chunking,LMM-1,11.375,11.35624999999998,0.46433268310934184
52,1251,4,8,80.0,with_chunking,LMM-2,11.375,11.35624999999998,0.46433268310934184
52,1251,6,2,20.0,with_chunking,LMM-1,8.5,8.625000000000004,0.7665561638282039
52,1251,6,2,20.0,with_chunking,LMM-2,8.625,8.743750000000006,0.7396822821548704
52,1251,6,4,40.0,with_chunking,LMM-1,8.5,8.624999999999991,0.7307912381397763
52,1251,6,4,40.0,with_chunking,LMM-2,8.75,8.862499999999992,0.704934194946882
52,1251,6,6,60.0,with_chunking,LMM-1,8.5,8.62499999999998,0.6967341407050746
52,1251,6,6,60.0,with_chunking,LMM-2,8.416666666666668,8.545833333333315,0.695575052836132
52,1251,6,8,80.0,with_chunking,LMM-1,8.5,8.624999999999984,0.6643575685787959
52,1251,6,8,80.0,with_chunking,LMM-2,8.6875,8.803124999999984,0.6606641391474588
52,1251,8,2,20.0,with_chunking,LMM-1,8.875,8.981250000000003,0.7092070757023214
52,1251,8,2,20.0,with_chunking,LMM-2,8.75,8.862500000000004,0.7141323347763824
52,1251,8,4,40.0,with_chunking,LMM-1,8.625,8.743749999999991,0.6797106477508138
52,1251,8,4,40.0,with_chunking,LMM-2,8.625,8.743749999999991,0.6895074648385124
52,1251,8,6,60.0,with_chunking,LMM-1,8.625,8.74374999999998,0.6444733862147496
52,1251,8,6,60.0,with_chunking,LMM-2,8.458333333333334,8.585416666666648,0.6669028791847231
52,1251,8,8,80.0,with_chunking,LMM-1,8.625,8.743749999999984,0.6109777582616699
52,1251,8,8,80.0,with_chunking,LMM-2,7.59375,7.764062499999985,0.676968498268492
52,1251,10,2,20.0,with_chunking,LMM-1,7.5,7.6750000000000025,0.7576208368115713
52,1251,10,2,20.0,with_chunking,LMM-2,6.125,6.368750000000003,0.8107687649594946
52,1251,10,4,40.0,with_chunking,LMM-1,7.5,7.674999999999992,0.7221233048415281
52,1251,10,4,40.0,with_chunking,LMM-2,5.1875,5.478124999999994,0.8259115034077997
52,1251,10,6,60.0,with_chunking,LMM-1,7.625,7.793749999999983,0.6889262804993974
52,1251,10,6,60.0,with_chunking,LMM-2,5.0,5.299999999999988,0.8237621133962216
52,1251,10,8,80.0,with_chunking,LMM-1,7.625,7.793749999999986,0.657641504115477
52,1251,10,8,80.0,with_chunking,LMM-2,5.78125,6.042187499999989,0.7730321035902084
53,1252,4,2,20.0,with_chunking,LMM-1,14.0,13.850000000000009,0.7293899432387723
53,1252,4,2,20.0,with_chunking,LMM-2,14.0,13.850000000000009,0.7293899432387723
53,1252,4,4,40.0,with_chunking,LMM-1,14.0,13.849999999999984,0.68890822955444
53,1252,4,4,40.0,with_chunking,LMM-2,14.0,13.849999999999984,0.68890822955444
53,1252,4,6,60.0,with_chunking,LMM-1,14.0,13.849999999999968,0.6506115084575679
53,1252,4,6,60.0,with_chunking,LMM-2,14.0,13.849999999999968,0.6506115084575679
53,1252,4,8,80.0,with_chunking,LMM-1,14.0,13.849999999999977,0.6148873366565165
53,1252,4,8,80.0,with_chunking,LMM-2,14.0,13.849999999999977,0.6148873366565165
53,1252,6,2,20.0,with_chunking,LMM-1,13.5,13.375000000000009,0.7517478156487758
53,1252,6,2,20.0,with_chunking,LMM-2,13.5,13.375000000000009,0.7517478156487758
53,1252,6,4,40.0,with_chunking,LMM-1,13.5,13.374999999999984,0.717797794084911
53,1252,6,4,40.0,with_chunking,LMM-2,13.5,13.374999999999984,0.717797794084911
53,1252,6,6,60.0,with_chunking,LMM-1,13.5,13.37499999999997,0.6853508827568529
53,1252,6,6,60.0,with_chunking,LMM-2,13.5,13.37499999999997,0.6853508827568529
53,1252,6,8,80.0,with_chunking,LMM-1,13.5,13.374999999999977,0.6543421980019015
53,1252,6,8,80.0,with_chunking,LMM-2,13.5,13.374999999999977,0.6543421980019015
53,1252,8,2,20.0,with_chunking,LMM-1,10.0,10.050000000000006,0.8371284437468066
53,1252,8,2,20.0,with_chunking,LMM-2,10.0,10.050000000000006,0.8371284437468066
53,1252,8,4,40.0,with_chunking,LMM-1,10.0,10.04999999999999,0.811755195790222
53,1252,8,4,40.0,with_chunking,LMM-2,10.0,10.04999999999999,0.811755195790222
53,1252,8,6,60.0,with_chunking,LMM-1,10.0,10.049999999999978,0.7870892037906416
53,1252,8,6,60.0,with_chunking,LMM-2,10.0,10.049999999999978,0.7870892037906416
53,1252,8,8,80.0,with_chunking,LMM-1,10.0,10.049999999999981,0.7631125894409974
53,1252,8,8,80.0,with_chunking,LMM-2,10.0,10.049999999999981,0.7631125894409974
53,1252,10,2,20.0,with_chunking,LMM-1,7.5,7.675000000000003,0.8815976584369275
53,1252,10,2,20.0,with_chunking,LMM-2,7.5,7.675000000000003,0.8815976584369275
53,1252,10,4,40.0,with_chunking,LMM-1,7.5,7.674999999999992,0.865315031367295
53,1252,10,4,40.0,with_chunking,LMM-2,7.5,7.674999999999992,0.865315031367295
53,1252,10,6,60.0,with_chunking,LMM-1,7.5,7.674999999999983,0.8493044907948109
53,1252,10,6,60.0,with_chunking,LMM-2,7.5,7.674999999999983,0.8493044907948109
53,1252,10,8,80.0,with_chunking,LMM-1,7.5,7.674999999999986,0.8335620226091842
53,1252,10,8,80.0,with_chunking,LMM-2,7.5,7.674999999999986,0.8335620226091842
54,1253,4,2,20.0,with_chunking,LMM-1,12.0,11.950000000000008,0.770060146043048
54,1253,4,2,20.0,with_chunking,LMM-2,12.0,11.950000000000008,0.770060146043048
54,1253,4,4,40.0,with_chunking,LMM-1,12.0,11.949999999999989,0.7321412255079053
54,1253,4,4,40.0,with_chunking,LMM-2,12.0,11.949999999999989,0.7321412255079053
54,1253,4,6,60.0,with_chunking,LMM-1,12.0,11.949999999999974,0.6959884447397175
54,1253,4,6,60.0,with_chunking,LMM-2,12.0,11.949999999999974,0.6959884447397175
54,1253,4,8,80.0,with_chunking,LMM-1,12.0,11.94999999999998,0.6615248118182837
54,1253,4,8,80.0,with_chunking,LMM-2,12.0,11.94999999999998,0.6615248118182837
54,1253,6,2,20.0,with_chunking,LMM-1,12.5,12.425000000000008,0.7592969500025893
54,1253,6,2,20.0,with_chunking,LMM-2,12.5,12.425000000000008,0.7592969500025893
54,1253,6,4,40.0,with_chunking,LMM-1,12.5,12.424999999999986,0.7167177369132043
54,1253,6,4,40.0,with_chunking,LMM-2,12.5,12.424999999999986,0.7167177369132043
54,1253,6,6,60.0,with_chunking,LMM-1,12.5,12.424999999999974,0.6764078704793943
54,1253,6,6,60.0,with_chunking,LMM-2,12.5,12.424999999999974,0.6764078704793943
54,1253,6,8,80.0,with_chunking,LMM-1,12.5,12.42499999999998,0.6382641433811463
54,1253,6,8,80.0,with_chunking,LMM-2,12.5,12.42499999999998,0.6382641433811463
54,1253,8,2,20.0,with_chunking,LMM-1,9.5,9.575000000000006,0.8276138041047825
54,1253,8,2,20.0,with_chunking,LMM-2,9.5,9.575000000000006,0.8276138041047825
54,1253,8,4,40.0,with_chunking,LMM-1,9.5,9.57499999999999,0.7949864913685112
54,1253,8,4,40.0,with_chunking,LMM-2,9.5,9.57499999999999,0.7949864913685112
54,1253,8,6,60.0,with_chunking,LMM-1,9.5,9.57499999999998,0.7635420657509508
54,1253,8,6,60.0,with_chunking,LMM-2,9.5,9.57499999999998,0.7635420657509508
54,1253,8,8,80.0,with_chunking,LMM-1,9.5,9.574999999999982,0.7332417812793799
54,1253,8,8,80.0,with_chunking,LMM-2,9.5,9.574999999999982,0.7332417812793799
54,1253,10,2,20.0,with_chunking,LMM-1,9.0,9.100000000000005,0.8487557587679477
54,1253,10,2,20.0,with_chunking,LMM-2,9.0,9.100000000000005,0.8487557587679477
54,1253,10,4,40.0,with_chunking,LMM-1,9.0,9.09999999999999,0.8172778019180451
54,1253,10,4,40.0,with_chunking,LMM-2,9.0,9.09999999999999,0.8172778019180451
54,1253,10,6,60.0,with_chunking,LMM-1,9.0,9.09999999999998,0.7868710163524804
54,1253,10,6,60.0,with_chunking,LMM-2,9.0,9.09999999999998,0.7868710163524804
54,1253,10,8,80.0,with_chunking,LMM-1,9.0,9.099999999999984,0.757502518620238
54,1253,10,8,80.0,with_chunking,LMM-2,9.0,9.099999999999984,0.757502518620238
55,1254,4,2,20.0,with_chunking,LMM-1,11.75,11.712500000000007,0.7004973644877446
55,1254,4,2,20.0,with_chunking,LMM-2,11.75,11.712500000000007,0.7004973644877446
55,1254,4,4,40.0,with_chunking,LMM-1,11.75,11.712499999999988,0.6560375830819132
55,1254,4,4,40.0,with_chunking,LMM-2,11.75,11.712499999999988,0.6560375830819132
55,1254,4,6,60.0,with_chunking,LMM-1,11.75,11.712499999999974,0.614523060320149
55,1254,4,6,60.0,with_chunking,LMM-2,11.75,11.712499999999974,0.614523060320149
55,1254,4,8,80.0,with_chunking,LMM-1,11.75,11.71249999999998,0.5757494591636789
55,1254,4,8,80.0,with_chunking,LMM-2,11.75,11.71249999999998,0.5757494591636789
55,1254,6,2,20.0,with_chunking,LMM-1,10.75,10.762500000000006,0.7286823488166867
55,1254,6,2,20.0,with_chunking,LMM-2,10.75,10.762500000000006,0.7286823488166867
55,1254,6,4,40.0,with_chunking,LMM-1,10.75,10.762499999999989,0.6870937736541138
55,1254,6,4,40.0,with_chunking,LMM-2,10.75,10.762499999999989,0.6870937736541138
55,1254,6,6,60.0,with_chunking,LMM-1,10.75,10.762499999999976,0.6479841040433512
55,1254,6,6,60.0,with_chunking,LMM-2,10.75,10.762499999999976,0.6479841040433512
55,1254,6,8,80.0,with_chunking,LMM-1,10.875,10.88124999999998,0.633611308569838
55,1254,6,8,80.0,with_chunking,LMM-2,10.875,10.88124999999998,0.633611308569838
55,1254,8,2,20.0,with_chunking,LMM-1,10.875,10.881250000000007,0.7266680240151251
55,1254,8,2,20.0,with_chunking,LMM-2,10.875,10.881250000000007,0.7266680240151251
55,1254,8,4,40.0,with_chunking,LMM-1,10.875,10.881249999999989,0.6859057978427718
55,1254,8,4,40.0,with_chunking,LMM-2,10.875,10.881249999999989,0.6859057978427718
55,1254,8,6,60.0,with_chunking,LMM-1,10.875,10.881249999999977,0.6475041301255238
55,1254,8,6,60.0,with_chunking,LMM-2,10.875,10.881249999999977,0.6475041301255238
55,1254,8,8,80.0,with_chunking,LMM-1,11.125,11.11874999999998,0.6389212577857704
55,1254,8,8,80.0,with_chunking,LMM-2,11.125,11.11874999999998,0.6389212577857704
55,1254,10,2,20.0,with_chunking,LMM-1,10.625,10.643750000000008,0.7399884591726968
55,1254,10,2,20.0,with_chunking,LMM-2,10.625,10.643750000000008,0.7399884591726968
55,1254,10,4,40.0,with_chunking,LMM-1,10.625,10.643749999999988,0.7001795497848178
55,1254,10,4,40.0,with_chunking,LMM-2,10.625,10.643749999999988,0.7001795497848178
55,1254,10,6,60.0,with_chunking,LMM-1,10.625,10.643749999999976,0.6625653602250533
55,1254,10,6,60.0,with_chunking,LMM-2,10.625,10.643749999999976,0.6625653602250533
55,1254,10,8,80.0,with_chunking,LMM-1,10.625,10.643749999999981,0.6270222203652969
55,1254,10,8,80.0,with_chunking,LMM-2,10.625,10.643749999999981,0.6270222203652969
56,1255,4,2,20.0,with_chunking,LMM-1,11.5,11.475000000000009,0.7086609827432839
56,1255,4,2,20.0,with_chunking,LMM-2,11.5,11.475000000000009,0.7086546374527044
56,1255,4,4,40.0,with_chunking,LMM-1,11.5,11.474999999999989,0.6760010299301777
56,1255,4,4,40.0,with_chunking,LMM-2,11.416666666666668,11.395833333333321,0.6798044922606225
56,1255,4,6,60.0,with_chunking,LMM-1,11.5,11.474999999999975,0.6449846814882205
56,1255,4,6,60.0,with_chunking,LMM-2,11.38888888888889,11.369444444444419,0.6500612320074672
56,1255,4,8,80.0,with_chunking,LMM-1,11.5,11.47499999999998,0.6155194134785857
56,1255,4,8,80.0,with_chunking,LMM-2,11.291666666666668,11.277083333333314,0.6249912125563243
56,1255,6,2,20.0,with_chunking,LMM-1,8.25,8.387500000000003,0.7825111984064406
56,1255,6,2,20.0,with_chunking,LMM-2,8.125,8.268750000000004,0.7879685072460803
56,1255,6,4,40.0,with_chunking,LMM-1,8.25,8.387499999999992,0.7560626426170644
56,1255,6,4,40.0,with_chunking,LMM-2,8.25,8.387499999999992,0.7504990550377397
56,1255,6,6,60.0,with_chunking,LMM-1,8.25,8.387499999999982,0.7305603313854208
56,1255,6,6,60.0,with_chunking,LMM-2,8.055555555555555,8.20277777777776,0.7360346983304749
56,1255,6,8,80.0,with_chunking,LMM-1,8.25,8.387499999999985,0.7061671316952274
56,1255,6,8,80.0,with_chunking,LMM-2,8.166666666666666,8.308333333333318,0.6787209751187823
56,1255,8,2,20.0,with_chunking,LMM-1,8.5,8.625000000000004,0.7386428601369195
56,1255,8,2,20.0,with_chunking,LMM-2,8.333333333333334,8.46666666666667,0.7475008691815657
56,1255,8,4,40.0,with_chunking,LMM-1,8.5,8.62499999999999,0.7013398897682721
56,1255,8,4,40.0,with_chunking,LMM-2,8.416666666666666,8.545833333333324,0.7113889371436632
56,1255,8,6,60.0,with_chunking,LMM-1,8.5,8.62499999999998,0.6682259497982395
56,1255,8,6,60.0,with_chunking,LMM-2,8.25,8.387499999999982,0.6902758000504883
56,1255,8,8,80.0,with_chunking,LMM-1,8.0,8.149999999999984,0.6759678236693956
56,1255,8,8,80.0,with_chunking,LMM-2,7.708333333333334,7.872916666666652,0.7037223835967046
56,1255,10,2,20.0,with_chunking,LMM-1,7.666666666666666,7.8333333333333375,0.7136628568725277
56,1255,10,2,20.0,with_chunking,LMM-2,6.666666666666666,6.8833333333333355,0.7559092914027945
56,1255,10,4,40.0,with_chunking,LMM-1,8.0,8.149999999999991,0.6143095394601001
56,1255,10,4,40.0,with_chunking,LMM-2,7.510416666666666,7.684895833333325,0.6587326686427711
56,1255,10,6,60.0,with_chunking,LMM-1,8.0,8.149999999999983,0.5853948144887671
56,1255,10,6,60.0,with_chunking,LMM-2,7.0,7.199999999999984,0.6597043718753794
56,1255,10,8,80.0,with_chunking,LMM-1,8.0,8.149999999999984,0.5495445160297321
56,1255,10,8,80.0,with_chunking,LMM-2,6.8125,7.021874999999987,0.6653252293554364
57,1256,4,2,20.0,with_chunking,LMM-1,11.25,11.237500000000008,0.6897566315914553
57,1256,4,2,20.0,with_chunking,LMM-2,11.25,11.237500000000008,0.6897566315914553
57,1256,4,4,40.0,with_chunking,LMM-1,11.25,11.237499999999988,0.6427059152119425
57,1256,4,4,40.0,with_chunking,LMM-2,11.25,11.237499999999988,0.6427059152119425
57,1256,4,6,60.0,with_chunking,LMM-1,11.25,11.237499999999976,0.5989852840054204
57,1256,4,6,60.0,with_chunking,LMM-2,11.25,11.237499999999976,0.5989852840054204
57,1256,4,8,80.0,with_chunking,LMM-1,12.0,11.949999999999978,0.5832126837308935
57,1256,4,8,80.0,with_chunking,LMM-2,12.0,11.949999999999978,0.5832126837308935
57,1256,6,2,20.0,with_chunking,LMM-1,9.375,9.456250000000004,0.7979262451225846
57,1256,6,2,20.0,with_chunking,LMM-2,9.375,9.456250000000004,0.7979262451225846
57,1256,6,4,40.0,with_chunking,LMM-1,9.375,9.45624999999999,0.7713330478453084
57,1256,6,4,40.0,with_chunking,LMM-2,9.375,9.45624999999999,0.7713330478453084
57,1256,6,6,60.0,with_chunking,LMM-1,9.375,9.45624999999998,0.745594110780248
57,1256,6,6,60.0,with_chunking,LMM-2,9.375,9.45624999999998,0.745594110780248
57,1256,6,8,80.0,with_chunking,LMM-1,9.375,9.456249999999983,0.7207199766530448
57,1256,6,8,80.0,with_chunking,LMM-2,9.375,9.456249999999983,0.7207199766530448
57,1256,8,2,20.0,with_chunking,LMM-1,8.5,8.625000000000004,0.7419538330467019
57,1256,8,2,20.0,with_chunking,LMM-2,8.25,8.387500000000003,0.7533817015088526
57,1256,8,4,40.0,with_chunking,LMM-1,8.5,8.62499999999999,0.7037366199571398
57,1256,8,4,40.0,with_chunking,LMM-2,8.125,8.268749999999992,0.725507866211669
57,1256,8,6,60.0,with_chunking,LMM-1,8.5,8.62499999999998,0.667399400904386
57,1256,8,6,60.0,with_chunking,LMM-2,7.708333333333334,7.872916666666649,0.7091568168236466
57,1256,8,8,80.0,with_chunking,LMM-1,8.375,8.506249999999984,0.6491893638724227
57,1256,8,8,80.0,with_chunking,LMM-2,7.71875,7.882812499999986,0.6797019103882495
57,1256,10,2,20.0,with_chunking,LMM-1,8.375,8.506250000000005,0.7107227120989004
57,1256,10,2,20.0,with_chunking,LMM-2,7.25,7.4375000000000036,0.7565884579623119
57,1256,10,4,40.0,with_chunking,LMM-1,8.375,8.50624999999999,0.6697369035598482
57,1256,10,4,40.0,with_chunking,LMM-2,7.229166666666667,7.417708333333326,0.7247543687986739
57,1256,10,6,60.0,with_chunking,LMM-1,8.375,8.50624999999998,0.6317506236681443
57,1256,10,6,60.0,with_chunking,LMM-2,6.958333333333334,7.16041666666665,0.7114284687064125
57,1256,10,8,80.0,with_chunking,LMM-1,8.375,8.506249999999984,0.5957976465400412
57,1256,10,8,80.0,with_chunking,LMM-2,6.65625,6.873437499999988,0.7056230500745655
58,1257,4,2,20.0,with_chunking,LMM-1,10.5,10.525000000000006,0.826733858534008
58,1257,4,2,20.0,with_chunking,LMM-2,10.5,10.525000000000006,0.826733858534008
58,1257,4,4,40.0,with_chunking,LMM-1,10.6875,10.70312499999999,0.7392925496505698
58,1257,4,4,40.0,with_chunking,LMM-2,10.6875,10.70312499999999,0.7392925496505698
58,1257,4,6,60.0,with_chunking,LMM-1,10.625,10.643749999999978,0.7235755679549142
58,1257,4,6,60.0,with_chunking,LMM-2,10.625,10.643749999999978,0.7235755679549142
58,1257,4,8,80.0,with_chunking,LMM-1,10.75,10.762499999999982,0.6479879850922046
58,1257,4,8,80.0,with_chunking,LMM-2,10.75,10.762499999999982,0.6479879850922046
58,1257,6,2,20.0,with_chunking,LMM-1,10.5,10.525000000000006,0.8307371360236642
58,1257,6,2,20.0,with_chunking,LMM-2,10.5,10.525000000000006,0.8307371360236642
58,1257,6,4,40.0,with_chunking,LMM-1,10.6875,10.70312499999999,0.743019852370828
58,1257,6,4,40.0,with_chunking,LMM-2,10.6875,10.70312499999999,0.743019852370828
58,1257,6,6,60.0,with_chunking,LMM-1,10.625,10.643749999999978,0.7273690660645145
58,1257,6,6,60.0,with_chunking,LMM-2,10.625,10.643749999999978,0.7273690660645145
58,1257,6,8,80.0,with_chunking,LMM-1,10.75,10.762499999999982,0.651520061329568
58,1257,6,8,80.0,with_chunking,LMM-2,10.75,10.762499999999982,0.651520061329568
58,1257,8,2,20.0,with_chunking,LMM-1,10.5,10.525000000000006,0.8307371360236642
58,1257,8,2,20.0,with_chunking,LMM-2,10.5,10.525000000000006,0.8307371360236642
58,1257,8,4,40.0,with_chunking,LMM-1,10.5625,10.584374999999989,0.7487667725940368
58,1257,8,4,40.0,with_chunking,LMM-2,10.5625,10.584374999999989,0.7487607170658368
58,1257,8,6,60.0,with_chunking,LMM-1,10.625,10.643749999999978,0.7273690660645145
58,1257,8,6,60.0,with_chunking,LMM-2,10.625,10.643749999999978,0.7273690660645145
58,1257,8,8,80.0,with_chunking,LMM-1,10.625,10.643749999999981,0.6514215537462118
58,1257,8,8,80.0,with_chunking,LMM-2,10.15625,10.198437499999983,0.6910662884538867
58,1257,10,2,20.0,with_chunking,LMM-1,8.5,8.625000000000004,0.8569581059164951
58,1257,10,2,20.0,with_chunking,LMM-2,8.5,8.625000000000004,0.8569581059164951
58,1257,10,4,40.0,with_chunking,LMM-1,8.875,8.98124999999999,0.7887856146113635
58,1257,10,4,40.0,with_chunking,LMM-2,8.875,8.98124999999999,0.7887549236985576
58,1257,10,6,60.0,with_chunking,LMM-1,8.75,8.86249999999998,0.7743498435157273
58,1257,10,6,60.0,with_chunking,LMM-2,8.458333333333332,8.585416666666646,0.7820533266024601
58,1257,10,8,80.0,with_chunking,LMM-1,8.8125,8.921874999999982,0.7392045901217131
58,1257,10,8,80.0,with_chunking,LMM-2,8.5,8.624999999999984,0.7491894084833604
59,1258,4,2,20.0,with_chunking,LMM-1,17.5,17.17500000000001,0.6881456559190753
59,1258,4,2,20.0,with_chunking,LMM-2,17.5,17.17500000000001,0.6881456559190753
59,1258,4,4,40.0,with_chunking,LMM-1,17.5,17.174999999999976,0.6309285496859746
59,1258,4,4,40.0,with_chunking,LMM-2,17.5,17.174999999999976,0.6309285496859746
59,1258,4,6,60.0,with_chunking,LMM-1,17.5,17.174999999999958,0.5783654939583756
59,1258,4,6,60.0,with_chunking,LMM-2,17.5,17.174999999999958,0.5783654939583756
59,1258,4,8,80.0,with_chunking,LMM-1,17.5,17.174999999999972,0.5300886053688684
59,1258,4,8,80.0,with_chunking,LMM-2,17.5,17.174999999999972,0.5300886053688684
59,1258,6,2,20.0,with_chunking,LMM-1,15.5,15.275000000000013,0.7176214540546736
59,1258,6,2,20.0,with_chunking,LMM-2,15.5,15.275000000000013,0.7176214540546736
59,1258,6,4,40.0,with_chunking,LMM-1,15.5,15.27499999999998,0.6652515767585553
59,1258,6,4,40.0,with_chunking,LMM-2,15.5,15.27499999999998,0.6652515767585553
59,1258,6,6,60.0,with_chunking,LMM-1,15.5,15.274999999999963,0.6165894726436375
59,1258,6,6,60.0,with_chunking,LMM-2,15.5,15.274999999999963,0.6165894726436375
59,1258,6,8,80.0,with_chunking,LMM-1,15.5,15.274999999999974,0.5713824566888113
59,1258,6,8,80.0,with_chunking,LMM-2,15.5,15.274999999999974,0.5713824566888113
59,1258,8,2,20.0,with_chunking,LMM-1,13.5,13.37500000000001,0.7508833647498923
59,1258,8,2,20.0,with_chunking,LMM-2,13.5,13.37500000000001,0.7508833647498923
59,1258,8,4,40.0,with_chunking,LMM-1,13.5,13.374999999999986,0.7037602176374096
59,1258,8,4,40.0,with_chunking,LMM-2,13.5,13.374999999999986,0.7037602176374096
59,1258,8,6,60.0,with_chunking,LMM-1,13.5,13.374999999999972,0.6594743773592137
59,1258,8,6,60.0,with_chunking,LMM-2,13.5,13.374999999999972,0.6594743773592137
59,1258,8,8,80.0,with_chunking,LMM-1,14.0,13.849999999999978,0.6506281365467166
59,1258,8,8,80.0,with_chunking,LMM-2,14.0,13.849999999999978,0.6506281365467166
59,1258,10,2,20.0,with_chunking,LMM-1,13.5,13.37500000000001,0.7508833647498923
59,1258,10,2,20.0,with_chunking,LMM-2,13.5,13.37500000000001,0.7508833647498923
59,1258,10,4,40.0,with_chunking,LMM-1,13.5,13.374999999999986,0.7037602176374096
59,1258,10,4,40.0,with_chunking,LMM-2,13.5,13.374999999999986,0.7037602176374096
59,1258,10,6,60.0,with_chunking,LMM-1,13.5,13.374999999999972,0.6594743773592137
59,1258,10,6,60.0,with_chunking,LMM-2,13.5,13.374999999999972,0.6594743773592137
59,1258,10,8,80.0,with_chunking,LMM-1,14.0,13.849999999999978,0.6506281365467166
59,1258,10,8,80.0,with_chunking,LMM-2,14.0,13.849999999999978,0.6506281365467166
60,1259,4,2,20.0,with_chunking,LMM-1,12.125,12.068750000000007,0.5406666716659856
60,1259,4,2,20.0,with_chunking,LMM-2,12.125,12.068750000000007,0.5406599352667205
60,1259,4,4,40.0,with_chunking,LMM-1,12.0,11.949999999999987,0.4461432585973887
60,1259,4,4,40.0,with_chunking,LMM-2,11.375,11.356249999999989,0.4718393512557314
60,1259,4,6,60.0,with_chunking,LMM-1,12.0,11.949999999999974,0.3911275894802927
60,1259,4,6,60.0,with_chunking,LMM-2,11.416666666666666,11.395833333333307,0.42558945679396887
60,1259,4,8,80.0,with_chunking,LMM-1,12.125,12.06874999999998,0.39183603611043755
60,1259,4,8,80.0,with_chunking,LMM-2,12.0625,12.009374999999979,0.42034532089514515
60,1259,6,2,20.0,with_chunking,LMM-1,10.958333333333334,10.960416666666674,0.5938816315413217
60,1259,6,2,20.0,with_chunking,LMM-2,10.958333333333334,10.960416666666674,0.593874282773806
60,1259,6,4,40.0,with_chunking,LMM-1,10.916666666666668,10.92083333333332,0.5095417921683261
60,1259,6,4,40.0,with_chunking,LMM-2,10.666666666666668,10.683333333333323,0.5196726327177079
60,1259,6,6,60.0,with_chunking,LMM-1,10.916666666666666,10.92083333333331,0.46240027242484893
60,1259,6,6,60.0,with_chunking,LMM-2,10.583333333333334,10.604166666666643,0.47759637179025116
60,1259,6,8,80.0,with_chunking,LMM-1,10.916666666666668,10.920833333333313,0.42157940896455715
60,1259,6,8,80.0,with_chunking,LMM-2,10.604166666666668,10.623958333333313,0.4368834291135708
60,1259,8,2,20.0,with_chunking,LMM-1,9.708333333333334,9.772916666666672,0.6476496803507841
60,1259,8,2,20.0,with_chunking,LMM-2,9.083333333333334,9.17916666666667,0.6744465332171773
60,1259,8,4,40.0,with_chunking,LMM-1,9.5,9.57499999999999,0.5743217357263857
60,1259,8,4,40.0,with_chunking,LMM-2,9.083333333333332,9.179166666666656,0.6213026006575968
60,1259,8,6,60.0,with_chunking,LMM-1,9.5,9.574999999999978,0.5279865988229075
60,1259,8,6,60.0,with_chunking,LMM-2,9.083333333333332,9.179166666666646,0.6084762768765521
60,1259,8,8,80.0,with_chunking,LMM-1,9.5,9.574999999999982,0.487041645050186
60,1259,8,8,80.0,with_chunking,LMM-2,8.916666666666668,9.020833333333318,0.5610757119151577
60,1259,10,2,20.0,with_chunking,LMM-1,7.291666666666667,7.477083333333337,0.7377870973816403
60,1259,10,2,20.0,with_chunking,LMM-2,6.833333333333333,7.0416666666666705,0.7584588175410338
60,1259,10,4,40.0,with_chunking,LMM-1,7.333333333333334,7.516666666666659,0.6688187019673031
60,1259,10,4,40.0,with_chunking,LMM-2,6.25,6.487499999999994,0.7326613326658353
60,1259,10,6,60.0,with_chunking,LMM-1,7.333333333333333,7.516666666666651,0.6257246276270625
60,1259,10,6,60.0,with_chunking,LMM-2,6.861111111111111,7.068055555555539,0.6849328333662035
60,1259,10,8,80.0,with_chunking,LMM-1,7.583333333333334,7.754166666666652,0.579645469785173
60,1259,10,8,80.0,with_chunking,LMM-2,6.8125,7.021874999999986,0.6507806881504004
61,1260,4,2,20.0,with_chunking,LMM-1,11.0,11.000000000000007,0.7783428012762194
61,1260,4,2,20.0,with_chunking,LMM-2,11.0,11.000000000000007,0.7783428012762194
61,1260,4,4,40.0,with_chunking,LMM-1,11.0,10.99999999999999,0.7413269258466384
61,1260,4,4,40.0,with_chunking,LMM-2,11.0,10.99999999999999,0.7413269258466384
61,1260,4,6,60.0,with_chunking,LMM-1,11.0,10.999999999999977,0.735472303068927
61,1260,4,6,60.0,with_chunking,LMM-2,11.0,10.999999999999977,0.735472303068927
61,1260,4,8,80.0,with_chunking,LMM-1,10.833333333333334,10.841666666666647,0.6560618950389814
61,1260,4,8,80.0,with_chunking,LMM-2,10.75,10.762499999999982,0.6770347179182887
61,1260,6,2,20.0,with_chunking,LMM-1,10.0,10.050000000000006,0.7417010865840525
61,1260,6,2,20.0,with_chunking,LMM-2,10.0,10.050000000000006,0.7417010865840525
61,1260,6,4,40.0,with_chunking,LMM-1,10.1875,10.22812499999999,0.6462034278493609
61,1260,6,4,40.0,with_chunking,LMM-2,10.1875,10.22812499999999,0.6462034278493609
61,1260,6,6,60.0,with_chunking,LMM-1,10.375,10.406249999999979,0.5976437749490153
61,1260,6,6,60.0,with_chunking,LMM-2,10.375,10.406249999999979,0.5976437749490153
61,1260,6,8,80.0,with_chunking,LMM-1,10.4375,10.465624999999982,0.5443475202709649
61,1260,6,8,80.0,with_chunking,LMM-2,10.4375,10.465624999999982,0.5443475202709649
61,1260,8,2,20.0,with_chunking,LMM-1,9.25,9.337500000000006,0.7679223877658621
61,1260,8,2,20.0,with_chunking,LMM-2,8.375,8.506250000000005,0.7946444153790382
61,1260,8,4,40.0,with_chunking,LMM-1,8.875,8.98124999999999,0.6907157004984086
61,1260,8,4,40.0,with_chunking,LMM-2,8.4375,8.565624999999992,0.7198907487469475
61,1260,8,6,60.0,with_chunking,LMM-1,9.083333333333332,9.179166666666646,0.6378928211267012
61,1260,8,6,60.0,with_chunking,LMM-2,8.041666666666666,8.189583333333315,0.7357915464094754
61,1260,8,8,80.0,with_chunking,LMM-1,8.75,8.862499999999985,0.5930719611801576
61,1260,8,8,80.0,with_chunking,LMM-2,7.6875,7.853124999999986,0.7508764602914193
61,1260,10,2,20.0,with_chunking,LMM-1,7.916666666666666,8.070833333333336,0.762420952402952
61,1260,10,2,20.0,with_chunking,LMM-2,7.166666666666666,7.358333333333336,0.7925164797159103
61,1260,10,4,40.0,with_chunking,LMM-1,7.9375,8.09062499999999,0.6898773372719699
61,1260,10,4,40.0,with_chunking,LMM-2,7.375,7.5562499999999915,0.7176789471375122
61,1260,10,6,60.0,with_chunking,LMM-1,8.11111111111111,8.255555555555537,0.6456601198726042
61,1260,10,6,60.0,with_chunking,LMM-2,7.319444444444445,7.503472222222206,0.6923441043058469
61,1260,10,8,80.0,with_chunking,LMM-1,7.958333333333333,8.110416666666652,0.6081933796907074
61,1260,10,8,80.0,with_chunking,LMM-2,7.479166666666666,7.655208333333318,0.7262316237947832
62,1261,4,2,20.0,with_chunking,LMM-1,10.75,10.762500000000006,0.7159692660978374
62,1261,4,2,20.0,with_chunking,LMM-2,10.75,10.762500000000006,0.7159692660978374
62,1261,4,4,40.0,with_chunking,LMM-1,10.75,10.762499999999989,0.6777860378350709
62,1261,4,4,40.0,with_chunking,LMM-2,10.75,10.762499999999989,0.6777860378350709
62,1261,4,6,60.0,with_chunking,LMM-1,10.75,10.762499999999976,0.6417591597783361
62,1261,4,6,60.0,with_chunking,LMM-2,10.75,10.762499999999976,0.6417591597783361
62,1261,4,8,80.0,with_chunking,LMM-1,10.375,10.406249999999982,0.6293515797493768
62,1261,4,8,80.0,with_chunking,LMM-2,10.375,10.406249999999982,0.6293515797493768
62,1261,6,2,20.0,with_chunking,LMM-1,10.0,10.050000000000004,0.6662042406279768
62,1261,6,2,20.0,with_chunking,LMM-2,10.0,10.050000000000004,0.6662042406279768
62,1261,6,4,40.0,with_chunking,LMM-1,10.0,10.04999999999999,0.619393938311227
62,1261,6,4,40.0,with_chunking,LMM-2,10.0,10.04999999999999,0.619393938311227
62,1261,6,6,60.0,with_chunking,LMM-1,10.0,10.049999999999978,0.5750217466144648
62,1261,6,6,60.0,with_chunking,LMM-2,10.0,10.049999999999978,0.5750217466144648
62,1261,6,8,80.0,with_chunking,LMM-1,10.125,10.168749999999982,0.5577447493387551
62,1261,6,8,80.0,with_chunking,LMM-2,10.125,10.168749999999982,0.5577447493387551
62,1261,8,2,20.0,with_chunking,LMM-1,9.041666666666666,9.139583333333338,0.7159873820276623
62,1261,8,2,20.0,with_chunking,LMM-2,7.916666666666666,8.070833333333336,0.7672708216344145
62,1261,8,4,40.0,with_chunking,LMM-1,9.041666666666666,9.139583333333324,0.6780585296056441
62,1261,8,4,40.0,with_chunking,LMM-2,8.5625,8.684374999999992,0.7117161972972375
62,1261,8,6,60.0,with_chunking,LMM-1,9.041666666666668,9.139583333333313,0.6423081293225594
62,1261,8,6,60.0,with_chunking,LMM-2,7.930555555555555,8.08402777777776,0.7281760332243947
62,1261,8,8,80.0,with_chunking,LMM-1,9.041666666666666,9.139583333333317,0.6086069589851403
62,1261,8,8,80.0,with_chunking,LMM-2,7.885416666666667,8.041145833333319,0.6979722546156146
62,1261,10,2,20.0,with_chunking,LMM-1,7.375,7.556250000000004,0.7792807313342789
62,1261,10,2,20.0,with_chunking,LMM-2,6.625,6.775000000000003,0.8080445437735884
62,1261,10,4,40.0,with_chunking,LMM-1,7.375,7.556249999999993,0.7485904127605891
62,1261,10,4,40.0,with_chunking,LMM-2,6.25,6.487499999999994,0.8094926700742374
62,1261,10,6,60.0,with_chunking,LMM-1,7.5,7.674999999999983,0.7274957884337925
62,1261,10,6,60.0,with_chunking,LMM-2,6.416666666666666,6.64583333333332,0.7804533197127516
62,1261,10,8,80.0,with_chunking,LMM-1,7.5,7.674999999999986,0.7001149567834957
62,1261,10,8,80.0,with_chunking,LMM-2,6.625,6.809374999999987,0.7605141528455058
63,1262,4,2,20.0,with_chunking,LMM-1,11.25,11.237500000000008,0.6918211177358791
63,1262,4,2,20.0,with_chunking,LMM-2,11.25,11.237500000000008,0.6918211177358791
63,1262,4,4,40.0,with_chunking,LMM-1,11.25,11.23749999999999,0.6468518314453785
63,1262,4,4,40.0,with_chunking,LMM-2,11.25,11.23749999999999,0.6468518314453785
63,1262,4,6,60.0,with_chunking,LMM-1,11.25,11.237499999999976,0.6048651028012828
63,1262,4,6,60.0,with_chunking,LMM-2,11.25,11.237499999999976,0.6048651028012828
63,1262,4,8,80.0,with_chunking,LMM-1,11.25,11.23749999999998,0.5657869489258427
63,1262,4,8,80.0,with_chunking,LMM-2,11.25,11.23749999999998,0.5657869489258427
63,1262,6,2,20.0,with_chunking,LMM-1,13.5,13.37500000000001,0.6977470619111334
63,1262,6,2,20.0,with_chunking,LMM-2,13.5,13.37500000000001,0.6977470619111334
63,1262,6,4,40.0,with_chunking,LMM-1,13.5,13.374999999999986,0.6435011238576793
63,1262,6,4,40.0,with_chunking,LMM-2,13.5,13.374999999999986,0.6435011238576793
63,1262,6,6,60.0,with_chunking,LMM-1,13.5,13.37499999999997,0.5934351649410485
63,1262,6,6,60.0,with_chunking,LMM-2,13.5,13.37499999999997,0.5934351649410485
63,1262,6,8,80.0,with_chunking,LMM-1,13.5,13.374999999999977,0.5472311161947019
63,1262,6,8,80.0,with_chunking,LMM-2,13.5,13.374999999999977,0.5472311161947019
63,1262,8,2,20.0,with_chunking,LMM-1,13.375,13.256250000000009,0.7013275784960803
63,1262,8,2,20.0,with_chunking,LMM-2,13.375,13.256250000000009,0.7013275784960803
63,1262,8,4,40.0,with_chunking,LMM-1,13.375,13.256249999999985,0.6483418160868248
63,1262,8,4,40.0,with_chunking,LMM-2,13.375,13.256249999999985,0.6483418160868248
63,1262,8,6,60.0,with_chunking,LMM-1,13.375,13.25624999999997,0.5992974512583134
63,1262,8,6,60.0,with_chunking,LMM-2,13.375,13.25624999999997,0.5992974512583134
63,1262,8,8,80.0,with_chunking,LMM-1,13.375,13.256249999999977,0.5539071625147587
63,1262,8,8,80.0,with_chunking,LMM-2,13.375,13.256249999999977,0.5539071625147587
63,1262,10,2,20.0,with_chunking,LMM-1,12.5,12.42500000000001,0.7157332007141404
63,1262,10,2,20.0,with_chunking,LMM-2,12.5,12.42500000000001,0.7157332007141404
63,1262,10,4,40.0,with_chunking,LMM-1,12.5,12.424999999999986,0.6675624359099885
63,1262,10,4,40.0,with_chunking,LMM-2,12.5,12.424999999999986,0.6675624359099885
63,1262,10,6,60.0,with_chunking,LMM-1,12.5,12.424999999999974,0.6226322190073222
63,1262,10,6,60.0,with_chunking,LMM-2,12.5,12.424999999999974,0.6226322190073222
63,1262,10,8,80.0,with_chunking,LMM-1,12.5,12.42499999999998,0.5807249481287218
63,1262,10,8,80.0,with_chunking,LMM-2,12.5,12.42499999999998,0.5807249481287218
64,1263,4,2,20.0,with_chunking,LMM-1,11.0,11.000000000000007,0.8100823202256928
64,1263,4,2,20.0,with_chunking,LMM-2,11.0,11.000000000000007,0.8100823202256928
64,1263,4,4,40.0,with_chunking,LMM-1,11.0,10.99999999999999,0.7879813972317262
64,1263,4,4,40.0,with_chunking,LMM-2,11.0,10.99999999999999,0.7879813972317262
64,1263,4,6,60.0,with_chunking,LMM-1,11.0,10.999999999999977,0.7664724204612914
64,1263,4,6,60.0,with_chunking,LMM-2,11.0,10.999999999999977,0.7664724204612914
64,1263,4,8,80.0,with_chunking,LMM-1,11.0,10.99999999999998,0.7455404117302064
64,1263,4,8,80.0,with_chunking,LMM-2,11.0,10.99999999999998,0.7455404117302064
64,1263,6,2,20.0,with_chunking,LMM-1,10.75,10.762500000000006,0.824455772658144
64,1263,6,2,20.0,with_chunking,LMM-2,10.75,10.762500000000006,0.824455772658144
64,1263,6,4,40.0,with_chunking,LMM-1,10.75,10.762499999999989,0.8041285807244045
64,1263,6,4,40.0,with_chunking,LMM-2,10.75,10.762499999999989,0.8041285807244045
64,1263,6,6,60.0,with_chunking,LMM-1,10.75,10.762499999999976,0.7842691697198535
64,1263,6,6,60.0,with_chunking,LMM-2,10.75,10.762499999999976,0.7842691697198535
64,1263,6,8,80.0,with_chunking,LMM-1,10.75,10.762499999999982,0.7648676551599867
64,1263,6,8,80.0,with_chunking,LMM-2,10.75,10.762499999999982,0.7648676551599867
64,1263,8,2,20.0,with_chunking,LMM-1,9.0,9.100000000000005,0.8405551077826099
64,1263,8,2,20.0,with_chunking,LMM-2,9.0,9.100000000000005,0.8405551077826099
64,1263,8,4,40.0,with_chunking,LMM-1,9.0,9.09999999999999,0.8085134322810037
64,1263,8,4,40.0,with_chunking,LMM-2,9.0,9.09999999999999,0.8085134322810037
64,1263,8,6,60.0,with_chunking,LMM-1,9.25,9.33749999999998,0.8017333457506846
64,1263,8,6,60.0,with_chunking,LMM-2,9.25,9.33749999999998,0.8017333457506846
64,1263,8,8,80.0,with_chunking,LMM-1,9.75,9.812499999999982,0.7888132745322627
64,1263,8,8,80.0,with_chunking,LMM-2,9.75,9.812499999999982,0.7888132745322627
64,1263,10,2,20.0,with_chunking,LMM-1,9.5,9.575000000000006,0.8087259470456669
64,1263,10,2,20.0,with_chunking,LMM-2,9.25,9.337500000000006,0.8180331170480928
64,1263,10,4,40.0,with_chunking,LMM-1,9.5,9.57499999999999,0.7788581825837233
64,1263,10,4,40.0,with_chunking,LMM-2,9.125,9.218749999999991,0.797677168662095
64,1263,10,6,60.0,with_chunking,LMM-1,9.5,9.574999999999978,0.7500401172917961
64,1263,10,6,60.0,with_chunking,LMM-2,8.916666666666668,9.020833333333314,0.7860985540009873
64,1263,10,8,80.0,with_chunking,LMM-1,9.625,9.693749999999984,0.7241275602302166
64,1263,10,8,80.0,with_chunking,LMM-2,9.0,9.099999999999984,0.7697507249546764
65,1264,4,2,20.0,with_chunking,LMM-1,12.0,11.95000000000001,0.7765953202050262
65,1264,4,2,20.0,with_chunking,LMM-2,12.0,11.95000000000001,0.7765953202050262
65,1264,4,4,40.0,with_chunking,LMM-1,12.5,12.424999999999986,0.6650975790033993
65,1264,4,4,40.0,with_chunking,LMM-2,12.5,12.424999999999986,0.6650975790033993
65,1264,4,6,60.0,with_chunking,LMM-1,12.5,12.424999999999972,0.6301325025035251
65,1264,4,6,60.0,with_chunking,LMM-2,12.5,12.424999999999972,0.6301325025035251
65,1264,4,8,80.0,with_chunking,LMM-1,12.5,12.42499999999998,0.5941903257427432
65,1264,4,8,80.0,with_chunking,LMM-2,12.5,12.42499999999998,0.5941903257427432
65,1264,6,2,20.0,with_chunking,LMM-1,12.0,11.95000000000001,0.7156104027275498
65,1264,6,2,20.0,with_chunking,LMM-2,12.0,11.95000000000001,0.7156104027275498
65,1264,6,4,40.0,with_chunking,LMM-1,12.0,11.949999999999989,0.6695231103848035
65,1264,6,4,40.0,with_chunking,LMM-2,12.0,11.949999999999989,0.6695231103848035
65,1264,6,6,60.0,with_chunking,LMM-1,12.0,11.949999999999974,0.6267589472878128
65,1264,6,6,60.0,with_chunking,LMM-2,12.0,11.949999999999974,0.6267589472878128
65,1264,6,8,80.0,with_chunking,LMM-1,12.0,11.949999999999978,0.615925901298674
65,1264,6,8,80.0,with_chunking,LMM-2,12.0,11.949999999999978,0.615925901298674
65,1264,8,2,20.0,with_chunking,LMM-1,12.0,11.95000000000001,0.8000531367922179
65,1264,8,2,20.0,with_chunking,LMM-2,12.0,11.95000000000001,0.8000531367922179
65,1264,8,4,40.0,with_chunking,LMM-1,12.0,11.949999999999989,0.6864311978466349
65,1264,8,4,40.0,with_chunking,LMM-2,12.0,11.949999999999989,0.6864311978466349
65,1264,8,6,60.0,with_chunking,LMM-1,12.0,11.949999999999974,0.6430908693662439
65,1264,8,6,60.0,with_chunking,LMM-2,12.0,11.949999999999974,0.6430908693662439
65,1264,8,8,80.0,with_chunking,LMM-1,12.0,11.949999999999978,0.6015557113724843
65,1264,8,8,80.0,with_chunking,LMM-2,12.0,11.949999999999978,0.6015557113724843
65,1264,10,2,20.0,with_chunking,LMM-1,11.0,11.000000000000007,0.8292919979809374
65,1264,10,2,20.0,with_chunking,LMM-2,11.0,11.000000000000007,0.8292919979809374
65,1264,10,4,40.0,with_chunking,LMM-1,11.25,11.237499999999988,0.715735067479552
65,1264,10,4,40.0,with_chunking,LMM-2,11.25,11.237499999999988,0.715735067479552
65,1264,10,6,60.0,with_chunking,LMM-1,11.25,11.237499999999976,0.674526437878783
65,1264,10,6,60.0,with_chunking,LMM-2,11.25,11.237499999999976,0.674526437878783
65,1264,10,8,80.0,with_chunking,LMM-1,11.25,11.23749999999998,0.634711937117725
65,1264,10,8,80.0,with_chunking,LMM-2,11.25,11.23749999999998,0.634711937117725
66,1265,4,2,20.0,with_chunking,LMM-1,11.5,11.475000000000009,0.6981586764075827
66,1265,4,2,20.0,with_chunking,LMM-2,11.5,11.475000000000009,0.6981586764075827
66,1265,4,4,40.0,with_chunking,LMM-1,11.5,11.474999999999987,0.6540361860831677
66,1265,4,4,40.0,with_chunking,LMM-2,11.5,11.474999999999987,0.6540361860831677
66,1265,4,6,60.0,with_chunking,LMM-1,11.5,11.474999999999975,0.6127944534614227
66,1265,4,6,60.0,with_chunking,LMM-2,11.5,11.474999999999975,0.6127944534614227
66,1265,4,8,80.0,with_chunking,LMM-1,11.25,11.23749999999998,0.6139007613321271
66,1265,4,8,80.0,with_chunking,LMM-2,11.25,11.23749999999998,0.6139007613321271
66,1265,6,2,20.0,with_chunking,LMM-1,10.0,10.050000000000006,0.7460027712631976
66,1265,6,2,20.0,with_chunking,LMM-2,10.0,10.050000000000006,0.7460027712631976
66,1265,6,4,40.0,with_chunking,LMM-1,10.0,10.04999999999999,0.7128959396213682
66,1265,6,4,40.0,with_chunking,LMM-2,10.0,10.04999999999999,0.7128959396213682
66,1265,6,6,60.0,with_chunking,LMM-1,10.0,10.04999999999998,0.6813954098010031
66,1265,6,6,60.0,with_chunking,LMM-2,10.0,10.04999999999998,0.6813954098010031
66,1265,6,8,80.0,with_chunking,LMM-1,10.0,10.049999999999981,0.6514178983279251
66,1265,6,8,80.0,with_chunking,LMM-2,10.0,10.049999999999981,0.6514178983279251
66,1265,8,2,20.0,with_chunking,LMM-1,9.5,9.575000000000006,0.6953208246117714
66,1265,8,2,20.0,with_chunking,LMM-2,8.25,8.387500000000005,0.7451587270006543
66,1265,8,4,40.0,with_chunking,LMM-1,9.5,9.57499999999999,0.6454946494347134
66,1265,8,4,40.0,with_chunking,LMM-2,8.75,8.862499999999992,0.6985611209514428
66,1265,8,6,60.0,with_chunking,LMM-1,9.5,9.57499999999998,0.599165138832627
66,1265,8,6,60.0,with_chunking,LMM-2,8.416666666666668,8.545833333333315,0.6839334142708692
66,1265,8,8,80.0,with_chunking,LMM-1,9.5,9.574999999999982,0.5704391716270938
66,1265,8,8,80.0,with_chunking,LMM-2,8.375,8.506249999999984,0.6588991701038756
66,1265,10,2,20.0,with_chunking,LMM-1,7.333333333333333,7.51666666666667,0.7229151868448679
66,1265,10,2,20.0,with_chunking,LMM-2,7.25,7.4375000000000036,0.7320495793619052
66,1265,10,4,40.0,with_chunking,LMM-1,7.208333333333333,7.397916666666659,0.6924222296119948
66,1265,10,4,40.0,with_chunking,LMM-2,7.083333333333333,7.279166666666659,0.7164690842943866
66,1265,10,6,60.0,with_chunking,LMM-1,7.208333333333334,7.397916666666649,0.6571516148679227
66,1265,10,6,60.0,with_chunking,LMM-2,7.180555555555555,7.371527777777761,0.686676663917916
66,1265,10,8,80.0,with_chunking,LMM-1,7.208333333333333,7.397916666666653,0.6236800723286711
66,1265,10,8,80.0,with_chunking,LMM-2,7.15625,7.348437499999985,0.6695004753759954
67,1266,4,2,20.0,with_chunking,LMM-1,10.5,10.525000000000006,0.8011533146803194
67,1266,4,2,20.0,with_chunking,LMM-2,10.5,10.525000000000006,0.8011533146803194
67,1266,4,4,40.0,with_chunking,LMM-1,10.5,10.52499999999999,0.7676848686411476
67,1266,4,4,40.0,with_chunking,LMM-2,10.5,10.52499999999999,0.7676848686411476
67,1266,4,6,60.0,with_chunking,LMM-1,10.5,10.524999999999977,0.7355252828015373
67,1266,4,6,60.0,with_chunking,LMM-2,10.5,10.524999999999977,0.7355252828015373
67,1266,4,8,80.0,with_chunking,LMM-1,10.5,10.52499999999998,0.7046273585970668
67,1266,4,8,80.0,with_chunking,LMM-2,10.5,10.52499999999998,0.7046273585970668
67,1266,6,2,20.0,with_chunking,LMM-1,9.5,9.575000000000006,0.6849222255675019
67,1266,6,2,20.0,with_chunking,LMM-2,8.0,8.150000000000006,0.7478422941381081
67,1266,6,4,40.0,with_chunking,LMM-1,9.25,9.337499999999991,0.6617153720425217
67,1266,6,4,40.0,with_chunking,LMM-2,8.4375,8.56562499999999,0.6768955443047627
67,1266,6,6,60.0,with_chunking,LMM-1,9.25,9.33749999999998,0.6272000540159259
67,1266,6,6,60.0,with_chunking,LMM-2,8.541666666666668,8.664583333333315,0.6410426019398003
67,1266,6,8,80.0,with_chunking,LMM-1,9.25,9.337499999999984,0.5944202707444166
67,1266,6,8,80.0,with_chunking,LMM-2,8.708333333333332,8.82291666666665,0.5727311568577265
67,1266,8,2,20.0,with_chunking,LMM-1,8.75,8.862500000000004,0.6674524392623129
67,1266,8,2,20.0,with_chunking,LMM-2,8.166666666666666,8.308333333333337,0.7010708070343439
67,1266,8,4,40.0,with_chunking,LMM-1,9.145833333333334,9.238541666666658,0.5703402177875798
67,1266,8,4,40.0,with_chunking,LMM-2,8.416666666666666,8.545833333333324,0.6214799463839397
67,1266,8,6,60.0,with_chunking,LMM-1,9.333333333333332,9.416666666666647,0.5008356795055251
67,1266,8,6,60.0,with_chunking,LMM-2,8.527777777777779,8.65138888888887,0.5771725511288788
67,1266,8,8,80.0,with_chunking,LMM-1,9.333333333333334,9.41666666666665,0.4537882752865298
67,1266,8,8,80.0,with_chunking,LMM-2,8.958333333333334,9.06041666666665,0.5197320843816712
67,1266,10,2,20.0,with_chunking,LMM-1,8.416666666666668,8.545833333333338,0.6741423144692278
67,1266,10,2,20.0,with_chunking,LMM-2,7.875,8.031250000000004,0.6960296981746437
67,1266,10,4,40.0,with_chunking,LMM-1,8.541666666666668,8.664583333333324,0.6103857858521304
67,1266,10,4,40.0,with_chunking,LMM-2,7.958333333333334,8.110416666666659,0.6448110641205544
67,1266,10,6,60.0,with_chunking,LMM-1,8.666666666666666,8.783333333333314,0.5468414530424275
67,1266,10,6,60.0,with_chunking,LMM-2,8.0,8.149999999999983,0.6046666986092123
67,1266,10,8,80.0,with_chunking,LMM-1,8.666666666666668,8.783333333333317,0.5099908714568882
67,1266,10,8,80.0,with_chunking,LMM-2,8.010416666666668,8.15989583333332,0.5785518833892197
68,1267,4,2,20.0,with_chunking,LMM-1,12.0,11.950000000000006,0.5703210222483538
68,1267,4,2,20.0,with_chunking,LMM-2,12.0,11.950000000000006,0.5703210222483538
68,1267,4,4,40.0,with_chunking,LMM-1,12.0,11.949999999999987,0.5106997943958633
68,1267,4,4,40.0,with_chunking,LMM-2,12.0,11.949999999999987,0.5106997943958633
68,1267,4,6,60.0,with_chunking,LMM-1,12.0,11.949999999999974,0.4572666085112205
68,1267,4,6,60.0,with_chunking,LMM-2,12.0,11.949999999999974,0.4572666085112205
68,1267,4,8,80.0,with_chunking,LMM-1,12.0,11.949999999999978,0.41049140024691055
68,1267,4,8,80.0,with_chunking,LMM-2,12.0,11.949999999999978,0.41049140024691055
68,1267,6,2,20.0,with_chunking,LMM-1,11.5,11.475000000000009,0.6095657375975015
68,1267,6,2,20.0,with_chunking,LMM-2,11.5,11.475000000000009,0.6095657375975015
68,1267,6,4,40.0,with_chunking,LMM-1,11.5,11.474999999999987,0.5574607765415996
68,1267,6,4,40.0,with_chunking,LMM-2,11.5,11.474999999999987,0.5574607765415996
68,1267,6,6,60.0,with_chunking,LMM-1,11.5,11.474999999999975,0.5210819877413855
68,1267,6,6,60.0,with_chunking,LMM-2,11.5,11.474999999999975,0.5210819877413855
68,1267,6,8,80.0,with_chunking,LMM-1,11.5,11.47499999999998,0.4811137796238537
68,1267,6,8,80.0,with_chunking,LMM-2,11.5,11.47499999999998,0.4811137796238537
68,1267,8,2,20.0,with_chunking,LMM-1,9.5,9.575000000000006,0.6917314631179184
68,1267,8,2,20.0,with_chunking,LMM-2,8.5,8.625000000000004,0.7228689263476945
68,1267,8,4,40.0,with_chunking,LMM-1,9.5,9.57499999999999,0.6459816903964215
68,1267,8,4,40.0,with_chunking,LMM-2,8.5,8.624999999999991,0.6893796090738179
68,1267,8,6,60.0,with_chunking,LMM-1,9.5,9.57499999999998,0.6031926945124059
68,1267,8,6,60.0,with_chunking,LMM-2,8.5,8.624999999999982,0.6525704758316004
68,1267,8,8,80.0,with_chunking,LMM-1,9.5,9.574999999999982,0.5794449019139609
68,1267,8,8,80.0,with_chunking,LMM-2,8.5,8.624999999999984,0.6252023603148822
68,1267,10,2,20.0,with_chunking,LMM-1,8.5,8.625000000000004,0.7328853613725665
68,1267,10,2,20.0,with_chunking,LMM-2,8.125,8.268750000000004,0.7488285403986839
68,1267,10,4,40.0,with_chunking,LMM-1,8.333333333333332,8.466666666666658,0.6586546340221587
68,1267,10,4,40.0,with_chunking,LMM-2,8.0,8.149999999999993,0.6846912961789606
68,1267,10,6,60.0,with_chunking,LMM-1,8.25,8.387499999999982,0.6066791400411946
68,1267,10,6,60.0,with_chunking,LMM-2,7.569444444444445,7.740972222222205,0.6592048786848622
68,1267,10,8,80.0,with_chunking,LMM-1,8.375,8.506249999999984,0.5713909179650241
68,1267,10,8,80.0,with_chunking,LMM-2,7.645833333333334,7.8135416666666515,0.6266544863394232
69,1268,4,2,20.0,with_chunking,LMM-1,13.25,13.13750000000001,0.7122470220525088
69,1268,4,2,20.0,with_chunking,LMM-2,13.25,13.13750000000001,0.7122470220525088
69,1268,4,4,40.0,with_chunking,LMM-1,13.375,13.256249999999984,0.6321018578638886
69,1268,4,4,40.0,with_chunking,LMM-2,13.375,13.256249999999984,0.6321018578638886
69,1268,4,6,60.0,with_chunking,LMM-1,13.375,13.256249999999971,0.5951639884558716
69,1268,4,6,60.0,with_chunking,LMM-2,13.375,13.256249999999971,0.5951639884558716
69,1268,4,8,80.0,with_chunking,LMM-1,13.375,13.256249999999977,0.5604179731887959
69,1268,4,8,80.0,with_chunking,LMM-2,13.375,13.256249999999977,0.5604179731887959
69,1268,6,2,20.0,with_chunking,LMM-1,9.0,9.100000000000005,0.802173830933071
69,1268,6,2,20.0,with_chunking,LMM-2,9.0,9.100000000000005,0.802173830933071
69,1268,6,4,40.0,with_chunking,LMM-1,9.0,9.09999999999999,0.7355858925182258
69,1268,6,4,40.0,with_chunking,LMM-2,9.0,9.09999999999999,0.7355858925182258
69,1268,6,6,60.0,with_chunking,LMM-1,9.0,9.09999999999998,0.7030626044464374
69,1268,6,6,60.0,with_chunking,LMM-2,9.0,9.09999999999998,0.7030626044464374
69,1268,6,8,80.0,with_chunking,LMM-1,9.125,9.218749999999982,0.6737173718538358
69,1268,6,8,80.0,with_chunking,LMM-2,9.125,9.218749999999982,0.6737173718538358
69,1268,8,2,20.0,with_chunking,LMM-1,7.125,7.318750000000003,0.856594928532829
69,1268,8,2,20.0,with_chunking,LMM-2,7.125,7.318750000000003,0.856579294474846
69,1268,8,4,40.0,with_chunking,LMM-1,7.25,7.437499999999992,0.7980494303421044
69,1268,8,4,40.0,with_chunking,LMM-2,7.0625,7.259374999999992,0.8069234928792143
69,1268,8,6,60.0,with_chunking,LMM-1,7.375,7.556249999999984,0.7719352689214667
69,1268,8,6,60.0,with_chunking,LMM-2,7.166666666666667,7.358333333333317,0.7822262953965067
69,1268,8,8,80.0,with_chunking,LMM-1,7.375,7.556249999999986,0.7475249964472892
69,1268,8,8,80.0,with_chunking,LMM-2,7.0625,7.259374999999986,0.7641579686213709
69,1268,10,2,20.0,with_chunking,LMM-1,7.166666666666666,7.358333333333338,0.7459022905309846
69,1268,10,2,20.0,with_chunking,LMM-2,6.875,7.081250000000004,0.7601631416020176
69,1268,10,4,40.0,with_chunking,LMM-1,7.166666666666666,7.358333333333326,0.7099938648123294
69,1268,10,4,40.0,with_chunking,LMM-2,6.791666666666666,7.002083333333326,0.7343562986416017
69,1268,10,6,60.0,with_chunking,LMM-1,7.166666666666666,7.358333333333318,0.6754908112801227
69,1268,10,6,60.0,with_chunking,LMM-2,6.666666666666667,6.883333333333319,0.7143746172424297
69,1268,10,8,80.0,with_chunking,LMM-1,7.166666666666666,7.358333333333319,0.6427142709685387
69,1268,10,8,80.0,with_chunking,LMM-2,6.625,6.843749999999987,0.6920886696601096
70,1269,4,2,20.0,with_chunking,LMM-1,11.25,11.237500000000008,0.6903414694237853
70,1269,4,2,20.0,with_chunking,LMM-2,11.25,11.237500000000008,0.6903414694237853
70,1269,4,4,40.0,with_chunking,LMM-1,11.25,11.23749999999999,0.6433193690859549
70,1269,4,4,40.0,with_chunking,LMM-2,11.25,11.23749999999999,0.6433193690859549
70,1269,4,6,60.0,with_chunking,LMM-1,11.25,11.237499999999976,0.6221769845085956
70,1269,4,6,60.0,with_chunking,LMM-2,11.25,11.237499999999976,0.6221769845085956
70,1269,4,8,80.0,with_chunking,LMM-1,11.25,11.23749999999998,0.5884354805667478
70,1269,4,8,80.0,with_chunking,LMM-2,11.25,11.23749999999998,0.5884354805667478
70,1269,6,2,20.0,with_chunking,LMM-1,11.25,11.237500000000008,0.7162683233044037
70,1269,6,2,20.0,with_chunking,LMM-2,11.25,11.237500000000008,0.7162683233044037
70,1269,6,4,40.0,with_chunking,LMM-1,11.25,11.237499999999988,0.6787777314924097
70,1269,6,4,40.0,with_chunking,LMM-2,11.25,11.237499999999988,0.6787777314924097
70,1269,6,6,60.0,with_chunking,LMM-1,11.25,11.237499999999976,0.6433997059824829
70,1269,6,6,60.0,with_chunking,LMM-2,11.25,11.237499999999976,0.6433997059824829
70,1269,6,8,80.0,with_chunking,LMM-1,11.25,11.23749999999998,0.6100070618875169
70,1269,6,8,80.0,with_chunking,LMM-2,11.25,11.23749999999998,0.6100070618875169
70,1269,8,2,20.0,with_chunking,LMM-1,11.25,11.237500000000008,0.7151962886479342
70,1269,8,2,20.0,with_chunking,LMM-2,11.25,11.237500000000008,0.7151962886479342
70,1269,8,4,40.0,with_chunking,LMM-1,11.375,11.356249999999989,0.6811711120381809
70,1269,8,4,40.0,with_chunking,LMM-2,11.375,11.356249999999989,0.6811711120381809
70,1269,8,6,60.0,with_chunking,LMM-1,11.375,11.356249999999974,0.6469286884662855
70,1269,8,6,60.0,with_chunking,LMM-2,11.375,11.356249999999974,0.6469286884662855
70,1269,8,8,80.0,with_chunking,LMM-1,11.375,11.35624999999998,0.6144133688779894
70,1269,8,8,80.0,with_chunking,LMM-2,11.375,11.35624999999998,0.6144133688779894
70,1269,10,2,20.0,with_chunking,LMM-1,11.0,11.000000000000007,0.7258359428085668
70,1269,10,2,20.0,with_chunking,LMM-2,11.0,11.000000000000007,0.7258359428085668
70,1269,10,4,40.0,with_chunking,LMM-1,11.0,10.99999999999999,0.6823733495335136
70,1269,10,4,40.0,with_chunking,LMM-2,11.0,10.99999999999999,0.6823733495335136
70,1269,10,6,60.0,with_chunking,LMM-1,11.0,10.999999999999977,0.6416287123866893
70,1269,10,6,60.0,with_chunking,LMM-2,11.0,10.999999999999977,0.6416287123866893
70,1269,10,8,80.0,with_chunking,LMM-1,11.0,10.99999999999998,0.6034240175678754
70,1269,10,8,80.0,with_chunking,LMM-2,11.0,10.99999999999998,0.6034240175678754
71,1270,4,2,20.0,with_chunking,LMM-1,12.5,12.425000000000008,0.7689844678704416
71,1270,4,2,20.0,with_chunking,LMM-2,12.5,12.425000000000008,0.7689844678704416
71,1270,4,4,40.0,with_chunking,LMM-1,12.5,12.424999999999986,0.7247001031697031
71,1270,4,4,40.0,with_chunking,LMM-2,12.5,12.424999999999986,0.7247001031697031
71,1270,4,6,60.0,with_chunking,LMM-1,12.5,12.424999999999974,0.682844257798428
71,1270,4,6,60.0,with_chunking,LMM-2,12.5,12.424999999999974,0.682844257798428
71,1270,4,8,80.0,with_chunking,LMM-1,12.5,12.42499999999998,0.643737144043167
71,1270,4,8,80.0,with_chunking,LMM-2,12.5,12.42499999999998,0.643737144043167
71,1270,6,2,20.0,with_chunking,LMM-1,12.5,12.425000000000008,0.7799475501983704
71,1270,6,2,20.0,with_chunking,LMM-2,12.5,12.425000000000008,0.7799475501983704
71,1270,6,4,40.0,with_chunking,LMM-1,12.5,12.424999999999986,0.735502434667048
71,1270,6,4,40.0,with_chunking,LMM-2,12.5,12.424999999999986,0.735502434667048
71,1270,6,6,60.0,with_chunking,LMM-1,12.5,12.424999999999974,0.6934698657503504
71,1270,6,6,60.0,with_chunking,LMM-2,12.5,12.424999999999974,0.6934698657503504
71,1270,6,8,80.0,with_chunking,LMM-1,12.5,12.42499999999998,0.6537795533504722
71,1270,6,8,80.0,with_chunking,LMM-2,12.5,12.42499999999998,0.6537795533504722
71,1270,8,2,20.0,with_chunking,LMM-1,11.5,11.475000000000009,0.8055466573688193
71,1270,8,2,20.0,with_chunking,LMM-2,11.5,11.475000000000009,0.8055466573688193
71,1270,8,4,40.0,with_chunking,LMM-1,11.5,11.474999999999989,0.7704417913121707
71,1270,8,4,40.0,with_chunking,LMM-2,11.5,11.474999999999989,0.7704417913121707
71,1270,8,6,60.0,with_chunking,LMM-1,11.5,11.474999999999975,0.7367834831552773
71,1270,8,6,60.0,with_chunking,LMM-2,11.5,11.474999999999975,0.7367834831552773
71,1270,8,8,80.0,with_chunking,LMM-1,11.5,11.47499999999998,0.7045158453772828
71,1270,8,8,80.0,with_chunking,LMM-2,11.5,11.47499999999998,0.7045158453772828
71,1270,10,2,20.0,with_chunking,LMM-1,10.5,10.525000000000006,0.8247959562069884
71,1270,10,2,20.0,with_chunking,LMM-2,10.5,10.525000000000006,0.8247959562069884
71,1270,10,4,40.0,with_chunking,LMM-1,10.5,10.524999999999988,0.7868856607088218
71,1270,10,4,40.0,with_chunking,LMM-2,10.5,10.524999999999988,0.7868856607088218
71,1270,10,6,60.0,with_chunking,LMM-1,10.5,10.524999999999977,0.7506051903495095
71,1270,10,6,60.0,with_chunking,LMM-2,10.5,10.524999999999977,0.7506051903495095
71,1270,10,8,80.0,with_chunking,LMM-1,10.5,10.52499999999998,0.7158899604398143
71,1270,10,8,80.0,with_chunking,LMM-2,10.5,10.52499999999998,0.7158899604398143
72,1271,4,2,20.0,with_chunking,LMM-1,11.25,11.237500000000008,0.6862371037920634
72,1271,4,2,20.0,with_chunking,LMM-2,11.25,11.237500000000008,0.6862371037920634
72,1271,4,4,40.0,with_chunking,LMM-1,11.25,11.23749999999999,0.6450184996010437
72,1271,4,4,40.0,with_chunking,LMM-2,11.25,11.23749999999999,0.6450184996010437
72,1271,4,6,60.0,with_chunking,LMM-1,11.25,11.237499999999976,0.6063524952946346
72,1271,4,6,60.0,with_chunking,LMM-2,11.25,11.237499999999976,0.6063524952946346
72,1271,4,8,80.0,with_chunking,LMM-1,11.25,11.23749999999998,0.5704522560348051
72,1271,4,8,80.0,with_chunking,LMM-2,11.25,11.23749999999998,0.5704522560348051
72,1271,6,2,20.0,with_chunking,LMM-1,10.0,10.050000000000006,0.7318741376477562
72,1271,6,2,20.0,with_chunking,LMM-2,10.0,10.050000000000006,0.7318741376477562
72,1271,6,4,40.0,with_chunking,LMM-1,10.0,10.04999999999999,0.6931486032615202
72,1271,6,4,40.0,with_chunking,LMM-2,10.0,10.04999999999999,0.6931486032615202
72,1271,6,6,60.0,with_chunking,LMM-1,10.0,10.049999999999978,0.6564978716118968
72,1271,6,6,60.0,with_chunking,LMM-2,10.0,10.049999999999978,0.6564978716118968
72,1271,6,8,80.0,with_chunking,LMM-1,10.0,10.049999999999981,0.6218507475907216
72,1271,6,8,80.0,with_chunking,LMM-2,10.0,10.049999999999981,0.6218507475907216
72,1271,8,2,20.0,with_chunking,LMM-1,8.5,8.625000000000004,0.7738648743485135
72,1271,8,2,20.0,with_chunking,LMM-2,7.75,7.912500000000003,0.8033284727071403
72,1271,8,4,40.0,with_chunking,LMM-1,8.5,8.624999999999991,0.7411538338245902
72,1271,8,4,40.0,with_chunking,LMM-2,7.875,8.031249999999993,0.7724018758882487
72,1271,8,6,60.0,with_chunking,LMM-1,8.5,8.62499999999998,0.7098695762666587
72,1271,8,6,60.0,with_chunking,LMM-2,7.708333333333334,7.872916666666649,0.7504506021244632
72,1271,8,8,80.0,with_chunking,LMM-1,8.5,8.624999999999984,0.6801211238257372
72,1271,8,8,80.0,with_chunking,LMM-2,7.84375,8.001562499999986,0.7195858252441002
72,1271,10,2,20.0,with_chunking,LMM-1,8.166666666666668,8.308333333333337,0.7125589072926736
72,1271,10,2,20.0,with_chunking,LMM-2,7.208333333333333,7.39791666666667,0.7580905564764326
72,1271,10,4,40.0,with_chunking,LMM-1,8.166666666666668,8.308333333333325,0.66636827212153
72,1271,10,4,40.0,with_chunking,LMM-2,7.208333333333333,7.397916666666659,0.7387924955466458
72,1271,10,6,60.0,with_chunking,LMM-1,8.166666666666668,8.308333333333316,0.6232400675788816
72,1271,10,6,60.0,with_chunking,LMM-2,6.805555555555555,7.015277777777762,0.7162080061930157
72,1271,10,8,80.0,with_chunking,LMM-1,8.166666666666668,8.308333333333318,0.5829970533935263
72,1271,10,8,80.0,with_chunking,LMM-2,6.458333333333334,6.6854166666666535,0.7007336617463924
73,1272,4,2,20.0,with_chunking,LMM-1,11.75,11.712500000000007,0.6602945048976883
73,1272,4,2,20.0,with_chunking,LMM-2,11.75,11.712500000000007,0.6602945048976883
73,1272,4,4,40.0,with_chunking,LMM-1,11.75,11.712499999999988,0.6185936983362922
73,1272,4,4,40.0,with_chunking,LMM-2,11.75,11.712499999999988,0.6185936983362922
73,1272,4,6,60.0,with_chunking,LMM-1,11.75,11.712499999999975,0.5796542753610205
73,1272,4,6,60.0,with_chunking,LMM-2,11.75,11.712499999999975,0.5796542753610205
73,1272,4,8,80.0,with_chunking,LMM-1,11.75,11.712499999999979,0.5442173903303581
73,1272,4,8,80.0,with_chunking,LMM-2,11.75,11.712499999999979,0.5442173903303581
73,1272,6,2,20.0,with_chunking,LMM-1,10.25,10.287500000000005,0.7235802685448348
73,1272,6,2,20.0,with_chunking,LMM-2,10.25,10.287500000000005,0.7235802685448348
73,1272,6,4,40.0,with_chunking,LMM-1,10.25,10.28749999999999,0.6868207108423635
73,1272,6,4,40.0,with_chunking,LMM-2,10.25,10.28749999999999,0.6868207108423635
73,1272,6,6,60.0,with_chunking,LMM-1,10.25,10.287499999999977,0.6520930770863187
73,1272,6,6,60.0,with_chunking,LMM-2,10.25,10.287499999999977,0.6520930770863187
73,1272,6,8,80.0,with_chunking,LMM-1,10.25,10.28749999999998,0.6192753890914178
73,1272,6,8,80.0,with_chunking,LMM-2,10.25,10.28749999999998,0.6192753890914178
73,1272,8,2,20.0,with_chunking,LMM-1,9.0,9.100000000000005,0.7762729596692135
73,1272,8,2,20.0,with_chunking,LMM-2,8.75,8.862500000000004,0.7813506378869801
73,1272,8,4,40.0,with_chunking,LMM-1,9.0,9.09999999999999,0.7410884604560961
73,1272,8,4,40.0,with_chunking,LMM-2,8.375,8.50624999999999,0.770118894875897
73,1272,8,6,60.0,with_chunking,LMM-1,9.0,9.09999999999998,0.7089424546200791
73,1272,8,6,60.0,with_chunking,LMM-2,9.291666666666668,9.377083333333312,0.7189470953256877
73,1272,8,8,80.0,with_chunking,LMM-1,9.625,9.693749999999982,0.6570012606734772
73,1272,8,8,80.0,with_chunking,LMM-2,9.34375,9.426562499999982,0.6984369706799106
73,1272,10,2,20.0,with_chunking,LMM-1,8.583333333333334,8.704166666666671,0.673162887199763
73,1272,10,2,20.0,with_chunking,LMM-2,8.166666666666668,8.308333333333337,0.7024200740392201
73,1272,10,4,40.0,with_chunking,LMM-1,8.583333333333334,8.704166666666659,0.6214219264744809
73,1272,10,4,40.0,with_chunking,LMM-2,7.9375,8.090624999999992,0.6788375694278312
73,1272,10,6,60.0,with_chunking,LMM-1,8.583333333333332,8.704166666666648,0.5861072457168757
73,1272,10,6,60.0,with_chunking,LMM-2,7.708333333333334,7.87291666666665,0.6648431464574978
73,1272,10,8,80.0,with_chunking,LMM-1,8.583333333333334,8.704166666666652,0.5457134281428084
73,1272,10,8,80.0,with_chunking,LMM-2,7.5625,7.734374999999986,0.6463653511579892
74,1273,4,2,20.0,with_chunking,LMM-1,10.333333333333334,10.366666666666672,0.6540309502795297
74,1273,4,2,20.0,with_chunking,LMM-2,9.125,9.218750000000005,0.674130483986103
74,1273,4,4,40.0,with_chunking,LMM-1,10.375,10.40624999999999,0.5456606661074626
74,1273,4,4,40.0,with_chunking,LMM-2,9.635416666666668,9.703645833333324,0.553395682259934
74,1273,4,6,60.0,with_chunking,LMM-1,10.375,10.406249999999979,0.5042530396101043
74,1273,4,6,60.0,with_chunking,LMM-2,9.597222222222221,9.66736111111109,0.5169627471806431
74,1273,4,8,80.0,with_chunking,LMM-1,10.375,10.406249999999982,0.46668102812411916
74,1273,4,8,80.0,with_chunking,LMM-2,9.567708333333332,9.63932291666665,0.4841169983948588
74,1273,6,2,20.0,with_chunking,LMM-1,10.75,10.762500000000006,0.6319560803036688
74,1273,6,2,20.0,with_chunking,LMM-2,9.291666666666668,9.377083333333339,0.6975737413917636
74,1273,6,4,40.0,with_chunking,LMM-1,10.5,10.524999999999991,0.5453066012424835
74,1273,6,4,40.0,with_chunking,LMM-2,8.916666666666668,9.020833333333325,0.6280223361310939
74,1273,6,6,60.0,with_chunking,LMM-1,10.5,10.524999999999977,0.5003823681636903
74,1273,6,6,60.0,with_chunking,LMM-2,8.694444444444445,8.809722222222202,0.6021827409272567
74,1273,6,8,80.0,with_chunking,LMM-1,10.5,10.52499999999998,0.4595170744021968
74,1273,6,8,80.0,with_chunking,LMM-2,8.75,8.862499999999983,0.5727355499263753
74,1273,8,2,20.0,with_chunking,LMM-1,8.375,8.506250000000005,0.7094591405754577
74,1273,8,2,20.0,with_chunking,LMM-2,7.583333333333334,7.754166666666671,0.7058505814863514
74,1273,8,4,40.0,with_chunking,LMM-1,8.9375,9.040624999999991,0.6066852852900215
74,1273,8,4,40.0,with_chunking,LMM-2,8.25,8.387499999999992,0.6162065994410207
74,1273,8,6,60.0,with_chunking,LMM-1,8.9375,9.04062499999998,0.5668383948237226
74,1273,8,6,60.0,with_chunking,LMM-2,7.5625,7.734374999999984,0.6203369192972416
74,1273,8,8,80.0,with_chunking,LMM-1,9.0,9.099999999999984,0.5543299549572234
74,1273,8,8,80.0,with_chunking,LMM-2,7.729166666666667,7.892708333333319,0.648147467750851
74,1273,10,2,20.0,with_chunking,LMM-1,7.541666666666666,7.714583333333336,0.7466679328917794
74,1273,10,2,20.0,with_chunking,LMM-2,7.208333333333334,7.39791666666667,0.7647050051780203
74,1273,10,4,40.0,with_chunking,LMM-1,7.885416666666666,8.041145833333324,0.6479583387989265
74,1273,10,4,40.0,with_chunking,LMM-2,7.479166666666666,7.655208333333325,0.6743365499156853
74,1273,10,6,60.0,with_chunking,LMM-1,7.916666666666666,8.070833333333315,0.5946909636089871
74,1273,10,6,60.0,with_chunking,LMM-2,7.423611111111112,7.602430555555538,0.6266477471649665
74,1273,10,8,80.0,with_chunking,LMM-1,7.875,8.031249999999986,0.5520895461972846
74,1273,10,8,80.0,with_chunking,LMM-2,7.453125,7.630468749999986,0.6140186525947455
75,1274,4,2,20.0,with_chunking,LMM-1,10.0,10.050000000000006,0.8042477959406424
75,1274,4,2,20.0,with_chunking,LMM-2,10.0,10.050000000000006,0.8042477959406424
75,1274,4,4,40.0,with_chunking,LMM-1,10.0,10.04999999999999,0.7805889584410611
75,1274,4,4,40.0,with_chunking,LMM-2,10.0,10.04999999999999,0.7805889584410611
75,1274,4,6,60.0,with_chunking,LMM-1,10.0,10.049999999999978,0.7575689060799446
75,1274,4,6,60.0,with_chunking,LMM-2,10.0,10.049999999999978,0.7575689060799446
75,1274,4,8,80.0,with_chunking,LMM-1,10.0,10.049999999999981,0.7354314233337467
75,1274,4,8,80.0,with_chunking,LMM-2,10.0,10.049999999999981,0.7354314233337467
75,1274,6,2,20.0,with_chunking,LMM-1,9.75,9.812500000000005,0.7558988864592125
75,1274,6,2,20.0,with_chunking,LMM-2,9.0,9.100000000000005,0.7867701851384541
75,1274,6,4,40.0,with_chunking,LMM-1,9.75,9.81249999999999,0.721306515930711
75,1274,6,4,40.0,with_chunking,LMM-2,9.8125,9.87187499999999,0.7313263054589169
75,1274,6,6,60.0,with_chunking,LMM-1,9.75,9.812499999999979,0.6882618970747052
75,1274,6,6,60.0,with_chunking,LMM-2,9.75,9.812499999999979,0.7092528436623502
75,1274,6,8,80.0,with_chunking,LMM-1,9.875,9.93124999999998,0.6700562142434221
75,1274,6,8,80.0,with_chunking,LMM-2,9.84375,9.901562499999981,0.6815147195062105
75,1274,8,2,20.0,with_chunking,LMM-1,8.5,8.625000000000004,0.734585610780795
75,1274,8,2,20.0,with_chunking,LMM-2,7.75,7.912500000000004,0.7666810927318463
75,1274,8,4,40.0,with_chunking,LMM-1,8.625,8.743749999999991,0.6989389333098004
75,1274,8,4,40.0,with_chunking,LMM-2,8.1875,8.328124999999993,0.7333590739822143
75,1274,8,6,60.0,with_chunking,LMM-1,8.625,8.74374999999998,0.6528761686118199
75,1274,8,6,60.0,with_chunking,LMM-2,8.041666666666666,8.189583333333315,0.7190774106507817
75,1274,8,8,80.0,with_chunking,LMM-1,8.625,8.743749999999984,0.6198315581490933
75,1274,8,8,80.0,with_chunking,LMM-2,8.09375,8.239062499999985,0.6995576561518639
75,1274,10,2,20.0,with_chunking,LMM-1,7.625,7.793750000000004,0.7699942249397962
75,1274,10,2,20.0,with_chunking,LMM-2,7.75,7.912500000000003,0.7802660671742734
75,1274,10,4,40.0,with_chunking,LMM-1,7.625,7.793749999999992,0.725105040947166
75,1274,10,4,40.0,with_chunking,LMM-2,7.9375,8.09062499999999,0.7506418201836635
75,1274,10,6,60.0,with_chunking,LMM-1,7.625,7.793749999999983,0.6854788824529301
75,1274,10,6,60.0,with_chunking,LMM-2,8.0,8.14999999999998,0.7320896767544204
75,1274,10,8,80.0,with_chunking,LMM-1,7.625,7.793749999999985,0.647948916182729
75,1274,10,8,80.0,with_chunking,LMM-2,7.96875,8.120312499999986,0.7180653826311442
76,1275,4,2,20.0,with_chunking,LMM-1,10.708333333333334,10.722916666666674,0.6459346987763654
76,1275,4,2,20.0,with_chunking,LMM-2,10.583333333333334,10.604166666666673,0.6512310023321586
76,1275,4,4,40.0,with_chunking,LMM-1,10.6875,10.70312499999999,0.5904811541063764
76,1275,4,4,40.0,with_chunking,LMM-2,10.604166666666668,10.623958333333324,0.6143540220778734
76,1275,4,6,60.0,with_chunking,LMM-1,10.680555555555555,10.696527777777755,0.5478570729352262
76,1275,4,6,60.0,with_chunking,LMM-2,10.597222222222221,10.617361111111087,0.5664984601266377
76,1275,4,8,80.0,with_chunking,LMM-1,10.666666666666668,10.683333333333314,0.5001269699793344
76,1275,4,8,80.0,with_chunking,LMM-2,10.5,10.52499999999998,0.5705033537592048
76,1275,6,2,20.0,with_chunking,LMM-1,11.666666666666668,11.63333333333334,0.6188223757828856
76,1275,6,2,20.0,with_chunking,LMM-2,11.291666666666668,11.27708333333334,0.6299482329030381
76,1275,6,4,40.0,with_chunking,LMM-1,11.166666666666668,11.15833333333332,0.5279851631912904
76,1275,6,4,40.0,with_chunking,LMM-2,11.0,10.99999999999999,0.5526537757897374
76,1275,6,6,60.0,with_chunking,LMM-1,11.166666666666666,11.158333333333308,0.47668938234373137
76,1275,6,6,60.0,with_chunking,LMM-2,10.86111111111111,10.86805555555553,0.5165540014047378
76,1275,6,8,80.0,with_chunking,LMM-1,11.083333333333334,11.079166666666648,0.48055272839928803
76,1275,6,8,80.0,with_chunking,LMM-2,10.614583333333332,10.633854166666648,0.5461931418339376
76,1275,8,2,20.0,with_chunking,LMM-1,11.083333333333332,11.079166666666675,0.6420615912367484
76,1275,8,2,20.0,with_chunking,LMM-2,10.708333333333332,10.722916666666674,0.6539120935894653
76,1275,8,4,40.0,with_chunking,LMM-1,10.5,10.52499999999999,0.556489652886085
76,1275,8,4,40.0,with_chunking,LMM-2,9.708333333333332,9.772916666666656,0.6067492161295513
76,1275,8,6,60.0,with_chunking,LMM-1,10.5,10.524999999999977,0.5043990281459722
76,1275,8,6,60.0,with_chunking,LMM-2,10.0,10.049999999999978,0.5582729436171343
76,1275,8,8,80.0,with_chunking,LMM-1,10.5,10.52499999999998,0.4664413526650698
76,1275,8,8,80.0,with_chunking,LMM-2,9.895833333333332,9.951041666666647,0.537164280882398
76,1275,10,2,20.0,with_chunking,LMM-1,9.416666666666668,9.495833333333337,0.6898174933035377
76,1275,10,2,20.0,with_chunking,LMM-2,9.333333333333334,9.416666666666671,0.6935668211268214
76,1275,10,4,40.0,with_chunking,LMM-1,9.0,9.09999999999999,0.6238932564288796
76,1275,10,4,40.0,with_chunking,LMM-2,8.291666666666668,8.427083333333325,0.661922749061453
76,1275,10,6,60.0,with_chunking,LMM-1,9.0,9.09999999999998,0.5864402441351813
76,1275,10,6,60.0,with_chunking,LMM-2,7.833333333333333,7.991666666666649,0.7047720107096316
76,1275,10,8,80.0,with_chunking,LMM-1,9.0,9.099999999999984,0.548716653617894
76,1275,10,8,80.0,with_chunking,LMM-2,7.583333333333333,7.754166666666652,0.6873539834527499
77,1276,4,2,20.0,with_chunking,LMM-1,11.125,11.118750000000007,0.7399174491724718
77,1276,4,2,20.0,with_chunking,LMM-2,11.125,11.118750000000007,0.7399174491724718
77,1276,4,4,40.0,with_chunking,LMM-1,11.25,11.23749999999999,0.662038020997581
77,1276,4,4,40.0,with_chunking,LMM-2,11.25,11.23749999999999,0.662038020997581
77,1276,4,6,60.0,with_chunking,LMM-1,11.25,11.237499999999976,0.6284223919811991
77,1276,4,6,60.0,with_chunking,LMM-2,11.25,11.237499999999976,0.6284223919811991
77,1276,4,8,80.0,with_chunking,LMM-1,11.25,11.23749999999998,0.5963911224377458
77,1276,4,8,80.0,with_chunking,LMM-2,11.25,11.23749999999998,0.5963911224377458
77,1276,6,2,20.0,with_chunking,LMM-1,10.0,10.050000000000004,0.8086102317126178
77,1276,6,2,20.0,with_chunking,LMM-2,10.0,10.050000000000004,0.8086102317126178
77,1276,6,4,40.0,with_chunking,LMM-1,10.0,10.04999999999999,0.7729156451132653
77,1276,6,4,40.0,with_chunking,LMM-2,10.0,10.04999999999999,0.7729156451132653
77,1276,6,6,60.0,with_chunking,LMM-1,10.0,10.049999999999978,0.7386838290408655
77,1276,6,6,60.0,with_chunking,LMM-2,10.0,10.049999999999978,0.7386838290408655
77,1276,6,8,80.0,with_chunking,LMM-1,10.5,10.52499999999998,0.7077139439095896
77,1276,6,8,80.0,with_chunking,LMM-2,10.5,10.52499999999998,0.7077139439095896
77,1276,8,2,20.0,with_chunking,LMM-1,9.0,9.100000000000005,0.8031069504719691
77,1276,8,2,20.0,with_chunking,LMM-2,9.0,9.100000000000005,0.8030784852681305
77,1276,8,4,40.0,with_chunking,LMM-1,9.0,9.09999999999999,0.738327149469365
77,1276,8,4,40.0,with_chunking,LMM-2,8.5,8.624999999999991,0.7643572518348248
77,1276,8,6,60.0,with_chunking,LMM-1,9.0,9.09999999999998,0.7065657731397549
77,1276,8,6,60.0,with_chunking,LMM-2,8.541666666666668,8.664583333333315,0.7487498641776937
77,1276,8,8,80.0,with_chunking,LMM-1,9.0,9.099999999999984,0.7022329643290111
77,1276,8,8,80.0,with_chunking,LMM-2,9.0,9.099999999999984,0.7210462303283685
77,1276,10,2,20.0,with_chunking,LMM-1,8.5,8.625000000000004,0.7247428820486074
77,1276,10,2,20.0,with_chunking,LMM-2,7.875,8.031250000000004,0.7559021444758786
77,1276,10,4,40.0,with_chunking,LMM-1,8.75,8.86249999999999,0.6859185518454677
77,1276,10,4,40.0,with_chunking,LMM-2,8.25,8.387499999999992,0.7105596256580675
77,1276,10,6,60.0,with_chunking,LMM-1,8.75,8.86249999999998,0.6484633170298261
77,1276,10,6,60.0,with_chunking,LMM-2,8.25,8.387499999999982,0.6779210781611391
77,1276,10,8,80.0,with_chunking,LMM-1,8.75,8.862499999999983,0.6129847806475658
77,1276,10,8,80.0,with_chunking,LMM-2,8.25,8.387499999999985,0.6446645104935669
78,1277,4,2,20.0,with_chunking,LMM-1,11.875,11.831250000000008,0.6496996987502528
78,1277,4,2,20.0,with_chunking,LMM-2,11.875,11.831250000000008,0.6496996987502528
78,1277,4,4,40.0,with_chunking,LMM-1,11.375,11.356249999999989,0.5631004631220358
78,1277,4,4,40.0,with_chunking,LMM-2,11.375,11.356249999999989,0.5631004631220358
78,1277,4,6,60.0,with_chunking,LMM-1,11.5,11.474999999999977,0.5161856596443435
78,1277,4,6,60.0,with_chunking,LMM-2,11.5,11.474999999999977,0.5161856596443435
78,1277,4,8,80.0,with_chunking,LMM-1,11.5,11.47499999999998,0.47123308693620847
78,1277,4,8,80.0,with_chunking,LMM-2,11.5,11.47499999999998,0.47123308693620847
78,1277,6,2,20.0,with_chunking,LMM-1,11.25,11.237500000000008,0.6835849158870808
78,1277,6,2,20.0,with_chunking,LMM-2,11.25,11.237500000000008,0.6835849158870808
78,1277,6,4,40.0,with_chunking,LMM-1,10.875,10.881249999999987,0.6017203139387372
78,1277,6,4,40.0,with_chunking,LMM-2,10.875,10.881249999999987,0.6017203139387372
78,1277,6,6,60.0,with_chunking,LMM-1,10.875,10.881249999999977,0.5560790873787984
78,1277,6,6,60.0,with_chunking,LMM-2,10.875,10.881249999999977,0.5560790873787984
78,1277,6,8,80.0,with_chunking,LMM-1,11.0,10.99999999999998,0.5185906011272039
78,1277,6,8,80.0,with_chunking,LMM-2,11.0,10.99999999999998,0.5185906011272039
78,1277,8,2,20.0,with_chunking,LMM-1,9.625,9.693750000000005,0.7366388272540212
78,1277,8,2,20.0,with_chunking,LMM-2,9.25,9.337500000000006,0.7510788725608682
78,1277,8,4,40.0,with_chunking,LMM-1,9.375,9.45624999999999,0.6581782431904195
78,1277,8,4,40.0,with_chunking,LMM-2,8.8125,8.921874999999991,0.6836531388807972
78,1277,8,6,60.0,with_chunking,LMM-1,9.375,9.45624999999998,0.6124381357548587
78,1277,8,6,60.0,with_chunking,LMM-2,9.291666666666668,9.37708333333331,0.6304315439564616
78,1277,8,8,80.0,with_chunking,LMM-1,9.375,9.456249999999983,0.5698401791054867
78,1277,8,8,80.0,with_chunking,LMM-2,9.125,9.218749999999984,0.5990430158630822
78,1277,10,2,20.0,with_chunking,LMM-1,9.0,9.100000000000005,0.7597301245927124
78,1277,10,2,20.0,with_chunking,LMM-2,8.375,8.506250000000005,0.7780057070034512
78,1277,10,4,40.0,with_chunking,LMM-1,8.875,8.981249999999992,0.6819747903972371
78,1277,10,4,40.0,with_chunking,LMM-2,7.875,8.031249999999993,0.7294822292043343
78,1277,10,6,60.0,with_chunking,LMM-1,8.875,8.981249999999982,0.6399851076871578
78,1277,10,6,60.0,with_chunking,LMM-2,6.791666666666666,7.002083333333319,0.7384444515198475
78,1277,10,8,80.0,with_chunking,LMM-1,9.125,9.218749999999982,0.5903962328671282
78,1277,10,8,80.0,with_chunking,LMM-2,6.677083333333333,6.893229166666654,0.7032512595453061
79,1278,4,2,20.0,with_chunking,LMM-1,12.0,11.95000000000001,0.7612326910996814
79,1278,4,2,20.0,with_chunking,LMM-2,12.0,11.95000000000001,0.7612326910996814
79,1278,4,4,40.0,with_chunking,LMM-1,12.0,11.949999999999989,0.7263945855510665
79,1278,4,4,40.0,with_chunking,LMM-2,12.0,11.949999999999989,0.7263945855510665
79,1278,4,6,60.0,with_chunking,LMM-1,12.0,11.949999999999974,0.6930695270251408
79,1278,4,6,60.0,with_chunking,LMM-2,12.0,11.949999999999974,0.6930695270251408
79,1278,4,8,80.0,with_chunking,LMM-1,12.0,11.949999999999978,0.6623238549847069
79,1278,4,8,80.0,with_chunking,LMM-2,12.0,11.949999999999978,0.6623238549847069
79,1278,6,2,20.0,with_chunking,LMM-1,12.0,11.95000000000001,0.7682968253094501
79,1278,6,2,20.0,with_chunking,LMM-2,12.0,11.95000000000001,0.7682968253094501
79,1278,6,4,40.0,with_chunking,LMM-1,12.0,11.949999999999989,0.7380923387767357
79,1278,6,4,40.0,with_chunking,LMM-2,12.0,11.949999999999989,0.7380923387767357
79,1278,6,6,60.0,with_chunking,LMM-1,12.0,11.949999999999974,0.7090269659144512
79,1278,6,6,60.0,with_chunking,LMM-2,12.0,11.949999999999974,0.7090269659144512
79,1278,6,8,80.0,with_chunking,LMM-1,12.0,11.949999999999978,0.6810596476063118
79,1278,6,8,80.0,with_chunking,LMM-2,12.0,11.949999999999978,0.6810596476063118
79,1278,8,2,20.0,with_chunking,LMM-1,8.0,8.150000000000004,0.8550586131595148
79,1278,8,2,20.0,with_chunking,LMM-2,8.0,8.150000000000004,0.8550586131595148
79,1278,8,4,40.0,with_chunking,LMM-1,8.0,8.149999999999991,0.8375755542328476
79,1278,8,4,40.0,with_chunking,LMM-2,8.0,8.149999999999991,0.8375755542328476
79,1278,8,6,60.0,with_chunking,LMM-1,8.0,8.149999999999983,0.8204171259303108
79,1278,8,6,60.0,with_chunking,LMM-2,8.0,8.149999999999983,0.8204171259303108
79,1278,8,8,80.0,with_chunking,LMM-1,8.0,8.149999999999984,0.803577983890829
79,1278,8,8,80.0,with_chunking,LMM-2,8.0,8.149999999999984,0.803577983890829
79,1278,10,2,20.0,with_chunking,LMM-1,8.5,8.625000000000004,0.8550580952583791
79,1278,10,2,20.0,with_chunking,LMM-2,8.5,8.625000000000004,0.8550580952583791
79,1278,10,4,40.0,with_chunking,LMM-1,8.5,8.62499999999999,0.8367962937372977
79,1278,10,4,40.0,with_chunking,LMM-2,8.5,8.62499999999999,0.8367962937372977
79,1278,10,6,60.0,with_chunking,LMM-1,8.5,8.62499999999998,0.818893200614419
79,1278,10,6,60.0,with_chunking,LMM-2,8.5,8.62499999999998,0.818893200614419
79,1278,10,8,80.0,with_chunking,LMM-1,8.5,8.624999999999984,0.801342461904227
79,1278,10,8,80.0,with_chunking,LMM-2,8.5,8.624999999999984,0.801342461904227
80,1279,4,2,20.0,with_chunking,LMM-1,16.0,15.750000000000012,0.6734047537748401
80,1279,4,2,20.0,with_chunking,LMM-2,16.0,15.750000000000012,0.6734047537748401
80,1279,4,4,40.0,with_chunking,LMM-1,16.0,15.749999999999979,0.6200830584713579
80,1279,4,4,40.0,with_chunking,LMM-2,16.0,15.749999999999979,0.6200830584713579
80,1279,4,6,60.0,with_chunking,LMM-1,16.0,15.749999999999963,0.5708799129108413
80,1279,4,6,60.0,with_chunking,LMM-2,16.0,15.749999999999963,0.5708799129108413
80,1279,4,8,80.0,with_chunking,LMM-1,16.0,15.749999999999973,0.5257153094951973
80,1279,4,8,80.0,with_chunking,LMM-2,16.0,15.749999999999973,0.5257153094951973
80,1279,6,2,20.0,with_chunking,LMM-1,14.0,13.85000000000001,0.7089751342761003
80,1279,6,2,20.0,with_chunking,LMM-2,14.0,13.85000000000001,0.7089751342761003
80,1279,6,4,40.0,with_chunking,LMM-1,14.0,13.849999999999984,0.6603268016895477
80,1279,6,4,40.0,with_chunking,LMM-2,14.0,13.849999999999984,0.6603268016895477
80,1279,6,6,60.0,with_chunking,LMM-1,14.0,13.849999999999968,0.6149046733999575
80,1279,6,6,60.0,with_chunking,LMM-2,14.0,13.849999999999968,0.6149046733999575
80,1279,6,8,80.0,with_chunking,LMM-1,14.0,13.849999999999977,0.5727928152949674
80,1279,6,8,80.0,with_chunking,LMM-2,14.0,13.849999999999977,0.5727928152949674
80,1279,8,2,20.0,with_chunking,LMM-1,9.0,9.100000000000005,0.8340695978877457
80,1279,8,2,20.0,with_chunking,LMM-2,9.0,9.100000000000005,0.8340695978877457
80,1279,8,4,40.0,with_chunking,LMM-1,9.0,9.09999999999999,0.8005036689160359
80,1279,8,4,40.0,with_chunking,LMM-2,9.0,9.09999999999999,0.8005036689160359
80,1279,8,6,60.0,with_chunking,LMM-1,9.0,9.09999999999998,0.7681913431572419
80,1279,8,6,60.0,with_chunking,LMM-2,9.0,9.09999999999998,0.7681913431572419
80,1279,8,8,80.0,with_chunking,LMM-1,9.0,9.099999999999984,0.7374346580294469
80,1279,8,8,80.0,with_chunking,LMM-2,9.0,9.099999999999984,0.7374346580294469
80,1279,10,2,20.0,with_chunking,LMM-1,8.0,8.150000000000004,0.7436129040446446
80,1279,10,2,20.0,with_chunking,LMM-2,6.5,6.725000000000002,0.808022640388621
80,1279,10,4,40.0,with_chunking,LMM-1,8.125,8.26874999999999,0.6969010770315329
80,1279,10,4,40.0,with_chunking,LMM-2,6.4375,6.665624999999993,0.7823104453226108
80,1279,10,6,60.0,with_chunking,LMM-1,8.125,8.268749999999983,0.6555000281937229
80,1279,10,6,60.0,with_chunking,LMM-2,6.666666666666667,6.883333333333319,0.7506758742062372
80,1279,10,8,80.0,with_chunking,LMM-1,8.125,8.268749999999985,0.6164557913847972
80,1279,10,8,80.0,with_chunking,LMM-2,6.75,6.962499999999986,0.7259156299861071
81,1280,4,2,20.0,with_chunking,LMM-1,10.5,10.525000000000006,0.7944042229403653
81,1280,4,2,20.0,with_chunking,LMM-2,10.5,10.525000000000006,0.7944042229403653
81,1280,4,4,40.0,with_chunking,LMM-1,10.5,10.524999999999988,0.754882742213929
81,1280,4,4,40.0,with_chunking,LMM-2,10.5,10.524999999999988,0.754882742213929
81,1280,4,6,60.0,with_chunking,LMM-1,10.5,10.524999999999977,0.7506178867832114
81,1280,4,6,60.0,with_chunking,LMM-2,10.5,10.524999999999977,0.7506178867832114
81,1280,4,8,80.0,with_chunking,LMM-1,10.5,10.52499999999998,0.7256794948836758
81,1280,4,8,80.0,with_chunking,LMM-2,10.5,10.52499999999998,0.7256794948836758
81,1280,6,2,20.0,with_chunking,LMM-1,9.5,9.575000000000006,0.834577865493418
81,1280,6,2,20.0,with_chunking,LMM-2,9.5,9.575000000000006,0.834577865493418
81,1280,6,4,40.0,with_chunking,LMM-1,9.5,9.57499999999999,0.8105956831645837
81,1280,6,4,40.0,with_chunking,LMM-2,9.5,9.57499999999999,0.8105956831645837
81,1280,6,6,60.0,with_chunking,LMM-1,9.5,9.57499999999998,0.7872491151309133
81,1280,6,6,60.0,with_chunking,LMM-2,9.5,9.57499999999998,0.7872491151309133
81,1280,6,8,80.0,with_chunking,LMM-1,9.5,9.574999999999982,0.764522867388274
81,1280,6,8,80.0,with_chunking,LMM-2,9.5,9.574999999999982,0.764522867388274
81,1280,8,2,20.0,with_chunking,LMM-1,9.0,9.100000000000005,0.8121121170631345
81,1280,8,2,20.0,with_chunking,LMM-2,8.875,8.981250000000005,0.8167579449653118
81,1280,8,4,40.0,with_chunking,LMM-1,9.0,9.09999999999999,0.7843532354189124
81,1280,8,4,40.0,with_chunking,LMM-2,8.4375,8.56562499999999,0.8074685633771593
81,1280,8,6,60.0,with_chunking,LMM-1,9.0,9.09999999999998,0.7574673746609311
81,1280,8,6,60.0,with_chunking,LMM-2,8.75,8.86249999999998,0.7887110082026003
81,1280,8,8,80.0,with_chunking,LMM-1,9.0,9.099999999999984,0.7314294887142625
81,1280,8,8,80.0,with_chunking,LMM-2,8.71875,8.832812499999985,0.771539141114416
81,1280,10,2,20.0,with_chunking,LMM-1,8.75,8.862500000000004,0.7894477138926271
81,1280,10,2,20.0,with_chunking,LMM-2,8.5,8.625000000000004,0.7989773157449629
81,1280,10,4,40.0,with_chunking,LMM-1,8.75,8.86249999999999,0.755162154410197
81,1280,10,4,40.0,with_chunking,LMM-2,8.4375,8.56562499999999,0.7781836702248422
81,1280,10,6,60.0,with_chunking,LMM-1,8.75,8.862499999999981,0.7223682134613443
81,1280,10,6,60.0,with_chunking,LMM-2,8.5,8.62499999999998,0.7639010343807175
81,1280,10,8,80.0,with_chunking,LMM-1,8.75,8.862499999999983,0.7274485682053069
81,1280,10,8,80.0,with_chunking,LMM-2,8.5,8.624999999999984,0.7447634169466499
82,1281,4,2,20.0,with_chunking,LMM-1,11.625,11.593750000000007,0.6677044733442123
82,1281,4,2,20.0,with_chunking,LMM-2,11.625,11.593750000000007,0.6677044733442123
82,1281,4,4,40.0,with_chunking,LMM-1,11.625,11.593749999999988,0.6260832493727839
82,1281,4,4,40.0,with_chunking,LMM-2,11.625,11.593749999999988,0.6260832493727839
82,1281,4,6,60.0,with_chunking,LMM-1,11.625,11.593749999999975,0.5872883799875841
82,1281,4,6,60.0,with_chunking,LMM-2,11.625,11.593749999999975,0.5872883799875841
82,1281,4,8,80.0,with_chunking,LMM-1,11.625,11.59374999999998,0.5511141808082423
82,1281,4,8,80.0,with_chunking,LMM-2,11.625,11.59374999999998,0.5511141808082423
82,1281,6,2,20.0,with_chunking,LMM-1,10.25,10.287500000000005,0.6726076976955266
82,1281,6,2,20.0,with_chunking,LMM-2,9.75,9.812500000000005,0.693679806566836
82,1281,6,4,40.0,with_chunking,LMM-1,10.25,10.287499999999989,0.6243526780746067
82,1281,6,4,40.0,with_chunking,LMM-2,9.75,9.81249999999999,0.6494636644062711
82,1281,6,6,60.0,with_chunking,LMM-1,10.125,10.168749999999978,0.589578724100738
82,1281,6,6,60.0,with_chunking,LMM-2,9.666666666666668,9.733333333333311,0.6112409810865366
82,1281,6,8,80.0,with_chunking,LMM-1,10.125,10.168749999999982,0.5484781421631328
82,1281,6,8,80.0,with_chunking,LMM-2,9.6875,9.753124999999983,0.5726396157730217
82,1281,8,2,20.0,with_chunking,LMM-1,9.25,9.337500000000006,0.712658769827128
82,1281,8,2,20.0,with_chunking,LMM-2,9.25,9.337500000000006,0.7125421386273487
82,1281,8,4,40.0,with_chunking,LMM-1,9.25,9.337499999999991,0.6652319595588334
82,1281,8,4,40.0,with_chunking,LMM-2,9.0,9.09999999999999,0.6764737487258197
82,1281,8,6,60.0,with_chunking,LMM-1,9.25,9.337499999999979,0.6209102498188694
82,1281,8,6,60.0,with_chunking,LMM-2,9.0,9.09999999999998,0.6388671823761947
82,1281,8,8,80.0,with_chunking,LMM-1,9.25,9.337499999999984,0.5794945191587962
82,1281,8,8,80.0,with_chunking,LMM-2,9.0,9.099999999999984,0.6017138414526588
82,1281,10,2,20.0,with_chunking,LMM-1,8.25,8.387500000000003,0.748497267336662
82,1281,10,2,20.0,with_chunking,LMM-2,8.25,8.387500000000003,0.7483408852337592
82,1281,10,4,40.0,with_chunking,LMM-1,8.25,8.387499999999992,0.7170888755948196
82,1281,10,4,40.0,with_chunking,LMM-2,7.875,8.031249999999993,0.7343780270638367
82,1281,10,6,60.0,with_chunking,LMM-1,8.25,8.387499999999982,0.6869858056892287
82,1281,10,6,60.0,with_chunking,LMM-2,8.0,8.149999999999983,0.7075521093588715
82,1281,10,8,80.0,with_chunking,LMM-1,8.25,8.387499999999985,0.6581349755685015
82,1281,10,8,80.0,with_chunking,LMM-2,7.71875,7.882812499999986,0.6944357511990771
83,1282,4,2,20.0,with_chunking,LMM-1,15.5,15.275000000000013,0.6917106363025349
83,1282,4,2,20.0,with_chunking,LMM-2,15.5,15.275000000000013,0.6917106363025349
83,1282,4,4,40.0,with_chunking,LMM-1,15.5,15.27499999999998,0.6428635892267497
83,1282,4,4,40.0,with_chunking,LMM-2,15.5,15.27499999999998,0.6428635892267497
83,1282,4,6,60.0,with_chunking,LMM-1,15.5,15.274999999999963,0.5973599739889937
83,1282,4,6,60.0,with_chunking,LMM-2,15.5,15.274999999999963,0.5973599739889937
83,1282,4,8,80.0,with_chunking,LMM-1,15.0,14.799999999999976,0.6167543949648411
83,1282,4,8,80.0,with_chunking,LMM-2,15.0,14.799999999999976,0.6167543949648411
83,1282,6,2,20.0,with_chunking,LMM-1,11.5,11.475000000000009,0.7673666436676265
83,1282,6,2,20.0,with_chunking,LMM-2,11.5,11.475000000000009,0.7673666436676265
83,1282,6,4,40.0,with_chunking,LMM-1,11.5,11.474999999999989,0.7276970432950627
83,1282,6,4,40.0,with_chunking,LMM-2,11.5,11.474999999999989,0.7276970432950627
83,1282,6,6,60.0,with_chunking,LMM-1,11.5,11.474999999999975,0.7251302248142517
83,1282,6,6,60.0,with_chunking,LMM-2,11.5,11.474999999999975,0.7251302248142517
83,1282,6,8,80.0,with_chunking,LMM-1,11.5,11.47499999999998,0.7004394063492918
83,1282,6,8,80.0,with_chunking,LMM-2,11.5,11.47499999999998,0.7004394063492918
83,1282,8,2,20.0,with_chunking,LMM-1,10.0,10.050000000000004,0.8148889126612513
83,1282,8,2,20.0,with_chunking,LMM-2,10.0,10.050000000000004,0.8148889126612513
83,1282,8,4,40.0,with_chunking,LMM-1,10.0,10.049999999999988,0.7859496591597901
83,1282,8,4,40.0,with_chunking,LMM-2,10.0,10.049999999999988,0.7859496591597901
83,1282,8,6,60.0,with_chunking,LMM-1,10.0,10.049999999999978,0.757976183871145
83,1282,8,6,60.0,with_chunking,LMM-2,10.0,10.049999999999978,0.757976183871145
83,1282,8,8,80.0,with_chunking,LMM-1,10.0,10.049999999999983,0.730938275999456
83,1282,8,8,80.0,with_chunking,LMM-2,10.0,10.049999999999983,0.730938275999456
83,1282,10,2,20.0,with_chunking,LMM-1,7.125,7.318750000000004,0.7253382329331756
83,1282,10,2,20.0,with_chunking,LMM-2,7.041666666666667,7.2395833333333375,0.733168603429314
83,1282,10,4,40.0,with_chunking,LMM-1,7.479166666666667,7.655208333333325,0.6358572120370882
83,1282,10,4,40.0,with_chunking,LMM-2,6.9375,7.140624999999993,0.6731015868662069
83,1282,10,6,60.0,with_chunking,LMM-1,7.625,7.793749999999983,0.5725620625724369
83,1282,10,6,60.0,with_chunking,LMM-2,7.361111111111111,7.54305555555554,0.6075320562445694
83,1282,10,8,80.0,with_chunking,LMM-1,8.0625,8.209374999999985,0.5206709127006816
83,1282,10,8,80.0,with_chunking,LMM-2,7.104166666666667,7.298958333333319,0.6207770817092744
84,1283,4,2,20.0,with_chunking,LMM-1,12.5,12.425000000000008,0.796673983887731
84,1283,4,2,20.0,with_chunking,LMM-2,12.5,12.425000000000008,0.796673983887731
84,1283,4,4,40.0,with_chunking,LMM-1,12.5,12.424999999999986,0.7655745940620832
84,1283,4,4,40.0,with_chunking,LMM-2,12.5,12.424999999999986,0.7655745940620832
84,1283,4,6,60.0,with_chunking,LMM-1,12.5,12.424999999999974,0.735636734278859
84,1283,4,6,60.0,with_chunking,LMM-2,12.5,12.424999999999974,0.735636734278859
84,1283,4,8,80.0,with_chunking,LMM-1,12.5,12.42499999999998,0.7068191412738916
84,1283,4,8,80.0,with_chunking,LMM-2,12.5,12.42499999999998,0.7068191412738916
84,1283,6,2,20.0,with_chunking,LMM-1,12.5,12.425000000000008,0.796673983887731
84,1283,6,2,20.0,with_chunking,LMM-2,12.5,12.425000000000008,0.796673983887731
84,1283,6,4,40.0,with_chunking,LMM-1,12.5,12.424999999999986,0.7655745940620832
84,1283,6,4,40.0,with_chunking,LMM-2,12.5,12.424999999999986,0.7655745940620832
84,1283,6,6,60.0,with_chunking,LMM-1,12.5,12.424999999999974,0.735636734278859
84,1283,6,6,60.0,with_chunking,LMM-2,12.5,12.424999999999974,0.735636734278859
84,1283,6,8,80.0,with_chunking,LMM-1,12.5,12.42499999999998,0.7068191412738916
84,1283,6,8,80.0,with_chunking,LMM-2,12.5,12.42499999999998,0.7068191412738916
84,1283,8,2,20.0,with_chunking,LMM-1,10.5,10.525000000000006,0.8228123505743397
84,1283,8,2,20.0,with_chunking,LMM-2,10.5,10.525000000000006,0.8228123505743397
84,1283,8,4,40.0,with_chunking,LMM-1,10.5,10.524999999999988,0.79862439841187
84,1283,8,4,40.0,with_chunking,LMM-2,10.5,10.524999999999988,0.79862439841187
84,1283,8,6,60.0,with_chunking,LMM-1,10.5,10.524999999999977,0.7750984050475229
84,1283,8,6,60.0,with_chunking,LMM-2,10.5,10.524999999999977,0.7750984050475229
84,1283,8,8,80.0,with_chunking,LMM-1,10.5,10.52499999999998,0.7522176824915325
84,1283,8,8,80.0,with_chunking,LMM-2,10.5,10.52499999999998,0.7522176824915325
84,1283,10,2,20.0,with_chunking,LMM-1,9.5,9.575000000000006,0.8404669127239273
84,1283,10,2,20.0,with_chunking,LMM-2,9.5,9.575000000000006,0.8404669127239273
84,1283,10,4,40.0,with_chunking,LMM-1,9.5,9.57499999999999,0.8204906017216682
84,1283,10,4,40.0,with_chunking,LMM-2,9.5,9.57499999999999,0.8204906017216682
84,1283,10,6,60.0,with_chunking,LMM-1,9.5,9.574999999999978,0.8009708760860026
84,1283,10,6,60.0,with_chunking,LMM-2,9.5,9.574999999999978,0.8009708760860026
84,1283,10,8,80.0,with_chunking,LMM-1,9.5,9.574999999999982,0.7818977881194209
84,1283,10,8,80.0,with_chunking,LMM-2,9.5,9.574999999999982,0.7818977881194209
85,1284,4,2,20.0,with_chunking,LMM-1,10.75,10.762500000000006,0.6026120873660643
85,1284,4,2,20.0,with_chunking,LMM-2,10.75,10.762500000000006,0.6026120873660643
85,1284,4,4,40.0,with_chunking,LMM-1,10.75,10.762499999999989,0.5604092494623772
85,1284,4,4,40.0,with_chunking,LMM-2,10.75,10.762499999999989,0.5604092494623772
85,1284,4,6,60.0,with_chunking,LMM-1,10.75,10.762499999999976,0.5157220626223666
85,1284,4,6,60.0,with_chunking,LMM-2,10.75,10.762499999999976,0.5157220626223666
85,1284,4,8,80.0,with_chunking,LMM-1,10.75,10.762499999999982,0.4988137651357786
85,1284,4,8,80.0,with_chunking,LMM-2,10.75,10.762499999999982,0.4988137651357786
85,1284,6,2,20.0,with_chunking,LMM-1,10.833333333333334,10.841666666666672,0.4979848524734942
85,1284,6,2,20.0,with_chunking,LMM-2,10.0,10.050000000000006,0.5744796033939866
85,1284,6,4,40.0,with_chunking,LMM-1,10.833333333333334,10.841666666666654,0.4422794851456562
85,1284,6,4,40.0,with_chunking,LMM-2,10.3125,10.34687499999999,0.517598719000961
85,1284,6,6,60.0,with_chunking,LMM-1,10.833333333333334,10.841666666666642,0.39281690456791607
85,1284,6,6,60.0,with_chunking,LMM-2,10.069444444444445,10.1159722222222,0.5058529639430736
85,1284,6,8,80.0,with_chunking,LMM-1,10.833333333333334,10.841666666666647,0.34946348231272617
85,1284,6,8,80.0,with_chunking,LMM-2,9.885416666666668,9.941145833333316,0.4809405356137163
85,1284,8,2,20.0,with_chunking,LMM-1,9.5,9.575000000000006,0.5636271882334734
85,1284,8,2,20.0,with_chunking,LMM-2,8.916666666666668,9.020833333333337,0.5929649605611018
85,1284,8,4,40.0,with_chunking,LMM-1,9.5,9.57499999999999,0.506317386877591
85,1284,8,4,40.0,with_chunking,LMM-2,8.875,8.98124999999999,0.5458261744014825
85,1284,8,6,60.0,with_chunking,LMM-1,9.5,9.57499999999998,0.45480433261733066
85,1284,8,6,60.0,with_chunking,LMM-2,8.472222222222221,8.598611111111092,0.5173493095399002
85,1284,8,8,80.0,with_chunking,LMM-1,9.583333333333334,9.654166666666649,0.42590118881456906
85,1284,8,8,80.0,with_chunking,LMM-2,8.229166666666668,8.367708333333319,0.5105322768735067
85,1284,10,2,20.0,with_chunking,LMM-1,7.979166666666666,8.130208333333336,0.6217295914828687
85,1284,10,2,20.0,with_chunking,LMM-2,6.6875,6.903125000000003,0.7087991272177094
85,1284,10,4,40.0,with_chunking,LMM-1,7.989583333333333,8.140104166666658,0.5756219460544663
85,1284,10,4,40.0,with_chunking,LMM-2,7.875,8.031249999999993,0.6071569212875876
85,1284,10,6,60.0,with_chunking,LMM-1,7.986111111111111,8.136805555555538,0.5260681849582081
85,1284,10,6,60.0,with_chunking,LMM-2,7.166666666666666,7.358333333333317,0.6079592425264222
85,1284,10,8,80.0,with_chunking,LMM-1,7.994791666666666,8.145052083333319,0.48594811347980194
85,1284,10,8,80.0,with_chunking,LMM-2,7.421875,7.6007812499999865,0.5709181653339868
86,1285,4,2,20.0,with_chunking,LMM-1,10.625,10.643750000000006,0.7526110376623923
86,1285,4,2,20.0,with_chunking,LMM-2,10.625,10.643750000000006,0.7526110376623923
86,1285,4,4,40.0,with_chunking,LMM-1,10.75,10.762499999999989,0.6740332210491873
86,1285,4,4,40.0,with_chunking,LMM-2,10.75,10.762499999999989,0.6740332210491873
86,1285,4,6,60.0,with_chunking,LMM-1,10.75,10.762499999999976,0.6426249447180521
86,1285,4,6,60.0,with_chunking,LMM-2,10.75,10.762499999999976,0.6426249447180521
86,1285,4,8,80.0,with_chunking,LMM-1,10.75,10.762499999999982,0.6074356860934222
86,1285,4,8,80.0,with_chunking,LMM-2,10.75,10.762499999999982,0.6074356860934222
86,1285,6,2,20.0,with_chunking,LMM-1,10.625,10.643750000000006,0.773572002924068
86,1285,6,2,20.0,with_chunking,LMM-2,10.625,10.643750000000006,0.773572002924068
86,1285,6,4,40.0,with_chunking,LMM-1,10.645833333333334,10.663541666666656,0.654078524173829
86,1285,6,4,40.0,with_chunking,LMM-2,10.645833333333334,10.663541666666656,0.654059935552497
86,1285,6,6,60.0,with_chunking,LMM-1,10.569444444444445,10.590972222222199,0.6410246503315027
86,1285,6,6,60.0,with_chunking,LMM-2,9.291666666666666,9.377083333333314,0.6800017793610431
86,1285,6,8,80.0,with_chunking,LMM-1,10.645833333333332,10.663541666666648,0.5239193334504235
86,1285,6,8,80.0,with_chunking,LMM-2,10.583333333333332,10.604166666666647,0.527710645925197
86,1285,8,2,20.0,with_chunking,LMM-1,10.625,10.643750000000006,0.773572002924068
86,1285,8,2,20.0,with_chunking,LMM-2,10.625,10.643750000000006,0.773572002924068
86,1285,8,4,40.0,with_chunking,LMM-1,10.4375,10.46562499999999,0.6619899735389567
86,1285,8,4,40.0,with_chunking,LMM-2,10.395833333333332,10.426041666666656,0.6640803201826971
86,1285,8,6,60.0,with_chunking,LMM-1,10.375,10.406249999999979,0.610854496396384
86,1285,8,6,60.0,with_chunking,LMM-2,10.26388888888889,10.30069444444442,0.6343549523895765
86,1285,8,8,80.0,with_chunking,LMM-1,10.260416666666668,10.297395833333315,0.5401146147811385
86,1285,8,8,80.0,with_chunking,LMM-2,8.838541666666666,8.946614583333316,0.6263620068350007
86,1285,10,2,20.0,with_chunking,LMM-1,10.25,10.287500000000005,0.8116270804660447
86,1285,10,2,20.0,with_chunking,LMM-2,10.25,10.287500000000005,0.8116139178108241
86,1285,10,4,40.0,with_chunking,LMM-1,9.864583333333332,9.921354166666656,0.6284732736763075
86,1285,10,4,40.0,with_chunking,LMM-2,9.3125,9.39687499999999,0.6593540112944336
86,1285,10,6,60.0,with_chunking,LMM-1,9.6875,9.75312499999998,0.6274077278967394
86,1285,10,6,60.0,with_chunking,LMM-2,9.256944444444445,9.344097222222203,0.632682136795477
86,1285,10,8,80.0,with_chunking,LMM-1,9.6875,9.753124999999981,0.6055773433701619
86,1285,10,8,80.0,with_chunking,LMM-2,9.09375,9.189062499999983,0.6098351380871914
87,1286,4,2,20.0,with_chunking,LMM-1,16.5,16.225000000000016,0.7025767734691606
87,1286,4,2,20.0,with_chunking,LMM-2,16.5,16.225000000000016,0.7025767734691606
87,1286,4,4,40.0,with_chunking,LMM-1,16.5,16.224999999999977,0.6459509992151611
87,1286,4,4,40.0,with_chunking,LMM-2,16.5,16.224999999999977,0.6459509992151611
87,1286,4,6,60.0,with_chunking,LMM-1,16.5,16.224999999999962,0.5937838138170728
87,1286,4,6,60.0,with_chunking,LMM-2,16.5,16.224999999999962,0.5937838138170728
87,1286,4,8,80.0,with_chunking,LMM-1,16.5,16.224999999999973,0.5457345075645255
87,1286,4,8,80.0,with_chunking,LMM-2,16.5,16.224999999999973,0.5457345075645255
87,1286,6,2,20.0,with_chunking,LMM-1,16.5,16.225000000000016,0.7025767734691606
87,1286,6,2,20.0,with_chunking,LMM-2,16.5,16.225000000000016,0.7025767734691606
87,1286,6,4,40.0,with_chunking,LMM-1,16.5,16.224999999999977,0.6459509992151611
87,1286,6,4,40.0,with_chunking,LMM-2,16.5,16.224999999999977,0.6459509992151611
87,1286,6,6,60.0,with_chunking,LMM-1,16.5,16.224999999999962,0.5937838138170728
87,1286,6,6,60.0,with_chunking,LMM-2,16.5,16.224999999999962,0.5937838138170728
87,1286,6,8,80.0,with_chunking,LMM-1,16.5,16.224999999999973,0.5457345075645255
87,1286,6,8,80.0,with_chunking,LMM-2,16.5,16.224999999999973,0.5457345075645255
87,1286,8,2,20.0,with_chunking,LMM-1,10.625,10.643750000000006,0.7612482592691854
87,1286,8,2,20.0,with_chunking,LMM-2,10.625,10.643750000000006,0.7612482592691854
87,1286,8,4,40.0,with_chunking,LMM-1,10.75,10.762499999999989,0.6809873798379948
87,1286,8,4,40.0,with_chunking,LMM-2,10.75,10.762499999999989,0.6809873798379948
87,1286,8,6,60.0,with_chunking,LMM-1,11.708333333333332,11.67291666666664,0.66487572784653
87,1286,8,6,60.0,with_chunking,LMM-2,11.708333333333332,11.67291666666664,0.66487572784653
87,1286,8,8,80.0,with_chunking,LMM-1,13.0,12.899999999999977,0.610197550524718
87,1286,8,8,80.0,with_chunking,LMM-2,13.0,12.899999999999977,0.610197550524718
87,1286,10,2,20.0,with_chunking,LMM-1,9.25,9.337500000000006,0.7760153794764632
87,1286,10,2,20.0,with_chunking,LMM-2,8.75,8.862500000000004,0.7977570464941187
87,1286,10,4,40.0,with_chunking,LMM-1,9.25,9.337499999999991,0.7420381632088905
87,1286,10,4,40.0,with_chunking,LMM-2,8.625,8.743749999999991,0.7740802203150107
87,1286,10,6,60.0,with_chunking,LMM-1,10.0,10.04999999999998,0.6964762129243485
87,1286,10,6,60.0,with_chunking,LMM-2,8.791666666666666,8.902083333333314,0.7776437809482779
87,1286,10,8,80.0,with_chunking,LMM-1,10.0,10.049999999999983,0.6661125889346726
87,1286,10,8,80.0,with_chunking,LMM-2,9.8125,9.871874999999982,0.7143324845195885
88,1287,4,2,20.0,with_chunking,LMM-1,11.0,11.000000000000007,0.7863570158511042
88,1287,4,2,20.0,with_chunking,LMM-2,11.0,11.000000000000007,0.7863570158511042
88,1287,4,4,40.0,with_chunking,LMM-1,11.0,10.99999999999999,0.7509484546653517
88,1287,4,4,40.0,with_chunking,LMM-2,11.0,10.99999999999999,0.7509484546653517
88,1287,4,6,60.0,with_chunking,LMM-1,11.0,10.999999999999977,0.7170294673405578
88,1287,4,6,60.0,with_chunking,LMM-2,11.0,10.999999999999977,0.7170294673405578
88,1287,4,8,80.0,with_chunking,LMM-1,11.5,11.47499999999998,0.7119386356866644
88,1287,4,8,80.0,with_chunking,LMM-2,11.5,11.47499999999998,0.7119386356866644
88,1287,6,2,20.0,with_chunking,LMM-1,11.125,11.118750000000007,0.6812260302563838
88,1287,6,2,20.0,with_chunking,LMM-2,11.125,11.118750000000007,0.6812260302563838
88,1287,6,4,40.0,with_chunking,LMM-1,11.125,11.118749999999988,0.643052925423011
88,1287,6,4,40.0,with_chunking,LMM-2,11.125,11.118749999999988,0.643052925423011
88,1287,6,6,60.0,with_chunking,LMM-1,11.125,11.118749999999977,0.6071979933886915
88,1287,6,6,60.0,with_chunking,LMM-2,11.125,11.118749999999977,0.6071979933886915
88,1287,6,8,80.0,with_chunking,LMM-1,11.125,11.11874999999998,0.5735135821907666
88,1287,6,8,80.0,with_chunking,LMM-2,11.125,11.11874999999998,0.5735135821907666
88,1287,8,2,20.0,with_chunking,LMM-1,9.75,9.812500000000007,0.7258576658007502
88,1287,8,2,20.0,with_chunking,LMM-2,9.5,9.575000000000006,0.7356878859653035
88,1287,8,4,40.0,with_chunking,LMM-1,9.75,9.812499999999991,0.6869700002930741
88,1287,8,4,40.0,with_chunking,LMM-2,9.625,9.69374999999999,0.6976080458250882
88,1287,8,6,60.0,with_chunking,LMM-1,9.75,9.812499999999979,0.6501252468334691
88,1287,8,6,60.0,with_chunking,LMM-2,9.916666666666668,9.970833333333312,0.6524401771730635
88,1287,8,8,80.0,with_chunking,LMM-1,9.75,9.812499999999982,0.6153003911903664
88,1287,8,8,80.0,with_chunking,LMM-2,9.9375,9.990624999999982,0.6171655541689649
88,1287,10,2,20.0,with_chunking,LMM-1,9.25,9.337500000000006,0.7140791554378356
88,1287,10,2,20.0,with_chunking,LMM-2,9.0,9.100000000000005,0.7244246053294043
88,1287,10,4,40.0,with_chunking,LMM-1,9.25,9.337499999999991,0.6740512652346473
88,1287,10,4,40.0,with_chunking,LMM-2,9.125,9.21874999999999,0.6855377410543191
88,1287,10,6,60.0,with_chunking,LMM-1,9.25,9.337499999999979,0.6361994232124537
88,1287,10,6,60.0,with_chunking,LMM-2,9.083333333333332,9.179166666666646,0.6521436569368322
88,1287,10,8,80.0,with_chunking,LMM-1,9.25,9.337499999999983,0.6004095019109101
88,1287,10,8,80.0,with_chunking,LMM-2,9.0625,9.159374999999983,0.6207059235978869
89,1288,4,2,20.0,with_chunking,LMM-1,12.25,12.187500000000007,0.5926768088220334
89,1288,4,2,20.0,with_chunking,LMM-2,12.25,12.187500000000007,0.5926768088220334
89,1288,4,4,40.0,with_chunking,LMM-1,12.25,12.187499999999988,0.5360212308502186
89,1288,4,4,40.0,with_chunking,LMM-2,12.25,12.187499999999988,0.5360212308502186
89,1288,4,6,60.0,with_chunking,LMM-1,12.25,12.187499999999973,0.4847467303411336
89,1288,4,6,60.0,with_chunking,LMM-2,12.25,12.187499999999973,0.4847467303411336
89,1288,4,8,80.0,with_chunking,LMM-1,12.25,12.187499999999979,0.43913644557098963
89,1288,4,8,80.0,with_chunking,LMM-2,12.25,12.187499999999979,0.43913644557098963
89,1288,6,2,20.0,with_chunking,LMM-1,11.25,11.237500000000008,0.6351596872850019
89,1288,6,2,20.0,with_chunking,LMM-2,11.25,11.237500000000008,0.6351596872850019
89,1288,6,4,40.0,with_chunking,LMM-1,11.25,11.237499999999988,0.5835911239915267
89,1288,6,4,40.0,with_chunking,LMM-2,11.25,11.237499999999988,0.5835911239915267
89,1288,6,6,60.0,with_chunking,LMM-1,11.25,11.237499999999976,0.5361574064872745
89,1288,6,6,60.0,with_chunking,LMM-2,11.25,11.237499999999976,0.5361574064872745
89,1288,6,8,80.0,with_chunking,LMM-1,11.25,11.23749999999998,0.49307650217716753
89,1288,6,8,80.0,with_chunking,LMM-2,11.25,11.23749999999998,0.49307650217716753
89,1288,8,2,20.0,with_chunking,LMM-1,10.5,10.525000000000006,0.666305265312502
89,1288,8,2,20.0,with_chunking,LMM-2,10.5,10.525000000000006,0.666305265312502
89,1288,8,4,40.0,with_chunking,LMM-1,10.5,10.52499999999999,0.6169095496985274
89,1288,8,4,40.0,with_chunking,LMM-2,10.5,10.52499999999999,0.6169095496985274
89,1288,8,6,60.0,with_chunking,LMM-1,10.5,10.524999999999977,0.5711151239177239
89,1288,8,6,60.0,with_chunking,LMM-2,10.5,10.524999999999977,0.5711151239177239
89,1288,8,8,80.0,with_chunking,LMM-1,10.5,10.52499999999998,0.5522323851127562
89,1288,8,8,80.0,with_chunking,LMM-2,10.5,10.52499999999998,0.5522323851127562
89,1288,10,2,20.0,with_chunking,LMM-1,9.625,9.693750000000005,0.7002631927603719
89,1288,10,2,20.0,with_chunking,LMM-2,9.125,9.218750000000004,0.728704730748347
89,1288,10,4,40.0,with_chunking,LMM-1,9.625,9.69374999999999,0.6538688700905628
89,1288,10,4,40.0,with_chunking,LMM-2,9.3125,9.39687499999999,0.6854225223784455
89,1288,10,6,60.0,with_chunking,LMM-1,9.625,9.693749999999978,0.6104969930609147
89,1288,10,6,60.0,with_chunking,LMM-2,9.125,9.218749999999979,0.6612107574805539
89,1288,10,8,80.0,with_chunking,LMM-1,9.5,9.574999999999982,0.600616545571159
89,1288,10,8,80.0,with_chunking,LMM-2,9.25,9.337499999999983,0.6260393969129021
90,1289,4,2,20.0,with_chunking,LMM-1,13.5,13.37500000000001,0.7346921486612652
90,1289,4,2,20.0,with_chunking,LMM-2,13.5,13.37500000000001,0.7346921486612652
90,1289,4,4,40.0,with_chunking,LMM-1,13.5,13.374999999999986,0.6860988805014743
90,1289,4,4,40.0,with_chunking,LMM-2,13.5,13.374999999999986,0.6860988805014743
90,1289,4,6,60.0,with_chunking,LMM-1,13.5,13.374999999999972,0.6406006355665022
90,1289,4,6,60.0,with_chunking,LMM-2,13.5,13.374999999999972,0.6406006355665022
90,1289,4,8,80.0,with_chunking,LMM-1,13.5,13.374999999999979,0.5980091891885448
90,1289,4,8,80.0,with_chunking,LMM-2,13.5,13.374999999999979,0.5980091891885448
90,1289,6,2,20.0,with_chunking,LMM-1,13.5,13.37500000000001,0.7346921486612652
90,1289,6,2,20.0,with_chunking,LMM-2,13.5,13.37500000000001,0.7346921486612652
90,1289,6,4,40.0,with_chunking,LMM-1,13.5,13.374999999999986,0.6860988805014743
90,1289,6,4,40.0,with_chunking,LMM-2,13.5,13.374999999999986,0.6860988805014743
90,1289,6,6,60.0,with_chunking,LMM-1,13.5,13.374999999999972,0.6406006355665022
90,1289,6,6,60.0,with_chunking,LMM-2,13.5,13.374999999999972,0.6406006355665022
90,1289,6,8,80.0,with_chunking,LMM-1,13.5,13.374999999999979,0.5980091891885448
90,1289,6,8,80.0,with_chunking,LMM-2,13.5,13.374999999999979,0.5980091891885448
90,1289,8,2,20.0,with_chunking,LMM-1,11.5,11.475000000000009,0.7771818739553338
90,1289,8,2,20.0,with_chunking,LMM-2,11.5,11.475000000000009,0.7771818739553338
90,1289,8,4,40.0,with_chunking,LMM-1,11.5,11.474999999999987,0.7346472502611954
90,1289,8,4,40.0,with_chunking,LMM-2,11.5,11.474999999999987,0.7346472502611954
90,1289,8,6,60.0,with_chunking,LMM-1,11.5,11.474999999999975,0.6943239128346363
90,1289,8,6,60.0,with_chunking,LMM-2,11.5,11.474999999999975,0.6943239128346363
90,1289,8,8,80.0,with_chunking,LMM-1,11.5,11.47499999999998,0.6561219613067277
90,1289,8,8,80.0,with_chunking,LMM-2,11.5,11.47499999999998,0.6561219613067277
90,1289,10,2,20.0,with_chunking,LMM-1,9.5,9.575000000000006,0.8225985787979593
90,1289,10,2,20.0,with_chunking,LMM-2,9.5,9.575000000000006,0.8225985787979593
90,1289,10,4,40.0,with_chunking,LMM-1,9.5,9.57499999999999,0.7863850802901888
90,1289,10,4,40.0,with_chunking,LMM-2,9.5,9.57499999999999,0.7863850802901888
90,1289,10,6,60.0,with_chunking,LMM-1,9.5,9.574999999999978,0.7516554626891764
90,1289,10,6,60.0,with_chunking,LMM-2,9.5,9.574999999999978,0.7516554626891764
90,1289,10,8,80.0,with_chunking,LMM-1,9.5,9.574999999999982,0.7185469834692146
90,1289,10,8,80.0,with_chunking,LMM-2,9.5,9.574999999999982,0.7185469834692146
91,1290,4,2,20.0,with_chunking,LMM-1,12.0,11.950000000000006,0.6823268692331181
91,1290,4,2,20.0,with_chunking,LMM-2,12.0,11.950000000000006,0.6823268692331181
91,1290,4,4,40.0,with_chunking,LMM-1,12.0,11.949999999999989,0.6380121361560298
91,1290,4,4,40.0,with_chunking,LMM-2,12.0,11.949999999999989,0.6380121361560298
91,1290,4,6,60.0,with_chunking,LMM-1,12.0,11.949999999999974,0.5965780833869359
91,1290,4,6,60.0,with_chunking,LMM-2,12.0,11.949999999999974,0.5965780833869359
91,1290,4,8,80.0,with_chunking,LMM-1,12.0,11.94999999999998,0.558026234614672
91,1290,4,8,80.0,with_chunking,LMM-2,12.0,11.94999999999998,0.558026234614672
91,1290,6,2,20.0,with_chunking,LMM-1,12.0,11.950000000000006,0.685903022697764
91,1290,6,2,20.0,with_chunking,LMM-2,12.0,11.950000000000006,0.685903022697764
91,1290,6,4,40.0,with_chunking,LMM-1,12.0,11.949999999999989,0.6414453666681792
91,1290,6,4,40.0,with_chunking,LMM-2,12.0,11.949999999999989,0.6414453666681792
91,1290,6,6,60.0,with_chunking,LMM-1,12.0,11.949999999999974,0.5998688121490243
91,1290,6,6,60.0,with_chunking,LMM-2,12.0,11.949999999999974,0.5998688121490243
91,1290,6,8,80.0,with_chunking,LMM-1,12.0,11.94999999999998,0.5611763494522634
91,1290,6,8,80.0,with_chunking,LMM-2,12.0,11.94999999999998,0.5611763494522634
91,1290,8,2,20.0,with_chunking,LMM-1,9.0,9.100000000000005,0.769151822783859
91,1290,8,2,20.0,with_chunking,LMM-2,9.0,9.100000000000005,0.769151822783859
91,1290,8,4,40.0,with_chunking,LMM-1,9.0,9.09999999999999,0.7352766176536147
91,1290,8,4,40.0,with_chunking,LMM-2,9.0,9.09999999999999,0.7352766176536147
91,1290,8,6,60.0,with_chunking,LMM-1,9.0,9.09999999999998,0.7029590527473207
91,1290,8,6,60.0,with_chunking,LMM-2,9.0,9.09999999999998,0.7029590527473207
91,1290,8,8,80.0,with_chunking,LMM-1,9.0,9.099999999999984,0.6721242625091941
91,1290,8,8,80.0,with_chunking,LMM-2,9.0,9.099999999999984,0.6721242625091941
91,1290,10,2,20.0,with_chunking,LMM-1,8.25,8.387500000000003,0.7116153323158517
91,1290,10,2,20.0,with_chunking,LMM-2,8.041666666666668,8.189583333333337,0.7192116374909179
91,1290,10,4,40.0,with_chunking,LMM-1,8.25,8.387499999999992,0.6600466963622118
91,1290,10,4,40.0,with_chunking,LMM-2,8.041666666666668,8.189583333333324,0.6814731245455485
91,1290,10,6,60.0,with_chunking,LMM-1,8.25,8.387499999999982,0.6240935334570569
91,1290,10,6,60.0,with_chunking,LMM-2,8.11111111111111,8.255555555555537,0.6441736261442197
91,1290,10,8,80.0,with_chunking,LMM-1,8.25,8.387499999999985,0.5840512674081181
91,1290,10,8,80.0,with_chunking,LMM-2,8.0,8.149999999999984,0.6140497746168533
92,1291,4,2,20.0,with_chunking,LMM-1,10.0,10.050000000000006,0.8188259404307694
92,1291,4,2,20.0,with_chunking,LMM-2,10.0,10.050000000000006,0.8188259404307694
92,1291,4,4,40.0,with_chunking,LMM-1,10.1875,10.22812499999999,0.7319127879207994
92,1291,4,4,40.0,with_chunking,LMM-2,10.1875,10.22812499999999,0.7319127879207994
92,1291,4,6,60.0,with_chunking,LMM-1,10.166666666666668,10.20833333333331,0.7095165237765853
92,1291,4,6,60.0,with_chunking,LMM-2,10.166666666666668,10.20833333333331,0.7095165237765853
92,1291,4,8,80.0,with_chunking,LMM-1,10.25,10.28749999999998,0.648412637660654
92,1291,4,8,80.0,with_chunking,LMM-2,10.25,10.28749999999998,0.648412637660654
92,1291,6,2,20.0,with_chunking,LMM-1,9.5,9.575000000000006,0.7994343868089886
92,1291,6,2,20.0,with_chunking,LMM-2,9.5,9.575000000000006,0.7994343868089886
92,1291,6,4,40.0,with_chunking,LMM-1,9.5,9.57499999999999,0.7392439053991715
92,1291,6,4,40.0,with_chunking,LMM-2,9.5,9.57499999999999,0.7392439053991715
92,1291,6,6,60.0,with_chunking,LMM-1,9.5,9.57499999999998,0.7172182766488826
92,1291,6,6,60.0,with_chunking,LMM-2,9.5,9.57499999999998,0.7172182766488826
92,1291,6,8,80.0,with_chunking,LMM-1,9.5,9.574999999999982,0.6945187420302628
92,1291,6,8,80.0,with_chunking,LMM-2,9.5,9.574999999999982,0.6945187420302628
92,1291,8,2,20.0,with_chunking,LMM-1,9.0,9.100000000000005,0.8227946250236363
92,1291,8,2,20.0,with_chunking,LMM-2,9.0,9.100000000000005,0.8227946250236363
92,1291,8,4,40.0,with_chunking,LMM-1,9.25,9.337499999999991,0.76608559019877
92,1291,8,4,40.0,with_chunking,LMM-2,9.1875,9.27812499999999,0.7684371252731027
92,1291,8,6,60.0,with_chunking,LMM-1,9.25,9.337499999999979,0.7459464494410004
92,1291,8,6,60.0,with_chunking,LMM-2,9.25,9.337499999999979,0.7478289739439758
92,1291,8,8,80.0,with_chunking,LMM-1,9.5,9.574999999999983,0.7195336773103979
92,1291,8,8,80.0,with_chunking,LMM-2,9.75,9.812499999999982,0.7097925613128353
92,1291,10,2,20.0,with_chunking,LMM-1,7.125,7.318750000000003,0.8627687524747557
92,1291,10,2,20.0,with_chunking,LMM-2,7.125,7.318750000000003,0.86275131762725
92,1291,10,4,40.0,with_chunking,LMM-1,7.25,7.437499999999992,0.8149905818286884
92,1291,10,4,40.0,with_chunking,LMM-2,7.125,7.3187499999999925,0.8209875768307585
92,1291,10,6,60.0,with_chunking,LMM-1,7.25,7.437499999999983,0.7961124488352025
92,1291,10,6,60.0,with_chunking,LMM-2,7.083333333333333,7.279166666666651,0.805788535440287
92,1291,10,8,80.0,with_chunking,LMM-1,7.25,7.437499999999986,0.7763264777194626
92,1291,10,8,80.0,with_chunking,LMM-2,7.53125,7.704687499999986,0.7816569447903543
93,1292,4,2,20.0,with_chunking,LMM-1,10.0,10.050000000000006,0.8137972288965893
93,1292,4,2,20.0,with_chunking,LMM-2,10.0,10.050000000000006,0.8137972288965893
93,1292,4,4,40.0,with_chunking,LMM-1,10.0,10.04999999999999,0.792575428250305
93,1292,4,4,40.0,with_chunking,LMM-2,10.0,10.04999999999999,0.792575428250305
93,1292,4,6,60.0,with_chunking,LMM-1,10.0,10.049999999999978,0.771864786054833
93,1292,4,6,60.0,with_chunking,LMM-2,10.0,10.049999999999978,0.771864786054833
93,1292,4,8,80.0,with_chunking,LMM-1,10.0,10.049999999999981,0.7516540641308533
93,1292,4,8,80.0,with_chunking,LMM-2,10.0,10.049999999999981,0.7516540641308533
93,1292,6,2,20.0,with_chunking,LMM-1,13.0,12.90000000000001,0.793824030782722
93,1292,6,2,20.0,with_chunking,LMM-2,13.0,12.90000000000001,0.793824030782722
93,1292,6,4,40.0,with_chunking,LMM-1,13.0,12.899999999999984,0.7561067385402918
93,1292,6,4,40.0,with_chunking,LMM-2,13.0,12.899999999999984,0.7561067385402918
93,1292,6,6,60.0,with_chunking,LMM-1,13.0,12.89999999999997,0.7201376833223622
93,1292,6,6,60.0,with_chunking,LMM-2,13.0,12.89999999999997,0.7201376833223622
93,1292,6,8,80.0,with_chunking,LMM-1,13.0,12.899999999999977,0.6858378773159379
93,1292,6,8,80.0,with_chunking,LMM-2,13.0,12.899999999999977,0.6858378773159379
93,1292,8,2,20.0,with_chunking,LMM-1,13.0,12.90000000000001,0.793824030782722
93,1292,8,2,20.0,with_chunking,LMM-2,13.0,12.90000000000001,0.793824030782722
93,1292,8,4,40.0,with_chunking,LMM-1,13.0,12.899999999999984,0.7561067385402918
93,1292,8,4,40.0,with_chunking,LMM-2,13.0,12.899999999999984,0.7561067385402918
93,1292,8,6,60.0,with_chunking,LMM-1,13.0,12.89999999999997,0.7201376833223622
93,1292,8,6,60.0,with_chunking,LMM-2,13.0,12.89999999999997,0.7201376833223622
93,1292,8,8,80.0,with_chunking,LMM-1,11.0,10.999999999999979,0.7605579306042309
93,1292,8,8,80.0,with_chunking,LMM-2,11.0,10.999999999999979,0.7605579306042309
93,1292,10,2,20.0,with_chunking,LMM-1,13.0,12.90000000000001,0.793824030782722
93,1292,10,2,20.0,with_chunking,LMM-2,13.0,12.90000000000001,0.793824030782722
93,1292,10,4,40.0,with_chunking,LMM-1,13.0,12.899999999999984,0.7561067385402918
93,1292,10,4,40.0,with_chunking,LMM-2,13.0,12.899999999999984,0.7561067385402918
93,1292,10,6,60.0,with_chunking,LMM-1,13.0,12.89999999999997,0.7201376833223622
93,1292,10,6,60.0,with_chunking,LMM-2,13.0,12.89999999999997,0.7201376833223622
93,1292,10,8,80.0,with_chunking,LMM-1,11.0,10.999999999999979,0.7605579306042309
93,1292,10,8,80.0,with_chunking,LMM-2,11.0,10.999999999999979,0.7605579306042309
94,1293,4,2,20.0,with_chunking,LMM-1,13.25,13.13750000000001,0.612376881972316
94,1293,4,2,20.0,with_chunking,LMM-2,13.25,13.13750000000001,0.612376881972316
94,1293,4,4,40.0,with_chunking,LMM-1,12.25,12.187499999999986,0.5206894696972836
94,1293,4,4,40.0,with_chunking,LMM-2,12.25,12.187499999999986,0.5206894696972836
94,1293,4,6,60.0,with_chunking,LMM-1,12.375,12.306249999999974,0.4633222681523743
94,1293,4,6,60.0,with_chunking,LMM-2,12.375,12.306249999999974,0.4633222681523743
94,1293,4,8,80.0,with_chunking,LMM-1,12.375,12.306249999999979,0.4140060093797064
94,1293,4,8,80.0,with_chunking,LMM-2,12.375,12.306249999999979,0.4140060093797064
94,1293,6,2,20.0,with_chunking,LMM-1,9.875,9.931250000000006,0.7231208003251082
94,1293,6,2,20.0,with_chunking,LMM-2,5.625,5.756250000000004,0.831314730009154
94,1293,6,4,40.0,with_chunking,LMM-1,9.25,9.337499999999991,0.6393477020679705
94,1293,6,4,40.0,with_chunking,LMM-2,6.875,7.012499999999994,0.7584214021141615
94,1293,6,6,60.0,with_chunking,LMM-1,9.25,9.337499999999979,0.5834159182352965
94,1293,6,6,60.0,with_chunking,LMM-2,7.25,7.391666666666648,0.730971020797964
94,1293,6,8,80.0,with_chunking,LMM-1,9.5,9.574999999999983,0.5288622379974186
94,1293,6,8,80.0,with_chunking,LMM-2,7.5625,7.717187499999985,0.6987819600273975
94,1293,8,2,20.0,with_chunking,LMM-1,9.083333333333334,9.179166666666672,0.6811995748541264
94,1293,8,2,20.0,with_chunking,LMM-2,6.583333333333334,6.666666666666671,0.733557618285366
94,1293,8,4,40.0,with_chunking,LMM-1,8.583333333333334,8.704166666666659,0.5979658855999119
94,1293,8,4,40.0,with_chunking,LMM-2,6.708333333333334,6.854166666666657,0.6936453796125125
94,1293,8,6,60.0,with_chunking,LMM-1,8.833333333333332,8.941666666666647,0.538084955107691
94,1293,8,6,60.0,with_chunking,LMM-2,6.5,6.656249999999986,0.6745746758435014
94,1293,8,8,80.0,with_chunking,LMM-1,8.833333333333334,8.94166666666665,0.4904979240773669
94,1293,8,8,80.0,with_chunking,LMM-2,7.020833333333333,7.168229166666654,0.6332440661582419
94,1293,10,2,20.0,with_chunking,LMM-1,8.875,8.981250000000003,0.6759525787259959
94,1293,10,2,20.0,with_chunking,LMM-2,6.0625,6.1718750000000036,0.7414636196575355
94,1293,10,4,40.0,with_chunking,LMM-1,8.3125,8.446874999999991,0.6004303594830742
94,1293,10,4,40.0,with_chunking,LMM-2,6.34375,6.507812499999993,0.6897240458840193
94,1293,10,6,60.0,with_chunking,LMM-1,8.3125,8.44687499999998,0.5504948551944375
94,1293,10,6,60.0,with_chunking,LMM-2,6.229166666666666,6.398958333333319,0.6720693363564777
94,1293,10,8,80.0,with_chunking,LMM-1,8.3125,8.446874999999984,0.5055273480183219
94,1293,10,8,80.0,with_chunking,LMM-2,6.328125,6.510156249999987,0.6473098414802099
95,1294,4,2,20.0,with_chunking,LMM-1,12.125,12.068750000000009,0.6967656228784082
95,1294,4,2,20.0,with_chunking,LMM-2,12.125,12.068750000000009,0.6967656228784082
95,1294,4,4,40.0,with_chunking,LMM-1,12.0625,12.009374999999988,0.6349176748360337
95,1294,4,4,40.0,with_chunking,LMM-2,12.0625,12.009374999999988,0.6349176748360337
95,1294,4,6,60.0,with_chunking,LMM-1,12.0,11.949999999999974,0.5694944111290909
95,1294,4,6,60.0,with_chunking,LMM-2,12.0,11.949999999999974,0.5694944111290909
95,1294,4,8,80.0,with_chunking,LMM-1,12.0,11.94999999999998,0.5281986545111514
95,1294,4,8,80.0,with_chunking,LMM-2,12.0,11.94999999999998,0.5281986545111514
95,1294,6,2,20.0,with_chunking,LMM-1,11.5,11.475000000000009,0.7196399128850568
95,1294,6,2,20.0,with_chunking,LMM-2,11.5,11.475000000000009,0.7196399128850568
95,1294,6,4,40.0,with_chunking,LMM-1,11.3125,11.29687499999999,0.6205843878769748
95,1294,6,4,40.0,with_chunking,LMM-2,11.3125,11.29687499999999,0.6205843878769748
95,1294,6,6,60.0,with_chunking,LMM-1,11.5,11.474999999999977,0.549622009859005
95,1294,6,6,60.0,with_chunking,LMM-2,11.5,11.474999999999977,0.549622009859005
95,1294,6,8,80.0,with_chunking,LMM-1,11.375,11.356249999999982,0.5390728530751447
95,1294,6,8,80.0,with_chunking,LMM-2,11.375,11.356249999999982,0.5390728530751447
95,1294,8,2,20.0,with_chunking,LMM-1,9.75,9.812500000000005,0.7766161569835683
95,1294,8,2,20.0,with_chunking,LMM-2,9.75,9.812500000000005,0.7766161569835683
95,1294,8,4,40.0,with_chunking,LMM-1,9.375,9.45624999999999,0.692269807531238
95,1294,8,4,40.0,with_chunking,LMM-2,9.125,9.21874999999999,0.7043812629068359
95,1294,8,6,60.0,with_chunking,LMM-1,9.25,9.337499999999979,0.6325108979557128
95,1294,8,6,60.0,with_chunking,LMM-2,8.625,8.74374999999998,0.6669640801507355
95,1294,8,8,80.0,with_chunking,LMM-1,9.25,9.337499999999983,0.5911553981151956
95,1294,8,8,80.0,with_chunking,LMM-2,9.125,9.218749999999982,0.6461584395380838
95,1294,10,2,20.0,with_chunking,LMM-1,8.5,8.625000000000004,0.8043667714361795
95,1294,10,2,20.0,with_chunking,LMM-2,7.25,7.4375000000000036,0.8463534743551111
95,1294,10,4,40.0,with_chunking,LMM-1,8.625,8.743749999999991,0.732080454717547
95,1294,10,4,40.0,with_chunking,LMM-2,8.3125,8.446874999999991,0.7478969387190184
95,1294,10,6,60.0,with_chunking,LMM-1,8.625,8.74374999999998,0.681233537485922
95,1294,10,6,60.0,with_chunking,LMM-2,8.5,8.624999999999979,0.6934057699191143
95,1294,10,8,80.0,with_chunking,LMM-1,8.5,8.624999999999984,0.6525885368752813
95,1294,10,8,80.0,with_chunking,LMM-2,8.0625,8.209374999999987,0.6818329313966189
96,1295,4,2,20.0,with_chunking,LMM-1,13.0,12.90000000000001,0.783993200863719
96,1295,4,2,20.0,with_chunking,LMM-2,13.0,12.90000000000001,0.783993200863719
96,1295,4,4,40.0,with_chunking,LMM-1,13.0,12.899999999999986,0.7393407896888473
96,1295,4,4,40.0,with_chunking,LMM-2,13.0,12.899999999999986,0.7393407896888473
96,1295,4,6,60.0,with_chunking,LMM-1,13.0,12.899999999999972,0.697117227164778
96,1295,4,6,60.0,with_chunking,LMM-2,13.0,12.899999999999972,0.697117227164778
96,1295,4,8,80.0,with_chunking,LMM-1,13.0,12.899999999999977,0.657197652102073
96,1295,4,8,80.0,with_chunking,LMM-2,13.0,12.899999999999977,0.657197652102073
96,1295,6,2,20.0,with_chunking,LMM-1,13.0,12.90000000000001,0.783993200863719
96,1295,6,2,20.0,with_chunking,LMM-2,13.0,12.90000000000001,0.783993200863719
96,1295,6,4,40.0,with_chunking,LMM-1,13.0,12.899999999999986,0.7393407896888473
96,1295,6,4,40.0,with_chunking,LMM-2,13.0,12.899999999999986,0.7393407896888473
96,1295,6,6,60.0,with_chunking,LMM-1,13.0,12.899999999999972,0.697117227164778
96,1295,6,6,60.0,with_chunking,LMM-2,13.0,12.899999999999972,0.697117227164778
96,1295,6,8,80.0,with_chunking,LMM-1,13.0,12.899999999999977,0.657197652102073
96,1295,6,8,80.0,with_chunking,LMM-2,13.0,12.899999999999977,0.657197652102073
96,1295,8,2,20.0,with_chunking,LMM-1,13.0,12.90000000000001,0.783993200863719
96,1295,8,2,20.0,with_chunking,LMM-2,13.0,12.90000000000001,0.783993200863719
96,1295,8,4,40.0,with_chunking,LMM-1,13.0,12.899999999999986,0.7393407896888473
96,1295,8,4,40.0,with_chunking,LMM-2,13.0,12.899999999999986,0.7393407896888473
96,1295,8,6,60.0,with_chunking,LMM-1,13.0,12.899999999999972,0.697117227164778
96,1295,8,6,60.0,with_chunking,LMM-2,13.0,12.899999999999972,0.697117227164778
96,1295,8,8,80.0,with_chunking,LMM-1,13.0,12.899999999999977,0.657197652102073
96,1295,8,8,80.0,with_chunking,LMM-2,13.0,12.899999999999977,0.657197652102073
96,1295,10,2,20.0,with_chunking,LMM-1,11.5,11.475000000000009,0.812940677854515
96,1295,10,2,20.0,with_chunking,LMM-2,11.5,11.475000000000009,0.812940677854515
96,1295,10,4,40.0,with_chunking,LMM-1,11.5,11.474999999999987,0.7780688272817435
96,1295,10,4,40.0,with_chunking,LMM-2,11.5,11.474999999999987,0.7780688272817435
96,1295,10,6,60.0,with_chunking,LMM-1,11.5,11.474999999999975,0.7446143318695536
96,1295,10,6,60.0,with_chunking,LMM-2,11.5,11.474999999999975,0.7446143318695536
96,1295,10,8,80.0,with_chunking,LMM-1,11.5,11.47499999999998,0.7125230948987913
96,1295,10,8,80.0,with_chunking,LMM-2,11.5,11.47499999999998,0.7125230948987913
97,1296,4,2,20.0,with_chunking,LMM-1,11.5,11.475000000000009,0.6917344877846956
97,1296,4,2,20.0,with_chunking,LMM-2,11.5,11.475000000000009,0.6917344877846956
97,1296,4,4,40.0,with_chunking,LMM-1,11.5,11.474999999999989,0.6588329508071894
97,1296,4,4,40.0,with_chunking,LMM-2,11.5,11.474999999999989,0.6588329508071894
97,1296,4,6,60.0,with_chunking,LMM-1,11.5,11.474999999999975,0.627564727810304
97,1296,4,6,60.0,with_chunking,LMM-2,11.5,11.474999999999975,0.627564727810304
97,1296,4,8,80.0,with_chunking,LMM-1,11.5,11.47499999999998,0.5978453044672251
97,1296,4,8,80.0,with_chunking,LMM-2,11.5,11.47499999999998,0.5978453044672251
97,1296,6,2,20.0,with_chunking,LMM-1,10.125,10.168750000000006,0.7874253353619025
97,1296,6,2,20.0,with_chunking,LMM-2,10.125,10.168750000000006,0.7874253353619025
97,1296,6,4,40.0,with_chunking,LMM-1,10.125,10.16874999999999,0.7560971412510544
97,1296,6,4,40.0,with_chunking,LMM-2,10.125,10.16874999999999,0.7560971412510544
97,1296,6,6,60.0,with_chunking,LMM-1,10.125,10.168749999999978,0.725990785834042
97,1296,6,6,60.0,with_chunking,LMM-2,10.125,10.168749999999978,0.725990785834042
97,1296,6,8,80.0,with_chunking,LMM-1,10.125,10.168749999999982,0.697059152298966
97,1296,6,8,80.0,with_chunking,LMM-2,10.125,10.168749999999982,0.697059152298966
97,1296,8,2,20.0,with_chunking,LMM-1,9.5,9.575000000000006,0.7709179591535922
97,1296,8,2,20.0,with_chunking,LMM-2,9.0,9.100000000000005,0.7837578746968508
97,1296,8,4,40.0,with_chunking,LMM-1,9.5,9.57499999999999,0.735281303695016
97,1296,8,4,40.0,with_chunking,LMM-2,8.75,8.86249999999999,0.7656003093301945
97,1296,8,6,60.0,with_chunking,LMM-1,9.5,9.57499999999998,0.7012890990763645
97,1296,8,6,60.0,with_chunking,LMM-2,8.583333333333334,8.704166666666648,0.7546427657776817
97,1296,8,8,80.0,with_chunking,LMM-1,9.375,9.456249999999983,0.6927071498194967
97,1296,8,8,80.0,with_chunking,LMM-2,8.59375,8.714062499999983,0.7340563267886775
97,1296,10,2,20.0,with_chunking,LMM-1,9.5,9.575000000000006,0.7709179591535922
97,1296,10,2,20.0,with_chunking,LMM-2,8.5,8.625000000000004,0.792116011734923
97,1296,10,4,40.0,with_chunking,LMM-1,9.5,9.57499999999999,0.735281303695016
97,1296,10,4,40.0,with_chunking,LMM-2,8.1875,8.328124999999991,0.7781569986100068
97,1296,10,6,60.0,with_chunking,LMM-1,9.5,9.57499999999998,0.7012890990763645
97,1296,10,6,60.0,with_chunking,LMM-2,7.916666666666666,8.070833333333315,0.7710190518289535
97,1296,10,8,80.0,with_chunking,LMM-1,9.25,9.337499999999983,0.6985132523482644
97,1296,10,8,80.0,with_chunking,LMM-2,8.40625,8.535937499999985,0.7443823288184616
98,1297,4,2,20.0,with_chunking,LMM-1,10.25,10.287500000000005,0.6477347488613213
98,1297,4,2,20.0,with_chunking,LMM-2,9.5,9.575000000000006,0.6784981169106027
98,1297,4,4,40.0,with_chunking,LMM-1,10.25,10.287499999999989,0.6035721566574699
98,1297,4,4,40.0,with_chunking,LMM-2,9.5,9.574999999999989,0.6372202612327105
98,1297,4,6,60.0,with_chunking,LMM-1,10.25,10.287499999999977,0.562355409722843
98,1297,4,6,60.0,with_chunking,LMM-2,9.5,9.574999999999978,0.597857467711935
98,1297,4,8,80.0,with_chunking,LMM-1,10.25,10.28749999999998,0.524542601365318
98,1297,4,8,80.0,with_chunking,LMM-2,9.5,9.574999999999982,0.5621732522239649
98,1297,6,2,20.0,with_chunking,LMM-1,10.125,10.168750000000006,0.631409722227849
98,1297,6,2,20.0,with_chunking,LMM-2,9.708333333333334,9.77291666666667,0.6519842917926382
98,1297,6,4,40.0,with_chunking,LMM-1,10.125,10.168749999999989,0.5850739619733902
98,1297,6,4,40.0,with_chunking,LMM-2,9.916666666666668,9.970833333333324,0.5993379111972025
98,1297,6,6,60.0,with_chunking,LMM-1,10.125,10.168749999999978,0.542064442039626
98,1297,6,6,60.0,with_chunking,LMM-2,9.847222222222221,9.904861111111089,0.5638063761373457
98,1297,6,8,80.0,with_chunking,LMM-1,10.125,10.168749999999982,0.502219873996446
98,1297,6,8,80.0,with_chunking,LMM-2,9.8125,9.871874999999982,0.531638166018717
98,1297,8,2,20.0,with_chunking,LMM-1,8.833333333333334,8.941666666666672,0.642927873082129
98,1297,8,2,20.0,with_chunking,LMM-2,7.666666666666666,7.833333333333337,0.7223814723104147
98,1297,8,4,40.0,with_chunking,LMM-1,9.0,9.09999999999999,0.5580826799273897
98,1297,8,4,40.0,with_chunking,LMM-2,8.197916666666668,8.338020833333324,0.6560511871127639
98,1297,8,6,60.0,with_chunking,LMM-1,9.0,9.09999999999998,0.506087146306855
98,1297,8,6,60.0,with_chunking,LMM-2,8.506944444444445,8.631597222222203,0.5880308022164729
98,1297,8,8,80.0,with_chunking,LMM-1,9.0,9.099999999999984,0.4593403237828657
98,1297,8,8,80.0,with_chunking,LMM-2,8.442708333333332,8.57057291666665,0.5586426854827461
98,1297,10,2,20.0,with_chunking,LMM-1,7.666666666666667,7.8333333333333375,0.7139619276422016
98,1297,10,2,20.0,with_chunking,LMM-2,7.25,7.4375000000000036,0.7312391630173748
98,1297,10,4,40.0,with_chunking,LMM-1,7.645833333333333,7.813541666666659,0.6427429223856844
98,1297,10,4,40.0,with_chunking,LMM-2,7.427083333333333,7.605729166666659,0.6571323219693201
98,1297,10,6,60.0,with_chunking,LMM-1,7.75,7.912499999999982,0.5824217068117346
98,1297,10,6,60.0,with_chunking,LMM-2,7.583333333333333,7.754166666666649,0.606554900521975
98,1297,10,8,80.0,with_chunking,LMM-1,7.75,7.912499999999985,0.5440895314219703
98,1297,10,8,80.0,with_chunking,LMM-2,7.765625,7.927343749999985,0.5722227353395342
99,1298,4,2,20.0,with_chunking,LMM-1,13.25,13.13750000000001,0.6561145888717476
99,1298,4,2,20.0,with_chunking,LMM-2,13.25,13.13750000000001,0.6561145888717476
99,1298,4,4,40.0,with_chunking,LMM-1,13.25,13.137499999999985,0.60508418807657
99,1298,4,4,40.0,with_chunking,LMM-2,13.25,13.137499999999985,0.60508418807657
99,1298,4,6,60.0,with_chunking,LMM-1,13.25,13.13749999999997,0.5580712685453294
99,1298,4,6,60.0,with_chunking,LMM-2,13.25,13.13749999999997,0.5580712685453294
99,1298,4,8,80.0,with_chunking,LMM-1,13.25,13.137499999999978,0.5270291699423408
99,1298,4,8,80.0,with_chunking,LMM-2,13.25,13.137499999999978,0.5270291699423408
99,1298,6,2,20.0,with_chunking,LMM-1,12.5,12.425000000000008,0.6807079383168412
99,1298,6,2,20.0,with_chunking,LMM-2,12.5,12.425000000000008,0.6807079383168412
99,1298,6,4,40.0,with_chunking,LMM-1,12.5,12.424999999999986,0.631690050840159
99,1298,6,4,40.0,with_chunking,LMM-2,12.5,12.424999999999986,0.631690050840159
99,1298,6,6,60.0,with_chunking,LMM-1,12.5,12.424999999999974,0.586254828079724
99,1298,6,6,60.0,with_chunking,LMM-2,12.5,12.424999999999974,0.586254828079724
99,1298,6,8,80.0,with_chunking,LMM-1,12.5,12.42499999999998,0.5441361854046047
99,1298,6,8,80.0,with_chunking,LMM-2,12.5,12.42499999999998,0.5441361854046047
99,1298,8,2,20.0,with_chunking,LMM-1,12.5,12.425000000000008,0.6807079383168412
99,1298,8,2,20.0,with_chunking,LMM-2,12.5,12.425000000000008,0.6807079383168412
99,1298,8,4,40.0,with_chunking,LMM-1,12.5,12.424999999999986,0.631690050840159
99,1298,8,4,40.0,with_chunking,LMM-2,12.5,12.424999999999986,0.631690050840159
99,1298,8,6,60.0,with_chunking,LMM-1,12.5,12.424999999999974,0.586254828079724
99,1298,8,6,60.0,with_chunking,LMM-2,12.5,12.424999999999974,0.586254828079724
99,1298,8,8,80.0,with_chunking,LMM-1,12.5,12.42499999999998,0.5441361854046047
99,1298,8,8,80.0,with_chunking,LMM-2,12.5,12.42499999999998,0.5441361854046047
99,1298,10,2,20.0,with_chunking,LMM-1,9.5,9.575000000000006,0.7650833512664608
99,1298,10,2,20.0,with_chunking,LMM-2,9.25,9.337500000000006,0.7758929054511534
99,1298,10,4,40.0,with_chunking,LMM-1,9.5,9.57499999999999,0.7243961953567009
99,1298,10,4,40.0,with_chunking,LMM-2,10.0,10.04999999999999,0.7215492792036843
99,1298,10,6,60.0,with_chunking,LMM-1,9.875,9.931249999999979,0.6850116053905451
99,1298,10,6,60.0,with_chunking,LMM-2,10.25,10.287499999999978,0.6742633053104732
99,1298,10,8,80.0,with_chunking,LMM-1,9.875,9.93124999999998,0.6510567059815235
99,1298,10,8,80.0,with_chunking,LMM-2,9.875,9.93124999999998,0.6566262797374671
100,1299,4,2,20.0,with_chunking,LMM-1,11.208333333333334,11.197916666666675,0.6752272770007536
100,1299,4,2,20.0,with_chunking,LMM-2,11.208333333333334,11.197916666666675,0.6752213266661448
100,1299,4,4,40.0,with_chunking,LMM-1,11.166666666666668,11.158333333333323,0.6028453562887036
100,1299,4,4,40.0,with_chunking,LMM-2,11.0,10.99999999999999,0.6110543599741187
100,1299,4,6,60.0,with_chunking,LMM-1,11.166666666666666,11.15833333333331,0.5622075975114788
100,1299,4,6,60.0,with_chunking,LMM-2,10.972222222222221,10.973611111111088,0.5709086811676651
100,1299,4,8,80.0,with_chunking,LMM-1,11.166666666666668,11.158333333333314,0.5502266431982791
100,1299,4,8,80.0,with_chunking,LMM-2,10.635416666666668,10.653645833333314,0.5866169581531485
100,1299,6,2,20.0,with_chunking,LMM-1,9.75,9.812500000000005,0.7658610965806838
100,1299,6,2,20.0,with_chunking,LMM-2,9.5,9.575000000000006,0.7873911804536413
100,1299,6,4,40.0,with_chunking,LMM-1,10.0,10.04999999999999,0.663587200231476
100,1299,6,4,40.0,with_chunking,LMM-2,9.6875,9.75312499999999,0.7331424550984678
100,1299,6,6,60.0,with_chunking,LMM-1,10.0,10.049999999999978,0.6239653110288212
100,1299,6,6,60.0,with_chunking,LMM-2,9.569444444444445,9.6409722222222,0.716544361716515
100,1299,6,8,80.0,with_chunking,LMM-1,10.0,10.049999999999981,0.5885577838585057
100,1299,6,8,80.0,with_chunking,LMM-2,9.489583333333332,9.56510416666665,0.7000042877388177
100,1299,8,2,20.0,with_chunking,LMM-1,9.083333333333334,9.179166666666672,0.761565374739496
100,1299,8,2,20.0,with_chunking,LMM-2,8.875,8.981250000000003,0.7818521135428331
100,1299,8,4,40.0,with_chunking,LMM-1,9.125,9.218749999999991,0.6981269381725901
100,1299,8,4,40.0,with_chunking,LMM-2,9.083333333333334,9.179166666666656,0.7207155051413143
100,1299,8,6,60.0,with_chunking,LMM-1,9.083333333333332,9.179166666666646,0.6616502494130704
100,1299,8,6,60.0,with_chunking,LMM-2,8.555555555555555,8.67777777777776,0.7131231504968214
100,1299,8,8,80.0,with_chunking,LMM-1,9.083333333333334,9.17916666666665,0.6524207247598417
100,1299,8,8,80.0,with_chunking,LMM-2,8.541666666666666,8.664583333333319,0.6915419478389765
100,1299,10,2,20.0,with_chunking,LMM-1,8.708333333333332,8.822916666666671,0.7931682197273957
100,1299,10,2,20.0,with_chunking,LMM-2,8.5,8.625000000000004,0.8047233487026747
100,1299,10,4,40.0,with_chunking,LMM-1,8.708333333333332,8.822916666666657,0.7627737319614862
100,1299,10,4,40.0,with_chunking,LMM-2,8.614583333333332,8.733854166666656,0.7400454557847009
100,1299,10,6,60.0,with_chunking,LMM-1,8.708333333333332,8.822916666666647,0.7343800495519751
100,1299,10,6,60.0,with_chunking,LMM-2,8.618055555555555,8.737152777777759,0.7115237901072954
100,1299,10,8,80.0,with_chunking,LMM-1,8.708333333333332,8.82291666666665,0.7071467226959913
100,1299,10,8,80.0,with_chunking,LMM-2,8.677083333333332,8.79322916666665,0.6733366904944375
