iteration,num_users,lmm,samples,avg_hops,avg_hops_std,avg_delay,avg_delay_std,avg_success_rate,avg_success_rate_std
1,2,LMM-1,7,11.285714285714286,1.1605769149479943,22.571428571428573,2.3211538298959886,0.904247562614329,0.019876909110891922
1,2,LMM-2,7,9.214285714285714,1.0642617446965243,18.428571428571427,2.1285234893930487,0.921072672238823,0.013680750252788662
1,3,LMM-1,7,11.238095238095239,0.8491692619108097,22.476190476190478,1.6983385238216193,0.8630286533706822,0.021507592021229857
1,3,LMM-2,7,9.047619047619047,0.6281383789653775,18.095238095238095,1.256276757930755,0.8875766187339921,0.012464274705468249
1,4,LMM-1,7,10.892857142857142,1.0926470386270253,21.785714285714285,2.1852940772540506,0.8256098545458209,0.02832057934599056
1,4,LMM-2,7,8.642857142857142,0.7889543583705186,17.285714285714285,1.5779087167410373,0.8572499390724617,0.016904425323195575
1,5,LMM-1,7,10.571428571428571,1.1633870326572762,21.142857142857142,2.3267740653145523,0.7916369265292913,0.03324203790997712
1,5,LMM-2,7,8.2,0.9196272536817763,16.4,1.8392545073635527,0.8325490792939148,0.021009709650327682
1,6,LMM-1,7,10.238095238095239,1.326940456485026,20.476190476190478,2.653880912970052,0.7613909246742068,0.04028184459516139
1,6,LMM-2,7,8.023809523809524,1.0016992365696489,16.047619047619047,2.0033984731392978,0.8052971706822362,0.025526662107222854
1,7,LMM-1,7,10.122448979591837,1.2132133834858654,20.244897959183675,2.4264267669717308,0.7291294287581123,0.040302547741695116
1,7,LMM-2,7,7.653061224489796,0.9951988032846208,15.306122448979592,1.9903976065692417,0.7852058517489137,0.0275073262377094
1,8,LMM-1,7,9.982142857142858,1.2453996981544782,19.964285714285715,2.4907993963089563,0.6979725201711947,0.04535308833985497
1,8,LMM-2,7,7.732142857142857,0.9806807298389987,15.464285714285714,1.9613614596779974,0.7542019294960374,0.031251305742498244
2,2,LMM-1,7,10.571428571428571,0.1749635530559413,21.142857142857142,0.3499271061118826,0.9189242460991539,0.00714108943089132
2,2,LMM-2,7,8.714285714285714,1.305404777321219,17.428571428571427,2.610809554642438,0.9284441107645188,0.011281160003844031
2,3,LMM-1,7,10.19047619047619,0.2428104530282278,20.38095238095238,0.4856209060564556,0.8831927590861831,0.010163611056281437
2,3,LMM-2,7,8.571428571428571,1.0033955955097846,17.142857142857142,2.0067911910195693,0.8960324291364123,0.014786529853040686
2,4,LMM-1,7,9.678571428571429,0.25753937681885636,19.357142857142858,0.5150787536377127,0.8488743454912333,0.010806274695992536
2,4,LMM-2,7,8.642857142857142,0.8849651209545619,17.285714285714285,1.7699302419091238,0.8637175453310701,0.015339343813666759
2,5,LMM-1,7,9.257142857142856,0.3499271061118826,18.514285714285712,0.6998542122237652,0.8206869849736835,0.015260282337382658
2,5,LMM-2,7,8.114285714285714,0.8475655413823612,16.228571428571428,1.6951310827647224,0.8382838897314483,0.018423377503988404
2,6,LMM-1,7,8.904761904761903,0.3433858357584752,17.809523809523807,0.6867716715169504,0.7922767954303555,0.015647800937206656
2,6,LMM-2,7,8.0,0.8728715609439696,16.0,1.7457431218879391,0.8085604852428802,0.020029737104324846
2,7,LMM-1,7,8.571428571428571,0.3967800427596646,17.142857142857142,0.7935600855193292,0.768550001011391,0.018978345219530936
2,7,LMM-2,7,7.877551020408163,0.8919091176902922,15.755102040816325,1.7838182353805845,0.7836623171735988,0.022491646521142303
2,8,LMM-1,7,8.428571428571429,0.40563631041430526,16.857142857142858,0.8112726208286105,0.7411141693529739,0.02129605097185107
2,8,LMM-2,7,7.642857142857143,0.6762177224557674,15.285714285714286,1.3524354449115348,0.7606578667376817,0.018909646810250764
3,2,LMM-1,7,8.857142857142858,0.9147320339189784,17.714285714285715,1.8294640678379568,0.9300907113257145,0.008320791462628001
3,2,LMM-2,7,8.0,1.7928429140015905,16.0,3.585685828003181,0.9311566660670513,0.022944612684905358
3,3,LMM-1,7,8.571428571428571,1.1644780248226174,17.142857142857142,2.328956049645235,0.8955236582381272,0.016569709505911558
3,3,LMM-2,7,7.904761904761904,1.63021359701178,15.809523809523808,3.26042719402356,0.8956427985029066,0.029982751040766108
3,4,LMM-1,7,8.428571428571429,1.6019758208575574,16.857142857142858,3.203951641715115,0.8613811210730952,0.030333032744699867
3,4,LMM-2,7,7.785714285714286,1.7239311980210243,15.571428571428571,3.4478623960420487,0.8600399544938256,0.040742514038163674
3,5,LMM-1,7,8.085714285714285,1.4846149779161808,16.17142857142857,2.9692299558323616,0.8342998396199002,0.036259833577954724
3,5,LMM-2,7,7.428571428571429,1.654184551557729,14.857142857142858,3.308369103115458,0.8319772518759406,0.046704228746822264
3,6,LMM-1,7,7.857142857142857,1.406979685970872,15.714285714285714,2.813959371941744,0.807295583463451,0.03944625620740859
3,6,LMM-2,7,7.19047619047619,1.5922146187905224,14.38095238095238,3.184429237581045,0.8052958194763341,0.052097617814341
3,7,LMM-1,7,7.775510204081633,1.6014882707602818,15.551020408163266,3.2029765415205635,0.7795750880190442,0.049526453512399746
3,7,LMM-2,7,7.244897959183674,1.7120977290746402,14.489795918367347,3.4241954581492804,0.774041145337539,0.062418804111223886
3,8,LMM-1,7,7.642857142857143,1.7683080233110187,15.285714285714286,3.5366160466220373,0.7540799756011839,0.05903397333446206
3,8,LMM-2,7,7.267857142857143,1.8352069893822742,14.535714285714286,3.6704139787645484,0.7448546343032474,0.07083129885114268
4,2,LMM-1,7,10.428571428571429,0.7284313590846836,20.857142857142858,1.4568627181693672,0.9153660784047573,0.008753916549912444
4,2,LMM-2,7,9.642857142857142,1.124858267715973,19.285714285714285,2.249716535431946,0.9109905941389577,0.017883447902164226
4,3,LMM-1,7,10.047619047619047,0.6998542122237653,20.095238095238095,1.3997084244475306,0.8754807304729365,0.012897662094320526
4,3,LMM-2,7,9.285714285714286,0.785353452498602,18.571428571428573,1.570706904997204,0.8740793727004378,0.02197421426358628
4,4,LMM-1,7,9.821428571428571,0.6776309271789385,19.642857142857142,1.355261854357877,0.8381953583099555,0.017727290447964072
4,4,LMM-2,7,9.035714285714286,0.7609741340236613,18.071428571428573,1.5219482680473226,0.8385211263813023,0.02560350244299932
4,5,LMM-1,7,9.6,0.7091242083423348,19.2,1.4182484166846696,0.805521321291488,0.02139807973285872
4,5,LMM-2,7,8.742857142857144,0.8666143364630344,17.485714285714288,1.7332286729260689,0.8049414143249819,0.03250840173998697
4,6,LMM-1,7,9.380952380952381,0.6998542122237652,18.761904761904763,1.3997084244475304,0.7746000121021279,0.024237913120147198
4,6,LMM-2,7,8.666666666666666,0.7918232927769473,17.333333333333332,1.5836465855538946,0.7723194035263703,0.03595899823623073
4,7,LMM-1,7,9.244897959183673,0.6688150860479157,18.489795918367346,1.3376301720958315,0.7429396308099969,0.026333351226431254
4,7,LMM-2,7,8.408163265306124,0.8132595447008686,16.816326530612248,1.6265190894017372,0.7434518769274926,0.041005263392771836
4,8,LMM-1,7,9.053571428571429,0.6643241156335098,18.107142857142858,1.3286482312670196,0.7141676474439784,0.029674041037539813
4,8,LMM-2,7,8.321428571428571,0.7873359887517358,16.642857142857142,1.5746719775034717,0.7128225714675759,0.04223803217901831
5,2,LMM-1,7,14.428571428571429,1.7612611437054218,28.857142857142858,3.5225222874108435,0.8800255468774204,0.023204106729369126
5,2,LMM-2,7,11.214285714285714,2.505096845250026,22.428571428571427,5.010193690500052,0.9080229197987055,0.03285064957941519
5,3,LMM-1,7,14.095238095238097,1.7612611437054226,28.190476190476193,3.5225222874108453,0.8277778777955348,0.032600279774206584
5,3,LMM-2,7,10.761904761904761,2.5555062599997593,21.523809523809522,5.111012519999519,0.8700510457908992,0.04738703544270983
5,4,LMM-1,7,13.785714285714286,1.7547312137911781,27.571428571428573,3.5094624275823563,0.7767999178946317,0.04109401337153453
5,4,LMM-2,7,10.535714285714286,2.4907993963089563,21.071428571428573,4.981598792617913,0.8283887530766149,0.059169834319765746
5,5,LMM-1,7,13.77142857142857,1.9637531745645231,27.54285714285714,3.9275063491290463,0.7242155936954843,0.05445596885022487
5,5,LMM-2,7,10.342857142857143,2.348773018807384,20.685714285714287,4.697546037614768,0.7889604981657615,0.06894707030385551
5,6,LMM-1,7,13.547619047619047,2.0387404408197756,27.095238095238095,4.077480881639551,0.6783388909478519,0.06484465944029277
5,6,LMM-2,7,10.142857142857142,2.3289560496452353,20.285714285714285,4.657912099290471,0.7536734056631974,0.07989786047496004
5,7,LMM-1,7,13.36734693877551,2.2430419043320953,26.73469387755102,4.4860838086641905,0.6367047622873073,0.07653142339409279
5,7,LMM-2,7,9.979591836734695,2.2977090522510317,19.95918367346939,4.5954181045020634,0.7183566323505544,0.08750304837056133
5,8,LMM-1,7,13.196428571428571,2.3307505141442473,26.392857142857142,4.6615010282884946,0.5938954880511291,0.0846859212246096
5,8,LMM-2,7,9.821428571428571,2.3564663531375505,19.642857142857142,4.712932706275101,0.6822990080686119,0.09679436295895529
6,2,LMM-1,7,10.428571428571429,1.0497813183356477,20.857142857142858,2.0995626366712954,0.9218213377157974,0.011082632034921632
6,2,LMM-2,7,7.428571428571429,1.2371791482634837,14.857142857142858,2.4743582965269675,0.9455936850150072,0.015147717721736986
6,3,LMM-1,7,9.904761904761903,0.8676603408708858,19.809523809523807,1.7353206817417717,0.8868556843866251,0.01680526169251269
6,3,LMM-2,7,7.571428571428571,0.5832118435198045,15.142857142857142,1.166423687039609,0.912508216409451,0.010302262952498363
6,4,LMM-1,7,9.535714285714286,0.9858695529887329,19.071428571428573,1.9717391059774658,0.8548052403280335,0.022264309257553946
6,4,LMM-2,7,7.857142857142857,0.9244413646817703,15.714285714285714,1.8488827293635406,0.8793772855256476,0.018149691777121668
6,5,LMM-1,7,9.114285714285716,1.0466662333722399,18.22857142857143,2.0933324667444797,0.8269849903840022,0.027562449048509418
6,5,LMM-2,7,8.4,0.7928249671720916,16.8,1.5856499343441832,0.8410943659010188,0.017039509435916665
6,6,LMM-1,7,8.761904761904763,1.1298867159718733,17.523809523809526,2.2597734319437466,0.8011639276187118,0.03276372355797997
6,6,LMM-2,7,8.166666666666666,0.7400128699009552,16.333333333333332,1.4800257398019103,0.8121444271118999,0.020182010867538996
6,7,LMM-1,7,8.489795918367347,1.0410163873352527,16.979591836734695,2.0820327746705054,0.7774512548953133,0.03561779184725172
6,7,LMM-2,7,7.938775510204081,0.793035070519406,15.877551020408163,1.586070141038812,0.7863111148298467,0.0242826201086275
6,8,LMM-1,7,8.357142857142858,1.040322261687822,16.714285714285715,2.080644523375644,0.7511069962428966,0.04145287014842525
6,8,LMM-2,7,7.785714285714286,0.9744831178315895,15.571428571428571,1.948966235663179,0.7608459294108371,0.033824236011226444
7,2,LMM-1,7,11.428571428571429,0.4948716593053935,22.857142857142858,0.989743318610787,0.9111330044308578,0.006030551751872362
7,2,LMM-2,7,10.142857142857142,0.3499271061118826,20.285714285714285,0.6998542122237652,0.9144127501524173,0.004695811186262611
7,3,LMM-1,7,11.0,0.5909368402852785,22.0,1.181873680570557,0.8725395145803285,0.010052353376445644
7,3,LMM-2,7,9.809523809523808,0.3499271061118826,19.619047619047617,0.6998542122237652,0.8757612735902812,0.00679174287302056
7,4,LMM-1,7,10.821428571428571,0.5297284633639759,21.642857142857142,1.0594569267279519,0.8332440443969027,0.012055507412680081
7,4,LMM-2,7,9.607142857142858,0.2624453295839119,19.214285714285715,0.5248906591678238,0.8378089683662024,0.007972790445013247
7,5,LMM-1,7,10.914285714285715,0.8131571126147261,21.82857142857143,1.6263142252294522,0.7887578103051691,0.021256356090718898
7,5,LMM-2,7,9.685714285714285,0.42570469787860993,19.37142857142857,0.8514093957572199,0.7943845201230222,0.013639023209477725
7,6,LMM-1,7,10.619047619047619,0.8295833995325876,21.238095238095237,1.6591667990651753,0.7557988276474743,0.023541172528218565
7,6,LMM-2,7,9.38095238095238,0.50954606092935,18.76190476190476,1.0190921218587,0.7625333585698923,0.01634091060086432
7,7,LMM-1,7,10.571428571428571,1.0014566650110448,21.142857142857142,2.0029133300220896,0.7190881199529997,0.03000146424040156
7,7,LMM-2,7,9.346938775510205,0.5907801969849036,18.69387755102041,1.1815603939698072,0.7260493185084286,0.018766389333460105
7,8,LMM-1,7,10.428571428571429,1.2389820541929752,20.857142857142858,2.4779641083859505,0.6868658644941654,0.039677528975998466
7,8,LMM-2,7,9.267857142857142,0.7362688617174394,18.535714285714285,1.4725377234348789,0.6928278701165086,0.0253240056534689
8,2,LMM-1,7,12.0,0.0,24.0,0.0,0.911839267716988,0.00595764638126845
8,2,LMM-2,7,10.142857142857142,0.3499271061118826,20.285714285714285,0.6998542122237652,0.9189175674165011,0.00884735013298557
8,3,LMM-1,7,11.238095238095239,0.23328473740792213,22.476190476190478,0.46656947481584427,0.8747575906834995,0.008688938686654329
8,3,LMM-2,7,9.428571428571429,0.38685897164933153,18.857142857142858,0.7737179432986631,0.8844086375016145,0.012618049736527439
8,4,LMM-1,7,10.928571428571429,0.1749635530559413,21.857142857142858,0.3499271061118826,0.8389135853025156,0.011020150914705864
8,4,LMM-2,7,9.107142857142858,0.374574588632197,18.214285714285715,0.749149177264394,0.851480499246768,0.016142653061660354
8,5,LMM-1,7,10.4,0.0,20.8,0.0,0.8071913139536091,0.0104770405457444
8,5,LMM-2,7,8.714285714285714,0.2799416848895063,17.428571428571427,0.5598833697790127,0.8198128555041995,0.015629763306791538
8,6,LMM-1,7,10.071428571428571,0.31943828249997,20.142857142857142,0.63887656499994,0.7740452570838424,0.011414118220303929
8,6,LMM-2,7,8.380952380952381,0.44288274375567327,16.761904761904763,0.8857654875113465,0.7900991117839318,0.018673798171129775
8,7,LMM-1,7,9.551020408163266,0.2692021624137326,19.102040816326532,0.5384043248274653,0.7495538015975064,0.012820504236777866
8,7,LMM-2,7,8.285714285714286,0.43195939772483133,16.571428571428573,0.8639187954496627,0.7572587735392092,0.020018596557525605
8,8,LMM-1,7,9.142857142857142,0.24484480715718016,18.285714285714285,0.4896896143143603,0.7281554199298542,0.01410114398516457
8,8,LMM-2,7,7.982142857142857,0.374574588632197,15.964285714285714,0.749149177264394,0.7327523694208085,0.02074419342053325
9,2,LMM-1,7,16.714285714285715,3.730732816343027,33.42857142857143,7.461465632686054,0.8454188298193814,0.034674894379680445
9,2,LMM-2,7,9.642857142857142,0.8748177652797064,19.285714285714285,1.749635530559413,0.9152679090948826,0.004758939693324891
9,3,LMM-1,7,16.714285714285715,3.6663574390324114,33.42857142857143,7.332714878064823,0.7773001334358803,0.05082447210771948
9,3,LMM-2,7,9.428571428571429,0.5832118435198042,18.857142857142858,1.1664236870396083,0.8778524908574724,0.00814845773839186
9,4,LMM-1,7,16.75,3.6815175442433286,33.5,7.363035088486657,0.7138694500864851,0.0643126237253073
9,4,LMM-2,7,9.285714285714286,0.5248906591678238,18.571428571428573,1.0497813183356477,0.8418703157405891,0.011011349339067368
9,5,LMM-1,7,17.085714285714285,3.504865422901864,34.17142857142857,7.009730845803728,0.6444052873776461,0.07147448073180118
9,5,LMM-2,7,8.971428571428572,0.559883369779012,17.942857142857143,1.119766739558024,0.8059669980859036,0.01332125553244586
9,6,LMM-1,7,17.30952380952381,3.4439140839584073,34.61904761904762,6.8878281679168145,0.5832610356454307,0.07980165161826737
9,6,LMM-2,7,8.785714285714286,0.5248906591678238,17.571428571428573,1.0497813183356477,0.7723270656286836,0.015166331599043402
9,7,LMM-1,7,17.346938775510203,3.3856644643343246,34.69387755102041,6.771328928668649,0.5303632384929958,0.08806307713305621
9,7,LMM-2,7,8.551020408163264,0.3999166926992942,17.10204081632653,0.7998333853985884,0.741624230734117,0.014204200560043448
9,8,LMM-1,7,17.357142857142858,3.3960511281937618,34.714285714285715,6.7921022563875235,0.48343094872369263,0.0958086121892727
9,8,LMM-2,7,8.339285714285714,0.3936679943758679,16.678571428571427,0.7873359887517358,0.7135776497698417,0.014600246700322788
10,2,LMM-1,7,10.642857142857142,1.2453996981544782,21.285714285714285,2.4907993963089563,0.9220718861776426,0.014572212634685378
10,2,LMM-2,7,8.928571428571429,1.1473127431577865,17.857142857142858,2.294625486315573,0.9301139227652533,0.009967891061439214
10,3,LMM-1,7,10.857142857142858,1.2065580437447547,21.714285714285715,2.4131160874895095,0.8762910232410489,0.021422022885382086
10,3,LMM-2,7,9.238095238095237,1.0190921218586997,18.476190476190474,2.0381842437173994,0.8872191367888063,0.017253534397937066
10,4,LMM-1,7,10.607142857142858,0.8949974347244049,21.214285714285715,1.7899948694488097,0.8379031752491498,0.02226830564923267
10,4,LMM-2,7,9.035714285714286,0.9202927661946518,18.071428571428573,1.8405855323893037,0.850162733287131,0.02026195296173877
10,5,LMM-1,7,10.428571428571429,0.7125693664765673,20.857142857142858,1.4251387329531346,0.8009480222478134,0.023508883957174133
10,5,LMM-2,7,8.857142857142858,0.826104702560055,17.714285714285715,1.65220940512011,0.8161373696046864,0.022868323279091687
10,6,LMM-1,7,10.166666666666668,0.7766431633476235,20.333333333333336,1.553286326695247,0.769432370572719,0.02893653094827458
10,6,LMM-2,7,8.619047619047619,0.7903901272713252,17.238095238095237,1.5807802545426504,0.7871004979967101,0.024991273171029352
10,7,LMM-1,7,10.10204081632653,0.8389716241263048,20.20408163265306,1.6779432482526095,0.733532250017712,0.034522878907111976
10,7,LMM-2,7,8.510204081632653,0.80035394086235,17.020408163265305,1.6007078817247,0.7544768590819623,0.029770050489412423
10,8,LMM-1,7,9.821428571428571,0.737567015287978,19.642857142857142,1.475134030575956,0.706357952393399,0.035383151676772265
10,8,LMM-2,7,8.446428571428571,0.7555069929037921,16.892857142857142,1.5110139858075842,0.725275187359833,0.030831929094159244
11,2,LMM-1,7,17.642857142857142,0.989743318610787,35.285714285714285,1.979486637221574,0.8436029584404716,0.010369055156609937
11,2,LMM-2,7,8.428571428571429,2.226922466874271,16.857142857142858,4.453844933748542,0.931377773453062,0.02538513191477311
11,3,LMM-1,7,17.476190476190474,0.9897433186107865,34.95238095238095,1.979486637221573,0.7762694149576432,0.014337412996893327
11,3,LMM-2,7,8.904761904761905,2.9692299558323616,17.80952380952381,5.938459911664723,0.8906890099155019,0.04832537864352938
11,4,LMM-1,7,17.214285714285715,0.8390957231764807,34.42857142857143,1.6781914463529615,0.7152705254209578,0.0158137284833787
11,4,LMM-2,7,8.892857142857142,3.3403837003114063,17.785714285714285,6.680767400622813,0.8547171788725845,0.06920219506611129
11,5,LMM-1,7,17.0,0.8684962373468955,34.0,1.736992474693791,0.6599167474218193,0.018662764838929802
11,5,LMM-2,7,8.885714285714286,3.5630759469988336,17.771428571428572,7.126151893997667,0.8206840392853204,0.08809761478890521
11,6,LMM-1,7,16.571428571428573,0.7911070345636259,33.142857142857146,1.5822140691272517,0.6114142663158022,0.019567050569426883
11,6,LMM-2,7,9.5,2.886751345948129,19.0,5.773502691896258,0.7640511311363992,0.08069249998567943
11,7,LMM-1,7,16.26530612244898,0.7380874008173519,32.53061224489796,1.4761748016347038,0.5663248051811723,0.02027446819794915
11,7,LMM-2,7,9.122448979591836,3.1106218584910446,18.24489795918367,6.221243716982089,0.738028901647055,0.09716661895681264
11,8,LMM-1,7,15.910714285714286,0.6998542122237652,31.821428571428573,1.3997084244475304,0.52689892170776,0.020890757627184068
11,8,LMM-2,7,9.428571428571429,2.65993516876649,18.857142857142858,5.31987033753298,0.6899241528113286,0.08965213943702684
12,2,LMM-1,7,11.285714285714286,1.6003826073148628,22.571428571428573,3.2007652146297256,0.9125076104051859,0.024589775080977146
12,2,LMM-2,7,7.5,2.8535691936340255,15.0,5.707138387268051,0.936817021445086,0.031113556646272755
12,3,LMM-1,7,10.952380952380953,1.7496355305594131,21.904761904761905,3.4992710611188262,0.8731753902641194,0.03261620909046436
12,3,LMM-2,7,7.80952380952381,2.3221305409974495,15.61904761904762,4.644261081994899,0.9023323250340292,0.036963062887373506
12,4,LMM-1,7,10.571428571428571,1.6621537540314424,21.142857142857142,3.3243075080628848,0.8335713575229199,0.04136447419011085
12,4,LMM-2,7,7.928571428571429,2.3134478201002353,15.857142857142858,4.626895640200471,0.8667757662396508,0.047914625873129765
12,5,LMM-1,7,10.171428571428573,1.7547602894610388,20.342857142857145,3.5095205789220776,0.8019075340148457,0.05010176455432267
12,5,LMM-2,7,7.714285714285714,2.239533479116049,15.428571428571429,4.479066958232098,0.8385412268438295,0.055764123868250734
12,6,LMM-1,7,9.952380952380953,1.8054465342979882,19.904761904761905,3.6108930685959764,0.7730011469745282,0.05515373727489673
12,6,LMM-2,7,7.690476190476191,2.084387488403742,15.380952380952381,4.168774976807484,0.8104959192693147,0.058363269365333606
12,7,LMM-1,7,9.612244897959185,1.8731092090749004,19.22448979591837,3.746218418149801,0.7466984497808736,0.06390164843340777
12,7,LMM-2,7,7.63265306122449,2.1145851178756927,15.26530612244898,4.229170235751385,0.7817279573706161,0.0641907586288057
12,8,LMM-1,7,9.428571428571429,1.953542047311049,18.857142857142858,3.907084094622098,0.7210778693498593,0.06948264761933665
12,8,LMM-2,7,7.696428571428571,1.940932607731423,15.392857142857142,3.881865215462846,0.75277359962327,0.06550558552768522
13,2,LMM-1,7,14.642857142857142,0.3499271061118826,29.285714285714285,0.6998542122237652,0.8851412069230028,0.0072145028095487625
13,2,LMM-2,7,8.5,0.0,17.0,0.0,0.9305934764240816,0.0
13,3,LMM-1,7,14.142857142857142,0.3499271061118826,28.285714285714285,0.6998542122237652,0.8360514847094757,0.010187136212082691
13,3,LMM-2,7,8.0,0.0,16.0,0.0,0.9012459902197463,0.0
13,4,LMM-1,7,13.642857142857142,0.3499271061118826,27.285714285714285,0.6998542122237652,0.7916784589231112,0.012818560637613836
13,4,LMM-2,7,7.678571428571429,0.4374088826398532,15.357142857142858,0.8748177652797064,0.8716270273884436,0.008295685807104857
13,5,LMM-1,7,12.971428571428572,0.4589250972631147,25.942857142857143,0.9178501945262294,0.7516622552707551,0.014657255919764047
13,5,LMM-2,7,7.542857142857143,0.6565214453186319,15.085714285714285,1.3130428906372638,0.8370823650064398,0.015793642467361493
13,6,LMM-1,7,12.595238095238097,0.39698409525078704,25.190476190476193,0.7939681905015741,0.7128071875706825,0.01761393432496663
13,6,LMM-2,7,7.452380952380953,0.6998542122237649,14.904761904761907,1.3997084244475297,0.8032585861422559,0.01691334980058532
13,7,LMM-1,7,12.040816326530612,0.4300266837899079,24.081632653061224,0.8600533675798158,0.6816234843058189,0.01895867656206075
13,7,LMM-2,7,7.428571428571429,0.6434237865483446,14.857142857142858,1.2868475730966893,0.7696476205658114,0.017255743412377397
13,8,LMM-1,7,11.642857142857142,0.47915742374995496,23.285714285714285,0.9583148474999099,0.6497348891112743,0.020944897792819786
13,8,LMM-2,7,7.410714285714286,0.650255052001183,14.821428571428571,1.300510104002366,0.7352247595662084,0.01824656687716797
14,2,LMM-1,7,10.714285714285714,1.9430672155336348,21.428571428571427,3.8861344310672696,0.9063144618515775,0.0325587157695393
14,2,LMM-2,7,10.0,1.7728105208558367,20.0,3.5456210417116734,0.9020222915389496,0.030602378829881382
14,3,LMM-1,7,10.333333333333334,1.9840634910475863,20.666666666666668,3.9681269820951726,0.8634679379622215,0.04632398290819203
14,3,LMM-2,7,9.61904761904762,1.7766436291597743,19.23809523809524,3.5532872583195485,0.8600973355559142,0.04079836093023058
14,4,LMM-1,7,10.0,2.0615528128088303,20.0,4.123105625617661,0.825995788746886,0.05216264507241807
14,4,LMM-2,7,9.392857142857142,1.6895537389306958,18.785714285714285,3.3791074778613917,0.8234888682867523,0.04550113593200822
14,5,LMM-1,7,9.742857142857144,2.063877863812366,19.485714285714288,4.127755727624732,0.7876350050310742,0.0619713209088345
14,5,LMM-2,7,9.4,1.6177585905019505,18.8,3.235517181003901,0.7823722351378526,0.050639334267289116
14,6,LMM-1,7,9.523809523809522,2.076758332129193,19.047619047619044,4.153516664258386,0.7549721623529241,0.06731519449189717
14,6,LMM-2,7,9.214285714285714,1.5627465791830415,18.428571428571427,3.125493158366083,0.7484135831649482,0.05438207815906734
14,7,LMM-1,7,9.489795918367347,1.8919148873186595,18.979591836734695,3.783829774637319,0.7172903768210334,0.06810574337318659
14,7,LMM-2,7,9.183673469387756,1.3865541021602472,18.367346938775512,2.7731082043204944,0.7097308824812762,0.055655754718245215
14,8,LMM-1,7,9.375,1.8359018803535536,18.75,3.6718037607071072,0.6855957032394695,0.07017556024702151
14,8,LMM-2,7,8.946428571428571,1.4171417770733212,17.892857142857142,2.8342835541466425,0.6801917679324143,0.05926199567508471
15,2,LMM-1,7,11.071428571428571,0.8206518066482898,22.142857142857142,1.6413036132965797,0.9158644510611064,0.00959653472956307
15,2,LMM-2,7,9.785714285714286,1.2205719636167902,19.571428571428573,2.4411439272335804,0.9173983228302826,0.014968270816883731
15,3,LMM-1,7,10.666666666666666,0.816496580927726,21.333333333333332,1.632993161855452,0.8779397122359663,0.013094585773858866
15,3,LMM-2,7,9.619047619047619,1.1876156107942786,19.238095238095237,2.375231221588557,0.8799651318213835,0.022159055475700556
15,4,LMM-1,7,10.321428571428571,0.8206518066482898,20.642857142857142,1.6413036132965797,0.8439285242842696,0.01675528949682525
15,4,LMM-2,7,9.285714285714286,1.1214513191505415,18.571428571428573,2.242902638301083,0.8456865971181564,0.02791232287152253
15,5,LMM-1,7,9.942857142857145,0.8599952539024234,19.88571428571429,1.7199905078048467,0.8130976364737543,0.020388781504628
15,5,LMM-2,7,9.028571428571428,1.1080411102665897,18.057142857142857,2.2160822205331794,0.811962322553463,0.03350277811461527
15,6,LMM-1,7,9.809523809523808,1.0481600334788161,19.619047619047617,2.0963200669576323,0.7805549183459991,0.02710903998983587
15,6,LMM-2,7,8.857142857142858,1.117780437552905,17.714285714285715,2.23556087510581,0.7812819539540296,0.038063460544743036
15,7,LMM-1,7,9.510204081632653,0.9951988032846212,19.020408163265305,1.9903976065692424,0.7528322685824094,0.031186996549391163
15,7,LMM-2,7,8.714285714285714,1.1091982238123423,17.428571428571427,2.2183964476246847,0.7525858473170816,0.04060088020550602
15,8,LMM-1,7,9.214285714285714,0.9790535829909142,18.428571428571427,1.9581071659818283,0.7277638406312102,0.035038379382232164
15,8,LMM-2,7,8.589285714285714,0.917864091135457,17.178571428571427,1.835728182270914,0.724524600859396,0.03965865900811112
16,2,LMM-1,7,10.5,0.6546536707079772,21.0,1.3093073414159544,0.9113715984246509,0.006826343654912979
16,2,LMM-2,7,8.428571428571429,1.7612611437054218,16.857142857142858,3.5225222874108435,0.9261214496487788,0.019289074775844555
16,3,LMM-1,7,9.80952380952381,0.3011693009684168,19.61904761904762,0.6023386019368336,0.8786315185772207,0.0057421684105496695
16,3,LMM-2,7,7.809523809523809,1.2953781436890899,15.619047619047619,2.5907562873781798,0.8986542518027755,0.022538804222344933
16,4,LMM-1,7,9.678571428571429,0.22015764296317772,19.357142857142858,0.44031528592635544,0.8406233313176574,0.006020754565572081
16,4,LMM-2,7,8.0,0.9063269671749657,16.0,1.8126539343499315,0.8610786361755974,0.01786561891937591
16,5,LMM-1,7,9.885714285714286,0.1456862718169367,19.771428571428572,0.2913725436338734,0.7979328358604837,0.007347694711142268
16,5,LMM-2,7,7.914285714285714,1.1993195349608776,15.828571428571427,2.3986390699217552,0.8287414386203201,0.02801208341977122
16,6,LMM-1,7,9.738095238095239,0.3316282923139072,19.476190476190478,0.6632565846278144,0.7654971887862195,0.012637044522260962
16,6,LMM-2,7,7.952380952380953,1.207497365057711,15.904761904761907,2.414994730115422,0.7971942952921219,0.033354162102167885
16,7,LMM-1,7,9.408163265306124,0.290054498031671,18.816326530612248,0.580108996063342,0.7384608318518875,0.013873395635187195
16,7,LMM-2,7,7.836734693877552,1.0620091290822604,15.673469387755103,2.124018258164521,0.7687896704888028,0.030804390847689603
16,8,LMM-1,7,9.232142857142858,0.10412414097938037,18.464285714285715,0.20824828195876074,0.7098820568756194,0.009616502130563321
16,8,LMM-2,7,7.75,0.9819805060619657,15.5,1.9639610121239315,0.7411329577516425,0.031100944148179745
17,2,LMM-1,7,15.5,0.0,31.0,0.0,0.8565546042262424,0.0
17,2,LMM-2,7,10.0,0.0,20.0,0.0,0.9022142782659348,0.0
17,3,LMM-1,7,15.333333333333334,0.0,30.666666666666668,0.0,0.7963591387773556,0.0
17,3,LMM-2,7,10.666666666666666,0.0,21.333333333333332,0.0,0.8473954192463727,0.0
17,4,LMM-1,7,15.0,0.0,30.0,0.0,0.7395731402071951,0.0
17,4,LMM-2,7,10.75,0.0,21.5,0.0,0.7950249818707966,0.0
17,5,LMM-1,7,14.8,0.0,29.6,0.0,0.6891237113816661,0.0
17,5,LMM-2,7,9.8,0.0,19.6,0.0,0.7723763710267652,0.0
17,6,LMM-1,7,14.5,0.0,29.0,0.0,0.6438891187446331,0.0
17,6,LMM-2,7,9.833333333333334,0.0,19.666666666666668,0.0,0.7290635289412203,0.0
17,7,LMM-1,7,14.142857142857142,0.0,28.285714285714285,0.0,0.6041073356328497,0.0
17,7,LMM-2,7,9.714285714285714,0.0,19.428571428571427,0.0,0.6910204477741345,0.0
17,8,LMM-1,7,13.339285714285714,0.08748177652797065,26.678571428571427,0.1749635530559413,0.5803125357837896,0.002917984601613511
17,8,LMM-2,7,9.285714285714286,0.08748177652797065,18.571428571428573,0.1749635530559413,0.665405835121553,0.002868814268791986
18,2,LMM-1,7,10.357142857142858,1.0926470386270253,20.714285714285715,2.1852940772540506,0.9061647323649054,0.013916886151987589
18,2,LMM-2,7,9.285714285714286,0.6468132241526726,18.571428571428573,1.2936264483053452,0.9121583838456474,0.010606646224324471
18,3,LMM-1,7,10.047619047619047,1.1045155718803052,20.095238095238095,2.2090311437606105,0.8649926453987336,0.020936798750265325
18,3,LMM-2,7,9.095238095238097,0.6834619092574912,18.190476190476193,1.3669238185149823,0.870914568806483,0.01442463176580286
18,4,LMM-1,7,9.964285714285714,0.860113898485164,19.928571428571427,1.720227796970328,0.8230624385807855,0.02240059696977496
18,4,LMM-2,7,9.25,0.5175491695067657,18.5,1.0350983390135313,0.8298379494946584,0.016575289709728745
18,5,LMM-1,7,10.114285714285714,0.8407965125464091,20.228571428571428,1.6815930250928182,0.7786275971594824,0.025391874839302418
18,5,LMM-2,7,9.4,0.5656854249492381,18.8,1.1313708498984762,0.7863365474775692,0.01894699279082696
18,6,LMM-1,7,9.857142857142858,0.8793421577437803,19.714285714285715,1.7586843154875607,0.7433804899426797,0.02988264515963755
18,6,LMM-2,7,9.30952380952381,0.6070261325705697,18.61904761904762,1.2140522651411394,0.7499284674529404,0.022270912627383975
18,7,LMM-1,7,9.857142857142858,1.0798984943120775,19.714285714285715,2.159796988624155,0.7067265334416931,0.03717038005281302
18,7,LMM-2,7,9.183673469387756,0.7028234839886763,18.367346938775512,1.4056469679773527,0.7157208964680486,0.026265403039443403
18,8,LMM-1,7,9.767857142857142,1.2145482909379965,19.535714285714285,2.429096581875993,0.6740203932951089,0.04501446909996849
18,8,LMM-2,7,9.214285714285714,0.7030364173224831,18.428571428571427,1.4060728346449662,0.6804496207525167,0.02731188599275383
19,2,LMM-1,7,16.428571428571427,3.5499353256540505,32.857142857142854,7.099870651308101,0.8515921792235404,0.03627673991399453
19,2,LMM-2,7,14.214285714285714,4.948716593053935,28.428571428571427,9.89743318610787,0.8679932167079267,0.05516783836460704
19,3,LMM-1,7,16.285714285714285,3.5205905503380035,32.57142857142857,7.041181100676007,0.7859916464959911,0.04986286875581722
19,3,LMM-2,7,12.523809523809524,3.6290588349062185,25.047619047619047,7.258117669812437,0.8316151121069277,0.05862837756609072
19,4,LMM-1,7,16.714285714285715,2.640442912753503,33.42857142857143,5.280885825507006,0.7087441432415781,0.04496233052025089
19,4,LMM-2,7,13.642857142857142,2.721794126179664,27.285714285714285,5.443588252359328,0.7498837204753673,0.05286636240088168
19,5,LMM-1,7,16.37142857142857,2.804951889434259,32.74285714285714,5.609903778868518,0.6556735284308198,0.05531129372100132
19,5,LMM-2,7,13.457142857142857,3.1671786195545177,26.914285714285715,6.3343572391090355,0.7011773598101882,0.07192743797428608
19,6,LMM-1,7,15.976190476190476,2.9146980722894287,31.952380952380953,5.829396144578857,0.6099305675295362,0.0642449868580994
19,6,LMM-2,7,12.404761904761903,2.804272736063897,24.809523809523807,5.608545472127794,0.6766778671170878,0.07413229944403613
19,7,LMM-1,7,16.122448979591837,2.498312633390938,32.244897959183675,4.996625266781876,0.5536964065271937,0.05832175046546398
19,7,LMM-2,7,12.918367346938776,2.403662345197626,25.836734693877553,4.807324690395252,0.6142897623852466,0.06729747613079409
19,8,LMM-1,7,15.857142857142858,2.6189799774814966,31.714285714285715,5.237959954962993,0.5145074962993952,0.06500325597927942
19,8,LMM-2,7,12.767857142857142,2.721794126179664,25.535714285714285,5.443588252359328,0.577150797538035,0.08179910510642617
20,2,LMM-1,7,10.357142857142858,0.5802884574739972,20.714285714285715,1.1605769149479943,0.9196144928574185,0.007239972523347891
20,2,LMM-2,7,7.785714285714286,1.0642617446965243,15.571428571428571,2.1285234893930487,0.9407393587765681,0.011849622857289866
20,3,LMM-1,7,9.95238095238095,0.5753831415997415,19.9047619047619,1.150766283199483,0.8803066315329561,0.013854136842573682
20,3,LMM-2,7,7.333333333333334,1.1952286093343938,14.666666666666668,2.3904572186687876,0.9141527556407861,0.01747634523277488
20,4,LMM-1,7,9.5,0.6681531047810609,19.0,1.3363062095621219,0.8480676737732576,0.017364578253181447
20,4,LMM-2,7,6.892857142857143,0.8222046023729527,13.785714285714286,1.6444092047459054,0.8909355350925438,0.016819439596239022
20,5,LMM-1,7,9.142857142857142,0.7384484561897191,18.285714285714285,1.4768969123794382,0.8170559552453013,0.02240560873021244
20,5,LMM-2,7,7.028571428571429,0.7886956423909862,14.057142857142859,1.5773912847819724,0.8584273027029814,0.016889583635852176
20,6,LMM-1,7,8.952380952380953,0.7903901272713254,17.904761904761905,1.5807802545426508,0.7851895170053783,0.02622202515372385
20,6,LMM-2,7,7.190476190476191,0.7839084587216346,14.380952380952381,1.5678169174432692,0.8276276527149063,0.0199414162833107
20,7,LMM-1,7,8.89795918367347,0.7272869257634883,17.79591836734694,1.4545738515269766,0.7499624359279721,0.030554049233182275
20,7,LMM-2,7,7.081632653061225,0.8965666382240324,14.16326530612245,1.7931332764480648,0.8013856027544113,0.024918095746035776
20,8,LMM-1,7,8.803571428571429,0.6081923702116572,17.607142857142858,1.2163847404233143,0.7182291154498436,0.030104872018828676
20,8,LMM-2,7,6.660714285714286,0.8575148002530693,13.321428571428571,1.7150296005061385,0.7861431155229981,0.027441535878138912
21,2,LMM-1,7,14.857142857142858,1.7261494247992246,29.714285714285715,3.4522988495984492,0.8660669586665727,0.023155901531486923
21,2,LMM-2,7,9.285714285714286,1.8871206876604152,18.571428571428573,3.7742413753208304,0.9141454141365395,0.020341880924164744
21,3,LMM-1,7,14.523809523809522,1.726149424799225,29.047619047619044,3.45229884959845,0.8098694485265341,0.03268401300407788
21,3,LMM-2,7,9.0,2.5634797778466227,18.0,5.1269595556932455,0.8762750507641949,0.03883422639487074
21,4,LMM-1,7,14.214285714285714,1.8871206876604152,28.428571428571427,3.7742413753208304,0.7607320283073244,0.04514030256661465
21,4,LMM-2,7,9.0,2.4311960607310725,18.0,4.862392121462145,0.8397710659503194,0.0470753667040039
21,5,LMM-1,7,13.914285714285713,1.8878775470493472,27.828571428571426,3.7757550940986944,0.718615464200593,0.05293358727401459
21,5,LMM-2,7,8.742857142857142,2.234059177408527,17.485714285714284,4.468118354817054,0.8123619738184894,0.051933823166312766
21,6,LMM-1,7,13.69047619047619,1.9157421609420417,27.38095238095238,3.8314843218840835,0.6788906642137232,0.059626947969761666
21,6,LMM-2,7,8.5,2.1620830637612363,17.0,4.3241661275224725,0.7871543639458505,0.05748627803595889
21,7,LMM-1,7,13.530612244897961,1.9358732304866417,27.061224489795922,3.8717464609732835,0.6401695115031636,0.06586935254868252
21,7,LMM-2,7,8.46938775510204,2.1526501203419195,16.93877551020408,4.305300240683839,0.7571399632945618,0.06360626045537708
21,8,LMM-1,7,13.303571428571429,1.9305545359627971,26.607142857142858,3.8611090719255943,0.6109674347108041,0.06947908849911595
21,8,LMM-2,7,8.5,1.9876853013349114,17.0,3.975370602669823,0.7319041427918578,0.06508789826463164
22,2,LMM-1,7,13.785714285714286,1.1605769149479943,27.571428571428573,2.3211538298959886,0.8996672695992796,0.013807230087217268
22,2,LMM-2,7,6.5,1.5811388300841898,13.0,3.1622776601683795,0.9553747262626956,0.016387841120848946
22,3,LMM-1,7,13.61904761904762,1.1605769149479943,27.23809523809524,2.3211538298959886,0.854889275519942,0.019644312524946028
22,3,LMM-2,7,8.095238095238095,1.6876233473018427,16.19047619047619,3.3752466946036854,0.9125604328514859,0.025629498561675627
22,4,LMM-1,7,13.285714285714286,1.1605769149479943,26.571428571428573,2.3211538298959886,0.8137777998432735,0.02488715005292573
22,4,LMM-2,7,7.357142857142857,2.485160036730686,14.714285714285714,4.970320073461372,0.894195296886491,0.046227895200451494
22,5,LMM-1,7,12.685714285714285,1.1605769149479943,25.37142857142857,2.3211538298959886,0.7789905341116773,0.029724040962893192
22,5,LMM-2,7,7.6571428571428575,2.256962018072171,15.314285714285715,4.513924036144342,0.8584026939479734,0.051504818424693
22,6,LMM-1,7,12.047619047619047,1.4049636658982796,24.095238095238095,2.809927331796559,0.7432156468115144,0.038539178760718655
22,6,LMM-2,7,7.547619047619047,1.9328289278668955,15.095238095238093,3.865657855733791,0.8269807610328928,0.05438769219738751
22,7,LMM-1,7,11.73469387755102,1.2580436740753014,23.46938775510204,2.5160873481506028,0.7084659784541841,0.03949504339138203
22,7,LMM-2,7,7.591836734693878,1.7234932514871355,15.183673469387756,3.446986502974271,0.7926174581227666,0.0553255371867749
22,8,LMM-1,7,11.357142857142858,1.5271772680875215,22.714285714285715,3.054354536175043,0.6788352070216401,0.05156539110314684
22,8,LMM-2,7,7.428571428571429,1.6432452957610486,14.857142857142858,3.286490591522097,0.7646637063137037,0.056526306971265705
23,2,LMM-1,7,10.928571428571429,0.9035079029052513,21.857142857142858,1.8070158058105026,0.920450900823553,0.010267062819708454
23,2,LMM-2,7,7.357142857142857,1.355261854357877,14.714285714285714,2.710523708715754,0.9499721781734206,0.01436983952472983
23,3,LMM-1,7,10.428571428571429,0.9035079029052513,20.857142857142858,1.8070158058105026,0.8847393792852054,0.015071999860561687
23,3,LMM-2,7,7.571428571428571,0.9712418121129115,15.142857142857142,1.942483624225823,0.9155273761570751,0.014656639471253716
23,4,LMM-1,7,10.035714285714286,0.9948848769417228,20.071428571428573,1.9897697538834456,0.8492977326790251,0.021505651350612755
23,4,LMM-2,7,7.5,1.008889063701824,15.0,2.017778127403648,0.883610386188259,0.02184570032033092
23,5,LMM-1,7,9.771428571428572,1.076653924652387,19.542857142857144,2.153307849304774,0.8157208472120877,0.0287585867365975
23,5,LMM-2,7,7.542857142857143,0.960442075084092,15.085714285714285,1.920884150168184,0.8508590390276174,0.027369980729299755
23,6,LMM-1,7,9.5,1.0947203745307286,19.0,2.189440749061457,0.7861270313853433,0.03383536176594754
23,6,LMM-2,7,7.404761904761905,0.9874495882537012,14.80952380952381,1.9748991765074024,0.8223898199995908,0.03205191232078923
23,7,LMM-1,7,9.183673469387754,1.1673754813122523,18.36734693877551,2.3347509626245047,0.7593607197586997,0.03793550206985744
23,7,LMM-2,7,7.448979591836735,0.855197013867631,14.89795918367347,1.710394027735262,0.7902092150725465,0.031131559001326106
23,8,LMM-1,7,8.964285714285714,1.1890765581847493,17.928571428571427,2.3781531163694987,0.7306257564855603,0.04543451775537205
23,8,LMM-2,7,7.428571428571429,0.9035079029052513,14.857142857142858,1.8070158058105026,0.7577018876595034,0.03845552146741833
24,2,LMM-1,7,16.142857142857142,1.4568627181693672,32.285714285714285,2.9137254363387344,0.8898011929357056,0.013795067404980285
24,2,LMM-2,7,6.857142857142857,2.0995626366712954,13.714285714285714,4.199125273342591,0.9579703406567007,0.018684084809113613
24,3,LMM-1,7,15.571428571428571,1.5807802545426508,31.142857142857142,3.1615605090853016,0.8360007020691519,0.026355925566887855
24,3,LMM-2,7,7.3809523809523805,1.2270570215928693,14.761904761904761,2.4541140431857387,0.9194509053037105,0.01997630608563364
24,4,LMM-1,7,15.107142857142858,1.741597905748087,30.214285714285715,3.483195811496174,0.7867511559248267,0.038641708814315875
24,4,LMM-2,7,6.571428571428571,1.2079667518062687,13.142857142857142,2.4159335036125373,0.898848656041592,0.03087329055734318
24,5,LMM-1,7,14.685714285714285,1.920884150168184,29.37142857142857,3.841768300336368,0.7426408375805948,0.049905770783185546
24,5,LMM-2,7,6.6571428571428575,0.9663734014450149,13.314285714285715,1.9327468028900299,0.8662413653574379,0.03420313192544745
24,6,LMM-1,7,14.071428571428571,2.132248874022678,28.142857142857142,4.264497748045356,0.6996140958866294,0.05750329774171866
24,6,LMM-2,7,7.071428571428571,1.293626448305345,14.142857142857142,2.58725289661069,0.8197466189586461,0.04326652178524364
24,7,LMM-1,7,13.653061224489795,2.2753042828030585,27.30612244897959,4.550608565606117,0.658354238363093,0.06231667301352026
24,7,LMM-2,7,7.122448979591837,1.0113887096623564,14.244897959183675,2.0227774193247128,0.7841106366208433,0.03982450389251371
24,8,LMM-1,7,13.339285714285714,2.3901904116788755,26.678571428571427,4.780380823357751,0.6239788736140001,0.0644646724012993
24,8,LMM-2,7,7.303571428571429,1.2814910798577968,14.607142857142858,2.5629821597155935,0.7519820075484046,0.04731309851663179
25,2,LMM-1,7,11.357142857142858,1.7670452681218545,22.714285714285715,3.534090536243709,0.9068640320378114,0.02273298381480195
25,2,LMM-2,7,8.928571428571429,1.2079667518062687,17.857142857142858,2.4159335036125373,0.9230453303392826,0.013736749288527831
25,3,LMM-1,7,11.0,1.825741858350554,22.0,3.651483716701108,0.8675519286294564,0.03128487022988468
25,3,LMM-2,7,9.0,1.0837911120705754,18.0,2.167582224141151,0.8839718782143027,0.01916458122327418
25,4,LMM-1,7,10.678571428571429,1.8884720094860408,21.357142857142858,3.7769440189720815,0.8283192297301293,0.0403840634595672
25,4,LMM-2,7,8.214285714285714,0.9202927661946518,16.428571428571427,1.8405855323893037,0.8587808874066111,0.020241045886792115
25,5,LMM-1,7,10.342857142857143,1.8290178026604824,20.685714285714287,3.658035605320965,0.7960266465924845,0.04672392611597099
25,5,LMM-2,7,8.142857142857142,0.8533248298896047,16.285714285714285,1.7066496597792093,0.8256249443600598,0.024037682826970184
25,6,LMM-1,7,10.095238095238097,1.7702505043277246,20.190476190476193,3.540501008655449,0.765603453831389,0.052258810586816924
25,6,LMM-2,7,8.071428571428571,0.8538295750971954,16.142857142857142,1.7076591501943907,0.7944465887265556,0.028772987954108733
25,7,LMM-1,7,9.857142857142858,1.7924363275548152,19.714285714285715,3.5848726551096304,0.7369651066371236,0.05956939163908459
25,7,LMM-2,7,7.938775510204081,0.9222141655261226,15.877551020408163,1.8444283310522451,0.7647385509825827,0.03434954092792418
25,8,LMM-1,7,9.660714285714286,1.7070158350831106,19.321428571428573,3.414031670166221,0.7096284437176273,0.06262601429954419
25,8,LMM-2,7,7.892857142857143,0.8949974347244049,15.785714285714286,1.7899948694488097,0.7354434466102352,0.0371484588223779
26,2,LMM-1,7,17.5,2.449489742783178,35.0,4.898979485566356,0.8417095723707825,0.024697261506304077
26,2,LMM-2,7,13.785714285714286,1.749635530559413,27.571428571428573,3.499271061118826,0.8676484467525004,0.01922824465949922
26,3,LMM-1,7,17.333333333333332,2.4494897427831774,34.666666666666664,4.898979485566355,0.7742532544357731,0.03447174659468091
26,3,LMM-2,7,13.61904761904762,1.749635530559413,27.23809523809524,3.499271061118826,0.8102078510446756,0.02712897363464904
26,4,LMM-1,7,17.0,2.449489742783178,34.0,4.898979485566356,0.7136214544967191,0.0429086914504892
26,4,LMM-2,7,13.285714285714286,1.749635530559413,26.571428571428573,3.499271061118826,0.7580048411042318,0.034147239111495045
26,5,LMM-1,7,16.771428571428572,2.0295772154489193,33.542857142857144,4.059154430897839,0.6553258714355887,0.04025568196011928
26,5,LMM-2,7,13.0,1.4696938456699067,26.0,2.9393876913398134,0.7077630070495468,0.03278029058961204
26,6,LMM-1,7,16.452380952380953,1.7496355305594136,32.904761904761905,3.499271061118827,0.6000089687879072,0.039808938115340996
26,6,LMM-2,7,12.642857142857142,1.2830660557435694,25.285714285714285,2.5661321114871387,0.6588606609540744,0.033671906226332246
26,7,LMM-1,7,16.244897959183675,1.4996875976223543,32.48979591836735,2.9993751952447085,0.5518240488199334,0.037216933247448514
26,7,LMM-2,7,12.408163265306124,1.09977090492306,24.816326530612248,2.19954180984612,0.6161183132489819,0.03214541853385751
26,8,LMM-1,7,16.089285714285715,1.3122266479195597,32.17857142857143,2.6244532958391193,0.5084469872056291,0.03373405349171573
26,8,LMM-2,7,12.232142857142858,0.9622995418076771,24.464285714285715,1.9245990836153541,0.577231021280533,0.029500120391681595
27,2,LMM-1,7,11.642857142857142,0.3499271061118826,23.285714285714285,0.6998542122237652,0.9103611942539439,0.008312185524850302
27,2,LMM-2,7,9.357142857142858,1.3014905113063284,18.714285714285715,2.602981022612657,0.9229991067187617,0.019227250107543187
27,3,LMM-1,7,11.19047619047619,0.46656947481584327,22.38095238095238,0.9331389496316865,0.8710620083629614,0.012411454053016071
27,3,LMM-2,7,9.047619047619047,1.0900498230723425,18.095238095238095,2.180099646144685,0.8868834593149079,0.022563981638755608
27,4,LMM-1,7,10.857142857142858,0.679510628230016,21.714285714285715,1.359021256460032,0.8303151064862943,0.01856889538932008
27,4,LMM-2,7,8.821428571428571,1.7408653724219916,17.642857142857142,3.481730744843983,0.8512806087778799,0.04439179736724103
27,5,LMM-1,7,10.857142857142858,0.4865538961693261,21.714285714285715,0.9731077923386522,0.7882613844661712,0.022962418139940686
27,5,LMM-2,7,8.542857142857143,1.6517152494622436,17.085714285714285,3.303430498924487,0.8201883882592701,0.05519694915384946
27,6,LMM-1,7,10.595238095238097,0.5966649564829368,21.190476190476193,1.1933299129658737,0.7518846623226858,0.02653794451924642
27,6,LMM-2,7,8.428571428571429,1.314923930617531,16.857142857142858,2.629847861235062,0.7847630304244626,0.05420841068180141
27,7,LMM-1,7,10.26530612244898,0.6081495683980139,20.53061224489796,1.2162991367960279,0.7222448108590266,0.02854652969266616
27,7,LMM-2,7,8.204081632653061,1.2659642791241488,16.408163265306122,2.5319285582482975,0.7563893419826523,0.056380818415894665
27,8,LMM-1,7,9.946428571428571,0.6045111028503842,19.892857142857142,1.2090222057007685,0.6948575646609687,0.03328247144594277
27,8,LMM-2,7,8.25,1.2392393980641052,16.5,2.4784787961282104,0.7207690037258919,0.061443351577472306
28,2,LMM-1,7,9.142857142857142,1.2163847404233143,18.285714285714285,2.4327694808466287,0.9303922408658527,0.012673632380756139
28,2,LMM-2,7,8.214285714285714,0.8806305718527109,16.428571428571427,1.7612611437054218,0.9329302482077463,0.008938485128152169
28,3,LMM-1,7,8.952380952380953,1.0301575072754254,17.904761904761905,2.060315014550851,0.8954627272868639,0.019889943779916763
28,3,LMM-2,7,7.714285714285714,0.8247860988423227,15.428571428571429,1.6495721976846454,0.9030450505430344,0.014873245894970985
28,4,LMM-1,7,8.714285714285714,1.0387885408749276,17.428571428571427,2.077577081749855,0.8636582492743964,0.026625827274243157
28,4,LMM-2,7,7.428571428571429,0.8733585186169631,14.857142857142858,1.7467170372339262,0.8743269449351457,0.02205358248662771
28,5,LMM-1,7,8.914285714285715,0.8131571126147259,17.82857142857143,1.6263142252294518,0.8279967490237933,0.027005088375314075
28,5,LMM-2,7,7.6571428571428575,0.5314592925068077,15.314285714285715,1.0629185850136154,0.8372742162432252,0.018064494665108184
28,6,LMM-1,7,8.785714285714286,0.8438116736509216,17.571428571428573,1.6876233473018432,0.7963792678225606,0.031205060523089193
28,6,LMM-2,7,7.666666666666666,0.5117663157191591,15.333333333333332,1.0235326314383182,0.8045889074780038,0.018759444075044106
28,7,LMM-1,7,8.653061224489795,0.818364802276058,17.30612244897959,1.636729604552116,0.7655621961465154,0.03481057412976206
28,7,LMM-2,7,7.7346938775510194,0.47336381652013065,15.469387755102039,0.9467276330402613,0.7718663071863651,0.022034263488677406
28,8,LMM-1,7,8.607142857142858,0.8249149616036497,17.214285714285715,1.6498299232072995,0.7370417457058396,0.03805151379491875
28,8,LMM-2,7,7.696428571428571,0.4764880022902262,15.392857142857142,0.9529760045804524,0.7432496924341666,0.025404750978257402
29,2,LMM-1,7,10.142857142857142,1.4568627181693672,20.285714285714285,2.9137254363387344,0.9153820794650592,0.02243623382304333
29,2,LMM-2,7,7.285714285714286,2.3733211036908783,14.571428571428571,4.746642207381757,0.9380497426642472,0.0340176157454252
29,3,LMM-1,7,9.904761904761903,1.466171839841967,19.809523809523807,2.932343679683934,0.8760217689664794,0.033845931932095966
29,3,LMM-2,7,7.3809523809523805,2.1780184049579567,14.761904761904761,4.3560368099159135,0.9026178346276473,0.04716580120561379
29,4,LMM-1,7,9.821428571428571,1.5851672157980106,19.642857142857142,3.170334431596021,0.8377634023435018,0.043075698646627344
29,4,LMM-2,7,7.5,1.8612591743993405,15.0,3.722518348798681,0.8688362947290992,0.05276759864547113
29,5,LMM-1,7,9.885714285714286,1.5150941238357545,19.771428571428572,3.030188247671509,0.7948598407313305,0.04918891033096142
29,5,LMM-2,7,7.6000000000000005,1.8454577442234452,15.200000000000001,3.6909154884468904,0.8323463846912527,0.06069473451596616
29,6,LMM-1,7,9.738095238095239,1.5271540676975788,19.476190476190478,3.0543081353951576,0.7627064139117551,0.05312757029070583
29,6,LMM-2,7,7.809523809523809,1.9074385954637838,15.619047619047619,3.8148771909275676,0.7977552208687071,0.06687053060917943
29,7,LMM-1,7,9.510204081632653,1.5534352844069441,19.020408163265305,3.1068705688138882,0.7347062326574273,0.05751965954265347
29,7,LMM-2,7,7.734693877551021,1.9564181161154066,15.469387755102042,3.9128362322308132,0.7711738417908501,0.07371434161729105
29,8,LMM-1,7,9.375,1.6311696066670338,18.75,3.2623392133340676,0.7039602688898707,0.06565430239077001
29,8,LMM-2,7,7.678571428571429,1.833294681101514,15.357142857142858,3.666589362203028,0.7414872475426005,0.0773643966278807
30,2,LMM-1,7,9.928571428571429,0.4948716593053935,19.857142857142858,0.989743318610787,0.9163760763208345,0.006375304392444581
30,2,LMM-2,7,7.0,0.6546536707079772,14.0,1.3093073414159544,0.9416277155374617,0.0075719692043919925
30,3,LMM-1,7,9.666666666666668,0.5039526306789697,19.333333333333336,1.0079052613579393,0.8789477426476953,0.009413330456481598
30,3,LMM-2,7,7.0,0.8357108940373447,14.0,1.6714217880746893,0.9157024507743445,0.014255471135041263
30,4,LMM-1,7,9.392857142857142,0.4601463830973259,18.785714285714285,0.9202927661946518,0.844479423895671,0.012478465187484553
30,4,LMM-2,7,6.857142857142857,0.8748177652797064,13.714285714285714,1.749635530559413,0.8912096895174485,0.02042793804088004
30,5,LMM-1,7,9.171428571428573,0.49487165930539356,18.342857142857145,0.9897433186107871,0.8121412356098583,0.015546965982472353
30,5,LMM-2,7,6.6000000000000005,0.4659858980085738,13.200000000000001,0.9319717960171476,0.8665450801633897,0.01729084666258731
30,6,LMM-1,7,9.023809523809524,0.4749985081728572,18.047619047619047,0.9499970163457144,0.7806342375497511,0.01858181674306493
30,6,LMM-2,7,6.714285714285714,0.46045427632889807,13.428571428571429,0.9209085526577961,0.8382826254616397,0.019492961420578134
30,7,LMM-1,7,8.83673469387755,0.5313965945425114,17.6734693877551,1.0627931890850228,0.7525872743833367,0.021707575921134842
30,7,LMM-2,7,6.836734693877551,0.44805098775714597,13.673469387755102,0.8961019755142919,0.8084848541323647,0.01971159684200901
30,8,LMM-1,7,8.642857142857142,0.5607256595752708,17.285714285714285,1.1214513191505415,0.7244781633308959,0.02732374586320291
30,8,LMM-2,7,6.732142857142857,0.3976974544878587,13.464285714285714,0.7953949089757174,0.7830829527754158,0.025062755557902
31,2,LMM-1,7,11.428571428571429,0.9793792286287206,22.857142857142858,1.9587584572574412,0.9071278569576499,0.010730552637139637
31,2,LMM-2,7,8.357142857142858,0.6925256939166184,16.714285714285715,1.385051387833237,0.9319943144170294,0.010816656153646121
31,3,LMM-1,7,10.904761904761907,0.8491692619108099,21.809523809523814,1.6983385238216198,0.8665273099431918,0.015392371418598108
31,3,LMM-2,7,7.904761904761905,0.5553287518900284,15.80952380952381,1.1106575037800568,0.9077030236024397,0.011476190346933951
31,4,LMM-1,7,10.821428571428571,0.5624291338579865,21.642857142857142,1.124858267715973,0.8243955254094658,0.01360997542279609
31,4,LMM-2,7,8.035714285714286,0.6604729288895332,16.071428571428573,1.3209458577790665,0.869326504679344,0.018743947170711244
31,5,LMM-1,7,11.0,0.7708992893275451,22.0,1.5417985786550903,0.7825851279376222,0.018472340969096307
31,5,LMM-2,7,7.828571428571428,0.662709343128183,15.657142857142857,1.325418686256366,0.8447579267352452,0.023270021020113347
31,6,LMM-1,7,11.357142857142858,0.7939681905015746,22.714285714285715,1.5879363810031493,0.7385622860316262,0.022828678898790894
31,6,LMM-2,7,7.571428571428571,0.4530070854866773,15.142857142857142,0.9060141709733546,0.8251549520710784,0.01722766860275204
31,7,LMM-1,7,11.428571428571429,0.43865684204499333,22.857142857142858,0.8773136840899867,0.6970194956132423,0.015555566303070208
31,7,LMM-2,7,7.775510204081633,0.14996875976223542,15.551020408163266,0.29993751952447084,0.7911360460063305,0.004580179989162611
31,8,LMM-1,7,11.339285714285714,0.6433529833804222,22.678571428571427,1.2867059667608445,0.659170164362237,0.023712814600597015
31,8,LMM-2,7,8.267857142857142,0.2355518921120164,16.535714285714285,0.4711037842240328,0.7428592941103066,0.011110654217022842
32,2,LMM-1,7,9.857142857142858,0.6925256939166184,19.714285714285715,1.385051387833237,0.9141401447800057,0.009629785684518192
32,2,LMM-2,7,7.0,1.6690459207925603,14.0,3.3380918415851206,0.9363241401826651,0.020738459670955053
32,3,LMM-1,7,9.666666666666668,0.7346308866924528,19.333333333333336,1.4692617733849056,0.872714828039763,0.011612414029341987
32,3,LMM-2,7,7.571428571428571,1.353587657481133,15.142857142857142,2.707175314962266,0.9002086367467815,0.026923665213586353
32,4,LMM-1,7,9.464285714285714,0.749149177264394,18.928571428571427,1.498298354528788,0.8358772499840678,0.015727092320350005
32,4,LMM-2,7,7.535714285714286,1.2707462053326568,15.071428571428571,2.5414924106653136,0.8698052248401362,0.035479432198622984
32,5,LMM-1,7,9.457142857142857,0.7148569144683887,18.914285714285715,1.4297138289367775,0.7982109478594144,0.01804824870500153
32,5,LMM-2,7,7.6571428571428575,1.2128563015309213,15.314285714285715,2.4257126030618426,0.8338775013776368,0.03867222025252457
32,6,LMM-1,7,9.476190476190476,0.7581753965757457,18.952380952380953,1.5163507931514915,0.7619470064787925,0.02338561348335076
32,6,LMM-2,7,7.523809523809525,1.1765856286291272,15.04761904761905,2.3531712572582544,0.8062972865849323,0.04260114063986187
32,7,LMM-1,7,9.326530612244898,0.6902667153178681,18.653061224489797,1.3805334306357362,0.731142628724256,0.02528042309585622
32,7,LMM-2,7,7.612244897959184,1.2042545707699532,15.224489795918368,2.4085091415399065,0.7729492381891737,0.04737675539548165
32,8,LMM-1,7,9.303571428571429,0.4993618376467701,18.607142857142858,0.9987236752935402,0.6981108965355559,0.02110764400320769
32,8,LMM-2,7,7.767857142857143,1.067851170551861,15.535714285714286,2.135702341103722,0.7370762006819095,0.046455753049268626
33,2,LMM-1,7,14.0,3.585685828003181,28.0,7.171371656006362,0.8706793040774932,0.043103313947587804
33,2,LMM-2,7,10.642857142857142,3.3243075080628848,21.285714285714285,6.6486150161257696,0.8998543816653566,0.04357488055162713
33,3,LMM-1,7,14.238095238095239,4.018663940160408,28.476190476190478,8.037327880320817,0.8083963515168174,0.0658056119505728
33,3,LMM-2,7,11.333333333333332,3.7289089429432174,22.666666666666664,7.457817885886435,0.8426893385238216,0.0684111622527954
33,4,LMM-1,7,13.392857142857142,3.4091713039376352,26.785714285714285,6.8183426078752705,0.7671561594705639,0.0723773820365638
33,4,LMM-2,7,10.642857142857142,3.4456420271978105,21.285714285714285,6.891284054395621,0.8079345142042343,0.07930437636678787
33,5,LMM-1,7,12.971428571428572,3.2888184094918103,25.942857142857143,6.5776368189836205,0.7271718597864437,0.08038511792426858
33,5,LMM-2,7,10.028571428571428,2.671390374058469,20.057142857142857,5.342780748116938,0.7803468294997803,0.07518852031146801
33,6,LMM-1,7,12.571428571428571,3.144480100436448,25.142857142857142,6.288960200872896,0.6921962888214167,0.08555952177374057
33,6,LMM-2,7,9.452380952380953,2.6272598522159467,18.904761904761905,5.254519704431893,0.7566002323767035,0.08182378151696634
33,7,LMM-1,7,12.571428571428571,3.2710408824731148,25.142857142857142,6.5420817649462295,0.6498009892732519,0.09785174762915885
33,7,LMM-2,7,9.448979591836734,2.4499997875034967,18.897959183673468,4.899999575006993,0.720815756750161,0.08597423974823759
33,8,LMM-1,7,12.339285714285714,3.221519637610518,24.678571428571427,6.443039275221036,0.617623408577625,0.10317392699057051
33,8,LMM-2,7,9.446428571428571,2.6337923693598095,18.892857142857142,5.267584738719619,0.6888473915538712,0.09710509490690565
34,2,LMM-1,7,11.857142857142858,1.0251928638862373,23.714285714285715,2.0503857277724746,0.9019888576360822,0.014642078017738928
34,2,LMM-2,7,8.714285714285714,1.8098370656171325,17.428571428571427,3.619674131234265,0.9273741815825831,0.02017335295433726
34,3,LMM-1,7,11.714285714285714,1.0301575072754254,23.428571428571427,2.060315014550851,0.8545614780749747,0.020462246288303145
34,3,LMM-2,7,8.857142857142858,1.489190073439228,17.714285714285715,2.978380146878456,0.8867561659100582,0.0254411434158237
34,4,LMM-1,7,11.678571428571429,0.8835226340609272,23.357142857142858,1.7670452681218545,0.8073566898516937,0.02316808928782935
34,4,LMM-2,7,8.964285714285714,1.2351154618421845,17.928571428571427,2.470230923684369,0.8452565235267713,0.028956260619912466
34,5,LMM-1,7,11.542857142857143,0.8533248298896042,23.085714285714285,1.7066496597792085,0.7641969839022437,0.026443583583496296
34,5,LMM-2,7,8.8,1.0583005244258363,17.6,2.1166010488516727,0.810599797460255,0.02999831606517798
34,6,LMM-1,7,11.30952380952381,0.837743432655199,22.61904761904762,1.675486865310398,0.7264999578303633,0.030010549388473768
34,6,LMM-2,7,8.642857142857142,1.1630166420780776,17.285714285714285,2.3260332841561553,0.7771660217580393,0.037687667784326626
34,7,LMM-1,7,11.122448979591837,0.9365546045374504,22.244897959183675,1.8731092090749009,0.6910711801208783,0.034940755142276195
34,7,LMM-2,7,8.571428571428571,1.0386131142856712,17.142857142857142,2.0772262285713423,0.7448541465634088,0.03806412763506525
34,8,LMM-1,7,11.071428571428571,0.7345344214715405,22.142857142857142,1.469068842943081,0.6547420030738805,0.03162852970498507
34,8,LMM-2,7,8.464285714285714,0.847038658973673,16.928571428571427,1.694077317947346,0.7158495230732893,0.03620018848530862
35,2,LMM-1,7,12.714285714285714,1.4846149779161806,25.428571428571427,2.969229955832361,0.9066147288498387,0.016828225654454194
35,2,LMM-2,7,9.857142857142858,3.6421567954234177,19.714285714285715,7.2843135908468355,0.923945852962996,0.03684657781489341
35,3,LMM-1,7,12.04761904761905,1.4846149779161806,24.0952380952381,2.969229955832361,0.8661905027229995,0.024146603378596716
35,3,LMM-2,7,9.333333333333332,3.464101615137755,18.666666666666664,6.92820323027551,0.8899874450761036,0.05160508359739961
35,4,LMM-1,7,11.714285714285714,1.4846149779161806,23.428571428571427,2.969229955832361,0.8276401565437322,0.030798827340708237
35,4,LMM-2,7,9.071428571428571,3.385141603163653,18.142857142857142,6.770283206327306,0.8575632005764385,0.06541750377835398
35,5,LMM-1,7,11.571428571428571,1.4359807855004647,23.142857142857142,2.8719615710009294,0.7885860272414812,0.034667484456690954
35,5,LMM-2,7,9.171428571428573,3.0471130532331214,18.342857142857145,6.094226106466243,0.8194159429356381,0.07001436635337607
35,6,LMM-1,7,11.45238095238095,1.4603605928757766,22.9047619047619,2.920721185751553,0.7514632817777773,0.03921373009072193
35,6,LMM-2,7,9.214285714285714,2.8767186522288952,18.428571428571427,5.7534373044577904,0.7831557091063459,0.07555222144462138
35,7,LMM-1,7,11.224489795918368,1.6516749036978207,22.448979591836736,3.3033498073956413,0.7169109792406664,0.0513451072770562
35,7,LMM-2,7,9.122448979591836,2.701288507391722,18.24489795918367,5.402577014783444,0.7480522233293991,0.08160511003062929
35,8,LMM-1,7,10.928571428571429,1.8586875444127509,21.857142857142858,3.7173750888255017,0.6877963973305457,0.06207647192665429
35,8,LMM-2,7,9.017857142857142,2.7234338318994817,18.035714285714285,5.4468676637989635,0.7159680384097714,0.08960942238113248
36,2,LMM-1,7,11.428571428571429,1.5681784571500106,22.857142857142858,3.136356914300021,0.9025571570444983,0.02296239611312185
36,2,LMM-2,7,9.928571428571429,0.9422075684480656,19.857142857142858,1.8844151368961313,0.9095681960528786,0.016288683696960016
36,3,LMM-1,7,11.095238095238097,1.4553054085653454,22.190476190476193,2.910610817130691,0.8609955722916427,0.030647872284374
36,3,LMM-2,7,9.666666666666668,1.0235326314383177,19.333333333333336,2.0470652628766355,0.8690180029772128,0.023469075544455896
36,4,LMM-1,7,10.785714285714286,1.359021256460032,21.571428571428573,2.718042512920064,0.8254889905550554,0.03608141266862415
36,4,LMM-2,7,9.392857142857142,1.2309777099724346,18.785714285714285,2.461955419944869,0.8351845948611311,0.03289233202951519
36,5,LMM-1,7,10.6,1.4182484166846694,21.2,2.8364968333693388,0.7897075044449479,0.04274901956576184
36,5,LMM-2,7,9.0,1.3480144128097653,18.0,2.6960288256195306,0.8044980485371768,0.03877621001594691
36,6,LMM-1,7,10.404761904761903,1.43609131904764,20.809523809523807,2.87218263809528,0.7561022870676111,0.0489225087337564
36,6,LMM-2,7,8.952380952380953,1.4846149779161806,17.904761904761905,2.969229955832361,0.768554764004738,0.04611549422926023
36,7,LMM-1,7,10.387755102040815,1.2771010487479197,20.77551020408163,2.5542020974958395,0.7175278142074836,0.049077891607687635
36,7,LMM-2,7,8.877551020408164,1.3943421104113247,17.75510204081633,2.7886842208226494,0.7336857910263686,0.0483859500600735
36,8,LMM-1,7,10.339285714285714,1.1013674246506624,20.678571428571427,2.202734849301325,0.6819008298835333,0.04794342460372781
36,8,LMM-2,7,8.785714285714286,1.2223993635803452,17.571428571428573,2.4447987271606904,0.7024260660423879,0.047095394712740754
37,2,LMM-1,7,9.714285714285714,2.312344865176949,19.428571428571427,4.624689730353898,0.9138411684254562,0.030577931083692847
37,2,LMM-2,7,7.714285714285714,2.4907993963089563,15.428571428571429,4.981598792617913,0.9287826929220193,0.03160591723665605
37,3,LMM-1,7,9.619047619047619,2.2567610687757687,19.238095238095237,4.513522137551537,0.8744367016594705,0.04240085393322029
37,3,LMM-2,7,8.0,2.0158105227158787,16.0,4.031621045431757,0.8889598017661894,0.03841500553098616
37,4,LMM-1,7,9.5,2.326094212561969,19.0,4.652188425123938,0.8374048778206381,0.05378541419220086
37,4,LMM-2,7,8.142857142857142,1.8557687223952257,16.285714285714285,3.7115374447904514,0.8519297906928706,0.04374457426921881
37,5,LMM-1,7,9.114285714285714,2.061503315148279,18.228571428571428,4.123006630296558,0.8088935668289177,0.05680372445694735
37,5,LMM-2,7,7.971428571428571,1.9314792892749222,15.942857142857141,3.8629585785498444,0.822861630059799,0.05102636601858155
37,6,LMM-1,7,8.857142857142858,1.9383935654331066,17.714285714285715,3.876787130866213,0.7810338759827159,0.06041062629762604
37,6,LMM-2,7,7.785714285714286,1.967421739058438,15.571428571428571,3.934843478116876,0.7953974954313466,0.058394123701178455
37,7,LMM-1,7,8.673469387755102,1.832193933670485,17.346938775510203,3.66438786734097,0.7540426419371381,0.06313877565017152
37,7,LMM-2,7,7.653061224489796,1.7626794189134025,15.306122448979592,3.525358837826805,0.767739212164711,0.06073133507089036
37,8,LMM-1,7,8.553571428571429,1.9096291978992643,17.107142857142858,3.8192583957985287,0.726290869907114,0.07160026641829705
37,8,LMM-2,7,7.642857142857143,1.660234185595637,15.285714285714286,3.320468371191274,0.7377892333753694,0.06369335630391111
38,2,LMM-1,7,14.428571428571429,0.4948716593053935,28.857142857142858,0.989743318610787,0.8890251962217735,0.008898323716022975
38,2,LMM-2,7,11.0,1.3093073414159544,22.0,2.618614682831909,0.9102289681927143,0.01183734086585802
38,3,LMM-1,7,14.095238095238093,0.4948716593053935,28.190476190476186,0.989743318610787,0.8388900571510093,0.011594762793630663
38,3,LMM-2,7,10.761904761904761,1.1644780248226172,21.523809523809522,2.3289560496452344,0.8678036028241299,0.016130146382905042
38,4,LMM-1,7,13.75,0.44320263021395917,27.5,0.8864052604279183,0.794482788635161,0.014543795696284232
38,4,LMM-2,7,10.857142857142858,0.7178482586514922,21.714285714285715,1.4356965173029843,0.8233127382722086,0.013105783591703972
38,5,LMM-1,7,13.628571428571428,0.4948716593053935,27.257142857142856,0.989743318610787,0.7483502366724474,0.01860860909456006
38,5,LMM-2,7,10.742857142857142,0.7228063223242008,21.485714285714284,1.4456126446484017,0.7820095700487161,0.015932897485186153
38,6,LMM-1,7,13.428571428571429,0.4948716593053935,26.857142857142858,0.989743318610787,0.7085590308560842,0.021098543056638906
38,6,LMM-2,7,10.547619047619047,0.7700457918474392,21.095238095238095,1.5400915836948783,0.7466917752345241,0.019866878166799128
38,7,LMM-1,7,13.285714285714286,0.4948716593053935,26.571428571428573,0.989743318610787,0.6689335602889886,0.023189409752179087
38,7,LMM-2,7,10.571428571428571,0.5506423495196756,21.142857142857142,1.1012846990393512,0.7067469424443108,0.017636245287735056
38,8,LMM-1,7,13.178571428571429,0.4948716593053935,26.357142857142858,0.989743318610787,0.6315395856239687,0.02496778839443336
38,8,LMM-2,7,10.589285714285714,0.3936679943758679,21.178571428571427,0.7873359887517358,0.6689569529071022,0.01626662279634716
39,2,LMM-1,7,10.785714285714286,1.4603605928757766,21.571428571428573,2.920721185751553,0.9134205972516717,0.018255810842738664
39,2,LMM-2,7,7.071428571428571,1.6993396076243312,14.142857142857142,3.3986792152486625,0.9460276196859533,0.017081490633612407
39,3,LMM-1,7,10.714285714285714,1.430157849302972,21.428571428571427,2.860315698605944,0.8698906292670712,0.02935448029891461
39,3,LMM-2,7,7.380952380952381,1.5879363810031493,14.761904761904763,3.1758727620062985,0.9085293094470527,0.028166809271696746
39,4,LMM-1,7,10.964285714285714,1.1605769149479943,21.928571428571427,2.3211538298959886,0.8194090335943732,0.029590686147823692
39,4,LMM-2,7,8.0,1.1801936887041646,16.0,2.3603873774083293,0.8613545975693102,0.026522565911373842
39,5,LMM-1,7,10.971428571428572,1.3666583706401598,21.942857142857143,2.7333167412803197,0.7739973509993197,0.041197005279678574
39,5,LMM-2,7,8.142857142857142,1.2726318543611481,16.285714285714285,2.5452637087222962,0.8214624113129189,0.03400513337324349
39,6,LMM-1,7,10.976190476190476,1.183311775218017,21.952380952380953,2.366623550436034,0.732219032959292,0.0406245313785542
39,6,LMM-2,7,8.190476190476192,1.001699236569649,16.380952380952383,2.003398473139298,0.7842003169665404,0.03131517194695656
39,7,LMM-1,7,10.775510204081632,1.1801495750857929,21.551020408163264,2.3602991501715858,0.6989970844320536,0.04377788796649068
39,7,LMM-2,7,8.244897959183673,0.9249199341734415,16.489795918367346,1.849839868346883,0.7502485664346009,0.03283493839330053
39,8,LMM-1,7,10.839285714285714,1.170153923243277,21.678571428571427,2.340307846486554,0.6595149962533001,0.04663975455970382
39,8,LMM-2,7,8.285714285714286,0.9606412611651975,16.571428571428573,1.921282522330395,0.7158034116237852,0.037527024492821255
40,2,LMM-1,7,12.5,1.439245834257849,25.0,2.878491668515698,0.8976554597663405,0.0217726359827203
40,2,LMM-2,7,10.928571428571429,1.7612611437054218,21.857142857142858,3.5225222874108435,0.9034702559378044,0.025252139113642175
40,3,LMM-1,7,12.095238095238097,1.7431433540688692,24.190476190476193,3.4862867081377384,0.851352473211458,0.03473135279767448
40,3,LMM-2,7,10.285714285714286,2.027028252742168,20.571428571428573,4.054056505484336,0.8643637819895229,0.03925720089502383
40,4,LMM-1,7,11.928571428571429,1.9626616662905838,23.857142857142858,3.9253233325811676,0.8053224502368891,0.047095651470350997
40,4,LMM-2,7,10.0,2.1505813167606567,20.0,4.301162633521313,0.8242462211221889,0.0515062229472484
40,5,LMM-1,7,11.485714285714286,2.0559520362864023,22.97142857142857,4.111904072572805,0.768432479213948,0.05638440567555981
40,5,LMM-2,7,9.771428571428572,2.0267597543963656,19.542857142857144,4.053519508792731,0.7867449061711181,0.05718758732984299
40,6,LMM-1,7,11.214285714285714,2.117040247711611,22.428571428571427,4.234080495423222,0.733088472788887,0.06602766153473844
40,6,LMM-2,7,9.69047619047619,1.9628060805261853,19.38095238095238,3.9256121610523707,0.7489135971672852,0.06242790420003969
40,7,LMM-1,7,10.938775510204081,2.0643540598207,21.877551020408163,4.1287081196414,0.7001028319732112,0.06915864170592202
40,7,LMM-2,7,9.551020408163266,1.9157602779920546,19.102040816326532,3.8315205559841092,0.7170190814261754,0.06961540890804548
40,8,LMM-1,7,10.660714285714286,2.070966697275572,21.321428571428573,4.141933394551144,0.6698285766744061,0.07380582815996782
40,8,LMM-2,7,9.446428571428571,1.8478476171823612,18.892857142857142,3.6956952343647225,0.6859895700925855,0.07290882361289802
41,2,LMM-1,7,15.357142857142858,0.989743318610787,30.714285714285715,1.979486637221574,0.8861289270529039,0.010422142932716694
41,2,LMM-2,7,9.142857142857142,2.4743582965269675,18.285714285714285,4.948716593053935,0.9319238783215917,0.022935174834749137
41,3,LMM-1,7,15.19047619047619,0.9897433186107861,30.38095238095238,1.9794866372215723,0.8336966901943332,0.014694858083968363
41,3,LMM-2,7,7.761904761904761,1.649572197684645,15.523809523809522,3.29914439536929,0.915333332226246,0.02252687209226978
41,4,LMM-1,7,15.107142857142858,0.989743318610787,30.214285714285715,1.979486637221574,0.7855387900434972,0.018444198089083444
41,4,LMM-2,7,7.821428571428571,1.2371791482634837,15.642857142857142,2.4743582965269675,0.8872247209938722,0.021835103238640324
41,5,LMM-1,7,14.857142857142858,0.989743318610787,29.714285714285715,1.979486637221574,0.7420090325967973,0.021756929337745024
41,5,LMM-2,7,8.257142857142858,0.989743318610787,16.514285714285716,1.979486637221574,0.8501846155948165,0.020923525251439416
41,6,LMM-1,7,14.690476190476192,0.989743318610787,29.380952380952383,1.979486637221574,0.7009155252770066,0.024638359360787992
41,6,LMM-2,7,8.547619047619047,0.8247860988423227,17.095238095238095,1.6495721976846454,0.8146908708589718,0.020050004076595504
41,7,LMM-1,7,14.428571428571429,0.989743318610787,28.857142857142858,1.979486637221574,0.6638985815211377,0.027199524607812255
41,7,LMM-2,7,8.612244897959183,0.7069595132934194,17.224489795918366,1.4139190265868389,0.782775331761766,0.019264544570548676
41,8,LMM-1,7,14.232142857142858,0.989743318610787,28.464285714285715,1.979486637221574,0.6229071615342014,0.029136124218021916
41,8,LMM-2,7,8.660714285714286,0.6185895741317419,17.321428571428573,1.2371791482634837,0.7449927840507204,0.018334694657253472
42,2,LMM-1,7,11.571428571428571,0.4948716593053935,23.142857142857142,0.989743318610787,0.9039299212401082,0.006426128753448255
42,2,LMM-2,7,9.0,1.6035674514745464,18.0,3.2071349029490928,0.9221537837835062,0.019083956195443477
42,3,LMM-1,7,11.571428571428571,0.4948716593053935,23.142857142857142,0.989743318610787,0.8590509279149042,0.009158715897635195
42,3,LMM-2,7,9.0,1.6035674514745464,18.0,3.2071349029490928,0.8852852495379417,0.027526848226962334
42,4,LMM-1,7,11.321428571428571,0.4948716593053935,22.642857142857142,0.989743318610787,0.8184266693680404,0.011631651711748228
42,4,LMM-2,7,8.892857142857142,1.355261854357877,17.785714285714285,2.710523708715754,0.848840919106525,0.03000752478797886
42,5,LMM-1,7,11.028571428571428,0.44629998148038025,22.057142857142857,0.8925999629607605,0.7809746973729571,0.01296533875568629
42,5,LMM-2,7,8.62857142857143,1.230231436663485,17.25714285714286,2.46046287332697,0.8167539363185405,0.03307000933126939
42,6,LMM-1,7,11.166666666666668,0.6299407883487121,22.333333333333336,1.2598815766974243,0.7367152051514859,0.02014983639878421
42,6,LMM-2,7,8.5,0.8864052604279188,17.0,1.7728105208558376,0.7847465932574418,0.025872468755323296
42,7,LMM-1,7,10.938775510204081,0.8003539408623503,21.877551020408163,1.6007078817247007,0.7022042495412709,0.027218347292607425
42,7,LMM-2,7,8.306122448979592,0.5786713011737886,16.612244897959183,1.1573426023475772,0.7562988769695379,0.02059164985034581
42,8,LMM-1,7,10.964285714285714,0.8009879104287787,21.928571428571427,1.6019758208575574,0.6642382023404432,0.028930248085580788
42,8,LMM-2,7,8.392857142857142,0.3499271061118826,16.785714285714285,0.6998542122237652,0.720056225745376,0.016335855050829344
43,2,LMM-1,7,14.928571428571429,2.0076384746507423,29.857142857142858,4.015276949301485,0.86530868512707,0.022432224124618736
43,2,LMM-2,7,10.285714285714286,0.5248906591678238,20.571428571428573,1.0497813183356477,0.9066767520734198,0.006197110677107014
43,3,LMM-1,7,14.285714285714286,1.897605604302026,28.571428571428573,3.795211208604052,0.8100287841720206,0.03278333045877317
43,3,LMM-2,7,10.761904761904763,0.5832118435198045,21.523809523809526,1.166423687039609,0.8534064840318233,0.015508763657629307
43,4,LMM-1,7,13.964285714285714,1.8537056103372829,27.928571428571427,3.7074112206745657,0.7594712088822648,0.041477213034631234
43,4,LMM-2,7,10.857142857142858,1.0164463907684076,21.714285714285715,2.032892781536815,0.803580273524349,0.029933514283475196
43,5,LMM-1,7,13.799999999999999,1.953750971117572,27.599999999999998,3.907501942235144,0.7101612621310396,0.04965407583445097
43,5,LMM-2,7,10.257142857142856,0.8261047025600544,20.514285714285712,1.6522094051201088,0.771521017448008,0.029115334705695488
43,6,LMM-1,7,13.666666666666668,1.9920476822239896,27.333333333333336,3.9840953644479793,0.6642572916091629,0.05639192910562599
43,6,LMM-2,7,9.785714285714286,0.6529194857524804,19.571428571428573,1.3058389715049608,0.7420307862546621,0.027050628790537032
43,7,LMM-1,7,13.489795918367347,2.0868282499859943,26.979591836734695,4.1736564999719885,0.6230596032326484,0.06331890978942867
43,7,LMM-2,7,9.408163265306124,0.5476084842856631,18.816326530612248,1.0952169685713262,0.7142917010891333,0.02582031937424947
43,8,LMM-1,7,13.321428571428571,2.093631012458148,26.642857142857142,4.187262024916296,0.5850643734090163,0.0681565545225364
43,8,LMM-2,7,9.053571428571429,0.4948716593053935,18.107142857142858,0.989743318610787,0.6893697222300449,0.024118038624597254
44,2,LMM-1,7,18.642857142857142,0.989743318610787,37.285714285714285,1.979486637221574,0.8406084736959957,0.011514221748146323
44,2,LMM-2,7,12.5,0.0,25.0,0.0,0.8890360085004793,0.0
44,3,LMM-1,7,18.142857142857142,0.989743318610787,36.285714285714285,1.979486637221574,0.7727997829761329,0.015892564333747722
44,3,LMM-2,7,11.333333333333334,0.0,22.666666666666668,0.0,0.8498159693204543,0.0
44,4,LMM-1,7,17.892857142857142,0.989743318610787,35.785714285714285,1.979486637221574,0.711948066645718,0.01953868990513615
44,4,LMM-2,7,11.75,0.0,23.5,0.0,0.796192377912165,0.0
44,5,LMM-1,7,17.54285714285714,0.989743318610787,35.08571428571428,1.979486637221574,0.6567378608085728,0.022548469044728604
44,5,LMM-2,7,11.8,0.0,23.6,0.0,0.7468839393306367,0.0
44,6,LMM-1,7,17.142857142857142,0.989743318610787,34.285714285714285,1.979486637221574,0.6077878562641531,0.02506181803096815
44,6,LMM-2,7,11.95238095238095,0.24743582965269675,23.9047619047619,0.4948716593053935,0.6959631420506353,0.005994092501715461
44,7,LMM-1,7,16.857142857142858,0.9897433186107879,33.714285714285715,1.9794866372215758,0.5629559974326194,0.027103320340330778
44,7,LMM-2,7,11.816326530612244,0.2120878539880259,23.632653061224488,0.4241757079760518,0.6554794308195105,0.0056454201435542336
44,8,LMM-1,7,16.517857142857142,0.989743318610787,33.035714285714285,1.979486637221574,0.5218008168630085,0.028732394995128505
44,8,LMM-2,7,11.589285714285714,0.18557687223952257,23.178571428571427,0.37115374447904514,0.6177592266308716,0.005320548926345668
45,2,LMM-1,7,15.571428571428571,1.6781914463529615,31.142857142857142,3.356382892705923,0.8629900168961177,0.017007306564266658
45,2,LMM-2,7,8.0,0.0,16.0,0.0,0.9327979636710738,0.0
45,3,LMM-1,7,15.238095238095239,1.6781914463529624,30.476190476190478,3.3563828927059247,0.8054286683334183,0.023714199921731516
45,3,LMM-2,7,7.666666666666667,0.0,15.333333333333334,0.0,0.9049746153890623,0.0
45,4,LMM-1,7,14.821428571428571,1.6781914463529615,29.642857142857142,3.356382892705923,0.7564634089916055,0.029577917976781158
45,4,LMM-2,7,8.178571428571429,0.6226998490772391,16.357142857142858,1.2453996981544782,0.8641123082770201,0.01328523424809552
45,5,LMM-1,7,14.571428571428571,1.6781914463529615,29.142857142857142,3.356382892705923,0.7105427859059564,0.034589078220696075
45,5,LMM-2,7,8.77142857142857,0.7959079015533784,17.54285714285714,1.5918158031067569,0.8182772413144782,0.020559361901214303
45,6,LMM-1,7,14.238095238095237,1.6781914463529621,28.476190476190474,3.3563828927059243,0.6695368502872119,0.03895501795317449
45,6,LMM-2,7,8.809523809523808,1.1664236870396083,17.619047619047617,2.3328473740792166,0.7826025964548047,0.03427337886746816
45,7,LMM-1,7,14.0,1.678191446352961,28.0,3.356382892705922,0.632560809375762,0.042765849856238984
45,7,LMM-2,7,9.16326530612245,1.0997709049230597,18.3265306122449,2.1995418098461195,0.7403147003060233,0.035754403028916824
45,8,LMM-1,7,13.696428571428571,1.6781914463529615,27.392857142857142,3.356382892705923,0.5982477258524612,0.04603916656049459
45,8,LMM-2,7,9.160714285714286,1.291652951430366,18.321428571428573,2.583305902860732,0.7061606581633588,0.045375753064026234
46,2,LMM-1,7,11.357142857142858,1.381362828986694,22.714285714285715,2.762725657973388,0.9068761693451712,0.017448731125993943
46,2,LMM-2,7,9.214285714285714,0.9583148474999099,18.428571428571427,1.9166296949998198,0.9190793289761532,0.01087416837537434
46,3,LMM-1,7,11.80952380952381,2.0067911910195693,23.61904761904762,4.0135823820391385,0.8510789984280143,0.03785182104181489
46,3,LMM-2,7,9.428571428571429,1.1914281907806479,18.857142857142858,2.3828563815612958,0.8713936489401872,0.02552260631543512
46,4,LMM-1,7,11.821428571428571,2.0861545523586047,23.642857142857142,4.172309104717209,0.8031114395432243,0.046997001635276016
46,4,LMM-2,7,9.392857142857142,1.1327679662252648,18.785714285714285,2.2655359324505295,0.8303380831769871,0.029623877296675552
46,5,LMM-1,7,11.971428571428572,2.0768893537584283,23.942857142857143,4.153778707516857,0.75396547340637,0.05498724091701612
46,5,LMM-2,7,9.457142857142857,1.0237984495525094,18.914285714285715,2.047596899105019,0.787279609475506,0.03031449562537439
46,6,LMM-1,7,11.69047619047619,2.1610340180596146,23.38095238095238,4.322068036119229,0.719567954022515,0.06348461565391957
46,6,LMM-2,7,9.428571428571429,0.8630747123996124,18.857142857142858,1.7261494247992248,0.7518619137283717,0.031477027685905254
46,7,LMM-1,7,11.510204081632653,2.1837688325543567,23.020408163265305,4.367537665108713,0.6823732846698205,0.07178355953890271
46,7,LMM-2,7,9.285714285714286,0.8571428571428573,18.571428571428573,1.7142857142857146,0.7180611281455522,0.03604610036016976
46,8,LMM-1,7,11.303571428571429,2.210826791506023,22.607142857142858,4.421653583012046,0.6494057837420082,0.07919429542986985
46,8,LMM-2,7,9.107142857142858,0.7945926950459639,18.214285714285715,1.5891853900919277,0.687969984877402,0.038506487190206454
47,2,LMM-1,7,12.928571428571429,0.4948716593053935,25.857142857142858,0.989743318610787,0.903710100974953,0.009387872392030188
47,2,LMM-2,7,9.928571428571429,2.226922466874271,19.857142857142858,4.453844933748542,0.9211413379838255,0.024101234921983045
47,3,LMM-1,7,12.761904761904763,0.4948716593053935,25.523809523809526,0.989743318610787,0.8632569443359464,0.012492763596660142
47,3,LMM-2,7,10.428571428571429,1.6495721976846454,20.857142857142858,3.2991443953692907,0.879967056156757,0.026671681912143048
47,4,LMM-1,7,12.678571428571429,0.4948716593053935,25.357142857142858,0.989743318610787,0.8248309778683532,0.014994555102530777
47,4,LMM-2,7,10.678571428571429,1.360897063089832,21.357142857142858,2.721794126179664,0.8408497972396846,0.028671895655027584
47,5,LMM-1,7,12.542857142857143,0.5728553615932404,25.085714285714285,1.1457107231864807,0.7834933321383762,0.019455611772285053
47,5,LMM-2,7,10.742857142857144,1.2636196792854844,21.485714285714288,2.5272393585709687,0.798796400412718,0.03258337806063691
47,6,LMM-1,7,12.285714285714286,0.6281383789653774,24.571428571428573,1.2562767579307548,0.749703006636257,0.022457575396213528
47,6,LMM-2,7,10.619047619047619,1.200906686944618,21.238095238095237,2.401813373889236,0.764408294286396,0.03506080668870927
47,7,LMM-1,7,12.142857142857142,0.4948716593053935,24.285714285714285,0.989743318610787,0.7120822003312152,0.019962430138821905
47,7,LMM-2,7,10.571428571428571,0.989743318610787,21.142857142857142,1.979486637221574,0.7260331887579944,0.032040149200709835
47,8,LMM-1,7,11.928571428571429,0.4948716593053935,23.857142857142858,0.989743318610787,0.6817081138870146,0.02096428788179133
47,8,LMM-2,7,10.428571428571429,0.9278843611976129,20.857142857142858,1.8557687223952257,0.6950949183142517,0.032557600591272676
48,2,LMM-1,7,10.714285714285714,1.7699302419091238,21.428571428571427,3.5398604838182477,0.898570290341591,0.025915248363896623
48,2,LMM-2,7,7.428571428571429,1.635074734608514,14.857142857142858,3.270149469217028,0.9319331867399451,0.028256674811928055
48,3,LMM-1,7,10.666666666666668,1.8601928556785343,21.333333333333336,3.7203857113570686,0.8552606008997532,0.03517609261715489
48,3,LMM-2,7,6.714285714285714,1.014632178698215,13.428571428571429,2.02926435739643,0.9130450992875726,0.027940052291431695
48,4,LMM-1,7,10.607142857142858,1.8315544864225837,21.214285714285715,3.6631089728451673,0.8120054967103292,0.044109011079994855
48,4,LMM-2,7,6.892857142857143,0.7542397172122456,13.785714285714286,1.5084794344244912,0.8817373699060091,0.031802554810845214
48,5,LMM-1,7,10.428571428571429,1.8652569993085102,20.857142857142858,3.7305139986170204,0.7720005443814534,0.05219752751397941
48,5,LMM-2,7,7.0,0.4780914437337574,14.0,0.9561828874675148,0.8519040688730721,0.03641255915235354
48,6,LMM-1,7,10.333333333333332,1.8940173144144132,20.666666666666664,3.7880346288288265,0.7362395069795171,0.05901465770269429
48,6,LMM-2,7,7.023809523809524,0.5073160893491075,14.047619047619047,1.014632178698215,0.8255949662792752,0.04215831190788518
48,7,LMM-1,7,10.469387755102042,1.8432989277676959,20.938775510204085,3.6865978555353918,0.6933590999866067,0.06716230751789795
48,7,LMM-2,7,7.244897959183674,0.4931855499426355,14.489795918367347,0.986371099885271,0.7887313063666956,0.04396192613447195
48,8,LMM-1,7,10.178571428571429,1.8682702356643666,20.357142857142858,3.736540471328733,0.663980554750775,0.07437204499562199
48,8,LMM-2,7,7.25,0.4008918628686366,14.5,0.8017837257372732,0.7625692503643594,0.04258367544851005
49,2,LMM-1,7,11.571428571428571,1.2936264483053452,23.142857142857142,2.5872528966106905,0.915006068093881,0.01547032970444053
49,2,LMM-2,7,10.0,1.7728105208558367,20.0,3.5456210417116734,0.9214279822413475,0.0208114367507382
49,3,LMM-1,7,11.666666666666668,1.1818736805705576,23.333333333333336,2.3637473611411153,0.873166703505973,0.020010931629328464
49,3,LMM-2,7,10.095238095238097,1.6687062350414505,20.190476190476193,3.337412470082901,0.8824972326633881,0.027977170193754893
49,4,LMM-1,7,11.285714285714286,1.2707462053326568,22.571428571428573,2.5414924106653136,0.8334440052381688,0.028196279269275492
49,4,LMM-2,7,9.714285714285714,1.7445249631171162,19.428571428571427,3.4890499262342325,0.8454221243475224,0.03798154896549764
49,5,LMM-1,7,11.057142857142859,1.5591729885305432,22.114285714285717,3.1183459770610864,0.7923670749124797,0.04139674262372338
49,5,LMM-2,7,9.428571428571429,2.0960604446807114,18.857142857142858,4.192120889361423,0.8082552912281592,0.05486950163970915
49,6,LMM-1,7,10.833333333333332,1.8365772167311325,21.666666666666664,3.673154433462265,0.7546883762722236,0.05481001751304666
49,6,LMM-2,7,9.214285714285714,2.354856996491061,18.428571428571427,4.709713992982122,0.7729534210919065,0.07016576745521459
49,7,LMM-1,7,10.653061224489795,1.989560425625133,21.30612244897959,3.979120851250266,0.7200098816537853,0.06448505689479969
49,7,LMM-2,7,9.204081632653061,2.3397405139537164,18.408163265306122,4.679481027907433,0.7369033761737505,0.07843853452752325
49,8,LMM-1,7,10.428571428571429,2.067884899887727,20.857142857142858,4.135769799775454,0.6919815968628243,0.07155564898480574
49,8,LMM-2,7,9.035714285714286,2.3591712052138574,18.071428571428573,4.718342410427715,0.7098238581188197,0.08633252199638317
50,2,LMM-1,7,16.571428571428573,2.2587697572631282,33.142857142857146,4.5175395145262565,0.8643794081593693,0.024874556362019563
50,2,LMM-2,7,13.785714285714286,2.710523708715754,27.571428571428573,5.421047417431508,0.8821048478498577,0.028992113051942773
50,3,LMM-1,7,15.904761904761903,2.2587697572631273,31.809523809523807,4.517539514526255,0.8086888585538535,0.03513303010323309
50,3,LMM-2,7,13.714285714285714,2.5599390582315458,27.428571428571427,5.1198781164630915,0.8253205025517334,0.03927289240676684
50,4,LMM-1,7,15.321428571428571,2.2587697572631282,30.642857142857142,4.5175395145262565,0.7588412904602558,0.044234439444223624
50,4,LMM-2,7,13.428571428571429,2.484646732989441,26.857142857142858,4.969293465978882,0.7744935700651608,0.04839230895659467
50,5,LMM-1,7,14.685714285714285,2.2138709288926304,29.37142857142857,4.427741857785261,0.7131277536896052,0.052111470187690946
50,5,LMM-2,7,13.057142857142855,2.4394713378441786,26.11428571428571,4.878942675688357,0.7276266291033142,0.05643128415211886
50,6,LMM-1,7,14.095238095238097,1.8297739101753192,28.190476190476193,3.6595478203506384,0.6698635443265222,0.05051761374910264
50,6,LMM-2,7,12.880952380952381,2.2141577023928893,25.761904761904763,4.428315404785779,0.6793269211735196,0.05494429118166404
50,7,LMM-1,7,13.653061224489795,1.954074972014012,27.30612244897959,3.908149944028024,0.6290068328204551,0.06053198340298975
50,7,LMM-2,7,12.63265306122449,2.3310017902407947,25.26530612244898,4.662003580481589,0.6376957517093764,0.06551431279628343
50,8,LMM-1,7,13.303571428571429,1.9942519440448168,26.607142857142858,3.9885038880896335,0.5925110798080393,0.06780889241036335
50,8,LMM-2,7,12.446428571428571,2.310551440497197,24.892857142857142,4.621102880994394,0.5977763031463323,0.07051806563088114
51,2,LMM-1,7,11.642857142857142,0.9147320339189784,23.285714285714285,1.8294640678379568,0.8941160776502179,0.008299712085206584
51,2,LMM-2,7,9.785714285714286,0.24743582965269675,19.571428571428573,0.4948716593053935,0.9026478216164141,0.005492277843326233
51,3,LMM-1,7,11.428571428571429,0.5832118435198045,22.857142857142858,1.166423687039609,0.8568000963126146,0.010856513082286412
51,3,LMM-2,7,9.523809523809524,0.6632565846278151,19.047619047619047,1.3265131692556302,0.8696947883542353,0.012691781829282994
51,4,LMM-1,7,11.142857142857142,0.7542397172122456,22.285714285714285,1.5084794344244912,0.8169739692287171,0.010880209724561208
51,4,LMM-2,7,9.321428571428571,0.3462628469583092,18.642857142857142,0.6925256939166184,0.832099807141626,0.008264128488671743
51,5,LMM-1,7,10.971428571428572,0.8971610553204334,21.942857142857143,1.7943221106408669,0.7765977330658361,0.01434948804280759
51,5,LMM-2,7,9.228571428571428,0.29137254363387316,18.457142857142856,0.5827450872677463,0.7928464823459197,0.005786202848343824
51,6,LMM-1,7,10.833333333333332,0.6299407883487123,21.666666666666664,1.2598815766974245,0.7390104632852542,0.013332457645351455
51,6,LMM-2,7,9.119047619047619,0.247435829652697,18.238095238095237,0.494871659305394,0.7581925976585682,0.010322182178454355
51,7,LMM-1,7,10.530612244897961,0.5801089960633425,21.061224489795922,1.160217992126685,0.7085950055294133,0.015486588133893862
51,7,LMM-2,7,8.877551020408163,0.22168939777959615,17.755102040816325,0.4433787955591923,0.7308081363285449,0.011009646082816486
51,8,LMM-1,7,10.303571428571429,0.5624291338579865,20.607142857142858,1.124858267715973,0.6827369551245965,0.017774990400720236
51,8,LMM-2,7,8.517857142857142,0.36246041303900783,17.035714285714285,0.7249208260780157,0.7109027998746331,0.016667689125112073
52,2,LMM-1,7,12.142857142857142,1.2453996981544782,24.285714285714285,2.4907993963089563,0.9059496643980077,0.014072554892513214
52,2,LMM-2,7,9.857142857142858,2.0303814862216996,19.714285714285715,4.060762972443399,0.9190867667613445,0.021975504590229705
52,3,LMM-1,7,11.0,1.168366109179552,22.0,2.336732218359104,0.8699518152421906,0.020423612404617472
52,3,LMM-2,7,9.142857142857142,1.9178124348192638,18.285714285714285,3.8356248696385276,0.8836992594318352,0.029191062787996616
52,4,LMM-1,7,10.178571428571429,1.185585190906988,20.357142857142858,2.371170381813976,0.8390703783710257,0.026142517644009863
52,4,LMM-2,7,8.5,1.7217101133134214,17.0,3.4434202266268428,0.85533297326785,0.0349380690308094
52,5,LMM-1,7,9.771428571428572,1.3498299212591678,19.542857142857144,2.6996598425183356,0.806370578051775,0.03554923025028663
52,5,LMM-2,7,8.257142857142856,1.9293649161296154,16.514285714285712,3.8587298322592307,0.8244225368798574,0.04684990287853084
52,6,LMM-1,7,9.547619047619047,1.3821833593999997,19.095238095238095,2.7643667187999994,0.7721174693335092,0.04211429303435548
52,6,LMM-2,7,8.142857142857142,1.9668453741012744,16.285714285714285,3.9336907482025487,0.7922416662075203,0.05340012487070533
52,7,LMM-1,7,9.244897959183675,1.4279882191457878,18.48979591836735,2.8559764382915755,0.7456185088220734,0.048459319140741586
52,7,LMM-2,7,7.775510204081633,1.9807486626205595,15.551020408163266,3.961497325241119,0.7694194759918113,0.06163220374228735
52,8,LMM-1,7,9.107142857142858,1.5760888688297305,18.214285714285715,3.152177737659461,0.7162235761190008,0.057579934749303
52,8,LMM-2,7,7.607142857142857,2.0082737027870783,15.214285714285714,4.016547405574157,0.7431910024833286,0.06939798001829132
53,2,LMM-1,7,10.214285714285714,0.9583148474999099,20.428571428571427,1.9166296949998198,0.9168017921234727,0.012791411202449258
53,2,LMM-2,7,8.642857142857142,1.5746719775034717,17.285714285714285,3.1493439550069433,0.9260196790164128,0.023104404697011853
53,3,LMM-1,7,10.0,0.7968190728895955,20.0,1.593638145779191,0.8795252168145137,0.01691282369416689
53,3,LMM-2,7,8.714285714285714,1.1605769149479939,17.428571428571427,2.3211538298959877,0.8860504933845574,0.025645657922766286
53,4,LMM-1,7,9.821428571428571,0.809698860625331,19.642857142857142,1.619397721250662,0.8441407483869094,0.02137872856886781
53,4,LMM-2,7,8.5,1.2320134507614529,17.0,2.4640269015229057,0.853599176696994,0.034168589717103424
53,5,LMM-1,7,9.971428571428572,0.8580947095817834,19.942857142857143,1.7161894191635667,0.798527049621544,0.030299184187584753
53,5,LMM-2,7,8.742857142857144,1.05133539959852,17.485714285714288,2.10267079919704,0.8102118554732246,0.04285674208331759
53,6,LMM-1,7,9.785714285714286,0.7330859199209829,19.571428571428573,1.4661718398419659,0.7629803865873337,0.03373188301981664
53,6,LMM-2,7,9.0,1.1615534207286162,18.0,2.3231068414572325,0.7716150234941824,0.05066956835276698
53,7,LMM-1,7,9.551020408163266,0.7614186982113318,19.102040816326532,1.5228373964226636,0.7342449999846946,0.03677874894719993
53,7,LMM-2,7,9.122448979591837,0.996871407495495,18.244897959183675,1.99374281499099,0.7349451360256579,0.04498169817368256
53,8,LMM-1,7,9.464285714285714,0.7840892285750053,18.928571428571427,1.5681784571500106,0.7012930165712741,0.041149730995474414
53,8,LMM-2,7,8.982142857142858,0.8924999285428429,17.964285714285715,1.7849998570856858,0.7016084664348645,0.04917859654675934
54,2,LMM-1,7,10.071428571428571,1.178030178747903,20.142857142857142,2.356060357495806,0.9195317334051571,0.015350932762231942
54,2,LMM-2,7,9.0,0.5345224838248488,18.0,1.0690449676496976,0.9217567489614746,0.010145826796480736
54,3,LMM-1,7,10.0,1.2598815766974245,20.0,2.519763153394849,0.8805836720703282,0.023797388574115095
54,3,LMM-2,7,8.952380952380953,0.6767938287405665,17.904761904761905,1.353587657481133,0.8841697393967107,0.01569898110133835
54,4,LMM-1,7,10.214285714285714,1.1293848786315641,20.428571428571427,2.2587697572631282,0.836268845095674,0.02610790248550603
54,4,LMM-2,7,9.071428571428571,0.7405871911902757,18.142857142857142,1.4811743823805514,0.8421812370891322,0.016952855255776715
54,5,LMM-1,7,10.0,1.1563489339913182,20.0,2.3126978679826364,0.8009801910695086,0.032514147468541026
54,5,LMM-2,7,8.742857142857144,0.6986868148935703,17.485714285714288,1.3973736297871406,0.8104196046748866,0.019868607171459395
54,6,LMM-1,7,9.952380952380953,0.8438116736509212,19.904761904761905,1.6876233473018425,0.76457156266261,0.03139853564537561
54,6,LMM-2,7,8.619047619047619,0.424584630955405,17.238095238095237,0.84916926191081,0.7773501646229388,0.016804987366687372
54,7,LMM-1,7,9.63265306122449,0.8900392851982257,19.26530612244898,1.7800785703964515,0.7370245716894817,0.036375379482851466
54,7,LMM-2,7,8.306122448979592,0.48552560217838037,16.612244897959183,0.9710512043567607,0.7510945419459926,0.020527110663942763
54,8,LMM-1,7,9.446428571428571,0.865657117395773,18.892857142857142,1.731314234791546,0.7084307084456914,0.03993895984929469
54,8,LMM-2,7,8.196428571428571,0.4993618376467701,16.392857142857142,0.9987236752935402,0.7219168854495096,0.022208338585947396
55,2,LMM-1,7,12.928571428571429,0.4948716593053935,25.857142857142858,0.989743318610787,0.9021678624876353,0.00439368921950546
55,2,LMM-2,7,10.214285714285714,1.979486637221574,20.428571428571427,3.958973274443148,0.917590341460521,0.017749947799355827
55,3,LMM-1,7,12.761904761904763,0.4948716593053935,25.523809523809526,0.989743318610787,0.8573456312470885,0.0062608338948300065
55,3,LMM-2,7,10.61904761904762,1.4846149779161806,21.23809523809524,2.969229955832361,0.8720326226075528,0.01898014151815458
55,4,LMM-1,7,12.535714285714286,0.6468132241526726,25.071428571428573,1.2936264483053452,0.8138199431746919,0.010066471246398666
55,4,LMM-2,7,10.678571428571429,1.373956004405096,21.357142857142858,2.747912008810192,0.8278165300707198,0.021990895873306215
55,5,LMM-1,7,12.257142857142856,0.8797031039051804,24.514285714285712,1.7594062078103607,0.7740303710862391,0.01657318803948282
55,5,LMM-2,7,10.571428571428571,1.3749953617732533,21.142857142857142,2.7499907235465066,0.787381783795448,0.026269233905336597
55,6,LMM-1,7,12.0,1.0350983390135313,24.0,2.0701966780270626,0.7375533846843403,0.021988478894356955
55,6,LMM-2,7,10.452380952380953,1.4439646857196482,20.904761904761905,2.8879293714392964,0.7504262639083132,0.03207901739694061
55,7,LMM-1,7,11.489795918367347,1.150122677845336,22.979591836734695,2.300245355690672,0.7061839466715095,0.029131848524835743
55,7,LMM-2,7,10.204081632653061,1.3463202042833176,20.408163265306122,2.692640408566635,0.7153166612596328,0.03445582112806831
55,8,LMM-1,7,11.107142857142858,1.247190720731016,22.214285714285715,2.494381441462032,0.6772093151578894,0.03689008371527007
55,8,LMM-2,7,9.982142857142858,1.263195655987671,19.964285714285715,2.526391311975342,0.6831152597494355,0.03880436715295619
56,2,LMM-1,7,11.357142857142858,0.7889543583705186,22.714285714285715,1.5779087167410373,0.9078276635320253,0.011809336822538609
56,2,LMM-2,7,9.214285714285714,0.5248906591678238,18.428571428571427,1.0497813183356477,0.9213768165868081,0.00743244631845591
56,3,LMM-1,7,11.095238095238097,0.9209085526577959,22.190476190476193,1.8418171053155918,0.8620065616936071,0.017044206820991902
56,3,LMM-2,7,8.952380952380953,0.4517539514526255,17.904761904761905,0.903507902905251,0.8812266005784961,0.009586516801111786
56,4,LMM-1,7,10.892857142857142,1.1866605518454392,21.785714285714285,2.3733211036908783,0.81956794626822,0.026829390981610496
56,4,LMM-2,7,8.785714285714286,0.6185895741317419,17.571428571428573,1.2371791482634837,0.8430131409620065,0.01620452010419834
56,5,LMM-1,7,11.0,1.0849621454884302,22.0,2.1699242909768603,0.7732596725460733,0.02842686319853938
56,5,LMM-2,7,8.885714285714286,0.3833259389999642,17.771428571428572,0.7666518779999284,0.801081093638771,0.012802417690734383
56,6,LMM-1,7,10.904761904761907,0.8254731344457008,21.809523809523814,1.6509462688914016,0.7334014241445731,0.027047987112846138
56,6,LMM-2,7,8.666666666666668,0.29546842014263924,17.333333333333336,0.5909368402852785,0.7690500798465812,0.012506858738396362
56,7,LMM-1,7,10.612244897959185,0.7738973561574914,21.22448979591837,1.547794712314983,0.7008637349843652,0.028597801812789213
56,7,LMM-2,7,8.36734693877551,0.388291787560009,16.73469387755102,0.776583575120018,0.74208533676538,0.01756260576050473
56,8,LMM-1,7,10.607142857142858,0.695741419242077,21.214285714285715,1.391482838484154,0.6630416468807027,0.026945113271620743
56,8,LMM-2,7,8.375,0.2004459314343183,16.75,0.4008918628686366,0.7070959317676336,0.011569853427644564
57,2,LMM-1,7,11.357142857142858,1.0594569267279519,22.714285714285715,2.1189138534559038,0.9159209216906399,0.01047291876204685
57,2,LMM-2,7,9.785714285714286,1.5084794344244912,19.571428571428573,3.0169588688489823,0.9222591706561605,0.014890499869976506
57,3,LMM-1,7,11.047619047619047,1.0301575072754259,22.095238095238095,2.0603150145508518,0.8759706331966592,0.015640217796434458
57,3,LMM-2,7,9.476190476190476,1.29537814368909,18.952380952380953,2.59075628737818,0.8850547958716907,0.019112138081110102
57,4,LMM-1,7,10.964285714285714,1.0558389642210344,21.928571428571427,2.111677928442069,0.8373391213428477,0.01968148326920154
57,4,LMM-2,7,9.392857142857142,1.3683745757620012,18.785714285714285,2.7367491515240023,0.8514765910901502,0.028212149790765438
57,5,LMM-1,7,10.828571428571427,1.0165969642661257,21.657142857142855,2.0331939285322513,0.8024051898070003,0.023221828091544598
57,5,LMM-2,7,9.514285714285714,1.0946996606096016,19.02857142857143,2.189399321219203,0.8121181309541142,0.026908077800400918
57,6,LMM-1,7,10.476190476190476,1.0594569267279519,20.952380952380953,2.1189138534559038,0.7718130091756138,0.02771687721371591
57,6,LMM-2,7,9.333333333333332,1.126872339638022,18.666666666666664,2.253744679276044,0.7793938918714499,0.030815167652494355
57,7,LMM-1,7,10.183673469387754,1.0378107865380508,20.36734693877551,2.0756215730761016,0.7432035843679546,0.03068048539896778
57,7,LMM-2,7,9.346938775510205,0.9981240212765293,18.69387755102041,1.9962480425530587,0.7447100667592083,0.030389492045754498
57,8,LMM-1,7,9.946428571428571,1.0519054625016528,19.892857142857142,2.1038109250033057,0.7161308021047272,0.03408744487737712
57,8,LMM-2,7,9.178571428571429,1.0282985749205693,18.357142857142858,2.0565971498411386,0.7159884568280407,0.033732228745233454
58,2,LMM-1,7,12.428571428571429,2.7957693986829897,24.857142857142858,5.591538797365979,0.8960317969822186,0.03682628065722003
58,2,LMM-2,7,9.857142857142858,2.7866298861615943,19.714285714285715,5.573259772323189,0.9128179487627802,0.034270672778130895
58,3,LMM-1,7,11.904761904761903,2.5492873932046045,23.809523809523807,5.098574786409209,0.8533598666307302,0.046965754945641
58,3,LMM-2,7,9.380952380952381,2.4065292892368144,18.761904761904763,4.813058578473629,0.8769653701250509,0.04420422885603866
58,4,LMM-1,7,11.428571428571429,2.366863075111556,22.857142857142858,4.733726150223112,0.8162957346821689,0.05374463973635506
58,4,LMM-2,7,8.928571428571429,2.274526189727237,17.857142857142858,4.549052379454474,0.8456504932134966,0.049768867292895196
58,5,LMM-1,7,11.457142857142857,2.8075699420658853,22.914285714285715,5.615139884131771,0.7707334321784182,0.07205013921538031
58,5,LMM-2,7,9.22857142857143,2.464440988896895,18.45714285714286,4.92888197779379,0.8025254077455097,0.06576640560655604
58,6,LMM-1,7,11.047619047619047,2.6453227452059336,22.095238095238095,5.290645490411867,0.7387707868446203,0.07716333898820797
58,6,LMM-2,7,8.976190476190476,2.231499907401901,17.952380952380953,4.462999814803802,0.7715382725606652,0.06916336878681896
58,7,LMM-1,7,10.877551020408163,2.76423279117041,21.755102040816325,5.52846558234082,0.7048932483190755,0.08846751751054134
58,7,LMM-2,7,8.959183673469388,2.210120223784634,17.918367346938776,4.420240447569268,0.7387902898633377,0.07782609011802144
58,8,LMM-1,7,10.678571428571429,2.7853708579516896,21.357142857142858,5.570741715903379,0.6747657692908506,0.0964697973293877
58,8,LMM-2,7,8.964285714285714,2.101991281366023,17.928571428571427,4.203982562732046,0.7065590808087497,0.0827580321833335
59,2,LMM-1,7,14.857142857142858,0.989743318610787,29.714285714285715,1.979486637221574,0.890189249797703,0.01092920809943375
59,2,LMM-2,7,8.0,0.0,16.0,0.0,0.9456423126595428,0.0
59,3,LMM-1,7,14.857142857142858,0.989743318610787,29.714285714285715,1.979486637221574,0.8248611329748982,0.015178780892465708
59,3,LMM-2,7,9.428571428571429,0.4948716593053935,18.857142857142858,0.989743318610787,0.8844949656065111,0.007092936347089906
59,4,LMM-1,7,14.607142857142858,0.989743318610787,29.214285714285715,1.979486637221574,0.7800723765248241,0.019123963856378174
59,4,LMM-2,7,9.571428571428571,0.37115374447904514,19.142857142857142,0.7423074889580903,0.8501757913975145,0.006817724245704825
59,5,LMM-1,7,14.257142857142856,0.989743318610787,28.514285714285712,1.979486637221574,0.7389601652144905,0.022626224803318037
59,5,LMM-2,7,9.714285714285714,0.5938459911664727,19.428571428571427,1.1876919823329455,0.8129430377145223,0.013022366290507122
59,6,LMM-1,7,14.023809523809522,0.989743318610787,28.047619047619044,1.979486637221574,0.7001199929870733,0.025702341213014224
59,6,LMM-2,7,9.595238095238093,0.4948716593053935,19.190476190476186,0.989743318610787,0.7827774155042554,0.012539149430802513
59,7,LMM-1,7,13.857142857142858,0.989743318610787,27.714285714285715,1.979486637221574,0.6588982009582642,0.0281957132504118
59,7,LMM-2,7,9.510204081632653,0.4241757079760518,19.020408163265305,0.8483514159521036,0.7486771821506731,0.011992904849422524
59,8,LMM-1,7,13.732142857142858,0.989743318610787,27.464285714285715,1.979486637221574,0.6196712522717861,0.03027789939798429
59,8,LMM-2,7,9.607142857142858,0.5567306167185677,19.214285714285715,1.1134612334371354,0.7106929105932147,0.01705508150736062
60,2,LMM-1,7,13.357142857142858,0.9529760045804524,26.714285714285715,1.9059520091609048,0.8859517604021985,0.011917917924027742
60,2,LMM-2,7,10.357142857142858,1.4321384039831015,20.714285714285715,2.864276807966203,0.9108250201271362,0.015099019690804438
60,3,LMM-1,7,12.761904761904761,1.1086139739831256,25.523809523809522,2.217227947966251,0.8419541782088386,0.01818733805643848
60,3,LMM-2,7,9.80952380952381,1.467717619754518,19.61904761904762,2.935435239509036,0.8768824737203654,0.021363855123783287
60,4,LMM-1,7,12.857142857142858,1.124858267715973,25.714285714285715,2.249716535431946,0.7927225353647053,0.023168007666816443
60,4,LMM-2,7,9.785714285714286,1.572240050218224,19.571428571428573,3.144480100436448,0.8396791769253146,0.028697976449216817
60,5,LMM-1,7,12.314285714285715,1.2999215046945511,24.62857142857143,2.5998430093891023,0.756300136937874,0.030109701435870044
60,5,LMM-2,7,9.37142857142857,1.7416857890432194,18.74285714285714,3.4833715780864387,0.8085991787188002,0.03799268455552658
60,6,LMM-1,7,12.238095238095239,1.1157499537009508,24.476190476190478,2.2314999074019015,0.7156543350159991,0.03158730343911012
60,6,LMM-2,7,9.333333333333332,1.5532863266952468,18.666666666666664,3.1065726533904936,0.7743489659518392,0.04081310208248303
60,7,LMM-1,7,11.918367346938776,1.155181363108972,23.836734693877553,2.310362726217944,0.6826810188347182,0.03667586403070897
60,7,LMM-2,7,9.16326530612245,1.5823895489779696,18.3265306122449,3.164779097955939,0.742504009823571,0.0467843666115742
60,8,LMM-1,7,11.607142857142858,1.0295382360999696,23.214285714285715,2.0590764721999393,0.6511978341844339,0.037100365409439444
60,8,LMM-2,7,9.053571428571429,1.4818201025517674,18.107142857142858,2.963640205103535,0.7118050100371338,0.04792610164108461
61,2,LMM-1,7,16.357142857142858,2.0995626366712954,32.714285714285715,4.199125273342591,0.860885019666636,0.021044249245370024
61,2,LMM-2,7,12.5,3.4641016151377544,25.0,6.928203230275509,0.8904468743799606,0.03571049866405952
61,3,LMM-1,7,16.904761904761905,1.39970842444753,33.80952380952381,2.79941684889506,0.7866943439804956,0.019230665508686903
61,3,LMM-2,7,11.333333333333334,2.309401076758503,22.666666666666668,4.618802153517006,0.8528256323393819,0.034201735645978455
61,4,LMM-1,7,16.642857142857142,1.5746719775034717,33.285714285714285,3.1493439550069433,0.7297825621798991,0.026801756977697298
61,4,LMM-2,7,11.5,2.598076211353316,23.0,5.196152422706632,0.8049044445923723,0.048247011426629585
61,5,LMM-1,7,16.514285714285712,1.2597375820027779,33.028571428571425,2.5194751640055557,0.6721336664366458,0.02468456238602605
61,5,LMM-2,7,12.0,2.0784609690826534,24.0,4.156921938165307,0.7459129298585851,0.04471098388378683
61,6,LMM-1,7,16.428571428571427,1.0497813183356477,32.857142857142854,2.0995626366712954,0.6188483349492603,0.022727622635732473
61,6,LMM-2,7,12.333333333333334,1.7320508075688772,24.666666666666668,3.4641016151377544,0.6910323125427038,0.041421368838760304
61,7,LMM-1,7,16.24489795918367,1.1421280473169972,32.48979591836734,2.2842560946339945,0.5729452264668549,0.02664689532170727
61,7,LMM-2,7,12.428571428571429,1.6413036132965797,24.857142857142858,3.2826072265931594,0.6443917965561863,0.04284861685331468
61,8,LMM-1,7,16.089285714285715,0.9993620414023731,32.17857142857143,1.9987240828047461,0.5295018340868999,0.024626402828372092
61,8,LMM-2,7,12.5,1.4361406616345072,25.0,2.8722813232690143,0.5992195978528346,0.03984490661832111
62,2,LMM-1,7,12.857142857142858,1.381362828986694,25.714285714285715,2.762725657973388,0.8935150886156867,0.015340510424113678
62,2,LMM-2,7,8.642857142857142,2.3408528011677054,17.285714285714285,4.681705602335411,0.9289061233769839,0.025760027120245735
62,3,LMM-1,7,12.952380952380953,1.3023613648740326,25.904761904761905,2.6047227297480653,0.8419054213210456,0.019197016617069233
62,3,LMM-2,7,9.476190476190476,1.7535192990020922,18.952380952380953,3.5070385980041845,0.8801496958800276,0.026899218231089532
62,4,LMM-1,7,12.892857142857142,1.3353513639885655,25.785714285714285,2.670702727977131,0.7956486138028832,0.024094214284009447
62,4,LMM-2,7,9.571428571428571,1.6675167899898218,19.142857142857142,3.3350335799796436,0.8414645173126224,0.03147772694264451
62,5,LMM-1,7,12.62857142857143,1.2623269733928297,25.25714285714286,2.5246539467856595,0.754553478679623,0.02800388642738449
62,5,LMM-2,7,9.342857142857143,1.627317813245502,18.685714285714287,3.254635626491004,0.8087005198223417,0.037844069061994876
62,6,LMM-1,7,12.404761904761903,1.1542094898610307,24.809523809523807,2.3084189797220613,0.714553803267056,0.0293235849347447
62,6,LMM-2,7,9.119047619047619,1.612732783035819,18.238095238095237,3.225465566071638,0.7769847073827291,0.04405407650281471
62,7,LMM-1,7,12.16326530612245,1.1913893485164426,24.3265306122449,2.3827786970328853,0.6799961358619953,0.03293654639890319
62,7,LMM-2,7,9.040816326530612,1.4879776435557701,18.081632653061224,2.9759552871115402,0.7446069272145329,0.04489219096047191
62,8,LMM-1,7,12.178571428571429,1.2550916707718272,24.357142857142858,2.5101833415436543,0.6385326443803055,0.0371898493095779
62,8,LMM-2,7,9.089285714285714,1.4906169110506575,18.178571428571427,2.981233822101315,0.7072718798621837,0.04906990458055817
63,2,LMM-1,7,10.5,1.6035674514745464,21.0,3.2071349029490928,0.9172315888106601,0.019196874805637205
63,2,LMM-2,7,8.785714285714286,1.1605769149479943,17.571428571428573,2.3211538298959886,0.925863045747419,0.014442316060001275
63,3,LMM-1,7,10.238095238095239,1.6106223357416918,20.476190476190478,3.2212446714833836,0.8784171936454898,0.026551947744583346
63,3,LMM-2,7,8.666666666666668,1.1683661091795523,17.333333333333336,2.3367322183591046,0.8895710561902719,0.02069222231399963
63,4,LMM-1,7,10.0,1.3296078906418776,20.0,2.659215781283755,0.8402501419304105,0.02954657798996739
63,4,LMM-2,7,8.5,0.8964214570007952,17.0,1.7928429140015905,0.8554448442069065,0.024652569038768876
63,5,LMM-1,7,9.828571428571427,1.1828709453991115,19.657142857142855,2.365741890798223,0.804866905033595,0.034728450641407685
63,5,LMM-2,7,8.542857142857143,0.9424241429983226,17.085714285714285,1.8848482859966451,0.8206512966758596,0.03183410250794963
63,6,LMM-1,7,9.642857142857142,1.1492874653473495,19.285714285714285,2.298574930694699,0.7722450370998821,0.03941981562300654
63,6,LMM-2,7,8.428571428571429,0.8767596495010462,16.857142857142858,1.7535192990020925,0.7881928674127037,0.03586683935294098
63,7,LMM-1,7,9.551020408163266,1.20356266920708,19.102040816326532,2.40712533841416,0.7405224139672294,0.0443936052697282
63,7,LMM-2,7,8.489795918367347,0.9094808144962122,16.979591836734695,1.8189616289924244,0.7528421345047219,0.03967420875071006
63,8,LMM-1,7,9.392857142857142,1.1847780296713122,18.785714285714285,2.3695560593426244,0.7113901201243352,0.04905632214184458
63,8,LMM-2,7,8.339285714285714,0.9394961741404219,16.678571428571427,1.8789923482808437,0.7251326602637506,0.04332975311037822
64,2,LMM-1,7,9.857142857142858,1.381362828986694,19.714285714285715,2.762725657973388,0.920906022365443,0.015829735962173953
64,2,LMM-2,7,7.714285714285714,1.410601261295107,15.428571428571429,2.821202522590214,0.9350986547366256,0.01464557055146285
64,3,LMM-1,7,9.571428571428571,1.5088551921671294,19.142857142857142,3.0177103843342588,0.8859216050928368,0.02495799807199249
64,3,LMM-2,7,7.761904761904762,1.0942024088643865,15.523809523809524,2.188404817728773,0.9010548532714389,0.015426608759488846
64,4,LMM-1,7,9.285714285714286,1.339166661375191,18.571428571428573,2.678333322750382,0.8532186091180832,0.02948787313328199
64,4,LMM-2,7,7.678571428571429,0.9422075684480656,15.357142857142858,1.8844151368961313,0.8700820560961225,0.019114282937523385
64,5,LMM-1,7,9.0,1.2603854285778728,18.0,2.5207708571557457,0.8233448787122282,0.034998048965135434
64,5,LMM-2,7,7.542857142857143,0.6737043498600911,15.085714285714285,1.3474086997201822,0.8429362818222975,0.016974106285971152
64,6,LMM-1,7,8.976190476190476,1.1866605518454392,17.952380952380953,2.3733211036908783,0.7879145048009804,0.041573200050604726
64,6,LMM-2,7,7.642857142857143,0.7038926428140232,15.285714285714286,1.4077852856280464,0.8080789457455299,0.01956728024238145
64,7,LMM-1,7,9.0,1.414213562373095,18.0,2.82842712474619,0.7541359708542742,0.051932926845360605
64,7,LMM-2,7,7.836734693877552,0.8239440505382185,15.673469387755103,1.647888101076437,0.7731782894639727,0.02572033902493479
64,8,LMM-1,7,8.857142857142858,1.3117405480147828,17.714285714285715,2.6234810960295656,0.7262104326287372,0.054063487922323336
64,8,LMM-2,7,7.589285714285714,0.7697236450804394,15.178571428571429,1.539447290160879,0.7488876769727781,0.02621569973166546
65,2,LMM-1,7,12.642857142857142,0.7889543583705186,25.285714285714285,1.5779087167410373,0.9007715155253833,0.010510936385529203
65,2,LMM-2,7,9.571428571428571,1.3997084244475304,19.142857142857142,2.799416848895061,0.9230705794721994,0.015441151264773842
65,3,LMM-1,7,12.285714285714286,0.764875162105191,24.571428571428573,1.529750324210382,0.8577583324676892,0.014717702966943703
65,3,LMM-2,7,9.476190476190476,1.412609235637269,18.952380952380953,2.825218471274538,0.8855655019268679,0.02264882477470872
65,4,LMM-1,7,11.892857142857142,0.7889543583705186,23.785714285714285,1.5779087167410373,0.8190898094602375,0.019074870944904614
65,4,LMM-2,7,9.321428571428571,1.373956004405096,18.642857142857142,2.747912008810192,0.8498967916412113,0.028904471087619683
65,5,LMM-1,7,11.657142857142857,0.8050858744917354,23.314285714285713,1.6101717489834708,0.7818030163048854,0.02299903042567584
65,5,LMM-2,7,9.171428571428573,1.4868127807151643,18.342857142857145,2.9736255614303286,0.8166372560813857,0.037656772760024194
65,6,LMM-1,7,11.333333333333332,0.8164965809277263,22.666666666666664,1.6329931618554525,0.7484032920893744,0.02659804641116826
65,6,LMM-2,7,8.952380952380953,1.4846149779161806,17.904761904761905,2.969229955832361,0.7858069462764474,0.043784029395731755
65,7,LMM-1,7,10.897959183673468,0.7548262044451808,21.795918367346935,1.5096524088903616,0.720294025147188,0.028018086514097002
65,7,LMM-2,7,8.46938775510204,1.3373187694208877,16.93877551020408,2.6746375388417754,0.7639966147240579,0.04472884495706159
65,8,LMM-1,7,10.339285714285714,0.7371345514482247,20.678571428571427,1.4742691028964494,0.6996484046685266,0.03059352922849952
65,8,LMM-2,7,7.946428571428571,1.0914790564240089,15.892857142857142,2.1829581128480178,0.7470861207648466,0.041434417963131444
66,2,LMM-1,7,10.571428571428571,1.3997084244475304,21.142857142857142,2.799416848895061,0.9114180537584203,0.01761618536373126
66,2,LMM-2,7,9.214285714285714,1.8488827293635406,18.428571428571427,3.697765458727081,0.9141291607359652,0.022014818762645823
66,3,LMM-1,7,10.619047619047619,1.4952684255340554,21.238095238095237,2.9905368510681107,0.8677638579653192,0.02415936787414056
66,3,LMM-2,7,9.142857142857142,1.245399698154478,18.285714285714285,2.490799396308956,0.8759110922578056,0.02118165919625904
66,4,LMM-1,7,10.357142857142858,1.4006193965091127,20.714285714285715,2.8012387930182254,0.828697448808757,0.03104783504541753
66,4,LMM-2,7,9.107142857142858,0.989743318610787,18.214285714285715,1.979486637221574,0.837439198488647,0.02344761305937519
66,5,LMM-1,7,10.542857142857143,0.7979565739296537,21.085714285714285,1.5959131478593074,0.7869579503986532,0.029169528442136747
66,5,LMM-2,7,9.114285714285714,0.9731077923386515,18.228571428571428,1.946215584677303,0.8012012270793746,0.025342777394424178
66,6,LMM-1,7,10.285714285714286,0.8851252521638622,20.571428571428573,1.7702505043277244,0.7541743534211761,0.035111931315794306
66,6,LMM-2,7,8.880952380952381,0.8761128329987667,17.761904761904763,1.7522256659975335,0.7706759463455628,0.023766965908146587
66,7,LMM-1,7,10.061224489795919,0.9594007570239316,20.122448979591837,1.9188015140478631,0.7211264292809336,0.04012595166591266
66,7,LMM-2,7,8.489795918367347,0.962434785514416,16.979591836734695,1.924869571028832,0.74517089960987,0.03334012263878597
66,8,LMM-1,7,9.839285714285714,1.0366375195499995,19.678571428571427,2.073275039099999,0.6928999188716769,0.045970078224249034
66,8,LMM-2,7,8.428571428571429,0.9398355262100548,16.857142857142858,1.8796710524201097,0.7147490691814443,0.03660924254216561
67,2,LMM-1,7,10.642857142857142,1.2453996981544782,21.285714285714285,2.4907993963089563,0.9244436408119433,0.01575266426947257
67,2,LMM-2,7,8.928571428571429,0.6226998490772391,17.857142857142858,1.2453996981544782,0.9321427583791821,0.00902139436828859
67,3,LMM-1,7,10.333333333333334,1.168366109179552,20.666666666666668,2.336732218359104,0.8898595812534612,0.022057103477982266
67,3,LMM-2,7,8.619047619047619,0.9159706696033973,17.238095238095237,1.8319413392067947,0.8999187262136789,0.017007795596926854
67,4,LMM-1,7,10.0,1.349603116263656,20.0,2.699206232527312,0.8546984577731799,0.03088208745871345
67,4,LMM-2,7,8.428571428571429,1.1473127431577865,16.857142857142858,2.294625486315573,0.8648137954690255,0.02610539841406478
67,5,LMM-1,7,9.714285714285714,1.4257114228428167,19.428571428571427,2.8514228456856334,0.8225869546384813,0.03808771934325989
67,5,LMM-2,7,8.571428571428571,1.0333223611442928,17.142857142857142,2.0666447222885855,0.8302802032350014,0.03216302009990574
67,6,LMM-1,7,9.69047619047619,1.456862718169367,19.38095238095238,2.913725436338734,0.7884868902205949,0.0458296605987414
67,6,LMM-2,7,8.285714285714286,1.1605769149479945,16.571428571428573,2.321153829895989,0.8025864729292432,0.04010125186331204
67,7,LMM-1,7,9.346938775510205,1.4645612341231964,18.69387755102041,2.9291224682463928,0.7635221658018333,0.0514396899290841
67,7,LMM-2,7,8.142857142857142,1.1878883437432857,16.285714285714285,2.3757766874865713,0.7725683364678902,0.04451242903128341
67,8,LMM-1,7,9.446428571428571,1.452917543343428,18.892857142857142,2.905835086686856,0.7260076606813064,0.055495092939201705
67,8,LMM-2,7,8.035714285714286,1.3240803508511876,16.071428571428573,2.648160701702375,0.7430131890520336,0.05235212112959431
68,2,LMM-1,7,10.714285714285714,1.1293848786315641,21.428571428571427,2.2587697572631282,0.9139922100256955,0.012944097234153847
68,2,LMM-2,7,8.714285714285714,1.305404777321219,17.428571428571427,2.610809554642438,0.9249468835463769,0.015693305688685266
68,3,LMM-1,7,10.476190476190478,1.124858267715973,20.952380952380956,2.249716535431946,0.8740440566648449,0.018715541896012856
68,3,LMM-2,7,8.476190476190476,1.245399698154478,16.952380952380953,2.490799396308956,0.8888046609257387,0.020409001900118122
68,4,LMM-1,7,10.035714285714286,1.1054133957530115,20.071428571428573,2.210826791506023,0.837619759285252,0.024201089375768394
68,4,LMM-2,7,8.571428571428571,1.0582523135735038,17.142857142857142,2.1165046271470076,0.851282587688032,0.022964117108406647
68,5,LMM-1,7,9.685714285714285,1.0411924090450626,19.37142857142857,2.082384818090125,0.8052125907135051,0.028868787835420625
68,5,LMM-2,7,8.457142857142857,1.0012237410248706,16.914285714285715,2.002447482049741,0.8162971365946959,0.02363246301671319
68,6,LMM-1,7,9.452380952380953,1.0262981934405857,18.904761904761905,2.0525963868811714,0.7739449375350747,0.033634495605003326
68,6,LMM-2,7,8.404761904761905,0.9422075684480655,16.80952380952381,1.884415136896131,0.7830104333378068,0.027097513872300995
68,7,LMM-1,7,9.142857142857142,1.0216319192476595,18.285714285714285,2.043263838495319,0.7459958670870289,0.03795119194916688
68,7,LMM-2,7,8.326530612244898,0.8763636960646484,16.653061224489797,1.7527273921292967,0.7502959495343335,0.028799888384966662
68,8,LMM-1,7,8.928571428571429,1.0239479419165323,17.857142857142858,2.0478958838330645,0.7191173371799868,0.04208642851552796
68,8,LMM-2,7,8.089285714285714,0.7981963085223932,16.178571428571427,1.5963926170447864,0.7233370956250861,0.02883751366236557
69,2,LMM-1,7,14.785714285714286,0.45175395145262565,29.571428571428573,0.9035079029052513,0.8815860961383253,0.007301472787991835
69,2,LMM-2,7,5.5,0.0,11.0,0.0,0.9623509118380985,0.0
69,3,LMM-1,7,14.285714285714286,0.45175395145262565,28.571428571428573,0.9035079029052513,0.8331964057632794,0.010330394433638758
69,3,LMM-2,7,6.761904761904761,0.9035079029052513,13.523809523809522,1.8070158058105026,0.9252679136373729,0.013130470502195882
69,4,LMM-1,7,14.035714285714286,0.45175395145262565,28.071428571428573,0.9035079029052513,0.7862653156510621,0.0129719580936034
69,4,LMM-2,7,7.964285714285714,0.45175395145262565,15.928571428571429,0.9035079029052513,0.8765064552421242,0.0065353975093718954
69,5,LMM-1,7,13.685714285714285,0.45175395145262565,27.37142857142857,0.9035079029052513,0.7439901293349374,0.015312194936783678
69,5,LMM-2,7,8.314285714285713,0.45175395145262565,16.628571428571426,0.9035079029052513,0.8373777908103407,0.008205810851346255
69,6,LMM-1,7,13.45238095238095,0.45175395145262565,26.9047619047619,0.9035079029052513,0.7045382898114713,0.017365035451235272
69,6,LMM-2,7,8.690476190476192,0.22587697572631282,17.380952380952383,0.45175395145262565,0.7960176255743879,0.0024611238554164074
69,7,LMM-1,7,13.16326530612245,0.44149607454661094,26.3265306122449,0.8829921490932219,0.6684921928309524,0.018824390781880508
69,7,LMM-2,7,8.83673469387755,0.09126808071427749,17.6734693877551,0.18253616142855497,0.7582241646149578,0.002916983462903423
69,8,LMM-1,7,12.839285714285714,0.5890150893739515,25.678571428571427,1.178030178747903,0.6348226001364433,0.023495483792973556
69,8,LMM-2,7,8.821428571428571,0.25753937681885636,17.642857142857142,0.5150787536377127,0.7249760613162393,0.008782577139897494
70,2,LMM-1,7,11.285714285714286,0.9583148474999099,22.571428571428573,1.9166296949998198,0.9147926350085783,0.012793776722322235
70,2,LMM-2,7,9.785714285714286,1.8098370656171325,19.571428571428573,3.619674131234265,0.9196567647623851,0.01999591807110729
70,3,LMM-1,7,10.714285714285714,1.0301575072754257,21.428571428571427,2.0603150145508513,0.8750619733957089,0.018387216137427
70,3,LMM-2,7,9.476190476190476,1.6509462688914016,18.952380952380953,3.3018925377828032,0.8798519440007773,0.02437320543304401
70,4,LMM-1,7,10.5,1.0350983390135313,21.0,2.0701966780270626,0.8392792943202089,0.024288166639283768
70,4,LMM-2,7,9.285714285714286,1.4294640068706785,18.571428571428573,2.858928013741357,0.8443968138744762,0.027039241561521484
70,5,LMM-1,7,10.257142857142856,1.0567566862232531,20.514285714285712,2.1135133724465063,0.8064056434410085,0.027681904541833946
70,5,LMM-2,7,9.0,1.3093073414159542,18.0,2.6186146828319083,0.8142451211613152,0.028056949544289226
70,6,LMM-1,7,10.095238095238097,1.0307076581863504,20.190476190476193,2.0614153163727007,0.7738171974761935,0.032932719790885266
70,6,LMM-2,7,8.857142857142858,1.1318918403814013,17.714285714285715,2.2637836807628027,0.7828222174436067,0.029579139834047596
70,7,LMM-1,7,9.857142857142858,1.0414163936467815,19.714285714285715,2.082832787293563,0.7446382595099091,0.036147778883500535
70,7,LMM-2,7,8.73469387755102,1.188939727643225,17.46938775510204,2.37787945528645,0.754007634607021,0.03202089585414618
70,8,LMM-1,7,9.642857142857142,1.040322261687822,19.285714285714285,2.080644523375644,0.7172424486047247,0.037677052634467585
70,8,LMM-2,7,8.767857142857142,0.969233338936565,17.535714285714285,1.93846667787313,0.7243303993546945,0.02998443432766335
71,2,LMM-1,7,15.142857142857142,3.136356914300021,30.285714285714285,6.272713828600042,0.8508919311309079,0.04172017091322214
71,2,LMM-2,7,9.285714285714286,0.6998542122237652,18.571428571428573,1.3997084244475304,0.9155048844724599,0.009448241538405051
71,3,LMM-1,7,15.142857142857142,3.136356914300021,30.285714285714285,6.272713828600042,0.7910434145308763,0.05772322822672152
71,3,LMM-2,7,10.19047619047619,1.1527350892295432,20.38095238095238,2.3054701784590863,0.863516388251365,0.023636532283001555
71,4,LMM-1,7,15.142857142857142,3.136356914300021,30.285714285714285,6.272713828600042,0.7344218370773732,0.07089168667026889
71,4,LMM-2,7,10.535714285714286,1.6925708015818266,21.071428571428573,3.385141603163653,0.8160717982490383,0.04362545489557878
71,5,LMM-1,7,14.942857142857145,3.136356914300021,29.88571428571429,6.272713828600042,0.6823314163048393,0.0816758882870238
71,5,LMM-2,7,10.085714285714287,1.3767752917893434,20.171428571428574,2.753550583578687,0.7848287796318554,0.04259489179450351
71,6,LMM-1,7,14.642857142857142,3.136356914300021,29.285714285714285,6.272713828600042,0.6363573535090384,0.09067806946293493
71,6,LMM-2,7,9.619047619047619,1.1775488589407843,19.238095238095237,2.3550977178815686,0.7572541856779235,0.042054645282191286
71,7,LMM-1,7,14.428571428571429,3.1363569143000207,28.857142857142858,6.2727138286000415,0.5953943198673831,0.09818866691123715
71,7,LMM-2,7,9.673469387755103,1.4522813775230359,19.346938775510207,2.9045627550460718,0.7181757374545347,0.05724247055927891
71,8,LMM-1,7,14.267857142857142,3.136356914300021,28.535714285714285,6.272713828600042,0.5563763216359525,0.10402018291397469
71,8,LMM-2,7,9.660714285714286,1.6925708015818266,19.321428571428573,3.385141603163653,0.6825677167065459,0.071649888542192
72,2,LMM-1,7,12.928571428571429,0.9035079029052513,25.857142857142858,1.8070158058105026,0.8998483883409979,0.013004180215701782
72,2,LMM-2,7,10.928571428571429,0.9035079029052513,21.857142857142858,1.8070158058105026,0.9113944387886173,0.012252034158322909
72,3,LMM-1,7,12.428571428571429,0.9035079029052513,24.857142857142858,1.8070158058105026,0.8565529674438203,0.018620737375388084
72,3,LMM-2,7,10.428571428571429,0.9035079029052513,20.857142857142858,1.8070158058105026,0.8730822876278191,0.01765699910843765
72,4,LMM-1,7,11.964285714285714,0.860113898485164,23.928571428571427,1.720227796970328,0.8166124131515934,0.022907498625933685
72,4,LMM-2,7,10.035714285714286,0.860113898485164,20.071428571428573,1.720227796970328,0.8364471893466543,0.022576293191608414
72,5,LMM-1,7,11.571428571428571,0.8907689867497082,23.142857142857142,1.7815379734994163,0.7786731263909249,0.026985814994143837
72,5,LMM-2,7,9.714285714285714,0.8407965125464091,19.428571428571427,1.6815930250928182,0.8003156661733664,0.02674356750835516
72,6,LMM-1,7,11.214285714285714,0.9159706696033975,22.428571428571427,1.831941339206795,0.7434433756221,0.030918489416895123
72,6,LMM-2,7,9.357142857142858,0.8471641368884383,18.714285714285715,1.6943282737768766,0.7693683449019265,0.03199244029590416
72,7,LMM-1,7,10.897959183673468,0.8663259296649438,21.795918367346935,1.7326518593298876,0.7120228717028126,0.03421373840046488
72,7,LMM-2,7,9.16326530612245,0.933436459267696,18.3265306122449,1.866872918535392,0.7386757536782065,0.03772250453006027
72,8,LMM-1,7,10.553571428571429,0.9059750638547016,21.107142857142858,1.8119501277094032,0.6825911456856409,0.03781597687535988
72,8,LMM-2,7,9.017857142857142,0.7889543583705186,18.035714285714285,1.5779087167410373,0.7090500715124304,0.03854676669186779
73,2,LMM-1,7,19.0,0.0,38.0,0.0,0.8321182589551305,0.0
73,2,LMM-2,7,11.0,0.0,22.0,0.0,0.8987864943665349,0.0
73,3,LMM-1,7,18.666666666666668,0.0,37.333333333333336,0.0,0.7632725808966748,0.0
73,3,LMM-2,7,10.666666666666666,0.0,21.333333333333332,0.0,0.8568146640505064,0.0
73,4,LMM-1,7,18.5,0.0,37.0,0.0,0.6993508172759383,0.0
73,4,LMM-2,7,10.5,0.0,21.0,0.0,0.8159021151779523,0.0
73,5,LMM-1,7,18.4,0.0,36.8,0.0,0.640782307481751,0.0
73,5,LMM-2,7,10.4,0.0,20.8,0.0,0.7769431237379194,0.0
73,6,LMM-1,7,18.166666666666668,0.0,36.333333333333336,0.0,0.5881223682249114,0.0
73,6,LMM-2,7,10.166666666666666,0.0,20.333333333333332,0.0,0.7411091167450005,0.0
73,7,LMM-1,7,17.857142857142858,0.0,35.714285714285715,0.0,0.5369746366785632,0.004042965370514259
73,7,LMM-2,7,9.857142857142858,0.0,19.714285714285715,0.0,0.7032406623567248,0.005294808080009382
73,8,LMM-1,7,17.553571428571427,0.09105391988558545,35.107142857142854,0.1821078397711709,0.4949087352776421,0.004319952103970943
73,8,LMM-2,7,9.553571428571429,0.09105391988558545,19.107142857142858,0.1821078397711709,0.6736139366112285,0.005879831442246322
74,2,LMM-1,7,10.785714285714286,1.1605769149479943,21.571428571428573,2.3211538298959886,0.9090646811844941,0.014291560173982015
74,2,LMM-2,7,8.642857142857142,1.6413036132965797,17.285714285714285,3.2826072265931594,0.9219823298368631,0.019874137985424468
74,3,LMM-1,7,10.380952380952381,1.0605265453009565,20.761904761904763,2.121053090601913,0.8697246258578257,0.019636415468225518
74,3,LMM-2,7,7.809523809523809,1.219642711891971,15.619047619047619,2.439285423783942,0.8947587563292201,0.0223194697330034
74,4,LMM-1,7,10.178571428571429,1.1930923634635762,20.357142857142858,2.3861847269271523,0.8325780084819574,0.026816338089617833
74,4,LMM-2,7,7.535714285714286,1.1528580279692124,15.071428571428571,2.305716055938425,0.8665623254520726,0.026825218300301684
74,5,LMM-1,7,10.057142857142859,1.1349728037737832,20.114285714285717,2.2699456075475664,0.7959417366030245,0.03058752134657449
74,5,LMM-2,7,7.3428571428571425,0.9839528775841464,14.685714285714285,1.9679057551682928,0.8387312841499595,0.02772694654671421
74,6,LMM-1,7,9.857142857142858,1.1664236870396085,19.714285714285715,2.332847374079217,0.763567535171491,0.0353228201203884
74,6,LMM-2,7,7.214285714285714,1.041649659725112,14.428571428571429,2.083299319450224,0.8111804397783854,0.033642714004050646
74,7,LMM-1,7,10.040816326530612,1.0035339471954488,20.081632653061224,2.0070678943908975,0.7243494385865443,0.035798372286578825
74,7,LMM-2,7,7.224489795918367,0.9409911741549798,14.448979591836734,1.8819823483099596,0.7835860308675405,0.03570062046392508
74,8,LMM-1,7,9.803571428571429,1.0304670033038221,19.607142857142858,2.0609340066076443,0.6957741205120621,0.039555430384498415
74,8,LMM-2,7,7.178571428571429,0.9084355244269218,14.357142857142858,1.8168710488538435,0.7544490455229783,0.03713140533610915
75,2,LMM-1,7,16.5,3.173551413074723,33.0,6.347102826149446,0.8599027113307842,0.03681113989580464
75,2,LMM-2,7,8.0,0.0,16.0,0.0,0.9370519294359071,0.0009902906064436388
75,3,LMM-1,7,16.476190476190474,3.226168511610347,32.95238095238095,6.452337023220694,0.7979558759125224,0.05182169759141349
75,3,LMM-2,7,8.666666666666668,1.5836465855538944,17.333333333333336,3.1672931711077887,0.894655323648568,0.024071431687772895
75,4,LMM-1,7,16.178571428571427,3.331972511340172,32.357142857142854,6.663945022680344,0.7443292296318015,0.06536437752149055
75,4,LMM-2,7,8.714285714285714,1.7547312137911781,17.428571428571427,3.5094624275823563,0.8609544536248561,0.03382645495972114
75,5,LMM-1,7,16.02857142857143,3.3319725113401724,32.05714285714286,6.663945022680345,0.6929583333516545,0.07355583574424715
75,5,LMM-2,7,8.714285714285714,1.9649998701770743,17.428571428571427,3.9299997403541487,0.8291810692160483,0.044541324724040134
75,6,LMM-1,7,15.928571428571429,3.331972511340172,31.857142857142858,6.663945022680344,0.6457982772331553,0.08024266264132977
75,6,LMM-2,7,8.738095238095237,2.107916188465844,17.476190476190474,4.215832376931688,0.8002164569939786,0.05509171789896636
75,7,LMM-1,7,15.551020408163266,3.3775356063523976,31.102040816326532,6.755071212704795,0.6085283053787686,0.08949515120229418
75,7,LMM-2,7,8.551020408163264,2.1468378962875323,17.10204081632653,4.293675792575065,0.7762128553503137,0.06374001640992327
75,8,LMM-1,7,15.267857142857142,3.411789284590855,30.535714285714285,6.82357856918171,0.5736329492337379,0.09763062943231787
75,8,LMM-2,7,8.375,2.2150056433336687,16.75,4.430011286667337,0.7548373396680795,0.07249133131400187
76,2,LMM-1,7,10.142857142857142,0.9529760045804524,20.285714285714285,1.9059520091609048,0.9202294249498565,0.014184802346052634
76,2,LMM-2,7,8.5,1.9820624179302297,17.0,3.9641248358604595,0.9297644910090094,0.021526832342883374
76,3,LMM-1,7,9.904761904761907,0.9547589359887342,19.809523809523814,1.9095178719774684,0.8841383145087411,0.022136829744435118
76,3,LMM-2,7,8.285714285714286,1.2777531299998799,16.571428571428573,2.5555062599997598,0.8946202047502795,0.020502938869103076
76,4,LMM-1,7,9.642857142857142,1.0251928638862373,19.285714285714285,2.0503857277724746,0.8520005389816425,0.026025457551281266
76,4,LMM-2,7,8.035714285714286,1.0214535461482208,16.071428571428573,2.0429070922964416,0.8660560629315032,0.021024303221257215
76,5,LMM-1,7,9.457142857142857,1.184250387203583,18.914285714285715,2.368500774407166,0.8181853438922658,0.03626018919574578
76,5,LMM-2,7,8.2,1.1710800875382397,16.4,2.3421601750764793,0.8318638845542594,0.030809487958973234
76,6,LMM-1,7,9.428571428571429,1.2531140349467396,18.857142857142858,2.506228069893479,0.7836504425766292,0.04250116056047898
76,6,LMM-2,7,8.285714285714286,0.9948848769417226,16.571428571428573,1.9897697538834451,0.7961629582138732,0.03431434893688063
76,7,LMM-1,7,9.306122448979592,1.285552305961112,18.612244897959183,2.571104611922224,0.7509457408619766,0.04824719266708241
76,7,LMM-2,7,8.020408163265305,0.9731933891890908,16.04081632653061,1.9463867783781816,0.7704484523940848,0.039663938974563925
76,8,LMM-1,7,9.089285714285714,1.4137625294921061,18.178571428571427,2.8275250589842122,0.7238764753554573,0.05790722107663881
76,8,LMM-2,7,7.928571428571429,0.8860454450039483,15.857142857142858,1.7720908900078967,0.7427461283062206,0.04429389482809512
77,2,LMM-1,7,11.142857142857142,2.0824828195876073,22.285714285714285,4.164965639175215,0.904551765030626,0.024849779909474703
77,2,LMM-2,7,9.714285714285714,1.6444092047459054,19.428571428571427,3.2888184094918107,0.9096412780110897,0.01864831926464052
77,3,LMM-1,7,10.904761904761903,2.2797541340163474,21.809523809523807,4.559508268032695,0.8614452625807653,0.03653661692237831
77,3,LMM-2,7,9.428571428571429,1.7156079556811257,18.857142857142858,3.4312159113622513,0.8696926464622178,0.025841868870874342
77,4,LMM-1,7,10.607142857142858,2.0171458923489913,21.214285714285715,4.034291784697983,0.8236316342633564,0.043743019433376905
77,4,LMM-2,7,9.178571428571429,1.5510036250434618,18.357142857142858,3.1020072500869236,0.8328760643931095,0.03084480437466573
77,5,LMM-1,7,10.342857142857143,1.9470542899886654,20.685714285714287,3.8941085799773307,0.7894112274784771,0.052283162351080714
77,5,LMM-2,7,8.914285714285715,1.4136362144974837,17.82857142857143,2.8272724289949673,0.8011540305476749,0.03302484733135873
77,6,LMM-1,7,10.238095238095239,1.985777091618385,20.476190476190478,3.97155418323677,0.7533553383944946,0.05947572107596243
77,6,LMM-2,7,8.809523809523808,1.4210117439406453,17.619047619047617,2.8420234878812907,0.7677372792077872,0.03702519411107798
77,7,LMM-1,7,9.938775510204081,1.9240038774518653,19.877551020408163,3.8480077549037306,0.7254038689834204,0.06551727213823988
77,7,LMM-2,7,8.653061224489795,1.3376301720958317,17.30612244897959,2.6752603441916634,0.7395227901334174,0.039464037958882266
77,8,LMM-1,7,9.714285714285714,1.9222780915425557,19.428571428571427,3.8445561830851114,0.6975811800347509,0.07232561347203019
77,8,LMM-2,7,8.375,1.235631706571871,16.75,2.471263413143742,0.715084900283541,0.041101038871229637
78,2,LMM-1,7,12.214285714285714,0.45175395145262565,24.428571428571427,0.9035079029052513,0.9030302651573644,0.010993270928871242
78,2,LMM-2,7,9.285714285714286,1.305404777321219,18.571428571428573,2.610809554642438,0.9240105662805908,0.016460891922561827
78,3,LMM-1,7,11.714285714285714,0.45175395145262565,23.428571428571427,0.9035079029052513,0.8599074350821041,0.015744644424418204
78,3,LMM-2,7,8.952380952380953,1.2270570215928691,17.904761904761905,2.4541140431857382,0.8876565670449453,0.023436900849361852
78,4,LMM-1,7,11.464285714285714,0.45175395145262565,22.928571428571427,0.9035079029052513,0.8188743676815056,0.020044411394655
78,4,LMM-2,7,8.785714285714286,1.1984258382544655,17.571428571428573,2.396851676508931,0.8528037879009541,0.030047440735101166
78,5,LMM-1,7,11.257142857142856,0.5421047417431504,22.514285714285712,1.0842094834863008,0.7781752666232624,0.025468722679991288
78,5,LMM-2,7,8.628571428571428,1.2577920401745792,17.257142857142856,2.5155840803491585,0.81765976435344,0.03748302409317712
78,6,LMM-1,7,10.904761904761907,0.5832118435198046,21.809523809523814,1.1664236870396092,0.7433664925671168,0.027373918709065224
78,6,LMM-2,7,8.404761904761905,1.2371791482634842,16.80952380952381,2.4743582965269684,0.7860359741562829,0.04090349485501365
78,7,LMM-1,7,10.408163265306124,0.5935934519285303,20.816326530612248,1.1871869038570606,0.7175366475054851,0.030392104573303408
78,7,LMM-2,7,8.081632653061224,1.1450416440086155,16.163265306122447,2.290083288017231,0.7592125393755947,0.04248400021909904
78,8,LMM-1,7,10.017857142857142,0.6283075744913993,20.035714285714285,1.2566151489827986,0.6912982898576251,0.03528210669571973
78,8,LMM-2,7,7.875,1.1726039399558574,15.75,2.345207879911715,0.7329107510974767,0.04622157101639911
79,2,LMM-1,7,11.214285714285714,1.4356965173029843,22.428571428571427,2.8713930346059686,0.9108031374185366,0.017490706043781137
79,2,LMM-2,7,8.428571428571429,0.4948716593053935,16.857142857142858,0.989743318610787,0.9309826502860442,0.006431384032224457
79,3,LMM-1,7,11.0,1.511857892036909,22.0,3.023715784073818,0.8729091576796817,0.025106413047341496
79,3,LMM-2,7,8.285714285714286,0.6998542122237652,16.571428571428573,1.3997084244475304,0.9007346855105277,0.012300568598722528
79,4,LMM-1,7,10.75,1.511857892036909,21.5,3.023715784073818,0.8371981201208857,0.032113180258184396
79,4,LMM-2,7,8.071428571428571,0.7873359887517358,16.142857142857142,1.5746719775034717,0.8720612693515841,0.017737039126130498
79,5,LMM-1,7,10.457142857142857,1.5555037244361372,20.914285714285715,3.1110074488722743,0.8016760552617859,0.03923461660430205
79,5,LMM-2,7,8.057142857142857,0.8329931278350429,16.114285714285714,1.6659862556700857,0.8362326770720285,0.022304601590286254
79,6,LMM-1,7,10.238095238095239,1.687623347301843,20.476190476190478,3.375246694603686,0.7658769531548701,0.04889517654059425
79,6,LMM-2,7,7.857142857142857,1.0405606373053407,15.714285714285714,2.0811212746106813,0.8049544344571041,0.03193088093037815
79,7,LMM-1,7,10.0,1.7612611437054222,20.0,3.5225222874108444,0.7367580917613233,0.05549370297621013
79,7,LMM-2,7,7.836734693877551,1.056504416779166,15.673469387755102,2.113008833558332,0.7749453478787055,0.0353937307772025
79,8,LMM-1,7,9.892857142857142,1.7670452681218545,19.785714285714285,3.534090536243709,0.7028160163257591,0.06333107779876891
79,8,LMM-2,7,7.767857142857143,1.1268408974488215,15.535714285714286,2.253681794897643,0.7425979603556357,0.043561370828090404
80,2,LMM-1,7,12.428571428571429,0.9422075684480656,24.857142857142858,1.8844151368961313,0.9037155929972235,0.00687566752746277
80,2,LMM-2,7,9.214285714285714,0.5248906591678238,18.428571428571427,1.0497813183356477,0.9216099809148538,0.0037949426887458524
80,3,LMM-1,7,12.238095238095239,0.7707816217256498,24.476190476190478,1.5415632434512996,0.8557722520873854,0.01060344883102532
80,3,LMM-2,7,9.047619047619047,0.5471012044321929,18.095238095238095,1.0942024088643858,0.884546561862222,0.008481594956432642
80,4,LMM-1,7,11.571428571428571,0.6368769464331074,23.142857142857142,1.2737538928662149,0.8184350033995763,0.012244903004881886
80,4,LMM-2,7,8.75,0.6267831705280087,17.5,1.2535663410560174,0.8538802941240357,0.01058143058738857
80,5,LMM-1,7,11.428571428571429,0.8778452283278408,22.857142857142858,1.7556904566556817,0.7790027913259794,0.017690879490971322
80,5,LMM-2,7,8.6,0.48989794855663565,17.2,0.9797958971132713,0.8207474103808388,0.011216339787455915
80,6,LMM-1,7,11.333333333333332,0.408248290463863,22.666666666666664,0.816496580927726,0.738676284452966,0.010355124996653017
80,6,LMM-2,7,8.5,0.17817416127494942,17.0,0.35634832254989884,0.787378499931785,0.004664665362824544
80,7,LMM-1,7,10.938775510204081,0.3882917875600092,21.877551020408163,0.7765835751200184,0.7108133698001327,0.010393584129396472
80,7,LMM-2,7,8.244897959183673,0.31218486817915003,16.489795918367346,0.6243697363583001,0.7612036541533322,0.008673787964057518
80,8,LMM-1,7,10.678571428571429,0.5125964319431187,21.357142857142858,1.0251928638862373,0.6803948553082421,0.014063594872464655
80,8,LMM-2,7,8.178571428571429,0.3123724229381411,16.357142857142858,0.6247448458762822,0.7313083052937175,0.009244002008666206
81,2,LMM-1,7,10.428571428571429,1.1473127431577865,20.857142857142858,2.294625486315573,0.9155502765969886,0.013614341009213519
81,2,LMM-2,7,8.857142857142858,0.6388765649999399,17.714285714285715,1.2777531299998799,0.9263219861878217,0.011877530438045136
81,3,LMM-1,7,10.714285714285714,1.2399253872658604,21.428571428571427,2.479850774531721,0.8717947521292537,0.019028886246501342
81,3,LMM-2,7,8.761904761904763,0.6098213559459856,17.523809523809526,1.2196427118919713,0.8919166986718083,0.012907510116748419
81,4,LMM-1,7,10.285714285714286,1.2132348393902164,20.571428571428573,2.4264696787804327,0.8369588080325573,0.024301750379399075
81,4,LMM-2,7,8.285714285714286,0.7726181304565691,16.571428571428573,1.5452362609131383,0.8658151654297223,0.016584155125169937
81,5,LMM-1,7,10.028571428571428,1.202039083883579,20.057142857142857,2.404078167767158,0.8034507945631316,0.029709009058906676
81,5,LMM-2,7,8.314285714285715,0.5111012519999523,16.62857142857143,1.0222025039999045,0.8354800006746919,0.01501322300697531
81,6,LMM-1,7,9.571428571428571,1.1368891796488878,19.142857142857142,2.2737783592977756,0.775296540028873,0.03351340722697393
81,6,LMM-2,7,7.928571428571429,0.6353173363869681,15.857142857142858,1.2706346727739362,0.8088382404485287,0.021848873744139668
81,7,LMM-1,7,9.224489795918368,1.1035514967016955,18.448979591836736,2.207102993403391,0.7468670086516125,0.037284194403122285
81,7,LMM-2,7,7.734693877551021,0.6932770510801237,15.469387755102042,1.3865541021602474,0.7805314221971899,0.026315891235365457
81,8,LMM-1,7,8.892857142857142,1.0295382360999696,17.785714285714285,2.0590764721999393,0.7218260959541931,0.039424219843411636
81,8,LMM-2,7,7.571428571428571,0.6191048508342756,15.142857142857142,1.2382097016685512,0.7528318852395464,0.026286735602965603
82,2,LMM-1,7,18.0,0.0,36.0,0.0,0.8433229940551012,0.0
82,2,LMM-2,7,13.0,0.0,26.0,0.0,0.8739019408095275,0.0
82,3,LMM-1,7,18.0,0.0,36.0,0.0,0.7791917602997529,0.0
82,3,LMM-2,7,12.666666666666666,0.0,25.333333333333332,0.0,0.8259223789847088,0.0
82,4,LMM-1,7,17.75,0.0,35.5,0.0,0.7144475436859932,0.0
82,4,LMM-2,7,12.5,0.0,25.0,0.0,0.7709027782373318,0.0
82,5,LMM-1,7,17.4,0.0,34.8,0.0,0.6629667081753886,0.0
82,5,LMM-2,7,12.2,0.0,24.4,0.0,0.7282078638889277,0.0
82,6,LMM-1,7,17.0,0.0,34.0,0.0,0.6156061103696897,0.0
82,6,LMM-2,7,11.833333333333334,0.0,23.666666666666668,0.0,0.6883367344505283,0.0
82,7,LMM-1,7,16.571428571428573,0.0,33.142857142857146,0.0,0.5753012762622058,0.0
82,7,LMM-2,7,11.428571428571429,0.0,22.857142857142858,0.0,0.654828757532204,0.0
82,8,LMM-1,7,16.125,0.0,32.25,0.0,0.5399049904131922,0.0
82,8,LMM-2,7,11.0,0.0,22.0,0.0,0.6255818339079539,0.0
83,2,LMM-1,7,15.071428571428571,1.3477115902938006,30.142857142857142,2.695423180587601,0.8738947279589044,0.016044170080516087
83,2,LMM-2,7,10.714285714285714,1.2777531299998799,21.428571428571427,2.5555062599997598,0.9101288813049031,0.01696129984589864
83,3,LMM-1,7,14.571428571428571,1.422208049816008,29.142857142857142,2.844416099632016,0.8200199776087896,0.02354702084214899
83,3,LMM-2,7,10.714285714285714,0.982846068597633,21.428571428571427,1.965692137195266,0.865157479961041,0.012589307045149623
83,4,LMM-1,7,14.107142857142858,1.3083327917153003,28.214285714285715,2.6166655834306005,0.7707766711510923,0.028694380652011672
83,4,LMM-2,7,10.857142857142858,1.1088696211614302,21.714285714285715,2.2177392423228603,0.8198374489237503,0.0208800565466557
83,5,LMM-1,7,13.857142857142858,1.3552618543578772,27.714285714285715,2.7105237087157543,0.7246223682512635,0.03436793427426399
83,5,LMM-2,7,10.37142857142857,0.9995917534020515,20.74285714285714,1.999183506804103,0.7892599508422816,0.02086921851773252
83,6,LMM-1,7,13.5,1.2940645944477327,27.0,2.5881291888954654,0.6804188133598071,0.0377489483626195
83,6,LMM-2,7,10.142857142857142,1.401327520910682,20.285714285714285,2.802655041821364,0.7534442437159133,0.03437669537322591
83,7,LMM-1,7,13.142857142857142,1.2547286652195426,26.285714285714285,2.5094573304390853,0.642882646831792,0.041048484309656276
83,7,LMM-2,7,9.673469387755103,1.089879993699485,19.346938775510207,2.17975998739897,0.7286115582699496,0.03195901667595171
83,8,LMM-1,7,12.857142857142858,1.2911591058946585,25.714285714285715,2.582318211789317,0.6064593371423658,0.04520265037947637
83,8,LMM-2,7,9.607142857142858,1.0509956406830114,19.214285714285715,2.101991281366023,0.7006875590401103,0.03355193393928425
84,2,LMM-1,7,10.785714285714286,0.6998542122237652,21.571428571428573,1.3997084244475304,0.9130866241085148,0.008957601449547903
84,2,LMM-2,7,8.714285714285714,0.7953949089757174,17.428571428571427,1.5907898179514348,0.9271509072257051,0.010428130806104934
84,3,LMM-1,7,10.619047619047619,0.6998542122237651,21.238095238095237,1.3997084244475302,0.8724584255466905,0.012984868822999733
84,3,LMM-2,7,8.619047619047619,0.8806305718527113,17.238095238095237,1.7612611437054226,0.8925073509445938,0.01424911183881573
84,4,LMM-1,7,10.357142857142858,0.6102859818083951,20.714285714285715,1.2205719636167902,0.8337627095966883,0.013998280119229805
84,4,LMM-2,7,8.25,1.026436275942851,16.5,2.052872551885702,0.8618022663877442,0.022285500680245506
84,5,LMM-1,7,10.200000000000001,0.807111250961459,20.400000000000002,1.614222501922918,0.7966611865217684,0.023210757664880483
84,5,LMM-2,7,8.257142857142856,0.4865538961693257,16.514285714285712,0.9731077923386514,0.8244154729218557,0.013248218441107856
84,6,LMM-1,7,9.976190476190476,0.8088232262601446,19.952380952380953,1.6176464525202892,0.7637922440960532,0.0255856342635221
84,6,LMM-2,7,7.952380952380953,0.664963811608045,15.904761904761907,1.32992762321609,0.7978532459240126,0.019716489769404842
84,7,LMM-1,7,9.612244897959185,0.7776554646227614,19.22448979591837,1.5553109292455227,0.7366583999901304,0.028440498032142113
84,7,LMM-2,7,7.795918367346938,0.6780917439116794,15.591836734693876,1.3561834878233587,0.7714190061158478,0.024067275912852716
84,8,LMM-1,7,9.553571428571429,0.9157772432112918,19.107142857142858,1.8315544864225837,0.703582892157917,0.03615974864702411
84,8,LMM-2,7,7.875,0.48181205582971576,15.75,0.9636241116594315,0.7375552121907197,0.01906153051916707
85,2,LMM-1,7,12.285714285714286,0.6998542122237652,24.571428571428573,1.3997084244475304,0.9031199344943399,0.007217842853131635
85,2,LMM-2,7,9.714285714285714,2.0503857277724746,19.428571428571427,4.100771455544949,0.9204993990240052,0.022071439553446648
85,3,LMM-1,7,12.285714285714286,0.8053111678708454,24.571428571428573,1.610622335741691,0.8563243017533969,0.013456311661063234
85,3,LMM-2,7,9.714285714285714,2.1338434764198166,19.428571428571427,4.267686952839633,0.8813636446440734,0.033796985369813376
85,4,LMM-1,7,12.107142857142858,0.7178482586514922,24.214285714285715,1.4356965173029843,0.8142970484872825,0.01585914713965392
85,4,LMM-2,7,9.607142857142858,2.065261756400137,19.214285714285715,4.130523512800274,0.8446814238356776,0.042275640020423465
85,5,LMM-1,7,11.942857142857141,0.8797031039051804,23.885714285714283,1.7594062078103607,0.7747208188017568,0.02134615042430576
85,5,LMM-2,7,9.485714285714286,2.231865697078549,18.97142857142857,4.463731394157098,0.8101679426874832,0.05358441965653247
85,6,LMM-1,7,12.023809523809524,1.1527350892295436,24.047619047619047,2.305470178459087,0.7306107508120201,0.030700689874366045
85,6,LMM-2,7,9.571428571428571,2.348348191607229,19.142857142857142,4.696696383214458,0.7720051193053042,0.06460115169349744
85,7,LMM-1,7,12.326530612244898,1.3674992300204865,24.653061224489797,2.734998460040973,0.681015089628845,0.03956179116438395
85,7,LMM-2,7,9.857142857142858,2.4183458192445775,19.714285714285715,4.836691638489155,0.7271282737094641,0.0731442341786439
85,8,LMM-1,7,12.267857142857142,1.4133113526720984,24.535714285714285,2.826622705344197,0.642156242400672,0.044064518136294535
85,8,LMM-2,7,9.892857142857142,2.306269184423277,19.785714285714285,4.612538368846554,0.6893063856228222,0.07634947475394259
86,2,LMM-1,7,11.928571428571429,0.4948716593053935,23.857142857142858,0.989743318610787,0.9157423958637171,0.008644399229537482
86,2,LMM-2,7,8.357142857142858,2.4743582965269675,16.714285714285715,4.948716593053935,0.9380910100586295,0.023724363582997298
86,3,LMM-1,7,11.476190476190476,0.5593971487843207,22.952380952380953,1.1187942975686413,0.8781833218674577,0.01289105757691992
86,3,LMM-2,7,7.904761904761905,2.517962679314721,15.80952380952381,5.035925358629442,0.9107213059903531,0.03496766626522175
86,4,LMM-1,7,11.428571428571429,0.4948716593053935,22.857142857142858,0.989743318610787,0.8402979998924154,0.01585539909513845
86,4,LMM-2,7,7.857142857142857,2.4743582965269675,15.714285714285714,4.948716593053935,0.8822986564017532,0.04476101755767805
86,5,LMM-1,7,10.971428571428572,0.5062870041905532,21.942857142857143,1.0125740083811063,0.8060973454025324,0.02010513317243502
86,5,LMM-2,7,7.457142857142857,2.142666658200306,14.914285714285715,4.285333316400612,0.8559160830877286,0.047351807012722125
86,6,LMM-1,7,10.857142857142858,0.46656947481584354,21.714285714285715,0.9331389496316871,0.770974099110575,0.0220306688407128
86,6,LMM-2,7,7.3809523809523805,2.221315007560115,14.761904761904761,4.44263001512023,0.8263544754071441,0.05835465922961477
86,7,LMM-1,7,10.571428571428571,0.6203544552477825,21.142857142857142,1.240708910495565,0.7382296640930759,0.033195686311061
86,7,LMM-2,7,7.285714285714286,2.0289450647569907,14.571428571428571,4.057890129513981,0.7921518044467503,0.06199681431098185
86,8,LMM-1,7,10.107142857142858,0.679510628230016,20.214285714285715,1.359021256460032,0.7144542510637154,0.03553533877975639
86,8,LMM-2,7,7.071428571428571,1.8186252937820022,14.142857142857142,3.6372505875640044,0.7658677377481816,0.06117506550073752
87,2,LMM-1,7,11.928571428571429,0.7284313590846836,23.857142857142858,1.4568627181693672,0.9126476361763943,0.010217380058106587
87,2,LMM-2,7,10.214285714285714,0.8806305718527109,20.428571428571427,1.7612611437054218,0.9218650008986791,0.010577735546688699
87,3,LMM-1,7,11.619047619047619,0.9159706696033971,23.238095238095237,1.8319413392067943,0.869846993373727,0.018823868280272393
87,3,LMM-2,7,9.904761904761903,1.0795984808337744,19.809523809523807,2.159196961667549,0.8830761855256851,0.020206070214982733
87,4,LMM-1,7,11.464285714285714,0.7840892285750053,22.928571428571427,1.5681784571500106,0.8282054465641506,0.01930496651964984
87,4,LMM-2,7,9.785714285714286,1.1214513191505415,19.571428571428573,2.242902638301083,0.8443354915951699,0.023514112280301685
87,5,LMM-1,7,11.085714285714285,0.9905677613348411,22.17142857142857,1.9811355226696823,0.7903834098748103,0.031023816354473526
87,5,LMM-2,7,9.571428571428571,0.9467452300446225,19.142857142857142,1.893490460089245,0.8047433423088927,0.0275540340984917
87,6,LMM-1,7,10.880952380952381,1.200906686944618,21.761904761904763,2.401813373889236,0.753798860145312,0.04055400250819216
87,6,LMM-2,7,9.428571428571429,0.9165893597581029,18.857142857142858,1.8331787195162057,0.7679938226212062,0.031047365802221474
87,7,LMM-1,7,10.612244897959185,1.2702339852730964,21.22448979591837,2.5404679705461928,0.7217578119312511,0.04781202709428514
87,7,LMM-2,7,9.142857142857142,1.0329837334566336,18.285714285714285,2.0659674669132673,0.7382407366230138,0.03911507809042295
87,8,LMM-1,7,10.214285714285714,1.3978846993414948,20.428571428571427,2.7957693986829897,0.6957272948523122,0.0559326217568456
87,8,LMM-2,7,8.982142857142858,1.0360221217400205,17.964285714285715,2.072044243480041,0.7082308746534162,0.04498263904009755
88,2,LMM-1,7,21.5,0.0,43.0,0.0,0.797776815670468,0.0
88,2,LMM-2,7,15.0,0.0,30.0,0.0,0.8504126916581095,0.0
88,3,LMM-1,7,21.0,0.0,42.0,0.0,0.7155680389768605,0.0
88,3,LMM-2,7,14.0,0.0,28.0,0.0,0.7958537486856737,0.0
88,4,LMM-1,7,20.5,0.0,41.0,0.0,0.643665983109576,0.0
88,4,LMM-2,7,14.0,0.0,28.0,0.0,0.7314037821813111,0.0
88,5,LMM-1,7,20.2,0.0,40.4,0.0,0.5788038350594077,0.0
88,5,LMM-2,7,14.0,0.0,28.0,0.0,0.6719583517108256,0.0
88,6,LMM-1,7,19.833333333333332,0.0,39.666666666666664,0.0,0.5219080131085411,0.0
88,6,LMM-2,7,13.833333333333334,0.0,27.666666666666668,0.0,0.6190407422089358,0.0
88,7,LMM-1,7,19.571428571428573,0.0,39.142857142857146,0.0,0.47060499196406935,0.0
88,7,LMM-2,7,13.714285714285714,0.0,27.428571428571427,0.0,0.5702904644892388,0.0
88,8,LMM-1,7,19.125,0.0,38.25,0.0,0.42802449337337584,0.0
88,8,LMM-2,7,13.375,0.0,26.75,0.0,0.5299348909368043,0.0
89,2,LMM-1,7,14.642857142857142,0.832993127835043,29.285714285714285,1.665986255670086,0.8834876283765959,0.01100727867210549
89,2,LMM-2,7,10.857142857142858,2.325545799442815,21.714285714285715,4.65109159888563,0.9130033129161436,0.02674138293198544
89,3,LMM-1,7,14.142857142857142,0.832993127835043,28.285714285714285,1.665986255670086,0.8361035674185168,0.015637241064634523
89,3,LMM-2,7,10.571428571428571,2.4215585019221177,21.142857142857142,4.8431170038442355,0.875392035818643,0.03965290820954581
89,4,LMM-1,7,13.892857142857142,0.832993127835043,27.785714285714285,1.665986255670086,0.7906371634560212,0.01973052793859132
89,4,LMM-2,7,10.0,2.679285619073007,20.0,5.358571238146014,0.8471113017572104,0.055743616145132
89,5,LMM-1,7,13.6,0.834950811211569,27.2,1.669901622423138,0.7459870633674116,0.023711495492724843
89,5,LMM-2,7,10.057142857142859,2.411198364096245,20.114285714285717,4.82239672819249,0.8052628961989416,0.058972479592279144
89,6,LMM-1,7,13.428571428571429,1.0497813183356477,26.857142857142858,2.0995626366712954,0.7006849046973996,0.03379241440591153
89,6,LMM-2,7,10.071428571428571,2.5523987206204564,20.142857142857142,5.104797441240913,0.7639728249755741,0.0739580961450672
89,7,LMM-1,7,12.979591836734695,1.1464956657296437,25.95918367346939,2.2929913314592874,0.6670533444798877,0.03825385118580183
89,7,LMM-2,7,9.897959183673468,2.4455758659502433,19.795918367346935,4.891151731900487,0.7269441772228458,0.0759737288812598
89,8,LMM-1,7,12.625,1.3709355512620882,25.25,2.7418711025241764,0.6304773187521056,0.047348703715091374
89,8,LMM-2,7,9.732142857142858,2.4824640080010036,19.464285714285715,4.964928016002007,0.6912039183185096,0.0839568627329319
90,2,LMM-1,7,13.071428571428571,1.0497813183356477,26.142857142857142,2.0995626366712954,0.8972510825898142,0.01650846494599879
90,2,LMM-2,7,10.5,0.9258200997725514,21.0,1.8516401995451028,0.9156631269636054,0.011659837624614111
90,3,LMM-1,7,12.571428571428571,1.0497813183356477,25.142857142857142,2.0995626366712954,0.8494618011525883,0.022726513814103014
90,3,LMM-2,7,9.904761904761903,1.0345505229714493,19.809523809523807,2.0691010459428987,0.8776962364856945,0.016301767638468197
90,4,LMM-1,7,12.321428571428571,1.0497813183356477,24.642857142857142,2.0995626366712954,0.8065270294971143,0.028765816143236308
90,4,LMM-2,7,9.678571428571429,1.0063573431146693,19.357142857142858,2.0127146862293386,0.8417541815989329,0.020988807731221675
90,5,LMM-1,7,11.885714285714286,0.9493284414763516,23.771428571428572,1.8986568829527033,0.7690342341018263,0.03270500630127409
90,5,LMM-2,7,9.228571428571428,0.8378787599208672,18.457142857142856,1.6757575198417345,0.8113792007937225,0.022967523924289086
90,6,LMM-1,7,11.642857142857142,1.2643731473668336,23.285714285714285,2.528746294733667,0.7300112331814559,0.04364037052839194
90,6,LMM-2,7,8.976190476190476,0.9147320339189782,17.952380952380953,1.8294640678379563,0.7791435319540937,0.028158995100264237
90,7,LMM-1,7,11.469387755102039,1.4879776435557703,22.938775510204078,2.9759552871115407,0.6926004244488422,0.05541134309774284
90,7,LMM-2,7,8.795918367346939,0.965459279388969,17.591836734693878,1.930918558777938,0.7466685973608173,0.035807084162459556
90,8,LMM-1,7,11.071428571428571,1.4559869364742506,22.142857142857142,2.911973872948501,0.6643085852758757,0.059243043554682906
90,8,LMM-2,7,8.482142857142858,0.8722624815585581,16.964285714285715,1.7445249631171162,0.7213426284474497,0.03531374826240953
91,2,LMM-1,7,12.285714285714286,0.45175395145262565,24.571428571428573,0.9035079029052513,0.9111299044098035,0.00930901832044569
91,2,LMM-2,7,8.285714285714286,2.710523708715754,16.571428571428573,5.421047417431508,0.9365790061598228,0.02832445151289476
91,3,LMM-1,7,11.80952380952381,0.5593971487843202,23.61904761904762,1.1187942975686405,0.8697062824269233,0.013457053475546087
91,3,LMM-2,7,7.904761904761905,2.55550625999976,15.80952380952381,5.11101251999952,0.905242775457517,0.03871017203630642
91,4,LMM-1,7,11.75,1.0522085616183026,23.5,2.104417123236605,0.8195409414938879,0.023905964735438854
91,4,LMM-2,7,8.25,2.618614682831909,16.5,5.237229365663818,0.859876777088784,0.048266133210089344
91,5,LMM-1,7,11.114285714285714,1.0133798771981828,22.228571428571428,2.0267597543963656,0.7834407581996271,0.02805818312595902
91,5,LMM-2,7,7.914285714285714,2.45148851075573,15.828571428571427,4.90297702151146,0.8301278944236122,0.05365076501849467
91,6,LMM-1,7,10.523809523809524,1.0135141263710838,21.047619047619047,2.0270282527421677,0.755040325519729,0.032247734069073074
91,6,LMM-2,7,7.5,2.2747754119040358,15.0,4.5495508238080715,0.8050452624665378,0.0573512518580144
91,7,LMM-1,7,10.10204081632653,1.0122119810316117,20.20408163265306,2.0244239620632234,0.7303826132192139,0.03754254602977615
91,7,LMM-2,7,7.326530612244897,2.1005542593765,14.653061224489795,4.201108518753,0.7776775875873161,0.05909892812430035
91,8,LMM-1,7,9.821428571428571,1.0791389235527233,19.642857142857142,2.1582778471054467,0.6990936527363347,0.040989328240857874
91,8,LMM-2,7,7.053571428571429,2.0120808601433247,14.107142857142858,4.024161720286649,0.7552863268924298,0.060942745629720595
92,2,LMM-1,7,11.071428571428571,0.6776309271789385,22.142857142857142,1.355261854357877,0.9064776790491459,0.0099330952321031
92,2,LMM-2,7,8.142857142857142,1.4321384039831015,16.285714285714285,2.864276807966203,0.9347722332521783,0.01627590306625141
92,3,LMM-1,7,10.80952380952381,0.7095078297976829,21.61904761904762,1.4190156595953658,0.8655888900583626,0.011885841859411576
92,3,LMM-2,7,8.285714285714286,0.9499970163457143,16.571428571428573,1.8999940326914286,0.8959006928097538,0.01629274572864133
92,4,LMM-1,7,10.678571428571429,0.6643241156335098,21.357142857142858,1.3286482312670196,0.8205018215697276,0.019170727069796077
92,4,LMM-2,7,8.428571428571429,0.8206518066482898,16.857142857142858,1.6413036132965797,0.851503259046843,0.019820164149139858
92,5,LMM-1,7,10.485714285714286,0.5742786069211937,20.97142857142857,1.1485572138423874,0.784304686471583,0.02002852346426443
92,5,LMM-2,7,8.2,0.9196272536817759,16.4,1.8392545073635518,0.8218881182684196,0.02399873002226742
92,6,LMM-1,7,10.333333333333332,0.5704356452719492,20.666666666666664,1.1408712905438985,0.7501077287016432,0.021995402294912637
92,6,LMM-2,7,8.119047619047619,0.9828460685976328,16.238095238095237,1.9656921371952656,0.7904577250452964,0.028868767764374765
92,7,LMM-1,7,10.16326530612245,0.6453627877894651,20.3265306122449,1.2907255755789302,0.7182352174995339,0.024219683011901486
92,7,LMM-2,7,7.938775510204081,0.8634365633186195,15.877551020408163,1.726873126637239,0.7630515128790611,0.02929743357998225
92,8,LMM-1,7,9.982142857142858,0.6029265362905047,19.964285714285715,1.2058530725810095,0.6862650148069085,0.026436088419129204
92,8,LMM-2,7,7.857142857142857,0.8593721011082832,15.714285714285714,1.7187442022165664,0.7379796812450803,0.032081496701018904
93,2,LMM-1,7,9.642857142857142,0.7423074889580903,19.285714285714285,1.4846149779161806,0.9183545444605904,0.008078135297016535
93,2,LMM-2,7,8.0,2.6049403612586386,16.0,5.209880722517277,0.929558082911887,0.029590807540997386
93,3,LMM-1,7,9.380952380952381,0.8247860988423231,18.761904761904763,1.6495721976846462,0.8810824013434421,0.011744103844698576
93,3,LMM-2,7,7.285714285714286,2.3799998094475807,14.571428571428571,4.759999618895161,0.902970921042955,0.038964301522738644
93,4,LMM-1,7,9.178571428571429,0.7873359887517358,18.357142857142858,1.5746719775034717,0.846186065299931,0.014972231774520384
93,4,LMM-2,7,7.357142857142857,2.065261756400137,14.714285714285714,4.130523512800274,0.8708817942776328,0.043544564631622644
93,5,LMM-1,7,8.942857142857143,0.805085874491736,17.885714285714286,1.610171748983472,0.814135266041602,0.018311598324846568
93,5,LMM-2,7,6.885714285714286,1.5113178463357935,13.771428571428572,3.022635692671587,0.849537328100137,0.041993929826799885
93,6,LMM-1,7,8.761904761904761,0.8350322817500087,17.523809523809522,1.6700645635000173,0.7826855983139002,0.022257390901720728
93,6,LMM-2,7,6.857142857142857,1.3493930776480718,13.714285714285714,2.6987861552961436,0.8186808622996502,0.044723588029728666
93,7,LMM-1,7,9.0,0.5007283325055223,18.0,1.0014566650110446,0.7456805125437151,0.017403639952064627
93,7,LMM-2,7,7.122448979591837,1.2059825879750332,14.244897959183675,2.4119651759500664,0.7845925067797596,0.044703812501679756
93,8,LMM-1,7,9.107142857142858,0.5063373885270652,18.214285714285715,1.0126747770541304,0.7122861875765168,0.01667264458806211
93,8,LMM-2,7,7.160714285714286,1.2583902091034191,14.321428571428571,2.5167804182068383,0.7567100271190416,0.04868560491998179
94,2,LMM-1,7,11.0,1.3093073414159544,22.0,2.618614682831909,0.9101789841410175,0.017813390014905985
94,2,LMM-2,7,6.714285714285714,0.6998542122237652,13.428571428571429,1.3997084244475304,0.9503867543649134,0.012278535572676004
94,3,LMM-1,7,10.380952380952381,1.1328930717495547,20.761904761904763,2.2657861434991093,0.8719410411692899,0.022623155263302018
94,3,LMM-2,7,6.523809523809524,0.3499271061118826,13.047619047619047,0.6998542122237652,0.9245844999632948,0.004967660077595544
94,4,LMM-1,7,9.928571428571429,1.0497813183356477,19.857142857142858,2.0995626366712954,0.8359306188689066,0.025364044668238144
94,4,LMM-2,7,6.535714285714286,0.43153735619980615,13.071428571428571,0.8630747123996123,0.8921799946897455,0.0065859608899864345
94,5,LMM-1,7,9.77142857142857,1.0713333291001528,19.54285714285714,2.1426666582003056,0.7982200086017592,0.030866932556564093
94,5,LMM-2,7,6.885714285714286,0.5540205551332945,13.771428571428572,1.108041110266589,0.8520571305741493,0.01372684350383442
94,6,LMM-1,7,9.428571428571429,1.0383791660645965,18.857142857142858,2.076758332129193,0.7679256110565961,0.03421989578556798
94,6,LMM-2,7,6.928571428571429,0.5408484138857405,13.857142857142858,1.081696827771481,0.8188159164101767,0.013071872684133016
94,7,LMM-1,7,9.244897959183673,1.0406162272638337,18.489795918367346,2.0812324545276675,0.736589657006047,0.03924041339037889
94,7,LMM-2,7,7.1020408163265305,0.7663258512456566,14.204081632653061,1.532651702491313,0.7817699366771113,0.023114645356482277
94,8,LMM-1,7,8.964285714285714,1.0214535461482208,17.928571428571427,2.0429070922964416,0.7108351935267156,0.042575148296152145
94,8,LMM-2,7,7.053571428571429,0.7525466966323385,14.107142857142858,1.505093393264677,0.7521264168511809,0.02453016736912095
95,2,LMM-1,7,13.642857142857142,0.989743318610787,27.285714285714285,1.979486637221574,0.8881730099496139,0.0062906064933860905
95,2,LMM-2,7,8.428571428571429,1.2371791482634837,16.857142857142858,2.4743582965269675,0.9265782666314147,0.010257946976715468
95,3,LMM-1,7,13.476190476190478,0.989743318610787,26.952380952380956,1.979486637221574,0.8389420932461695,0.008917250651895779
95,3,LMM-2,7,8.904761904761905,0.4948716593053935,17.80952380952381,0.989743318610787,0.8849169320428931,0.0044084884180377246
95,4,LMM-1,7,13.142857142857142,0.989743318610787,26.285714285714285,1.979486637221574,0.7944056970305095,0.011263912186761324
95,4,LMM-2,7,8.892857142857142,0.12371791482634838,17.785714285714285,0.24743582965269675,0.8472458535510057,0.0009293107729674929
95,5,LMM-1,7,12.942857142857145,0.989743318610787,25.88571428571429,1.979486637221574,0.7532030424173927,0.013355943033344543
95,5,LMM-2,7,8.885714285714286,0.09897433186107835,17.771428571428572,0.1979486637221567,0.8122436367494501,0.005819563173586541
95,6,LMM-1,7,12.476190476190478,0.989743318610787,24.952380952380956,1.979486637221574,0.7184143760118101,0.015293986903393095
95,6,LMM-2,7,8.547619047619047,0.24743582965269675,17.095238095238095,0.4948716593053935,0.7833700262175214,0.010357388976432161
95,7,LMM-1,7,11.979591836734695,0.9761845504572566,23.95918367346939,1.9523691009145132,0.6873151529117681,0.017729592221060797
95,7,LMM-2,7,8.224489795918368,0.19995834634964735,16.448979591836736,0.3999166926992947,0.7576200588415976,0.009441694292513873
95,8,LMM-1,7,11.571428571428571,0.8733585186169631,23.142857142857142,1.7467170372339262,0.6586478517450375,0.017726153339324983
95,8,LMM-2,7,8.178571428571429,0.14725377234348788,16.357142857142858,0.29450754468697576,0.7250694445827943,0.007964314455581968
96,2,LMM-1,7,16.857142857142858,2.9364006844420665,33.714285714285715,5.872801368884133,0.8644912274482703,0.028323653195354466
96,2,LMM-2,7,9.357142857142858,0.3499271061118826,18.714285714285715,0.6998542122237652,0.9274264374352799,0.00264157726200377
96,3,LMM-1,7,16.333333333333332,2.9920529661723823,32.666666666666664,5.9841059323447645,0.8104476903079852,0.037758051851842805
96,3,LMM-2,7,8.857142857142858,0.3499271061118826,17.714285714285715,0.6998542122237652,0.8999431141217801,0.0001553543051880235
96,4,LMM-1,7,15.607142857142858,2.9364006844420665,31.214285714285715,5.872801368884133,0.7671685405387522,0.045317062747297354
96,4,LMM-2,7,9.0,1.1100193048514324,18.0,2.220038609702865,0.8651215735856234,0.01818621042266699
96,5,LMM-1,7,14.828571428571427,2.7701027756664733,29.657142857142855,5.540205551332947,0.7312621986585581,0.05064522732503033
96,5,LMM-2,7,9.171428571428573,1.2440880604044138,18.342857142857145,2.4881761208088276,0.8293839086058441,0.027381687885206427
96,6,LMM-1,7,14.452380952380953,2.3328473740792175,28.904761904761905,4.665694748158435,0.6964033575649712,0.05003682857844439
96,6,LMM-2,7,9.357142857142858,1.28306605574357,18.714285714285715,2.56613211148714,0.7963200138274348,0.03586318839640939
96,7,LMM-1,7,13.795918367346939,2.2560022212955886,27.591836734693878,4.512004442591177,0.6654738694426519,0.05445558606139716
96,7,LMM-2,7,9.326530612244898,1.2138997843235142,18.653061224489797,2.4277995686470284,0.763328346309703,0.0373736132623946
96,8,LMM-1,7,13.267857142857142,2.2364957557093916,26.535714285714285,4.472991511418783,0.6377286735665234,0.0596994997498974
96,8,LMM-2,7,9.214285714285714,1.1547925867303388,18.428571428571427,2.3095851734606776,0.733314159528187,0.039263629104004834
97,2,LMM-1,7,14.357142857142858,0.989743318610787,28.714285714285715,1.979486637221574,0.886783905109685,0.01021132452665114
97,2,LMM-2,7,8.428571428571429,1.7408653724219916,16.857142857142858,3.481730744843983,0.9390966627904065,0.01842301361654699
97,3,LMM-1,7,14.285714285714286,0.933138949631687,28.571428571428573,1.866277899263374,0.8360596728153321,0.014034753666896283
97,3,LMM-2,7,8.190476190476192,1.7261494247992248,16.380952380952383,3.4522988495984497,0.9136470310073072,0.02636207357838148
97,4,LMM-1,7,14.0,0.9258200997725514,28.0,1.8516401995451028,0.7882651833084562,0.017686110792191376
97,4,LMM-2,7,7.821428571428571,1.725410332740166,15.642857142857142,3.450820665480332,0.8889712199881158,0.03381911660145707
97,5,LMM-1,7,13.37142857142857,0.7666518779999277,26.74285714285714,1.5333037559998555,0.7480468917641546,0.01844630520195556
97,5,LMM-2,7,7.171428571428572,1.3370695950625817,14.342857142857143,2.6741391901251634,0.869709055594398,0.03191478368395249
97,6,LMM-1,7,12.785714285714286,0.6826319612776883,25.571428571428573,1.3652639225553767,0.7118688119148187,0.018998449310110105
97,6,LMM-2,7,7.119047619047619,1.0753895038701156,14.238095238095237,2.150779007740231,0.8377390772071461,0.030053684394770595
97,7,LMM-1,7,12.673469387755103,0.7701209087393148,25.346938775510207,1.5402418174786296,0.6697532418685297,0.023151050197107795
97,7,LMM-2,7,7.326530612244897,0.9498021451608241,14.653061224489795,1.8996042903216481,0.7994135989748455,0.02955090520646657
97,8,LMM-1,7,12.767857142857142,0.7392943408744447,25.535714285714285,1.4785886817488894,0.6221858492450769,0.023244849285845734
97,8,LMM-2,7,7.910714285714286,1.0038192373253711,15.821428571428571,2.0076384746507423,0.7446351995000061,0.033816263849909343
98,2,LMM-1,7,10.214285714285714,0.5890150893739515,20.428571428571427,1.178030178747903,0.9120616048903715,0.01173811800636807
98,2,LMM-2,7,8.071428571428571,0.7284313590846836,16.142857142857142,1.4568627181693672,0.926162125448346,0.010697009261350829
98,3,LMM-1,7,9.904761904761903,0.6598288790738579,19.809523809523807,1.3196577581477158,0.8717212264620284,0.01589774316183272
98,3,LMM-2,7,8.0,0.9920317455237933,16.0,1.9840634910475865,0.8906616630782196,0.014498401137953015
98,4,LMM-1,7,9.714285714285714,0.6998542122237652,19.428571428571427,1.3997084244475304,0.8345342546717402,0.020467044344569977
98,4,LMM-2,7,8.178571428571429,0.8733585186169631,16.357142857142858,1.7467170372339262,0.8574781743742009,0.018517195667137474
98,5,LMM-1,7,9.685714285714285,0.7317856271351829,19.37142857142857,1.4635712542703658,0.7976709416662374,0.024448323469640282
98,5,LMM-2,7,7.942857142857143,1.0182016960688838,15.885714285714286,2.0364033921377676,0.8287939340011325,0.02617807331343418
98,6,LMM-1,7,9.523809523809524,0.7685720186461411,19.047619047619047,1.5371440372922822,0.7646735466973433,0.028574940464586675
98,6,LMM-2,7,8.142857142857142,0.7633914067562568,16.285714285714285,1.5267828135125137,0.7936747672999601,0.024284455139118036
98,7,LMM-1,7,9.428571428571429,0.8224261910044852,18.857142857142858,1.6448523820089704,0.7298905779702421,0.03174759472178912
98,7,LMM-2,7,8.020408163265307,0.8853474270809742,16.040816326530614,1.7706948541619485,0.7634189845380683,0.03159767579198034
98,8,LMM-1,7,9.25,0.8813544770895048,18.5,1.7627089541790095,0.7007962433240412,0.03633361853445462
98,8,LMM-2,7,8.0,0.9112393444409338,16.0,1.8224786888818676,0.7292776160060612,0.034196921631185026
99,2,LMM-1,7,10.071428571428571,0.4948716593053935,20.142857142857142,0.989743318610787,0.9174621524272769,0.007228816940881949
99,2,LMM-2,7,9.0,0.7071067811865476,18.0,1.4142135623730951,0.9247821403679553,0.010239921985999568
99,3,LMM-1,7,9.857142857142858,0.6632565846278152,19.714285714285715,1.3265131692556305,0.8781451602692758,0.011444542864789848
99,3,LMM-2,7,9.095238095238097,0.6098213559459854,18.190476190476193,1.2196427118919708,0.8859067138035561,0.014744473363499539
99,4,LMM-1,7,9.178571428571429,0.5297284633639759,18.357142857142858,1.0594569267279519,0.8479943545784937,0.013879408845135636
99,4,LMM-2,7,8.357142857142858,0.6662413609349154,16.714285714285715,1.3324827218698307,0.8597379573827519,0.019429760934407278
99,5,LMM-1,7,8.857142857142858,0.4746642207381758,17.714285714285715,0.9493284414763516,0.8174702268809889,0.015633822700525053
99,5,LMM-2,7,8.057142857142857,0.6565214453186318,16.114285714285714,1.3130428906372635,0.830549279365857,0.024890758907615305
99,6,LMM-1,7,8.571428571428571,0.4616837959444123,17.142857142857142,0.9233675918888246,0.7892826581745689,0.018044520318214595
99,6,LMM-2,7,7.714285714285714,0.6217888027238377,15.428571428571429,1.2435776054476755,0.8055357402550991,0.026930980203973356
99,7,LMM-1,7,8.285714285714286,0.45816212899272757,16.571428571428573,0.9163242579854551,0.7640622212676266,0.019990962503834316
99,7,LMM-2,7,7.63265306122449,0.4377063385617802,15.26530612244898,0.8754126771235604,0.7753383327498262,0.02315565585397719
99,8,LMM-1,7,8.125,0.5132181379714255,16.25,1.026436275942851,0.7370265007493711,0.024331614779411856
99,8,LMM-2,7,7.625,0.4225771273642583,15.25,0.8451542547285166,0.7420935187947635,0.023993412467944966
100,2,LMM-1,7,11.428571428571429,0.9035079029052513,22.857142857142858,1.8070158058105026,0.9185785194261908,0.012469846331197194
100,2,LMM-2,7,8.357142857142858,0.989743318610787,16.714285714285715,1.979486637221574,0.9379138827502063,0.012235333652998606
100,3,LMM-1,7,10.761904761904761,0.9379864573139144,21.523809523809522,1.8759729146278288,0.8836035150035474,0.018943260245465124
100,3,LMM-2,7,8.142857142857142,0.973573728583851,16.285714285714285,1.947147457167702,0.9047344963604839,0.016156392459894527
100,4,LMM-1,7,10.071428571428571,0.9035079029052513,20.142857142857142,1.8070158058105026,0.8545170424361345,0.024231801721239152
100,4,LMM-2,7,7.535714285714286,0.9202927661946518,15.071428571428571,1.8405855323893037,0.8794127843172961,0.020440583581842857
100,5,LMM-1,7,10.114285714285714,0.9249379460707795,20.228571428571428,1.849875892141559,0.8166427990664868,0.029343169386001046
100,5,LMM-2,7,7.514285714285714,0.7917946548886298,15.028571428571428,1.5835893097772595,0.8497764669773511,0.022047960131900527
100,6,LMM-1,7,9.738095238095239,1.2242819173507087,19.476190476190478,2.4485638347014174,0.7874857274033898,0.04050342043041467
100,6,LMM-2,7,7.3809523809523805,1.026298193440586,14.761904761904761,2.052596386881172,0.8207219488487875,0.03165425517381581
100,7,LMM-1,7,9.224489795918368,1.1551813631089716,18.448979591836736,2.310362726217943,0.7651392748214922,0.04334144036151485
100,7,LMM-2,7,7.244897959183674,1.0517631613653162,14.489795918367347,2.1035263227306324,0.7929843001113958,0.03672581663824609
100,8,LMM-1,7,9.053571428571429,1.1336121605788485,18.107142857142858,2.267224321157697,0.7339437088205558,0.04432090146319432
100,8,LMM-2,7,7.178571428571429,0.8526668847366659,14.357142857142858,1.7053337694733317,0.765750003017932,0.03536706836378587
101,2,LMM-1,7,10.571428571428571,0.9035079029052513,21.142857142857142,1.8070158058105026,0.9100272313672676,0.007315343757023333
101,2,LMM-2,7,7.5,3.082207001484488,15.0,6.164414002968976,0.9315924705767035,0.028184596200833065
101,3,LMM-1,7,10.238095238095239,0.5553287518900287,20.476190476190478,1.1106575037800575,0.8750830324333475,0.008818112001462753
101,3,LMM-2,7,7.761904761904761,2.021427169218202,15.523809523809522,4.042854338436404,0.9023213486556015,0.02695000882593474
101,4,LMM-1,7,9.821428571428571,0.5463235193135126,19.642857142857142,1.0926470386270253,0.8446809839760807,0.010345699582187274
101,4,LMM-2,7,7.821428571428571,1.7305773485122453,15.642857142857142,3.4611546970244906,0.8705252201386562,0.028994883416214142
101,5,LMM-1,7,9.542857142857143,0.5627918743883489,19.085714285714285,1.1255837487766978,0.8147693083192112,0.0118301158201891
101,5,LMM-2,7,7.742857142857142,1.4568627181693667,15.485714285714284,2.9137254363387335,0.8419472295731677,0.029069713691839222
101,6,LMM-1,7,9.428571428571429,0.5966649564829364,18.857142857142858,1.1933299129658728,0.7851480469673363,0.014622157483958563
101,6,LMM-2,7,7.833333333333334,1.133893419027682,15.666666666666668,2.267786838055364,0.8105149050061432,0.02752762920670166
101,7,LMM-1,7,9.26530612244898,0.5581548706603002,18.53061224489796,1.1163097413206005,0.7568707235524459,0.01401631495908885
101,7,LMM-2,7,7.938775510204081,1.095597186242412,15.877551020408163,2.191194372484824,0.7805758193119254,0.02892376260925347
101,8,LMM-1,7,9.160714285714286,0.6002762969275576,18.321428571428573,1.2005525938551151,0.729385662006106,0.016692907762740513
101,8,LMM-2,7,7.982142857142857,0.8085165301908408,15.964285714285714,1.6170330603816816,0.7517593635730622,0.02468347881515226
102,2,LMM-1,7,12.285714285714286,0.9948848769417228,24.571428571428573,1.9897697538834456,0.9064583669555236,0.012008911007822962
102,2,LMM-2,7,9.857142857142858,0.832993127835043,19.714285714285715,1.665986255670086,0.9206184872713805,0.011796429692208076
102,3,LMM-1,7,11.857142857142858,1.2953781436890897,23.714285714285715,2.5907562873781793,0.8583637588531957,0.02237140812711131
102,3,LMM-2,7,9.619047619047619,0.5172752614857242,19.238095238095237,1.0345505229714484,0.87670986512034,0.013580453217079845
102,4,LMM-1,7,11.464285714285714,1.365575306736083,22.928571428571427,2.731150613472166,0.8179108009584929,0.027974936122153383
102,4,LMM-2,7,9.071428571428571,0.5624291338579865,18.142857142857142,1.124858267715973,0.8448483994147283,0.014511714042564636
102,5,LMM-1,7,11.171428571428573,1.3540566412654609,22.342857142857145,2.7081132825309218,0.7776726505016475,0.033965798738545334
102,5,LMM-2,7,8.8,0.6047431568147636,17.6,1.2094863136295273,0.8115582496648226,0.019244546426216116
102,6,LMM-1,7,10.928571428571429,1.4222080498160075,21.857142857142858,2.844416099632015,0.7407447661131804,0.04171746489215553
102,6,LMM-2,7,8.452380952380953,0.5822390124113086,16.904761904761905,1.1644780248226172,0.7813917514223724,0.021344341211177596
102,7,LMM-1,7,10.816326530612246,1.575531352295411,21.63265306122449,3.151062704590822,0.7036692434342265,0.05005167678202957
102,7,LMM-2,7,8.244897959183673,0.6600392501549484,16.489795918367346,1.3200785003098967,0.751052433485248,0.02755073989190918
102,8,LMM-1,7,10.571428571428571,1.6675167899898218,21.142857142857142,3.3350335799796436,0.6698895655429221,0.05682321086745379
102,8,LMM-2,7,8.214285714285714,0.5775343438855797,16.428571428571427,1.1550686877711593,0.7145717333025372,0.026241528959355775
103,2,LMM-1,7,11.285714285714286,1.190952285752362,22.571428571428573,2.381904571504724,0.9180373000257424,0.013770571496513562
103,2,LMM-2,7,9.0,0.8017837257372732,18.0,1.6035674514745464,0.9337461265499973,0.004659434731413089
103,3,LMM-1,7,11.666666666666668,0.6900655593423543,23.333333333333336,1.3801311186847085,0.8712576266738227,0.01132189181439906
103,3,LMM-2,7,8.904761904761905,0.6834619092574918,17.80952380952381,1.3669238185149837,0.9011779661454129,0.00525473296314253
103,4,LMM-1,7,11.035714285714286,0.7726181304565691,22.071428571428573,1.5452362609131383,0.8374906953042822,0.017296108751772746
103,4,LMM-2,7,8.5,0.7440238091428449,17.0,1.4880476182856899,0.8723911797437376,0.007505477441133687
103,5,LMM-1,7,10.571428571428571,0.6712765785411846,21.142857142857142,1.3425531570823692,0.8054797019047262,0.020513134420475858
103,5,LMM-2,7,8.342857142857143,0.761309291112813,16.685714285714287,1.522618582225626,0.8418253282420728,0.008883265770394208
103,6,LMM-1,7,10.214285714285714,0.7055015423823362,20.428571428571427,1.4110030847646724,0.7755171340797344,0.023167719776145193
103,6,LMM-2,7,8.095238095238095,0.5899767473030414,16.19047619047619,1.1799534946060828,0.8151002528453052,0.008094484191938806
103,7,LMM-1,7,9.959183673469388,0.8527584659500483,19.918367346938776,1.7055169319000967,0.7455430594447999,0.030692148077739588
103,7,LMM-2,7,7.979591836734693,0.5984848285149055,15.959183673469386,1.196969657029811,0.7854573472359136,0.013700181756553464
103,8,LMM-1,7,9.678571428571429,0.831460480487344,19.357142857142858,1.662920960974688,0.7186374147811346,0.033741227774820436
103,8,LMM-2,7,7.75,0.6087164481806897,15.5,1.2174328963613794,0.7605234767025386,0.01657149788420221
104,2,LMM-1,7,9.0,1.224744871391589,18.0,2.449489742783178,0.9255164295291457,0.01960705418642226
104,2,LMM-2,7,8.142857142857142,0.7423074889580903,16.285714285714285,1.4846149779161806,0.9282274900614612,0.013638611289736733
104,3,LMM-1,7,8.619047619047619,1.3265131692556307,17.238095238095237,2.6530263385112614,0.8941983674748822,0.0261840002398751
104,3,LMM-2,7,7.571428571428571,0.8676603408708854,15.142857142857142,1.7353206817417708,0.8977467527072704,0.017295717930939127
104,4,LMM-1,7,8.5,1.267731382092775,17.0,2.53546276418555,0.8632030085171786,0.03144670931994621
104,4,LMM-2,7,7.285714285714286,0.8390957231764807,14.571428571428571,1.6781914463529615,0.8720812267780848,0.021886885363175707
104,5,LMM-1,7,8.571428571428571,1.3997084244475306,17.142857142857142,2.7994168488950613,0.8271144929326517,0.04125349524794554
104,5,LMM-2,7,7.171428571428572,0.9995917534020513,14.342857142857143,1.9991835068041026,0.8409154606075732,0.031017352615026
104,6,LMM-1,7,8.5,1.5223207012519788,17.0,3.0446414025039577,0.7941247436444908,0.053366275192908236
104,6,LMM-2,7,7.071428571428571,1.1403742871264808,14.142857142857142,2.2807485742529616,0.8114862512881784,0.04222882298897239
104,7,LMM-1,7,8.408163265306124,1.4253608236925897,16.816326530612248,2.8507216473851793,0.7648433298306335,0.0564853817106549
104,7,LMM-2,7,6.877551020408163,1.1259685080925486,13.755102040816325,2.251937016185097,0.7894467345502619,0.049841428672470836
104,8,LMM-1,7,8.25,1.3871218918527466,16.5,2.774243783705493,0.7395232178394432,0.05845803260388386
104,8,LMM-2,7,6.803571428571429,1.137543450616642,13.607142857142858,2.275086901233284,0.766235048139379,0.052825906654567684
105,2,LMM-1,7,13.714285714285714,2.135702341103722,27.428571428571427,4.271404682207444,0.8930987402780518,0.022773660696576208
105,2,LMM-2,7,7.714285714285714,1.0973065354098013,15.428571428571429,2.1946130708196026,0.950052515077594,0.0091328566534683
105,3,LMM-1,7,13.380952380952381,2.126391767787249,26.761904761904763,4.252783535574498,0.8443592545051785,0.03141918756752247
105,3,LMM-2,7,7.952380952380953,1.4630753805464014,15.904761904761907,2.926150761092803,0.9177848729924303,0.01779314283806374
105,4,LMM-1,7,13.107142857142858,2.0171458923489913,26.214285714285715,4.034291784697983,0.8000569002573855,0.04054547721068065
105,4,LMM-2,7,7.964285714285714,1.5608409559580112,15.928571428571429,3.1216819119160224,0.8885435962015169,0.02881378081832525
105,5,LMM-1,7,12.942857142857141,1.9558389817285522,25.885714285714283,3.9116779634571044,0.757298787080546,0.04843136163765844
105,5,LMM-2,7,8.2,1.2649110640673515,16.4,2.529822128134703,0.8532422134444968,0.0295336821076117
105,6,LMM-1,7,12.738095238095239,2.190993727681399,25.476190476190478,4.381987455362798,0.7115754886821326,0.061336739645461866
105,6,LMM-2,7,8.452380952380953,1.4245976477763422,16.904761904761905,2.8491952955526845,0.8062783416510688,0.04294111299333439
105,7,LMM-1,7,12.489795918367347,2.144702800884841,24.979591836734695,4.289405601769682,0.6760812330100148,0.06595577117220765
105,7,LMM-2,7,8.36734693877551,1.216641515166439,16.73469387755102,2.433283030332878,0.7771998312668554,0.04128162483161343
105,8,LMM-1,7,12.214285714285714,2.0913451388510502,24.428571428571427,4.1826902777021004,0.6436634103525568,0.06976863335280388
105,8,LMM-2,7,8.392857142857142,1.2790003271049988,16.785714285714285,2.5580006542099976,0.743636056403884,0.048344962810114495
106,2,LMM-1,7,12.5,1.511857892036909,25.0,3.023715784073818,0.8988272789298708,0.01751236139295373
106,2,LMM-2,7,10.142857142857142,2.1499881347560588,20.285714285714285,4.2999762695121175,0.9143852014481276,0.024251303458273483
106,3,LMM-1,7,11.904761904761903,1.0942024088643865,23.809523809523807,2.188404817728773,0.853703729399052,0.0211509166661648
106,3,LMM-2,7,9.80952380952381,1.9748991765074022,19.61904761904762,3.9497983530148044,0.8741090940255286,0.032995241234038505
106,4,LMM-1,7,11.607142857142858,0.9049185328085663,23.214285714285715,1.8098370656171325,0.8108249282172452,0.02404928645218357
106,4,LMM-2,7,9.535714285714286,1.7239311980210243,19.071428571428573,3.4478623960420487,0.8364527816339783,0.03807884755633275
106,5,LMM-1,7,11.085714285714285,0.9124982527240751,22.17142857142857,1.8249965054481503,0.7753645812864978,0.028229896936754994
106,5,LMM-2,7,9.457142857142857,1.4879104647190329,18.914285714285715,2.9758209294380658,0.7983837303079457,0.04020870118339643
106,6,LMM-1,7,10.785714285714286,0.9288766287205314,21.571428571428573,1.857753257441063,0.7402055636460154,0.03216393086710371
106,6,LMM-2,7,9.119047619047619,1.311470414659087,18.238095238095237,2.622940829318174,0.7663660634984184,0.041525478771165525
106,7,LMM-1,7,10.530612244897958,0.9405484589226867,21.061224489795915,1.8810969178453734,0.7074192631728876,0.036210800346681025
106,7,LMM-2,7,9.16326530612245,1.3080343150173115,18.3265306122449,2.616068630034623,0.7304234816593845,0.045747904762172574
106,8,LMM-1,7,10.392857142857142,1.057347953077676,20.785714285714285,2.114695906155352,0.6734319835098688,0.04402355908756127
106,8,LMM-2,7,9.071428571428571,1.137543450616642,18.142857142857142,2.275086901233284,0.6975016310519369,0.0470071669388782
107,2,LMM-1,7,10.142857142857142,0.9529760045804524,20.285714285714285,1.9059520091609048,0.9236300790309986,0.012831137430041025
107,2,LMM-2,7,8.357142857142858,1.355261854357877,16.714285714285715,2.710523708715754,0.9320759456147905,0.017293588248967824
107,3,LMM-1,7,9.761904761904761,0.9035079029052513,19.523809523809522,1.8070158058105026,0.888293229958377,0.01839951763414062
107,3,LMM-2,7,8.428571428571429,1.1780301787479033,16.857142857142858,2.3560603574958066,0.8955780642415629,0.02224142507093276
107,4,LMM-1,7,9.607142857142858,0.9147320339189784,19.214285714285715,1.8294640678379568,0.8530055571459993,0.023393355185682346
107,4,LMM-2,7,8.0,1.3693063937629153,16.0,2.7386127875258306,0.8679181884533261,0.031220384860950058
107,5,LMM-1,7,9.457142857142857,0.7835033829029765,18.914285714285715,1.567006765805953,0.8189216998985359,0.025529819859354354
107,5,LMM-2,7,7.857142857142857,1.1197667395580244,15.714285714285714,2.239533479116049,0.8369491547914286,0.03250796418860782
107,6,LMM-1,7,9.357142857142858,0.6388765649999396,18.714285714285715,1.2777531299998792,0.785390033350288,0.027072309836984006
107,6,LMM-2,7,7.8809523809523805,0.9868753226696524,15.761904761904761,1.9737506453393048,0.8047328112017382,0.03627229927368977
107,7,LMM-1,7,9.081632653061224,0.7157419557857219,18.163265306122447,1.4314839115714437,0.758317282811495,0.031250679765556795
107,7,LMM-2,7,7.816326530612245,0.9977066580881894,15.63265306122449,1.9954133161763787,0.7766319381585186,0.04076345983581216
107,8,LMM-1,7,8.839285714285714,0.7431661445244575,17.678571428571427,1.486332289048915,0.7327557602699191,0.03441267902475518
107,8,LMM-2,7,7.607142857142857,0.8924999285428429,15.214285714285714,1.7849998570856858,0.7516464797294081,0.0423618703146387
108,2,LMM-1,7,11.0,1.9639610121239315,22.0,3.927922024247863,0.9175327617540693,0.02253835635249595
108,2,LMM-2,7,9.285714285714286,1.6872874015739594,18.571428571428573,3.374574803147919,0.9288326410733302,0.018993162424812946
108,3,LMM-1,7,10.666666666666668,2.2396144792961614,21.333333333333336,4.479228958592323,0.8771550653014947,0.03780133492981234
108,3,LMM-2,7,9.095238095238097,2.0525963868811723,18.190476190476193,4.105192773762345,0.892422300293512,0.03185476810282643
108,4,LMM-1,7,10.214285714285714,2.0590764721999393,20.428571428571427,4.118152944399879,0.8440764944910922,0.04520752893932189
108,4,LMM-2,7,9.214285714285714,1.622545241657221,18.428571428571427,3.245090483314442,0.8577663541814687,0.03381549129015904
108,5,LMM-1,7,9.885714285714286,1.9591751700495736,19.771428571428572,3.9183503400991473,0.8130666178198346,0.050743110151313
108,5,LMM-2,7,8.942857142857141,1.2315578321287028,17.885714285714283,2.4631156642574057,0.8301381433048086,0.029825129055857613
108,6,LMM-1,7,9.69047619047619,1.9869186709547682,19.38095238095238,3.9738373419095363,0.7834102803994389,0.057778254456222554
108,6,LMM-2,7,8.785714285714286,1.3114704146590868,17.571428571428573,2.6229408293181735,0.8001528582434417,0.034275022578329706
108,7,LMM-1,7,9.693877551020408,2.063748706972588,19.387755102040817,4.127497413945176,0.7491133020871162,0.0667196055596244
108,7,LMM-2,7,8.73469387755102,1.4047577868859609,17.46938775510204,2.8095155737719217,0.7680502046908921,0.03874220016771189
108,8,LMM-1,7,9.625,2.0133483127793435,19.25,4.026696625558687,0.7187309030093736,0.07106564977235312
108,8,LMM-2,7,8.803571428571429,1.19682829143686,17.607142857142858,2.39365658287372,0.7357293501617524,0.03636864042088656
109,2,LMM-1,7,10.642857142857142,0.832993127835043,21.285714285714285,1.665986255670086,0.9100313603673118,0.010762515144970168
109,2,LMM-2,7,8.928571428571429,1.083267920578793,17.857142857142858,2.166535841157586,0.9210852177983894,0.011556435701700259
109,3,LMM-1,7,10.476190476190478,0.832993127835043,20.952380952380956,1.665986255670086,0.8687170607730703,0.015100648796661797
109,3,LMM-2,7,8.857142857142858,0.6867716715169503,17.714285714285715,1.3735433430339006,0.882821625569295,0.010960432350639912
109,4,LMM-1,7,10.642857142857142,0.9049185328085663,21.285714285714285,1.8098370656171325,0.8226973821785851,0.021299344032768314
109,4,LMM-2,7,8.857142857142858,0.9715336077668174,17.714285714285715,1.9430672155336348,0.843375031948897,0.01828740937570863
109,5,LMM-1,7,10.314285714285715,0.8339725439615097,20.62857142857143,1.6679450879230193,0.7889391408853139,0.024340397316537626
109,5,LMM-2,7,8.542857142857143,0.8398250546685183,17.085714285714285,1.6796501093370366,0.8123957418530351,0.018682198726061507
109,6,LMM-1,7,10.5,1.1717575999394556,21.0,2.343515199878911,0.7465146159744422,0.03732572252940606
109,6,LMM-2,7,8.642857142857142,0.7989505588363104,17.285714285714285,1.5979011176726208,0.7737935416935755,0.02185679317357322
109,7,LMM-1,7,10.591836734693876,1.419211318425609,21.183673469387752,2.838422636851218,0.7065935274453372,0.04754630760011146
109,7,LMM-2,7,8.755102040816327,0.7272869257634883,17.510204081632654,1.4545738515269766,0.7372849064504893,0.02378559861934677
109,8,LMM-1,7,10.464285714285714,1.3834388534461832,20.928571428571427,2.7668777068923665,0.6751902700564523,0.05019284223688693
109,8,LMM-2,7,8.660714285714286,0.7124977622592858,17.321428571428573,1.4249955245185717,0.7089235049854155,0.025380080182053354
110,2,LMM-1,7,11.285714285714286,0.45175395145262565,22.571428571428573,0.9035079029052513,0.9158485575908186,0.006107704239131212
110,2,LMM-2,7,7.428571428571429,1.0497813183356477,14.857142857142858,2.0995626366712954,0.9484308076682731,0.012020855214512228
110,3,LMM-1,7,11.0,0.8544932592822078,22.0,1.7089865185644155,0.8721235295348425,0.015423677291489824
110,3,LMM-2,7,7.19047619047619,0.9897433186107869,14.38095238095238,1.9794866372215738,0.9180532228742277,0.017854978174146156
110,4,LMM-1,7,10.714285714285714,0.8496698038121656,21.428571428571427,1.6993396076243312,0.8337950147584658,0.019517155747928585
110,4,LMM-2,7,7.357142857142857,0.7659860924831149,14.714285714285714,1.5319721849662298,0.8833176887985285,0.017025104373915138
110,5,LMM-1,7,10.342857142857143,1.006914867811777,20.685714285714287,2.013829735623554,0.7994063378301867,0.027201118099730415
110,5,LMM-2,7,7.0,0.6141195788629906,14.0,1.2282391577259812,0.8589884135361876,0.020133865810473908
110,6,LMM-1,7,10.0,1.2408394495995605,20.0,2.481678899199121,0.7678028315264382,0.03662613613498341
110,6,LMM-2,7,6.904761904761904,0.45300708548667734,13.809523809523808,0.9060141709733547,0.8300916675777303,0.019640374234899696
110,7,LMM-1,7,9.714285714285714,1.28003279841361,19.428571428571427,2.56006559682722,0.7390780437257105,0.04104731031201613
110,7,LMM-2,7,6.775510204081633,0.4309941241212833,13.551020408163266,0.8619882482425666,0.8053448523755973,0.020086426869820304
110,8,LMM-1,7,9.517857142857142,1.3845908553557233,19.035714285714285,2.7691817107114467,0.7106110630138252,0.04676804188404796
110,8,LMM-2,7,6.75,0.37796447300922725,13.5,0.7559289460184545,0.7790116926629482,0.01990793563251622
111,2,LMM-1,7,10.785714285714286,1.3324827218698307,21.571428571428573,2.6649654437396615,0.9144923466049477,0.016001591191674557
111,2,LMM-2,7,10.071428571428571,1.4249955245185717,20.142857142857142,2.8499910490371434,0.9165737091418471,0.016416276319743118
111,3,LMM-1,7,10.952380952380953,1.419015659595366,21.904761904761905,2.838031319190732,0.869654557988311,0.025159795759244923
111,3,LMM-2,7,10.047619047619047,1.3735433430339006,20.095238095238095,2.747086686067801,0.87239391515135,0.023343007965120666
111,4,LMM-1,7,10.785714285714286,1.3324827218698307,21.571428571428573,2.6649654437396615,0.829870308392586,0.0283238491167216
111,4,LMM-2,7,9.785714285714286,1.168244802414009,19.571428571428573,2.336489604828018,0.8339921739663427,0.024691200955034708
111,5,LMM-1,7,10.571428571428571,1.2486727647664093,21.142857142857142,2.4973455295328186,0.792808866657069,0.031971434849079446
111,5,LMM-2,7,9.428571428571429,1.076653924652387,18.857142857142858,2.153307849304774,0.8004321500265864,0.02747574570912678
111,6,LMM-1,7,10.357142857142858,1.2580804584402767,20.714285714285715,2.5161609168805534,0.7593111320085849,0.03651916141421893
111,6,LMM-2,7,8.880952380952381,0.8390957231764811,17.761904761904763,1.6781914463529621,0.7765908509967282,0.024791916254458052
111,7,LMM-1,7,10.244897959183673,1.2702339852730968,20.489795918367346,2.5404679705461937,0.7225693322614031,0.04505699589845201
111,7,LMM-2,7,8.979591836734693,1.0702131103777057,17.959183673469386,2.1404262207554114,0.7388534723316479,0.03402761570517406
111,8,LMM-1,7,10.053571428571429,1.2639527406561706,20.107142857142858,2.527905481312341,0.6914835721695815,0.05020788792054862
111,8,LMM-2,7,8.910714285714286,1.1796531832081245,17.821428571428573,2.359306366416249,0.70707665285486,0.03972345275201301
112,2,LMM-1,7,11.5,2.6049403612586386,23.0,5.209880722517277,0.8975711888443403,0.03358072172678672
112,2,LMM-2,7,9.5,0.8451542547285166,19.0,1.6903085094570331,0.9119072867018686,0.0139602137885998
112,3,LMM-1,7,11.523809523809524,2.4420726485634447,23.047619047619047,4.8841452971268895,0.8472778769718848,0.04278466770387296
112,3,LMM-2,7,9.142857142857142,0.7315376902732006,18.285714285714285,1.4630753805464012,0.8745936165115556,0.015665902507511445
112,4,LMM-1,7,11.142857142857142,2.39365658287372,22.285714285714285,4.78731316574744,0.8065109037766375,0.051363787401216054
112,4,LMM-2,7,9.357142857142858,0.4601463830973259,18.714285714285715,0.9202927661946518,0.8320803796983628,0.01402801807587506
112,5,LMM-1,7,10.828571428571427,2.266346516005936,21.657142857142855,4.532693032011872,0.7699067178951509,0.05712771346938023
112,5,LMM-2,7,9.142857142857142,0.3658928135675915,18.285714285714285,0.731785627135183,0.7971001284427598,0.010336016889046859
112,6,LMM-1,7,10.595238095238097,2.223355719986429,21.190476190476193,4.446711439972858,0.7343168725890754,0.06266427554156868
112,6,LMM-2,7,9.119047619047619,0.35315230890931715,18.238095238095237,0.7063046178186343,0.7615143679975376,0.0063657209525861
112,7,LMM-1,7,10.408163265306124,2.0651609209262887,20.816326530612248,4.130321841852577,0.7017236068003081,0.06289834575944388
112,7,LMM-2,7,9.142857142857142,0.2290810644963642,18.285714285714285,0.4581621289927284,0.7257227857257238,0.005651545604274105
112,8,LMM-1,7,10.357142857142858,1.9769075004425782,20.714285714285715,3.9538150008851565,0.6674731331757757,0.06418181618898289
112,8,LMM-2,7,9.25,0.2834733547569204,18.5,0.5669467095138409,0.6895481297851024,0.008997877369376652
113,2,LMM-1,7,11.071428571428571,1.3477115902938006,22.142857142857142,2.695423180587601,0.9101489942197494,0.01957889868803658
113,2,LMM-2,7,7.5,1.0690449676496976,15.0,2.138089935299395,0.9419542553342133,0.017004701054087166
113,3,LMM-1,7,11.047619047619047,1.132893071749554,22.095238095238095,2.265786143499108,0.865794504417189,0.02626331631504685
113,3,LMM-2,7,7.809523809523809,0.7315376902732006,15.619047619047619,1.4630753805464012,0.9062074377791343,0.018750534108555938
113,4,LMM-1,7,10.857142857142858,1.0594569267279519,21.714285714285715,2.1189138534559038,0.8261924333285888,0.030954553429342536
113,4,LMM-2,7,7.75,0.5345224838248488,15.5,1.0690449676496976,0.8750852453786767,0.02017329919304727
113,5,LMM-1,7,10.457142857142857,1.2081356863923411,20.914285714285715,2.4162713727846823,0.7922923048134484,0.03800787373069752
113,5,LMM-2,7,7.314285714285715,0.6833291853200799,14.62857142857143,1.3666583706401598,0.8532081713305741,0.02646348216572572
113,6,LMM-1,7,10.095238095238097,1.3329080954550863,20.190476190476193,2.6658161909101725,0.7634679155251513,0.04407648940719296
113,6,LMM-2,7,7.19047619047619,0.6632565846278149,14.38095238095238,1.3265131692556298,0.8271006057466483,0.027145481821284224
113,7,LMM-1,7,9.775510204081632,1.4404751865323506,19.551020408163264,2.8809503730647013,0.7357476899283091,0.04965358370765125
113,7,LMM-2,7,7.285714285714286,0.4829452884162952,14.571428571428571,0.9658905768325904,0.7973582560631015,0.023184523766964463
113,8,LMM-1,7,9.5,1.469936830518334,19.0,2.939873661036668,0.7088712896896183,0.05438695601398154
113,8,LMM-2,7,7.267857142857143,0.3302364644447666,14.535714285714286,0.6604729288895332,0.7713458740438905,0.021258236773181827
114,2,LMM-1,7,12.285714285714286,0.749149177264394,24.571428571428573,1.498298354528788,0.8982209374841255,0.007442045969679116
114,2,LMM-2,7,10.071428571428571,0.7284313590846836,20.142857142857142,1.4568627181693672,0.9137904338424355,0.006660646201748922
114,3,LMM-1,7,12.095238095238097,0.9035079029052514,24.190476190476193,1.8070158058105028,0.8477950532596742,0.01623162949815119
114,3,LMM-2,7,10.0,0.8357108940373448,20.0,1.6714217880746896,0.8678766298447239,0.013467429828125113
114,4,LMM-1,7,11.642857142857142,0.832993127835043,23.285714285714285,1.665986255670086,0.8075911172247234,0.019264253011549624
114,4,LMM-2,7,9.678571428571429,0.5780862162942373,19.357142857142858,1.1561724325884746,0.8286267054007405,0.016787960932201498
114,5,LMM-1,7,11.428571428571429,0.8310308326999422,22.857142857142858,1.6620616653998843,0.7673622647438568,0.021813042233009717
114,5,LMM-2,7,9.514285714285714,0.747239818892687,19.02857142857143,1.494479637785374,0.7926985925742348,0.021247220342311326
114,6,LMM-1,7,11.04761904761905,0.7953949089757175,22.0952380952381,1.590789817951435,0.7317633770341789,0.022884135362350136
114,6,LMM-2,7,9.214285714285714,0.5753831415997418,18.428571428571427,1.1507662831994836,0.7612348819935449,0.019095031930504647
114,7,LMM-1,7,10.857142857142858,0.8259635242795127,21.714285714285715,1.6519270485590254,0.6963521561395626,0.024972716140845126
114,7,LMM-2,7,9.061224489795917,0.6005689375331497,18.122448979591834,1.2011378750662993,0.7284051911002682,0.020877830005734687
114,8,LMM-1,7,10.910714285714286,0.8831616442055884,21.821428571428573,1.7663232884111768,0.6545009463790566,0.029349290543637035
114,8,LMM-2,7,9.053571428571429,0.6118514892504219,18.107142857142858,1.2237029785008438,0.6902133520023277,0.02438482177705704
115,2,LMM-1,7,13.785714285714286,1.0642617446965243,27.571428571428573,2.1285234893930487,0.8863740294779779,0.012109177203369565
115,2,LMM-2,7,10.785714285714286,1.410601261295107,21.571428571428573,2.821202522590214,0.9087095999639461,0.014010277260263493
115,3,LMM-1,7,13.428571428571429,1.0942024088643862,26.857142857142858,2.1884048177287725,0.8365676851565876,0.017604802498988444
115,3,LMM-2,7,10.476190476190476,1.3899542399358498,20.952380952380953,2.7799084798716995,0.867683734733382,0.0195837056990922
115,4,LMM-1,7,13.25,1.1100193048514324,26.5,2.220038609702865,0.7896039826387169,0.02248142771461447
115,4,LMM-2,7,10.321428571428571,1.3804391492919776,20.642857142857142,2.7608782985839553,0.8285523772721258,0.02464170441738615
115,5,LMM-1,7,13.171428571428573,1.0819483559292278,26.342857142857145,2.1638967118584556,0.7448969691092151,0.0259750699819523
115,5,LMM-2,7,10.457142857142857,1.1043513194335823,20.914285714285715,2.2087026388671647,0.7860213619998665,0.023376803445934187
115,6,LMM-1,7,12.928571428571429,1.0942024088643862,25.857142857142858,2.1884048177287725,0.7056148599193143,0.0298228839524797
115,6,LMM-2,7,10.19047619047619,1.1458294681443775,20.38095238095238,2.291658936288755,0.7532412665866504,0.02781455376440774
115,7,LMM-1,7,12.918367346938776,1.076808649654932,25.836734693877553,2.153617299309864,0.665723371242921,0.03239685868624307
115,7,LMM-2,7,10.306122448979592,0.982139544123752,20.612244897959183,1.964279088247504,0.7145760998552887,0.026386784991551303
115,8,LMM-1,7,12.589285714285714,0.9836028109943151,25.178571428571427,1.9672056219886302,0.6329891814986198,0.03406154346558815
115,8,LMM-2,7,10.142857142857142,0.8593721011082832,20.285714285714285,1.7187442022165664,0.68241428152439,0.02519916202822154
116,2,LMM-1,7,9.5,0.9258200997725514,19.0,1.8516401995451028,0.9294334635083598,0.013390112415187415
116,2,LMM-2,7,8.214285714285714,1.1293848786315641,16.428571428571427,2.2587697572631282,0.9329537868657638,0.015725053489423282
116,3,LMM-1,7,9.19047619047619,0.989743318610787,18.38095238095238,1.979486637221574,0.8955268750331111,0.017572816001212202
116,3,LMM-2,7,7.952380952380952,0.933138949631687,15.904761904761903,1.866277899263374,0.9018280094914877,0.017658897316694542
116,4,LMM-1,7,8.928571428571429,0.9702198362290089,17.857142857142858,1.9404396724580177,0.8633734919982595,0.021631225792680182
116,4,LMM-2,7,7.785714285714286,0.9583148474999099,15.571428571428571,1.9166296949998198,0.8700942433342932,0.023619320950332506
116,5,LMM-1,7,8.77142857142857,0.9587406706035727,17.54285714285714,1.9174813412071454,0.831261314882658,0.027247680898255407
116,5,LMM-2,7,7.6571428571428575,0.7687785169756408,15.314285714285715,1.5375570339512816,0.8400526332879222,0.02337732522594086
116,6,LMM-1,7,8.452380952380953,0.9828460685976329,16.904761904761905,1.9656921371952658,0.8075771345976814,0.03244341959205119
116,6,LMM-2,7,7.452380952380952,0.7384791628224201,14.904761904761903,1.4769583256448402,0.8109073572931255,0.026099985611735238
116,7,LMM-1,7,8.26530612244898,1.2275472034140869,16.53061224489796,2.4550944068281737,0.7806430297752395,0.044245372325641776
116,7,LMM-2,7,7.734693877551021,0.8168365753546738,15.469387755102042,1.6336731507093476,0.7717723467128389,0.033520359680555716
116,8,LMM-1,7,7.982142857142857,1.2034707461067318,15.964285714285714,2.4069414922134635,0.7579521285356157,0.049059031966793794
116,8,LMM-2,7,7.767857142857143,0.7512744274272368,15.535714285714286,1.5025488548544736,0.7410030048961698,0.035594112367498536
117,2,LMM-1,7,10.642857142857142,1.2163847404233143,21.285714285714285,2.4327694808466287,0.9104508015419296,0.015471857701830724
117,2,LMM-2,7,7.928571428571429,1.0151907431108498,15.857142857142858,2.0303814862216996,0.9354976498727516,0.014377616583320284
117,3,LMM-1,7,10.238095238095239,1.2688488185213553,20.476190476190478,2.5376976370427107,0.8719047679406831,0.023111138048349987
117,3,LMM-2,7,7.523809523809524,1.1248582677159733,15.047619047619047,2.2497165354319466,0.9050013693633688,0.02202853262281965
117,4,LMM-1,7,10.035714285714286,1.441902088441882,20.071428571428573,2.883804176883764,0.833425398976269,0.033499610202342225
117,4,LMM-2,7,7.535714285714286,1.190952285752362,15.071428571428571,2.381904571504724,0.8718478847616472,0.031171157219099948
117,5,LMM-1,7,9.857142857142858,1.644781481671343,19.714285714285715,3.289562963342686,0.7957799359111064,0.046707788019385806
117,5,LMM-2,7,7.6000000000000005,1.204752493846172,15.200000000000001,2.409504987692344,0.8378907324672574,0.04124158559864884
117,6,LMM-1,7,9.666666666666668,1.6690459207925605,19.333333333333336,3.338091841585121,0.7626453933279589,0.05481141857150696
117,6,LMM-2,7,7.476190476190476,1.1664236870396085,14.952380952380953,2.332847374079217,0.8095338188367082,0.04773120259622633
117,7,LMM-1,7,9.918367346938776,1.5960175343687473,19.836734693877553,3.1920350687374945,0.7173356452423925,0.05688531415426717
117,7,LMM-2,7,7.673469387755103,1.1267080605585522,15.346938775510205,2.2534161211171044,0.7697230265695474,0.04963710549673145
117,8,LMM-1,7,10.053571428571429,1.4727542571796615,20.107142857142858,2.945508514359323,0.6750148131081739,0.056659482312222384
117,8,LMM-2,7,7.767857142857143,1.0295382360999696,15.535714285714286,2.0590764721999393,0.7322060019040164,0.04906661750731262
118,2,LMM-1,7,10.857142857142858,1.0926470386270253,21.714285714285715,2.1852940772540506,0.9116089296654553,0.012078170814456899
118,2,LMM-2,7,9.285714285714286,0.5248906591678238,18.571428571428573,1.0497813183356477,0.9216034168629613,0.005952820027327605
118,3,LMM-1,7,10.761904761904761,1.0033955955097842,21.523809523809522,2.0067911910195684,0.8666917633910638,0.02001078852511602
118,3,LMM-2,7,9.0,1.0690449676496974,18.0,2.1380899352993947,0.882586173503571,0.01729070401802455
118,4,LMM-1,7,10.392857142857142,0.9622995418076771,20.785714285714285,1.9245990836153541,0.8292421555300956,0.026460613300673362
118,4,LMM-2,7,8.321428571428571,0.4374088826398532,16.642857142857142,0.8748177652797064,0.8550514677622202,0.013919762059024182
118,5,LMM-1,7,10.171428571428573,1.0388376550113054,20.342857142857145,2.077675310022611,0.7926081738484293,0.03218054011602361
118,5,LMM-2,7,8.057142857142857,0.5314592925068079,16.114285714285714,1.0629185850136158,0.8244347497515714,0.01269203368706611
118,6,LMM-1,7,9.785714285714286,1.0567781438653405,19.571428571428573,2.113556287730681,0.7636429487629448,0.03709248085600857
118,6,LMM-2,7,7.738095238095238,0.5553287518900284,15.476190476190476,1.1106575037800568,0.7987369427750866,0.012498780336586052
118,7,LMM-1,7,9.857142857142858,0.9838343504648123,19.714285714285715,1.9676687009296245,0.7254416181755168,0.03984803883881932
118,7,LMM-2,7,7.755102040816326,0.6556072818044495,15.510204081632653,1.311214563608899,0.76567439663783,0.01849396031179278
118,8,LMM-1,7,9.767857142857142,1.023013256243036,19.535714285714285,2.046026512486072,0.6930343812238225,0.04542341342188866
118,8,LMM-2,7,7.75,0.747017880833996,15.5,1.494035761667992,0.7339058739368264,0.02494542039046268
119,2,LMM-1,7,11.785714285714286,1.5084794344244912,23.571428571428573,3.0169588688489823,0.8982502477437107,0.018771932996957192
119,2,LMM-2,7,10.428571428571429,1.2657175104763823,20.857142857142858,2.5314350209527645,0.9060931604136359,0.017932980200471085
119,3,LMM-1,7,11.333333333333332,1.5223207012519793,22.666666666666664,3.0446414025039585,0.8550260500240441,0.026971682582078736
119,3,LMM-2,7,10.80952380952381,1.5103572883003527,21.61904761904762,3.0207145766007053,0.8543842322150749,0.029256180824104867
119,4,LMM-1,7,11.178571428571429,1.4923273154125842,22.357142857142858,2.9846546308251685,0.812067039947502,0.033241789448105664
119,4,LMM-2,7,10.464285714285714,1.6819874056166595,20.928571428571427,3.363974811233319,0.8140674257908482,0.04003579860460093
119,5,LMM-1,7,11.257142857142856,1.5846199570128057,22.514285714285712,3.1692399140256113,0.7662487119679989,0.04059351698058143
119,5,LMM-2,7,10.085714285714285,1.98525174469031,20.17142857142857,3.97050348938062,0.7786814301323719,0.0531129093982384
119,6,LMM-1,7,11.142857142857142,1.5182189111361768,22.285714285714285,3.0364378222723536,0.7275306855271804,0.04488681919699311
119,6,LMM-2,7,9.452380952380953,1.537144037292283,18.904761904761905,3.074288074584566,0.7547071785082629,0.04946066184606608
119,7,LMM-1,7,10.979591836734695,1.541323068448915,21.95918367346939,3.08264613689783,0.6908528289970362,0.05052589086167732
119,7,LMM-2,7,9.306122448979592,1.6260068805748644,18.612244897959183,3.252013761149729,0.72048890266951,0.05671721789506033
119,8,LMM-1,7,10.821428571428571,1.4908308189101287,21.642857142857142,2.9816616378202574,0.6577540748280848,0.05355141190883415
119,8,LMM-2,7,9.071428571428571,1.734442508798297,18.142857142857142,3.468885017596594,0.6920655002575854,0.06620869739446512
120,2,LMM-1,7,10.071428571428571,0.5624291338579865,20.142857142857142,1.124858267715973,0.9182781090494171,0.005499905434990313
120,2,LMM-2,7,7.428571428571429,1.4498416521560313,14.857142857142858,2.8996833043120627,0.9397709086057324,0.017805105821257095
120,3,LMM-1,7,9.619047619047619,0.5172752614857247,19.238095238095237,1.0345505229714493,0.8804417326472407,0.009244282767272434
120,3,LMM-2,7,7.666666666666667,1.234426799696735,15.333333333333334,2.46885359939347,0.9079609661611417,0.021986832774369615
120,4,LMM-1,7,9.285714285714286,0.5416339602893965,18.571428571428573,1.083267920578793,0.8442534813390221,0.01262911244169189
120,4,LMM-2,7,7.892857142857143,0.9715336077668174,15.785714285714286,1.9430672155336348,0.8694843151036948,0.025335063491520347
120,5,LMM-1,7,9.171428571428573,0.5799366608624125,18.342857142857145,1.159873321724825,0.8105328558685339,0.015986254803504393
120,5,LMM-2,7,7.885714285714285,0.9249379460707796,15.77142857142857,1.8498758921415592,0.8339651545966565,0.02861697122298004
120,6,LMM-1,7,9.357142857142858,0.5664465358747769,18.714285714285715,1.1328930717495538,0.7703960529945583,0.017833975333055672
120,6,LMM-2,7,7.738095238095238,0.9379864573139147,15.476190476190476,1.8759729146278294,0.8050396944787609,0.03374983543500981
120,7,LMM-1,7,9.122448979591837,0.6270323059484578,18.244897959183675,1.2540646118969156,0.7415335965492413,0.02123044258962978
120,7,LMM-2,7,7.836734693877551,0.891909117690292,15.673469387755102,1.783818235380584,0.7704413541712841,0.03607703046932479
120,8,LMM-1,7,8.892857142857142,0.679510628230016,17.785714285714285,1.359021256460032,0.7147273640757329,0.02474122437003974
120,8,LMM-2,7,7.785714285714286,0.8678644914444905,15.571428571428571,1.735728982888981,0.7422275835723381,0.04038156971233777
121,2,LMM-1,7,11.714285714285714,1.1293848786315641,23.428571428571427,2.2587697572631282,0.9013893560403131,0.021762007367463913
121,2,LMM-2,7,9.428571428571429,1.1157499537009505,18.857142857142858,2.231499907401901,0.9132351583171167,0.019110196044651806
121,3,LMM-1,7,11.571428571428571,1.1780301787479028,23.142857142857142,2.3560603574958057,0.8576170084684402,0.027474130602006028
121,3,LMM-2,7,9.238095238095239,1.3179383336283854,18.476190476190478,2.635876667256771,0.8758967551691964,0.02515573885555245
121,4,LMM-1,7,11.428571428571429,1.1704264005838527,22.857142857142858,2.3408528011677054,0.817115965831916,0.03310804681170434
121,4,LMM-2,7,9.178571428571429,0.9516366138910163,18.357142857142858,1.9032732277820326,0.8392173794267225,0.02466521161613331
121,5,LMM-1,7,11.142857142857142,1.0939536982329516,22.285714285714285,2.1879073964659033,0.7795908039389668,0.037311266144998786
121,5,LMM-2,7,8.828571428571427,0.8378787599208674,17.657142857142855,1.6757575198417347,0.8082416559411062,0.025560046254115423
121,6,LMM-1,7,10.95238095238095,1.1187942975686407,21.9047619047619,2.2375885951372814,0.7435139367699197,0.04233100936184805
121,6,LMM-2,7,8.785714285714286,1.0067797386602848,17.571428571428573,2.0135594773205696,0.7745629251135109,0.03168835613230369
121,7,LMM-1,7,11.0,1.3203939689487199,22.0,2.6407879378974397,0.7023309937887303,0.05246064558940011
121,7,LMM-2,7,8.857142857142858,1.1170556884411433,17.714285714285715,2.2341113768822867,0.7364895114827756,0.04006274634842462
121,8,LMM-1,7,10.839285714285714,1.1254250897563378,21.678571428571427,2.2508501795126756,0.6683714055432958,0.05026217124592082
121,8,LMM-2,7,8.875,1.1397838140880676,17.75,2.2795676281761352,0.7038300503093035,0.04227243614447367
122,2,LMM-1,7,9.928571428571429,1.5681784571500106,19.857142857142858,3.136356914300021,0.9197450651982189,0.018281596394094247
122,2,LMM-2,7,8.142857142857142,0.8748177652797064,16.285714285714285,1.749635530559413,0.9343203523792957,0.010153455515097864
122,3,LMM-1,7,9.761904761904761,1.8747637795266214,19.523809523809522,3.749527559053243,0.8802412425608167,0.03371432893051442
122,3,LMM-2,7,7.952380952380952,0.9499970163457145,15.904761904761903,1.899994032691429,0.9016250407277981,0.016255129822148214
122,4,LMM-1,7,9.714285714285714,1.7699302419091238,19.428571428571427,3.5398604838182477,0.8427015709036352,0.04166476780951125
122,4,LMM-2,7,8.035714285714286,0.7726181304565691,16.071428571428573,1.5452362609131383,0.8695358999701662,0.017557071555711644
122,5,LMM-1,7,9.457142857142857,1.8321393762150167,18.914285714285715,3.6642787524300333,0.8107046633129892,0.04983041304084326
122,5,LMM-2,7,7.714285714285714,0.8806305718527111,15.428571428571429,1.7612611437054222,0.8427114798726852,0.020693186818338018
122,6,LMM-1,7,9.261904761904761,1.967709858228037,18.523809523809522,3.935419716456074,0.778033451065313,0.06067210887240165
122,6,LMM-2,7,7.238095238095238,0.7499055118106486,14.476190476190476,1.4998110236212971,0.8197965624115994,0.022675526342458407
122,7,LMM-1,7,9.0,1.951302174171677,18.0,3.902604348343354,0.7514374385826804,0.06660526231954553
122,7,LMM-2,7,7.081632653061225,0.7592275607240113,14.16326530612245,1.5184551214480226,0.7942168894020528,0.0289033833712151
122,8,LMM-1,7,8.767857142857142,1.897400208448499,17.535714285714285,3.794800416896998,0.7275962379059424,0.07129549192192379
122,8,LMM-2,7,7.017857142857143,0.8356684969141136,14.035714285714286,1.6713369938282272,0.7687204460744528,0.031248538432872137
123,2,LMM-1,7,11.571428571428571,0.7759128922285868,23.142857142857142,1.5518257844571737,0.9053006741890132,0.012246268327479373
123,2,LMM-2,7,9.357142857142858,0.989743318610787,18.714285714285715,1.979486637221574,0.9194651350400316,0.016260295195774082
123,3,LMM-1,7,11.0,0.8164965809277263,22.0,1.6329931618554525,0.8685174552499211,0.01964199945630314
123,3,LMM-2,7,9.0,1.0837911120705757,18.0,2.1675822241411513,0.8856508691879049,0.024719444548386864
123,4,LMM-1,7,10.714285714285714,0.890711708095709,21.428571428571427,1.781423416191418,0.8333093838772171,0.026740208994545513
123,4,LMM-2,7,8.821428571428571,1.1473127431577865,17.642857142857142,2.294625486315573,0.8531783740919746,0.03262364454926205
123,5,LMM-1,7,10.257142857142856,0.8329931278350431,20.514285714285712,1.6659862556700862,0.8013635986692966,0.03153289668811523
123,5,LMM-2,7,8.6,1.0419761445034557,17.2,2.0839522890069113,0.8223684950197371,0.03749804847124342
123,6,LMM-1,7,9.952380952380953,0.8003683959034099,19.904761904761905,1.6007367918068198,0.7691681001544082,0.0340953878758365
123,6,LMM-2,7,8.642857142857142,0.957131011535323,17.285714285714285,1.914262023070646,0.7861296877455726,0.03947404753774027
123,7,LMM-1,7,9.673469387755103,0.8493327365993802,19.346938775510207,1.6986654731987605,0.7409264713040911,0.03951449891435625
123,7,LMM-2,7,8.36734693877551,0.9471674600712078,16.73469387755102,1.8943349201424156,0.7587695462065217,0.044097553916886786
123,8,LMM-1,7,9.392857142857142,0.8140193800029629,18.785714285714285,1.6280387600059258,0.715603149508013,0.04217388392164532
123,8,LMM-2,7,8.142857142857142,0.8356684969141136,16.285714285714285,1.6713369938282272,0.7339580336006202,0.04477005107333302
124,2,LMM-1,7,10.642857142857142,1.3014905113063284,21.285714285714285,2.602981022612657,0.9169593689351672,0.0168342170651042
124,2,LMM-2,7,9.857142857142858,1.5971914124998499,19.714285714285715,3.1943828249996997,0.9136368932606036,0.020652330664345294
124,3,LMM-1,7,10.476190476190476,1.3075743064519985,20.952380952380953,2.615148612903997,0.8783268612869095,0.02361895161391537
124,3,LMM-2,7,9.476190476190476,1.5312319229346216,18.952380952380953,3.0624638458692433,0.8778261049431487,0.02720642203859324
124,4,LMM-1,7,10.321428571428571,1.341070239679899,20.642857142857142,2.682140479359798,0.8428355300197018,0.03099778992143504
124,4,LMM-2,7,9.642857142857142,1.4568627181693672,19.285714285714285,2.9137254363387344,0.8348415277998303,0.033095037449427385
124,5,LMM-1,7,10.228571428571428,1.2847615517666924,20.457142857142856,2.5695231035333848,0.8059078617689488,0.03603818364838057
124,5,LMM-2,7,9.485714285714286,1.3642670155786654,18.97142857142857,2.7285340311573307,0.798273410966651,0.037913655609169296
124,6,LMM-1,7,10.0,1.3714781737061585,20.0,2.742956347412317,0.7744647607229085,0.044867396164061886
124,6,LMM-2,7,9.166666666666668,1.419814430083388,18.333333333333336,2.839628860166776,0.7686911538046564,0.04606983287281543
124,7,LMM-1,7,9.918367346938776,1.3868544496352662,19.836734693877553,2.7737088992705323,0.7416637907048919,0.050919910596024125
124,7,LMM-2,7,9.061224489795919,1.4262371599719306,18.122448979591837,2.852474319943861,0.7363307073356514,0.05220230828659114
124,8,LMM-1,7,9.803571428571429,1.3755796551836255,19.607142857142858,2.751159310367251,0.7108384172149738,0.055256199276092106
124,8,LMM-2,7,8.892857142857142,1.4101490730285453,17.785714285714285,2.8202981460570906,0.7072883873365235,0.05701481558011871
125,2,LMM-1,7,10.785714285714286,1.4356965173029843,21.571428571428573,2.8713930346059686,0.9187093308844023,0.02010892041821999
125,2,LMM-2,7,6.785714285714286,0.9202927661946518,13.571428571428571,1.8405855323893037,0.9503029012093994,0.0121063500901708
125,3,LMM-1,7,10.666666666666668,1.0690449676496976,21.333333333333336,2.138089935299395,0.8777606533487834,0.02014411023332301
125,3,LMM-2,7,7.3809523809523805,0.7221786137191951,14.761904761904761,1.4443572274383902,0.9102651364396884,0.013069382170881902
125,4,LMM-1,7,10.285714285714286,1.0973065354098013,20.571428571428573,2.1946130708196026,0.8434019073608926,0.02668730351031393
125,4,LMM-2,7,7.0,0.6681531047810609,14.0,1.3363062095621219,0.8877792609490377,0.017056287163875472
125,5,LMM-1,7,10.200000000000001,1.1856282240712244,20.400000000000002,2.3712564481424487,0.8058767375905108,0.034022383837301974
125,5,LMM-2,7,6.685714285714285,0.6663945022680343,13.37142857142857,1.3327890045360686,0.8659000186067025,0.021029554840666858
125,6,LMM-1,7,9.952380952380953,1.2399253872658607,19.904761904761905,2.4798507745317213,0.7754346631491826,0.04125233413279492
125,6,LMM-2,7,6.761904761904762,0.7392464141076203,13.523809523809524,1.4784928282152405,0.8362757420399334,0.025094121586231106
125,7,LMM-1,7,9.775510204081632,1.167732204156732,19.551020408163264,2.335464408313464,0.7451196132398852,0.04283530403682468
125,7,LMM-2,7,6.795918367346938,0.8933089236016036,13.591836734693876,1.7866178472032073,0.8060058816458614,0.033708141770750044
125,8,LMM-1,7,9.571428571428571,1.2335654313693245,19.142857142857142,2.467130862738649,0.715672763939626,0.04803353858709057
125,8,LMM-2,7,6.839285714285714,1.0148765884559159,13.678571428571429,2.0297531769118318,0.7743694081804063,0.04498906919458574
126,2,LMM-1,7,10.285714285714286,1.6444092047459054,20.571428571428573,3.2888184094918107,0.9152490482550387,0.02123825959262983
126,2,LMM-2,7,8.714285714285714,1.4603605928757766,17.428571428571427,2.920721185751553,0.9195413253499548,0.016952473717935436
126,3,LMM-1,7,10.380952380952381,1.8638462657886594,20.761904761904763,3.727692531577319,0.8715522769510523,0.03512902729037455
126,3,LMM-2,7,8.857142857142858,1.6700645635000173,17.714285714285715,3.3401291270000346,0.8787999081111463,0.029382283839045634
126,4,LMM-1,7,9.928571428571429,1.6621537540314424,19.857142857142858,3.3243075080628848,0.8377022202986453,0.0402375280197427
126,4,LMM-2,7,8.357142857142858,1.4006193965091127,16.714285714285715,2.8012387930182254,0.8522308845070538,0.03230561202494996
126,5,LMM-1,7,9.542857142857143,1.613210767256355,19.085714285714285,3.22642153451271,0.8081359942475916,0.046300612236136504
126,5,LMM-2,7,8.2,1.3223355960464154,16.4,2.6446711920928307,0.8212835289508558,0.03646740469167543
126,6,LMM-1,7,9.238095238095239,1.5219482680473226,18.476190476190478,3.0438965360946453,0.7811051474729436,0.04986708232083638
126,6,LMM-2,7,8.071428571428571,1.2936264483053455,16.142857142857142,2.587252896610691,0.7925935245852782,0.038157118203187936
126,7,LMM-1,7,9.122448979591837,1.5823895489779694,18.244897959183675,3.1647790979559387,0.7509616709952714,0.05544820013626113
126,7,LMM-2,7,7.979591836734694,1.360476188775425,15.959183673469388,2.72095237755085,0.7666728490452368,0.04442468600613612
126,8,LMM-1,7,8.928571428571429,1.5879810053868364,17.857142857142858,3.175962010773673,0.7236237978024038,0.06054162302188977
126,8,LMM-2,7,7.821428571428571,1.1930923634635762,15.642857142857142,2.3861847269271523,0.7418814223526954,0.04485549330929355
127,2,LMM-1,7,16.928571428571427,1.9166296949998198,33.857142857142854,3.8332593899996397,0.8664992005708558,0.017909604692184986
127,2,LMM-2,7,11.071428571428571,0.1749635530559413,22.142857142857142,0.3499271061118826,0.9163261225466043,0.0034868987577152074
127,3,LMM-1,7,16.428571428571427,1.9166296949998198,32.857142857142854,3.8332593899996397,0.8108900586523281,0.02520145539009276
127,3,LMM-2,7,10.714285714285714,0.11664236870396107,21.428571428571427,0.23328473740792213,0.879247035408304,0.0040240045321291475
127,4,LMM-1,7,16.178571428571427,1.9166296949998198,32.357142857142854,3.8332593899996397,0.7608886636026225,0.031604983356069746
127,4,LMM-2,7,10.535714285714286,0.08748177652797065,21.071428571428573,0.1749635530559413,0.8458449378370929,0.00452253331006137
127,5,LMM-1,7,15.828571428571427,1.916629694999819,31.657142857142855,3.833259389999638,0.7140474154163193,0.03716045228305489
127,5,LMM-2,7,10.228571428571428,0.06998542122237689,20.457142857142856,0.13997084244475377,0.8137122542162075,0.004976380371268955
127,6,LMM-1,7,15.428571428571429,1.9166296949998198,30.857142857142858,3.8332593899996397,0.671659599188688,0.04204082071409347
127,6,LMM-2,7,9.857142857142858,0.05832118435198022,19.714285714285715,0.11664236870396044,0.7845496861629869,0.005400299518527279
127,7,LMM-1,7,15.081632653061224,1.6428254528569877,30.163265306122447,3.2856509057139753,0.629948538798484,0.03943002320032691
127,7,LMM-2,7,9.306122448979593,0.04998958658741162,18.612244897959187,0.09997917317482324,0.7614382262000248,0.0052412161509449795
127,8,LMM-1,7,14.625,1.5294723646688468,29.25,3.0589447293376937,0.5937842309437718,0.04062098354623635
127,8,LMM-2,7,8.839285714285714,0.2731617596567563,17.678571428571427,0.5463235193135126,0.737631338483611,0.010848079938731027
128,2,LMM-1,7,9.857142857142858,1.8461211404742979,19.714285714285715,3.6922422809485957,0.9190397274900924,0.02551454857983472
128,2,LMM-2,7,8.142857142857142,1.124858267715973,16.285714285714285,2.249716535431946,0.9294612737263448,0.012075968473709895
128,3,LMM-1,7,9.523809523809524,1.7353206817417712,19.047619047619047,3.4706413634835425,0.8865517746913606,0.03220333587513747
128,3,LMM-2,7,8.285714285714286,1.0301575072754254,16.571428571428573,2.060315014550851,0.8950704939275818,0.016126641548828997
128,4,LMM-1,7,9.357142857142858,1.8217786778366927,18.714285714285715,3.6435573556733853,0.8505808300329714,0.044899605553323896
128,4,LMM-2,7,8.357142857142858,1.148423942200966,16.714285714285715,2.296847884401932,0.8609274665270572,0.02434144603980849
128,5,LMM-1,7,9.228571428571428,1.8529623276675387,18.457142857142856,3.7059246553350773,0.8177791111014826,0.05438516086406607
128,5,LMM-2,7,8.314285714285713,1.33033676877975,16.628571428571426,2.6606735375595,0.8266308522558549,0.032706393432251214
128,6,LMM-1,7,9.30952380952381,1.9363452963188057,18.61904761904762,3.8726905926376114,0.7806827256267025,0.06201579027570933
128,6,LMM-2,7,8.142857142857142,1.646132001661296,16.285714285714285,3.292264003322592,0.7976640929864861,0.04630111306645434
128,7,LMM-1,7,9.16326530612245,1.9188015140478627,18.3265306122449,3.8376030280957254,0.7522812091715692,0.07034921172125404
128,7,LMM-2,7,8.122448979591837,1.6043464495537587,16.244897959183675,3.2086928991075174,0.7655119490526718,0.05177069102886484
128,8,LMM-1,7,9.178571428571429,1.8872896558021928,18.357142857142858,3.7745793116043855,0.7196851844155459,0.07427632136349224
128,8,LMM-2,7,8.053571428571429,1.6337090016403828,16.107142857142858,3.2674180032807656,0.7382963554900359,0.06125798937325078
129,2,LMM-1,7,11.142857142857142,0.989743318610787,22.285714285714285,1.979486637221574,0.9027496962222517,0.012982228212644028
129,2,LMM-2,7,8.214285714285714,2.418044411401537,16.428571428571427,4.836088822803074,0.9253747515928489,0.026740364895452593
129,3,LMM-1,7,11.19047619047619,1.2325884862423602,22.38095238095238,2.4651769724847203,0.8585489910075587,0.02717593862521289
129,3,LMM-2,7,8.190476190476192,2.1738499448596817,16.380952380952383,4.3476998897193635,0.8914151822805133,0.030345156704106806
129,4,LMM-1,7,11.25,1.3822858914545448,22.5,2.7645717829090897,0.8101895792451058,0.03669422402127987
129,4,LMM-2,7,8.678571428571429,1.5907898179514348,17.357142857142858,3.1815796359028696,0.8421667497597856,0.029499418933773502
129,5,LMM-1,7,11.0,1.3979576940257223,22.0,2.7959153880514447,0.7752271152263965,0.04275604420426223
129,5,LMM-2,7,8.714285714285714,1.3260344440996905,17.428571428571427,2.652068888199381,0.8062974673593303,0.03307330491486432
129,6,LMM-1,7,10.809523809523808,1.3581867330430153,21.619047619047617,2.7163734660860306,0.7421629563757531,0.04479195294192575
129,6,LMM-2,7,8.452380952380953,1.2042065348954087,16.904761904761905,2.4084130697908175,0.7802849203716592,0.03441025467493647
129,7,LMM-1,7,10.530612244897961,1.3760006392683732,21.061224489795922,2.7520012785367465,0.7114087117032742,0.050267303567350284
129,7,LMM-2,7,8.122448979591837,1.2059825879750334,16.244897959183675,2.411965175950067,0.7559000333938031,0.03808746172287752
129,8,LMM-1,7,10.428571428571429,1.3852815966585337,20.857142857142858,2.7705631933170674,0.6799198080591878,0.05325237978181516
129,8,LMM-2,7,8.160714285714286,1.2205719636167902,16.321428571428573,2.4411439272335804,0.7235929770472158,0.04341675863811588
130,2,LMM-1,7,10.357142857142858,0.6388765649999399,20.714285714285715,1.2777531299998799,0.9173666342480982,0.0055070166797114425
130,2,LMM-2,7,8.071428571428571,0.5624291338579865,16.142857142857142,1.124858267715973,0.9326003173850511,0.005581715664975446
130,3,LMM-1,7,10.238095238095239,0.555328751890029,20.476190476190478,1.110657503780058,0.8780226643893602,0.0066344622742903385
130,3,LMM-2,7,7.714285714285714,0.5753831415997416,15.428571428571429,1.1507662831994832,0.9031421249570194,0.00832916022006923
130,4,LMM-1,7,9.964285714285714,0.5578749768504753,19.928571428571427,1.1157499537009505,0.8414759882331351,0.009405751529994734
130,4,LMM-2,7,7.535714285714286,0.7840892285750053,15.071428571428571,1.5681784571500106,0.8725976615102661,0.014576880358116877
130,5,LMM-1,7,9.971428571428572,0.8241260058203408,19.942857142857143,1.6482520116406816,0.8052122336100022,0.013901145138965463
130,5,LMM-2,7,7.714285714285714,1.0999072317097234,15.428571428571429,2.1998144634194468,0.8379035672906358,0.022358828230981013
130,6,LMM-1,7,9.833333333333332,0.8864052604279186,19.666666666666664,1.7728105208558371,0.7717357514485564,0.02067770448545486
130,6,LMM-2,7,7.523809523809524,1.1799534946060823,15.047619047619047,2.3599069892121647,0.8107016221593145,0.030917463903296274
130,7,LMM-1,7,9.959183673469388,0.7851177168029119,19.918367346938776,1.5702354336058237,0.7366803663479156,0.020117544632823035
130,7,LMM-2,7,7.795918367346938,1.0466025636700476,15.591836734693876,2.093205127340095,0.7753628641518459,0.030018982926643126
130,8,LMM-1,7,10.196428571428571,0.5380899704756915,20.392857142857142,1.076179940951383,0.6988259600582788,0.016728451526773765
130,8,LMM-2,7,8.392857142857142,0.6762177224557674,16.785714285714285,1.3524354449115348,0.7313226858900822,0.02361638071239814
131,2,LMM-1,7,11.571428571428571,1.0151907431108498,23.142857142857142,2.0303814862216996,0.9093458378089131,0.01413922528749751
131,2,LMM-2,7,8.428571428571429,1.3997084244475304,16.857142857142858,2.799416848895061,0.9342995540214726,0.017423255684079937
131,3,LMM-1,7,11.523809523809524,0.9735737285838513,23.047619047619047,1.9471474571677025,0.8701850211174931,0.01964417137950761
131,3,LMM-2,7,8.428571428571429,1.3997084244475304,16.857142857142858,2.799416848895061,0.9057406532810653,0.02524432668618254
131,4,LMM-1,7,11.107142857142858,0.989743318610787,22.214285714285715,1.979486637221574,0.8340661868909901,0.02562025712899903
131,4,LMM-2,7,8.321428571428571,1.185585190906988,16.642857142857142,2.371170381813976,0.8733360724993956,0.027793752179612986
131,5,LMM-1,7,10.714285714285714,0.9847821679779475,21.428571428571427,1.969564335955895,0.799050275800162,0.033179886951654775
131,5,LMM-2,7,8.2,1.1212238211627763,16.4,2.2424476423255526,0.8421595908645425,0.03151347458957195
131,6,LMM-1,7,10.285714285714286,1.022424312075423,20.571428571428573,2.044848624150846,0.769244539180462,0.038022780311432386
131,6,LMM-2,7,7.904761904761905,1.083267920578793,15.80952380952381,2.166535841157586,0.8147305380898053,0.034794126468690637
131,7,LMM-1,7,9.979591836734695,0.9939425030110958,19.95918367346939,1.9878850060221915,0.7380318788568266,0.04308494986504545
131,7,LMM-2,7,7.63265306122449,1.1348113285271708,15.26530612244898,2.2696226570543416,0.7902863118195068,0.039007733121646994
131,8,LMM-1,7,9.714285714285714,1.0473484499010843,19.428571428571427,2.0946968998021687,0.7107067493164788,0.04766969922729559
131,8,LMM-2,7,7.357142857142857,1.0531173355561951,14.714285714285714,2.1062346711123903,0.7677784269253566,0.04042679095024516
132,2,LMM-1,7,9.285714285714286,1.2494896917525644,18.571428571428573,2.498979383505129,0.9227742882675599,0.019225942076738185
132,2,LMM-2,7,8.571428571428571,0.9422075684480656,17.142857142857142,1.8844151368961313,0.9264069127751243,0.007381371123357211
132,3,LMM-1,7,8.952380952380953,1.2526615655205622,17.904761904761905,2.5053231310411244,0.8865593183037594,0.0277402847585149
132,3,LMM-2,7,8.380952380952381,1.3265131692556305,16.761904761904763,2.653026338511261,0.8909186725183409,0.0146439680104566
132,4,LMM-1,7,8.75,1.246423454758225,17.5,2.49284690951645,0.8556601347751769,0.031241112991740566
132,4,LMM-2,7,8.392857142857142,1.1406228159050937,16.785714285714285,2.2812456318101875,0.8566375866017195,0.014585566735868326
132,5,LMM-1,7,8.6,1.2739141034061687,17.2,2.5478282068123375,0.8253207928608229,0.03552974362835278
132,5,LMM-2,7,8.057142857142857,1.099164803524077,16.114285714285714,2.198329607048154,0.8286820679849092,0.017733634018946728
132,6,LMM-1,7,8.380952380952381,1.2684019620825906,16.761904761904763,2.536803924165181,0.797242274898771,0.03809966065782621
132,6,LMM-2,7,7.928571428571429,1.1610652704987245,15.857142857142858,2.322130540997449,0.7994925654867372,0.02116443908977025
132,7,LMM-1,7,8.244897959183673,1.2400373494663928,16.489795918367346,2.4800746989327855,0.7704488020247923,0.04062707003955355
132,7,LMM-2,7,7.938775510204081,1.0212241635262693,15.877551020408163,2.0424483270525386,0.7689392137854313,0.02103100128621916
132,8,LMM-1,7,8.089285714285714,1.4263375391225612,16.178571428571427,2.8526750782451225,0.7438573884778709,0.049298441462649126
132,8,LMM-2,7,7.660714285714286,1.0600587199754163,15.321428571428571,2.1201174399508327,0.744831791326746,0.025843551612054105
133,2,LMM-1,7,12.857142857142858,2.0995626366712954,25.714285714285715,4.199125273342591,0.8879031518018917,0.022134017995727534
133,2,LMM-2,7,9.0,1.3093073414159544,18.0,2.618614682831909,0.9192284714238548,0.014676031279906377
133,3,LMM-1,7,12.38095238095238,1.9059520091609048,24.76190476190476,3.8119040183218096,0.8394202418617045,0.030864568627368773
133,3,LMM-2,7,8.571428571428571,0.9874495882537009,17.142857142857142,1.9748991765074018,0.8829284841450086,0.018069781370923195
133,4,LMM-1,7,11.964285714285714,1.8918460911641468,23.928571428571427,3.7836921823282936,0.7955318586465729,0.03968438436420815
133,4,LMM-2,7,8.178571428571429,0.9035079029052513,16.357142857142858,1.8070158058105026,0.8519802893497056,0.021357510500398955
133,5,LMM-1,7,11.6,2.022728002334612,23.2,4.045456004669224,0.7576294904781976,0.04850529923276258
133,5,LMM-2,7,8.085714285714285,1.241460627565739,16.17142857142857,2.482921255131478,0.8184872826108004,0.03307286270873201
133,6,LMM-1,7,11.333333333333334,2.0256294338241143,22.666666666666668,4.051258867648229,0.7179360228871333,0.05680382447223641
133,6,LMM-2,7,8.166666666666666,1.5685399135238667,16.333333333333332,3.1370798270477334,0.7812038800895371,0.04738480320975953
133,7,LMM-1,7,11.10204081632653,2.0126629528063895,22.20408163265306,4.025325905612779,0.6810389913982694,0.06328747431627273
133,7,LMM-2,7,8.142857142857142,1.6430789557445178,16.285714285714285,3.2861579114890356,0.7466513534864667,0.05340703431522203
133,8,LMM-1,7,10.875,2.1033561616752268,21.75,4.2067123233504535,0.6503311594061473,0.07052803164527423
133,8,LMM-2,7,8.071428571428571,1.6781914463529615,16.142857142857142,3.356382892705923,0.7162661247880026,0.05885043716288469
134,2,LMM-1,7,19.071428571428573,1.0497813183356477,38.142857142857146,2.0995626366712954,0.8303806551862093,0.011083713121567602
134,2,LMM-2,7,15.5,2.449489742783178,31.0,4.898979485566356,0.8571227380369184,0.024847677818298556
134,3,LMM-1,7,18.571428571428573,1.0497813183356477,37.142857142857146,2.0995626366712954,0.7627237649461361,0.01530090642238452
134,3,LMM-2,7,15.0,2.449489742783178,30.0,4.898979485566356,0.8000599398289294,0.03528761252855496
134,4,LMM-1,7,18.321428571428573,1.0497813183356477,36.642857142857146,2.0995626366712954,0.7031839428912371,0.018845245077022038
134,4,LMM-2,7,14.75,2.449489742783178,29.5,4.898979485566356,0.7497008286657166,0.044715391897343686
134,5,LMM-1,7,17.971428571428568,1.0497813183356477,35.942857142857136,2.0995626366712954,0.6516079597397616,0.021870917163399124
134,5,LMM-2,7,14.4,2.449489742783178,28.8,4.898979485566356,0.7062298845393226,0.05339713456258876
134,6,LMM-1,7,17.738095238095237,1.0497813183356477,35.476190476190474,2.0995626366712954,0.6024988410386793,0.0243135982479735
134,6,LMM-2,7,14.166666666666666,2.449489742783178,28.333333333333332,4.898979485566356,0.6639509631607515,0.061085970792698646
134,7,LMM-1,7,17.428571428571427,1.0497813183356477,34.857142857142854,2.0995626366712954,0.5595112038785385,0.026392044336646405
134,7,LMM-2,7,13.857142857142858,2.4494897427831783,27.714285714285715,4.898979485566357,0.6270333580958752,0.06824206328380054
134,8,LMM-1,7,17.196428571428573,1.0497813183356477,34.392857142857146,2.0995626366712954,0.5221073391858213,0.02819899129593569
134,8,LMM-2,7,13.732142857142858,2.187044413199266,27.464285714285715,4.374088826398532,0.5915905645579115,0.06632426026864058
135,2,LMM-1,7,14.071428571428571,2.2587697572631282,28.142857142857142,4.5175395145262565,0.8741801224539387,0.03009469455923217
135,2,LMM-2,7,10.142857142857142,2.3101373755423187,20.285714285714285,4.620274751084637,0.9058358651827761,0.030436451616208678
135,3,LMM-1,7,13.619047619047619,1.8294640678379561,27.238095238095237,3.6589281356759122,0.8258727767660108,0.03351932447041514
135,3,LMM-2,7,9.666666666666668,2.5819888974716116,19.333333333333336,5.163977794943223,0.8722798716641658,0.04561788852263457
135,4,LMM-1,7,13.214285714285714,1.7239311980210243,26.428571428571427,3.4478623960420487,0.7810012531770464,0.03686369717644358
135,4,LMM-2,7,9.714285714285714,2.277328366704266,19.428571428571427,4.554656733408532,0.8310375428064608,0.04902445275815429
135,5,LMM-1,7,13.142857142857142,1.91449892202868,26.285714285714285,3.82899784405736,0.7310454347909748,0.04916456386333093
135,5,LMM-2,7,9.799999999999999,1.9272482233188633,19.599999999999998,3.8544964466377265,0.7850885500018946,0.05180275486477239
135,6,LMM-1,7,13.11904761904762,1.9613614596779976,26.23809523809524,3.922722919355995,0.6847773350674907,0.05441821587813251
135,6,LMM-2,7,9.785714285714286,1.7106442806367674,19.571428571428573,3.421288561273535,0.7449169468328518,0.051063424247191784
135,7,LMM-1,7,12.89795918367347,1.9966652748791844,25.79591836734694,3.993330549758369,0.64704820028095,0.05951781067128835
135,7,LMM-2,7,9.612244897959183,1.727355426081537,19.224489795918366,3.454710852163074,0.7126713703566947,0.05648308946553175
135,8,LMM-1,7,12.946428571428571,2.093631012458148,25.892857142857142,4.187262024916296,0.6038013921887815,0.06745328432415304
135,8,LMM-2,7,9.589285714285714,1.553674052439729,19.178571428571427,3.107348104879458,0.6751202670814026,0.05697741415495687
136,2,LMM-1,7,9.571428571428571,2.060315014550851,19.142857142857142,4.120630029101702,0.9158252128620067,0.028185548210849485
136,2,LMM-2,7,7.357142857142857,1.2453996981544782,14.714285714285714,2.4907993963089563,0.9347457571646602,0.01911319650477429
136,3,LMM-1,7,9.428571428571429,2.1285234893930487,18.857142857142858,4.257046978786097,0.8778468330803838,0.03861689565178618
136,3,LMM-2,7,7.238095238095238,1.1644780248226174,14.476190476190476,2.328956049645235,0.90405743711169,0.02406483725637406
136,4,LMM-1,7,9.285714285714286,2.067730689447161,18.571428571428573,4.135461378894322,0.8428759922362818,0.04709063527416529
136,4,LMM-2,7,7.142857142857143,1.084444746477784,14.285714285714286,2.168889492955568,0.873800153695634,0.027162262050667532
136,5,LMM-1,7,9.085714285714285,1.9765977778774828,18.17142857142857,3.9531955557549656,0.8100434843100016,0.052330017364757044
136,5,LMM-2,7,7.028571428571428,1.0222025039999036,14.057142857142855,2.0444050079998073,0.8469787905259497,0.02900702992557724
136,6,LMM-1,7,8.880952380952381,1.9894848294524177,17.761904761904763,3.9789696589048353,0.781787445330492,0.05960323903874084
136,6,LMM-2,7,6.857142857142857,0.973573728583851,13.714285714285714,1.947147457167702,0.8230546570657452,0.03120860397807895
136,7,LMM-1,7,8.795918367346939,1.9087906858922323,17.591836734693878,3.8175813717844647,0.7512435726281875,0.06503009232506309
136,7,LMM-2,7,6.836734693877552,0.9048897664243007,13.673469387755103,1.8097795328486015,0.7982992829757902,0.03428507833245417
136,8,LMM-1,7,8.803571428571429,1.8778040257661803,17.607142857142858,3.7556080515323607,0.7203341149313394,0.07013276391095172
136,8,LMM-2,7,6.875,0.7676494735787385,13.75,1.535298947157477,0.769554329888049,0.033602872619336414
137,2,LMM-1,7,13.214285714285714,0.6998542122237652,26.428571428571427,1.3997084244475304,0.892681836712522,0.013343682200454633
137,2,LMM-2,7,7.142857142857143,0.3499271061118826,14.285714285714286,0.6998542122237652,0.9450703800005157,0.007386033267175145
137,3,LMM-1,7,13.0,0.6172133998483675,26.0,1.234426799696735,0.8456882217176689,0.01635872740809193
137,3,LMM-2,7,6.333333333333334,0.8164965809277263,12.666666666666668,1.6329931618554525,0.9295374988359413,0.01482066713749555
137,4,LMM-1,7,12.678571428571429,0.6368769464331074,25.357142857142858,1.2737538928662149,0.8020927094222221,0.01969564956635219
137,4,LMM-2,7,6.928571428571429,0.37115374447904514,13.857142857142858,0.7423074889580903,0.8910566810592603,0.0093371309800254
137,5,LMM-1,7,12.4,0.7559289460184547,24.8,1.5118578920369095,0.7609571064973467,0.025920821129526372
137,5,LMM-2,7,7.3428571428571425,0.647759088500265,14.685714285714285,1.29551817700053,0.8514477677737474,0.018879555698956267
137,6,LMM-1,7,12.166666666666668,0.811621930907586,24.333333333333336,1.623243861815172,0.7232373380578722,0.030811656846187085
137,6,LMM-2,7,7.642857142857143,0.8702698515474793,15.285714285714286,1.7405397030949585,0.8128026451911191,0.02886760562077087
137,7,LMM-1,7,12.0,0.9352195295828243,24.0,1.8704390591656486,0.686127293362832,0.037325823794050014
137,7,LMM-2,7,7.795918367346938,1.0849007232654706,15.591836734693876,2.169801446530941,0.7767641166698258,0.03899258728601964
137,8,LMM-1,7,11.696428571428571,1.0239479419165323,23.392857142857142,2.0478958838330645,0.6557519062836477,0.042239276713587535
137,8,LMM-2,7,7.732142857142857,1.2034707461067318,15.464285714285714,2.4069414922134635,0.7478269026596301,0.04627326952503281
138,2,LMM-1,7,11.428571428571429,2.7048708898230696,22.857142857142858,5.409741779646139,0.9060701958700109,0.03613884282024098
138,2,LMM-2,7,9.071428571428571,3.1216819119160224,18.142857142857142,6.243363823832045,0.9214189161257204,0.04022162118582673
138,3,LMM-1,7,11.095238095238097,2.498979383505129,22.190476190476193,4.997958767010258,0.8647537298644902,0.044988732705647926
138,3,LMM-2,7,8.571428571428571,2.947769055341364,17.142857142857142,5.895538110682728,0.8897156300567138,0.05316577831517987
138,4,LMM-1,7,10.607142857142858,2.1458312693999715,21.214285714285715,4.291662538799943,0.8310563735866401,0.046145135143087
138,4,LMM-2,7,8.392857142857142,2.4233136362410534,16.785714285714285,4.846627272482107,0.8616247055537355,0.054547909994221475
138,5,LMM-1,7,10.542857142857143,1.825890892419481,21.085714285714285,3.651781784838962,0.7913033359590981,0.04701911876324428
138,5,LMM-2,7,8.428571428571429,2.1069370359527566,16.857142857142858,4.213874071905513,0.8257020906201199,0.05772452892600666
138,6,LMM-1,7,10.333333333333332,1.555838976448052,20.666666666666664,3.111677952896104,0.7584380340841788,0.047468323230948545
138,6,LMM-2,7,8.238095238095239,1.8491893179950092,16.476190476190478,3.6983786359900184,0.7980803688585283,0.05952466197313104
138,7,LMM-1,7,10.122448979591837,1.396431460780082,20.244897959183675,2.792862921560164,0.7291980760886594,0.04882845847518119
138,7,LMM-2,7,8.122448979591837,1.556381711423479,16.244897959183675,3.112763422846958,0.7699788400511577,0.056661674319978546
138,8,LMM-1,7,9.892857142857142,1.4886903571904524,19.785714285714285,2.977380714380905,0.7021171119557154,0.05603129365473708
138,8,LMM-2,7,7.964285714285714,1.611502024668354,15.928571428571429,3.223004049336708,0.7431247836007914,0.06306947809967114
139,2,LMM-1,7,10.714285714285714,0.9202927661946518,21.428571428571427,1.8405855323893037,0.9168515423536805,0.014465444263792397
139,2,LMM-2,7,9.285714285714286,0.9202927661946518,18.571428571428573,1.8405855323893037,0.9270186365903795,0.01364462119151246
139,3,LMM-1,7,10.380952380952381,1.0753895038701156,20.761904761904763,2.150779007740231,0.8795731189701161,0.01997225607997249
139,3,LMM-2,7,8.238095238095237,0.9712418121129114,16.476190476190474,1.9424836242258228,0.9032443903980353,0.015422302385690811
139,4,LMM-1,7,10.035714285714286,1.190952285752362,20.071428571428573,2.381904571504724,0.8457789539055189,0.027990964363549916
139,4,LMM-2,7,7.857142857142857,0.8001913036574314,15.714285714285714,1.6003826073148628,0.8768726415585287,0.014298769013026047
139,5,LMM-1,7,9.714285714285714,1.2040747146117414,19.428571428571427,2.408149429223483,0.8129629478077843,0.03295738083637529
139,5,LMM-2,7,7.6000000000000005,0.8,15.200000000000001,1.6,0.8507346061394979,0.01815581850535761
139,6,LMM-1,7,9.38095238095238,1.2777531299998799,18.76190476190476,2.5555062599997598,0.7835609173983583,0.03965768897533682
139,6,LMM-2,7,7.547619047619048,0.8295833995325881,15.095238095238097,1.6591667990651762,0.8221654866358327,0.024850154595770967
139,7,LMM-1,7,9.26530612244898,1.6260068805748646,18.53061224489796,3.2520137611497293,0.7518239292225947,0.05326895868528871
139,7,LMM-2,7,7.5102040816326525,0.9316499763684349,15.020408163265305,1.8632999527368699,0.7927860772340521,0.028720013083877522
139,8,LMM-1,7,9.232142857142858,1.9254273313120038,18.464285714285715,3.8508546626240077,0.7204296011365875,0.06671310578003285
139,8,LMM-2,7,7.375,1.0856202966836188,14.75,2.1712405933672376,0.7678570171931888,0.0361852474441219
140,2,LMM-1,7,14.785714285714286,0.45175395145262565,29.571428571428573,0.9035079029052513,0.8889685769419818,0.006356839425367092
140,2,LMM-2,7,10.928571428571429,2.2587697572631282,21.857142857142858,4.5175395145262565,0.9159499834538833,0.023421379235868636
140,3,LMM-1,7,14.142857142857142,0.6388765649999399,28.285714285714285,1.2777531299998799,0.8422959583344977,0.01013325369059124
140,3,LMM-2,7,10.380952380952381,2.2916589362887554,20.761904761904763,4.583317872577511,0.8802737491236989,0.033713010813128205
140,4,LMM-1,7,13.892857142857142,0.595476142876181,27.785714285714285,1.190952285752362,0.7963286092013168,0.012477584799395584
140,4,LMM-2,7,10.107142857142858,2.306269184423277,20.214285714285715,4.612538368846554,0.8450950004902741,0.04304426763088291
140,5,LMM-1,7,13.514285714285716,0.6127888739864917,27.028571428571432,1.2255777479729835,0.7558399097032881,0.01513421770067494
140,5,LMM-2,7,9.771428571428572,2.296403576846871,19.542857142857144,4.592807153693742,0.8138402712198605,0.051490082365297715
140,6,LMM-1,7,13.523809523809524,0.726092889617948,27.047619047619047,1.452185779235896,0.7046627012819282,0.022220455726912277
140,6,LMM-2,7,9.69047619047619,2.4159335036125373,19.38095238095238,4.831867007225075,0.7725061449444247,0.06293586915057195
140,7,LMM-1,7,13.26530612244898,0.791457935904707,26.53061224489796,1.582915871809414,0.6690735431476104,0.024873771798772412
140,7,LMM-2,7,9.469387755102042,2.422819461723598,18.938775510204085,4.845638923447196,0.7444495088999322,0.06992368120660915
140,8,LMM-1,7,13.178571428571429,1.0304670033038221,26.357142857142858,2.0609340066076443,0.6261289191484064,0.034269289374919125
140,8,LMM-2,7,9.392857142857142,2.541115976921019,18.785714285714285,5.082231953842038,0.7081568444794236,0.08035449523288343
141,2,LMM-1,7,12.214285714285714,1.1605769149479943,24.428571428571427,2.3211538298959886,0.9096448079181654,0.015983497252624376
141,2,LMM-2,7,5.5,0.0,11.0,0.0,0.9642229183294578,0.0
141,3,LMM-1,7,12.04761904761905,1.1605769149479943,24.0952380952381,2.3211538298959886,0.867481028317367,0.0228348536287909
141,3,LMM-2,7,6.095238095238095,0.6598288790738583,12.19047619047619,1.3196577581477167,0.936031678451371,0.009155406061998576
141,4,LMM-1,7,11.642857142857142,1.0164463907684076,23.285714285714285,2.032892781536815,0.8303345380187379,0.02752256182054559
141,4,LMM-2,7,6.035714285714286,0.7371345514482247,12.071428571428571,1.4742691028964494,0.9127569543252924,0.013831018780364817
141,5,LMM-1,7,11.485714285714284,1.105090263189355,22.971428571428568,2.21018052637871,0.7917403599244436,0.03448113343250515
141,5,LMM-2,7,6.171428571428571,1.0333223611442928,12.342857142857142,2.0666447222885855,0.8841794000195193,0.02432915187218095
141,6,LMM-1,7,11.142857142857142,1.0135141263710843,22.285714285714285,2.0270282527421686,0.7599718499746796,0.03729053433158386
141,6,LMM-2,7,6.142857142857143,1.1765856286291274,12.285714285714286,2.353171257258255,0.8596283437448035,0.03253205033522016
141,7,LMM-1,7,11.285714285714286,1.0470004357861762,22.571428571428573,2.0940008715723524,0.7183598835584374,0.04218008443044065
141,7,LMM-2,7,6.346938775510204,1.2166415151664391,12.693877551020408,2.4332830303328783,0.8272869065411542,0.038250877471554715
141,8,LMM-1,7,11.125,1.208230701716948,22.25,2.416461403433896,0.6874156609956932,0.05022450739994509
141,8,LMM-2,7,6.428571428571429,1.178030178747903,12.857142857142858,2.356060357495806,0.798548185857269,0.039269089386039145
142,2,LMM-1,7,10.071428571428571,1.0151907431108498,20.142857142857142,2.0303814862216996,0.9144985037088983,0.013183351284345706
142,2,LMM-2,7,8.357142857142858,0.6388765649999399,16.714285714285715,1.2777531299998799,0.9223093886338534,0.013279693762518053
142,3,LMM-1,7,9.761904761904761,1.0033955955097846,19.523809523809522,2.0067911910195693,0.8759703914920952,0.01838111735441269
142,3,LMM-2,7,8.333333333333334,0.5634361698190112,16.666666666666668,1.1268723396380225,0.8868455841538044,0.015536862314657137
142,4,LMM-1,7,9.607142857142858,0.9987236752935402,19.214285714285715,1.9974473505870805,0.8402830903834418,0.02350620227355132
142,4,LMM-2,7,8.178571428571429,0.5125964319431187,16.357142857142858,1.0251928638862373,0.8530511919375676,0.019407687177026987
142,5,LMM-1,7,9.314285714285713,0.9963197585235825,18.628571428571426,1.992639517047165,0.8075088430993559,0.02825431724559877
142,5,LMM-2,7,8.057142857142857,0.5728553615932407,16.114285714285714,1.1457107231864814,0.8199175705522205,0.022711975046058965
142,6,LMM-1,7,9.071428571428571,0.9834226870506374,18.142857142857142,1.9668453741012748,0.7774925435073557,0.032518995322238654
142,6,LMM-2,7,7.857142857142857,0.5802884574739975,15.714285714285714,1.160576914947995,0.7908268777557176,0.025776642715999484
142,7,LMM-1,7,9.040816326530612,1.0406162272638333,18.081632653061224,2.0812324545276666,0.7425557104729883,0.039951883559780486
142,7,LMM-2,7,7.755102040816326,0.6644416569836616,15.510204081632653,1.3288833139673233,0.7580313205040851,0.031138144173830384
142,8,LMM-1,7,8.857142857142858,1.2145482909379965,17.714285714285715,2.429096581875993,0.7144014641388619,0.0490359050224936
142,8,LMM-2,7,7.678571428571429,0.703489842985436,15.357142857142858,1.406979685970872,0.727489699171523,0.03470839943742769
143,2,LMM-1,7,10.857142857142858,0.22587697572631282,21.714285714285715,0.45175395145262565,0.9143491477882973,0.003435287501973749
143,2,LMM-2,7,8.0,1.9820624179302297,16.0,3.9641248358604595,0.9334807653934786,0.022087570461961477
143,3,LMM-1,7,10.952380952380953,0.2776643759450148,21.904761904761905,0.5553287518900296,0.8684373601403151,0.01115145487946937
143,3,LMM-2,7,8.285714285714286,1.7944232077539783,16.571428571428573,3.5888464155079567,0.8922908197361902,0.031994869453663206
143,4,LMM-1,7,10.821428571428571,0.25753937681885636,21.642857142857142,0.5150787536377127,0.8294274244013514,0.010378756137628106
143,4,LMM-2,7,8.107142857142858,1.3683745757620012,16.214285714285715,2.7367491515240023,0.8602123017413048,0.031749695848671725
143,5,LMM-1,7,10.457142857142857,0.20603150145508492,20.914285714285715,0.41206300291016984,0.7957880193302989,0.010569742413886236
143,5,LMM-2,7,8.057142857142857,1.2269091744905083,16.114285714285714,2.4538183489810166,0.8271407540496128,0.03311631619460578
143,6,LMM-1,7,10.142857142857142,0.2735506022160967,20.285714285714285,0.5471012044321935,0.7631962568969671,0.01732889755429884
143,6,LMM-2,7,7.904761904761905,1.2145191185577948,15.80952380952381,2.4290382371155896,0.7953422704372214,0.04045737273772162
143,7,LMM-1,7,9.918367346938776,0.304074784199007,19.836734693877553,0.608149568398014,0.7330652026435561,0.019938849704215743
143,7,LMM-2,7,7.775510204081633,1.1501226778453364,15.551020408163266,2.300245355690673,0.7655577486033657,0.043127166174343444
143,8,LMM-1,7,9.785714285714286,0.3321620578167549,19.571428571428573,0.6643241156335098,0.7034126488855544,0.022290186289725684
143,8,LMM-2,7,7.678571428571429,1.0955615464412833,15.357142857142858,2.1911230928825667,0.7367113858437803,0.04569901082594892
144,2,LMM-1,7,16.0,0.0,32.0,0.0,0.8721591766866356,0.0
144,2,LMM-2,7,11.0,0.0,22.0,0.0,0.9114065725851311,0.0
144,3,LMM-1,7,16.0,0.0,32.0,0.0,0.8131938821307981,0.0
144,3,LMM-2,7,11.0,0.0,22.0,0.0,0.8686977663741076,0.0
144,4,LMM-1,7,15.607142857142858,0.3499271061118826,31.214285714285715,0.6998542122237652,0.7635823467366096,0.006360307392844437
144,4,LMM-2,7,10.714285714285714,0.08748177652797065,21.428571428571427,0.1749635530559413,0.8320447402888442,0.002520129628484261
144,5,LMM-1,7,15.142857142857142,0.6298687910013889,30.285714285714285,1.2597375820027779,0.7187331071475428,0.011883878939108231
144,5,LMM-2,7,10.37142857142857,0.06998542122237689,20.74285714285714,0.13997084244475377,0.7979110823898895,0.002416744271382158
144,6,LMM-1,7,14.785714285714286,0.5248906591678238,29.571428571428573,1.0497813183356477,0.6757448811572649,0.011173090931160494
144,6,LMM-2,7,9.976190476190476,0.05832118435198022,19.952380952380953,0.11664236870396044,0.76688070713674,0.002322758258044335
144,7,LMM-1,7,14.571428571428571,0.47071684059880786,29.142857142857142,0.9414336811976157,0.633742569213866,0.011663713172312897
144,7,LMM-2,7,9.816326530612244,0.21208785398802582,19.632653061224488,0.42417570797605164,0.7328528555205253,0.008118541489213095
144,8,LMM-1,7,14.392857142857142,0.47447608055665796,28.785714285714285,0.9489521611133159,0.5939911741152117,0.0126175489005564
144,8,LMM-2,7,9.714285714285714,0.25629821597155933,19.428571428571427,0.5125964319431187,0.6987412247168302,0.009510627538266054
145,2,LMM-1,7,10.714285714285714,0.749149177264394,21.428571428571427,1.498298354528788,0.9153636884353256,0.009297699183543085
145,2,LMM-2,7,9.285714285714286,0.9948848769417228,18.571428571428573,1.9897697538834456,0.9208558838208276,0.0098998006664829
145,3,LMM-1,7,10.238095238095237,0.683461909257492,20.476190476190474,1.366923818514984,0.8774694506769125,0.012613015105452919
145,3,LMM-2,7,8.761904761904761,0.9209085526577963,17.523809523809522,1.8418171053155925,0.8851622465785403,0.011812010687420238
145,4,LMM-1,7,10.5,0.3535533905932738,21.0,0.7071067811865476,0.8311021671719978,0.013148676763092984
145,4,LMM-2,7,8.964285714285714,1.0473484499010843,17.928571428571427,2.0946968998021687,0.8428323828602259,0.019309682824023705
145,5,LMM-1,7,10.285714285714286,0.6033917737697967,20.571428571428573,1.2067835475395934,0.7952212251748106,0.0176547379846729
145,5,LMM-2,7,8.657142857142857,1.2222428363547109,17.314285714285713,2.4444856727094217,0.8112318150485375,0.0261066835141341
145,6,LMM-1,7,10.119047619047619,0.894046826453266,20.238095238095237,1.788093652906532,0.7610661313705421,0.023921873539571925
145,6,LMM-2,7,8.5,1.4502326031277202,17.0,2.9004652062554404,0.7798807381922158,0.03496843010584323
145,7,LMM-1,7,9.877551020408163,0.5984848285149054,19.755102040816325,1.1969696570298107,0.727801348238143,0.023288943853154515
145,7,LMM-2,7,8.326530612244898,1.1573426023475777,16.653061224489797,2.3146852046951554,0.7479867900263791,0.02899113398229716
145,8,LMM-1,7,9.589285714285714,0.4263334423683329,19.178571428571427,0.8526668847366659,0.6996170631832024,0.02447050031258818
145,8,LMM-2,7,8.071428571428571,0.935073390113289,16.142857142857142,1.870146780226578,0.7212548394954236,0.027747559290727582
146,2,LMM-1,7,19.071428571428573,0.9035079029052513,38.142857142857146,1.8070158058105026,0.8499339363833597,0.011294088368627537
146,2,LMM-2,7,10.5,0.0,21.0,0.0,0.9194144804607172,0.0
146,3,LMM-1,7,18.571428571428573,0.9035079029052513,37.142857142857146,1.8070158058105026,0.7854562823483499,0.015607571904656102
146,3,LMM-2,7,10.761904761904761,1.204677203873668,21.523809523809522,2.409354407747336,0.8731071809532507,0.016676658276203515
146,4,LMM-1,7,18.071428571428573,0.9035079029052513,36.142857142857146,1.8070158058105026,0.727810283682125,0.019222756171497973
146,4,LMM-2,7,10.071428571428571,0.9035079029052513,20.142857142857142,1.8070158058105026,0.8413543609387244,0.016070168099235855
146,5,LMM-1,7,17.571428571428573,0.9035079029052513,35.142857142857146,1.8070158058105026,0.6765779254862666,0.022266921921248517
146,5,LMM-2,7,10.114285714285714,1.4014569678206537,20.228571428571428,2.8029139356413073,0.7996625416122535,0.029504532647787917
146,6,LMM-1,7,16.904761904761905,0.9035079029052513,33.80952380952381,1.8070158058105026,0.6345108690318736,0.024979696165300727
146,6,LMM-2,7,10.380952380952381,1.3144927373183106,20.761904761904763,2.6289854746366212,0.7529384389872538,0.03148149068252617
146,7,LMM-1,7,16.285714285714285,0.9035079029052521,32.57142857142857,1.8070158058105041,0.5945840336660396,0.02722214348007033
146,7,LMM-2,7,10.428571428571429,1.2524029381686743,20.857142857142858,2.5048058763373486,0.7083652048281767,0.0330891339946465
146,8,LMM-1,7,15.696428571428571,0.9035079029052513,31.392857142857142,1.8070158058105026,0.5621391063983613,0.029318980890984704
146,8,LMM-2,7,10.339285714285714,1.2058530725810095,20.678571428571427,2.411706145162019,0.6723625827113574,0.034691932316362396
147,2,LMM-1,7,13.428571428571429,2.920721185751553,26.857142857142858,5.841442371503106,0.8883019785231705,0.028337649892521858
147,2,LMM-2,7,11.142857142857142,2.5872528966106905,22.285714285714285,5.174505793221381,0.9019461057155006,0.025762759131233836
147,3,LMM-1,7,12.619047619047619,2.6332945833711414,25.238095238095237,5.266589166742283,0.847705441355229,0.035593220369452956
147,3,LMM-2,7,10.428571428571429,2.414994730115422,20.857142857142858,4.829989460230844,0.865612815481639,0.0336538173853456
147,4,LMM-1,7,12.0,2.356601669474803,24.0,4.713203338949606,0.8129623060428148,0.03886135979985309
147,4,LMM-2,7,10.107142857142858,2.112281868945892,20.214285714285715,4.224563737891784,0.8315298078184071,0.03725866984097756
147,5,LMM-1,7,11.4,2.297825058615212,22.8,4.595650117230424,0.7816421382519911,0.04518465611829869
147,5,LMM-2,7,9.771428571428572,1.9166296949998196,19.542857142857144,3.833259389999639,0.7989122993497488,0.04103507197439451
147,6,LMM-1,7,11.0,2.2590207177391273,22.0,4.5180414354782545,0.7516718289650568,0.05010762021855217
147,6,LMM-2,7,9.571428571428571,1.7724907209937855,19.142857142857142,3.544981441987571,0.7666895831477898,0.04339775232897044
147,7,LMM-1,7,10.653061224489795,2.1744033635701556,21.30612244897959,4.348806727140311,0.7235786071012102,0.05389270093847573
147,7,LMM-2,7,9.448979591836734,1.5375353634152946,18.897959183673468,3.0750707268305892,0.735760087218863,0.04467915714564704
147,8,LMM-1,7,10.285714285714286,2.042750996243316,20.571428571428573,4.085501992486632,0.6984382768096344,0.05629160509520437
147,8,LMM-2,7,9.142857142857142,1.4321384039831015,18.285714285714285,2.864276807966203,0.7104988183533264,0.04676104387261511
148,2,LMM-1,7,9.571428571428571,0.4948716593053935,19.142857142857142,0.989743318610787,0.9185669381368016,0.004858011944725761
148,2,LMM-2,7,8.214285714285714,0.749149177264394,16.428571428571427,1.498298354528788,0.9211714988224582,0.009845653925449026
148,3,LMM-1,7,9.619047619047619,0.6529194857524804,19.238095238095237,1.3058389715049608,0.8784351880666206,0.00963120094324663
148,3,LMM-2,7,8.285714285714286,0.8806305718527109,16.571428571428573,1.7612611437054218,0.8830352835551306,0.015151722603212918
148,4,LMM-1,7,9.785714285714286,0.7124977622592858,19.571428571428573,1.4249955245185717,0.8382931598360219,0.012450789906047009
148,4,LMM-2,7,8.5,0.8451542547285166,17.0,1.6903085094570331,0.8437568316349784,0.017725021742203466
148,5,LMM-1,7,9.714285714285714,0.5221619109284877,19.428571428571427,1.0443238218569755,0.8023778148168933,0.011771998145981063
148,5,LMM-2,7,8.428571428571429,0.7045044574821687,16.857142857142858,1.4090089149643374,0.8091615765125765,0.018255904796870642
148,6,LMM-1,7,9.30952380952381,0.5734092656567762,18.61904761904762,1.1468185313135524,0.7737739337623724,0.014901677938605789
148,6,LMM-2,7,8.357142857142858,0.6692128248835809,16.714285714285715,1.3384256497671618,0.7745140434861721,0.02005004363130103
148,7,LMM-1,7,9.061224489795919,0.6196827122730194,18.122448979591837,1.2393654245460388,0.7445629669581842,0.01953969299125999
148,7,LMM-2,7,8.387755102040817,0.6860300536314946,16.775510204081634,1.3720601072629892,0.7398647022685386,0.022583687256363567
148,8,LMM-1,7,8.875,0.5824823725107175,17.75,1.164964745021435,0.7179108936891433,0.02035585549850837
148,8,LMM-2,7,8.160714285714286,0.6221875496494409,16.321428571428573,1.2443750992988818,0.7128828197520037,0.02278591835802285
149,2,LMM-1,7,10.428571428571429,1.0497813183356477,20.857142857142858,2.0995626366712954,0.913123534828073,0.01216221456876743
149,2,LMM-2,7,8.0,1.9086270308410553,16.0,3.8172540616821107,0.9290138275673108,0.02256388340899438
149,3,LMM-1,7,10.285714285714286,0.7853534524986017,20.571428571428573,1.5707069049972033,0.8726557524680659,0.015512001539879715
149,3,LMM-2,7,8.238095238095237,1.3179383336283854,16.476190476190474,2.635876667256771,0.8895457162510804,0.021801952615358413
149,4,LMM-1,7,10.035714285714286,0.8806305718527109,20.071428571428573,1.7612611437054218,0.8349621107800218,0.021311330597791417
149,4,LMM-2,7,7.928571428571429,0.9884537502212891,15.857142857142858,1.9769075004425782,0.8578544654793484,0.02145307076526793
149,5,LMM-1,7,9.657142857142858,0.8121525944886799,19.314285714285717,1.6243051889773599,0.8001092077222156,0.02593477072589148
149,5,LMM-2,7,8.057142857142857,0.753766054758452,16.114285714285714,1.507532109516904,0.8175202085254621,0.020450487881254736
149,6,LMM-1,7,9.523809523809524,0.6511806824370161,19.047619047619047,1.3023613648740322,0.7652094900126808,0.02420489484246672
149,6,LMM-2,7,8.142857142857142,0.600453343472309,16.285714285714285,1.200906686944618,0.7785354806056634,0.018510747229031545
149,7,LMM-1,7,9.306122448979592,0.7498437988111767,18.612244897959183,1.4996875976223534,0.7350470045813121,0.029213710365312427
149,7,LMM-2,7,8.020408163265307,0.7016372831702484,16.040816326530614,1.4032745663404969,0.7463185981155795,0.024762833919986075
149,8,LMM-1,7,9.142857142857142,0.7688946479146781,18.285714285714285,1.5377892958293562,0.7043100651031015,0.03343244131837047
149,8,LMM-2,7,7.964285714285714,0.8729933258271655,15.928571428571429,1.745986651654331,0.714240912786779,0.03192331323334616
150,2,LMM-1,7,12.714285714285714,0.6998542122237652,25.428571428571427,1.3997084244475304,0.889392013076387,0.0076712765625007815
150,2,LMM-2,7,8.857142857142858,0.3499271061118826,17.714285714285715,0.6998542122237652,0.9201621692969983,0.003951096911899163
150,3,LMM-1,7,12.714285714285714,0.6998542122237652,25.428571428571427,1.3997084244475304,0.8385345520677033,0.010896200169122834
150,3,LMM-2,7,8.095238095238095,0.23328473740792152,16.19047619047619,0.46656947481584304,0.8945249435436808,0.0035383188068565325
150,4,LMM-1,7,12.714285714285714,0.6998542122237652,25.428571428571427,1.3997084244475304,0.7906000675396322,0.013757368965717052
150,4,LMM-2,7,7.714285714285714,0.5248906591678238,15.428571428571429,1.0497813183356477,0.8696606790666802,0.010493966971071368
150,5,LMM-1,7,12.514285714285716,0.6998542122237652,25.028571428571432,1.3997084244475304,0.7477138028010153,0.016334536802359665
150,5,LMM-2,7,8.314285714285713,0.2799416848895063,16.628571428571426,0.5598833697790127,0.8223816915091595,0.0064795419059807974
150,6,LMM-1,7,12.214285714285714,0.6998542122237652,24.428571428571427,1.3997084244475304,0.7094441281765624,0.01867888114292506
150,6,LMM-2,7,8.547619047619047,0.11664236870396107,17.095238095238095,0.23328473740792213,0.7801907622000003,0.002851023410597579
150,7,LMM-1,7,11.897959183673468,0.7232671488436471,23.795918367346935,1.4465342976872941,0.6727038779817053,0.022681304266621037
150,7,LMM-2,7,8.612244897959183,0.09997917317482387,17.224489795918366,0.19995834634964774,0.7396569734099501,0.006936984031222437
150,8,LMM-1,7,11.482142857142858,0.7271168954107976,22.964285714285715,1.4542337908215952,0.6429324236238535,0.02500198470038457
150,8,LMM-2,7,8.446428571428571,0.20977393079412018,16.892857142857142,0.41954786158824037,0.7081955264730799,0.009622175837203848
151,2,LMM-1,7,10.928571428571429,0.7284313590846836,21.857142857142858,1.4568627181693672,0.9131171886915548,0.011307314957192978
151,2,LMM-2,7,7.928571428571429,1.8405855323893037,15.857142857142858,3.6811710647786073,0.93598417249182,0.022694069411655714
151,3,LMM-1,7,10.523809523809524,0.6867716715169503,21.047619047619047,1.3735433430339006,0.8733256961801502,0.017050840109889224
151,3,LMM-2,7,7.523809523809524,1.8504151645452809,15.047619047619047,3.7008303290905618,0.9064813892514222,0.03413939889132701
151,4,LMM-1,7,10.285714285714286,0.6328587552381911,20.571428571428573,1.2657175104763823,0.8363334855590218,0.022165814282978338
151,4,LMM-2,7,7.642857142857143,1.3878113734089605,15.285714285714286,2.775622746817921,0.868906351912104,0.03269573062723471
151,5,LMM-1,7,10.37142857142857,0.6180945043652556,20.74285714285714,1.2361890087305112,0.7944107161735526,0.024034948679488015
151,5,LMM-2,7,7.6571428571428575,1.3254186862563662,15.314285714285715,2.6508373725127323,0.8357793115596988,0.038231682664451774
151,6,LMM-1,7,10.285714285714286,0.5248906591678238,20.571428571428573,1.0497813183356477,0.7568335192481218,0.021256818359927862
151,6,LMM-2,7,7.523809523809524,1.1283805343878843,15.047619047619047,2.2567610687757687,0.8062386874770822,0.03896653546811403
151,7,LMM-1,7,10.020408163265305,0.4348423622992353,20.04081632653061,0.8696847245984706,0.7260425951839086,0.022403659291398436
151,7,LMM-2,7,7.387755102040816,1.0378107865380508,14.775510204081632,2.0756215730761016,0.7780545377004732,0.04002068601975904
151,8,LMM-1,7,9.875,0.47715675771026383,19.75,0.9543135154205277,0.6944818984219544,0.024702889643666102
151,8,LMM-2,7,7.232142857142857,1.0741038029873262,14.464285714285714,2.1482076059746524,0.7529175506121597,0.04663025742506719
152,2,LMM-1,7,11.142857142857142,1.5286381827880497,22.285714285714285,3.0572763655760995,0.9029017494903305,0.018398502380877545
152,2,LMM-2,7,7.642857142857143,1.1866605518454392,15.285714285714286,2.3733211036908783,0.9308841138794072,0.014197873581378155
152,3,LMM-1,7,10.857142857142858,1.6218463205644194,21.714285714285715,3.2436926411288387,0.8598940522868226,0.02745847843661613
152,3,LMM-2,7,7.952380952380952,1.3850513878332364,15.904761904761903,2.770102775666473,0.8904424660133323,0.024417107813223288
152,4,LMM-1,7,10.642857142857142,1.710561430689721,21.285714285714285,3.421122861379442,0.8228945880806237,0.03547233934744716
152,4,LMM-2,7,7.964285714285714,1.749635530559413,15.928571428571429,3.499271061118826,0.8579616408236725,0.037194202075739057
152,5,LMM-1,7,10.4,1.710471948239516,20.8,3.420943896479032,0.788899740330477,0.04320895533862455
152,5,LMM-2,7,7.714285714285714,1.3809195398393797,15.428571428571429,2.7618390796787593,0.8312950977249848,0.03886876700529259
152,6,LMM-1,7,10.214285714285714,1.7291026338443154,20.428571428571427,3.458205267688631,0.7564399771339906,0.04961037730769862
152,6,LMM-2,7,7.571428571428571,1.6374998918142283,15.142857142857142,3.2749997836284566,0.8040345144518949,0.0512567927384123
152,7,LMM-1,7,10.081632653061224,1.7427185338946276,20.163265306122447,3.485437067789255,0.7260124439131455,0.05587651052147849
152,7,LMM-2,7,7.653061224489796,1.6552014364074787,15.306122448979592,3.3104028728149575,0.7724262522726282,0.05866958959109046
152,8,LMM-1,7,9.875,1.742330131092924,19.75,3.484660262185848,0.6989826419384615,0.061275800356070775
152,8,LMM-2,7,7.607142857142857,1.6948300739578104,15.214285714285714,3.3896601479156208,0.7438344438057264,0.06540760568732625
153,2,LMM-1,7,11.0,2.0873770280289223,22.0,4.174754056057845,0.913751601941694,0.023196897132018144
153,2,LMM-2,7,8.0,0.9636241116594315,16.0,1.927248223318863,0.9371828435154714,0.010643004994915035
153,3,LMM-1,7,10.666666666666668,1.6903085094570327,21.333333333333336,3.3806170189140654,0.8760188061105053,0.028262365967468832
153,3,LMM-2,7,7.761904761904762,0.9035079029052516,15.523809523809524,1.8070158058105033,0.9084546389132374,0.014754983374557927
153,4,LMM-1,7,10.107142857142858,1.6575430551246133,20.214285714285715,3.3150861102492266,0.8429482079771766,0.03425239069150646
153,4,LMM-2,7,7.535714285714286,0.8496698038121656,15.071428571428571,1.6993396076243312,0.8787470536719405,0.01677451213191359
153,5,LMM-1,7,10.457142857142857,2.021920687194758,20.914285714285715,4.043841374389516,0.7981226349458861,0.04486697110193589
153,5,LMM-2,7,7.485714285714286,0.9493284414763514,14.971428571428572,1.8986568829527029,0.8521051187549419,0.022964865671431724
153,6,LMM-1,7,10.69047619047619,1.8114025334866892,21.38095238095238,3.6228050669733785,0.7560454894899153,0.04649546786322137
153,6,LMM-2,7,7.261904761904761,0.9712418121129115,14.523809523809522,1.942483624225823,0.8319320488802001,0.027249403896068926
153,7,LMM-1,7,10.428571428571429,1.7728105208558365,20.857142857142858,3.545621041711673,0.7250941799511645,0.050592546692009924
153,7,LMM-2,7,7.183673469387755,1.0406162272638337,14.36734693877551,2.0812324545276675,0.80751250971327,0.03389672190169773
153,8,LMM-1,7,10.035714285714286,1.6938890766758112,20.071428571428573,3.3877781533516225,0.6997602394170178,0.05455958189904707
153,8,LMM-2,7,7.285714285714286,1.0060404300716623,14.571428571428571,2.0120808601433247,0.7786354263114735,0.034648485008496266
154,2,LMM-1,7,12.285714285714286,1.2777531299998799,24.571428571428573,2.5555062599997598,0.917358827206653,0.01638110851632267
154,2,LMM-2,7,7.857142857142857,2.799416848895061,15.714285714285714,5.598833697790122,0.9495819923237743,0.02769475191201168
154,3,LMM-1,7,11.61904761904762,1.2777531299998799,23.23809523809524,2.5555062599997598,0.8821200558549149,0.023536090014479646
154,3,LMM-2,7,7.476190476190476,2.5563934345656287,14.952380952380953,5.1127868691312575,0.9257943355930459,0.03784830435114399
154,4,LMM-1,7,11.107142857142858,1.2737538928662149,22.214285714285715,2.5475077857324298,0.8481898645479369,0.030030260286433824
154,4,LMM-2,7,7.107142857142857,2.4011051877102303,14.214285714285714,4.802210375420461,0.9027319583186088,0.046430454036028704
154,5,LMM-1,7,10.828571428571427,1.1234059000764285,21.657142857142855,2.246811800152857,0.8113257798893196,0.031894754645470653
154,5,LMM-2,7,7.171428571428572,2.136562182381705,14.342857142857143,4.27312436476341,0.869328922685881,0.050635121373164164
154,6,LMM-1,7,10.547619047619047,1.1571526552593208,21.095238095238095,2.3143053105186415,0.773796403703891,0.03851225459195334
154,6,LMM-2,7,6.976190476190476,1.9728888081777713,13.952380952380953,3.9457776163555427,0.8406165151108799,0.05559657441107538
154,7,LMM-1,7,10.142857142857142,1.2754693871020195,20.285714285714285,2.550938774204039,0.7466210447699339,0.04785617675141242
154,7,LMM-2,7,6.877551020408163,1.8819823483099594,13.755102040816325,3.7639646966199187,0.8119700289752563,0.06064156081821811
154,8,LMM-1,7,9.803571428571429,1.4666792284557908,19.607142857142858,2.9333584569115816,0.7213992166225616,0.05623613626717484
154,8,LMM-2,7,6.910714285714286,1.9269172800308871,13.821428571428571,3.8538345600617743,0.7821805545113013,0.06763123482728033
155,2,LMM-1,7,10.142857142857142,2.3101373755423187,20.285714285714285,4.620274751084637,0.9096121906398171,0.03582975533135425
155,2,LMM-2,7,9.142857142857142,1.4811743823805514,18.285714285714285,2.962348764761103,0.909436248062036,0.022248493181671863
155,3,LMM-1,7,9.714285714285714,2.027028252742168,19.428571428571427,4.054056505484336,0.8728846202116041,0.046032101231486995
155,3,LMM-2,7,9.142857142857142,1.2706346727739364,18.285714285714285,2.5412693455478728,0.8695704357320106,0.02054634958591951
155,4,LMM-1,7,9.392857142857142,1.8985762657145733,18.785714285714285,3.7971525314291465,0.8386886395572729,0.051383476941851906
155,4,LMM-2,7,8.892857142857142,1.2237029785008438,17.785714285714285,2.4474059570016875,0.840153554445765,0.024697094998884124
155,5,LMM-1,7,9.257142857142856,2.1212241363737814,18.514285714285712,4.242448272747563,0.8031327148794217,0.06304488800940528
155,5,LMM-2,7,9.142857142857142,1.3036839481771239,18.285714285714285,2.6073678963542477,0.8022639154047416,0.03421029128905803
155,6,LMM-1,7,9.095238095238095,2.3143053105186415,18.19047619047619,4.628610621037283,0.7699158029267147,0.07645210660162546
155,6,LMM-2,7,9.071428571428571,1.4796426607894617,18.142857142857142,2.9592853215789234,0.769418144870987,0.045436233755768815
155,7,LMM-1,7,8.857142857142858,2.1906240707255047,17.714285714285715,4.381248141451009,0.7430720970346751,0.07992626482751274
155,7,LMM-2,7,8.89795918367347,1.3802317076661972,17.79591836734694,2.7604634153323944,0.7418856115177528,0.047387744755086655
155,8,LMM-1,7,8.625,2.107596803402939,17.25,4.215193606805878,0.7177430427339421,0.08394932171446591
155,8,LMM-2,7,9.035714285714286,1.2494896917525644,18.071428571428573,2.498979383505129,0.7073531773050853,0.04596558402462565
156,2,LMM-1,7,15.785714285714286,2.7236679949910885,31.571428571428573,5.447335989982177,0.8600094000847491,0.02934681971372975
156,2,LMM-2,7,13.0,2.563479777846623,26.0,5.126959555693246,0.8813513843383297,0.029009621899541174
156,3,LMM-1,7,15.428571428571429,2.7701027756664742,30.857142857142858,5.5402055513329485,0.8029383063339477,0.04075277147863605
156,3,LMM-2,7,12.714285714285714,2.4907993963089563,25.428571428571427,4.981598792617913,0.8318918133820785,0.03903483239088464
156,4,LMM-1,7,15.035714285714286,2.7236679949910885,30.071428571428573,5.447335989982177,0.7533031953456425,0.04991366553585365
156,4,LMM-2,7,12.5,2.2873877802294165,25.0,4.574775560458833,0.7859312340532758,0.04479211494337576
156,5,LMM-1,7,14.685714285714287,2.4468221789721882,29.371428571428574,4.8936443579443765,0.7087100870376191,0.053647051189211495
156,5,LMM-2,7,12.028571428571428,2.1657821323711115,24.057142857142857,4.331564264742223,0.7497778680302459,0.05035745283066618
156,6,LMM-1,7,14.357142857142858,2.4420726485634447,28.714285714285715,4.8841452971268895,0.6694635327358095,0.06010239793008666
156,6,LMM-2,7,11.642857142857142,2.1221219004911616,23.285714285714285,4.244243800982323,0.7176606857747194,0.055407578093239686
156,7,LMM-1,7,13.979591836734695,2.4392664521647474,27.95918367346939,4.878532904329495,0.6347139118630623,0.06605436907688812
156,7,LMM-2,7,11.306122448979592,2.041020397960204,22.612244897959183,4.082040795920408,0.6867443916370606,0.058408091585658864
156,8,LMM-1,7,13.696428571428571,2.437483647250222,27.392857142857142,4.874967294500444,0.6018529437601358,0.07108648982465571
156,8,LMM-2,7,11.089285714285714,1.9245990836153541,22.178571428571427,3.8491981672307083,0.656504607665643,0.05990691953856309
157,2,LMM-1,7,12.071428571428571,1.178030178747903,24.142857142857142,2.356060357495806,0.9111316552452153,0.017863537498868612
157,2,LMM-2,7,10.357142857142858,1.8070158058105026,20.714285714285715,3.614031611621005,0.9187829792334739,0.023979368572532873
157,3,LMM-1,7,11.761904761904761,1.466171839841967,23.523809523809522,2.932343679683934,0.8669686242263371,0.03335171078574737
157,3,LMM-2,7,9.666666666666668,1.9599157740244455,19.333333333333336,3.919831548048891,0.884114904940068,0.04057984796706072
157,4,LMM-1,7,11.464285714285714,1.391482838484154,22.928571428571427,2.782965676968308,0.8296115542174848,0.039926730293398126
157,4,LMM-2,7,9.464285714285714,1.8918460911641468,18.928571428571427,3.7836921823282936,0.8496952350293732,0.0493160767423253
157,5,LMM-1,7,11.4,1.2512850537404676,22.8,2.5025701074809352,0.7889868094868969,0.043321387015636176
157,5,LMM-2,7,9.371428571428572,1.7052140927287738,18.742857142857144,3.4104281854575476,0.8142916150588625,0.05363908272366816
157,6,LMM-1,7,11.261904761904761,1.1576424553469735,22.523809523809522,2.315284910693947,0.7527193818433552,0.04764854087091862
157,6,LMM-2,7,9.214285714285714,1.582930489389968,18.428571428571427,3.165860978779936,0.782852177838269,0.0587804842494371
157,7,LMM-1,7,10.959183673469386,1.343843072094231,21.918367346938773,2.687686144188462,0.7208687150755203,0.057975062894640814
157,7,LMM-2,7,9.040816326530612,1.7673987832335483,18.081632653061224,3.5347975664670965,0.7510298941632153,0.07170543517211116
157,8,LMM-1,7,10.625,1.297318663353655,21.25,2.59463732670731,0.6928918896988779,0.060507094791520916
157,8,LMM-2,7,8.785714285714286,1.6239203634842367,17.571428571428573,3.2478407269684735,0.7249881379242454,0.07336048620562904
158,2,LMM-1,7,13.0,0.9258200997725514,26.0,1.8516401995451028,0.8949306531152782,0.011080602464672414
158,2,LMM-2,7,10.071428571428571,1.4742691028964494,20.142857142857142,2.948538205792899,0.9180469625168631,0.010262540923764269
158,3,LMM-1,7,12.619047619047619,0.9828460685976328,25.238095238095237,1.9656921371952656,0.8475353059121425,0.015279251590170018
158,3,LMM-2,7,10.285714285714286,0.8438116736509216,20.571428571428573,1.6876233473018432,0.872325326005974,0.009413448736182202
158,4,LMM-1,7,12.357142857142858,1.0164463907684076,24.714285714285715,2.032892781536815,0.8021193005517826,0.019133639011132783
158,4,LMM-2,7,10.178571428571429,0.3944771791852593,20.357142857142858,0.7889543583705186,0.8333363244698393,0.0017349405151775685
158,5,LMM-1,7,12.142857142857142,1.1449979948293647,24.285714285714285,2.2899959896587294,0.760031579175983,0.023921577799673577
158,5,LMM-2,7,10.057142857142859,0.5205962045225314,20.114285714285717,1.0411924090450628,0.7977872141382278,0.0075573947412386055
158,6,LMM-1,7,12.142857142857142,1.2163847404233143,24.285714285714285,2.4327694808466287,0.7178559884259018,0.02787854335270933
158,6,LMM-2,7,9.833333333333332,0.7400128699009549,19.666666666666664,1.4800257398019099,0.7665596179741294,0.013738919210075222
158,7,LMM-1,7,12.16326530612245,0.9851035417262999,24.3265306122449,1.9702070834525998,0.6766792655650912,0.029523123881708548
158,7,LMM-2,7,9.63265306122449,0.4759960730485961,19.26530612244898,0.9519921460971922,0.7381508732795338,0.00981443051787335
158,8,LMM-1,7,11.892857142857142,1.0208289948540323,23.785714285714285,2.0416579897080647,0.6443923284180304,0.03218629557060759
158,8,LMM-2,7,9.303571428571429,0.43227565846107874,18.607142857142858,0.8645513169221575,0.7140494069061107,0.010364940374552172
159,2,LMM-1,7,10.857142857142858,2.065261756400137,21.714285714285715,4.130523512800274,0.9083696870228837,0.02663283753195218
159,2,LMM-2,7,9.428571428571429,1.4249955245185717,18.857142857142858,2.8499910490371434,0.9103591714641757,0.015617933403705684
159,3,LMM-1,7,10.666666666666668,1.7366269075057592,21.333333333333336,3.4732538150115184,0.8646994716500791,0.033684597173500856
159,3,LMM-2,7,9.19047619047619,0.9571310115353227,18.38095238095238,1.9142620230706453,0.8684733034220179,0.01841150900812725
159,4,LMM-1,7,10.535714285714286,1.8680995472317172,21.071428571428573,3.7361990944634345,0.8219262714626409,0.045285293531457
159,4,LMM-2,7,9.214285714285714,1.2058530725810095,18.428571428571427,2.411706145162019,0.8245784204699704,0.029235911501662236
159,5,LMM-1,7,10.314285714285715,1.86656948240698,20.62857142857143,3.73313896481396,0.7856451921674097,0.05114920331583794
159,5,LMM-2,7,9.057142857142857,1.3080597876868112,18.114285714285714,2.6161195753736224,0.7886733412593107,0.03500833924820001
159,6,LMM-1,7,10.04761904761905,1.9204709361976935,20.0952380952381,3.840941872395387,0.7522984482051385,0.05875601123547807
159,6,LMM-2,7,9.047619047619047,1.3114704146590868,18.095238095238095,2.6229408293181735,0.7529999178227217,0.03926548310491965
159,7,LMM-1,7,9.83673469387755,1.8679880688161483,19.6734693877551,3.7359761376322966,0.7207213562566679,0.06441115129769207
159,7,LMM-2,7,9.142857142857142,1.2312737248161925,18.285714285714285,2.462547449632385,0.7148561401393888,0.04042866805607703
159,8,LMM-1,7,9.625,1.9502747059251495,19.25,3.900549411850299,0.691274267851885,0.07425800888407934
159,8,LMM-2,7,9.071428571428571,1.3107678073930407,18.142857142857142,2.6215356147860813,0.6822243852044745,0.0489379463500494
160,2,LMM-1,7,11.714285714285714,0.9583148474999099,23.428571428571427,1.9166296949998198,0.9027603734112225,0.008840756507184206
160,2,LMM-2,7,8.642857142857142,1.787142286170972,17.285714285714285,3.574284572341944,0.9240207760256987,0.019407740403799827
160,3,LMM-1,7,11.333333333333334,0.835710894037345,22.666666666666668,1.67142178807469,0.8617323839595405,0.012799950556228852
160,3,LMM-2,7,8.904761904761905,1.3997084244475306,17.80952380952381,2.7994168488950613,0.882659450343314,0.023099044805769065
160,4,LMM-1,7,11.071428571428571,0.831460480487344,22.142857142857142,1.662920960974688,0.8219545148180704,0.01631906177351862
160,4,LMM-2,7,8.714285714285714,1.416916744634098,17.428571428571427,2.833833489268196,0.8481698909311832,0.02921758810925403
160,5,LMM-1,7,10.742857142857144,0.8398250546685186,21.485714285714288,1.6796501093370373,0.7867161071818104,0.019491692253220796
160,5,LMM-2,7,8.6,1.2047524938461724,17.2,2.409504987692345,0.8127349988720869,0.029645581660742222
160,6,LMM-1,7,10.595238095238097,0.7499055118106489,21.190476190476193,1.4998110236212978,0.750676061845223,0.02291365888342687
160,6,LMM-2,7,8.5,1.0427375447837233,17.0,2.0854750895674465,0.7808641372673328,0.030387803573192644
160,7,LMM-1,7,10.714285714285714,0.8294857727714927,21.428571428571427,1.6589715455429854,0.7124587922875885,0.025827918832747657
160,7,LMM-2,7,8.775510204081632,0.9062695229050824,17.551020408163264,1.812539045810165,0.7420170964591298,0.03182772672951708
160,8,LMM-1,7,10.303571428571429,0.7985957062499249,20.607142857142858,1.5971914124998499,0.6864655069415946,0.028173325363511265
160,8,LMM-2,7,8.517857142857142,0.8874838314135126,17.035714285714285,1.7749676628270252,0.7147089870683392,0.03397479507552826
161,2,LMM-1,7,11.857142857142858,1.0251928638862373,23.714285714285715,2.0503857277724746,0.9051312549675201,0.010735100488261892
161,2,LMM-2,7,10.071428571428571,1.1157499537009505,20.142857142857142,2.231499907401901,0.9144072036550774,0.013094701875740248
161,3,LMM-1,7,11.666666666666666,1.1683661091795525,23.333333333333332,2.336732218359105,0.8622244171689734,0.015980673515869334
161,3,LMM-2,7,9.619047619047619,1.0301575072754252,19.238095238095237,2.0603150145508504,0.8796523951477875,0.01729191627573793
161,4,LMM-1,7,11.392857142857142,1.067851170551861,22.785714285714285,2.135702341103722,0.8229113393191846,0.019212114245018706
161,4,LMM-2,7,9.464285714285714,0.860113898485164,18.928571428571427,1.720227796970328,0.8396434642371614,0.018311181008492074
161,5,LMM-1,7,10.971428571428572,1.0659861774958648,21.942857142857143,2.1319723549917295,0.7880055567726103,0.022746146272040316
161,5,LMM-2,7,9.114285714285714,0.8407965125464093,18.228571428571428,1.6815930250928186,0.8072132731245146,0.020810573803825203
161,6,LMM-1,7,10.666666666666666,1.0118347314702751,21.333333333333332,2.0236694629405503,0.7542043321591587,0.02443481786570512
161,6,LMM-2,7,8.976190476190476,0.7095078297976828,17.952380952380953,1.4190156595953656,0.7738058939625485,0.020981206669179815
161,7,LMM-1,7,10.591836734693876,1.0228542111136052,21.183673469387752,2.0457084222272104,0.7177498532023145,0.02728114030983447
161,7,LMM-2,7,9.0,0.712241974147557,18.0,1.424483948295114,0.736367115047595,0.023677175012341043
161,8,LMM-1,7,10.267857142857142,1.0720236442716882,20.535714285714285,2.1440472885433763,0.6884879615576491,0.03407311249373915
161,8,LMM-2,7,9.017857142857142,0.695741419242077,18.035714285714285,1.391482838484154,0.7005297242733387,0.02586226608099619
162,2,LMM-1,7,15.142857142857142,0.3499271061118826,30.285714285714285,0.6998542122237652,0.8542123672730335,0.00888641082140429
162,2,LMM-2,7,12.714285714285714,0.45175395145262565,25.428571428571427,0.9035079029052513,0.8688120334414176,0.0024073826957987
162,3,LMM-1,7,14.809523809523808,0.3499271061118826,29.619047619047617,0.6998542122237652,0.8051819743705716,0.01251325417066274
162,3,LMM-2,7,11.428571428571429,0.150584650484208,22.857142857142858,0.301169300968416,0.8393799314216112,0.005109305945183496
162,4,LMM-1,7,14.642857142857142,0.3499271061118826,29.285714285714285,0.6998542122237652,0.7512634290412039,0.015503483526017584
162,4,LMM-2,7,10.785714285714286,0.45175395145262565,21.571428571428573,0.9035079029052513,0.8027561382244895,0.011930773014624934
162,5,LMM-1,7,14.342857142857142,0.3499271061118826,28.685714285714283,0.6998542122237652,0.707382907357226,0.018172783342109384
162,5,LMM-2,7,9.714285714285714,1.1407122730101218,19.428571428571427,2.2814245460202436,0.7838385732290354,0.029561849836080317
162,6,LMM-1,7,14.142857142857142,0.3499271061118826,28.285714285714285,0.6998542122237652,0.6623416439730362,0.020335172539889874
162,6,LMM-2,7,9.404761904761903,1.1746567984327632,18.809523809523807,2.3493135968655263,0.7524498611680942,0.03470886173115279
162,7,LMM-1,7,14.0,0.3499271061118826,28.0,0.6998542122237652,0.6243904986929145,0.022273294978332064
162,7,LMM-2,7,9.244897959183675,1.310896885938916,18.48979591836735,2.621793771877832,0.7251634635526021,0.04346837770252918
162,8,LMM-1,7,13.892857142857142,0.3499271061118826,27.785714285714285,0.6998542122237652,0.58862916943146,0.023898768317974363
162,8,LMM-2,7,9.071428571428571,1.3141692494981498,18.142857142857142,2.6283384989962997,0.7009792033392859,0.047733805402119155
163,2,LMM-1,7,10.428571428571429,0.6776309271789385,20.857142857142858,1.355261854357877,0.9136380828614303,0.008660624576997865
163,2,LMM-2,7,7.285714285714286,1.0642617446965243,14.571428571428571,2.1285234893930487,0.9431374761935646,0.011176359406721403
163,3,LMM-1,7,10.428571428571429,0.7911070345636263,20.857142857142858,1.5822140691272526,0.8679635901737787,0.013705632281556012
163,3,LMM-2,7,7.619047619047619,1.2526615655205624,15.238095238095237,2.505323131041125,0.90555887086444,0.022551507102372224
163,4,LMM-1,7,10.107142857142858,0.7775550377527586,20.214285714285715,1.5551100755055172,0.8305638502278739,0.01754536852879428
163,4,LMM-2,7,7.071428571428571,0.9974457174120672,14.142857142857142,1.9948914348241344,0.8824670783732477,0.02353465717869208
163,5,LMM-1,7,9.857142857142858,0.738448456189719,19.714285714285715,1.476896912379438,0.7966332980205573,0.020308432273374425
163,5,LMM-2,7,6.628571428571428,0.766651877999928,13.257142857142856,1.533303755999856,0.8635315217833713,0.02151551696887322
163,6,LMM-1,7,9.642857142857142,0.7315376902732005,19.285714285714285,1.463075380546401,0.7652235309766157,0.023076920052288154
163,6,LMM-2,7,6.333333333333334,0.7182430061427789,12.666666666666668,1.4364860122855578,0.8438305162146535,0.02358449788347173
163,7,LMM-1,7,9.673469387755103,0.7392151133173398,19.346938775510207,1.4784302266346796,0.7279300381467297,0.02533458186759267
163,7,LMM-2,7,6.448979591836734,0.8551970138676313,12.897959183673468,1.7103940277352625,0.812613759079266,0.03089409649017834
163,8,LMM-1,7,9.571428571428571,0.7643190913940249,19.142857142857142,1.5286381827880497,0.6952638552448155,0.02800839179699009
163,8,LMM-2,7,6.357142857142857,1.023013256243036,12.714285714285714,2.046026512486072,0.7876089172024099,0.04009329278077858
164,2,LMM-1,7,11.928571428571429,1.635074734608514,23.857142857142858,3.270149469217028,0.897002426681025,0.019960816391936472
164,2,LMM-2,7,9.285714285714286,2.2337851101588413,18.571428571428573,4.467570220317683,0.9184752728720021,0.02795436268183727
164,3,LMM-1,7,11.619047619047619,1.6371536607305797,23.238095238095237,3.2743073214611593,0.8527704714721132,0.026979683568204734
164,3,LMM-2,7,9.523809523809524,1.7625481450782619,19.047619047619047,3.5250962901565237,0.8782056560875943,0.03222225557104943
164,4,LMM-1,7,11.321428571428571,1.6781914463529615,22.642857142857142,3.356382892705923,0.8108032186901059,0.03471141961726017
164,4,LMM-2,7,9.714285714285714,1.3458174058154837,19.428571428571427,2.6916348116309674,0.8380716358295192,0.03363672840822121
164,5,LMM-1,7,11.0,1.6527034130262368,22.0,3.3054068260524736,0.7724077808047547,0.04155556485580356
164,5,LMM-2,7,9.37142857142857,1.3666583706401598,18.74285714285714,2.7333167412803197,0.8055917926295558,0.04121637936117299
164,6,LMM-1,7,10.738095238095239,1.5982558520798482,21.476190476190478,3.1965117041596964,0.736357529315329,0.04701807411606424
164,6,LMM-2,7,9.214285714285714,1.1293848786315643,18.428571428571427,2.2587697572631287,0.7729217339324513,0.04701749688560253
164,7,LMM-1,7,10.693877551020408,1.427404771432303,21.387755102040817,2.854809542864606,0.6992290414888037,0.04895910091847547
164,7,LMM-2,7,8.959183673469388,1.2816586504577618,17.918367346938776,2.5633173009155237,0.7438356884556347,0.05473199069921904
164,8,LMM-1,7,10.553571428571429,1.5766957181888654,21.107142857142858,3.153391436377731,0.6665313956904344,0.05869258775207748
164,8,LMM-2,7,8.785714285714286,1.1234399614304165,17.571428571428573,2.246879922860833,0.7166357308759591,0.0506715793302201
165,2,LMM-1,7,11.142857142857142,1.2453996981544782,22.285714285714285,2.4907993963089563,0.9062452354738083,0.017388525269640125
165,2,LMM-2,7,9.285714285714286,1.1605769149479943,18.571428571428573,2.3211538298959886,0.9170429199152893,0.015800782232080347
165,3,LMM-1,7,11.142857142857142,1.2453996981544782,22.285714285714285,2.4907993963089563,0.8628327015369586,0.024655016396865997
165,3,LMM-2,7,9.285714285714286,1.1605769149479943,18.571428571428573,2.3211538298959886,0.8782756935997725,0.022507972801477195
165,4,LMM-1,7,10.928571428571429,1.1704264005838527,21.857142857142858,2.3408528011677054,0.8223287710567116,0.030509442416563365
165,4,LMM-2,7,9.071428571428571,1.0749940673780294,18.142857142857142,2.1499881347560588,0.841962419664865,0.027240497201635534
165,5,LMM-1,7,11.0,1.0028530728448137,22.0,2.0057061456896275,0.7795112037344101,0.03228586532738265
165,5,LMM-2,7,9.142857142857142,0.9781281582070679,18.285714285714285,1.9562563164141358,0.8028638980193306,0.029556159355768455
165,6,LMM-1,7,10.952380952380953,0.9948848769417227,21.904761904761905,1.9897697538834453,0.7415414105562413,0.035967783342100476
165,6,LMM-2,7,9.095238095238095,0.9914601339836672,18.19047619047619,1.9829202679673343,0.768282355980986,0.03380365324027402
165,7,LMM-1,7,10.693877551020408,1.0285390341513596,21.387755102040817,2.057078068302719,0.7103406262984887,0.04082070991068674
165,7,LMM-2,7,8.83673469387755,1.0113887096623566,17.6734693877551,2.022777419324713,0.7402689837152038,0.038443460588612414
165,8,LMM-1,7,10.428571428571429,1.0749940673780294,20.857142857142858,2.1499881347560588,0.6796677721625146,0.046694692720705346
165,8,LMM-2,7,8.607142857142858,0.8748177652797064,17.214285714285715,1.749635530559413,0.7112447479503462,0.03875640842916795
166,2,LMM-1,7,13.785714285714286,4.087062714548562,27.571428571428573,8.174125429097124,0.8728885883057663,0.05175458778663325
166,2,LMM-2,7,8.928571428571429,1.3209458577790665,17.857142857142858,2.641891715558133,0.9175792214904431,0.02195704926993718
166,3,LMM-1,7,13.476190476190478,4.062437859284032,26.952380952380956,8.124875718568063,0.8190852128598503,0.06938562785877103
166,3,LMM-2,7,9.047619047619047,1.350233036072174,18.095238095238095,2.700466072144348,0.8754551505563074,0.029385076218767132
166,4,LMM-1,7,13.071428571428571,4.050384209540863,26.142857142857142,8.100768419081726,0.7733562456428348,0.08368916474495493
166,4,LMM-2,7,8.857142857142858,1.4321384039831015,17.714285714285715,2.864276807966203,0.8407061751868296,0.03535239645063884
166,5,LMM-1,7,12.885714285714286,3.7460182942992275,25.771428571428572,7.492036588598455,0.729152444255363,0.0907128143927367
166,5,LMM-2,7,8.771428571428572,1.332789004536069,17.542857142857144,2.665578009072138,0.8067023655090567,0.038058344253218884
166,6,LMM-1,7,12.523809523809524,3.629058834906219,25.047619047619047,7.258117669812438,0.6930732728619089,0.09787371828793998
166,6,LMM-2,7,8.833333333333332,1.3772528441885303,17.666666666666664,2.7545056883770607,0.7694989292652419,0.043991842442424024
166,7,LMM-1,7,12.26530612244898,3.5459734249139196,24.53061224489796,7.091946849827839,0.6613787789857327,0.10407303448217319
166,7,LMM-2,7,8.46938775510204,1.03217702991035,16.93877551020408,2.0643540598207,0.7487470911214736,0.03650410852774627
166,8,LMM-1,7,12.035714285714286,3.525870134318851,24.071428571428573,7.051740268637702,0.632982372110531,0.10972095942047753
166,8,LMM-2,7,8.232142857142858,0.7512744274272368,16.464285714285715,1.5025488548544736,0.7286221087623834,0.028541300317522472
167,2,LMM-1,7,9.928571428571429,1.6130842558051735,19.857142857142858,3.226168511610347,0.9181279528845282,0.020112719909607613
167,2,LMM-2,7,7.571428571428571,1.2371791482634837,15.142857142857142,2.4743582965269675,0.9360702878042566,0.014063239529070232
167,3,LMM-1,7,10.142857142857142,1.8759729146278292,20.285714285714285,3.7519458292556584,0.8759289453579572,0.03349679409395649
167,3,LMM-2,7,8.238095238095237,1.2046772038736682,16.476190476190474,2.4093544077473363,0.8926041264288795,0.021866525463664847
167,4,LMM-1,7,10.107142857142858,1.406979685970872,20.214285714285715,2.813959371941744,0.8375106597635796,0.03215690045452091
167,4,LMM-2,7,8.5,1.0522085616183026,17.0,2.104417123236605,0.8517593239761965,0.02452467958642428
167,5,LMM-1,7,9.857142857142858,1.3552618543578767,19.714285714285715,2.7105237087157534,0.8029294046260664,0.03623066088639655
167,5,LMM-2,7,8.22857142857143,0.8907689867497081,16.45714285714286,1.7815379734994161,0.8207144480398395,0.02439982567533709
167,6,LMM-1,7,9.69047619047619,1.5389869153516484,19.38095238095238,3.077973830703297,0.7696756322993549,0.0448689752472063
167,6,LMM-2,7,8.285714285714286,0.8295833995325879,16.571428571428573,1.6591667990651757,0.7856317442105756,0.025339087605386564
167,7,LMM-1,7,9.530612244897961,1.9116251473218766,19.061224489795922,3.823250294643753,0.737605626930051,0.0587806360786458
167,7,LMM-2,7,8.46938775510204,1.0872016817850778,16.93877551020408,2.1744033635701556,0.7481725302230565,0.035701231578526914
167,8,LMM-1,7,9.339285714285714,1.7043985712842868,18.678571428571427,3.4087971425685737,0.7092891691944312,0.058294047678568515
167,8,LMM-2,7,8.464285714285714,0.6998542122237652,16.928571428571427,1.3997084244475304,0.7165033693416694,0.028061756700842114
168,2,LMM-1,7,12.071428571428571,0.4948716593053935,24.142857142857142,0.989743318610787,0.891437114150798,0.007472233955127516
168,2,LMM-2,7,8.214285714285714,0.9583148474999099,16.428571428571427,1.9166296949998198,0.9253659201749665,0.014367501220718748
168,3,LMM-1,7,11.714285714285714,0.5753831415997418,23.428571428571427,1.1507662831994836,0.8473244154130496,0.01281827186580232
168,3,LMM-2,7,8.333333333333334,0.7559289460184547,16.666666666666668,1.5118578920369095,0.888079224319551,0.017923084882614536
168,4,LMM-1,7,11.285714285714286,0.7371345514482247,22.571428571428573,1.4742691028964494,0.8066520662084956,0.019689735635033137
168,4,LMM-2,7,8.0,0.823754471047914,16.0,1.647508942095828,0.8555552209293064,0.022632589930243245
168,5,LMM-1,7,11.028571428571428,0.8171628369185768,22.057142857142857,1.6343256738371537,0.7689588521205215,0.025191781675168053
168,5,LMM-2,7,7.914285714285714,0.6663945022680342,15.828571428571427,1.3327890045360684,0.8231962767304591,0.022441879558842446
168,6,LMM-1,7,10.976190476190476,0.7788298682760058,21.952380952380953,1.5576597365520115,0.7285604131352371,0.02635778044849235
168,6,LMM-2,7,8.119047619047619,1.0454523047666737,16.238095238095237,2.0909046095333474,0.7868026127089964,0.033101958177277416
168,7,LMM-1,7,10.857142857142858,0.6872431934890914,21.714285714285715,1.3744863869781827,0.6926308561780371,0.0278669995161083
168,7,LMM-2,7,7.918367346938775,1.204600372520303,15.83673469387755,2.409200745040606,0.7615287046853144,0.038536375267027745
168,8,LMM-1,7,10.678571428571429,0.6507452556531642,21.357142857142858,1.3014905113063284,0.6602789454477199,0.02763746245094741
168,8,LMM-2,7,7.660714285714286,0.8856854834026603,15.321428571428571,1.7713709668053206,0.7386125539678174,0.03153790847664729
169,2,LMM-1,7,13.214285714285714,1.1605769149479943,26.428571428571427,2.3211538298959886,0.897533085601356,0.01332184932367306
169,2,LMM-2,7,9.785714285714286,2.0503857277724746,19.571428571428573,4.100771455544949,0.9252424852183863,0.019604256174237555
169,3,LMM-1,7,13.04761904761905,1.1605769149479943,26.0952380952381,2.3211538298959886,0.8501965535843963,0.018950637466439935
169,3,LMM-2,7,9.61904761904762,2.050385727772475,19.23809523809524,4.10077145554495,0.8899466521043814,0.028442176837257367
169,4,LMM-1,7,13.035714285714286,1.0642617446965243,26.071428571428573,2.1285234893930487,0.8058126031213569,0.023506167485748623
169,4,LMM-2,7,9.785714285714286,1.5608409559580112,19.571428571428573,3.1216819119160224,0.8525546500907392,0.027637736762496014
169,5,LMM-1,7,12.657142857142858,1.05133539959852,25.314285714285717,2.10267079919704,0.7673516734587481,0.028544403148607844
169,5,LMM-2,7,9.514285714285716,1.326034444099691,19.028571428571432,2.652068888199382,0.8205603675274878,0.02832230125692991
169,6,LMM-1,7,12.380952380952381,1.0185356969622588,24.761904761904763,2.0370713939245175,0.7313753218045778,0.032321778898117465
169,6,LMM-2,7,9.30952380952381,1.1966506545837203,18.61904761904762,2.3933013091674407,0.7904777476605463,0.02948665022727048
169,7,LMM-1,7,12.306122448979592,0.973193389189091,24.612244897959183,1.946386778378182,0.6934466519619774,0.03480198840680868
169,7,LMM-2,7,9.285714285714286,1.124858267715973,18.571428571428573,2.249716535431946,0.7575496680417656,0.030817421339059157
169,8,LMM-1,7,11.857142857142858,0.991996029452225,23.714285714285715,1.98399205890445,0.6629425375022857,0.037748052330555476
169,8,LMM-2,7,8.946428571428571,1.1237237658965908,17.892857142857142,2.2474475317931817,0.7338349359210158,0.03372345336728671
170,2,LMM-1,7,11.857142857142858,2.0127146862293386,23.714285714285715,4.025429372458677,0.8987166108034258,0.03011261812145946
170,2,LMM-2,7,9.642857142857142,1.0594569267279519,19.285714285714285,2.1189138534559038,0.9145449393644748,0.015364301932152673
170,3,LMM-1,7,11.666666666666668,1.7994708216848752,23.333333333333336,3.5989416433697503,0.8531350335513751,0.0340177138650623
170,3,LMM-2,7,9.761904761904761,0.9547589359887343,19.523809523809522,1.9095178719774686,0.8747445030745807,0.016293511007735746
170,4,LMM-1,7,11.464285714285714,1.8537056103372829,22.928571428571427,3.7074112206745657,0.8109215508761742,0.04258335831926387
170,4,LMM-2,7,9.714285714285714,0.6185895741317419,19.428571428571427,1.2371791482634837,0.8372037070153635,0.014212080485871536
170,5,LMM-1,7,11.257142857142856,1.9732910456950867,22.514285714285712,3.9465820913901735,0.7681022062703179,0.052329445984732714
170,5,LMM-2,7,9.62857142857143,0.5598833697790121,19.25714285714286,1.1197667395580242,0.7999688556074703,0.01689863844898595
170,6,LMM-1,7,10.976190476190478,1.9240098905558976,21.952380952380956,3.848019781111795,0.7317833665057377,0.058854946062036825
170,6,LMM-2,7,9.214285714285714,0.5172752614857248,18.428571428571427,1.0345505229714496,0.7707101509173685,0.018150516094748645
170,7,LMM-1,7,10.938775510204081,1.8795464108495104,21.877551020408163,3.7590928216990207,0.6922640121645909,0.06633695013457284
170,7,LMM-2,7,9.16326530612245,0.5146742944048364,18.3265306122449,1.0293485888096727,0.7333848381070658,0.027856314297168325
170,8,LMM-1,7,10.839285714285714,1.8098370656171325,21.678571428571427,3.619674131234265,0.6599008185831243,0.07118599543874321
170,8,LMM-2,7,9.0,0.5175491695067657,18.0,1.0350983390135313,0.7047863688945315,0.02727235618466944
171,2,LMM-1,7,12.5,1.1952286093343936,25.0,2.390457218668787,0.8980191032718589,0.013231841939268432
171,2,LMM-2,7,6.928571428571429,1.0497813183356477,13.857142857142858,2.0995626366712954,0.9481447192597513,0.011858383169018534
171,3,LMM-1,7,12.333333333333334,1.1952286093343936,24.666666666666668,2.390457218668787,0.8519046860678056,0.018857099505139238
171,3,LMM-2,7,6.761904761904761,1.0497813183356481,13.523809523809522,2.0995626366712963,0.9241976396010178,0.017226052110573313
171,4,LMM-1,7,12.0,1.1952286093343936,24.0,2.390457218668787,0.811854529040469,0.023996398867020523
171,4,LMM-2,7,7.071428571428571,0.7873359887517358,14.142857142857142,1.5746719775034717,0.8918206950104237,0.016979527333590577
171,5,LMM-1,7,11.8,1.1952286093343936,23.6,2.390457218668787,0.773729462505819,0.028628561610822518
171,5,LMM-2,7,6.742857142857143,0.8398250546685183,13.485714285714286,1.6796501093370366,0.8732603959837569,0.021906348710274436
171,6,LMM-1,7,11.5,1.1952286093343936,23.0,2.390457218668787,0.7395187669242246,0.03288218146146876
171,6,LMM-2,7,6.976190476190475,0.6388765649999399,13.95238095238095,1.2777531299998799,0.8391068852577471,0.01963747331394896
171,7,LMM-1,7,11.10204081632653,1.2162991367960274,22.20408163265306,2.432598273592055,0.7091663113515654,0.03697136005244076
171,7,LMM-2,7,6.959183673469388,0.49318554994263564,13.918367346938776,0.9863710998852713,0.8089866378787052,0.01748242867650998
171,8,LMM-1,7,10.767857142857142,1.3910244352964605,21.535714285714285,2.782048870592921,0.6768576354091237,0.0466737643594944
171,8,LMM-2,7,7.196428571428571,0.4374088826398532,14.392857142857142,0.8748177652797064,0.7696255124448156,0.01856531551851563
172,2,LMM-1,7,12.785714285714286,1.5084794344244912,25.571428571428573,3.0169588688489823,0.8834458516217207,0.01677460702078311
172,2,LMM-2,7,9.0,1.224744871391589,18.0,2.449489742783178,0.915775530514052,0.012530306747616187
172,3,LMM-1,7,12.238095238095239,1.4876666049346006,24.476190476190478,2.975333209869201,0.8423891779520353,0.023904627320674963
172,3,LMM-2,7,8.857142857142858,1.1388819755334663,17.714285714285715,2.2777639510669325,0.8825783153669776,0.01766898612848439
172,4,LMM-1,7,11.964285714285714,1.4906169110506575,23.928571428571427,2.981233822101315,0.8027068698777597,0.030430262221584226
172,4,LMM-2,7,8.785714285714286,1.1054133957530115,17.571428571428573,2.210826791506023,0.8499676636412982,0.022213967799103843
172,5,LMM-1,7,11.942857142857141,1.460779774990196,23.885714285714283,2.921559549980392,0.7562881651481356,0.035355628653146
172,5,LMM-2,7,8.6,1.110984119727062,17.2,2.221968239454124,0.8166074439944362,0.02898561227576031
172,6,LMM-1,7,11.785714285714286,1.4273804559354155,23.571428571428573,2.854760911870831,0.7184213685949362,0.03984008788658465
172,6,LMM-2,7,8.428571428571429,1.0033955955097844,16.857142857142858,2.006791191019569,0.7885653069531858,0.032107154959049096
172,7,LMM-1,7,11.469387755102042,1.4682535304983635,22.938775510204085,2.936507060996727,0.6861554373182981,0.04602865722632919
172,7,LMM-2,7,8.122448979591837,1.0085019673963949,16.244897959183675,2.0170039347927897,0.7641317469189696,0.03606053034320725
172,8,LMM-1,7,11.267857142857142,1.4568627181693672,22.535714285714285,2.9137254363387344,0.6527524423878752,0.04876561559063862
172,8,LMM-2,7,7.803571428571429,1.083267920578793,15.607142857142858,2.166535841157586,0.742385561456832,0.042310685585558665
173,2,LMM-1,7,11.214285714285714,0.9583148474999099,22.428571428571427,1.9166296949998198,0.9058510825254821,0.01413239372814393
173,2,LMM-2,7,8.214285714285714,0.9202927661946518,16.428571428571427,1.8405855323893037,0.9331264242529217,0.013452468277603585
173,3,LMM-1,7,10.952380952380953,0.9331389496316868,21.904761904761905,1.8662778992633735,0.8650533585236574,0.018260769968862212
173,3,LMM-2,7,7.952380952380952,0.9499970163457142,15.904761904761903,1.8999940326914284,0.9032896388942318,0.01972825031392387
173,4,LMM-1,7,10.714285714285714,1.1528580279692124,21.428571428571427,2.305716055938425,0.825881999029659,0.02887200905734844
173,4,LMM-2,7,7.821428571428571,0.831460480487344,15.642857142857142,1.662920960974688,0.8718662661832576,0.023477248059057352
173,5,LMM-1,7,10.37142857142857,1.1633870326572762,20.74285714285714,2.3267740653145523,0.7904440796808692,0.03416222763379458
173,5,LMM-2,7,7.571428571428571,0.8971610553204333,15.142857142857142,1.7943221106408667,0.8428822458453771,0.02938249053264705
173,6,LMM-1,7,10.190476190476192,1.267507776591063,20.380952380952383,2.535015553182126,0.7548403991024546,0.04245189390665011
173,6,LMM-2,7,7.523809523809524,0.9977298495122363,15.047619047619047,1.9954596990244726,0.8131675098343253,0.03671255241419899
173,7,LMM-1,7,10.020408163265305,1.3191316417299843,20.04081632653061,2.6382632834599686,0.7230829479789209,0.04758421492714007
173,7,LMM-2,7,7.306122448979592,0.8379781701080738,14.612244897959185,1.6759563402161477,0.7885596718293556,0.03641900071776765
173,8,LMM-1,7,9.785714285714286,1.350783974934103,19.571428571428573,2.701567949868206,0.6953878927423042,0.051721527455052776
173,8,LMM-2,7,7.035714285714286,0.8283866789102288,14.071428571428571,1.6567733578204575,0.7690696274458498,0.03922051121588316
174,2,LMM-1,7,10.928571428571429,1.1157499537009505,21.857142857142858,2.231499907401901,0.9120693734867947,0.012292892109204907
174,2,LMM-2,7,8.785714285714286,0.9948848769417228,17.571428571428573,1.9897697538834456,0.9326023062814979,0.009293080056037817
174,3,LMM-1,7,10.619047619047619,1.0454523047666733,21.238095238095237,2.0909046095333466,0.8738863582821024,0.017348217704578665
174,3,LMM-2,7,8.285714285714286,0.9159706696033973,16.571428571428573,1.8319413392067947,0.9035842657295375,0.01287352033674701
174,4,LMM-1,7,10.321428571428571,0.9516366138910163,20.642857142857142,1.9032732277820326,0.836613531032575,0.021609940718233737
174,4,LMM-2,7,8.178571428571429,0.6776309271789385,16.357142857142858,1.355261854357877,0.8722336947098334,0.01246375658625413
174,5,LMM-1,7,10.257142857142856,1.124858267715973,20.514285714285712,2.249716535431946,0.7971682870664815,0.027968727036079874
174,5,LMM-2,7,8.085714285714285,0.7395530917454165,16.17142857142857,1.479106183490833,0.8397012450968642,0.01999219936489543
174,6,LMM-1,7,10.571428571428571,1.6663264958973993,21.142857142857142,3.3326529917947987,0.7450646207855934,0.04976339672537606
174,6,LMM-2,7,8.261904761904763,1.157642455346973,16.523809523809526,2.315284910693946,0.7947157622855007,0.03517600691536595
174,7,LMM-1,7,10.714285714285714,2.0659674669132677,21.428571428571427,4.131934933826535,0.7007773638084002,0.06673176460977354
174,7,LMM-2,7,8.244897959183673,1.505508419714938,16.489795918367346,3.011016839429876,0.75849075504075,0.048716888472464935
174,8,LMM-1,7,10.625,2.2069290233910364,21.25,4.413858046782073,0.6708415896113626,0.07382743421026429
174,8,LMM-2,7,8.142857142857142,1.6069444321952346,16.285714285714285,3.2138888643904693,0.7340314135943838,0.05407588813581185
175,2,LMM-1,7,10.857142857142858,0.6925256939166184,21.714285714285715,1.385051387833237,0.9163800817116465,0.00928777167418937
175,2,LMM-2,7,8.785714285714286,1.1605769149479943,17.571428571428573,2.3211538298959886,0.9301109110929754,0.014441955118729796
175,3,LMM-1,7,10.80952380952381,0.7095078297976829,21.61904761904762,1.4190156595953658,0.8749986797329115,0.013378935247776733
175,3,LMM-2,7,8.571428571428571,1.0942024088643865,17.142857142857142,2.188404817728773,0.8969695821141487,0.020000310722722934
175,4,LMM-1,7,10.785714285714286,0.860113898485164,21.571428571428573,1.720227796970328,0.8345638413076897,0.01945497633432331
175,4,LMM-2,7,8.785714285714286,1.190952285752362,17.571428571428573,2.381904571504724,0.8589990143774873,0.026600241525807117
175,5,LMM-1,7,10.6,0.8880154438811461,21.2,1.7760308877622921,0.7988521506276206,0.02452320493087288
175,5,LMM-2,7,8.8,1.2188988004400882,17.6,2.4377976008801765,0.8258344070548264,0.03224387619803918
175,6,LMM-1,7,10.285714285714286,0.8715716770344345,20.571428571428573,1.743143354068869,0.7672780432297899,0.027631886058856702
175,6,LMM-2,7,8.523809523809524,1.1866605518454392,17.047619047619047,2.3733211036908783,0.7973330994464748,0.03598341834026298
175,7,LMM-1,7,10.040816326530612,0.8961019755142916,20.081632653061224,1.7922039510285832,0.7379591256352017,0.03194353093251317
175,7,LMM-2,7,8.326530612244898,1.0122119810316117,16.653061224489797,2.0244239620632234,0.7692449174807002,0.034427088379290864
175,8,LMM-1,7,10.160714285714286,0.8882021511032777,20.321428571428573,1.7764043022065554,0.7004301709549429,0.03377192439029011
175,8,LMM-2,7,8.375,1.0286086302796191,16.75,2.0572172605592383,0.7370470885595826,0.03830980723460329
176,2,LMM-1,7,11.714285714285714,0.6998542122237652,23.428571428571427,1.3997084244475304,0.9118600897316044,0.014439165854441337
176,2,LMM-2,7,8.357142857142858,0.8748177652797064,16.714285714285715,1.749635530559413,0.9377622296336235,0.006571969136003759
176,3,LMM-1,7,11.38095238095238,0.6998542122237652,22.76190476190476,1.3997084244475304,0.8710030845344067,0.020932123222484035
176,3,LMM-2,7,7.904761904761904,1.1368891796488878,15.809523809523808,2.2737783592977756,0.9100325470652912,0.01102739029250379
176,4,LMM-1,7,10.821428571428571,0.9516366138910163,21.642857142857142,1.9032732277820326,0.8361713451565009,0.02766477253482259
176,4,LMM-2,7,7.785714285714286,0.8704326862109958,15.571428571428571,1.7408653724219916,0.8774874875377853,0.012883923741676306
176,5,LMM-1,7,10.428571428571429,1.0924602453888663,20.857142857142858,2.1849204907777326,0.8048670671650558,0.03271944237283351
176,5,LMM-2,7,7.514285714285714,0.6749149606295837,15.028571428571428,1.3498299212591673,0.8537636677912078,0.013735293243310177
176,6,LMM-1,7,10.071428571428571,1.2210363242817228,20.142857142857142,2.4420726485634456,0.7768643624567373,0.03819715015461346
176,6,LMM-2,7,7.428571428571429,0.694977119967925,14.857142857142858,1.38995423993585,0.8289223186086296,0.018602326566727414
176,7,LMM-1,7,9.693877551020408,1.2417155710347965,19.387755102040817,2.483431142069593,0.7512842506528358,0.043637078870742016
176,7,LMM-2,7,7.428571428571429,0.5865350148244861,14.857142857142858,1.1730700296489722,0.8004161462019851,0.01848986702152494
176,8,LMM-1,7,9.464285714285714,1.2951045974620532,18.928571428571427,2.5902091949241064,0.7256190805445806,0.04917463017044879
176,8,LMM-2,7,7.339285714285714,0.6604729288895332,14.678571428571429,1.3209458577790665,0.7715122245646049,0.022868453868594568
177,2,LMM-1,7,11.071428571428571,2.060315014550851,22.142857142857142,4.120630029101702,0.9095213531975973,0.023444077748382402
177,2,LMM-2,7,8.857142857142858,2.721794126179664,17.714285714285715,5.443588252359328,0.9222753256633326,0.03012518614811344
177,3,LMM-1,7,10.333333333333332,2.0158105227158787,20.666666666666664,4.031621045431757,0.8750266365209854,0.03012560551672816
177,3,LMM-2,7,8.428571428571429,2.6289854746366212,16.857142857142858,5.2579709492732425,0.888749054382681,0.03888488861048358
177,4,LMM-1,7,10.035714285714286,2.135702341103722,20.071428571428573,4.271404682207444,0.8394276438804741,0.03941343639648577
177,4,LMM-2,7,8.464285714285714,2.533449692995457,16.928571428571427,5.066899385990914,0.8519545724958503,0.04741859643139675
177,5,LMM-1,7,10.057142857142859,2.080423818674003,20.114285714285717,4.160847637348006,0.8021161740104364,0.045449685348351934
177,5,LMM-2,7,8.457142857142857,2.5381979788014637,16.914285714285715,5.076395957602927,0.8181067270230431,0.056330055606599976
177,6,LMM-1,7,9.785714285714286,2.0982121749398366,19.571428571428573,4.196424349879673,0.7720204736353188,0.051913410139678734
177,6,LMM-2,7,8.380952380952381,2.442536876806126,16.761904761904763,4.885073753612252,0.7846100248036859,0.06158841926848141
177,7,LMM-1,7,9.551020408163266,1.9549273493596813,19.102040816326532,3.9098546987193625,0.744181173612479,0.05514641693477531
177,7,LMM-2,7,8.285714285714286,2.2144502901315164,16.571428571428573,4.428900580263033,0.7557061215234492,0.0634969898358548
177,8,LMM-1,7,9.357142857142858,1.9114651395178088,18.714285714285715,3.8229302790356177,0.7153167563311572,0.05966718626406489
177,8,LMM-2,7,8.160714285714286,2.168889492955568,16.321428571428573,4.337778985911136,0.7276322804640357,0.06779711722944504
178,2,LMM-1,7,12.0,0.0,24.0,0.0,0.90332775078491,0.0033553217705871267
178,2,LMM-2,7,10.285714285714286,0.5248906591678238,20.571428571428573,1.0497813183356477,0.9108466451767774,0.004434401874851376
178,3,LMM-1,7,11.666666666666666,0.0,23.333333333333332,0.0,0.8611499246943138,0.004788850922982576
178,3,LMM-2,7,10.095238095238097,0.5832118435198047,20.190476190476193,1.1664236870396094,0.8701468705868017,0.007109944311653814
178,4,LMM-1,7,11.071428571428571,0.6081923702116572,22.142857142857142,1.2163847404233143,0.8238261648359569,0.012528055352794906
178,4,LMM-2,7,9.857142857142858,0.8949974347244049,19.714285714285715,1.7899948694488097,0.830041470572653,0.012719738628068092
178,5,LMM-1,7,10.62857142857143,0.5993193418115152,21.25714285714286,1.1986386836230305,0.7880277443548186,0.016822702224081436
178,5,LMM-2,7,10.057142857142859,0.6298687910013886,20.114285714285717,1.2597375820027772,0.7867664635773609,0.00939027780043066
178,6,LMM-1,7,10.857142857142858,0.7315376902732008,21.714285714285715,1.4630753805464016,0.742596706352367,0.02074207106870469
178,6,LMM-2,7,10.30952380952381,0.9276552256561027,20.61904761904762,1.8553104513122054,0.740400262979901,0.016934028737535287
178,7,LMM-1,7,10.36734693877551,0.7819283290068576,20.73469387755102,1.5638566580137152,0.7157285542169102,0.02818576236448012
178,7,LMM-2,7,10.16326530612245,0.8551970138676311,20.3265306122449,1.7103940277352623,0.7063565157693762,0.0176679415189451
178,8,LMM-1,7,9.946428571428571,0.8526668847366659,19.892857142857142,1.7053337694733317,0.6908883970469502,0.032882252553996676
178,8,LMM-2,7,9.892857142857142,0.8356684969141136,19.785714285714285,1.6713369938282272,0.6773595809233832,0.019322698134160925
179,2,LMM-1,7,10.5,1.1952286093343936,21.0,2.390457218668787,0.9154006787675983,0.0166203601471356
179,2,LMM-2,7,8.142857142857142,1.6413036132965797,16.285714285714285,3.2826072265931594,0.9288584752747548,0.02261809720409044
179,3,LMM-1,7,10.238095238095239,1.2812975282927341,20.476190476190478,2.5625950565854683,0.8770329834670328,0.02156965882800711
179,3,LMM-2,7,7.904761904761905,0.9035079029052512,15.80952380952381,1.8070158058105024,0.8977718362040791,0.01747265483859364
179,4,LMM-1,7,9.964285714285714,1.183431537555778,19.928571428571427,2.366863075111556,0.8417336664232141,0.02354386549643565
179,4,LMM-2,7,7.928571428571429,1.1316413941253471,15.857142857142858,2.2632827882506943,0.8644685844395673,0.02668964377495372
179,5,LMM-1,7,9.657142857142857,1.2815806566860461,19.314285714285713,2.5631613133720923,0.8081479932269344,0.03103669954089037
179,5,LMM-2,7,7.771428571428571,1.354056641265461,15.542857142857143,2.708113282530922,0.8352719377802759,0.03942268508947143
179,6,LMM-1,7,9.452380952380953,1.347290890551915,18.904761904761905,2.69458178110383,0.777259887091039,0.037872416021910285
179,6,LMM-2,7,7.857142857142857,1.3346082340230019,15.714285714285714,2.6692164680460038,0.7978761045495844,0.045088901734827304
179,7,LMM-1,7,9.326530612244897,1.2329638748565892,18.653061224489793,2.4659277497131784,0.7468074289647006,0.038716154378259
179,7,LMM-2,7,7.816326530612245,1.2258495851168332,15.63265306122449,2.4516991702336663,0.7661039757815192,0.04624846927159918
179,8,LMM-1,7,9.160714285714286,1.2829832104775756,18.321428571428573,2.565966420955151,0.7186711185087175,0.04239003769128946
179,8,LMM-2,7,7.732142857142857,1.345343442988383,15.464285714285714,2.690686885976766,0.7386539270617158,0.05284086652783149
180,2,LMM-1,7,13.142857142857142,1.4568627181693672,26.285714285714285,2.9137254363387344,0.8822130591651277,0.017876433837439396
180,2,LMM-2,7,8.571428571428571,0.7284313590846836,17.142857142857142,1.4568627181693672,0.9189184562769618,0.012770390817930901
180,3,LMM-1,7,12.666666666666668,1.181873680570558,25.333333333333336,2.363747361141116,0.8376798290091515,0.019438624276890658
180,3,LMM-2,7,8.333333333333332,0.5909368402852786,16.666666666666664,1.1818736805705572,0.8875168053456092,0.013884613222568601
180,4,LMM-1,7,12.428571428571429,0.9884537502212891,24.857142857142858,1.9769075004425782,0.7938381527315136,0.01944051241699454
180,4,LMM-2,7,8.178571428571429,0.5463235193135126,16.357142857142858,1.0926470386270253,0.8559819349497261,0.014484269414609433
180,5,LMM-1,7,12.085714285714285,0.9187391537607729,24.17142857142857,1.8374783075215457,0.7553936607398354,0.021642190812412428
180,5,LMM-2,7,7.914285714285714,0.49979587670102554,15.828571428571427,0.9995917534020511,0.828501460193458,0.01641724233120604
180,6,LMM-1,7,12.285714285714286,1.1842695348043701,24.571428571428573,2.3685390696087403,0.7060504502502261,0.030484301230852204
180,6,LMM-2,7,7.904761904761905,0.7006637604553412,15.80952380952381,1.4013275209106824,0.793255543878637,0.0239257751125542
180,7,LMM-1,7,12.10204081632653,1.01508817268946,24.20408163265306,2.03017634537892,0.670408463541655,0.02790859123390561
180,7,LMM-2,7,7.775510204081632,0.6005689375331492,15.551020408163264,1.2011378750662984,0.7665903745658318,0.02194635463537475
180,8,LMM-1,7,11.892857142857142,1.067851170551861,23.785714285714285,2.135702341103722,0.6370104256816445,0.03161269134675697
180,8,LMM-2,7,7.625,0.6648039453209388,15.25,1.3296078906418776,0.74052332898438,0.025440767366037086
181,2,LMM-1,7,14.142857142857142,1.7467170372339262,28.285714285714285,3.4934340744678525,0.8802333422866269,0.017023497657730598
181,2,LMM-2,7,10.142857142857142,1.4321384039831015,20.285714285714285,2.864276807966203,0.9149334772321502,0.012362309885891248
181,3,LMM-1,7,13.80952380952381,1.0962728031639375,27.61904761904762,2.192545606327875,0.8264158386967759,0.019578046158467977
181,3,LMM-2,7,9.476190476190476,0.6632565846278151,18.952380952380953,1.3265131692556302,0.8874469816350301,0.010623007428715227
181,4,LMM-1,7,13.0,1.0690449676496976,26.0,2.138089935299395,0.7850813736574354,0.024027721918818596
181,4,LMM-2,7,8.5,0.5175491695067657,17.0,1.0350983390135313,0.8678810536962308,0.010709696160119589
181,5,LMM-1,7,12.485714285714286,1.2088111886460675,24.97142857142857,2.417622377292135,0.7448750368563679,0.029563285193979688
181,5,LMM-2,7,8.628571428571428,0.7284313590846837,17.257142857142856,1.4568627181693674,0.8370085397203664,0.017343099994727933
181,6,LMM-1,7,12.142857142857142,1.0962728031639373,24.285714285714285,2.1925456063278745,0.7061479999967759,0.03177440840171406
181,6,LMM-2,7,8.928571428571429,0.7860749532961512,17.857142857142858,1.5721499065923024,0.8024349769359713,0.02340137052040872
181,7,LMM-1,7,12.775510204081632,1.1114488819747022,25.551020408163264,2.2228977639494043,0.653933519286498,0.03626436419624986
181,7,LMM-2,7,9.530612244897958,0.4626850632144751,19.061224489795915,0.9253701264289502,0.7589444403839665,0.016533156794368627
181,8,LMM-1,7,12.964285714285714,1.3257650852336131,25.928571428571427,2.6515301704672263,0.6128815210711849,0.04171053978400793
181,8,LMM-2,7,9.982142857142858,0.3562488811296429,19.964285714285715,0.7124977622592858,0.7155465350697495,0.011002296948006899
182,2,LMM-1,7,14.5,0.8451542547285166,29.0,1.6903085094570331,0.8735832149404859,0.015583715036405333
182,2,LMM-2,7,8.571428571428571,1.859888080898791,17.142857142857142,3.719776161797582,0.9292036686440132,0.01660707138470201
182,3,LMM-1,7,13.904761904761907,0.9035079029052511,27.809523809523814,1.8070158058105021,0.822806940277847,0.021677408513775517
182,3,LMM-2,7,8.238095238095237,1.63021359701178,16.476190476190474,3.26042719402356,0.898065252744406,0.022958946112866172
182,4,LMM-1,7,13.607142857142858,0.9340497736158586,27.214285714285715,1.8680995472317172,0.7761181115189645,0.028090715769493773
182,4,LMM-2,7,8.0,1.6366341767699428,16.0,3.2732683535398857,0.8705288586785616,0.03134283329142702
182,5,LMM-1,7,13.342857142857143,0.87970310390518,26.685714285714287,1.75940620781036,0.7317701983777851,0.03299042341710054
182,5,LMM-2,7,7.914285714285714,1.7199905078048465,15.828571428571427,3.439981015609693,0.8398451537669546,0.04016616077096315
182,6,LMM-1,7,13.119047619047619,0.8761128329987665,26.238095238095237,1.752225665997533,0.691139902268622,0.03693623175939119
182,6,LMM-2,7,8.047619047619047,1.544869352143651,16.095238095238095,3.089738704287302,0.8046585514808483,0.042323888675720615
182,7,LMM-1,7,13.0,0.8773136840899868,26.0,1.7546273681799736,0.6506856829198806,0.042268831199248846
182,7,LMM-2,7,8.142857142857142,1.2958781931744932,16.285714285714285,2.5917563863489863,0.7693705729496457,0.03886330252228916
182,8,LMM-1,7,12.803571428571429,0.9206391967607315,25.607142857142858,1.841278393521463,0.6154495667753589,0.046294381600300985
182,8,LMM-2,7,7.982142857142857,1.3926281863103742,15.964285714285714,2.7852563726207484,0.7441877466054269,0.047279554178941884
183,2,LMM-1,7,10.428571428571429,0.9035079029052513,20.857142857142858,1.8070158058105026,0.920945665784772,0.010963745395685948
183,2,LMM-2,7,7.428571428571429,2.060315014550851,14.857142857142858,4.120630029101702,0.9424069301786121,0.024776222006617773
183,3,LMM-1,7,10.095238095238093,0.9035079029052513,20.190476190476186,1.8070158058105026,0.8853228967071034,0.015163808890749992
183,3,LMM-2,7,7.523809523809524,1.621846320564419,15.047619047619047,3.243692641128838,0.9078598362356435,0.027044343165158122
183,4,LMM-1,7,10.142857142857142,0.9622995418076771,20.285714285714285,1.9245990836153541,0.8452531885076053,0.020118551321430044
183,4,LMM-2,7,7.5,1.5811388300841898,15.0,3.1622776601683795,0.8767852065612459,0.03450090845082957
183,5,LMM-1,7,10.028571428571428,1.102871946606788,20.057142857142857,2.205743893213576,0.8091856182687724,0.025235478625099495
183,5,LMM-2,7,7.6000000000000005,1.4422205101855958,15.200000000000001,2.8844410203711917,0.8446223766540898,0.03887543302172667
183,6,LMM-1,7,9.761904761904761,1.0685145558246132,19.523809523809522,2.1370291116492264,0.7795651657126014,0.028777399269162427
183,6,LMM-2,7,7.476190476190476,1.310605613764084,14.952380952380953,2.621211227528168,0.8153268119120812,0.04045499512474565
183,7,LMM-1,7,9.489795918367347,1.0493845005863218,18.979591836734695,2.0987690011726436,0.7509279217055116,0.033813872526826716
183,7,LMM-2,7,7.448979591836735,1.2534002067578844,14.89795918367347,2.506800413515769,0.7854328399622666,0.04430342275950551
183,8,LMM-1,7,9.142857142857142,0.9738284431739986,18.285714285714285,1.9476568863479973,0.7263526359020264,0.03609945438931346
183,8,LMM-2,7,7.089285714285714,1.1644171704929362,14.178571428571429,2.3288343409858725,0.7663933207994741,0.047514659248664826
184,2,LMM-1,7,11.071428571428571,1.859888080898791,22.142857142857142,3.719776161797582,0.9074583705126045,0.02389231052282847
184,2,LMM-2,7,8.285714285714286,1.749635530559413,16.571428571428573,3.499271061118826,0.9293768840649725,0.023263964906539196
184,3,LMM-1,7,10.80952380952381,1.621846320564419,21.61904761904762,3.243692641128838,0.8676939769938713,0.02879506680849639
184,3,LMM-2,7,8.333333333333334,1.573591584938886,16.666666666666668,3.147183169877772,0.8947525099811007,0.029541782225573607
184,4,LMM-1,7,10.535714285714286,1.5779087167410373,21.071428571428573,3.1558174334820746,0.8293315606430367,0.034118179496147226
184,4,LMM-2,7,8.178571428571429,1.5681784571500106,16.357142857142858,3.136356914300021,0.8623534882411185,0.034977911985284736
184,5,LMM-1,7,10.457142857142857,1.503193878624675,20.914285714285715,3.00638775724935,0.7894285073031693,0.03922278742966203
184,5,LMM-2,7,7.942857142857143,1.7458989848516786,15.885714285714286,3.491797969703357,0.832372358468939,0.04681175210622966
184,6,LMM-1,7,10.333333333333332,1.3743685418725533,20.666666666666664,2.7487370837451066,0.7528075413235793,0.040716740126157364
184,6,LMM-2,7,7.738095238095238,1.743143354068869,15.476190476190476,3.486286708137738,0.8044525740829592,0.05339288532056712
184,7,LMM-1,7,10.346938775510205,1.4980203513063324,20.69387755102041,2.9960407026126648,0.7134589775772077,0.04839834230348299
184,7,LMM-2,7,7.714285714285714,1.9151079562168327,15.428571428571429,3.8302159124336654,0.7722874313173383,0.06512331668706486
184,8,LMM-1,7,10.178571428571429,1.373956004405096,20.357142857142858,2.747912008810192,0.6812506262766876,0.04840358580243392
184,8,LMM-2,7,7.5,1.7740691724313988,15.0,3.5481383448627977,0.747359088342792,0.06619856245282735
185,2,LMM-1,7,10.428571428571429,1.1157499537009505,20.857142857142858,2.231499907401901,0.9060238173836991,0.011589059584252387
185,2,LMM-2,7,8.285714285714286,1.2205719636167902,16.571428571428573,2.4411439272335804,0.9204506667042321,0.013666068410107292
185,3,LMM-1,7,10.238095238095239,1.1507662831994832,20.476190476190478,2.3015325663989663,0.8646566330338677,0.018298599089622142
185,3,LMM-2,7,7.809523809523809,1.3196577581477162,15.619047619047619,2.6393155162954325,0.889984578609065,0.021795274894265533
185,4,LMM-1,7,10.25,1.3161089837634485,20.5,2.632217967526897,0.8224266446768487,0.027401913659598803
185,4,LMM-2,7,7.821428571428571,1.5681784571500106,15.642857142857142,3.136356914300021,0.8552260443880481,0.03463044015808209
185,5,LMM-1,7,10.114285714285714,1.29551817700053,20.228571428571428,2.59103635400106,0.7845742663292967,0.034141301172223394
185,5,LMM-2,7,7.685714285714285,1.515094123835755,15.37142857142857,3.03018824767151,0.8244556044220944,0.042465808456541326
185,6,LMM-1,7,9.904761904761903,1.2371791482634835,19.809523809523807,2.474358296526967,0.7509722081529462,0.03696567396640528
185,6,LMM-2,7,7.571428571428571,1.3825934419959973,15.142857142857142,2.7651868839919946,0.7938285675948371,0.044248230093326915
185,7,LMM-1,7,9.73469387755102,1.201137875066299,19.46938775510204,2.402275750132598,0.7158940638499577,0.04246385798575963
185,7,LMM-2,7,7.591836734693878,1.379628063767802,15.183673469387756,2.759256127535604,0.7611262969862003,0.048339824146282705
185,8,LMM-1,7,9.589285714285714,1.1965618262679254,19.178571428571427,2.393123652535851,0.6863772118853753,0.046734050958225
185,8,LMM-2,7,7.5,1.3024701806293193,15.0,2.6049403612586386,0.73268895683964,0.04955613761434356
186,2,LMM-1,7,11.714285714285714,0.6998542122237652,23.428571428571427,1.3997084244475304,0.913818093222261,0.01190739833109202
186,2,LMM-2,7,10.142857142857142,0.3499271061118826,20.285714285714285,0.6998542122237652,0.9208397314989998,0.007657462821440491
186,3,LMM-1,7,11.38095238095238,0.6998542122237652,22.76190476190476,1.3997084244475304,0.8758840507011509,0.017049845667862742
186,3,LMM-2,7,9.809523809523808,0.3499271061118826,19.619047619047617,0.6998542122237652,0.8859651348108578,0.011003833344206638
186,4,LMM-1,7,10.857142857142858,0.8748177652797064,21.714285714285715,1.749635530559413,0.8409459232961437,0.023311724579867077
186,4,LMM-2,7,9.25,0.5345224838248488,18.5,1.0690449676496976,0.8539028223283999,0.015361422685510358
186,5,LMM-1,7,10.428571428571429,1.2532406971120746,20.857142857142858,2.5064813942241493,0.8093872819269886,0.03577532626454382
186,5,LMM-2,7,8.914285714285715,0.949328441476351,17.82857142857143,1.898656882952702,0.8227278840202132,0.026698813449565127
186,6,LMM-1,7,10.04761904761905,1.1502735551601107,20.0952380952381,2.3005471103202213,0.7806862720272207,0.03788956842838502
186,6,LMM-2,7,8.642857142857142,0.9233675918888249,17.285714285714285,1.8467351837776498,0.7934371772368968,0.02924856032786119
186,7,LMM-1,7,9.653061224489795,1.087584701589733,19.30612244897959,2.175169403179466,0.75513663250612,0.04065879450437315
186,7,LMM-2,7,8.306122448979592,0.8379781701080742,16.612244897959183,1.6759563402161484,0.7685412567779659,0.030943406123746093
186,8,LMM-1,7,9.392857142857142,1.218218421486467,18.785714285714285,2.436436842972934,0.7274080402067432,0.04773691847133531
186,8,LMM-2,7,8.071428571428571,0.9586475379621107,16.142857142857142,1.9172950759242213,0.7430551767068982,0.03609331279373967
187,2,LMM-1,7,12.285714285714286,0.45175395145262565,24.571428571428573,0.9035079029052513,0.9079879712401299,0.006199877162644467
187,2,LMM-2,7,9.142857142857142,2.9364006844420665,18.285714285714285,5.872801368884133,0.9277151052302121,0.028317216580317186
187,3,LMM-1,7,11.95238095238095,0.45175395145262565,23.9047619047619,0.9035079029052513,0.8677873939795765,0.008877844710475499
187,3,LMM-2,7,8.952380952380953,2.7105237087157534,17.904761904761905,5.421047417431507,0.8950041246004075,0.03893519960766186
187,4,LMM-1,7,11.785714285714286,0.45175395145262565,23.571428571428573,0.9035079029052513,0.8293763155696985,0.011300104280044552
187,4,LMM-2,7,8.857142857142858,2.597585220852597,17.714285714285715,5.195170441705194,0.8635880206173471,0.04889894979711663
187,5,LMM-1,7,11.314285714285715,0.4997958767010256,22.62857142857143,0.9995917534020512,0.7950237881499399,0.01701969443854498
187,5,LMM-2,7,8.6,2.033996769206593,17.2,4.067993538413186,0.832284222709975,0.04749092542501872
187,6,LMM-1,7,10.904761904761903,0.6537871532259988,21.809523809523807,1.3075743064519976,0.7644390392406332,0.02214973293940789
187,6,LMM-2,7,8.190476190476192,2.0323349840831715,16.380952380952383,4.064669968166343,0.8083848859404189,0.054601617709352
187,7,LMM-1,7,10.530612244897961,0.8249544053635809,21.061224489795922,1.6499088107271618,0.7352755149825242,0.030385630356173022
187,7,LMM-2,7,7.877551020408164,1.849164292257028,15.755102040816327,3.698328584514056,0.783166227519367,0.0568858084708015
187,8,LMM-1,7,10.142857142857142,0.8222046023729527,20.285714285714285,1.6444092047459054,0.7101805247235234,0.034597808831672794
187,8,LMM-2,7,7.678571428571429,1.6513754316709846,15.357142857142858,3.302750863341969,0.7574666471227198,0.05576893748675658
188,2,LMM-1,7,11.357142857142858,1.7053337694733317,22.714285714285715,3.4106675389466634,0.8907311719722377,0.025993816644183106
188,2,LMM-2,7,10.357142857142858,2.9846546308251685,20.714285714285715,5.969309261650337,0.8975364882301291,0.038530885902811875
188,3,LMM-1,7,11.142857142857142,1.7261494247992246,22.285714285714285,3.4522988495984492,0.8405821995580142,0.03469811781143843
188,3,LMM-2,7,10.333333333333332,2.4944382578492945,20.666666666666664,4.988876515698589,0.8486645802343554,0.044259348512060294
188,4,LMM-1,7,11.107142857142858,1.7670452681218545,22.214285714285715,3.534090536243709,0.7928457168191644,0.044256667666273376
188,4,LMM-2,7,10.107142857142858,2.5314350209527645,20.214285714285715,5.062870041905529,0.8072390378535227,0.05629226313646748
188,5,LMM-1,7,11.0,1.703777316100066,22.0,3.407554632200132,0.7490088228664161,0.04959588737214921
188,5,LMM-2,7,10.0,2.4957106059339953,20.0,4.991421211867991,0.7677138622060108,0.06445921269741411
188,6,LMM-1,7,10.88095238095238,1.7922104063389348,21.76190476190476,3.5844208126778696,0.7123666712538599,0.05691821758005554
188,6,LMM-2,7,9.595238095238097,2.5195381644972703,19.190476190476193,5.039076328994541,0.7388191266947278,0.07325074786309212
188,7,LMM-1,7,10.857142857142858,1.8782163860969041,21.714285714285715,3.7564327721938082,0.67152467279272,0.0658563579389725
188,7,LMM-2,7,9.714285714285714,2.587252896610691,19.428571428571427,5.174505793221382,0.6981550231985507,0.08275995497927509
188,8,LMM-1,7,10.857142857142858,1.7733500523481722,21.714285714285715,3.5467001046963444,0.6361908399819395,0.06690232685131967
188,8,LMM-2,7,9.517857142857142,2.462602945118462,19.035714285714285,4.925205890236924,0.6693554107386258,0.08561751442411616
189,2,LMM-1,7,11.928571428571429,1.6993396076243312,23.857142857142858,3.3986792152486625,0.9031058686580069,0.020374164899774158
189,2,LMM-2,7,10.214285714285714,0.9948848769417228,20.428571428571427,1.9897697538834456,0.9115978119740287,0.014557073962631636
189,3,LMM-1,7,11.523809523809524,1.4998110236212976,23.047619047619047,2.999622047242595,0.8606653960946958,0.028355057458593867
189,3,LMM-2,7,10.523809523809524,1.0669217382099085,21.047619047619047,2.133843476419817,0.8672560230450571,0.020336541163996972
189,4,LMM-1,7,11.464285714285714,1.5319721849662298,22.928571428571427,3.0639443699324596,0.8157824809951352,0.03548229875630823
189,4,LMM-2,7,10.214285714285714,1.0038192373253711,20.428571428571427,2.0076384746507423,0.8271750153700242,0.02384502593804447
189,5,LMM-1,7,11.37142857142857,1.8187234814673772,22.74285714285714,3.6374469629347543,0.7700183571669632,0.05089359728673105
189,5,LMM-2,7,10.285714285714286,0.9187391537607728,20.571428571428573,1.8374783075215455,0.7804829536064928,0.03021750634948811
189,6,LMM-1,7,11.404761904761903,1.9290122952884852,22.809523809523807,3.8580245905769703,0.7285567237000266,0.05913093892125232
189,6,LMM-2,7,10.166666666666668,1.0653265391046232,20.333333333333336,2.1306530782092463,0.7428029081236291,0.03660025389955496
189,7,LMM-1,7,11.346938775510205,2.1035263227306324,22.69387755102041,4.207052645461265,0.6901332643543088,0.0706410914082126
189,7,LMM-2,7,10.0,1.2547286652195426,20.0,2.5094573304390853,0.7075372757799389,0.0466078130209697
189,8,LMM-1,7,11.303571428571429,2.2148616762448077,22.607142857142858,4.429723352489615,0.6528636975664771,0.08042113958963061
189,8,LMM-2,7,9.857142857142858,1.4148898421100218,19.714285714285715,2.8297796842200436,0.6735636252593545,0.05613759901935845
190,2,LMM-1,7,14.714285714285714,3.2166657854850578,29.428571428571427,6.4333315709701155,0.8606401861231936,0.035945320458380524
190,2,LMM-2,7,9.714285714285714,3.2166657854850578,19.428571428571427,6.4333315709701155,0.9053863347910338,0.03922268698638124
190,3,LMM-1,7,14.285714285714286,3.1341871756008257,28.571428571428573,6.268374351201651,0.8029531270442353,0.0465024225232777
190,3,LMM-2,7,10.285714285714286,1.979486637221574,20.571428571428573,3.958973274443148,0.8501463585987535,0.03342191525578884
190,4,LMM-1,7,13.785714285714286,2.864276807966203,27.571428571428573,5.728553615932406,0.763002569298363,0.052208888435130274
190,4,LMM-2,7,10.0,1.6636878141217308,20.0,3.3273756282434617,0.8183624768853652,0.0341660616600217
190,5,LMM-1,7,13.685714285714285,2.6851063141647384,27.37142857142857,5.370212628329477,0.7156019134218375,0.05892120403487895
190,5,LMM-2,7,9.657142857142857,1.7261494247992244,19.314285714285713,3.452298849598449,0.7869444016276017,0.044412567476394126
190,6,LMM-1,7,13.380952380952381,2.648321249806539,26.761904761904763,5.296642499613078,0.675530950694554,0.0657457024761945
190,6,LMM-2,7,9.19047619047619,1.8504151645452809,18.38095238095238,3.7008303290905618,0.7616737383646031,0.054991644191396176
190,7,LMM-1,7,13.122448979591837,2.6698058712674335,26.244897959183675,5.339611742534867,0.6389619250989121,0.07333881311396119
190,7,LMM-2,7,9.26530612244898,1.963854975301128,18.53061224489796,3.927709950602256,0.7236454593797669,0.06482636998339154
190,8,LMM-1,7,12.839285714285714,2.6598152843644565,25.678571428571427,5.319630568728913,0.6080284381638946,0.07542553394569113
190,8,LMM-2,7,8.892857142857142,2.0749661910203625,17.785714285714285,4.149932382040725,0.7044483322616202,0.07144322853836994
191,2,LMM-1,7,11.571428571428571,1.7408653724219916,23.142857142857142,3.481730744843983,0.9044184532782221,0.020343656016375698
191,2,LMM-2,7,8.428571428571429,0.4948716593053935,16.857142857142858,0.989743318610787,0.9291039823838464,0.005872904069047504
191,3,LMM-1,7,10.904761904761907,1.3768411709334247,21.809523809523814,2.7536823418668495,0.8667454456709055,0.022863435113743447
191,3,LMM-2,7,8.523809523809524,0.3926767262493007,17.047619047619047,0.7853534524986014,0.8940824703906678,0.007184826961546053
191,4,LMM-1,7,10.464285714285714,1.2494896917525644,20.928571428571427,2.498979383505129,0.832576863232645,0.026395244136382848
191,4,LMM-2,7,8.321428571428571,0.1749635530559413,16.642857142857142,0.3499271061118826,0.8626324059212325,0.00783176516370296
191,5,LMM-1,7,10.200000000000001,1.105828713163636,20.400000000000002,2.211657426327272,0.7971355527233622,0.03036283308508493
191,5,LMM-2,7,8.342857142857143,0.3331972511340172,16.685714285714287,0.6663945022680344,0.8273748093497062,0.012404840486319459
191,6,LMM-1,7,9.952380952380953,1.0067797386602841,19.904761904761905,2.0135594773205683,0.7660305428003407,0.03220436867143106
191,6,LMM-2,7,8.190476190476192,0.3011693009684174,16.380952380952383,0.6023386019368347,0.7957880149571587,0.013323378019950151
191,7,LMM-1,7,9.795918367346939,1.2190354712708633,19.591836734693878,2.4380709425417266,0.7340949324014435,0.04015590632858358
191,7,LMM-2,7,8.183673469387754,0.4019941959916776,16.36734693877551,0.8039883919833553,0.7638268447708764,0.017141255998889576
191,8,LMM-1,7,9.696428571428571,1.3690734987201962,19.392857142857142,2.7381469974403925,0.7028730613930636,0.048281405495171174
191,8,LMM-2,7,8.196428571428571,0.5933302759227196,16.392857142857142,1.1866605518454392,0.7317286635001812,0.022868858832191266
192,2,LMM-1,7,19.285714285714285,1.1293848786315641,38.57142857142857,2.2587697572631282,0.8404283221394522,0.009129967688491362
192,2,LMM-2,7,7.0,0.0,14.0,0.0,0.9497810466238281,0.0
192,3,LMM-1,7,18.857142857142858,0.7529232524210416,37.714285714285715,1.5058465048420833,0.7704217586546943,0.008369453500950566
192,3,LMM-2,7,7.666666666666667,0.0,15.333333333333334,0.0,0.9081468411015131,0.0
192,4,LMM-1,7,18.535714285714285,0.6604729288895332,37.07142857142857,1.3209458577790665,0.7008170995219357,0.013176302187141015
192,4,LMM-2,7,8.464285714285714,1.4846149779161806,16.928571428571427,2.969229955832361,0.8515402122405513,0.03384187332975261
192,5,LMM-1,7,18.142857142857142,0.6114552731152209,36.285714285714285,1.2229105462304417,0.6450622677134901,0.01294121042040494
192,5,LMM-2,7,8.428571428571429,0.19794866372215758,16.857142857142858,0.39589732744431516,0.8138649841460985,0.008664570000314262
192,6,LMM-1,7,17.88095238095238,0.5822390124113083,35.76190476190476,1.1644780248226165,0.5896626749388189,0.01450089143510221
192,6,LMM-2,7,9.45238095238095,0.24743582965269675,18.9047619047619,0.4948716593053935,0.746516172985337,0.011524218373428182
192,7,LMM-1,7,17.489795918367346,0.7238427694272734,34.97959183673469,1.4476855388545469,0.544868206728432,0.015276126439053055
192,7,LMM-2,7,10.102040816326532,0.2120878539880259,20.204081632653065,0.4241757079760518,0.6904421924396617,0.010548816059185593
192,8,LMM-1,7,17.303571428571427,0.6333624232488643,34.607142857142854,1.2667248464977285,0.5015125041432317,0.014878156285512737
192,8,LMM-2,7,10.589285714285714,0.18557687223952257,21.178571428571427,0.37115374447904514,0.6376908195504184,0.010780112526880405
193,2,LMM-1,7,12.857142857142858,1.2453996981544782,25.714285714285715,2.4907993963089563,0.8855172864589139,0.018581476344030994
193,2,LMM-2,7,11.142857142857142,2.5314350209527645,22.285714285714285,5.062870041905529,0.8922699445196074,0.029719188661268534
193,3,LMM-1,7,12.047619047619047,1.1741740958036149,24.095238095238095,2.3483481916072297,0.8422782971883943,0.022034270750405323
193,3,LMM-2,7,10.285714285714286,1.7944232077539783,20.571428571428573,3.5888464155079567,0.8536168967693804,0.02960990964783678
193,4,LMM-1,7,11.892857142857142,1.3420210162897097,23.785714285714285,2.6840420325794194,0.7977832338019285,0.030998391524709967
193,4,LMM-2,7,10.071428571428571,1.9351738834491523,20.142857142857142,3.8703477668983046,0.8138012190830247,0.040792337133919124
193,5,LMM-1,7,11.571428571428571,1.275835060672349,23.142857142857142,2.551670121344698,0.7614464109325237,0.033850550089998474
193,5,LMM-2,7,9.942857142857141,1.616749068662298,19.885714285714283,3.233498137324596,0.7767614493063959,0.04066580058975939
193,6,LMM-1,7,11.619047619047619,1.3560981777045849,23.238095238095237,2.7121963554091697,0.7175649881681027,0.041914876491627444
193,6,LMM-2,7,10.166666666666668,1.6281258092646438,20.333333333333336,3.2562516185292876,0.7302630728754306,0.048074725628934785
193,7,LMM-1,7,11.489795918367347,1.564655427108796,22.979591836734695,3.129310854217592,0.680414382003346,0.052438216644947314
193,7,LMM-2,7,10.020408163265305,1.7767999069125646,20.04081632653061,3.5535998138251292,0.6947939313496335,0.0576215412287884
193,8,LMM-1,7,11.321428571428571,1.4092442612106326,22.642857142857142,2.8184885224212652,0.6486955008843197,0.05143437786838483
193,8,LMM-2,7,9.785714285714286,1.5877801857837082,19.571428571428573,3.1755603715674163,0.6666134770164602,0.05641993665143878
194,2,LMM-1,7,10.785714285714286,1.6872874015739594,21.571428571428573,3.374574803147919,0.9039683006861063,0.025781321561505872
194,2,LMM-2,7,7.5,1.1019463300386794,15.0,2.2038926600773587,0.9297418081455259,0.017601661618633736
194,3,LMM-1,7,10.380952380952381,1.5678169174432695,20.761904761904763,3.135633834886539,0.8718665353128879,0.029472478863915443
194,3,LMM-2,7,7.476190476190475,0.85183541999992,14.95238095238095,1.70367083999984,0.9037514272450513,0.015559322504531174
194,4,LMM-1,7,10.107142857142858,1.6358546415141124,20.214285714285715,3.271709283028225,0.8379469022211451,0.03512926410147494
194,4,LMM-2,7,7.428571428571429,0.809698860625331,14.857142857142858,1.619397721250662,0.876137060682708,0.016998963953507775
194,5,LMM-1,7,9.799999999999999,1.6457738084473907,19.599999999999998,3.2915476168947815,0.8069730588936086,0.041857125538745064
194,5,LMM-2,7,7.285714285714286,0.8998866141727783,14.571428571428571,1.7997732283455565,0.8482208901157133,0.020853159502866397
194,6,LMM-1,7,9.547619047619047,1.5954157683572339,19.095238095238095,3.1908315367144677,0.776750045225317,0.046587564095198354
194,6,LMM-2,7,7.190476190476191,0.9319231328943297,14.380952380952381,1.8638462657886594,0.8205380966498745,0.027043785197009805
194,7,LMM-1,7,9.306122448979592,1.546987237407937,18.612244897959183,3.093974474815874,0.750276010847787,0.04991073930142516
194,7,LMM-2,7,7.081632653061225,0.9158696192782397,14.16326530612245,1.8317392385564795,0.795781340185331,0.028355262085858257
194,8,LMM-1,7,9.053571428571429,1.5042456920466205,18.107142857142858,3.008491384093241,0.7243393364471242,0.054236035575624446
194,8,LMM-2,7,6.946428571428571,0.8784552768749174,13.892857142857142,1.7569105537498348,0.7701808946304708,0.031059430551833675
195,2,LMM-1,7,11.214285714285714,2.152359881902766,22.428571428571427,4.304719763805532,0.9082341453481588,0.03390812964799703
195,2,LMM-2,7,9.142857142857142,2.2154374884672605,18.285714285714285,4.430874976934521,0.9209520304984051,0.03340926090087307
195,3,LMM-1,7,11.142857142857142,2.0381842437173994,22.285714285714285,4.076368487434799,0.8656090758548259,0.04066406400373314
195,3,LMM-2,7,8.904761904761905,1.6970028267814725,17.80952380952381,3.394005653562945,0.8866176443102837,0.03348433465491145
195,4,LMM-1,7,11.107142857142858,2.1291226515412687,22.214285714285715,4.258245303082537,0.822431443502288,0.0554553660894858
195,4,LMM-2,7,8.964285714285714,1.9059520091609048,17.928571428571427,3.8119040183218096,0.8468068087666414,0.049490373542444246
195,5,LMM-1,7,10.799999999999999,1.8822478962286404,21.599999999999998,3.764495792457281,0.7863566235877465,0.06127558050668628
195,5,LMM-2,7,8.657142857142857,1.4879104647190327,17.314285714285713,2.9758209294380653,0.8153205001913707,0.04839679771823493
195,6,LMM-1,7,10.69047619047619,1.789361355052946,21.38095238095238,3.578722710105892,0.748320770597316,0.06437347559713276
195,6,LMM-2,7,8.571428571428571,1.3594383260590668,17.142857142857142,2.7188766521181336,0.7808346880726387,0.049583923277708004
195,7,LMM-1,7,10.612244897959185,1.752489750288041,21.22448979591837,3.504979500576082,0.7091445771500171,0.06925300558296918
195,7,LMM-2,7,8.591836734693878,1.4756104067367528,17.183673469387756,2.9512208134735056,0.7434125086492116,0.058279917845590265
195,8,LMM-1,7,10.285714285714286,1.796219101675653,20.571428571428573,3.592438203351306,0.6836376710545535,0.07515341353506612
195,8,LMM-2,7,8.232142857142858,1.299774313219846,16.464285714285715,2.599548626439692,0.723339808233705,0.05689449336149298
196,2,LMM-1,7,15.285714285714286,2.813959371941744,30.571428571428573,5.627918743883488,0.8572683036754982,0.03331168204286874
196,2,LMM-2,7,9.571428571428571,1.0497813183356477,19.142857142857142,2.0995626366712954,0.9137918853466992,0.013444048185074066
196,3,LMM-1,7,14.952380952380953,2.813959371941745,29.904761904761905,5.62791874388349,0.7956305695271781,0.04665731345026854
196,3,LMM-2,7,9.285714285714286,0.9331389496316866,18.571428571428573,1.8662778992633733,0.8743539395981238,0.017432277222354735
196,4,LMM-1,7,15.071428571428571,3.348011898645133,30.142857142857142,6.696023797290266,0.7318352015535661,0.0670083786676086
196,4,LMM-2,7,8.892857142857142,0.8748177652797064,17.785714285714285,1.749635530559413,0.8390501539770417,0.021156923768802575
196,5,LMM-1,7,14.714285714285714,3.238795442501324,29.428571428571427,6.477590885002648,0.6820372908526237,0.07615819416680097
196,5,LMM-2,7,9.028571428571428,1.2440880604044138,18.057142857142857,2.4881761208088276,0.795573427420537,0.03530001463628651
196,6,LMM-1,7,14.476190476190478,3.166577155913581,28.952380952380956,6.333154311827162,0.6358846334492292,0.0839426308828787
196,6,LMM-2,7,8.809523809523808,1.1458294681443773,17.619047619047617,2.2916589362887545,0.7637409428877505,0.037840941545863226
196,7,LMM-1,7,14.306122448979592,3.1153046184077597,28.612244897959183,6.2306092368155195,0.5927498423449951,0.09044770121193328
196,7,LMM-2,7,8.959183673469386,1.326373617083422,17.918367346938773,2.652747234166844,0.7226893127258498,0.04810954545561793
196,8,LMM-1,7,14.321428571428571,3.348011898645133,28.642857142857142,6.696023797290266,0.5493135357633381,0.1021578461815192
196,8,LMM-2,7,8.696428571428571,1.1986918890598866,17.392857142857142,2.397383778119773,0.6958824029761654,0.04798288623138592
197,2,LMM-1,7,11.285714285714286,2.084931359903775,22.571428571428573,4.16986271980755,0.9009366512023991,0.025978913245248494
197,2,LMM-2,7,8.857142857142858,1.4568627181693672,17.714285714285715,2.9137254363387344,0.918389005732075,0.020992799383033958
197,3,LMM-1,7,11.095238095238097,2.013559477320569,22.190476190476193,4.027118954641138,0.8590373294222076,0.03492162975151958
197,3,LMM-2,7,8.619047619047619,1.547435886597326,17.238095238095237,3.094871773194652,0.8832266919096876,0.031848224397166586
197,4,LMM-1,7,10.714285714285714,2.0196736450855273,21.428571428571427,4.0393472901710545,0.8203460113809842,0.041342913278659806
197,4,LMM-2,7,8.607142857142858,1.6083328927425289,17.214285714285715,3.2166657854850578,0.8489024191227637,0.040211607700566386
197,5,LMM-1,7,10.828571428571427,1.9695643359558952,21.657142857142855,3.9391286719117904,0.7735330298107217,0.04836206385126969
197,5,LMM-2,7,8.542857142857143,1.668923641886884,17.085714285714285,3.337847283773768,0.8104215263924207,0.0475380486745952
197,6,LMM-1,7,10.571428571428571,1.7969487870584009,21.142857142857142,3.5938975741168018,0.7429057180906122,0.049352190132736624
197,6,LMM-2,7,8.190476190476192,1.6242912286486229,16.380952380952383,3.2485824572972457,0.7870931566796521,0.05083688597748985
197,7,LMM-1,7,10.224489795918368,1.742718533894628,20.448979591836736,3.485437067789256,0.7171432079671698,0.05177187313387808
197,7,LMM-2,7,7.877551020408164,1.5582538096996796,15.755102040816327,3.1165076193993593,0.7656952445399551,0.05440734772881547
197,8,LMM-1,7,10.142857142857142,1.710561430689721,20.285714285714285,3.421122861379442,0.6854749386020483,0.05360363565697517
197,8,LMM-2,7,7.857142857142857,1.7131692793159223,15.714285714285714,3.4263385586318447,0.7379746336521766,0.06009052747127404
198,2,LMM-1,7,10.571428571428571,0.4164965639175215,21.142857142857142,0.832993127835043,0.9157555914016008,0.00608876920860949
198,2,LMM-2,7,7.642857142857143,1.0926470386270253,15.285714285714286,2.1852940772540506,0.938692851194875,0.013322312105312194
198,3,LMM-1,7,10.904761904761903,0.23328473740792152,21.809523809523807,0.46656947481584304,0.8668775290217422,0.005868057772379004
198,3,LMM-2,7,8.047619047619047,0.6529194857524805,16.095238095238095,1.305838971504961,0.9003122791008289,0.012589932908620958
198,4,LMM-1,7,10.25,0.23145502494313785,20.5,0.4629100498862757,0.8339361087477214,0.008242218235625803
198,4,LMM-2,7,7.892857142857143,0.41954786158824037,15.785714285714286,0.8390957231764807,0.8705653885841124,0.013454052838108915
198,5,LMM-1,7,9.971428571428572,0.29137254363387294,19.942857142857143,0.5827450872677459,0.8000792890047309,0.01168135745842552
198,5,LMM-2,7,7.828571428571428,0.4333071682315168,15.657142857142857,0.8666143364630337,0.8384888352192572,0.014934233320472912
198,6,LMM-1,7,9.523809523809524,0.3011693009684168,19.047619047619047,0.6023386019368336,0.7712092894419049,0.013452455547763722
198,6,LMM-2,7,7.714285714285714,0.5016977977548924,15.428571428571429,1.0033955955097849,0.8122423195926627,0.019652680665458232
198,7,LMM-1,7,9.285714285714286,0.5663035479800654,18.571428571428573,1.1326070959601309,0.7411828319303178,0.025090018582509144
198,7,LMM-2,7,7.714285714285714,0.596393436579692,15.428571428571429,1.192786873159384,0.7811868698982087,0.02842741193007938
198,8,LMM-1,7,9.375,0.5976143046671968,18.75,1.1952286093343936,0.699726580735943,0.029064765944997187
198,8,LMM-2,7,7.839285714285714,0.6934459942481286,15.678571428571429,1.3868919884962572,0.739898613896855,0.03296918577113556
199,2,LMM-1,7,12.642857142857142,1.4568627181693672,25.285714285714285,2.9137254363387344,0.8932621937033292,0.020602288218993743
199,2,LMM-2,7,11.0,1.8322507626258087,22.0,3.6645015252516173,0.900524607223207,0.024058929750611722
199,3,LMM-1,7,12.61904761904762,1.4952684255340554,25.23809523809524,2.9905368510681107,0.8483474725329471,0.02818433262904856
199,3,LMM-2,7,11.0,1.6426846010152707,22.0,3.2853692020305414,0.8558848740995753,0.024991034814501902
199,4,LMM-1,7,12.464285714285714,1.4603605928757766,24.928571428571427,2.920721185751553,0.8066936258716643,0.034556969636961025
199,4,LMM-2,7,11.071428571428571,1.2936264483053452,22.142857142857142,2.5872528966106905,0.8122762027432858,0.025441224845034128
199,5,LMM-1,7,12.314285714285715,1.6207833832780383,24.62857142857143,3.2415667665560766,0.7591939685165494,0.04784602275789269
199,5,LMM-2,7,10.885714285714286,1.3973736297871409,21.771428571428572,2.7947472595742817,0.7668725839109959,0.03679980253100163
199,6,LMM-1,7,12.119047619047619,1.5499981713104565,24.238095238095237,3.099996342620913,0.720882151352966,0.05095481483962771
199,6,LMM-2,7,10.642857142857142,1.3493930776480718,21.285714285714285,2.6987861552961436,0.7316956972857029,0.0401142447676179
199,7,LMM-1,7,12.0,1.5348241368949525,24.0,3.069648273789905,0.6833067089880313,0.05744081006786881
199,7,LMM-2,7,10.551020408163266,1.2603589923791434,21.102040816326532,2.520717984758287,0.6931647724127032,0.04166401304507053
199,8,LMM-1,7,11.785714285714286,1.53633708301696,23.571428571428573,3.07267416603392,0.651604363354718,0.05950696884837675
199,8,LMM-2,7,10.357142857142858,1.2980558460990177,20.714285714285715,2.5961116921980354,0.6615838545366142,0.044795970801860145
200,2,LMM-1,7,9.857142857142858,1.124858267715973,19.714285714285715,2.249716535431946,0.9091219525297444,0.017731138455792196
200,2,LMM-2,7,7.142857142857143,1.0926470386270253,14.285714285714286,2.1852940772540506,0.9290999809020696,0.01367031144599114
200,3,LMM-1,7,10.333333333333332,0.5345224838248489,20.666666666666664,1.0690449676496978,0.8611597722585567,0.017415301685364506
200,3,LMM-2,7,7.6190476190476195,0.764875162105191,15.238095238095239,1.529750324210382,0.8896880174016552,0.013147947305887753
200,4,LMM-1,7,10.0,1.0177004891982149,20.0,2.0354009783964297,0.8228943919860311,0.029149591809020478
200,4,LMM-2,7,7.428571428571429,0.9884537502212891,14.857142857142858,1.9769075004425782,0.8570445808866858,0.0214084791718956
200,5,LMM-1,7,9.657142857142857,1.2860317068487885,19.314285714285713,2.572063413697577,0.7900773227086856,0.03894485875707137
200,5,LMM-2,7,7.3999999999999995,1.2,14.799999999999999,2.4,0.8234454215147763,0.030010200449978545
200,6,LMM-1,7,9.38095238095238,1.4952684255340556,18.76190476190476,2.990536851068111,0.7596000651718514,0.048075274395866056
200,6,LMM-2,7,7.1190476190476195,1.3964645998681127,14.238095238095239,2.7929291997362253,0.7987892383545948,0.03876993317896738
200,7,LMM-1,7,9.306122448979592,1.3475570627934026,18.612244897959183,2.695114125586805,0.7289494917750818,0.048603288267032516
200,7,LMM-2,7,7.020408163265306,1.1815603939698063,14.040816326530612,2.3631207879396126,0.7738904848514835,0.035627870786102814
200,8,LMM-1,7,9.035714285714286,1.385051387833237,18.071428571428573,2.770102775666474,0.704978442825482,0.05351360096826862
200,8,LMM-2,7,6.821428571428571,0.9974457174120672,13.642857142857142,1.9948914348241344,0.7527127884456168,0.03268793255850231
201,2,LMM-1,7,10.285714285714286,1.6444092047459054,20.571428571428573,3.2888184094918107,0.9120809516723467,0.02335438982391241
201,2,LMM-2,7,7.642857142857143,0.3499271061118826,15.285714285714286,0.6998542122237652,0.9319052918166902,0.01044467391237996
201,3,LMM-1,7,9.857142857142858,1.5822140691272522,19.714285714285715,3.1644281382545043,0.8720151068413328,0.030512290628725465
201,3,LMM-2,7,7.523809523809524,0.5302632726504781,15.047619047619047,1.0605265453009562,0.8997634689415838,0.00940697818536546
201,4,LMM-1,7,9.678571428571429,1.5160703769136517,19.357142857142858,3.0321407538273033,0.8379582795805095,0.03618772683788137
201,4,LMM-2,7,7.357142857142857,0.6102859818083951,14.714285714285714,1.2205719636167902,0.8714851542652218,0.012479475999339447
201,5,LMM-1,7,9.457142857142857,1.6025489899863037,18.914285714285715,3.2050979799726074,0.8061038831017964,0.04435111465583917
201,5,LMM-2,7,7.3999999999999995,0.3999999999999998,14.799999999999999,0.7999999999999996,0.8406983140154275,0.013659533769464624
201,6,LMM-1,7,9.261904761904761,1.613084255805174,18.523809523809522,3.226168511610348,0.7764241440164972,0.049367442568167795
201,6,LMM-2,7,7.476190476190475,0.3011693009684169,14.95238095238095,0.6023386019368338,0.8098404790238657,0.015811160039505015
201,7,LMM-1,7,9.061224489795919,1.6249819785628066,18.122448979591837,3.249963957125613,0.7487184735909621,0.05546824606832564
201,7,LMM-2,7,7.285714285714286,0.34992710611188266,14.571428571428571,0.6998542122237653,0.786466453734558,0.013764842956440038
201,8,LMM-1,7,8.892857142857142,1.6895537389306958,17.785714285714285,3.3791074778613917,0.7208531836666277,0.06388854813164051
201,8,LMM-2,7,7.392857142857143,0.3976974544878587,14.785714285714286,0.7953949089757174,0.7538430779410364,0.017950309056113972
202,2,LMM-1,7,17.0,2.449489742783178,34.0,4.898979485566356,0.853703874599982,0.02626533023490552
202,2,LMM-2,7,12.571428571428571,3.9227229193559947,25.142857142857142,7.845445838711989,0.8884611539837096,0.04150016027910939
202,3,LMM-1,7,16.666666666666668,2.4494897427831788,33.333333333333336,4.8989794855663575,0.7926780772902882,0.03674257997720107
202,3,LMM-2,7,12.428571428571429,3.723431962347545,24.857142857142858,7.44686392469509,0.8391163758409588,0.05661319319353579
202,4,LMM-1,7,16.5,2.449489742783178,33.0,4.898979485566356,0.7348070731319645,0.04560789532927228
202,4,LMM-2,7,12.107142857142858,3.881865215462846,24.214285714285715,7.763730430925692,0.7960040420456396,0.07516538791092588
202,5,LMM-1,7,16.285714285714285,2.4233557438445743,32.57142857142857,4.846711487689149,0.6817384496219424,0.05286469373718739
202,5,LMM-2,7,12.057142857142855,3.4586773454012496,24.11428571428571,6.917354690802499,0.7502214243527529,0.08039434528291446
202,6,LMM-1,7,16.071428571428573,2.4264696787804327,32.142857142857146,4.8529393575608655,0.6350610569546866,0.05939231168273359
202,6,LMM-2,7,11.976190476190476,3.2883012590193172,23.952380952380953,6.5766025180386345,0.7094202263611384,0.08826444538496808
202,7,LMM-1,7,15.83673469387755,2.417656831817705,31.6734693877551,4.83531366363541,0.5918348368283107,0.06491347003526265
202,7,LMM-2,7,11.836734693877549,3.0471786610874037,23.673469387755098,6.094357322174807,0.6707795844988347,0.09143439744724424
202,8,LMM-1,7,15.625,2.305854350498809,31.25,4.611708700997618,0.5505271635521088,0.06651310010797454
202,8,LMM-2,7,11.589285714285714,2.954048588162437,23.178571428571427,5.908097176324874,0.6367599510066645,0.09760062129699267
203,2,LMM-1,7,10.857142857142858,0.7889543583705186,21.714285714285715,1.5779087167410373,0.9159964268363139,0.012318314507129557
203,2,LMM-2,7,9.214285714285714,0.5248906591678238,18.428571428571427,1.0497813183356477,0.9238741259376093,0.008672741549567525
203,3,LMM-1,7,10.428571428571429,0.9035079029052513,20.857142857142858,1.8070158058105026,0.876338000990116,0.0200734985104366
203,3,LMM-2,7,8.952380952380953,0.6281383789653772,17.904761904761905,1.2562767579307543,0.8887089918466221,0.013444256704864146
203,4,LMM-1,7,10.178571428571429,0.9035079029052513,20.357142857142858,1.8070158058105026,0.8410174771069293,0.024098377827943898
203,4,LMM-2,7,8.535714285714286,0.5578749768504753,17.071428571428573,1.1157499537009505,0.8593552132758149,0.014862152877435622
203,5,LMM-1,7,10.0,0.7855844048495724,20.0,1.5711688096991447,0.806187517839923,0.0240795960168422
203,5,LMM-2,7,8.4,0.28284271247461906,16.8,0.5656854249492381,0.8264743000757105,0.009863621259748098
203,6,LMM-1,7,9.880952380952381,0.7544275960835648,19.761904761904763,1.5088551921671296,0.7721858749822522,0.027842940369956125
203,6,LMM-2,7,8.214285714285714,0.36421567954234185,16.428571428571427,0.7284313590846837,0.7969788075397154,0.012897255231306023
203,7,LMM-1,7,9.795918367346939,0.781928329006858,19.591836734693878,1.563856658013716,0.7395828101752594,0.030578149632442844
203,7,LMM-2,7,8.081632653061224,0.2842528219833492,16.163265306122447,0.5685056439666984,0.7702531089638788,0.011473318147899378
203,8,LMM-1,7,9.428571428571429,0.8394756623959398,18.857142857142858,1.6789513247918797,0.7155916820850109,0.034719758559441746
203,8,LMM-2,7,8.035714285714286,0.37627334831616926,16.071428571428573,0.7525466966323385,0.7418016673614171,0.012438833804866807
204,2,LMM-1,7,16.857142857142858,1.8070158058105026,33.714285714285715,3.614031611621005,0.8722859621757612,0.020037525364540926
204,2,LMM-2,7,13.285714285714286,2.710523708715754,26.571428571428573,5.421047417431508,0.8992143237530346,0.022822382550827757
204,3,LMM-1,7,15.857142857142858,1.8070158058105026,31.714285714285715,3.614031611621005,0.8209307749293295,0.028434082315756032
204,3,LMM-2,7,12.666666666666668,2.1081851067789192,25.333333333333336,4.2163702135578385,0.8548762319540792,0.025946208985627793
204,4,LMM-1,7,14.5,1.6743868813901488,29.0,3.3487737627802976,0.7797144581709671,0.0337691596739166
204,4,LMM-2,7,11.75,1.742330131092924,23.5,3.484660262185848,0.821491079929659,0.028242871576451556
204,5,LMM-1,7,13.542857142857143,1.548139106759322,27.085714285714285,3.096278213518644,0.7437969394481897,0.040805549778240455
204,5,LMM-2,7,11.171428571428569,1.626314225229452,22.342857142857138,3.252628450458904,0.7898802215633314,0.03187636495608112
204,6,LMM-1,7,12.904761904761903,1.5656459259784377,25.809523809523807,3.1312918519568753,0.7067992408345907,0.04396636319131763
204,6,LMM-2,7,10.952380952380953,1.3764293745518694,21.904761904761905,2.752858749103739,0.7515205419928852,0.03408634880729818
204,7,LMM-1,7,12.204081632653061,1.4862972617169898,24.408163265306122,2.9725945234339797,0.682236813698333,0.047822587103845814
204,7,LMM-2,7,10.346938775510205,1.2427214161337412,20.69387755102041,2.4854428322674824,0.7244832570320587,0.03461560494239483
204,8,LMM-1,7,12.178571428571429,1.9637986409102173,24.357142857142858,3.9275972818204345,0.6394181839168526,0.06663669509428931
204,8,LMM-2,7,10.625,1.502973243750058,21.25,3.005946487500116,0.678227573718791,0.04812160018804283
205,2,LMM-1,7,9.285714285714286,0.8390957231764807,18.571428571428573,1.6781914463529615,0.9239981859048889,0.011425830885322443
205,2,LMM-2,7,8.357142857142858,0.5802884574739972,16.714285714285715,1.1605769149479943,0.9280046625870352,0.009686049969149771
205,3,LMM-1,7,9.142857142857142,0.888321814579887,18.285714285714285,1.776643629159774,0.8898830295440526,0.015845294448375628
205,3,LMM-2,7,8.80952380952381,0.3499271061118825,17.61904761904762,0.699854212223765,0.8867843160789398,0.008131572007595445
205,4,LMM-1,7,9.142857142857142,0.8748177652797064,18.285714285714285,1.749635530559413,0.8553335113239451,0.021041566664564693
205,4,LMM-2,7,8.821428571428571,0.25753937681885636,17.642857142857142,0.5150787536377127,0.8510399802804555,0.009102422119628096
205,5,LMM-1,7,8.914285714285715,0.9493284414763515,17.82857142857143,1.898656882952703,0.8240738657253109,0.028707691596314377
205,5,LMM-2,7,8.514285714285714,0.25872528966106917,17.02857142857143,0.5174505793221383,0.8204768341234819,0.014048946528269886
205,6,LMM-1,7,8.761904761904763,1.0033955955097849,17.523809523809526,2.0067911910195697,0.7933643649117348,0.03665610580771227
205,6,LMM-2,7,8.19047619047619,0.43120881610178163,16.38095238095238,0.8624176322035633,0.7922435528278758,0.023655000908034195
205,7,LMM-1,7,8.775510204081632,0.842933731757689,17.551020408163264,1.685867463515378,0.7606715455178226,0.033930265562039215
205,7,LMM-2,7,8.040816326530612,0.40918240113802923,16.081632653061224,0.8183648022760585,0.7628714827265243,0.02317379274900396
205,8,LMM-1,7,8.607142857142858,0.8949974347244049,17.214285714285715,1.7899948694488097,0.7341677648855022,0.04125872195662881
205,8,LMM-2,7,7.821428571428571,0.5038119992737816,15.642857142857142,1.0076239985475632,0.7363143127407723,0.030165255820150234
206,2,LMM-1,7,16.642857142857142,2.294625486315573,33.285714285714285,4.589250972631146,0.8421947884979263,0.024003915609848284
206,2,LMM-2,7,10.071428571428571,1.0497813183356477,20.142857142857142,2.0995626366712954,0.9035007986484827,0.012660713344785425
206,3,LMM-1,7,16.38095238095238,2.339641618388237,32.76190476190476,4.679283236776474,0.7766632039177139,0.03403501542977691
206,3,LMM-2,7,10.761904761904763,1.3997084244475306,21.523809523809526,2.7994168488950613,0.8469899274868948,0.024072425344581483
206,4,LMM-1,7,16.535714285714285,2.312344865176949,33.07142857142857,4.624689730353898,0.7100837802008161,0.04177477331609107
206,4,LMM-2,7,9.821428571428571,1.0497813183356477,19.642857142857142,2.0995626366712954,0.8195066047805766,0.023291317786393772
206,5,LMM-1,7,16.285714285714285,2.312344865176949,32.57142857142857,4.624689730353898,0.6575509658832555,0.04843976307135662
206,5,LMM-2,7,9.257142857142856,0.839825054668518,18.514285714285712,1.679650109337036,0.7947195357747775,0.022586840851321434
206,6,LMM-1,7,16.238095238095237,2.3005471103202213,32.476190476190474,4.601094220640443,0.603941217096301,0.05408684439762685
206,6,LMM-2,7,8.714285714285714,0.6998542122237652,17.428571428571427,1.3997084244475304,0.7721306876476548,0.021944839875260642
206,7,LMM-1,7,16.06122448979592,2.300788485529188,32.12244897959184,4.601576971058376,0.556630383446128,0.05917309980630057
206,7,LMM-2,7,8.918367346938776,0.8998125585734126,17.836734693877553,1.7996251171468252,0.72791067666574,0.03146745887762745
206,8,LMM-1,7,15.928571428571429,2.305716055938425,31.857142857142858,4.61143211187685,0.512724334004626,0.06346401049827673
206,8,LMM-2,7,9.071428571428571,1.0497813183356477,18.142857142857142,2.0995626366712954,0.6857792523604511,0.04007962911258665
207,2,LMM-1,7,10.357142857142858,1.355261854357877,20.714285714285715,2.710523708715754,0.9172459379783883,0.01316620826456218
207,2,LMM-2,7,8.142857142857142,0.8748177652797064,16.285714285714285,1.749635530559413,0.929064538247981,0.010608781296195257
207,3,LMM-1,7,10.428571428571429,1.3299276232160897,20.857142857142858,2.6598552464321794,0.8771479144950066,0.018179205444920854
207,3,LMM-2,7,8.142857142857142,0.8329931278350428,16.285714285714285,1.6659862556700855,0.8945361201931317,0.01241590345917577
207,4,LMM-1,7,10.25,1.541103500742244,20.5,3.082207001484488,0.8394064772304276,0.027478355160798516
207,4,LMM-2,7,8.214285714285714,0.8496698038121656,16.428571428571427,1.6993396076243312,0.8606583210810468,0.01844135563141523
207,5,LMM-1,7,10.057142857142859,1.5664857327854629,20.114285714285717,3.1329714655709258,0.8038078077826591,0.03224769371348333
207,5,LMM-2,7,7.942857142857142,0.8599952539024236,15.885714285714284,1.7199905078048472,0.8311951362903223,0.021329059610118307
207,6,LMM-1,7,9.904761904761903,1.6710825852730085,19.809523809523807,3.342165170546017,0.7693746445393026,0.0401349294771898
207,6,LMM-2,7,7.738095238095238,0.9793792286287206,15.476190476190476,1.9587584572574412,0.8019485221826994,0.028155660315104348
207,7,LMM-1,7,9.63265306122449,1.6195906023695095,19.26530612244898,3.239181204739019,0.7432549613820462,0.04466824654845614
207,7,LMM-2,7,7.571428571428571,1.0216319192476593,15.142857142857142,2.0432638384953186,0.7751971658824413,0.033676023800248346
207,8,LMM-1,7,9.392857142857142,1.6138747896707148,18.785714285714285,3.2277495793414297,0.7184004722271509,0.04888569868825055
207,8,LMM-2,7,7.375,1.037252552246972,14.75,2.074505104493944,0.7516728188776404,0.03777596944459704
208,2,LMM-1,7,16.428571428571427,1.5219482680473226,32.857142857142854,3.0438965360946453,0.8728838692146361,0.014738263520997427
208,2,LMM-2,7,10.642857142857142,2.517287169529442,21.285714285714285,5.034574339058884,0.9182127787156654,0.023631707703490674
208,3,LMM-1,7,15.952380952380953,1.5163507931514912,31.904761904761905,3.0327015863029825,0.8174732369495809,0.020680968678592423
208,3,LMM-2,7,11.333333333333332,2.390457218668787,22.666666666666664,4.780914437337574,0.866120711080698,0.03239949303647277
208,4,LMM-1,7,15.285714285714286,1.4294640068706785,30.571428571428573,2.858928013741357,0.7690099682343046,0.02519235862247193
208,4,LMM-2,7,11.357142857142858,2.19925775976295,22.714285714285715,4.3985155195259,0.8190898030685042,0.038693465425239416
208,5,LMM-1,7,14.685714285714285,1.3850513878332376,29.37142857142857,2.770102775666475,0.7250882237022729,0.029252804771345505
208,5,LMM-2,7,11.171428571428573,2.104223158802511,22.342857142857145,4.208446317605022,0.776450154887473,0.04470718174168117
208,6,LMM-1,7,14.285714285714286,1.3590212564600326,28.571428571428573,2.718042512920065,0.6837212730485368,0.032817965582476794
208,6,LMM-2,7,11.047619047619047,2.0503857277724746,22.095238095238095,4.100771455544949,0.736128213419036,0.050201765443890295
208,7,LMM-1,7,13.857142857142858,1.3422925430534975,27.714285714285715,2.684585086106995,0.6482106923727163,0.03610615885511095
208,7,LMM-2,7,10.816326530612244,2.0170039347927897,21.632653061224488,4.034007869585579,0.7017309208652318,0.05542506614801784
208,8,LMM-1,7,13.535714285714286,1.3308064917061935,27.071428571428573,2.661612983412387,0.6140945927424525,0.03895701561169476
208,8,LMM-2,7,10.642857142857142,1.9948914348241344,21.285714285714285,3.989782869648269,0.6684949104776493,0.06008382595702688
209,2,LMM-1,7,13.785714285714286,0.45175395145262565,27.571428571428573,0.9035079029052513,0.9006066481821103,0.009163235374902786
209,2,LMM-2,7,9.928571428571429,1.6781914463529615,19.857142857142858,3.356382892705923,0.9276611857037173,0.015564898356074233
209,3,LMM-1,7,13.19047619047619,0.43120881610178174,26.38095238095238,0.8624176322035635,0.8564605677578478,0.012780114707060029
209,3,LMM-2,7,10.095238095238097,1.0497813183356475,20.190476190476193,2.099562636671295,0.8856363302467601,0.014076202682579718
209,4,LMM-1,7,12.785714285714286,0.45175395145262565,25.571428571428573,0.9035079029052513,0.8153836441748433,0.016510693395728932
209,4,LMM-2,7,10.071428571428571,0.7284313590846836,20.142857142857142,1.4568627181693672,0.8464268439228715,0.012761000719687221
209,5,LMM-1,7,12.314285714285715,0.4997958767010256,24.62857142857143,0.9995917534020512,0.7790957432915447,0.022000043253074846
209,5,LMM-2,7,9.828571428571427,0.5699982098074284,19.657142857142855,1.1399964196148569,0.811834062161562,0.013303800557097387
209,6,LMM-1,7,11.904761904761903,0.5028264781414973,23.809523809523807,1.0056529562829946,0.7459253805537666,0.02477705574151869
209,6,LMM-2,7,9.595238095238097,0.5028264781414967,19.190476190476193,1.0056529562829934,0.7801321834194951,0.012457569683721921
209,7,LMM-1,7,11.448979591836734,0.70578026390982,22.897959183673468,1.41156052781964,0.715752598810843,0.03407807910956808
209,7,LMM-2,7,9.26530612244898,0.5368549566516696,18.53061224489796,1.0737099133033392,0.7511850706123706,0.018365756816447004
209,8,LMM-1,7,10.875,0.8838834764831844,21.75,1.7677669529663689,0.6888465155711379,0.03815696840740089
209,8,LMM-2,7,9.053571428571429,0.6541663958576501,18.107142857142858,1.3083327917153003,0.72012296253747,0.020695141968632456
210,2,LMM-1,7,11.0,1.2817398889233116,22.0,2.563479777846623,0.9102930714497328,0.013980132992559348
210,2,LMM-2,7,8.714285714285714,0.5248906591678238,17.428571428571427,1.0497813183356477,0.9279718140988839,0.006312402996650189
210,3,LMM-1,7,10.857142857142858,1.166423687039609,21.714285714285715,2.332847374079218,0.870169650807472,0.019260244879170604
210,3,LMM-2,7,8.523809523809524,0.3011693009684168,17.047619047619047,0.6023386019368336,0.8960623213354589,0.006004470597365007
210,4,LMM-1,7,10.821428571428571,1.0666560373620055,21.642857142857142,2.133312074724011,0.8304431366710024,0.02151276954289642
210,4,LMM-2,7,8.357142857142858,0.2624453295839119,16.714285714285715,0.5248906591678238,0.8664324208648256,0.005352465657393518
210,5,LMM-1,7,10.857142857142858,1.4840650186537776,21.714285714285715,2.968130037307555,0.7853326417972399,0.037938694048951276
210,5,LMM-2,7,8.457142857142857,0.39589732744431516,16.914285714285715,0.7917946548886303,0.8272361255120197,0.011990805295243595
210,6,LMM-1,7,10.547619047619047,1.4952684255340556,21.095238095238095,2.990536851068111,0.7517893391851498,0.04370222248700633
210,6,LMM-2,7,8.190476190476192,0.3926767262493012,16.380952380952383,0.7853534524986024,0.8011369136652337,0.010699612812371596
210,7,LMM-1,7,10.387755102040817,1.4542874899036629,20.775510204081634,2.9085749798073257,0.7209018257328106,0.046949117860218784
210,7,LMM-2,7,8.10204081632653,0.2499479329370589,16.20408163265306,0.4998958658741178,0.7737166274336348,0.008819004418034099
210,8,LMM-1,7,10.035714285714286,1.434140928947233,20.071428571428573,2.868281857894466,0.691620773171383,0.05216053256131059
210,8,LMM-2,7,8.053571428571429,0.28234621965789103,16.107142857142858,0.5646924393157821,0.746307108953599,0.00911520207980296
211,2,LMM-1,7,10.714285714285714,1.5551100755055172,21.428571428571427,3.1102201510110343,0.9102342510448661,0.021263509081133114
211,2,LMM-2,7,9.357142857142858,0.8748177652797064,18.714285714285715,1.749635530559413,0.9165519153579048,0.01467204091046886
211,3,LMM-1,7,10.619047619047619,1.785555548500255,21.238095238095237,3.57111109700051,0.86729900385774,0.031663233591152085
211,3,LMM-2,7,9.333333333333334,1.0389249632986393,18.666666666666668,2.0778499265972785,0.8764982970225527,0.02249112626618673
211,4,LMM-1,7,10.321428571428571,1.6296049352214048,20.642857142857142,3.2592098704428096,0.8316070081594752,0.03819196876848776
211,4,LMM-2,7,9.071428571428571,0.8206518066482898,18.142857142857142,1.6413036132965797,0.8422864957830333,0.02528976461472417
211,5,LMM-1,7,10.285714285714286,1.413636214497484,20.571428571428573,2.827272428994968,0.7952583094241736,0.03897492072308498
211,5,LMM-2,7,9.0,0.7329003050503234,18.0,1.4658006101006469,0.8077078644776609,0.02740884935520131
211,6,LMM-1,7,10.119047619047619,1.4952684255340556,20.238095238095237,2.990536851068111,0.763315842869672,0.045538629523076336
211,6,LMM-2,7,8.857142857142858,0.7839084587216346,17.714285714285715,1.5678169174432692,0.7764908297571071,0.030568005371865752
211,7,LMM-1,7,10.040816326530614,1.4197981331368232,20.081632653061227,2.8395962662736465,0.7311728320331637,0.048121333043230484
211,7,LMM-2,7,8.73469387755102,0.7221145311409852,17.46938775510204,1.4442290622819705,0.7467509155941173,0.031593960057615174
211,8,LMM-1,7,9.803571428571429,1.3949160606740933,19.607142857142858,2.7898321213481867,0.7042925781581229,0.05139534275302023
211,8,LMM-2,7,8.714285714285714,0.6604729288895332,17.428571428571427,1.3209458577790665,0.7160661261899711,0.03155418465765086
212,2,LMM-1,7,10.142857142857142,0.6388765649999399,20.285714285714285,1.2777531299998799,0.9247462029255755,0.011068463929679272
212,2,LMM-2,7,7.0,0.37796447300922725,14.0,0.7559289460184545,0.9473718869029939,0.004915814605663418
212,3,LMM-1,7,10.04761904761905,0.6281383789653772,20.0952380952381,1.2562767579307543,0.8898061640360305,0.015884436959079196
212,3,LMM-2,7,6.428571428571429,0.4259177099999599,12.857142857142858,0.8518354199999199,0.930102816257276,0.008882912382726777
212,4,LMM-1,7,10.0,0.6267831705280087,20.0,1.2535663410560174,0.8556172948983043,0.02030075840333379
212,4,LMM-2,7,6.142857142857143,0.47915742374995496,12.285714285714286,0.9583148474999099,0.9125318420412221,0.013003850382126864
212,5,LMM-1,7,9.542857142857143,0.7068181072487416,19.085714285714285,1.4136362144974832,0.828491663626095,0.025257071361605966
212,5,LMM-2,7,6.142857142857143,0.44994330708638924,12.285714285714286,0.8998866141727785,0.8863252142639743,0.013169567861502585
212,6,LMM-1,7,9.047619047619047,0.699854212223765,18.095238095238095,1.39970842444753,0.8049397379996834,0.02707969361821556
212,6,LMM-2,7,6.095238095238095,0.42591770999996,12.19047619047619,0.85183541999992,0.861339594678862,0.015300223293661978
212,7,LMM-1,7,8.73469387755102,0.7951330505623737,17.46938775510204,1.5902661011247474,0.7813057211288864,0.032144269135692016
212,7,LMM-2,7,6.4897959183673475,0.46983120135597295,12.979591836734695,0.9396624027119459,0.8246832839970777,0.01844973355575822
212,8,LMM-1,7,8.464285714285714,0.9006800152084636,16.928571428571427,1.8013600304169273,0.757653527512327,0.03829741966668188
212,8,LMM-2,7,6.410714285714286,0.5736563715788933,12.821428571428571,1.1473127431577865,0.7999841821741269,0.026173831484151578
213,2,LMM-1,7,10.857142857142858,1.619397721250662,21.714285714285715,3.238795442501324,0.9139469315420116,0.02391918169860044
213,2,LMM-2,7,9.357142857142858,1.7467170372339262,18.714285714285715,3.4934340744678525,0.9207292750368854,0.026211214112014974
213,3,LMM-1,7,11.0,1.67142178807469,22.0,3.34284357614938,0.8674158687217645,0.0305977794170778
213,3,LMM-2,7,9.571428571428571,1.3652639225553762,19.142857142857142,2.7305278451107524,0.877121875419359,0.02941294929353948
213,4,LMM-1,7,10.571428571428571,1.6075396335609855,21.142857142857142,3.215079267121971,0.8324804237741185,0.038557057274677495
213,4,LMM-2,7,9.035714285714286,1.1450871101343856,18.071428571428573,2.290174220268771,0.8462979375458292,0.033530691368700946
213,5,LMM-1,7,10.342857142857143,1.7095171773316105,20.685714285714287,3.419034354663221,0.7984232746803872,0.04657640748809983
213,5,LMM-2,7,9.028571428571428,1.1028719466067876,18.057142857142857,2.205743893213575,0.8101583875407842,0.038486301912601974
213,6,LMM-1,7,10.214285714285714,1.7631912934832015,20.428571428571427,3.526382586966403,0.762865319771814,0.05385435697361036
213,6,LMM-2,7,8.928571428571429,1.0307076581863506,17.857142857142858,2.061415316372701,0.7757392150959989,0.041747734588267
213,7,LMM-1,7,10.081632653061224,1.5534352844069441,20.163265306122447,3.1068705688138882,0.7311282217592742,0.05378498994120504
213,7,LMM-2,7,8.795918367346939,1.0183653020305836,17.591836734693878,2.0367306040611672,0.7447220266310774,0.04523440069413685
213,8,LMM-1,7,9.928571428571429,1.6158494322662313,19.857142857142858,3.2316988645324627,0.7025278139881828,0.05903618457952925
213,8,LMM-2,7,8.75,1.026436275942851,17.5,2.052872551885702,0.7147150023453993,0.048305410622397925
214,2,LMM-1,7,15.5,0.7559289460184545,31.0,1.511857892036909,0.8785348227709432,0.01259496103877913
214,2,LMM-2,7,11.642857142857142,1.8070158058105026,23.285714285714285,3.614031611621005,0.9091931304267243,0.02261013328984129
214,3,LMM-1,7,15.333333333333332,0.7559289460184537,30.666666666666664,1.5118578920369075,0.8237882111829721,0.017711412714226403
214,3,LMM-2,7,11.476190476190478,1.8070158058105026,22.952380952380956,3.614031611621005,0.8674190503544059,0.03215698507955113
214,4,LMM-1,7,15.0,0.7559289460184545,30.0,1.511857892036909,0.7726336468803832,0.022143863996527083
214,4,LMM-2,7,10.857142857142858,1.355261854357877,21.714285714285715,2.710523708715754,0.833324485611686,0.031993908037403256
214,5,LMM-1,7,14.8,0.7559289460184545,29.6,1.511857892036909,0.7265630908976906,0.026023245915950333
214,5,LMM-2,7,10.885714285714286,1.3474086997201824,21.771428571428572,2.694817399440365,0.7934619272204557,0.03792382083183005
214,6,LMM-1,7,14.333333333333334,0.7559289460184545,28.666666666666668,1.511857892036909,0.6871325043424343,0.029525898933136573
214,6,LMM-2,7,10.238095238095239,1.122840583100152,20.476190476190478,2.245681166200304,0.7685676107564333,0.037733316944278686
214,7,LMM-1,7,13.83673469387755,0.7301446457142168,27.6734693877551,1.4602892914284336,0.6510302450445957,0.03392839296689741
214,7,LMM-2,7,9.979591836734695,1.2603589923791432,19.95918367346939,2.5207179847582863,0.7367208853099677,0.04602705898801415
214,8,LMM-1,7,13.482142857142858,0.7332308988445646,26.964285714285715,1.4664617976891292,0.6177451320901431,0.03659638496564182
214,8,LMM-2,7,9.660714285714286,1.1890765581847493,19.321428571428573,2.3781531163694987,0.7101680005607481,0.04800609341714211
215,2,LMM-1,7,9.642857142857142,0.5802884574739972,19.285714285714285,1.1605769149479943,0.9183736891740646,0.009182057028816621
215,2,LMM-2,7,7.714285714285714,0.9948848769417228,15.428571428571429,1.9897697538834456,0.9288455671682287,0.011114474210875004
215,3,LMM-1,7,9.523809523809524,0.7315376902732006,19.047619047619047,1.4630753805464012,0.8796941914340363,0.015966296752836916
215,3,LMM-2,7,7.6190476190476195,0.9499970163457148,15.238095238095239,1.8999940326914295,0.8949007651048078,0.0159556378510863
215,4,LMM-1,7,9.892857142857142,0.8541614816500999,19.785714285714285,1.7083229633001997,0.8336209117170591,0.020881635112739824
215,4,LMM-2,7,7.714285714285714,0.7726181304565691,15.428571428571429,1.5452362609131383,0.8621092717679322,0.015679761372551684
215,5,LMM-1,7,9.914285714285715,0.8806305718527108,19.82857142857143,1.7612611437054215,0.795814970421772,0.02072873496615935
215,5,LMM-2,7,7.628571428571428,0.7439552323595164,15.257142857142856,1.4879104647190329,0.8324528689615025,0.016113978478676388
215,6,LMM-1,7,9.642857142857142,0.9103835378240555,19.285714285714285,1.820767075648111,0.7640879430927505,0.02560303958804496
215,6,LMM-2,7,7.357142857142857,0.6511806824370162,14.714285714285714,1.3023613648740324,0.8083255235755001,0.016240352289907556
215,7,LMM-1,7,9.306122448979592,0.8344917673575867,18.612244897959183,1.6689835347151734,0.7381510269438428,0.026373827227016606
215,7,LMM-2,7,7.204081632653062,0.6102006688867777,14.408163265306124,1.2204013377735554,0.7815761906858134,0.018582941388589236
215,8,LMM-1,7,8.946428571428571,0.7816453081514032,17.892857142857142,1.5632906163028064,0.7149913076849831,0.02757401753851498
215,8,LMM-2,7,6.982142857142857,0.5321308723482622,13.964285714285714,1.0642617446965243,0.7596429925557713,0.01924865549948041
216,2,LMM-1,7,14.857142857142858,1.2163847404233143,29.714285714285715,2.4327694808466287,0.8711238544212055,0.01470502728067988
216,2,LMM-2,7,10.5,0.0,21.0,0.0,0.911350438348591,0.0009087145005174433
216,3,LMM-1,7,14.761904761904761,1.2307474269828647,29.523809523809522,2.4614948539657293,0.8079452990064138,0.020551801123685803
216,3,LMM-2,7,10.333333333333334,0.0,20.666666666666668,0.0,0.865571087371255,0.0011173872395389124
216,4,LMM-1,7,14.357142857142858,1.2163847404233143,28.714285714285715,2.4327694808466287,0.7636921966380619,0.025731095605003574
216,4,LMM-2,7,10.0,0.0,20.0,0.0,0.835614659023329,0.0016671820470839692
216,5,LMM-1,7,14.0,1.2235778917350777,28.0,2.4471557834701554,0.7161886606790414,0.030220900321896078
216,5,LMM-2,7,9.6,0.0,19.2,0.0,0.8023585038424574,0.0018367997767697204
216,6,LMM-1,7,13.595238095238093,1.2307474269828653,27.190476190476186,2.4614948539657306,0.6761280140023554,0.034319571899455156
216,6,LMM-2,7,9.166666666666666,0.0,18.333333333333332,0.0,0.7755151778032129,0.0020034863793848955
216,7,LMM-1,7,13.306122448979592,1.2370108131176931,26.612244897959183,2.4740216262353862,0.6378503791340446,0.037855978853034856
216,7,LMM-2,7,8.857142857142858,0.0,17.714285714285715,0.0,0.748975497347672,0.00215531446830069
216,8,LMM-1,7,13.089285714285714,1.2423233664947204,26.178571428571427,2.484646732989441,0.5981549267004619,0.043153042486396266
216,8,LMM-2,7,8.625,0.0,17.25,0.0,0.7187963222843925,0.006106119654826021
217,2,LMM-1,7,13.642857142857142,2.8499910490371434,27.285714285714285,5.699982098074287,0.8772384448795595,0.038545837805287954
217,2,LMM-2,7,12.071428571428571,1.9717391059774658,24.142857142857142,3.9434782119549316,0.8840505593488989,0.028175895935474496
217,3,LMM-1,7,13.285714285714286,2.6987861552961436,26.571428571428573,5.397572310592287,0.8266749308760207,0.04996545227685672
217,3,LMM-2,7,11.714285714285714,1.8294640678379568,23.428571428571427,3.6589281356759136,0.8361447734361747,0.035412776158098215
217,4,LMM-1,7,13.142857142857142,2.580341695455492,26.285714285714285,5.160683390910984,0.7788029417135025,0.059349905485890114
217,4,LMM-2,7,11.571428571428571,1.7098156005122604,23.142857142857142,3.419631201024521,0.7904965280257311,0.04130645600791255
217,5,LMM-1,7,13.114285714285714,2.229303908929275,26.228571428571428,4.45860781785855,0.7322018030545593,0.060632487856947595
217,5,LMM-2,7,11.314285714285715,1.6932037017176067,22.62857142857143,3.3864074034352134,0.7506242067342679,0.04632053527532466
217,6,LMM-1,7,12.714285714285714,2.2302293385421894,25.428571428571427,4.460458677084379,0.6962145037860944,0.06531050882585776
217,6,LMM-2,7,10.952380952380953,1.6249890981668147,21.904761904761905,3.2499781963336294,0.7176171430539823,0.04876197684067379
217,7,LMM-1,7,12.408163265306124,2.218959611529917,24.816326530612248,4.437919223059834,0.6644115120416167,0.06748587691539379
217,7,LMM-2,7,10.673469387755102,1.595756555291805,21.346938775510203,3.19151311058361,0.6880091838447362,0.04870111071437749
217,8,LMM-1,7,12.214285714285714,2.208662213990678,24.428571428571427,4.417324427981356,0.6316993012467823,0.07146781831415806
217,8,LMM-2,7,10.517857142857142,1.5760888688297305,21.035714285714285,3.152177737659461,0.6569461957296118,0.05206267621610683
218,2,LMM-1,7,12.357142857142858,0.989743318610787,24.714285714285715,1.979486637221574,0.8877262635020039,0.012238478599798801
218,2,LMM-2,7,6.214285714285714,1.749635530559413,12.428571428571429,3.499271061118826,0.9454621285297949,0.01961445482400082
218,3,LMM-1,7,11.857142857142858,0.989743318610787,23.714285714285715,1.979486637221574,0.8430292972114094,0.01741485929649382
218,3,LMM-2,7,6.809523809523809,1.3075743064519982,13.619047619047619,2.6151486129039965,0.9093757609967261,0.021539709590502328
218,4,LMM-1,7,11.607142857142858,0.989743318610787,23.214285714285715,1.979486637221574,0.8006207749840613,0.022027594891301655
218,4,LMM-2,7,6.535714285714286,1.359021256460032,13.071428571428571,2.718042512920064,0.8862817306492039,0.028806208503593153
218,5,LMM-1,7,11.457142857142857,0.989743318610787,22.914285714285715,1.979486637221574,0.7631431540754521,0.026216034057945533
218,5,LMM-2,7,6.828571428571428,1.163387032657276,13.657142857142857,2.326774065314552,0.8555744549819133,0.03008484070536027
218,6,LMM-1,7,11.190476190476192,0.9937446073671048,22.380952380952383,1.9874892147342096,0.7296058038915925,0.029558611775487426
218,6,LMM-2,7,6.976190476190476,0.9897433186107872,13.952380952380953,1.9794866372215745,0.824710093301298,0.030395279411784548
218,7,LMM-1,7,11.0,0.9926846128175766,22.0,1.9853692256351532,0.6971350304942902,0.03297945470883524
218,7,LMM-2,7,7.163265306122448,0.8720759436416936,14.326530612244897,1.7441518872833872,0.7907971053788863,0.03029366805974052
218,8,LMM-1,7,10.839285714285714,0.9721898277725857,21.678571428571427,1.9443796555451713,0.6667855421672678,0.03528353673784133
218,8,LMM-2,7,7.339285714285714,0.7580351884568258,14.678571428571429,1.5160703769136517,0.7577755319290365,0.029414599488131916
219,2,LMM-1,7,14.928571428571429,0.4948716593053935,29.857142857142858,0.989743318610787,0.8745291435453291,0.00862530560135688
219,2,LMM-2,7,11.071428571428571,1.2371791482634837,22.142857142857142,2.4743582965269675,0.9052653301682662,0.015097258731279043
219,3,LMM-1,7,14.761904761904763,0.4948716593053935,29.523809523809526,0.989743318610787,0.8233277249851829,0.012171306726573251
219,3,LMM-2,7,10.904761904761903,0.6598288790738575,21.809523809523807,1.319657758147715,0.8674427097391765,0.011535833297148515
219,4,LMM-1,7,14.428571428571429,0.4948716593053935,28.857142857142858,0.989743318610787,0.7730675683949085,0.015226031376374178
219,4,LMM-2,7,10.571428571428571,0.37115374447904514,21.142857142857142,0.7423074889580903,0.8289845052090329,0.008220671458809316
219,5,LMM-1,7,14.22857142857143,0.4948716593053935,28.45714285714286,0.989743318610787,0.7258931466362214,0.017857107542991864
219,5,LMM-2,7,10.37142857142857,0.19794866372215758,20.74285714285714,0.39589732744431516,0.7922404496526125,0.0051740435836220644
219,6,LMM-1,7,14.095238095238093,0.4948716593053935,28.190476190476186,0.989743318610787,0.6834436816103368,0.02015926198712194
219,6,LMM-2,7,10.38095238095238,0.24743582965269675,20.76190476190476,0.4948716593053935,0.7546241406139224,0.007629899270150261
219,7,LMM-1,7,14.0,0.4948716593053935,28.0,0.989743318610787,0.6433206826036919,0.022120326993765625
219,7,LMM-2,7,10.26530612244898,0.14139190265868423,20.53061224489796,0.28278380531736846,0.7229188398660937,0.004861922754167401
219,8,LMM-1,7,13.75,0.5976143046671968,27.5,1.1952286093343936,0.6060126327887329,0.027640489608685637
219,8,LMM-2,7,10.107142857142858,0.30929478706587094,20.214285714285715,0.6185895741317419,0.6888091513555488,0.012795349138573978
220,2,LMM-1,7,13.857142857142858,1.4568627181693672,27.714285714285715,2.9137254363387344,0.8907921169185803,0.01752870822714067
220,2,LMM-2,7,8.857142857142858,2.5872528966106905,17.714285714285715,5.174505793221381,0.933335802090032,0.02820676661517458
220,3,LMM-1,7,13.190476190476192,1.4568627181693672,26.380952380952383,2.9137254363387344,0.8459019109035095,0.02496290541217717
220,3,LMM-2,7,8.619047619047619,2.3123448651769496,17.238095238095237,4.624689730353899,0.9007533438382341,0.036881531136339206
220,4,LMM-1,7,12.857142857142858,1.4568627181693672,25.714285714285715,2.9137254363387344,0.8030481951001833,0.0315895594576109
220,4,LMM-2,7,8.821428571428571,1.9026029431238862,17.642857142857142,3.8052058862477725,0.862932358677674,0.03982306868423113
220,5,LMM-1,7,12.514285714285714,1.3850513878332364,25.02857142857143,2.770102775666473,0.7625793153670374,0.036332290584613874
220,5,LMM-2,7,8.628571428571428,1.7709676819784839,17.257142857142856,3.5419353639569677,0.8309663537304468,0.04531948526795598
220,6,LMM-1,7,12.142857142857142,1.3226613726029663,24.285714285714285,2.6453227452059327,0.7257074953346946,0.03955087093417723
220,6,LMM-2,7,8.309523809523808,1.7053337694733313,16.619047619047617,3.4106675389466625,0.8028640405818716,0.048937631536193536
220,7,LMM-1,7,11.857142857142858,1.2913707771066427,23.714285714285715,2.5827415542132854,0.6921406026821001,0.04342211992000717
220,7,LMM-2,7,8.061224489795919,1.8356005568790907,16.122448979591837,3.6712011137581815,0.7779579506217493,0.059356466783310524
220,8,LMM-1,7,11.660714285714286,1.446538796505617,23.321428571428573,2.893077593011234,0.6560882969611889,0.05253826561588305
220,8,LMM-2,7,8.214285714285714,1.91296596297744,16.428571428571427,3.82593192595488,0.7369464372978449,0.06681829377658444
221,2,LMM-1,7,12.357142857142858,3.147723505218672,24.714285714285715,6.295447010437344,0.8997416483609965,0.03070818329600178
221,2,LMM-2,7,10.0,1.1019463300386794,20.0,2.2038926600773587,0.9121272463932909,0.010276347651711894
221,3,LMM-1,7,12.761904761904763,3.0483630044341377,25.523809523809526,6.096726008868275,0.8508697943354936,0.04341312360486025
221,3,LMM-2,7,10.571428571428571,1.3299276232160897,21.142857142857142,2.6598552464321794,0.8662280449009323,0.02040480066258421
221,4,LMM-1,7,12.25,3.116774889895918,24.5,6.233549779791836,0.813990596232917,0.05577023638281044
221,4,LMM-2,7,10.285714285714286,1.2351154618421845,20.571428571428573,2.470230923684369,0.8298717140732265,0.02328779200438996
221,5,LMM-1,7,12.0,3.0687363616222973,24.0,6.137472723244595,0.775659465753356,0.06453818660155866
221,5,LMM-2,7,10.342857142857143,1.217558614437858,20.685714285714287,2.435117228875716,0.7897927687468579,0.026413027090569936
221,6,LMM-1,7,12.428571428571429,3.0548648982377697,24.857142857142858,6.1097297964755395,0.7303194828891391,0.07571362521842954
221,6,LMM-2,7,10.071428571428571,1.265717510476382,20.142857142857142,2.531435020952764,0.7622102212125101,0.03114653555514302
221,7,LMM-1,7,11.979591836734695,3.0776430452327026,23.95918367346939,6.155286090465405,0.6997881359022424,0.08136942769922209
221,7,LMM-2,7,10.061224489795919,1.209431215512576,20.122448979591837,2.418862431025152,0.7312867320743702,0.03493776689014623
221,8,LMM-1,7,11.607142857142858,3.1285184274701674,23.214285714285715,6.257036854940335,0.672930140471642,0.08787961155266363
221,8,LMM-2,7,10.035714285714286,1.2169089312429158,20.071428571428573,2.4338178624858315,0.6985527530325509,0.03761237808655701
222,2,LMM-1,7,11.642857142857142,1.2453996981544782,23.285714285714285,2.4907993963089563,0.9001968754005697,0.015475365486081485
222,2,LMM-2,7,7.642857142857143,1.8070158058105026,15.285714285714286,3.614031611621005,0.9338203610251922,0.020029741256506542
222,3,LMM-1,7,11.095238095238097,1.1780301787479028,22.190476190476193,2.3560603574958057,0.8625008622218814,0.0209531842805468
222,3,LMM-2,7,7.761904761904762,1.5605685341118039,15.523809523809524,3.1211370682236077,0.8999330919667371,0.02469188725335876
222,4,LMM-1,7,10.75,1.1877349391654208,21.5,2.3754698783308417,0.8277934047248312,0.026870342728484344
222,4,LMM-2,7,7.214285714285714,1.1984258382544655,14.428571428571429,2.396851676508931,0.8798629517679716,0.024707693917682724
222,5,LMM-1,7,10.542857142857143,1.1986386836230305,21.085714285714285,2.397277367246061,0.7942335993284825,0.0321501175606686
222,5,LMM-2,7,7.3428571428571425,1.1842503872035834,14.685714285714285,2.368500774407167,0.8484371066683565,0.030293574929473193
222,6,LMM-1,7,10.404761904761903,1.2013786487183682,20.809523809523807,2.4027572974367364,0.7612786126708293,0.03639142547553763
222,6,LMM-2,7,7.166666666666666,1.218247505282479,14.333333333333332,2.436495010564958,0.8250902165131846,0.03605942013315454
222,7,LMM-1,7,10.16326530612245,1.1691580071348981,20.3265306122449,2.3383160142697963,0.7312318964916945,0.04163086367145067
222,7,LMM-2,7,6.979591836734693,1.1641600568940131,13.959183673469386,2.3283201137880263,0.8045656120407056,0.03926587455623317
222,8,LMM-1,7,10.142857142857142,1.3336787392741314,20.285714285714285,2.6673574785482628,0.6978861723032053,0.050410472500213806
222,8,LMM-2,7,6.910714285714286,1.2150732740145713,13.821428571428571,2.4301465480291427,0.7794852750938155,0.04558388579586851
223,2,LMM-1,7,11.928571428571429,0.8630747123996123,23.857142857142858,1.7261494247992246,0.9069541282454722,0.009887295541855743
223,2,LMM-2,7,9.142857142857142,1.6413036132965797,18.285714285714285,3.2826072265931594,0.9235288010068086,0.016856923203658912
223,3,LMM-1,7,11.523809523809522,1.0519391444940247,23.047619047619044,2.1038782889880494,0.8659454107224871,0.01650532382780516
223,3,LMM-2,7,8.904761904761903,1.5400915836948788,17.809523809523807,3.0801831673897575,0.8877281090262114,0.023582276663920296
223,4,LMM-1,7,11.321428571428571,1.3276878782457933,22.642857142857142,2.6553757564915865,0.8222417833391259,0.02560287575428665
223,4,LMM-2,7,8.928571428571429,1.6186098848035229,17.857142857142858,3.2372197696070457,0.8487265040631303,0.03178379124630794
223,5,LMM-1,7,10.942857142857141,1.2771140936358287,21.885714285714283,2.5542281872716575,0.7806194446120823,0.03449647924851003
223,5,LMM-2,7,8.942857142857143,1.6238025415294652,17.885714285714286,3.2476050830589305,0.8086036635161961,0.040444720646395135
223,6,LMM-1,7,10.738095238095239,1.3911772531420517,21.476190476190478,2.7823545062841033,0.746630690128348,0.04116333544651944
223,6,LMM-2,7,8.714285714285714,1.5525562273239149,17.428571428571427,3.1051124546478297,0.7773812951506469,0.04547729289147765
223,7,LMM-1,7,10.551020408163266,1.453714597429235,21.102040816326532,2.90742919485847,0.7169334448704721,0.046742134028311184
223,7,LMM-2,7,8.489795918367347,1.5553109292455225,16.979591836734695,3.110621858491045,0.7511134474125869,0.05032518867228886
223,8,LMM-1,7,10.375,1.582549931507466,20.75,3.165099863014932,0.6873578761889869,0.05231845437916999
223,8,LMM-2,7,8.375,1.5294723646688468,16.75,3.0589447293376937,0.7225689357718793,0.05275350520132896
224,2,LMM-1,7,10.357142857142858,0.6388765649999399,20.714285714285715,1.2777531299998799,0.9149578663675075,0.009970997379113446
224,2,LMM-2,7,8.428571428571429,0.9035079029052513,16.857142857142858,1.8070158058105026,0.9264248681588222,0.013425618307098168
224,3,LMM-1,7,10.238095238095239,0.6598288790738579,20.476190476190478,1.3196577581477158,0.8739673884090864,0.014480727228604507
224,3,LMM-2,7,8.476190476190476,0.7737179432986631,16.952380952380953,1.5474358865973261,0.8880172996137484,0.017139325214209942
224,4,LMM-1,7,10.035714285714286,0.7124977622592858,20.071428571428573,1.4249955245185717,0.8348604303952569,0.01886360860718084
224,4,LMM-2,7,8.357142857142858,0.7423074889580903,16.714285714285715,1.4846149779161806,0.8509809640096704,0.02094194990735327
224,5,LMM-1,7,9.799999999999999,0.7483314773547882,19.599999999999998,1.4966629547095764,0.7992783213878615,0.0237365459741469
224,5,LMM-2,7,8.114285714285714,0.7317856271351829,16.228571428571428,1.4635712542703658,0.8198369591867234,0.025268908353581847
224,6,LMM-1,7,9.571428571428571,0.7656159614673107,19.142857142857142,1.5312319229346214,0.7665582444535132,0.027892831794648285
224,6,LMM-2,7,8.047619047619047,0.6217888027238379,16.095238095238095,1.2435776054476757,0.7845652187423603,0.025993689389763066
224,7,LMM-1,7,9.530612244897961,0.7851177168029118,19.061224489795922,1.5702354336058235,0.7326165166179243,0.03135960367664499
224,7,LMM-2,7,7.979591836734693,0.4914936562772364,15.959183673469386,0.9829873125544728,0.7527742594012962,0.02387061325234006
224,8,LMM-1,7,9.357142857142858,0.8567707525639398,18.714285714285715,1.7135415051278795,0.7034351283593024,0.036965639395198965
224,8,LMM-2,7,7.857142857142857,0.5107267730741104,15.714285714285714,1.0214535461482208,0.7218975671433387,0.02634036639589952
225,2,LMM-1,7,10.785714285714286,0.9948848769417228,21.571428571428573,1.9897697538834456,0.9118854283585602,0.012095428518540214
225,2,LMM-2,7,9.214285714285714,1.4356965173029843,18.428571428571427,2.8713930346059686,0.925609665201818,0.015182802413251482
225,3,LMM-1,7,10.380952380952381,1.045452304766674,20.761904761904763,2.090904609533348,0.8705125442910856,0.017880569575319298
225,3,LMM-2,7,8.857142857142858,1.4998110236212976,17.714285714285715,2.999622047242595,0.8926662996565361,0.021337216554801183
225,4,LMM-1,7,10.071428571428571,0.9133365608960301,20.142857142857142,1.8266731217920602,0.8335862165565329,0.022159693269878888
225,4,LMM-2,7,8.392857142857142,1.4006193965091127,16.785714285714285,2.8012387930182254,0.8619330873599428,0.029543309331854676
225,5,LMM-1,7,9.828571428571427,0.970587871512173,19.657142857142855,1.941175743024346,0.7992023132021583,0.026384239629214438
225,5,LMM-2,7,8.428571428571429,1.1335333957072786,16.857142857142858,2.2670667914145572,0.8301949524679613,0.03179209425494768
225,6,LMM-1,7,9.714285714285714,1.1842695348043706,19.428571428571427,2.368539069608741,0.7642142462384237,0.03462339674354379
225,6,LMM-2,7,8.476190476190476,1.1527350892295434,16.952380952380953,2.3054701784590867,0.7957414428720337,0.038250481262904
225,7,LMM-1,7,9.408163265306124,1.1103241231620768,18.816326530612248,2.2206482463241537,0.73571471601696,0.03735167902290229
225,7,LMM-2,7,8.244897959183673,0.9217624318886706,16.489795918367346,1.8435248637773411,0.7685115833405171,0.037962721984556545
225,8,LMM-1,7,9.196428571428571,1.0853265285016247,18.392857142857142,2.1706530570032494,0.7080604699040555,0.04117825631594036
225,8,LMM-2,7,8.089285714285714,0.9971259720224084,16.178571428571427,1.9942519440448168,0.74054039990059,0.042975050877891066
226,2,LMM-1,7,12.571428571428571,0.5624291338579865,25.142857142857142,1.124858267715973,0.8938609554668738,0.012288044272456689
226,2,LMM-2,7,9.785714285714286,2.2337851101588413,19.571428571428573,4.467570220317683,0.9192504902096095,0.023251866190502592
226,3,LMM-1,7,12.380952380952381,0.602338601936834,24.761904761904763,1.204677203873668,0.8500507815036155,0.0154630906551163
226,3,LMM-2,7,8.619047619047619,0.9988655696858584,17.238095238095237,1.9977311393717168,0.8967684729251217,0.015997053689497293
226,4,LMM-1,7,11.928571428571429,0.6081923702116572,23.857142857142858,1.2163847404233143,0.8046411552312941,0.020545244540513326
226,4,LMM-2,7,8.035714285714286,1.168244802414009,16.071428571428573,2.336489604828018,0.8742288903521066,0.024654960364845494
226,5,LMM-1,7,11.742857142857144,0.6388765649999402,23.485714285714288,1.2777531299998803,0.7662565782028908,0.022405345986239836
226,5,LMM-2,7,8.142857142857142,0.9955000794391056,16.285714285714285,1.9910001588782111,0.8398384784550197,0.0239628421686838
226,6,LMM-1,7,11.523809523809522,0.6070261325705695,23.047619047619044,1.214052265141139,0.7305303679851777,0.024053237424816926
226,6,LMM-2,7,8.119047619047619,0.8295833995325876,16.238095238095237,1.6591667990651753,0.8077034853722649,0.02326462646609153
226,7,LMM-1,7,11.285714285714286,0.6998542122237652,22.571428571428573,1.3997084244475304,0.6971147903002193,0.026507367617851482
226,7,LMM-2,7,8.285714285714286,0.6524231576794196,16.571428571428573,1.3048463153588392,0.7753007077588255,0.0230114676702574
226,8,LMM-1,7,10.928571428571429,0.6676756819942827,21.857142857142858,1.3353513639885655,0.6667151712132402,0.030173577618998897
226,8,LMM-2,7,8.107142857142858,0.8249149616036497,16.214285714285715,1.6498299232072995,0.7507304815149946,0.02668745092036197
227,2,LMM-1,7,13.142857142857142,1.355261854357877,26.285714285714285,2.710523708715754,0.8958484475960977,0.01371630011896551
227,2,LMM-2,7,10.571428571428571,2.060315014550851,21.142857142857142,4.120630029101702,0.9116337525532813,0.021083560863611225
227,3,LMM-1,7,12.857142857142858,1.355261854357877,25.714285714285715,2.710523708715754,0.8494958146436774,0.020805783819907192
227,3,LMM-2,7,10.476190476190476,2.061415316372701,20.952380952380953,4.122830632745402,0.8685939659162152,0.03256247680267673
227,4,LMM-1,7,12.428571428571429,1.4621063921756228,24.857142857142858,2.9242127843512455,0.8110659821692431,0.02773164336073864
227,4,LMM-2,7,10.357142857142858,1.8653664081715136,20.714285714285715,3.730732816343027,0.8275244224683915,0.03852515493542441
227,5,LMM-1,7,12.171428571428573,1.3997084244475304,24.342857142857145,2.799416848895061,0.7724004781529091,0.030828706034819565
227,5,LMM-2,7,10.114285714285714,1.8969363054511807,20.228571428571428,3.7938726109023615,0.7925862624877311,0.0448161351566056
227,6,LMM-1,7,11.857142857142858,1.4349065879351777,23.714285714285715,2.8698131758703553,0.738910760006055,0.03561252213381064
227,6,LMM-2,7,9.857142857142858,1.9748991765074018,19.714285714285715,3.9497983530148035,0.7614025628636037,0.05297558795624394
227,7,LMM-1,7,11.571428571428571,1.4826499009756058,23.142857142857142,2.9652998019512116,0.7030751207305931,0.04263910811290913
227,7,LMM-2,7,9.755102040816325,1.959821324803918,19.51020408163265,3.919642649607836,0.7261608344834067,0.06101964699942772
227,8,LMM-1,7,11.428571428571429,1.5624744895876683,22.857142857142858,3.1249489791753366,0.6702583900781615,0.049094431658419646
227,8,LMM-2,7,9.553571428571429,2.0319514095106324,19.107142857142858,4.063902819021265,0.696077322221462,0.07008992015446627
228,2,LMM-1,7,10.928571428571429,1.3997084244475304,21.857142857142858,2.799416848895061,0.9064615578024918,0.023178884764698038
228,2,LMM-2,7,9.071428571428571,1.2657175104763823,18.142857142857142,2.5314350209527645,0.9169394365965077,0.022199977630721096
228,3,LMM-1,7,10.952380952380953,1.3265131692556305,21.904761904761905,2.653026338511261,0.8598212884244861,0.03565758566554621
228,3,LMM-2,7,8.380952380952381,1.0301575072754254,16.761904761904763,2.060315014550851,0.8866367309063066,0.030586719749170536
228,4,LMM-1,7,10.607142857142858,1.381362828986694,21.214285714285715,2.762725657973388,0.8231611622390309,0.04417364133299511
228,4,LMM-2,7,8.571428571428571,1.0063573431146693,17.142857142857142,2.0127146862293386,0.8472223392161328,0.03679833405293089
228,5,LMM-1,7,10.285714285714286,1.4961174241812623,20.571428571428573,2.9922348483625245,0.7848024859357585,0.05269936835569145
228,5,LMM-2,7,8.171428571428573,0.7591617288906526,16.342857142857145,1.5183234577813052,0.817537192938471,0.03678102161841794
228,6,LMM-1,7,9.904761904761903,1.5732312892077895,19.809523809523807,3.146462578415579,0.7548322094597386,0.05883513123188078
228,6,LMM-2,7,7.952380952380953,0.9624468062575112,15.904761904761907,1.9248936125150224,0.7877674416838526,0.04420734255707263
228,7,LMM-1,7,9.612244897959183,1.635456776297892,19.224489795918366,3.270913552595784,0.7287562938694496,0.061983605144525784
228,7,LMM-2,7,7.938775510204081,0.8998125585734124,15.877551020408163,1.7996251171468247,0.7573043599282874,0.04330598766146625
228,8,LMM-1,7,9.517857142857142,1.6249018808681894,19.035714285714285,3.249803761736379,0.6992121202955733,0.06473839803683712
228,8,LMM-2,7,7.964285714285714,0.8678644914444905,15.928571428571429,1.735728982888981,0.725995270305238,0.043945580987941844
229,2,LMM-1,7,12.642857142857142,0.989743318610787,25.285714285714285,1.979486637221574,0.9009624642200665,0.012263741730483918
229,2,LMM-2,7,11.071428571428571,0.4948716593053935,22.142857142857142,0.989743318610787,0.9085914495877848,0.005669077126188531
229,3,LMM-1,7,12.142857142857142,0.989743318610787,24.285714285714285,1.979486637221574,0.8589987064614603,0.017554975434536654
229,3,LMM-2,7,10.571428571428571,0.4948716593053935,21.142857142857142,0.989743318610787,0.8698845455395617,0.008145182398543714
229,4,LMM-1,7,11.178571428571429,0.893571143085486,22.357142857142858,1.787142286170972,0.8260269621260138,0.020911708457544347
229,4,LMM-2,7,9.964285714285714,0.4103259033241449,19.928571428571427,0.8206518066482898,0.8295718551046543,0.008862623787961724
229,5,LMM-1,7,10.457142857142857,0.8861749953869043,20.914285714285715,1.7723499907738085,0.7973371006796545,0.025195257544304704
229,5,LMM-2,7,9.428571428571429,0.3452298849598453,18.857142857142858,0.6904597699196906,0.794875966431562,0.008276963927547728
229,6,LMM-1,7,9.952380952380953,0.8624176322035635,19.904761904761905,1.724835264407127,0.7697244577300084,0.029407225319878987
229,6,LMM-2,7,9.095238095238097,0.24971639242146443,18.190476190476193,0.49943278484292886,0.7609478360388592,0.007322227643837644
229,7,LMM-1,7,9.489795918367347,0.8900392851982257,18.979591836734695,1.7800785703964515,0.7440512624753691,0.033851890116505245
229,7,LMM-2,7,8.918367346938776,0.19995834634964738,17.836734693877553,0.39991669269929475,0.7295445618707692,0.006655685371759663
229,8,LMM-1,7,9.089285714285714,0.9629620544794831,18.178571428571427,1.9259241089589663,0.7216665887077109,0.03966610784865194
229,8,LMM-2,7,8.696428571428571,0.40563631041430526,17.392857142857142,0.8112726208286105,0.7023660257529062,0.011540570130717813
230,2,LMM-1,7,8.785714285714286,0.7953949089757174,17.571428571428573,1.5907898179514348,0.9315110493314729,0.010437393469987493
230,2,LMM-2,7,7.785714285714286,0.9583148474999099,15.571428571428571,1.9166296949998198,0.9352111491148797,0.011619354633909703
230,3,LMM-1,7,8.476190476190476,0.8137146424111934,16.952380952380953,1.6274292848223868,0.8983811786875238,0.017255656289231973
230,3,LMM-2,7,7.333333333333334,0.9085135251589959,14.666666666666668,1.8170270503179917,0.9047421814880768,0.015068031617230901
230,4,LMM-1,7,8.428571428571429,0.8630747123996123,16.857142857142858,1.7261494247992246,0.8659549550637463,0.02044637703799392
230,4,LMM-2,7,7.428571428571429,0.8630747123996123,14.857142857142858,1.7261494247992246,0.8713731301241278,0.01836272760750396
230,5,LMM-1,7,8.2,0.7250615737399723,16.4,1.4501231474799445,0.8378198344584079,0.022055689637915613
230,5,LMM-2,7,7.457142857142857,0.7979565739296539,14.914285714285715,1.5959131478593078,0.8382889634627165,0.016959688186182882
230,6,LMM-1,7,7.8809523809523805,0.7330859199209836,15.761904761904761,1.4661718398419672,0.8138385782016285,0.02657465362372276
230,6,LMM-2,7,7.166666666666667,0.6666666666666667,14.333333333333334,1.3333333333333335,0.8120080789454802,0.01860836644927781
230,7,LMM-1,7,7.857142857142857,0.6388765649999399,15.714285714285714,1.2777531299998799,0.7843741010829189,0.027300056236589182
230,7,LMM-2,7,7.244897959183674,0.5437923507948663,14.489795918367347,1.0875847015897326,0.7800221558784302,0.020267280234732878
230,8,LMM-1,7,7.535714285714286,0.6738557951469003,15.071428571428571,1.3477115902938006,0.7643389056906896,0.032171247731606484
230,8,LMM-2,7,7.160714285714286,0.7371345514482247,14.321428571428571,1.4742691028964494,0.7546804236197958,0.027399136024253874
231,2,LMM-1,7,18.285714285714285,6.0110442571340705,36.57142857142857,12.022088514268141,0.8400912134157722,0.057768690215381814
231,2,LMM-2,7,11.428571428571429,3.427083010255759,22.857142857142858,6.854166020511518,0.9030119621027293,0.027858015165726217
231,3,LMM-1,7,18.095238095238095,6.044055943230337,36.19047619047619,12.088111886460673,0.7743110603194504,0.07974763525617386
231,3,LMM-2,7,11.428571428571429,3.2401953973721898,22.857142857142858,6.4803907947443795,0.8599605833169702,0.03784433873677775
231,4,LMM-1,7,17.75,6.060704815212737,35.5,12.121409630425473,0.7180587725335015,0.09678114778684128
231,4,LMM-2,7,11.107142857142858,3.217855160931687,22.214285714285715,6.435710321863374,0.8233256034304305,0.045779414860715184
231,5,LMM-1,7,17.2,5.859302737649641,34.4,11.718605475299283,0.6724442320450923,0.10747234107615564
231,5,LMM-2,7,11.685714285714285,2.7168409025550093,23.37142857142857,5.433681805110019,0.7740852390471872,0.04396891203761707
231,6,LMM-1,7,16.761904761904763,5.694509429417372,33.523809523809526,11.389018858834744,0.6300625408850837,0.11609952070087338
231,6,LMM-2,7,11.738095238095239,2.563258626159385,23.476190476190478,5.12651725231877,0.7303713228037172,0.04422515145819134
231,7,LMM-1,7,16.163265306122447,5.487557392025968,32.326530612244895,10.975114784051936,0.5963357349032553,0.12261942312950151
231,7,LMM-2,7,11.775510204081632,2.2931729617286103,23.551020408163264,4.586345923457221,0.6907252371080336,0.04478023362644628
231,8,LMM-1,7,15.982142857142858,4.852479378879314,31.964285714285715,9.704958757758629,0.5577679604307816,0.11927792504626274
231,8,LMM-2,7,11.785714285714286,1.8159932909163132,23.571428571428573,3.6319865818326265,0.6530453010214152,0.041734632047570795
232,2,LMM-1,7,10.428571428571429,0.9035079029052513,20.857142857142858,1.8070158058105026,0.9101822708288868,0.014010544314213814
232,2,LMM-2,7,8.785714285714286,0.749149177264394,17.571428571428573,1.498298354528788,0.9205011585235358,0.01230621042227512
232,3,LMM-1,7,10.238095238095239,0.9209085526577959,20.476190476190478,1.8418171053155918,0.8736545037998422,0.01949786188047898
232,3,LMM-2,7,8.428571428571429,0.8302664654363188,16.857142857142858,1.6605329308726375,0.8896436127445035,0.019008203634016476
232,4,LMM-1,7,10.035714285714286,0.9858695529887329,20.071428571428573,1.9717391059774658,0.8357512119702882,0.024658700853415687
232,4,LMM-2,7,8.25,0.8762745818846641,16.5,1.7525491637693282,0.8572603575908133,0.023731105448136613
232,5,LMM-1,7,10.200000000000001,1.008535005412731,20.400000000000002,2.017070010825462,0.7913548462066441,0.029988254433211584
232,5,LMM-2,7,8.085714285714285,0.8270922757788647,16.17142857142857,1.6541845515577294,0.8240507256786893,0.02713296801737747
232,6,LMM-1,7,10.047619047619047,0.6406487641463674,20.095238095238095,1.2812975282927348,0.7567586091084706,0.025651504633883094
232,6,LMM-2,7,8.0,0.7126966450997984,16.0,1.4253932901995967,0.7924537143995414,0.029683520994345566
232,7,LMM-1,7,9.73469387755102,0.6719215360471152,19.46938775510204,1.3438430720942305,0.7289224891441245,0.029745581236373858
232,7,LMM-2,7,7.918367346938775,0.7238427694272737,15.83673469387755,1.4476855388545473,0.7632579111239456,0.03273565508228134
232,8,LMM-1,7,9.517857142857142,0.8085165301908408,19.035714285714285,1.6170330603816816,0.7006184529778794,0.03529851162993695
232,8,LMM-2,7,7.785714285714286,0.7981963085223932,15.571428571428571,1.5963926170447864,0.7365852670382992,0.03659795295566796
233,2,LMM-1,7,11.857142857142858,2.231499907401901,23.714285714285715,4.462999814803802,0.8911190562252941,0.0379710261607311
233,2,LMM-2,7,8.928571428571429,1.3209458577790665,17.857142857142858,2.641891715558133,0.9139212068671227,0.023936959704555373
233,3,LMM-1,7,11.523809523809524,2.422494731805125,23.047619047619047,4.84498946361025,0.8469195052971703,0.048610045361626004
233,3,LMM-2,7,8.857142857142858,1.7261494247992246,17.714285714285715,3.4522988495984492,0.8760886109659578,0.03635974939681342
233,4,LMM-1,7,11.321428571428571,2.462991378509524,22.642857142857142,4.925982757019048,0.8015907919425603,0.060223284018619996
233,4,LMM-2,7,8.357142857142858,1.6358546415141124,16.714285714285715,3.271709283028225,0.844339177830104,0.04061784155223303
233,5,LMM-1,7,11.0,2.5433386382020444,22.0,5.086677276404089,0.7613667551290036,0.07199538534162592
233,5,LMM-2,7,8.542857142857143,1.4840650186537776,17.085714285714285,2.968130037307555,0.8019050320872277,0.04681721413116632
233,6,LMM-1,7,10.714285714285714,2.5769341414093216,21.428571428571427,5.153868282818643,0.7298643092814457,0.07910480117211188
233,6,LMM-2,7,8.380952380952381,1.6322987143812007,16.761904761904763,3.2645974287624013,0.7716304297360825,0.05562120857416261
233,7,LMM-1,7,10.428571428571429,2.6252863234099593,20.857142857142858,5.2505726468199185,0.696676543413332,0.08714677964246607
233,7,LMM-2,7,8.26530612244898,1.7302463995287054,16.53061224489796,3.460492799057411,0.7401696393295677,0.06520450063201112
233,8,LMM-1,7,10.178571428571429,2.6304001790679714,20.357142857142858,5.260800358135943,0.6687530172324205,0.09240697589927498
233,8,LMM-2,7,8.142857142857142,1.704024348297828,16.285714285714285,3.408048696595656,0.711486457082977,0.06732606381367698
234,2,LMM-1,7,11.071428571428571,0.5624291338579865,22.142857142857142,1.124858267715973,0.9170890303820889,0.007823814075906037
234,2,LMM-2,7,9.714285714285714,0.749149177264394,19.428571428571427,1.498298354528788,0.9202874308982718,0.008599720497849196
234,3,LMM-1,7,10.80952380952381,0.6135285107964347,21.61904761904762,1.2270570215928693,0.8774726797551528,0.011789292610189534
234,3,LMM-2,7,9.523809523809524,0.6135285107964344,19.047619047619047,1.227057021592869,0.8824099269339095,0.0118900708242279
234,4,LMM-1,7,10.5,0.5976143046671968,21.0,1.1952286093343936,0.8422914407603231,0.015762423573602934
234,4,LMM-2,7,9.75,0.5824823725107175,19.5,1.164964745021435,0.8440309455632526,0.01564687227831091
234,5,LMM-1,7,10.37142857142857,0.48318670072250725,20.74285714285714,0.9663734014450145,0.807163214566882,0.01797257537812175
234,5,LMM-2,7,9.857142857142858,0.6651683843898748,19.714285714285715,1.3303367687797496,0.8067949373512268,0.01599209873986345
234,6,LMM-1,7,10.30952380952381,0.3926767262493014,20.61904761904762,0.7853534524986028,0.7724604734307686,0.01779355949068868
234,6,LMM-2,7,9.452380952380953,0.4054615801411049,18.904761904761905,0.8109231602822098,0.7785413219879113,0.01481160879705754
234,7,LMM-1,7,10.081632653061224,0.41724588367879306,20.163265306122447,0.8344917673575861,0.7416545877286264,0.02198194508564211
234,7,LMM-2,7,9.122448979591837,0.4071415784338777,18.244897959183675,0.8142831568677554,0.7504978696064363,0.01987487534262713
234,8,LMM-1,7,10.160714285714286,0.3936679943758679,20.321428571428573,0.7873359887517358,0.7061115077351215,0.024242240547047062
234,8,LMM-2,7,9.125,0.5590169943749475,18.25,1.118033988749895,0.7177618957092673,0.02212764888066668
235,2,LMM-1,7,13.428571428571429,0.7284313590846836,26.857142857142858,1.4568627181693672,0.8773407104379896,0.01921555456013057
235,2,LMM-2,7,9.785714285714286,1.1293848786315641,19.571428571428573,2.2587697572631282,0.9065656258469676,0.01626933972154051
235,3,LMM-1,7,13.380952380952381,0.6998542122237651,26.761904761904763,1.3997084244475302,0.8234623299049121,0.02446504585238227
235,3,LMM-2,7,9.619047619047619,1.407785285628046,19.238095238095237,2.815570571256092,0.866405390579767,0.02706844171322272
235,4,LMM-1,7,13.357142857142858,0.6925256939166184,26.714285714285715,1.385051387833237,0.7728056048297997,0.029074758831760222
235,4,LMM-2,7,9.857142857142858,1.179112429944227,19.714285714285715,2.358224859888454,0.8217716082280261,0.029750243192103426
235,5,LMM-1,7,13.22857142857143,0.7515969393123373,26.45714285714286,1.5031938786246746,0.7304172842525964,0.03667491777266598
235,5,LMM-2,7,9.514285714285714,1.3260344440996907,19.02857142857143,2.6520688881993815,0.7941421302040498,0.039942979573984766
235,6,LMM-1,7,13.119047619047619,0.8003683959034102,26.238095238095237,1.6007367918068205,0.690316580070013,0.042801444159584125
235,6,LMM-2,7,9.642857142857142,1.1388819755334663,19.285714285714285,2.2777639510669325,0.7522942345838144,0.03902020287259782
235,7,LMM-1,7,12.918367346938776,0.8289835106771389,25.836734693877553,1.6579670213542779,0.6531445849725899,0.046443178970107704
235,7,LMM-2,7,9.551020408163266,1.099770904923059,19.102040816326532,2.199541809846118,0.7192384970347631,0.041970309354330784
235,8,LMM-1,7,12.75,0.8556534679079243,25.5,1.7113069358158486,0.6190770085003648,0.05027138986601532
235,8,LMM-2,7,9.303571428571429,1.2389820541929752,18.607142857142858,2.4779641083859505,0.6942099968950391,0.05141893687803181
236,2,LMM-1,7,11.785714285714286,0.9202927661946518,23.571428571428573,1.8405855323893037,0.9012215740606248,0.010100947967437076
236,2,LMM-2,7,10.071428571428571,0.6776309271789385,20.142857142857142,1.355261854357877,0.9109304196279594,0.007306820932624787
236,3,LMM-1,7,11.571428571428571,0.9209085526577958,23.142857142857142,1.8418171053155916,0.8545757200890189,0.014382645813978034
236,3,LMM-2,7,9.857142857142858,0.6632565846278151,19.714285714285715,1.3265131692556302,0.86841048180317,0.010105778637908855
236,4,LMM-1,7,11.571428571428571,0.7405871911902757,23.142857142857142,1.4811743823805514,0.806585269031034,0.015003343108082288
236,4,LMM-2,7,9.857142857142858,0.4601463830973259,19.714285714285715,0.9202927661946518,0.8240754630655306,0.008992892857936776
236,5,LMM-1,7,11.685714285714285,0.8407965125464092,23.37142857142857,1.6815930250928184,0.758299114519546,0.0216463728535772
236,5,LMM-2,7,9.942857142857141,0.43705881545080977,19.885714285714283,0.8741176309016195,0.7791057330193751,0.010636948831888478
236,6,LMM-1,7,11.476190476190476,0.9446111630893989,22.952380952380953,1.8892223261787977,0.7194879868360372,0.02609425555029984
236,6,LMM-2,7,9.738095238095239,0.5183700251685059,19.476190476190478,1.0367400503370119,0.7431579040306554,0.012529229335199217
236,7,LMM-1,7,11.36734693877551,1.1450416440086153,22.73469387755102,2.2900832880172306,0.6815915874726751,0.034939148074594466
236,7,LMM-2,7,9.530612244897961,0.7925097077121467,19.061224489795922,1.5850194154242934,0.7108226900092139,0.021805603140771138
236,8,LMM-1,7,11.357142857142858,0.8619655990105122,22.714285714285715,1.7239311980210243,0.6431549128361802,0.029303137028679403
236,8,LMM-2,7,9.5,0.5550096524257162,19.0,1.1100193048514324,0.6760674349417963,0.017086100983215207
237,2,LMM-1,7,11.071428571428571,1.7612611437054218,22.142857142857142,3.5225222874108435,0.9052529317728111,0.026073601628207738
237,2,LMM-2,7,9.428571428571429,1.9166296949998198,18.857142857142858,3.8332593899996397,0.9122896942110735,0.02502368418076913
237,3,LMM-1,7,10.952380952380953,1.694328273776876,21.904761904761905,3.388656547553752,0.862447496214445,0.03786492628556136
237,3,LMM-2,7,8.761904761904763,2.0448486241508466,17.523809523809526,4.089697248301693,0.8821191952025712,0.041234324617077246
237,4,LMM-1,7,10.642857142857142,1.7157731642091878,21.285714285714285,3.4315463284183756,0.8262824915703664,0.04556059632687469
237,4,LMM-2,7,8.75,1.889822365046136,17.5,3.779644730092272,0.8443104361029784,0.046582207590552246
237,5,LMM-1,7,10.314285714285715,1.7979580254345457,20.62857142857143,3.5959160508690915,0.7938419619885094,0.05315941764893375
237,5,LMM-2,7,8.571428571428571,1.7052140927287744,17.142857142857142,3.410428185457549,0.8119615988070231,0.047896536227975066
237,6,LMM-1,7,9.976190476190476,1.8907220662944593,19.952380952380953,3.7814441325889185,0.7633692066390958,0.06289357434363815
237,6,LMM-2,7,8.214285714285714,1.6371536607305799,16.428571428571427,3.2743073214611598,0.7842430806040033,0.05157692613731628
237,7,LMM-1,7,9.693877551020408,1.9991668402054623,19.387755102040817,3.9983336804109246,0.7350244076437834,0.0714690075912469
237,7,LMM-2,7,8.183673469387754,1.6846317619174649,16.36734693877551,3.3692635238349298,0.7497882364271133,0.057320810569180654
237,8,LMM-1,7,9.642857142857142,1.997128040002259,19.285714285714285,3.994256080004518,0.7021936311987137,0.08022955889466998
237,8,LMM-2,7,7.910714285714286,1.6511823222238329,15.821428571428571,3.3023646444476658,0.7254293125250577,0.0631854642975644
238,2,LMM-1,7,24.5,0.0,49.0,0.0,0.7612435749677452,0.002829188476550345
238,2,LMM-2,7,17.5,0.0,35.0,0.0,0.8153713669958311,0.0
238,3,LMM-1,7,24.0,0.0,48.0,0.0,0.6649734939316555,0.003700963618524274
238,3,LMM-2,7,17.0,0.0,34.0,0.0,0.7371397093026159,0.0
238,4,LMM-1,7,23.535714285714285,0.08748177652797065,47.07142857142857,0.1749635530559413,0.5819595303263853,0.0054714984354057245
238,4,LMM-2,7,16.5,0.0,33.0,0.0,0.6682106075531786,0.0
238,5,LMM-1,7,22.857142857142858,0.13997084244475252,45.714285714285715,0.27994168488950505,0.5128072075378483,0.006780409523104575
238,5,LMM-2,7,15.8,0.0,31.6,0.0,0.6098784254229692,0.0
238,6,LMM-1,7,22.071428571428573,0.1749635530559413,44.142857142857146,0.3499271061118826,0.45641171958328114,0.0077668005021492735
238,6,LMM-2,7,15.166666666666668,0.4082482904638634,30.333333333333336,0.8164965809277268,0.5587099477662532,0.008603312814696196
238,7,LMM-1,7,21.51020408163265,0.19995834634964774,43.0204081632653,0.3999166926992955,0.40520554612142057,0.008421929176895479
238,7,LMM-2,7,14.714285714285714,0.6998542122237645,29.428571428571427,1.399708424447529,0.5106719358064505,0.015476356697570918
238,8,LMM-1,7,21.089285714285715,0.2187044413199266,42.17857142857143,0.4374088826398532,0.36065409954672206,0.008844345111588332
238,8,LMM-2,7,14.375,0.9185586535436918,28.75,1.8371173070873836,0.4680451490312118,0.020936103375933296
239,2,LMM-1,7,9.785714285714286,0.8806305718527109,19.571428571428573,1.7612611437054218,0.9263029825333738,0.00990725301734655
239,2,LMM-2,7,7.642857142857143,0.5802884574739972,15.285714285714286,1.1605769149479943,0.9392926136604262,0.006473611578020914
239,3,LMM-1,7,9.38095238095238,0.8247860988423227,18.76190476190476,1.6495721976846454,0.8918900981209935,0.014511909867648162
239,3,LMM-2,7,7.3809523809523805,0.6281383789653773,14.761904761904761,1.2562767579307546,0.9105705676498305,0.007997145300595206
239,4,LMM-1,7,9.035714285714286,0.8806305718527109,18.071428571428573,1.7612611437054218,0.8605878369725974,0.019439363732008035
239,4,LMM-2,7,7.214285714285714,0.6468132241526726,14.428571428571429,1.2936264483053452,0.8820284783189466,0.013698003343904828
239,5,LMM-1,7,8.857142857142858,0.8599952539024236,17.714285714285715,1.7199905078048472,0.8296322777954276,0.022799258443650782
239,5,LMM-2,7,7.057142857142857,0.4981598792617911,14.114285714285714,0.9963197585235822,0.8572304346456151,0.014543947058989566
239,6,LMM-1,7,8.666666666666666,0.886405260427918,17.333333333333332,1.772810520855836,0.7989772516477455,0.029092025390095786
239,6,LMM-2,7,7.190476190476191,0.7369422638353409,14.380952380952381,1.4738845276706818,0.8243419451130878,0.02138086639005258
239,7,LMM-1,7,8.489795918367347,0.8359877203373078,16.979591836734695,1.6719754406746157,0.7724135792586185,0.03204706382370009
239,7,LMM-2,7,6.979591836734693,0.6890588986177195,13.959183673469386,1.378117797235439,0.8008266431132067,0.02286315018022518
239,8,LMM-1,7,8.267857142857142,0.8696996901347086,16.535714285714285,1.7393993802694172,0.7485735727036766,0.0352044114806949
239,8,LMM-2,7,6.839285714285714,0.5658206970626736,13.678571428571429,1.1316413941253471,0.7778031551674911,0.022104604116125172
240,2,LMM-1,7,11.071428571428571,1.2657175104763823,22.142857142857142,2.5314350209527645,0.9133148679952067,0.01646946667913907
240,2,LMM-2,7,8.857142857142858,1.3286482312670196,17.714285714285715,2.657296462534039,0.929204942342561,0.01642859244128363
240,3,LMM-1,7,10.571428571428571,1.3299276232160897,21.142857142857142,2.6598552464321794,0.871859460433794,0.027998548861707613
240,3,LMM-2,7,8.714285714285714,1.7766436291597743,17.428571428571427,3.5532872583195485,0.8886266719845605,0.03040268891388636
240,4,LMM-1,7,10.285714285714286,1.359021256460032,20.571428571428573,2.718042512920064,0.8354212530878378,0.03465784411494551
240,4,LMM-2,7,8.464285714285714,1.5377892958293562,16.928571428571427,3.0755785916587124,0.8553212291072653,0.032671214608642016
240,5,LMM-1,7,10.085714285714285,1.445612644648402,20.17142857142857,2.891225289296804,0.7986709692914404,0.043430009073433216
240,5,LMM-2,7,8.485714285714286,1.577908716741037,16.97142857142857,3.155817433482074,0.8216163496311498,0.040784616835397774
240,6,LMM-1,7,10.047619047619047,1.5779087167410373,20.095238095238095,3.1558174334820746,0.7613059089112035,0.04980391331238133
240,6,LMM-2,7,8.357142857142858,1.716929178792376,16.714285714285715,3.433858357584752,0.7915360165241535,0.05069840872392012
240,7,LMM-1,7,9.816326530612244,1.5587882819533312,19.632653061224488,3.1175765639066624,0.7280518310644634,0.05281912317878912
240,7,LMM-2,7,8.285714285714286,1.5742090429123994,16.571428571428573,3.1484180858247988,0.7629218110492901,0.05200981309154184
240,8,LMM-1,7,9.678571428571429,1.4281249302237289,19.357142857142858,2.8562498604474578,0.6969274673195921,0.05541962226729906
240,8,LMM-2,7,8.303571428571429,1.7006526358298752,16.607142857142858,3.4013052716597505,0.72919099685973,0.059392737237137797
241,2,LMM-1,7,12.642857142857142,0.6388765649999399,25.285714285714285,1.2777531299998799,0.8916465301356985,0.006039078506581641
241,2,LMM-2,7,10.071428571428571,0.7284313590846836,20.142857142857142,1.4568627181693672,0.9128525068633441,0.006748108345956838
241,3,LMM-1,7,12.19047619047619,0.5593971487843203,24.38095238095238,1.1187942975686407,0.8480972962798123,0.008674830850639676
241,3,LMM-2,7,9.428571428571429,0.7284313590846833,18.857142857142858,1.4568627181693665,0.8791541254738708,0.010584288124284382
241,4,LMM-1,7,11.714285714285714,0.5248906591678238,23.428571428571427,1.0497813183356477,0.8101659482657231,0.009774455757664407
241,4,LMM-2,7,9.035714285714286,0.6468132241526726,18.071428571428573,1.2936264483053452,0.847872318775359,0.012191999991422148
241,5,LMM-1,7,11.714285714285714,0.33563828927059225,23.428571428571427,0.6712765785411845,0.7670314231692422,0.008497822359014159
241,5,LMM-2,7,8.885714285714284,0.7772268862134538,17.77142857142857,1.5544537724269076,0.8142026606392344,0.017535255187197278
241,6,LMM-1,7,11.404761904761903,0.4164965639175215,22.809523809523807,0.832993127835043,0.7327950502513676,0.01048106438040025
241,6,LMM-2,7,8.523809523809524,0.6450579611497175,17.047619047619047,1.290115922299435,0.787569547982008,0.017146141668659978
241,7,LMM-1,7,11.387755102040815,0.4872382198495232,22.77551020408163,0.9744764396990464,0.6935800282296111,0.016094623511222646
241,7,LMM-2,7,8.428571428571429,0.620354455247782,16.857142857142858,1.240708910495564,0.7558655411899666,0.017301628054576856
241,8,LMM-1,7,11.053571428571429,0.5703114079525469,22.107142857142858,1.1406228159050937,0.6657220660166985,0.01931863170375374
241,8,LMM-2,7,8.178571428571429,0.5703114079525469,16.357142857142858,1.1406228159050937,0.732161322678469,0.018052302448950175
242,2,LMM-1,7,12.714285714285714,0.8806305718527109,25.428571428571427,1.7612611437054218,0.9033223186910361,0.011884977230820935
242,2,LMM-2,7,8.428571428571429,0.7284313590846836,16.857142857142858,1.4568627181693672,0.9418177641074033,0.011459626059530378
242,3,LMM-1,7,12.38095238095238,0.8806305718527109,24.76190476190476,1.7612611437054218,0.8599212953865623,0.016930506701996105
242,3,LMM-2,7,8.380952380952381,0.3749527559053241,16.761904761904763,0.7499055118106482,0.9114045226984103,0.00944767757804844
242,4,LMM-1,7,11.964285714285714,0.8806305718527109,23.928571428571427,1.7612611437054218,0.8201735133392598,0.02147975684757311
242,4,LMM-2,7,7.892857142857143,0.5802884574739972,15.785714285714286,1.1605769149479943,0.8872615295953122,0.017721055783149676
242,5,LMM-1,7,11.714285714285714,0.8806305718527109,23.428571428571427,1.7612611437054218,0.7825574368580048,0.025558354619449608
242,5,LMM-2,7,7.885714285714286,0.674914960629584,15.771428571428572,1.349829921259168,0.8572441189296498,0.02362538232192689
242,6,LMM-1,7,11.238095238095239,0.8350322817500089,22.476190476190478,1.6700645635000178,0.7506618121233846,0.028394789220612705
242,6,LMM-2,7,7.380952380952381,0.7491491772643937,14.761904761904763,1.4982983545287873,0.8379929492896513,0.03085032751519388
242,7,LMM-1,7,10.755102040816327,0.882992149093222,21.510204081632654,1.765984298186444,0.7205898170333322,0.03382464046559454
242,7,LMM-2,7,7.163265306122448,0.7765835751200184,14.326530612244897,1.5531671502400368,0.811454319230598,0.036449385972691
242,8,LMM-1,7,10.446428571428571,0.9725177717278645,20.892857142857142,1.945035543455729,0.6887843876165783,0.04165773889382814
242,8,LMM-2,7,6.892857142857143,0.8112726208286105,13.785714285714286,1.622545241657221,0.7878624779839735,0.043057789147312744
243,2,LMM-1,7,11.571428571428571,1.0497813183356477,23.142857142857142,2.0995626366712954,0.9085219857551924,0.012372879007078418
243,2,LMM-2,7,9.142857142857142,0.7889543583705186,18.285714285714285,1.5779087167410373,0.9246735665915546,0.00997836787511652
243,3,LMM-1,7,11.04761904761905,1.045452304766674,22.0952380952381,2.090904609533348,0.8692604118768514,0.016978567407961734
243,3,LMM-2,7,8.619047619047619,0.8053111678708459,17.238095238095237,1.6106223357416918,0.8925028617165989,0.014569943725823365
243,4,LMM-1,7,10.678571428571429,1.0412414097938036,21.357142857142858,2.0824828195876073,0.8332611842122253,0.02189428480650751
243,4,LMM-2,7,8.357142857142858,0.679510628230016,16.714285714285715,1.359021256460032,0.8608310431967852,0.01595739881652516
243,5,LMM-1,7,10.428571428571429,1.0222025039999039,20.857142857142858,2.0444050079998077,0.799489833863172,0.026118109243643804
243,5,LMM-2,7,8.371428571428572,0.6087793072189294,16.742857142857144,1.2175586144378587,0.8267577725329897,0.017372413039695604
243,6,LMM-1,7,10.309523809523808,1.1561724325884746,20.619047619047617,2.312344865176949,0.7615151027037912,0.035294609339998985
243,6,LMM-2,7,8.333333333333334,0.5634361698190113,16.666666666666668,1.1268723396380227,0.7903281609403754,0.019506629678150072
243,7,LMM-1,7,10.061224489795919,1.1373775341300223,20.122448979591837,2.2747550682600446,0.7328628552254534,0.038919606020977285
243,7,LMM-2,7,8.142857142857142,0.512240832571883,16.285714285714285,1.024481665143766,0.7631719306259092,0.020182313396586254
243,8,LMM-1,7,9.821428571428571,1.1473127431577865,19.642857142857142,2.294625486315573,0.7063604601940687,0.04245563723229768
243,8,LMM-2,7,7.964285714285714,0.5852132002919264,15.928571428571429,1.1704264005838527,0.7376569641275561,0.023514995669784274
244,2,LMM-1,7,14.285714285714286,2.3733211036908783,28.571428571428573,4.746642207381757,0.8749533586766276,0.027042537978328295
244,2,LMM-2,7,12.357142857142858,2.0478958838330645,24.714285714285715,4.095791767666129,0.8846230448114606,0.024653360525936724
244,3,LMM-1,7,13.61904761904762,2.373321103690878,27.23809523809524,4.746642207381756,0.823348992001348,0.037994337870312145
244,3,LMM-2,7,11.80952380952381,1.8331787195162057,23.61904761904762,3.6663574390324114,0.8351131496488159,0.03174971090966235
244,4,LMM-1,7,13.285714285714286,2.3733211036908783,26.571428571428573,4.746642207381757,0.7775068077117161,0.0476160971339919
244,4,LMM-2,7,11.428571428571429,1.9166296949998198,22.857142857142858,3.8332593899996397,0.7931319837076025,0.04190322099886775
244,5,LMM-1,7,12.771428571428572,2.152549508781413,25.542857142857144,4.305099017562826,0.7307335485569375,0.05667212572388647
244,5,LMM-2,7,11.085714285714285,1.8169272109239594,22.17142857142857,3.6338544218479187,0.7512215059753113,0.04744568833406666
244,6,LMM-1,7,12.80952380952381,2.315284910693946,25.61904761904762,4.630569821387892,0.684490568001784,0.0686777827594959
244,6,LMM-2,7,10.785714285714286,1.8744613738823404,21.571428571428573,3.7489227477646807,0.7146173249959633,0.05695975519663416
244,7,LMM-1,7,12.775510204081632,2.517411256344372,25.551020408163264,5.034822512688744,0.6420938594644777,0.07999869851528899
244,7,LMM-2,7,10.510204081632653,1.9836902661588351,21.020408163265305,3.9673805323176703,0.680537071054099,0.06615428103125907
244,8,LMM-1,7,12.535714285714286,2.5475077857324298,25.071428571428573,5.0950155714648595,0.6093577789321462,0.08529390185563458
244,8,LMM-2,7,10.357142857142858,1.9723858959262965,20.714285714285715,3.944771791852593,0.6474567633630804,0.07020174196686076
245,2,LMM-1,7,11.428571428571429,0.7284313590846836,22.857142857142858,1.4568627181693672,0.9050540826836301,0.006322869895296946
245,2,LMM-2,7,10.142857142857142,2.0995626366712954,20.285714285714285,4.199125273342591,0.9107621863042823,0.023869615182094524
245,3,LMM-1,7,10.95238095238095,0.8438116736509212,21.9047619047619,1.6876233473018425,0.8613380817735476,0.009818973317578654
245,3,LMM-2,7,7.523809523809524,1.456862718169367,15.047619047619047,2.913725436338734,0.9023916607411984,0.024244915511480912
245,4,LMM-1,7,10.535714285714286,0.7840892285750053,21.071428571428573,1.5681784571500106,0.8238002742424817,0.012703089561591887
245,4,LMM-2,7,7.464285714285714,1.2777531299998799,14.928571428571429,2.5555062599997598,0.8685310503404701,0.028525312317458237
245,5,LMM-1,7,10.285714285714286,0.7548482750641661,20.571428571428573,1.5096965501283321,0.7876837575790446,0.015046793949502518
245,5,LMM-2,7,7.6000000000000005,1.2094863136295273,15.200000000000001,2.4189726272590546,0.8314425161780568,0.032588509210640694
245,6,LMM-1,7,10.142857142857142,0.9233675918888249,20.285714285714285,1.8467351837776498,0.7516967593081263,0.02052137694352748
245,6,LMM-2,7,7.142857142857143,1.0367400503370114,14.285714285714286,2.073480100674023,0.8123405018515409,0.03363754669912802
245,7,LMM-1,7,9.83673469387755,0.9641642294708341,19.6734693877551,1.9283284589416683,0.7220601040864439,0.02431699507715052
245,7,LMM-2,7,7.0,0.7749729610631642,14.0,1.5499459221263283,0.7837836971340267,0.028363405725962392
245,8,LMM-1,7,9.571428571428571,0.8733585186169631,19.142857142857142,1.7467170372339262,0.6934427305420015,0.023938859513968846
245,8,LMM-2,7,7.017857142857143,0.6827876533680415,14.035714285714286,1.365575306736083,0.7516023833393232,0.026599993764928217
246,2,LMM-1,7,10.857142857142858,1.3286482312670196,21.714285714285715,2.657296462534039,0.9117074133420492,0.014969938535098369
246,2,LMM-2,7,8.214285714285714,1.4356965173029843,16.428571428571427,2.8713930346059686,0.9288480981073889,0.016570709271125465
246,3,LMM-1,7,10.619047619047619,1.1328930717495544,21.238095238095237,2.265786143499109,0.8720549730414845,0.01969275911462616
246,3,LMM-2,7,8.523809523809524,1.2953781436890899,17.047619047619047,2.5907562873781798,0.8877824901385708,0.021896369310747767
246,4,LMM-1,7,10.357142857142858,0.8541614816500999,20.714285714285715,1.7083229633001997,0.8337707575995724,0.019121218562331385
246,4,LMM-2,7,8.178571428571429,1.1157499537009505,16.357142857142858,2.231499907401901,0.8578341501790451,0.02459952749109097
246,5,LMM-1,7,10.542857142857143,0.9722685444099175,21.085714285714285,1.944537088819835,0.788366089161128,0.02437972401095697
246,5,LMM-2,7,7.828571428571428,0.9160696881075086,15.657142857142857,1.832139376215017,0.8308394360615711,0.026090646451364247
246,6,LMM-1,7,10.476190476190476,0.8234103078947898,20.952380952380953,1.6468206157895795,0.7492461757632789,0.025988250746536542
246,6,LMM-2,7,7.738095238095238,0.8491692619108097,15.476190476190476,1.6983385238216193,0.7980703760783247,0.028590846992927754
246,7,LMM-1,7,10.510204081632653,0.9062695229050823,21.020408163265305,1.8125390458101647,0.7100232123191557,0.029649451716399686
246,7,LMM-2,7,7.653061224489796,1.0438132124526058,15.306122448979592,2.0876264249052117,0.7681010918196426,0.03600670869266137
246,8,LMM-1,7,10.553571428571429,0.7643190913940249,21.107142857142858,1.5286381827880497,0.6708527105857897,0.02758975032885819
246,8,LMM-2,7,7.660714285714286,1.0746973945236484,15.321428571428571,2.149394789047297,0.7350337709434125,0.04148429832147248
247,2,LMM-1,7,14.785714285714286,0.45175395145262565,29.571428571428573,0.9035079029052513,0.8756649159759936,0.009249061734736906
247,2,LMM-2,7,9.285714285714286,3.3150861102492266,18.571428571428573,6.630172220498453,0.9200684847768078,0.03696107875749414
247,3,LMM-1,7,14.61904761904762,0.45175395145262565,29.23809523809524,0.9035079029052513,0.8188630756722153,0.012950108109128338
247,3,LMM-2,7,9.333333333333332,3.2120803721981055,18.666666666666664,6.424160744396211,0.8811922232081792,0.052500803720959055
247,4,LMM-1,7,14.285714285714286,0.45175395145262565,28.571428571428573,0.9035079029052513,0.7685071754855085,0.016175352486039237
247,4,LMM-2,7,9.678571428571429,2.753939664093857,19.357142857142858,5.507879328187714,0.8358003825937528,0.058431041306154785
247,5,LMM-1,7,14.085714285714287,0.45175395145262565,28.171428571428574,0.9035079029052513,0.7224030391769484,0.01897117800537762
247,5,LMM-2,7,9.885714285714286,2.4839073892493153,19.771428571428572,4.967814778498631,0.7940892004907328,0.06367082402805824
247,6,LMM-1,7,13.95238095238095,0.45175395145262565,27.9047619047619,0.9035079029052513,0.6790835012700116,0.02136052933201716
247,6,LMM-2,7,10.023809523809524,2.3066993037681645,20.047619047619047,4.613398607536329,0.7545486034880741,0.06818595273504628
247,7,LMM-1,7,13.63265306122449,0.517096304462038,27.26530612244898,1.034192608924076,0.6397604723119039,0.02385771114551931
247,7,LMM-2,7,9.938775510204081,2.208989245344459,19.877551020408163,4.417978490688918,0.7174862612858212,0.07166060142158007
247,8,LMM-1,7,13.482142857142858,0.41954786158824037,26.964285714285715,0.8390957231764807,0.6010692628119972,0.023010903181365085
247,8,LMM-2,7,9.785714285714286,1.7974613617373743,19.571428571428573,3.5949227234747485,0.6857408324944048,0.06576788837133558
248,2,LMM-1,7,10.428571428571429,0.9035079029052513,20.857142857142858,1.8070158058105026,0.9199676521470689,0.011588476762217479
248,2,LMM-2,7,8.285714285714286,2.1189138534559038,16.571428571428573,4.2378277069118075,0.9317861262293725,0.02264209543983925
248,3,LMM-1,7,10.0,0.8728715609439696,20.0,1.7457431218879391,0.8855457230333911,0.016369823919467952
248,3,LMM-2,7,7.380952380952381,1.6274292848223868,14.761904761904763,3.2548585696447736,0.9102212565241439,0.026226713799310103
248,4,LMM-1,7,9.75,0.8864052604279183,19.5,1.7728105208558367,0.853034471199966,0.02119263995677394
248,4,LMM-2,7,7.392857142857143,1.5518257844571737,14.785714285714286,3.1036515689143473,0.8802714798846046,0.03280239883579583
248,5,LMM-1,7,9.571428571428571,0.877845228327841,19.142857142857142,1.755690456655682,0.8219226072538124,0.025592118269508985
248,5,LMM-2,7,7.371428571428572,1.4635712542703652,14.742857142857144,2.9271425085407303,0.8515397738039666,0.03875130574083088
248,6,LMM-1,7,9.380952380952381,0.8806305718527109,18.761904761904763,1.7612611437054218,0.7929670527785966,0.02977563773901299
248,6,LMM-2,7,7.285714285714286,1.424597647776342,14.571428571428571,2.849195295552684,0.8248379720323443,0.044521262132416986
248,7,LMM-1,7,9.081632653061224,0.9624347855144161,18.163265306122447,1.9248695710288322,0.7671629752987058,0.036233617746440336
248,7,LMM-2,7,7.1020408163265305,1.3696295294336747,14.204081632653061,2.7392590588673493,0.79732516871857,0.04952308922820257
248,8,LMM-1,7,8.642857142857142,1.005406304304232,17.285714285714285,2.010812608608464,0.7466189924270618,0.04138323105540031
248,8,LMM-2,7,7.053571428571429,1.1818137219838785,14.107142857142858,2.363627443967757,0.7691450448241162,0.05043256334388401
249,2,LMM-1,7,19.285714285714285,1.8294640678379568,38.57142857142857,3.6589281356759136,0.8562474481081342,0.016792605477606883
249,2,LMM-2,7,8.0,0.0,16.0,0.0,0.9519470895037572,0.0
249,3,LMM-1,7,18.619047619047617,1.8294640678379568,37.238095238095234,3.6589281356759136,0.7987165753992675,0.02342052278992549
249,3,LMM-2,7,7.333333333333333,0.0,14.666666666666666,0.0,0.9361602808309712,0.0
249,4,LMM-1,7,18.285714285714285,1.8294640678379568,36.57142857142857,3.6589281356759136,0.745122331833026,0.02903694084626008
249,4,LMM-2,7,7.0,0.0,14.0,0.0,0.9206352759189395,0.0
249,5,LMM-1,7,17.685714285714287,1.8294640678379563,35.371428571428574,3.6589281356759127,0.6994553050066755,0.033959491584514626
249,5,LMM-2,7,8.285714285714286,0.145686271816937,16.571428571428573,0.291372543633874,0.8684495709297794,0.0026457720486325878
249,6,LMM-1,7,17.119047619047617,1.8294640678379561,34.238095238095234,3.6589281356759122,0.6608498585799583,0.03837433679971449
249,6,LMM-2,7,8.976190476190476,0.24281045302822749,17.952380952380953,0.48562090605645497,0.8244705836264357,0.0050381385556054975
249,7,LMM-1,7,16.714285714285715,1.8294640678379561,33.42857142857143,3.6589281356759122,0.6225755432574402,0.042035934203242205
249,7,LMM-2,7,9.469387755102039,0.3121848681791495,18.938775510204078,0.624369736358299,0.7803969832372732,0.007173943037436428
249,8,LMM-1,7,16.160714285714285,1.8294640678379568,32.32142857142857,3.6589281356759136,0.5895559380006412,0.04533963177417863
249,8,LMM-2,7,9.589285714285714,0.3642156795423418,19.178571428571427,0.7284313590846836,0.7424435802473816,0.009126403473556345
250,2,LMM-1,7,10.928571428571429,1.2936264483053452,21.857142857142858,2.5872528966106905,0.915102738206637,0.019490530161570718
250,2,LMM-2,7,7.357142857142857,2.7866298861615943,14.714285714285714,5.573259772323189,0.9406662110500942,0.030253809518565006
250,3,LMM-1,7,10.619047619047619,1.430157849302972,21.238095238095237,2.860315698605944,0.8737946360645937,0.030693459130779116
250,3,LMM-2,7,7.285714285714286,2.277763951066933,14.571428571428571,4.555527902133866,0.9089981981516978,0.03757724301288241
250,4,LMM-1,7,10.714285714285714,1.3524354449115348,21.428571428571427,2.7048708898230696,0.8272432265663757,0.03587583851183875
250,4,LMM-2,7,7.107142857142857,2.1829581128480178,14.214285714285714,4.3659162256960355,0.879740900018273,0.04590797829901596
250,5,LMM-1,7,10.428571428571429,1.3540566412654613,20.857142857142858,2.7081132825309226,0.7934155023486206,0.0420710939056509
250,5,LMM-2,7,7.228571428571429,1.9897697538834458,14.457142857142857,3.9795395077668916,0.8467266133492384,0.05118850535238964
250,6,LMM-1,7,10.023809523809524,1.3984928719608014,20.047619047619047,2.796985743921603,0.7643845355580555,0.04974368215868657
250,6,LMM-2,7,7.214285714285714,1.8424325830622004,14.428571428571429,3.6848651661244007,0.8157880217926466,0.054770359108537614
250,7,LMM-1,7,9.693877551020408,1.4089024974769964,19.387755102040817,2.8178049949539927,0.7350101385953864,0.05633793574907096
250,7,LMM-2,7,7.163265306122448,1.7980043544095314,14.326530612244897,3.596008708819063,0.7865694613415221,0.06003578518451709
250,8,LMM-1,7,9.446428571428571,1.3804391492919776,18.892857142857142,2.7608782985839553,0.7057576436947725,0.06151126371371969
250,8,LMM-2,7,7.214285714285714,1.729102633844315,14.428571428571429,3.45820526768863,0.756638227051102,0.0633595014858778
251,2,LMM-1,7,12.642857142857142,1.7053337694733317,25.285714285714285,3.4106675389466634,0.8987423744221722,0.022751023448145218
251,2,LMM-2,7,9.0,0.4629100498862757,18.0,0.9258200997725514,0.9312186098004089,0.00634974372889979
251,3,LMM-1,7,12.523809523809524,1.7715309750226926,25.047619047619047,3.5430619500453853,0.8501856418547151,0.032580165384970966
251,3,LMM-2,7,9.047619047619047,0.27766437594501425,18.095238095238095,0.5553287518900285,0.8948079966752215,0.005231845530268764
251,4,LMM-1,7,12.357142857142858,1.6682815305895233,24.714285714285715,3.3365630611790467,0.8066032082886553,0.03943570591111045
251,4,LMM-2,7,8.892857142857142,0.3234066120763363,17.785714285714285,0.6468132241526726,0.8625853595245652,0.008828362838868415
251,5,LMM-1,7,12.057142857142859,1.8722462771892427,24.114285714285717,3.7444925543784855,0.7680632094375641,0.04917497267677013
251,5,LMM-2,7,8.828571428571427,0.3768830273792261,17.657142857142855,0.7537660547584522,0.8279796314098797,0.011179802813848339
251,6,LMM-1,7,11.785714285714286,1.9059520091609048,23.571428571428573,3.8119040183218096,0.7321520477043073,0.05646385620961926
251,6,LMM-2,7,8.452380952380953,0.42458463095540494,16.904761904761905,0.8491692619108099,0.8038638803349212,0.01362245766821234
251,7,LMM-1,7,11.530612244897958,1.8511902808895617,23.061224489795915,3.7023805617791234,0.698767082122673,0.061142553043657524
251,7,LMM-2,7,8.26530612244898,0.48552560217838003,16.53061224489796,0.9710512043567601,0.7754625797103609,0.01728495810297812
251,8,LMM-1,7,11.178571428571429,1.8622868320690986,22.357142857142858,3.7245736641381972,0.6690345191954356,0.06627548539838296
251,8,LMM-2,7,8.035714285714286,0.5736563715788933,16.071428571428573,1.1473127431577865,0.7516933177646098,0.022263003540909734
252,2,LMM-1,7,11.214285714285714,1.5319721849662298,22.428571428571427,3.0639443699324596,0.8977394292264268,0.024674773523003197
252,2,LMM-2,7,8.5,1.7113069358158486,17.0,3.422613871631697,0.9219007286542154,0.027067242997365383
252,3,LMM-1,7,11.095238095238093,1.4769583256448404,22.190476190476186,2.953916651289681,0.8487216562126524,0.03334918301581255
252,3,LMM-2,7,8.523809523809524,1.6413036132965797,17.047619047619047,3.2826072265931594,0.8797544700364869,0.03805347429731725
252,4,LMM-1,7,10.892857142857142,1.450721143684993,21.785714285714285,2.901442287369986,0.8065220519180315,0.03999737090599961
252,4,LMM-2,7,8.392857142857142,1.5518257844571737,16.785714285714285,3.1036515689143473,0.8456239764861507,0.044876794156287
252,5,LMM-1,7,10.685714285714285,1.5188610125716588,21.37142857142857,3.0377220251433177,0.7651583082812345,0.049259561531993616
252,5,LMM-2,7,8.314285714285715,1.4999319712464785,16.62857142857143,2.999863942492957,0.807448359789219,0.05087920443447105
252,6,LMM-1,7,10.547619047619047,1.5678169174432692,21.095238095238095,3.1356338348865385,0.7260678681527303,0.05527663863073919
252,6,LMM-2,7,8.190476190476192,1.346449096723685,16.380952380952383,2.69289819344737,0.7759907906206932,0.053065911795741466
252,7,LMM-1,7,10.408163265306124,1.627798906335451,20.816326530612248,3.255597812670902,0.6882511782586895,0.0633928506986892
252,7,LMM-2,7,7.938775510204081,1.3592510861507519,15.877551020408163,2.7185021723015037,0.7471591942710271,0.05944352323465216
252,8,LMM-1,7,10.267857142857142,1.5957932580534921,20.535714285714285,3.1915865161069843,0.6542952607278144,0.06716562724839306
252,8,LMM-2,7,7.785714285714286,1.3882708375412007,15.571428571428571,2.7765416750824015,0.7184489908015045,0.06545756793875926
253,2,LMM-1,7,11.071428571428571,1.6567733578204575,22.142857142857142,3.313546715640915,0.9013193693816101,0.02816585901836831
253,2,LMM-2,7,9.142857142857142,2.0303814862216996,18.285714285714285,4.060762972443399,0.912872129101987,0.03038671201799505
253,3,LMM-1,7,10.714285714285714,1.6659862556700855,21.428571428571427,3.331972511340171,0.8621855150845275,0.03491833404050306
253,3,LMM-2,7,8.428571428571429,2.0292643573964297,16.857142857142858,4.0585287147928595,0.8844986493035487,0.03991144086364655
253,4,LMM-1,7,10.642857142857142,1.6521476437457683,21.285714285714285,3.3042952874915366,0.8204194058411874,0.044156877046018034
253,4,LMM-2,7,8.428571428571429,1.9897697538834456,16.857142857142858,3.979539507766891,0.846963184372503,0.04991511930011618
253,5,LMM-1,7,10.428571428571429,1.7152378308347012,20.857142857142858,3.4304756616694023,0.7853654612605357,0.05094096426060737
253,5,LMM-2,7,8.371428571428572,1.9868958457958528,16.742857142857144,3.9737916915917055,0.8152984129862809,0.05758728725430908
253,6,LMM-1,7,10.309523809523808,1.6913143462074323,20.619047619047617,3.3826286924148645,0.7509090412501204,0.056743923503601634
253,6,LMM-2,7,8.142857142857142,1.9668453741012744,16.285714285714285,3.9336907482025487,0.7879227910803664,0.06474433846226324
253,7,LMM-1,7,10.081632653061224,1.7003809260361795,20.163265306122447,3.400761852072359,0.7194767132328226,0.06368572317349218
253,7,LMM-2,7,8.0,1.9632186340924471,16.0,3.9264372681848942,0.7579849649596576,0.07196322359381904
253,8,LMM-1,7,9.857142857142858,1.6816081952847932,19.714285714285715,3.3632163905695864,0.6901703111950569,0.0666279344425421
253,8,LMM-2,7,7.964285714285714,1.9245990836153541,15.928571428571429,3.8491981672307083,0.7289306653298213,0.0757183166908204
254,2,LMM-1,7,9.285714285714286,0.9583148474999099,18.571428571428573,1.9166296949998198,0.9234261682231558,0.008657370709658137
254,2,LMM-2,7,7.214285714285714,1.6872874015739594,14.428571428571429,3.374574803147919,0.9394776786214838,0.018629582325418417
254,3,LMM-1,7,9.095238095238095,0.8491692619108094,18.19047619047619,1.6983385238216189,0.890076420305619,0.012500944622185177
254,3,LMM-2,7,6.666666666666667,1.6035674514745462,13.333333333333334,3.2071349029490923,0.916938406163296,0.026310219227335594
254,4,LMM-1,7,8.821428571428571,0.8526668847366659,17.642857142857142,1.7053337694733317,0.8583847539043153,0.016752450120775236
254,4,LMM-2,7,7.035714285714286,1.2985470687641316,14.071428571428571,2.5970941375282632,0.883088820678954,0.02971227513552797
254,5,LMM-1,7,8.742857142857144,0.9839528775841468,17.485714285714288,1.9679057551682937,0.8274370038691882,0.022033126563689144
254,5,LMM-2,7,6.685714285714285,1.3388999444411407,13.37142857142857,2.6777998888822814,0.8632735455885597,0.03700668767288051
254,6,LMM-1,7,8.571428571428571,0.920908552657796,17.142857142857142,1.841817105315592,0.7993804470263864,0.025032575735665714
254,6,LMM-2,7,6.714285714285714,1.359021256460032,13.428571428571429,2.718042512920064,0.8350955426719168,0.042750179862513164
254,7,LMM-1,7,8.408163265306124,0.9081059371953873,16.816326530612248,1.8162118743907747,0.772824484067545,0.027649713300144457
254,7,LMM-2,7,6.612244897959184,1.232963874856589,13.224489795918368,2.465927749713178,0.8119398959113303,0.04580690254410567
254,8,LMM-1,7,8.214285714285714,0.9442360047430204,16.428571428571427,1.8884720094860408,0.7492233573595041,0.03242296716571597
254,8,LMM-2,7,6.517857142857143,1.2614273580320972,13.035714285714286,2.5228547160641943,0.7919430591397735,0.05146253843503823
255,2,LMM-1,7,12.142857142857142,1.1561724325884746,24.285714285714285,2.312344865176949,0.8901648394712346,0.014388009269034012
255,2,LMM-2,7,8.428571428571429,0.8206518066482898,16.857142857142858,1.6413036132965797,0.9228874109455883,0.009499087321776241
255,3,LMM-1,7,12.04761904761905,1.3964645998681122,24.0952380952381,2.7929291997362244,0.8410916168207665,0.02880298841707744
255,3,LMM-2,7,9.047619047619047,1.1187942975686413,18.095238095238095,2.2375885951372827,0.876968679921273,0.0251878162294352
255,4,LMM-1,7,11.75,1.349603116263656,23.5,2.699206232527312,0.7990142183941197,0.034438019470792114
255,4,LMM-2,7,8.785714285714286,1.2423233664947204,17.571428571428573,2.484646732989441,0.8433990732850757,0.0327031358534719
255,5,LMM-1,7,11.485714285714286,1.33033676877975,22.97142857142857,2.6606735375595,0.7609354257227489,0.03883521613015895
255,5,LMM-2,7,8.857142857142858,1.1399964196148575,17.714285714285715,2.279992839229715,0.8073429060283285,0.035438188778224966
255,6,LMM-1,7,11.214285714285714,1.3648486331396683,22.428571428571427,2.7296972662793366,0.7244078212960504,0.044191914788757024
255,6,LMM-2,7,8.547619047619047,1.2558254280229133,17.095238095238095,2.5116508560458266,0.7780949641839584,0.0431003399401725
255,7,LMM-1,7,10.918367346938776,1.3763032898030503,21.836734693877553,2.7526065796061006,0.6923006262975581,0.04844956958834401
255,7,LMM-2,7,8.428571428571429,1.1854314882822536,16.857142857142858,2.3708629765645073,0.7470815868369215,0.045183717692651434
255,8,LMM-1,7,10.75,1.469936830518334,21.5,2.939873661036668,0.6601898145836126,0.05551551346228953
255,8,LMM-2,7,8.357142857142858,1.1885400923066956,16.714285714285715,2.377080184613391,0.7157307546226886,0.04897880569640982
256,2,LMM-1,7,12.642857142857142,0.832993127835043,25.285714285714285,1.665986255670086,0.8971840958739685,0.011492935892129694
256,2,LMM-2,7,7.785714285714286,0.8390957231764807,15.571428571428571,1.6781914463529615,0.9372776563256183,0.008725227177046884
256,3,LMM-1,7,12.19047619047619,0.7737179432986628,24.38095238095238,1.5474358865973257,0.8493957695202022,0.0158481914662372
256,3,LMM-2,7,7.285714285714286,0.8806305718527109,14.571428571428571,1.7612611437054218,0.907759110902348,0.013332077205045437
256,4,LMM-1,7,11.928571428571429,0.7873359887517358,23.857142857142858,1.5746719775034717,0.8075008372844826,0.020452432077234167
256,4,LMM-2,7,7.035714285714286,0.8390957231764807,14.071428571428571,1.6781914463529615,0.8820137823348849,0.017030620927158815
256,5,LMM-1,7,11.799999999999999,0.7559289460184541,23.599999999999998,1.5118578920369081,0.7659596500353797,0.02279676368346977
256,5,LMM-2,7,6.799999999999999,0.828078671210825,13.599999999999998,1.65615734242165,0.8578466177914021,0.01980544344130339
256,6,LMM-1,7,11.523809523809524,0.7685720186461418,23.047619047619047,1.5371440372922835,0.7309568222306223,0.026432034843127887
256,6,LMM-2,7,6.619047619047619,0.8390957231764807,13.238095238095237,1.6781914463529615,0.8347493396597494,0.023466060915823712
256,7,LMM-1,7,11.122448979591837,0.7652380922143951,22.244897959183675,1.5304761844287902,0.6994051711513133,0.029622314393065657
256,7,LMM-2,7,6.408163265306123,0.7728202542351628,12.816326530612246,1.5456405084703255,0.811232366705274,0.024097373294810556
256,8,LMM-1,7,10.803571428571429,0.7873359887517358,21.607142857142858,1.5746719775034717,0.6697284034699276,0.03240481474522459
256,8,LMM-2,7,6.25,0.7133922984085064,12.5,1.4267845968170128,0.7884790446776364,0.023464068173619033
257,2,LMM-1,7,10.0,0.5976143046671968,20.0,1.1952286093343936,0.9188407765382316,0.005882801500347015
257,2,LMM-2,7,8.071428571428571,1.3209458577790665,16.142857142857142,2.641891715558133,0.9321662840892613,0.016024380257031286
257,3,LMM-1,7,9.666666666666668,0.5345224838248485,19.333333333333336,1.069044967649697,0.8826270502545209,0.009216317417251143
257,3,LMM-2,7,8.190476190476192,1.1388819755334667,16.380952380952383,2.2777639510669334,0.8966580765628296,0.02068093423975901
257,4,LMM-1,7,9.285714285714286,0.5890150893739515,18.571428571428573,1.178030178747903,0.8492908590642644,0.013396416927513533
257,4,LMM-2,7,8.25,1.4330287605527772,16.5,2.8660575211055543,0.8607062302637798,0.029348043014298233
257,5,LMM-1,7,8.942857142857143,0.5728553615932405,17.885714285714286,1.145710723186481,0.8187156368158518,0.016752623596511376
257,5,LMM-2,7,8.371428571428572,1.0222025039999036,16.742857142857144,2.0444050079998073,0.824371666647591,0.027809483676474164
257,6,LMM-1,7,8.714285714285714,0.5323971374999499,17.428571428571427,1.0647942749998998,0.7894400248720777,0.017669283006340582
257,6,LMM-2,7,8.428571428571429,0.899105123261867,16.857142857142858,1.798210246523734,0.7914550595461486,0.03088340909712281
257,7,LMM-1,7,8.448979591836736,0.5633540302792758,16.89795918367347,1.1267080605585515,0.7624009709685955,0.0217544521854818
257,7,LMM-2,7,8.714285714285714,0.8294857727714927,17.428571428571427,1.6589715455429854,0.7531060779728597,0.031521078875559855
257,8,LMM-1,7,8.178571428571429,0.574211971100483,16.357142857142858,1.148423942200966,0.7385765225854105,0.02539114058910075
257,8,LMM-2,7,8.678571428571429,0.850045016815136,17.357142857142858,1.700090033630272,0.7240045397697219,0.03307999042817018
258,2,LMM-1,7,13.785714285714286,2.067730689447161,27.571428571428573,4.135461378894322,0.8707891796645215,0.02752760840702999
258,2,LMM-2,7,11.642857142857142,1.0251928638862373,23.285714285714285,2.0503857277724746,0.8840877960645832,0.01660492265969183
258,3,LMM-1,7,13.714285714285714,2.1852940772540506,27.428571428571427,4.370588154508101,0.8136893680373285,0.03954505019130703
258,3,LMM-2,7,11.523809523809524,1.2830660557435696,23.047619047619047,2.566132111487139,0.8330146348780479,0.02650757092792051
258,4,LMM-1,7,13.464285714285714,2.072044243480041,26.928571428571427,4.144088486960082,0.7718923135180432,0.04578304815044919
258,4,LMM-2,7,11.428571428571429,1.2443750992988818,22.857142857142858,2.4887501985977636,0.7931370978589632,0.03009393561136465
258,5,LMM-1,7,13.285714285714286,2.1430476105827627,26.571428571428573,4.286095221165525,0.7255806843642609,0.05491732736713678
258,5,LMM-2,7,11.2,1.3522468075656267,22.4,2.7044936151312533,0.7515504583825362,0.037633579595403005
258,6,LMM-1,7,13.166666666666668,2.191252450446388,26.333333333333336,4.382504900892776,0.6822075513793492,0.06284591787497394
258,6,LMM-2,7,11.071428571428571,1.373956004405096,22.142857142857142,2.747912008810192,0.7115341363788759,0.04292249531393064
258,7,LMM-1,7,12.938775510204081,2.22608068930994,25.877551020408163,4.45216137861988,0.6459333493976244,0.06952694982239106
258,7,LMM-2,7,10.816326530612246,1.4361315988374843,21.63265306122449,2.8722631976749686,0.6789712752494843,0.048685230958495716
258,8,LMM-1,7,12.821428571428571,2.158721040480276,25.642857142857142,4.317442080960552,0.6111405862487317,0.0723641558490597
258,8,LMM-2,7,10.696428571428571,1.3226345847958003,21.392857142857142,2.6452691695916006,0.6467493944971521,0.048611466599729126
259,2,LMM-1,7,10.714285714285714,1.2205719636167902,21.428571428571427,2.4411439272335804,0.9164287810468699,0.013528348449346427
259,2,LMM-2,7,8.357142857142858,1.4321384039831015,16.714285714285715,2.864276807966203,0.9324635063236989,0.01373743720025592
259,3,LMM-1,7,10.380952380952381,1.1741740958036144,20.761904761904763,2.348348191607229,0.8776283512428833,0.019498418867836716
259,3,LMM-2,7,8.285714285714286,1.2140522651411392,16.571428571428573,2.4281045302822784,0.8986366290862254,0.017393354760550112
259,4,LMM-1,7,10.035714285714286,1.1450871101343856,20.071428571428573,2.290174220268771,0.841639249630784,0.025041780130644193
259,4,LMM-2,7,7.892857142857143,1.1715156762040517,15.785714285714286,2.3430313524081035,0.8691050772732657,0.02281453673912335
259,5,LMM-1,7,9.942857142857141,1.062150302596635,19.885714285714283,2.12430060519327,0.8031965663417427,0.026646458915517292
259,5,LMM-2,7,7.942857142857143,1.1043513194335823,15.885714285714286,2.2087026388671647,0.8318894830346774,0.0253021412630984
259,6,LMM-1,7,9.714285714285714,1.0900498230723425,19.428571428571427,2.180099646144685,0.7706027312989886,0.031239900780797674
259,6,LMM-2,7,7.690476190476191,1.1106575037800572,15.380952380952381,2.2213150075601145,0.8045495125026891,0.02962289018972977
259,7,LMM-1,7,9.510204081632653,1.1850800931394263,19.020408163265305,2.3701601862788526,0.740501320901255,0.03901411607977619
259,7,LMM-2,7,7.571428571428571,1.1878883437432852,15.142857142857142,2.3757766874865704,0.7747891017988644,0.03662307484926863
259,8,LMM-1,7,9.446428571428571,1.3276878782457933,18.892857142857142,2.6553757564915865,0.706692879946932,0.047382606174524264
259,8,LMM-2,7,7.607142857142857,1.1922902844731142,15.214285714285714,2.3845805689462285,0.7410910631817754,0.040975294778997355
260,2,LMM-1,7,11.571428571428571,1.0151907431108498,23.142857142857142,2.0303814862216996,0.899324795695638,0.01307679515511698
260,2,LMM-2,7,7.214285714285714,0.5248906591678238,14.428571428571429,1.0497813183356477,0.9389861457689983,0.005715141954508048
260,3,LMM-1,7,11.142857142857142,1.0519391444940247,22.285714285714285,2.1038782889880494,0.857105692464282,0.019453485042770852
260,3,LMM-2,7,6.666666666666667,0.3086066999241838,13.333333333333334,0.6172133998483676,0.9161689004238568,0.005307414880038261
260,4,LMM-1,7,10.928571428571429,1.0749940673780294,21.857142857142858,2.1499881347560588,0.8177542480122568,0.025312696819411378
260,4,LMM-2,7,6.392857142857143,0.2624453295839119,12.785714285714286,0.5248906591678238,0.894823507262901,0.0067393508101151935
260,5,LMM-1,7,10.828571428571427,1.1335333957072784,21.657142857142855,2.267066791414557,0.7791604739820306,0.033448996713600535
260,5,LMM-2,7,6.771428571428571,0.4948716593053937,13.542857142857143,0.9897433186107873,0.8589408976049443,0.016340833296650367
260,6,LMM-1,7,10.69047619047619,1.124858267715973,21.38095238095238,2.249716535431946,0.7414117385887089,0.036292560088575655
260,6,LMM-2,7,6.571428571428571,0.5408484138857403,13.142857142857142,1.0816968277714807,0.8354553464652551,0.019479688351057352
260,7,LMM-1,7,10.489795918367347,1.1270776548150265,20.979591836734695,2.254155309630053,0.7097756130974849,0.040485420812543
260,7,LMM-2,7,6.469387755102041,0.6142823242160167,12.938775510204081,1.2285646484320334,0.8122900770258409,0.024162890143486486
260,8,LMM-1,7,10.214285714285714,1.1293848786315641,20.428571428571427,2.2587697572631282,0.6807815783874089,0.0441309819495965
260,8,LMM-2,7,6.571428571428571,0.5780862162942373,13.142857142857142,1.1561724325884746,0.780340206429552,0.024678822524062723
261,2,LMM-1,7,9.357142857142858,0.7889543583705186,18.714285714285715,1.5779087167410373,0.9303981866392746,0.009162042971818593
261,2,LMM-2,7,7.214285714285714,0.3642156795423418,14.428571428571429,0.7284313590846836,0.9447395138596363,0.005102975440500647
261,3,LMM-1,7,8.80952380952381,0.9404008408634049,17.61904761904762,1.8808016817268098,0.8991740924266377,0.01710200046044564
261,3,LMM-2,7,6.666666666666666,0.6666666666666664,13.333333333333332,1.3333333333333328,0.9190495391781717,0.012846926970310195
261,4,LMM-1,7,8.607142857142858,1.1088696211614302,17.214285714285715,2.2177392423228603,0.8661656595989659,0.02561970887962164
261,4,LMM-2,7,6.5,0.9063269671749657,13.0,1.8126539343499315,0.8928533605213234,0.021394580450867662
261,5,LMM-1,7,8.257142857142858,1.1349728037737834,16.514285714285716,2.269945607547567,0.8388625446698816,0.031178461636680404
261,5,LMM-2,7,6.314285714285715,0.8060991988380505,12.62857142857143,1.612198397676101,0.8673953984171172,0.023101996797500444
261,6,LMM-1,7,7.904761904761905,1.1086139739831256,15.80952380952381,2.217227947966251,0.8156770006363249,0.03642939596151126
261,6,LMM-2,7,6.190476190476191,0.6809690307654807,12.380952380952381,1.3619380615309613,0.84308600262362,0.0243575658920716
261,7,LMM-1,7,7.857142857142857,1.1274471279129088,15.714285714285714,2.2548942558258176,0.7860709571070827,0.04113890028101999
261,7,LMM-2,7,6.163265306122449,0.5476084842856627,12.326530612244898,1.0952169685713253,0.8182544813579324,0.02464317430662182
261,8,LMM-1,7,7.571428571428571,1.1646909899371662,15.142857142857142,2.3293819798743325,0.7662283841780052,0.04686473267577747
261,8,LMM-2,7,5.857142857142857,0.5527066978765057,11.714285714285714,1.1054133957530115,0.8027105727459577,0.027606343972570082
262,2,LMM-1,7,10.142857142857142,0.9529760045804524,20.285714285714285,1.9059520091609048,0.9181617222222204,0.01280183943496758
262,2,LMM-2,7,8.285714285714286,1.410601261295107,16.571428571428573,2.821202522590214,0.9286824766581635,0.018708328174563953
262,3,LMM-1,7,9.619047619047619,1.0146321786982149,19.238095238095237,2.0292643573964297,0.8811759904227063,0.018882932522250682
262,3,LMM-2,7,8.095238095238097,0.9874495882537011,16.190476190476193,1.9748991765074022,0.8938076141898977,0.01908842518046972
262,4,LMM-1,7,9.928571428571429,1.083267920578793,19.857142857142858,2.166535841157586,0.8379664034729395,0.024415411053794873
262,4,LMM-2,7,8.357142857142858,0.6662413609349154,16.714285714285715,1.3324827218698307,0.8548577783659802,0.017254584247236603
262,5,LMM-1,7,9.714285714285714,0.7548482750641659,19.428571428571427,1.5096965501283317,0.8026921787591343,0.023614314911464953
262,5,LMM-2,7,8.22857142857143,0.41991252733425916,16.45714285714286,0.8398250546685183,0.82311442524871,0.017122717093547093
262,6,LMM-1,7,9.333333333333332,0.7766431633476237,18.666666666666664,1.5532863266952475,0.7738104481768947,0.027903449472052942
262,6,LMM-2,7,7.976190476190476,0.4123930494211612,15.952380952380953,0.8247860988423223,0.7945052447970395,0.017901753690692773
262,7,LMM-1,7,9.020408163265305,0.8132595447008685,18.04081632653061,1.626519089401737,0.7458976794149776,0.03180374457139351
262,7,LMM-2,7,7.938775510204081,0.4030289317986021,15.877551020408163,0.8060578635972042,0.7643512450858329,0.02150423112784566
262,8,LMM-1,7,8.857142857142858,0.8383353281646787,17.714285714285715,1.6766706563293574,0.7172189600273616,0.035077186573598325
262,8,LMM-2,7,7.892857142857143,0.40327106395129336,15.785714285714286,0.8065421279025867,0.7336795497062287,0.023467106468635684
263,2,LMM-1,7,15.071428571428571,1.0497813183356477,30.142857142857142,2.0995626366712954,0.8901634843212003,0.011710468960663505
263,2,LMM-2,7,13.357142857142858,2.799416848895061,26.714285714285715,5.598833697790122,0.8956656598981515,0.025187991599397486
263,3,LMM-1,7,14.571428571428571,1.0497813183356477,29.142857142857142,2.0995626366712954,0.84195083413481,0.016724162758075277
263,3,LMM-2,7,12.857142857142858,2.799416848895061,25.714285714285715,5.598833697790122,0.8499638866850961,0.036352052788383764
263,4,LMM-1,7,14.071428571428571,1.0497813183356477,28.142857142857142,2.0995626366712954,0.7989319744724593,0.021299111788862634
263,4,LMM-2,7,12.5,2.449489742783178,25.0,4.898979485566356,0.8073196356823942,0.0418446018885384
263,5,LMM-1,7,13.200000000000001,0.9133924207511877,26.400000000000002,1.8267848415023753,0.7641094849913995,0.024490511994671525
263,5,LMM-2,7,12.085714285714285,2.239533479116049,24.17142857142857,4.479066958232098,0.7695973203115644,0.04697675104508425
263,6,LMM-1,7,12.452380952380953,0.8485014133907364,24.904761904761905,1.6970028267814727,0.7302571140353733,0.02505364229043941
263,6,LMM-2,7,11.30952380952381,2.0633394326945997,22.61904761904762,4.1266788653891995,0.7402794576700809,0.047117490013923
263,7,LMM-1,7,11.89795918367347,0.8142831568677554,23.79591836734694,1.6285663137355109,0.699856025660709,0.03310008379055429
263,7,LMM-2,7,10.775510204081632,1.9330743242799378,21.551020408163264,3.8661486485598755,0.7145562671575768,0.05103226884341288
263,8,LMM-1,7,11.535714285714286,0.9836028109943151,23.071428571428573,1.9672056219886302,0.6711635537446877,0.037567827940947755
263,8,LMM-2,7,10.375,1.8212534929861592,20.75,3.6425069859723185,0.6885472917720853,0.053422225027678134
264,2,LMM-1,7,13.571428571428571,1.7612611437054218,27.142857142857142,3.5225222874108435,0.8832643078114107,0.018204029050706654
264,2,LMM-2,7,6.0,0.0,12.0,0.0,0.9594390642988745,0.0
264,3,LMM-1,7,13.238095238095237,1.7612611437054218,26.476190476190474,3.5225222874108435,0.8316019458009853,0.025783848356119028
264,3,LMM-2,7,6.666666666666667,0.0,13.333333333333334,0.0,0.9233514283367229,0.0
264,4,LMM-1,7,13.178571428571429,1.3209458577790665,26.357142857142858,2.641891715558133,0.7754322560392383,0.024042305096943276
264,4,LMM-2,7,8.0,0.0,16.0,0.0,0.8609846150643167,0.0
264,5,LMM-1,7,12.914285714285715,1.3303367687797503,25.82857142857143,2.6606735375595005,0.7311484952977307,0.028673312364125143
264,5,LMM-2,7,7.2,0.0,14.4,0.0,0.8473266885598536,0.0
264,6,LMM-1,7,12.690476190476192,1.4013275209106821,25.380952380952383,2.8026550418213643,0.6906674752834557,0.03431302651962968
264,6,LMM-2,7,7.166666666666667,0.0,14.333333333333334,0.0,0.8180065077628201,0.0
264,7,LMM-1,7,12.591836734693876,1.2011378750662989,25.183673469387752,2.4022757501325978,0.6458495125589394,0.0320864268916525
264,7,LMM-2,7,7.714285714285714,0.0,15.428571428571429,0.0,0.7649254137699698,0.0
264,8,LMM-1,7,12.410714285714286,1.168244802414009,24.821428571428573,2.336489604828018,0.6094418528942952,0.03361097303041737
264,8,LMM-2,7,7.857142857142857,0.30929478706587094,15.714285714285714,0.6185895741317419,0.7275744999133351,0.011001749652057104
265,2,LMM-1,7,20.142857142857142,4.5175395145262565,40.285714285714285,9.035079029052513,0.8204892814852097,0.05000472904822364
265,2,LMM-2,7,14.285714285714286,4.291662538799943,28.571428571428573,8.583325077599886,0.8612114226400903,0.05606566765823226
265,3,LMM-1,7,19.047619047619044,4.526565576501388,38.09523809523809,9.053131153002775,0.7640931423204274,0.05839757565689855
265,3,LMM-2,7,11.761904761904761,3.0116930096841705,23.523809523809522,6.023386019368341,0.8412988057469065,0.0522848418851513
265,4,LMM-1,7,19.321428571428573,3.7290229611652914,38.642857142857146,7.458045922330583,0.6939961946915185,0.05999533443666799
265,4,LMM-2,7,12.357142857142858,2.597585220852597,24.714285714285715,5.195170441705194,0.7816810343265284,0.05641831145404115
265,5,LMM-1,7,19.085714285714285,3.5965970310950373,38.17142857142857,7.1931940621900745,0.6360916730392375,0.06474144406963905
265,5,LMM-2,7,12.542857142857143,2.304565123437232,25.085714285714285,4.609130246874464,0.7292695766513299,0.057965069040323725
265,6,LMM-1,7,18.928571428571427,3.455909526824504,37.857142857142854,6.911819053649008,0.5866346666055763,0.06535062472869178
265,6,LMM-2,7,11.714285714285714,1.5058465048420848,23.428571428571427,3.0116930096841696,0.7053177583188831,0.0432961918932438
265,7,LMM-1,7,18.489795918367346,3.669158468239853,36.97959183673469,7.338316936479706,0.5440249921689441,0.07342407598637424
265,7,LMM-2,7,11.775510204081632,1.4862972617169892,23.551020408163264,2.9725945234339783,0.6616985884555212,0.04559467774372453
265,8,LMM-1,7,18.464285714285715,3.3519146219217846,36.92857142857143,6.703829243843569,0.5003578520979578,0.0689225291510157
265,8,LMM-2,7,11.875,1.3935437867947622,23.75,2.7870875735895244,0.6215181571646757,0.04305263703865076
266,2,LMM-1,7,11.857142857142858,2.2154374884672605,23.714285714285715,4.430874976934521,0.8868627880108014,0.03654375431372061
266,2,LMM-2,7,10.071428571428571,1.8405855323893037,20.142857142857142,3.6811710647786073,0.8965217621476569,0.03107916868015566
266,3,LMM-1,7,11.428571428571429,2.434632958316994,22.857142857142858,4.869265916633988,0.847943388707429,0.04760439188434479
266,3,LMM-2,7,9.714285714285714,1.914262023070646,19.428571428571427,3.828524046141292,0.860414793517941,0.03856892500447204
266,4,LMM-1,7,11.071428571428571,2.4447987271606904,22.142857142857142,4.889597454321381,0.8109204740585493,0.058290092860135014
266,4,LMM-2,7,9.392857142857142,1.8605737539473008,18.785714285714285,3.7211475078946017,0.8269659065728057,0.04626323330488115
266,5,LMM-1,7,10.914285714285715,2.3344797960932,21.82857142857143,4.6689595921864,0.7717303040671304,0.06752867165013005
266,5,LMM-2,7,9.057142857142859,2.0077401246583846,18.114285714285717,4.015480249316769,0.7942707316231096,0.05826034961807419
266,6,LMM-1,7,10.69047619047619,2.42903823711559,21.38095238095238,4.85807647423118,0.7384097310482068,0.07639707657120741
266,6,LMM-2,7,8.880952380952381,2.0231091224998097,17.761904761904763,4.046218244999619,0.7635383822415619,0.06447577356534183
266,7,LMM-1,7,10.428571428571429,2.4660966430902955,20.857142857142858,4.932193286180591,0.7070044525054838,0.0852425838292622
266,7,LMM-2,7,8.73469387755102,1.917281499029885,17.46938775510204,3.83456299805977,0.7327296103782707,0.06978851735079362
266,8,LMM-1,7,10.160714285714286,2.4189673543114405,20.321428571428573,4.837934708622881,0.6800828027137464,0.09149447313350703
266,8,LMM-2,7,8.482142857142858,1.8473298435905832,16.964285714285715,3.6946596871811663,0.7071591274029981,0.0736679693821214
267,2,LMM-1,7,12.642857142857142,0.6388765649999399,25.285714285714285,1.2777531299998799,0.8924833876497411,0.012490278034453635
267,2,LMM-2,7,10.571428571428571,1.083267920578793,21.142857142857142,2.166535841157586,0.9038762707376143,0.01631677776594923
267,3,LMM-1,7,12.19047619047619,0.5593971487843203,24.38095238095238,1.1187942975686407,0.8485681941721815,0.01678676809291162
267,3,LMM-2,7,10.142857142857142,1.0962728031639373,20.285714285714285,2.1925456063278745,0.8642989337166879,0.02327506412444683
267,4,LMM-1,7,11.928571428571429,0.5780862162942373,23.857142857142858,1.1561724325884746,0.8099922347752111,0.019727127843870988
267,4,LMM-2,7,9.928571428571429,1.185585190906988,19.857142857142858,2.371170381813976,0.8289510792551349,0.02986081653144865
267,5,LMM-1,7,11.685714285714285,0.612788873986492,23.37142857142857,1.225577747972984,0.7729596835882557,0.024481371808509646
267,5,LMM-2,7,9.6,1.08496214548843,19.2,2.16992429097686,0.7970216620788249,0.03398314648887636
267,6,LMM-1,7,11.476190476190476,0.6135285107964344,22.952380952380953,1.227057021592869,0.7392947225558908,0.026141454232696246
267,6,LMM-2,7,9.428571428571429,1.1473127431577863,18.857142857142858,2.2946254863155726,0.7660135534073251,0.039016583039187175
267,7,LMM-1,7,11.26530612244898,0.7180657994187422,22.53061224489796,1.4361315988374843,0.7077974395979795,0.029425128194345444
267,7,LMM-2,7,9.285714285714286,1.28003279841361,18.571428571428573,2.56006559682722,0.7346372699712428,0.04783323454367239
267,8,LMM-1,7,11.267857142857142,0.6762177224557674,22.535714285714285,1.3524354449115348,0.6684792497842607,0.028832376376180184
267,8,LMM-2,7,9.285714285714286,1.2530574852034881,18.571428571428573,2.5061149704069763,0.696209435876824,0.05158380110818044
268,2,LMM-1,7,13.928571428571429,0.9035079029052513,27.857142857142858,1.8070158058105026,0.8790096745134454,0.008751943640900732
268,2,LMM-2,7,10.071428571428571,1.0497813183356477,20.142857142857142,2.0995626366712954,0.9038376199705143,0.010957250199544492
268,3,LMM-1,7,13.761904761904763,0.9035079029052513,27.523809523809526,1.8070158058105026,0.825720689589935,0.012362070721311675
268,3,LMM-2,7,9.904761904761907,1.0497813183356481,19.809523809523814,2.0995626366712963,0.8609660441876945,0.015751778365296183
268,4,LMM-1,7,13.5,0.8017837257372732,27.0,1.6035674514745464,0.7768130354829604,0.014257789367462952
268,4,LMM-2,7,9.571428571428571,1.0497813183356477,19.142857142857142,2.0995626366712954,0.8225297785122734,0.020186895191461465
268,5,LMM-1,7,12.942857142857141,0.7537660547584527,25.885714285714283,1.5075321095169054,0.7371477205841569,0.016286693520033042
268,5,LMM-2,7,9.314285714285715,1.189752160780401,18.62857142857143,2.379504321560802,0.7864544563976833,0.026993114057156535
268,6,LMM-1,7,12.571428571428571,0.7284313590846836,25.142857142857142,1.4568627181693672,0.699168409034778,0.018217697142084772
268,6,LMM-2,7,9.238095238095237,1.0497813183356475,18.476190476190474,2.099562636671295,0.7493290339981319,0.027596590961204624
268,7,LMM-1,7,12.16326530612245,0.713994109572894,24.3265306122449,1.427988219145788,0.6660537810184596,0.01977632895696232
268,7,LMM-2,7,9.040816326530612,0.9498021451608242,18.081632653061224,1.8996042903216483,0.7170781156692121,0.02794906390515937
268,8,LMM-1,7,11.857142857142858,0.7053006306475536,23.714285714285715,1.410601261295107,0.6347194549212637,0.021829765511436765
268,8,LMM-2,7,8.821428571428571,1.0497813183356477,17.642857142857142,2.0995626366712954,0.6885866609779641,0.034014324810900755
269,2,LMM-1,7,11.5,1.439245834257849,23.0,2.878491668515698,0.9037120589511557,0.025092527013471345
269,2,LMM-2,7,9.285714285714286,2.775622746817921,18.571428571428573,5.551245493635842,0.9228564222596664,0.030839532519118598
269,3,LMM-1,7,11.238095238095239,1.6106223357416918,22.476190476190478,3.2212446714833836,0.8596422085360572,0.03600065632632704
269,3,LMM-2,7,9.142857142857142,2.996596709057576,18.285714285714285,5.993193418115152,0.8862333529768024,0.04507524182590733
269,4,LMM-1,7,11.0,1.5923926292577109,22.0,3.1847852585154217,0.8204176461286792,0.04085069595540427
269,4,LMM-2,7,8.928571428571429,2.5450031073314094,17.857142857142858,5.090006214662819,0.8536178785723226,0.04741791480139411
269,5,LMM-1,7,10.942857142857141,1.7943221106408669,21.885714285714283,3.5886442212817338,0.7801554426028255,0.054194948783976765
269,5,LMM-2,7,9.028571428571428,2.526270139222354,18.057142857142857,5.052540278444708,0.8148664538780803,0.060632953890373854
269,6,LMM-1,7,10.69047619047619,1.796002111013915,21.38095238095238,3.59200422202783,0.746387956994204,0.059983035073506066
269,6,LMM-2,7,9.428571428571429,2.0115877462270877,18.857142857142858,4.023175492454175,0.772830664220911,0.05728140516395608
269,7,LMM-1,7,10.489795918367347,1.8019379636444175,20.979591836734695,3.603875927288835,0.714350701200882,0.06418050232184049
269,7,LMM-2,7,9.714285714285714,1.5611911427677778,19.428571428571427,3.1223822855355556,0.7326559667953342,0.05083368257373983
269,8,LMM-1,7,10.392857142857142,1.7833913462494853,20.785714285714285,3.5667826924989705,0.6821855860909551,0.06841812915415954
269,8,LMM-2,7,9.642857142857142,1.3732595664093128,19.285714285714285,2.7465191328186256,0.7002623304464892,0.050570034770874524
270,2,LMM-1,7,15.071428571428571,0.9035079029052513,30.142857142857142,1.8070158058105026,0.8777238050717261,0.008838807388784719
270,2,LMM-2,7,4.5,0.0,9.0,0.0,0.9652344930709897,0.0
270,3,LMM-1,7,14.904761904761903,0.9035079029052504,29.809523809523807,1.8070158058105008,0.8247978264775344,0.01242842278185673
270,3,LMM-2,7,5.0,0.0,10.0,0.0,0.9414022026260406,0.0
270,4,LMM-1,7,14.571428571428571,0.9035079029052513,29.142857142857142,1.8070158058105026,0.7765427388498454,0.01556351370776221
270,4,LMM-2,7,4.5,0.0,9.0,0.0,0.929400809293026,0.0
270,5,LMM-1,7,14.371428571428572,0.9035079029052513,28.742857142857144,1.8070158058105026,0.7268486754572911,0.01816456432275124
270,5,LMM-2,7,6.0,0.0,12.0,0.0,0.8726871362866737,0.00011652921114826971
270,6,LMM-1,7,14.071428571428571,0.9035079029052513,28.142857142857142,1.8070158058105026,0.686963663758165,0.020550309489707763
270,6,LMM-2,7,6.833333333333333,0.0,13.666666666666666,0.0,0.8273978463453989,0.0002209775289537941
270,7,LMM-1,7,13.612244897959183,0.8796841658062167,27.224489795918366,1.7593683316124333,0.6539609930348445,0.02211193811315965
270,7,LMM-2,7,7.183673469387755,0.06453627877894628,14.36734693877551,0.12907255755789257,0.7901422351067813,0.0024102482877020877
270,8,LMM-1,7,13.321428571428571,0.9035079029052513,26.642857142857142,1.8070158058105026,0.6209096225286442,0.024642102935477014
270,8,LMM-2,7,7.5,0.0,15.0,0.0,0.7525039985664279,0.0004020013564086602
271,2,LMM-1,7,16.0,4.928053803045811,32.0,9.856107606091623,0.8412138274963665,0.06518330720161823
271,2,LMM-2,7,9.142857142857142,0.3499271061118826,18.285714285714285,0.6998542122237652,0.9176582584292682,0.004508570464858488
271,3,LMM-1,7,15.666666666666668,4.928053803045812,31.333333333333336,9.856107606091625,0.7775273410755436,0.08971104169623591
271,3,LMM-2,7,9.571428571428571,1.164478024822618,19.142857142857142,2.328956049645236,0.8686507175641515,0.024865823356910566
271,4,LMM-1,7,15.5,4.928053803045811,31.0,9.856107606091623,0.7197204279434745,0.10986074843240061
271,4,LMM-2,7,9.214285714285714,0.8806305718527109,18.428571428571427,1.7612611437054218,0.8366954986438595,0.024555979067447758
271,5,LMM-1,7,15.4,4.9280538030458105,30.8,9.856107606091621,0.6667801279215079,0.1261811743972515
271,5,LMM-2,7,9.0,0.717137165600636,18.0,1.434274331201272,0.8054462876055196,0.024375949152511248
271,6,LMM-1,7,15.166666666666668,4.928053803045812,30.333333333333336,9.856107606091625,0.6200018337538719,0.13958400008965935
271,6,LMM-2,7,8.69047619047619,0.6135285107964348,17.38095238095238,1.2270570215928696,0.7771179582484044,0.024365854295001134
271,7,LMM-1,7,15.0,4.928053803045811,30.0,9.856107606091623,0.5776511033770755,0.15036401740492808
271,7,LMM-2,7,8.46938775510204,0.5437923507948662,16.93877551020408,1.0875847015897324,0.7502459156838278,0.02445923161217832
271,8,LMM-1,7,14.75,4.928053803045811,29.5,9.856107606091623,0.5376415940413045,0.1577128444440243
271,8,LMM-2,7,8.196428571428571,0.48114977090383854,16.392857142857142,0.9622995418076771,0.7232232561945878,0.024339564910234052
272,2,LMM-1,7,14.785714285714286,0.6998542122237652,29.571428571428573,1.3997084244475304,0.9077944788459847,0.010379318748165877
272,2,LMM-2,7,12.785714285714286,1.1605769149479943,25.571428571428573,2.3211538298959886,0.9159640805384034,0.014045887707244856
272,3,LMM-1,7,14.285714285714286,0.6998542122237652,28.571428571428573,1.3997084244475304,0.8658259519770802,0.01476278192034186
272,3,LMM-2,7,12.238095238095239,1.2177820811947069,24.476190476190478,2.4355641623894138,0.8782254156182735,0.020718047859033552
272,4,LMM-1,7,13.535714285714286,0.749149177264394,27.071428571428573,1.498298354528788,0.8283220041804676,0.018417559773242
272,4,LMM-2,7,11.607142857142858,1.1168925550794206,23.214285714285715,2.2337851101588413,0.8398267099057497,0.023360365776695053
272,5,LMM-1,7,13.257142857142856,0.5924697529522205,26.514285714285712,1.184939505904441,0.7881989225466794,0.019104063637043617
272,5,LMM-2,7,11.114285714285714,1.0411924090450626,22.228571428571428,2.082384818090125,0.8068762792537394,0.026670053916394196
272,6,LMM-1,7,12.761904761904761,0.6892435631490533,25.523809523809522,1.3784871262981067,0.7550252204457737,0.026508972022880658
272,6,LMM-2,7,10.5,0.942809041582063,21.0,1.885618083164126,0.7804176801115155,0.03121142437261132
272,7,LMM-1,7,12.306122448979592,0.8720759436416939,24.612244897959183,1.7441518872833879,0.7230461916388695,0.03501707807271291
272,7,LMM-2,7,10.224489795918368,1.0875847015897326,20.448979591836736,2.1751694031794653,0.7527328046579456,0.037662657002172535
272,8,LMM-1,7,11.803571428571429,0.935073390113289,23.607142857142858,1.870146780226578,0.6986093112463829,0.03737375163864764
272,8,LMM-2,7,9.803571428571429,1.0812053930871859,19.607142857142858,2.1624107861743718,0.7312031287790823,0.04145633460929821
273,2,LMM-1,7,10.714285714285714,1.2777531299998799,21.428571428571427,2.5555062599997598,0.9104336673590486,0.017665116048745655
273,2,LMM-2,7,8.785714285714286,1.385051387833237,17.571428571428573,2.770102775666474,0.9231104494049874,0.01972258806920902
273,3,LMM-1,7,10.476190476190476,1.2453996981544786,20.952380952380953,2.490799396308957,0.8720566313738429,0.02206530275161012
273,3,LMM-2,7,8.761904761904763,1.1086139739831253,17.523809523809526,2.2172279479662507,0.8866551955907777,0.021452833930680003
273,4,LMM-1,7,10.821428571428571,1.6621537540314424,21.642857142857142,3.3243075080628848,0.8215964290873513,0.03747692254765132
273,4,LMM-2,7,9.142857142857142,1.2453996981544782,18.285714285714285,2.4907993963089563,0.8401369878701442,0.031574529393967515
273,5,LMM-1,7,10.742857142857144,1.551825784457174,21.485714285714288,3.103651568914348,0.782113786075171,0.04025436340874117
273,5,LMM-2,7,9.028571428571428,1.225577747972984,18.057142857142857,2.451155495945968,0.8042555057780866,0.03486068306110301
273,6,LMM-1,7,10.761904761904761,1.6734555610291026,21.523809523809522,3.3469111220582053,0.7420778941120207,0.04820659817981615
273,6,LMM-2,7,9.023809523809524,1.2675077765910634,18.047619047619047,2.535015553182127,0.7674398934152574,0.03951297930653329
273,7,LMM-1,7,10.63265306122449,1.8466850654471214,21.26530612244898,3.693370130894243,0.7075293423445856,0.05781604414761996
273,7,LMM-2,7,8.877551020408163,1.3838480414828316,17.755102040816325,2.767696082965663,0.7359089905445947,0.04609780541815392
273,8,LMM-1,7,10.482142857142858,1.9610362733274778,20.964285714285715,3.9220725466549555,0.6755622498409642,0.06696131158142943
273,8,LMM-2,7,8.75,1.423652244856768,17.5,2.847304489713536,0.7050069962001295,0.05112816403392305
274,2,LMM-1,7,12.285714285714286,4.919764387920733,24.571428571428573,9.839528775841465,0.8970589058868333,0.046594185517786345
274,2,LMM-2,7,10.0,4.780914437337574,20.0,9.561828874675149,0.9196444515228864,0.0480022861190292
274,3,LMM-1,7,12.04761904761905,4.861342722049588,24.0952380952381,9.722685444099175,0.8520734876339155,0.06364449554504499
274,3,LMM-2,7,9.571428571428571,4.816355355615347,19.142857142857142,9.632710711230693,0.8859497846875184,0.0669644046316506
274,4,LMM-1,7,11.821428571428571,4.748522863770912,23.642857142857142,9.497045727541824,0.8127339032678249,0.07694328643713332
274,4,LMM-2,7,9.285714285714286,4.740457654647935,18.571428571428573,9.48091530929587,0.8555993325798493,0.08165480411041941
274,5,LMM-1,7,12.085714285714285,4.566783354187237,24.17142857142857,9.133566708374474,0.7669942029797058,0.08619936947793319
274,5,LMM-2,7,9.685714285714285,4.390713762811096,19.37142857142857,8.781427525622192,0.8172009990144492,0.09010026145027147
274,6,LMM-1,7,11.642857142857142,4.606266066439273,23.285714285714285,9.212532132878547,0.7366122894684974,0.09688645634254558
274,6,LMM-2,7,9.880952380952381,4.041171335100405,19.761904761904763,8.08234267020081,0.7835504923787974,0.09530823545590669
274,7,LMM-1,7,11.306122448979592,4.650733395519633,22.612244897959183,9.301466791039266,0.7067022544022076,0.1057244043339141
274,7,LMM-2,7,10.040816326530612,3.8063276193538425,20.081632653061224,7.612655238707685,0.7508725961293085,0.10071312032804608
274,8,LMM-1,7,11.196428571428571,4.577632509032928,22.392857142857142,9.155265018065856,0.6755095163259798,0.11044679360806105
274,8,LMM-2,7,10.142857142857142,3.647056403205641,20.285714285714285,7.294112806411282,0.719354385083224,0.10455523276150275
275,2,LMM-1,7,17.785714285714285,3.8808793449160355,35.57142857142857,7.761758689832071,0.8364865818523288,0.0570572889484461
275,2,LMM-2,7,12.214285714285714,1.979486637221574,24.428571428571427,3.958973274443148,0.8852263002852714,0.03347910764810943
275,3,LMM-1,7,17.476190476190478,3.7197761617975815,34.952380952380956,7.439552323595163,0.7703755357873326,0.07662203176113187
275,3,LMM-2,7,11.904761904761907,1.8145294174531093,23.809523809523814,3.6290588349062185,0.8377391862926584,0.04561297864050953
275,4,LMM-1,7,17.178571428571427,3.7600206252148163,34.357142857142854,7.520041250429633,0.7097640483418213,0.0924961535093279
275,4,LMM-2,7,11.607142857142858,1.8557687223952257,23.214285714285715,3.7115374447904514,0.7925219538857228,0.0563882086344698
275,5,LMM-1,7,16.914285714285715,3.6875964186633503,33.82857142857143,7.375192837326701,0.6595214096005152,0.09988580726434057
275,5,LMM-2,7,11.342857142857143,1.7815379734994166,22.685714285714287,3.563075946998833,0.7561617856005123,0.05904318727453898
275,6,LMM-1,7,16.595238095238095,3.7616033634536192,33.19047619047619,7.5232067269072385,0.6122240761182463,0.11059465574532085
275,6,LMM-2,7,11.023809523809524,1.8589734567564886,22.047619047619047,3.7179469135129772,0.7198728170162393,0.06767816366098797
275,7,LMM-1,7,16.408163265306122,3.6568786347700595,32.816326530612244,7.313757269540119,0.5694600225606007,0.11311890902346945
275,7,LMM-2,7,10.83673469387755,1.7503495218278828,21.6734693877551,3.5006990436557657,0.6870423740920917,0.06758531383533624
275,8,LMM-1,7,16.053571428571427,3.762394482892239,32.107142857142854,7.524788965784478,0.5316802363811074,0.12014841525472789
275,8,LMM-2,7,10.517857142857142,1.836422876026063,21.035714285714285,3.672845752052126,0.6578330401232849,0.07504562410150915
276,2,LMM-1,7,11.285714285714286,1.4846149779161806,22.571428571428573,2.969229955832361,0.9086423828569216,0.01660422442852105
276,2,LMM-2,7,8.285714285714286,3.2826072265931594,16.571428571428573,6.565214453186319,0.9299191634221913,0.03554548446389087
276,3,LMM-1,7,10.95238095238095,1.4846149779161806,21.9047619047619,2.969229955832361,0.8688308374305155,0.023782542068472915
276,3,LMM-2,7,8.333333333333332,2.9385235467698116,16.666666666666664,5.877047093539623,0.8940406509466842,0.04619021006951295
276,4,LMM-1,7,10.357142857142858,1.5746719775034717,20.714285714285715,3.1493439550069433,0.8352119175023586,0.0327681312793306
276,4,LMM-2,7,8.071428571428571,2.7048708898230696,16.142857142857142,5.409741779646139,0.8613120296662599,0.0554795914144546
276,5,LMM-1,7,10.228571428571428,1.5507733422985044,20.457142857142856,3.1015466845970088,0.7965106419347376,0.03853599592946484
276,5,LMM-2,7,8.0,2.627328898873748,16.0,5.254657797747496,0.8267527044672599,0.06501843643790689
276,6,LMM-1,7,9.976190476190476,1.4677176197545183,19.952380952380953,2.9354352395090366,0.7625094866913142,0.042250912685820784
276,6,LMM-2,7,7.809523809523809,2.4501839442262736,15.619047619047619,4.900367888452547,0.7962824389937335,0.07034567131669621
276,7,LMM-1,7,9.469387755102042,1.4361315988374845,18.938775510204085,2.872263197674969,0.7399369726893765,0.04798881937519547
276,7,LMM-2,7,7.469387755102041,2.3778794552864504,14.938775510204081,4.755758910572901,0.7733544401920965,0.07677420069153956
276,8,LMM-1,7,9.25,1.3363062095621219,18.5,2.6726124191242437,0.7101321864086311,0.05189509403310187
276,8,LMM-2,7,7.392857142857143,2.3598469338116845,14.785714285714286,4.719693867623369,0.7446763773783676,0.08430004656778685
277,2,LMM-1,7,11.571428571428571,0.8206518066482898,23.142857142857142,1.6413036132965797,0.9149713473120944,0.011084348759369237
277,2,LMM-2,7,9.785714285714286,0.8806305718527109,19.571428571428573,1.7612611437054218,0.922705110991787,0.013072785879382392
277,3,LMM-1,7,11.095238095238097,0.9035079029052513,22.190476190476193,1.8070158058105026,0.8760505127051291,0.016525487111512836
277,3,LMM-2,7,9.142857142857142,1.219642711891971,18.285714285714285,2.439285423783942,0.8900743624007796,0.02221094822434639
277,4,LMM-1,7,10.892857142857142,0.8222046023729527,21.785714285714285,1.6444092047459054,0.838143892631348,0.01985444833225277
277,4,LMM-2,7,9.178571428571429,0.9702198362290089,18.357142857142858,1.9404396724580177,0.851676464896464,0.023137871977923042
277,5,LMM-1,7,10.571428571428571,0.8171628369185766,21.142857142857142,1.6343256738371532,0.8046995592100684,0.023650931231928164
277,5,LMM-2,7,8.885714285714286,0.8407965125464092,17.771428571428572,1.6815930250928184,0.8200903339912846,0.025710586025524035
277,6,LMM-1,7,10.261904761904761,0.8538295750971959,20.523809523809522,1.7076591501943919,0.7704917898226753,0.02617313580571431
277,6,LMM-2,7,8.571428571428571,0.8158019856672293,17.142857142857142,1.6316039713344586,0.7887465164625505,0.027265460189116547
277,7,LMM-1,7,10.020408163265305,0.8096667112194845,20.04081632653061,1.619333422438969,0.7392922147894273,0.028894354079026786
277,7,LMM-2,7,8.428571428571429,0.7324227936704636,16.857142857142858,1.4648455873409272,0.758053087818425,0.02812499245501124
277,8,LMM-1,7,9.696428571428571,0.8013859168684598,19.392857142857142,1.6027718337369197,0.7131281242100199,0.03145597755225968
277,8,LMM-2,7,8.392857142857142,0.5019096186626856,16.785714285714285,1.0038192373253711,0.7271661811698987,0.024915500101646497
278,2,LMM-1,7,10.785714285714286,2.0503857277724746,21.571428571428573,4.100771455544949,0.9067614311859717,0.027631592743384302
278,2,LMM-2,7,9.428571428571429,1.5219482680473226,18.857142857142858,3.0438965360946453,0.9149214474461166,0.019767674706878884
278,3,LMM-1,7,10.476190476190476,1.9668453741012746,20.952380952380953,3.933690748202549,0.8657312214085214,0.03606093785116418
278,3,LMM-2,7,9.333333333333332,1.5936381457791915,18.666666666666664,3.187276291558383,0.8756963554825592,0.027475650637034676
278,4,LMM-1,7,10.571428571428571,1.8550812733172217,21.142857142857142,3.7101625466344434,0.8217874898432491,0.04188992703818333
278,4,LMM-2,7,9.107142857142858,1.469068842943081,18.214285714285715,2.938137685886162,0.838954426737409,0.031426183582240245
278,5,LMM-1,7,10.485714285714286,1.7032981212330147,20.97142857142857,3.4065962424660294,0.7843103334071566,0.04326543031924441
278,5,LMM-2,7,9.028571428571428,1.3708332041023037,18.057142857142857,2.7416664082046074,0.8029516776035555,0.037020913537796865
278,6,LMM-1,7,10.357142857142858,1.6771777395577452,20.714285714285715,3.3543554791154904,0.7488764815190886,0.04815313023987914
278,6,LMM-2,7,8.976190476190476,1.1999622065099194,17.952380952380953,2.3999244130198387,0.7676339811989054,0.039886147768395476
278,7,LMM-1,7,10.387755102040815,1.6602263460745097,20.77551020408163,3.3204526921490194,0.7099325675643458,0.05173945914059317
278,7,LMM-2,7,8.877551020408164,1.2180100662348388,17.75510204081633,2.4360201324696775,0.7349752257870205,0.044275387407452654
278,8,LMM-1,7,10.160714285714286,1.8416247263362482,20.321428571428573,3.6832494526724964,0.6810368791465343,0.058799968411539935
278,8,LMM-2,7,8.875,1.327928031612729,17.75,2.655856063225458,0.7021963538073491,0.05078054066240366
279,2,LMM-1,7,9.428571428571429,0.6776309271789385,18.857142857142858,1.355261854357877,0.927739114065216,0.009989256248259
279,2,LMM-2,7,6.785714285714286,0.8390957231764807,13.571428571428571,1.6781914463529615,0.9458504989719199,0.005457395758336324
279,3,LMM-1,7,9.142857142857142,0.7939681905015747,18.285714285714285,1.5879363810031495,0.8909033468511336,0.013511662185490027
279,3,LMM-2,7,6.666666666666667,0.8908708063747479,13.333333333333334,1.7817416127494958,0.9193328305897738,0.009293347443867742
279,4,LMM-1,7,8.785714285714286,0.8065421279025867,17.571428571428573,1.6130842558051735,0.8609542864387916,0.017975103370505754
279,4,LMM-2,7,6.678571428571429,0.3944771791852593,13.357142857142858,0.7889543583705186,0.8923197416153175,0.00673277045427436
279,5,LMM-1,7,8.657142857142857,0.8329931278350433,17.314285714285713,1.6659862556700866,0.8287321832201352,0.02182053236977188
279,5,LMM-2,7,6.8,0.3023715784073817,13.6,0.6047431568147634,0.8656550020575551,0.01157727626660484
279,6,LMM-1,7,8.571428571428571,0.7911070345636259,17.142857142857142,1.5822140691272517,0.7974810159833512,0.023690722014792286
279,6,LMM-2,7,6.3809523809523805,0.31765866819348404,12.761904761904761,0.6353173363869681,0.8487922283116422,0.012860940651373892
279,7,LMM-1,7,8.36734693877551,0.8183648022760581,16.73469387755102,1.6367296045521162,0.7690605356068719,0.029038177055552457
279,7,LMM-2,7,6.326530612244897,0.2929122468246391,12.653061224489795,0.5858244936492782,0.8191508450259599,0.01339263093978418
279,8,LMM-1,7,8.107142857142858,0.8383353281646787,16.214285714285715,1.6766706563293574,0.7465092835489882,0.032802308851125
279,8,LMM-2,7,6.035714285714286,0.37029359559513786,12.071428571428571,0.7405871911902757,0.8019001114255728,0.017605939334741947
280,2,LMM-1,7,10.857142857142858,0.7889543583705186,21.714285714285715,1.5779087167410373,0.9161060552545374,0.010004695094950946
280,2,LMM-2,7,9.642857142857142,1.355261854357877,19.285714285714285,2.710523708715754,0.920804721623011,0.013932229836184784
280,3,LMM-1,7,10.333333333333332,0.7559289460184546,20.666666666666664,1.5118578920369092,0.8800198989785333,0.014836117017114375
280,3,LMM-2,7,9.333333333333332,0.9258200997725515,18.666666666666664,1.851640199545103,0.8838940484824328,0.01397041950181704
280,4,LMM-1,7,9.928571428571429,0.7284313590846836,19.857142857142858,1.4568627181693672,0.8464461503599996,0.01819199569907315
280,4,LMM-2,7,8.857142857142858,0.7775550377527586,17.714285714285715,1.5551100755055172,0.8516938941769254,0.016510458237671787
280,5,LMM-1,7,9.571428571428571,0.7125693664765669,19.142857142857142,1.4251387329531338,0.8147680354361179,0.021399747607424666
280,5,LMM-2,7,8.657142857142857,0.6298687910013885,17.314285714285713,1.259737582002777,0.8194804174340103,0.017575874034535366
280,6,LMM-1,7,9.238095238095239,0.7392464141076204,18.476190476190478,1.4784928282152408,0.7864801764645861,0.02575462641963179
280,6,LMM-2,7,8.333333333333332,0.5634361698190109,16.666666666666664,1.1268723396380218,0.7918902363199775,0.018034714456573987
280,7,LMM-1,7,9.0,0.7597759375096441,18.0,1.5195518750192882,0.7590920960720424,0.029802565842763244
280,7,LMM-2,7,8.204081632653061,0.6290218370376506,16.408163265306122,1.2580436740753012,0.7637540406590245,0.01956226554469817
280,8,LMM-1,7,8.785714285714286,0.786930876304668,17.571428571428573,1.573861752609336,0.7327278691151932,0.035419679349650686
280,8,LMM-2,7,8.0,0.6443435197381684,16.0,1.2886870394763368,0.7373244559981078,0.020597218508857967
281,2,LMM-1,7,16.285714285714285,0.45175395145262565,32.57142857142857,0.9035079029052513,0.8760071910432646,0.010530852018661009
281,2,LMM-2,7,9.857142857142858,0.5802884574739972,19.714285714285715,1.1605769149479943,0.9254953589172115,0.008086455055280387
281,3,LMM-1,7,15.952380952380953,0.4517539514526264,31.904761904761905,0.9035079029052528,0.8206639714914218,0.01475515756233158
281,3,LMM-2,7,10.80952380952381,0.7737179432986627,21.61904761904762,1.5474358865973254,0.8735953785698088,0.015191976391215882
281,4,LMM-1,7,15.285714285714286,0.45175395145262565,30.571428571428573,0.9035079029052513,0.7726138903254051,0.018467240389573206
281,4,LMM-2,7,10.785714285714286,0.8704326862109958,21.571428571428573,1.7408653724219916,0.8287109769405989,0.021511643657184637
281,5,LMM-1,7,14.571428571428571,0.4060762972443397,29.142857142857142,0.8121525944886794,0.7309753919845047,0.02053320967002167
281,5,LMM-2,7,10.457142857142857,0.8797031039051798,20.914285714285715,1.7594062078103596,0.7900465888007379,0.025892325872319093
281,6,LMM-1,7,14.11904761904762,0.5684445898244437,28.23809523809524,1.1368891796488874,0.6893091162269871,0.030122546301481402
281,6,LMM-2,7,10.238095238095237,1.0307076581863506,20.476190476190474,2.061415316372701,0.7513410454270524,0.03697926134693269
281,7,LMM-1,7,13.63265306122449,0.5114271055568028,27.26530612244898,1.0228542111136056,0.6546290144713052,0.030598382786093916
281,7,LMM-2,7,10.16326530612245,0.898422885838985,20.3265306122449,1.79684577167797,0.7078360991819929,0.0347774123212828
281,8,LMM-1,7,13.160714285714286,0.5457395282120044,26.321428571428573,1.0914790564240089,0.6247181184320219,0.03350851007337268
281,8,LMM-2,7,9.875,0.8838834764831844,19.75,1.7677669529663689,0.6774910088582288,0.036323695565986684
282,2,LMM-1,7,11.142857142857142,0.6388765649999399,22.285714285714285,1.2777531299998799,0.9110844582783725,0.00974787847343948
282,2,LMM-2,7,9.5,1.7728105208558367,19.0,3.5456210417116734,0.9180896573377699,0.01882528860956364
282,3,LMM-1,7,11.142857142857142,0.4312088161017814,22.285714285714285,0.8624176322035628,0.8666253641921504,0.012339013642846841
282,3,LMM-2,7,8.952380952380953,1.6078040967746794,17.904761904761905,3.215608193549359,0.8854063942791598,0.025309237035843906
282,4,LMM-1,7,10.75,0.5824823725107175,21.5,1.164964745021435,0.8297317566132021,0.01669645539693186
282,4,LMM-2,7,8.785714285714286,1.365575306736083,17.571428571428573,2.731150613472166,0.8509273648735496,0.031229110028213065
282,5,LMM-1,7,10.62857142857143,0.7284313590846837,21.25714285714286,1.4568627181693674,0.7906102808345523,0.023678333876716594
282,5,LMM-2,7,8.77142857142857,1.3284946214357338,17.54285714285714,2.6569892428714676,0.8145359441450949,0.03516654529082911
282,6,LMM-1,7,10.357142857142858,0.7206069500200739,20.714285714285715,1.4412139000401478,0.7581286135862487,0.027604513904499993
282,6,LMM-2,7,8.714285714285714,1.317508126881612,17.428571428571427,2.635016253763224,0.7828180483151489,0.040289624441725784
282,7,LMM-1,7,10.244897959183675,0.7738973561574913,20.48979591836735,1.5477947123149827,0.7217830909895724,0.0338654608162486
282,7,LMM-2,7,8.653061224489795,1.167732204156732,17.30612244897959,2.335464408313464,0.7512260726361675,0.04472850384332628
282,8,LMM-1,7,10.125,0.773443136703847,20.25,1.546886273407694,0.6910840374970072,0.03763586324802676
282,8,LMM-2,7,8.482142857142858,1.124858267715973,16.964285714285715,2.249716535431946,0.7246613420544527,0.04766762711541451
283,2,LMM-1,7,11.642857142857142,0.989743318610787,23.285714285714285,1.979486637221574,0.9204719717107451,0.012615095947687175
283,2,LMM-2,7,9.571428571428571,2.077577081749855,19.142857142857142,4.15515416349971,0.9302838239904403,0.021525565750857446
283,3,LMM-1,7,11.142857142857142,0.989743318610787,22.285714285714285,1.979486637221574,0.8840706859865163,0.018193822796038372
283,3,LMM-2,7,9.333333333333332,1.7906281597107776,18.666666666666664,3.581256319421555,0.8948432021412183,0.027976245558779447
283,4,LMM-1,7,10.607142857142858,0.8949974347244049,21.214285714285715,1.7899948694488097,0.8526808962843901,0.021591041363871584
283,4,LMM-2,7,9.25,1.3429711197830834,18.5,2.6859422395661667,0.8553452816371523,0.02737874881069282
283,5,LMM-1,7,10.314285714285715,0.5938459911664724,20.62857142857143,1.1876919823329448,0.8175494823453596,0.017435031150645347
283,5,LMM-2,7,8.942857142857143,1.1197667395580244,17.885714285714286,2.239533479116049,0.8215748810470919,0.02756691641048268
283,6,LMM-1,7,10.0,0.6842908506285675,20.0,1.368581701257135,0.785581180993239,0.025484029838338213
283,6,LMM-2,7,8.761904761904763,1.0073426572050563,17.523809523809526,2.0146853144101127,0.7865072694259708,0.030989548591732873
283,7,LMM-1,7,9.775510204081632,0.6382243171882406,19.551020408163264,1.2764486343764812,0.7552820129920209,0.0232749498500193
283,7,LMM-2,7,8.612244897959183,0.9710512043567608,17.224489795918366,1.9421024087135217,0.7541093575866862,0.03424321242560549
283,8,LMM-1,7,9.464285714285714,0.7371345514482247,18.928571428571427,1.4742691028964494,0.7288917568374628,0.031642563781456474
283,8,LMM-2,7,8.446428571428571,0.9996810715913147,16.892857142857142,1.9993621431826294,0.7227210185821648,0.03903515357409534
284,2,LMM-1,7,17.0,1.224744871391589,34.0,2.449489742783178,0.8574078059976203,0.010863338615462107
284,2,LMM-2,7,9.5,1.224744871391589,19.0,2.449489742783178,0.920534080403839,0.013406756585633227
284,3,LMM-1,7,17.0,0.8164965809277256,34.0,1.6329931618554512,0.7927522224765042,0.010044153751203799
284,3,LMM-2,7,10.666666666666668,0.8164965809277263,21.333333333333336,1.6329931618554525,0.8636556981323377,0.012578373756217426
284,4,LMM-1,7,17.0,0.6123724356957945,34.0,1.224744871391589,0.7329722004457482,0.009286742147043909
284,4,LMM-2,7,11.25,0.6123724356957945,22.5,1.224744871391589,0.8102917434509631,0.011801175425281002
284,5,LMM-1,7,16.8,0.48989794855663577,33.6,0.9797958971132715,0.6779350178549842,0.008589422217434892
284,5,LMM-2,7,12.0,0.4898979485566351,24.0,0.9797958971132702,0.7494488156987531,0.01091505253239115
284,6,LMM-1,7,16.666666666666664,0.4082482904638628,33.33333333333333,0.8164965809277256,0.627889294503,0.007955343969924925
284,6,LMM-2,7,12.0,0.4082482904638628,24.0,0.8164965809277256,0.7043487114601031,0.010258209801213817
284,7,LMM-1,7,16.42857142857143,0.3499271061118832,32.85714285714286,0.6998542122237664,0.583224380883158,0.007389440466960943
284,7,LMM-2,7,10.857142857142858,0.3499271061118826,21.714285714285715,0.6998542122237652,0.6916785590799994,0.010073680349801864
284,8,LMM-1,7,16.125,0.30618621784789724,32.25,0.6123724356957945,0.5431020938045931,0.00721710972927243
284,8,LMM-2,7,10.75,0.30618621784789724,21.5,0.6123724356957945,0.6535839094593362,0.009924742275146706
285,2,LMM-1,7,13.214285714285714,0.7953949089757174,26.428571428571427,1.5907898179514348,0.8851396819253373,0.017165103506452395
285,2,LMM-2,7,11.214285714285714,0.7953949089757174,22.428571428571427,1.5907898179514348,0.8964740216403956,0.016767443529911902
285,3,LMM-1,7,12.809523809523808,0.773717943298663,25.619047619047617,1.547435886597326,0.8419739594700817,0.019450649125113295
285,3,LMM-2,7,10.904761904761903,0.8857654875113466,21.809523809523807,1.7715309750226933,0.8564999981110085,0.02080865627272177
285,4,LMM-1,7,12.714285714285714,1.183431537555778,25.428571428571427,2.366863075111556,0.7887918838155735,0.03227028837568004
285,4,LMM-2,7,10.75,1.1338934190276817,21.5,2.2677868380553634,0.8089156371942557,0.0317336450419895
285,5,LMM-1,7,12.371428571428572,1.0872170051680257,24.742857142857144,2.1744340103360513,0.7511432934042184,0.03245984161446327
285,5,LMM-2,7,10.457142857142857,1.1043513194335823,20.914285714285715,2.2087026388671647,0.7737108302910288,0.03347860380871845
285,6,LMM-1,7,11.976190476190478,1.0251928638862373,23.952380952380956,2.0503857277724746,0.7179573399653909,0.03245899517017688
285,6,LMM-2,7,10.142857142857142,1.107078851196445,20.285714285714285,2.21415770239289,0.7402670440698121,0.036404934646412826
285,7,LMM-1,7,11.571428571428571,1.0663143247031126,23.142857142857142,2.132628649406225,0.6835110248323317,0.039096830357880696
285,7,LMM-2,7,9.959183673469388,1.194531479727502,19.918367346938776,2.389062959455004,0.7085505338202388,0.043183884562942525
285,8,LMM-1,7,11.375,1.1989578808281798,22.75,2.3979157616563596,0.6494384545749996,0.04461142385793761
285,8,LMM-2,7,9.75,1.226566054362457,19.5,2.453132108724914,0.6768989393576131,0.04714052902970082
286,2,LMM-1,7,13.142857142857142,0.6388765649999399,26.285714285714285,1.2777531299998799,0.8997916418725084,0.014333600205580093
286,2,LMM-2,7,7.642857142857143,0.8748177652797064,15.285714285714286,1.749635530559413,0.9412125151989184,0.014513596864712859
286,3,LMM-1,7,13.142857142857142,0.6388765649999399,26.285714285714285,1.2777531299998799,0.8550993411290804,0.01767232731029724
286,3,LMM-2,7,7.6190476190476195,0.7221786137191953,15.238095238095239,1.4443572274383907,0.9148938594638617,0.015628491544797757
286,4,LMM-1,7,13.035714285714286,0.7249208260780157,26.071428571428573,1.4498416521560313,0.8093993955360833,0.02367967908820834
286,4,LMM-2,7,7.678571428571429,0.809698860625331,15.357142857142858,1.619397721250662,0.8828264516109445,0.02051611390355927
286,5,LMM-1,7,12.771428571428572,0.7814168189244197,25.542857142857144,1.5628336378488394,0.7695035219573602,0.029556308312270383
286,5,LMM-2,7,7.8,0.7559289460184545,15.6,1.511857892036909,0.8499021579451903,0.02392277515911825
286,6,LMM-1,7,12.595238095238093,0.8206518066482898,25.190476190476186,1.6413036132965797,0.731922952500926,0.03477747106294928
286,6,LMM-2,7,7.642857142857143,0.8377434326551993,15.285714285714286,1.6754868653103987,0.824077025540709,0.030183270229621036
286,7,LMM-1,7,12.387755102040817,0.792509707712147,24.775510204081634,1.585019415424294,0.6995297958749946,0.03706272857778696
286,7,LMM-2,7,7.551020408163265,0.9701930060412008,15.10204081632653,1.9403860120824017,0.8003847399719859,0.036125383755448874
286,8,LMM-1,7,12.125,0.871165065546462,24.25,1.742330131092924,0.6710221729432456,0.04084378114247576
286,8,LMM-2,7,7.375,0.8838834764831844,14.75,1.7677669529663689,0.7798192016269268,0.035354257316092944
287,2,LMM-1,7,11.5,0.5345224838248488,23.0,1.0690449676496976,0.9144834257363026,0.009929476776510673
287,2,LMM-2,7,9.0,1.3093073414159544,18.0,2.618614682831909,0.9316932751343069,0.011374183278534438
287,3,LMM-1,7,11.333333333333334,0.5345224838248488,22.666666666666668,1.0690449676496976,0.8744027702923229,0.014225261441197946
287,3,LMM-2,7,8.047619047619047,0.9828460685976333,16.095238095238095,1.9656921371952667,0.9086254298148021,0.015769043821743135
287,4,LMM-1,7,11.25,0.5345224838248488,22.5,1.0690449676496976,0.8363785304554588,0.01812134051773737
287,4,LMM-2,7,8.107142857142858,0.989743318610787,16.214285714285715,1.979486637221574,0.8780738647742732,0.019683857897486823
287,5,LMM-1,7,10.885714285714286,0.6033917737697961,21.771428571428572,1.2067835475395923,0.8030618046979618,0.023814277001033182
287,5,LMM-2,7,7.971428571428571,0.9880923694737475,15.942857142857141,1.976184738947495,0.8485197252569786,0.02349790225265153
287,6,LMM-1,7,10.428571428571429,0.6598288790738578,20.857142857142858,1.3196577581477156,0.774109224396712,0.028661520953575534
287,6,LMM-2,7,7.69047619047619,0.9776411984594193,15.38095238095238,1.9552823969188386,0.8225480709496925,0.0258209842049074
287,7,LMM-1,7,10.020408163265305,0.9641642294708341,20.04081632653061,1.9283284589416683,0.7447148373267557,0.04094894292232888
287,7,LMM-2,7,7.795918367346938,1.0183653020305836,15.591836734693876,2.0367306040611672,0.7886119573935426,0.03518288079831369
287,8,LMM-1,7,9.642857142857142,1.0636623294168164,19.285714285714285,2.1273246588336328,0.719162328536363,0.04825447952791803
287,8,LMM-2,7,7.642857142857143,1.067851170551861,15.285714285714286,2.135702341103722,0.7635236396381497,0.039909558515744965
288,2,LMM-1,7,11.928571428571429,1.2936264483053452,23.857142857142858,2.5872528966106905,0.9103933246852108,0.016513259744732025
288,2,LMM-2,7,9.5,0.0,19.0,0.0,0.9286288358541833,0.0
288,3,LMM-1,7,10.904761904761903,1.3299276232160895,21.809523809523807,2.659855246432179,0.8711594588825063,0.026524366602746006
288,3,LMM-2,7,8.857142857142858,0.4312088161017814,17.714285714285715,0.8624176322035628,0.891419101288823,0.012848398930021392
288,4,LMM-1,7,10.392857142857142,1.3286482312670196,20.785714285714285,2.657296462534039,0.8354420492618558,0.032404121566167704
288,4,LMM-2,7,8.607142857142858,0.5646924393157821,17.214285714285715,1.1293848786315641,0.8577208387314064,0.013617598796556617
288,5,LMM-1,7,10.057142857142859,1.4251387329531346,20.114285714285717,2.8502774659062693,0.7981123642908365,0.041549558600562995
288,5,LMM-2,7,8.542857142857143,0.6298687910013887,17.085714285714285,1.2597375820027774,0.8230495987768726,0.021596048890793543
288,6,LMM-1,7,9.666666666666668,1.4170167634634772,19.333333333333336,2.8340335269269543,0.7698714080284612,0.04628187141269643
288,6,LMM-2,7,8.476190476190476,0.7095078297976827,16.952380952380953,1.4190156595953654,0.788360717511661,0.03071310232432934
288,7,LMM-1,7,9.408163265306124,1.4637078430237638,18.816326530612248,2.9274156860475276,0.739713161385976,0.05340891920435821
288,7,LMM-2,7,8.204081632653061,0.9440843678547248,16.408163265306122,1.8881687357094497,0.7589201219109823,0.04196477534860251
288,8,LMM-1,7,9.089285714285714,1.4588313046785786,18.178571428571427,2.917662609357157,0.7154286761276698,0.05937494804751611
288,8,LMM-2,7,8.214285714285714,1.2095495872768642,16.428571428571427,2.4190991745537285,0.72925743030293,0.05537768668318747
289,2,LMM-1,7,12.285714285714286,0.45175395145262565,24.571428571428573,0.9035079029052513,0.9132099676623547,0.00642178765640082
289,2,LMM-2,7,9.428571428571429,1.498298354528788,18.857142857142858,2.996596709057576,0.9320222831705147,0.013449100472362216
289,3,LMM-1,7,11.571428571428571,0.38685897164933136,23.142857142857142,0.7737179432986627,0.8772890891890738,0.00942081312584859
289,3,LMM-2,7,9.047619047619047,1.2399253872658609,18.095238095238095,2.4798507745317218,0.9031304920532356,0.01793075470359772
289,4,LMM-1,7,11.0,0.4629100498862757,22.0,0.9258200997725514,0.8432210255333711,0.011932759441502678
289,4,LMM-2,7,8.785714285714286,1.0809104250301111,17.571428571428573,2.1618208500602223,0.8676137973785816,0.023786131842815236
289,5,LMM-1,7,10.799999999999999,0.5554920598635312,21.599999999999998,1.1109841197270625,0.8064536112959318,0.01600052273152534
289,5,LMM-2,7,8.457142857142857,1.1299268533305824,16.914285714285715,2.259853706661165,0.8392549144231367,0.028401518232528303
289,6,LMM-1,7,10.476190476190476,0.5150787536377129,20.952380952380953,1.0301575072754259,0.7743120807766399,0.018743752968905427
289,6,LMM-2,7,8.190476190476192,1.0367400503370117,16.380952380952383,2.0734801006740233,0.8111942201897071,0.03258827638501144
289,7,LMM-1,7,10.10204081632653,0.5162902302315721,20.20408163265306,1.0325804604631441,0.7467349418633732,0.020966107054717225
289,7,LMM-2,7,7.877551020408163,0.9880586479110368,15.755102040816325,1.9761172958220736,0.7869459368841863,0.034510915347982424
289,8,LMM-1,7,9.910714285714286,0.5813864498607038,19.821428571428573,1.1627728997214075,0.7125132974158686,0.02369079920789744
289,8,LMM-2,7,7.821428571428571,1.0476528674194734,15.642857142857142,2.0953057348389468,0.7554336489276515,0.03828079716130438
290,2,LMM-1,7,13.214285714285714,1.0973065354098013,26.428571428571427,2.1946130708196026,0.8827252504055156,0.013533200758723496
290,2,LMM-2,7,10.214285714285714,1.2494896917525644,20.428571428571427,2.498979383505129,0.9074190318669814,0.01617481436308299
290,3,LMM-1,7,12.380952380952381,0.9988655696858586,24.761904761904763,1.9977311393717172,0.8409777442953202,0.017478950638862383
290,3,LMM-2,7,9.380952380952381,1.118794297568641,18.761904761904763,2.237588595137282,0.8750459333937497,0.021095065628682037
290,4,LMM-1,7,11.892857142857142,0.9529760045804524,23.785714285714285,1.9059520091609048,0.8020653639588057,0.021007748265251064
290,4,LMM-2,7,9.107142857142858,1.4383593261144476,18.214285714285715,2.8767186522288952,0.8397512884269516,0.034245894416802654
290,5,LMM-1,7,11.571428571428571,0.9822921964383476,23.142857142857142,1.9645843928766953,0.7637260774501853,0.025873165178102564
290,5,LMM-2,7,8.857142857142858,1.4251387329531342,17.714285714285715,2.8502774659062684,0.8077478101704049,0.04014038279561301
290,6,LMM-1,7,11.547619047619047,1.067983880571705,23.095238095238095,2.13596776114341,0.7220215336074725,0.0316101908464838
290,6,LMM-2,7,8.880952380952381,1.1673953021077395,17.761904761904763,2.334790604215479,0.7714011672158241,0.039273752550619545
290,7,LMM-1,7,11.673469387755103,1.0293485888096727,23.346938775510207,2.0586971776193455,0.678497351753445,0.03343548118932352
290,7,LMM-2,7,9.061224489795919,1.2474046359131532,18.122448979591837,2.4948092718263064,0.7327808272281119,0.046886598248030965
290,8,LMM-1,7,11.625,1.1299494299683124,23.25,2.2598988599366248,0.6413518350845135,0.03894806666254883
290,8,LMM-2,7,9.142857142857142,1.340356714628229,18.285714285714285,2.680713429256458,0.6966574949196251,0.053080764196286746
291,2,LMM-1,7,12.285714285714286,1.385051387833237,24.571428571428573,2.770102775666474,0.8960246241904909,0.01814560136248272
291,2,LMM-2,7,9.0,2.7774602993176543,18.0,5.5549205986353085,0.9227327634063196,0.032215681114486173
291,3,LMM-1,7,11.95238095238095,1.385051387833237,23.9047619047619,2.770102775666474,0.8503992716752045,0.025729757234017644
291,3,LMM-2,7,8.666666666666666,2.777460299317654,17.333333333333332,5.554920598635308,0.8889722343043784,0.04660855196869393
291,4,LMM-1,7,11.857142857142858,1.4321384039831015,23.714285714285715,2.864276807966203,0.8055118629386236,0.03356380669393039
291,4,LMM-2,7,8.607142857142858,2.8279761278327364,17.214285714285715,5.655952255665473,0.8539688828082792,0.061095733636938473
291,5,LMM-1,7,11.599999999999998,1.469693845669907,23.199999999999996,2.939387691339814,0.7635068466873319,0.04074861906771258
291,5,LMM-2,7,8.542857142857143,2.4812768273365933,17.085714285714285,4.9625536546731865,0.8165959429123039,0.06479918142655519
291,6,LMM-1,7,11.30952380952381,1.3784871262981075,22.61904761904762,2.756974252596215,0.7272026534776618,0.04520006595506753
291,6,LMM-2,7,8.357142857142858,2.29289546523876,16.714285714285715,4.58579093047752,0.7867032899905456,0.07021310441066238
291,7,LMM-1,7,11.285714285714286,1.2981260321460613,22.571428571428573,2.5962520642921225,0.6882769087175206,0.048492612571620346
291,7,LMM-2,7,8.26530612244898,2.185865769631981,16.53061224489796,4.371731539263962,0.7566679738817426,0.0763295673442756
291,8,LMM-1,7,10.910714285714286,1.3358288720903602,21.821428571428573,2.6716577441807203,0.6598976062462043,0.05313877973672339
291,8,LMM-2,7,8.232142857142858,1.966719271751195,16.464285714285715,3.93343854350239,0.7260137814757643,0.07629307017596988
292,2,LMM-1,7,10.642857142857142,0.44031528592635544,21.285714285714285,0.8806305718527109,0.9156741876881405,0.007486653387170949
292,2,LMM-2,7,7.642857142857143,1.4568627181693672,15.285714285714286,2.9137254363387344,0.939120221511344,0.016799701207567467
292,3,LMM-1,7,10.190476190476192,0.5593971487843206,20.380952380952383,1.1187942975686411,0.8766766617455162,0.011781337693374626
292,3,LMM-2,7,7.285714285714286,1.473884527670682,14.571428571428571,2.947769055341364,0.9097800347715621,0.025122800548336696
292,4,LMM-1,7,9.821428571428571,0.4164965639175215,19.642857142857142,0.832993127835043,0.8400662110775727,0.012694287976853413
292,4,LMM-2,7,6.785714285714286,1.1528580279692124,13.571428571428571,2.305716055938425,0.8864066105004957,0.025204622352254936
292,5,LMM-1,7,9.571428571428571,0.4712120714991614,19.142857142857142,0.9424241429983228,0.806137880064039,0.016135927576597143
292,5,LMM-2,7,6.6000000000000005,1.0364775512695459,13.200000000000001,2.0729551025390918,0.8606125163470687,0.02899604432628959
292,6,LMM-1,7,9.428571428571429,0.49487165930539356,18.857142857142858,0.9897433186107871,0.7738019528966437,0.018847753207657726
292,6,LMM-2,7,6.547619047619048,1.1187942975686411,13.095238095238097,2.2375885951372823,0.8344502325040466,0.03630027459881213
292,7,LMM-1,7,9.26530612244898,0.5089781189118336,18.53061224489796,1.0179562378236673,0.7427771849911292,0.02236236951599796
292,7,LMM-2,7,6.408163265306123,0.9113107576231064,12.816326530612246,1.8226215152462129,0.809724936711745,0.03395356160451688
292,8,LMM-1,7,9.107142857142858,0.4974424384708614,18.214285714285715,0.9948848769417228,0.7135276672278535,0.023973214111375537
292,8,LMM-2,7,6.464285714285714,0.8882021511032777,12.928571428571429,1.7764043022065554,0.7827981625300807,0.03521426390097264
293,2,LMM-1,7,15.928571428571429,1.7408653724219916,31.857142857142858,3.481730744843983,0.8494918807308806,0.021965809769076153
293,2,LMM-2,7,10.071428571428571,0.7284313590846836,20.142857142857142,1.4568627181693672,0.903117317409025,0.014103971180114071
293,3,LMM-1,7,16.095238095238095,1.9656921371952656,32.19047619047619,3.931384274390531,0.7750408614456956,0.036387984115858155
293,3,LMM-2,7,10.0,1.1126972805283732,20.0,2.2253945610567465,0.8516613133695741,0.02757857952858493
293,4,LMM-1,7,15.892857142857142,2.1499881347560588,31.785714285714285,4.2999762695121175,0.7175127198328493,0.04443218836067205
293,4,LMM-2,7,9.785714285714286,1.1605769149479943,19.571428571428573,2.3211538298959886,0.8134104352202173,0.03296976378544773
293,5,LMM-1,7,16.0,1.8973665961010273,32.0,3.7947331922020546,0.6603789157868155,0.04149802966256262
293,5,LMM-2,7,9.37142857142857,1.081948355929228,18.74285714285714,2.163896711858456,0.7841699795871203,0.03183364562854146
293,6,LMM-1,7,16.0,1.5836465855538944,32.0,3.1672931711077887,0.6052171084822826,0.040007981589958864
293,6,LMM-2,7,9.857142857142858,1.2923111185820866,19.714285714285715,2.584622237164173,0.7305515285929667,0.04324621047949196
293,7,LMM-1,7,15.714285714285714,1.8134579503284136,31.428571428571427,3.6269159006568272,0.5602638229252739,0.047887239020959246
293,7,LMM-2,7,10.16326530612245,1.5657198186789087,20.3265306122449,3.1314396373578175,0.6814704085095836,0.056222748032772614
293,8,LMM-1,7,15.517857142857142,1.950765156003549,31.035714285714285,3.901530312007098,0.5194093549347178,0.0531532073893821
293,8,LMM-2,7,9.892857142857142,1.5704136332800467,19.785714285714285,3.1408272665600934,0.652016807150421,0.06088226862511435
294,2,LMM-1,7,12.285714285714286,1.2777531299998799,24.571428571428573,2.5555062599997598,0.9023002292334501,0.014158395829622554
294,2,LMM-2,7,10.285714285714286,1.749635530559413,20.571428571428573,3.499271061118826,0.9137774204769513,0.020345275690343015
294,3,LMM-1,7,11.95238095238095,1.214052265141139,23.9047619047619,2.428104530282278,0.8564868777955057,0.019608406925692292
294,3,LMM-2,7,10.333333333333332,1.0983392947305517,20.666666666666664,2.1966785894611034,0.868152089400061,0.01909693040844072
294,4,LMM-1,7,11.857142857142858,1.1168925550794206,23.714285714285715,2.2337851101588413,0.8130866712598664,0.02242235787483324
294,4,LMM-2,7,10.25,0.823754471047914,20.5,1.647508942095828,0.8270326615391586,0.018079912002299213
294,5,LMM-1,7,11.6,1.1058287131636355,23.2,2.211657426327271,0.7723582926361224,0.026187772957058764
294,5,LMM-2,7,9.914285714285713,0.7548482750641662,19.828571428571426,1.5096965501283324,0.790320865006505,0.01929318045499228
294,6,LMM-1,7,11.333333333333332,1.1233453440081378,22.666666666666664,2.2466906880162756,0.7358197916747846,0.030431543740063443
294,6,LMM-2,7,9.595238095238097,0.8254731344457006,19.190476190476193,1.6509462688914012,0.7575101614609004,0.024805755049445488
294,7,LMM-1,7,11.183673469387754,1.051763161365316,22.36734693877551,2.103526322730632,0.6995188390326434,0.032359771778470194
294,7,LMM-2,7,9.346938775510205,0.9158696192782396,18.69387755102041,1.8317392385564792,0.7266035127231666,0.031186594381640467
294,8,LMM-1,7,10.964285714285714,1.0473484499010843,21.928571428571427,2.0946968998021687,0.6681300626717228,0.0350367118853236
294,8,LMM-2,7,9.107142857142858,0.9553154196496612,18.214285714285715,1.9106308392993223,0.6983011502838029,0.03587838753547997
295,2,LMM-1,7,14.357142857142858,2.19925775976295,28.714285714285715,4.3985155195259,0.8713682589494454,0.026433846408885794
295,2,LMM-2,7,9.428571428571429,0.6776309271789385,18.857142857142858,1.355261854357877,0.9112485550219356,0.007808281026229534
295,3,LMM-1,7,13.761904761904763,1.9897697538834456,27.523809523809526,3.979539507766891,0.8230962605252948,0.03288672884297559
295,3,LMM-2,7,9.61904761904762,0.45175395145262565,19.23809523809524,0.9035079029052513,0.8671706928012473,0.0074456726656593145
295,4,LMM-1,7,13.428571428571429,1.9397822305714671,26.857142857142858,3.8795644611429343,0.7779116194643833,0.03551216313164478
295,4,LMM-2,7,9.214285714285714,0.6039833759031343,18.428571428571427,1.2079667518062687,0.8360915647929492,0.013885202178370283
295,5,LMM-1,7,13.37142857142857,2.1069370359527566,26.74285714285714,4.213874071905513,0.7275256926350936,0.045993872372480385
295,5,LMM-2,7,9.314285714285715,0.5540205551332948,18.62857142857143,1.1080411102665897,0.7918332071632704,0.014315414267749266
295,6,LMM-1,7,12.857142857142858,2.090091080700452,25.714285714285715,4.180182161400904,0.6922103536492995,0.04931325178404342
295,6,LMM-2,7,9.0,0.5841830545897762,18.0,1.1683661091795523,0.761837960399478,0.01758972186880651
295,7,LMM-1,7,12.73469387755102,2.221585822150739,25.46938775510204,4.443171644301478,0.651142944781306,0.056423933399033586
295,7,LMM-2,7,9.040816326530612,0.6237023179565765,18.081632653061224,1.247404635913153,0.7241063466856091,0.019831871042962614
295,8,LMM-1,7,12.535714285714286,2.3017018991722322,25.071428571428573,4.6034037983444644,0.6165073065829478,0.06199274842219896
295,8,LMM-2,7,8.928571428571429,0.6743288424464002,17.857142857142858,1.3486576848928005,0.6938214480757879,0.022964181065476617
296,2,LMM-1,7,13.142857142857142,0.3499271061118826,26.285714285714285,0.6998542122237652,0.8949784922005924,0.010786204594690698
296,2,LMM-2,7,9.642857142857142,2.3408528011677054,19.285714285714285,4.681705602335411,0.9195036666278623,0.02545052419484414
296,3,LMM-1,7,12.809523809523808,0.3499271061118826,25.619047619047617,0.6998542122237652,0.8481509961578437,0.015253420302279115
296,3,LMM-2,7,9.285714285714286,2.332847374079217,18.571428571428573,4.665694748158434,0.8839073410822509,0.036452548666135606
296,4,LMM-1,7,12.642857142857142,0.3499271061118826,25.285714285714285,0.6998542122237652,0.8023401060030746,0.019139778701562582
296,4,LMM-2,7,8.892857142857142,2.569940045358003,17.785714285714285,5.139880090716006,0.8519634464983118,0.050721660064110864
296,5,LMM-1,7,12.342857142857142,0.3499271061118826,24.685714285714283,0.6998542122237652,0.7627613488514504,0.022626728792319157
296,5,LMM-2,7,9.0,2.143428495258406,18.0,4.286856990516812,0.8135514386371634,0.052026761547726647
296,6,LMM-1,7,12.0,0.4082482904638628,24.0,0.8164965809277256,0.7272411172922769,0.026114781079681064
296,6,LMM-2,7,8.976190476190476,1.8844151368961317,17.952380952380953,3.7688302737922634,0.7775248966372941,0.0545284946070526
296,7,LMM-1,7,11.73469387755102,0.3999166926992942,23.46938775510204,0.7998333853985884,0.6937194897026043,0.028852476471649898
296,7,LMM-2,7,8.877551020408163,1.668484362119975,17.755102040816325,3.33696872423995,0.7457125967147874,0.054996022297019595
296,8,LMM-1,7,11.535714285714286,0.3936679943758679,23.071428571428573,0.7873359887517358,0.6617565679977525,0.031243309492275245
296,8,LMM-2,7,8.821428571428571,1.514597339902859,17.642857142857142,3.029194679805718,0.7144973532711631,0.055870645899242156
297,2,LMM-1,7,11.0,1.4880476182856899,22.0,2.9760952365713798,0.9101087217046923,0.014409334608742642
297,2,LMM-2,7,7.714285714285714,0.45175395145262565,15.428571428571429,0.9035079029052513,0.9379941166249106,0.008183125792988338
297,3,LMM-1,7,10.857142857142858,1.3196577581477158,21.714285714285715,2.6393155162954316,0.8685787626745265,0.020031881602660312
297,3,LMM-2,7,7.285714285714286,0.32991443953692917,14.571428571428571,0.6598288790738583,0.9116985035726406,0.007421701354353257
297,4,LMM-1,7,10.607142857142858,1.1866605518454392,21.214285714285715,2.3733211036908783,0.8306984750598237,0.025105359436868237
297,4,LMM-2,7,7.107142857142857,0.3234066120763363,14.214285714285714,0.6468132241526726,0.8856655766237383,0.008650143957953486
297,5,LMM-1,7,10.37142857142857,1.2162169516453007,20.74285714285714,2.4324339032906015,0.7955614555178869,0.03058659550430567
297,5,LMM-2,7,6.8,0.3023715784073817,13.6,0.6047431568147634,0.8634207739396721,0.008744736788565138
297,6,LMM-1,7,10.142857142857142,1.2358037402248554,20.285714285714285,2.471607480449711,0.763388331073647,0.03582342625132843
297,6,LMM-2,7,6.523809523809524,0.2876915707998706,13.047619047619047,0.5753831415997412,0.8434174191251262,0.009095181637488837
297,7,LMM-1,7,10.0,1.291370777106643,20.0,2.582741554213286,0.7317169847549535,0.04203008823617367
297,7,LMM-2,7,6.530612244897959,0.44990627928670623,13.061224489795919,0.8998125585734125,0.8178437308579561,0.013883486103201935
297,8,LMM-1,7,9.928571428571429,1.2987926104262986,19.857142857142858,2.597585220852597,0.6997550963215904,0.046546652640968876
297,8,LMM-2,7,6.517857142857143,0.29450754468697576,13.035714285714286,0.5890150893739515,0.793325742157563,0.009839578383191633
298,2,LMM-1,7,12.142857142857142,3.0904725218262765,24.285714285714285,6.180945043652553,0.88873701795335,0.04386534437095322
298,2,LMM-2,7,9.214285714285714,2.249716535431946,18.428571428571427,4.499433070863892,0.9093519089720727,0.03214587165886217
298,3,LMM-1,7,11.714285714285714,2.946230152049147,23.428571428571427,5.892460304098294,0.8428304099029277,0.05827290674398096
298,3,LMM-2,7,9.19047619047619,1.9095178719774684,18.38095238095238,3.8190357439549367,0.8676516670097818,0.039765440745510965
298,4,LMM-1,7,11.357142857142858,2.9936156556708395,22.714285714285715,5.987231311341679,0.8005378869185612,0.07150474383411232
298,4,LMM-2,7,9.0,1.927248223318863,18.0,3.854496446637726,0.8301846651767031,0.04961610201379708
298,5,LMM-1,7,10.914285714285713,2.8402356901338672,21.828571428571426,5.6804713802677345,0.7679413853704192,0.07733583715629705
298,5,LMM-2,7,9.085714285714285,1.7594062078103603,18.17142857142857,3.5188124156207206,0.7926559094188728,0.052093177449310954
298,6,LMM-1,7,10.571428571428571,2.6634759823189738,21.142857142857142,5.3269519646379475,0.7387979624385738,0.07942204346676904
298,6,LMM-2,7,8.833333333333334,1.362770287738494,17.666666666666668,2.725540575476988,0.765520992519412,0.04734020314032338
298,7,LMM-1,7,10.204081632653061,2.5197264218858204,20.408163265306122,5.039452843771641,0.7099775351233898,0.08182817533955894
298,7,LMM-2,7,8.816326530612246,1.182265172078387,17.63265306122449,2.364530344156774,0.7361481148655893,0.05115854287070472
298,8,LMM-1,7,10.089285714285714,2.419889945212132,20.178571428571427,4.839779890424264,0.6788059716284678,0.08306998528187375
298,8,LMM-2,7,8.75,0.9425459443140463,17.5,1.8850918886280925,0.7073483955664972,0.047295469703686234
299,2,LMM-1,7,10.571428571428571,0.5624291338579865,21.142857142857142,1.124858267715973,0.9167061203215131,0.005720748780450374
299,2,LMM-2,7,9.928571428571429,0.1749635530559413,19.857142857142858,0.3499271061118826,0.9156673689049574,0.002668335556041531
299,3,LMM-1,7,10.095238095238097,0.5832118435198043,20.190476190476193,1.1664236870396085,0.8803391332279815,0.010047127666062439
299,3,LMM-2,7,9.476190476190476,0.3011693009684169,18.952380952380953,0.6023386019368338,0.8775483084736448,0.0050508389845217065
299,4,LMM-1,7,9.821428571428571,0.5933302759227196,19.642857142857142,1.1866605518454392,0.8435966556108223,0.012690047728590894
299,4,LMM-2,7,9.321428571428571,0.4573660169594892,18.642857142857142,0.9147320339189784,0.8390275733953924,0.007533762011596305
299,5,LMM-1,7,9.428571428571429,0.6627093431281829,18.857142857142858,1.3254186862563657,0.8111409735647521,0.016558518642943963
299,5,LMM-2,7,9.171428571428573,0.4462999814803802,18.342857142857145,0.8925999629607604,0.8033503343712456,0.008413327826130714
299,6,LMM-1,7,9.5,1.0578504710249075,19.0,2.115700942049815,0.7707128227289769,0.029627647008985795
299,6,LMM-2,7,9.30952380952381,0.7633914067562574,18.61904761904762,1.5267828135125148,0.7614787792527707,0.022243018630760926
299,7,LMM-1,7,9.469387755102042,1.189640134023647,18.938775510204085,2.379280268047294,0.7375502501862238,0.036104060599639144
299,7,LMM-2,7,9.224489795918368,0.9533037317654418,18.448979591836736,1.9066074635308836,0.7274134644755778,0.027496545234821243
299,8,LMM-1,7,9.5,1.479019945774904,19.0,2.958039891549808,0.7016529123448532,0.049471618303629235
299,8,LMM-2,7,9.428571428571429,0.9793792286287206,18.857142857142858,1.9587584572574412,0.6863091368524143,0.032366507899465116
300,2,LMM-1,7,9.714285714285714,0.9948848769417228,19.428571428571427,1.9897697538834456,0.9197415662071332,0.011996913461358338
300,2,LMM-2,7,7.714285714285714,0.7953949089757174,15.428571428571429,1.5907898179514348,0.9311717227778616,0.00795263572108082
300,3,LMM-1,7,9.476190476190476,0.9571310115353228,18.952380952380953,1.9142620230706455,0.8853397851725628,0.01706085780658628
300,3,LMM-2,7,7.857142857142857,0.85183541999992,15.714285714285714,1.70367083999984,0.8967244151305539,0.013485952489837194
300,4,LMM-1,7,9.178571428571429,0.8835226340609272,18.357142857142858,1.7670452681218545,0.8517644325804022,0.02202416580142801
300,4,LMM-2,7,7.607142857142857,0.8222046023729527,15.214285714285714,1.6444092047459054,0.8653551510297006,0.019406023519122094
300,5,LMM-1,7,8.857142857142858,0.9116032076310754,17.714285714285715,1.8232064152621508,0.8221630932058144,0.02660349396389511
300,5,LMM-2,7,7.3428571428571425,0.819158353533226,14.685714285714285,1.638316707066452,0.8379337523681816,0.021769317813116165
300,6,LMM-1,7,8.857142857142858,1.1765856286291274,17.714285714285715,2.353171257258255,0.7870662776014663,0.039502963263339165
300,6,LMM-2,7,7.428571428571429,0.9671474291233289,14.857142857142858,1.9342948582466577,0.8044939735618598,0.032396107848415935
300,7,LMM-1,7,8.591836734693876,1.1311352212694705,17.183673469387752,2.262270442538941,0.7611399138080286,0.04155786891374178
300,7,LMM-2,7,7.428571428571429,0.9598347768412122,14.857142857142858,1.9196695536824244,0.7751109579016635,0.03660190665758628
300,8,LMM-1,7,8.5,0.9682458365518543,17.0,1.9364916731037085,0.7327162520166002,0.04195026887878943
300,8,LMM-2,7,7.321428571428571,0.8960656635924555,14.642857142857142,1.792131327184911,0.7485866364161718,0.03971736567370933
