iteration,num_publishers,lmm,samples,avg_hops,avg_hops_std,avg_delay,avg_delay_std,avg_success_rate,avg_success_rate_std
1,4,LMM-1,7,12.441496598639457,0.36118765585932255,24.882993197278914,0.7223753117186451,0.7438292839690293,0.08202415617858064
1,4,LMM-2,7,9.932312925170068,0.5875170767085234,19.864625850340136,1.1750341534170468,0.7979630869705773,0.0649686691797299
1,5,LMM-1,7,11.959013605442177,0.5156726767055543,23.918027210884354,1.0313453534111086,0.7545364320928789,0.07859684485396712
1,5,LMM-2,7,9.476360544217686,0.48025916085531417,18.95272108843537,0.9605183217106283,0.8079141655427318,0.06327174739593729
1,6,LMM-1,7,10.479931972789116,0.4453478658798756,20.95986394557823,0.8906957317597513,0.8028255508890281,0.06880370792738143
1,6,LMM-2,7,7.788095238095238,0.7655641288449646,15.576190476190476,1.5311282576899292,0.8478045697736248,0.048141858645306214
1,7,LMM-1,7,10.462074829931973,0.4757278486467498,20.924149659863946,0.9514556972934995,0.8038715393197658,0.06736131391521016
1,7,LMM-2,7,7.859523809523809,0.6843985392621886,15.719047619047618,1.3687970785243773,0.8467698149333619,0.04966307074319937
1,8,LMM-1,7,10.497619047619049,0.5794379167087081,20.995238095238097,1.1588758334174163,0.8016153890427137,0.06714464427950673
1,8,LMM-2,7,7.387414965986395,0.7807768119033862,14.77482993197279,1.5615536238067724,0.8572742415653526,0.04588736877821625
1,9,LMM-1,7,9.15731292517007,0.7540239822209007,18.31462585034014,1.5080479644418014,0.8340359163919179,0.05573868409503972
1,9,LMM-2,7,8.094727891156463,0.5422742190193793,16.189455782312926,1.0845484380387587,0.8413790196385625,0.05346327734474042
1,10,LMM-1,7,9.333333333333332,0.6408699444616559,18.666666666666664,1.2817398889233118,0.8323017589583036,0.0575831206711137
1,10,LMM-2,7,7.975340136054421,0.5214700051432072,15.950680272108842,1.0429400102864144,0.8440483628421676,0.05495153208343941
2,4,LMM-1,7,10.01955782312925,0.6219248471688024,20.0391156462585,1.2438496943376047,0.800785984087722,0.06834077925643975
2,4,LMM-2,7,7.1925170068027215,0.5893867893409843,14.385034013605443,1.1787735786819686,0.8650727505217123,0.04845213827883988
2,5,LMM-1,7,9.49251700680272,0.6757429157082937,18.98503401360544,1.3514858314165874,0.8140820755547316,0.06110613212868952
2,5,LMM-2,7,9.373809523809523,0.6798609301568532,18.747619047619047,1.3597218603137065,0.817920281607298,0.058910616267969014
2,6,LMM-1,7,9.49251700680272,0.6757429157082937,18.98503401360544,1.3514858314165874,0.8134983914172287,0.06114465916824122
2,6,LMM-2,7,9.373809523809523,0.6798609301568532,18.747619047619047,1.3597218603137065,0.817920281607298,0.058910616267969014
2,7,LMM-1,7,9.136054421768707,0.8444558309488037,18.272108843537413,1.6889116618976074,0.831551548397636,0.05578183558053848
2,7,LMM-2,7,8.825510204081633,0.4759807604286218,17.651020408163266,0.9519615208572436,0.8305620383104856,0.058569894908097185
2,8,LMM-1,7,9.153911564625849,0.8212463354703823,18.307823129251698,1.6424926709407646,0.838193450727364,0.05506959904593632
2,8,LMM-2,7,7.861734693877551,0.29324156822553243,15.723469387755102,0.5864831364510649,0.8458950735564219,0.05886138859359297
2,9,LMM-1,7,9.153911564625849,0.8212463354703823,18.307823129251698,1.6424926709407646,0.838558935173445,0.054550742074641466
2,9,LMM-2,7,7.595578231292516,0.36645551958173844,15.191156462585033,0.7329110391634769,0.8471619154253588,0.05720369930974679
2,10,LMM-1,7,9.153911564625849,0.8212463354703823,18.307823129251698,1.6424926709407646,0.8369489160868471,0.054853656694017226
2,10,LMM-2,7,7.34030612244898,0.43357828754069366,14.68061224489796,0.8671565750813873,0.8548263030890354,0.052113089601754356
3,4,LMM-1,7,11.296938775510203,0.46888393546762563,22.593877551020405,0.9377678709352513,0.7599215415433115,0.09688599291807723
3,4,LMM-2,7,10.387585034013606,0.489661439872108,20.77517006802721,0.979322879744216,0.7606930467844094,0.09634680730308544
3,5,LMM-1,7,8.50952380952381,0.5663764763169196,17.01904761904762,1.1327529526338391,0.8307766836746653,0.05839227119339962
3,5,LMM-2,7,8.44982993197279,0.5538672052232345,16.89965986394558,1.107734410446469,0.8091278522459657,0.06783798462248315
3,6,LMM-1,7,8.50952380952381,0.5663764763169196,17.01904761904762,1.1327529526338391,0.8323623735231916,0.05865835305069119
3,6,LMM-2,7,8.342687074829932,0.6352843295483582,16.685374149659864,1.2705686590967165,0.8134815252057305,0.06390366669256013
3,7,LMM-1,7,7.701360544217687,0.5445772621632942,15.402721088435374,1.0891545243265883,0.8536606616404618,0.05215553531513031
3,7,LMM-2,7,8.035204081632653,0.7313892911762864,16.070408163265306,1.4627785823525727,0.8135613396645034,0.06468303631176192
3,8,LMM-1,7,7.176020408163265,0.45963853761994194,14.35204081632653,0.9192770752398839,0.8591579473281891,0.04915894802220267
3,8,LMM-2,7,6.606122448979591,0.48021911021677466,13.212244897959183,0.9604382204335493,0.85650099644462,0.04673486514180494
3,9,LMM-1,7,7.099489795918367,0.5398059380352521,14.198979591836734,1.0796118760705042,0.8608376788321669,0.047049908893806586
3,9,LMM-2,7,5.865136054421768,0.2894153108872182,11.730272108843536,0.5788306217744364,0.8893201045133079,0.04736671921216768
3,10,LMM-1,7,6.9255102040816325,0.5493387878161734,13.851020408163265,1.0986775756323468,0.86552909079853,0.04561803164715518
3,10,LMM-2,7,5.135714285714286,0.1787142286170972,10.271428571428572,0.3574284572341944,0.9003234051983079,0.04248062851504488
4,4,LMM-1,7,10.60017006802721,0.5068411276138156,21.20034013605442,1.0136822552276312,0.7814824217508693,0.07574263171274821
4,4,LMM-2,7,9.924319727891158,0.3486041959936654,19.848639455782315,0.6972083919873308,0.7805945949093253,0.07717189544869822
4,5,LMM-1,7,10.60017006802721,0.5068411276138156,21.20034013605442,1.0136822552276312,0.7860522393926068,0.07455843027308723
4,5,LMM-2,7,9.73843537414966,0.6068932774624144,19.47687074829932,1.2137865549248288,0.7718859177400461,0.07542093890373576
4,6,LMM-1,7,9.871938775510204,0.3990309858971462,19.743877551020407,0.7980619717942924,0.7989189760854726,0.07111161411646978
4,6,LMM-2,7,9.588095238095239,0.7387631386694179,19.176190476190477,1.4775262773388358,0.7724668311728753,0.0731775837456056
4,7,LMM-1,7,9.320238095238095,0.38400193097587054,18.64047619047619,0.7680038619517411,0.8154587331273903,0.06518204669759617
4,7,LMM-2,7,8.232142857142858,0.3463651553803847,16.464285714285715,0.6927303107607694,0.8214289063389933,0.06302187447538919
4,8,LMM-1,7,9.320238095238095,0.38400193097587054,18.64047619047619,0.7680038619517411,0.8196633766736825,0.06412125572403662
4,8,LMM-2,7,8.117687074829933,0.3344293379636354,16.235374149659865,0.6688586759272708,0.8356374734520645,0.06063166388753132
4,9,LMM-1,7,9.264115646258503,0.4483586073541582,18.528231292517006,0.8967172147083164,0.8225882563273054,0.061273060034152234
4,9,LMM-2,7,8.811054421768707,0.4743137824854283,17.622108843537415,0.9486275649708567,0.8196351943036235,0.062214733312390545
4,10,LMM-1,7,8.60017006802721,0.5068411276138156,17.20034013605442,1.0136822552276312,0.8421067754779139,0.05500942541070669
4,10,LMM-2,7,7.691666666666667,0.5011692677336023,15.383333333333335,1.0023385354672045,0.8554774415501906,0.05017323469131169
5,4,LMM-1,7,16.445748299319728,0.32191438289600105,32.891496598639456,0.6438287657920021,0.6593926875341286,0.11905093800313586
5,4,LMM-2,7,13.908503401360544,0.7043778337813285,27.81700680272109,1.408755667562657,0.6979407313837397,0.0996836661719429
5,5,LMM-1,7,16.262925170068026,0.433351754753202,32.52585034013605,0.866703509506404,0.6605685679794374,0.11929673243894504
5,5,LMM-2,7,13.946768707482992,0.6604044791485072,27.893537414965984,1.3208089582970144,0.6955759844305432,0.1027575881264886
5,6,LMM-1,7,14.522789115646258,0.5887728574905756,29.045578231292517,1.1775457149811512,0.6971598584930082,0.12405478567125888
5,6,LMM-2,7,10.464115646258504,0.5076394157169706,20.928231292517008,1.0152788314339412,0.7730792650329908,0.10070063883637373
5,7,LMM-1,7,13.070578231292517,0.5649292787675219,26.141156462585034,1.1298585575350437,0.7627073437216413,0.084595018411147
5,7,LMM-2,7,9.244047619047619,0.4169216906627967,18.488095238095237,0.8338433813255934,0.8340569730446521,0.06927991918880537
5,8,LMM-1,7,12.96343537414966,0.6953442964401756,25.92687074829932,1.3906885928803512,0.7665882369135181,0.07881545305271555
5,8,LMM-2,7,8.96343537414966,0.6953442964401756,17.92687074829932,1.3906885928803512,0.8465855394355497,0.05227720326958907
5,9,LMM-1,7,12.054081632653062,0.6415137314568872,24.108163265306125,1.2830274629137743,0.7706612623312551,0.07767209422043694
5,9,LMM-2,7,7.381122448979592,0.337492533463959,14.762244897959183,0.674985066927918,0.8719145725258792,0.049430476495114395
5,10,LMM-1,7,10.872789115646258,0.7541182228564353,21.745578231292516,1.5082364457128705,0.8006801205763706,0.06738324190873034
5,10,LMM-2,7,8.8906462585034,0.7283597655535278,17.7812925170068,1.4567195311070555,0.83059919706099,0.055339063513846334
6,4,LMM-1,7,11.110204081632654,0.5213372614203879,22.220408163265308,1.0426745228407759,0.7846016930555387,0.07535249025509703
6,4,LMM-2,7,7.737925170068027,0.32120200415729566,15.475850340136054,0.6424040083145913,0.8345844884198945,0.06741481151761781
6,5,LMM-1,7,10.23469387755102,0.9800965961454651,20.46938775510204,1.9601931922909301,0.8095626356770093,0.061364464376079356
6,5,LMM-2,7,7.434863945578231,0.33265645213413003,14.869727891156462,0.6653129042682601,0.8541838990228602,0.06078355440136786
6,6,LMM-1,7,8.8906462585034,0.7283597655535278,17.7812925170068,1.4567195311070555,0.8348475061493311,0.054758040729803066
6,6,LMM-2,7,8.413775510204081,0.5455906893754643,16.827551020408162,1.0911813787509286,0.8396301892921673,0.06600435501039659
6,7,LMM-1,7,8.917857142857143,0.6902154680172339,17.835714285714285,1.3804309360344678,0.8350849147248057,0.05578041858345206
6,7,LMM-2,7,8.402721088435374,0.5114108178100014,16.80544217687075,1.0228216356200028,0.8394354796986716,0.06716598792565273
6,8,LMM-1,7,8.966326530612244,0.6053433764833519,17.93265306122449,1.2106867529667038,0.832440743662495,0.05777809655121424
6,8,LMM-2,7,8.951190476190476,0.43370928223476907,17.902380952380952,0.8674185644695381,0.8305781460307847,0.06794650993631414
6,9,LMM-1,7,8.599659863945579,0.8075329948012205,17.199319727891158,1.615065989602441,0.8476249697504044,0.04857742919280515
6,9,LMM-2,7,7.9692176870748295,0.3494236245018198,15.938435374149659,0.6988472490036396,0.8474458064305515,0.061308183953614113
6,10,LMM-1,7,7.872789115646258,0.7541182228564351,15.745578231292516,1.5082364457128703,0.8760269685517958,0.0401432149300924
6,10,LMM-2,7,6.238605442176871,0.6596889013216078,12.477210884353742,1.3193778026432157,0.8920170153087789,0.04915084288316306
7,4,LMM-1,7,11.145918367346939,0.515384807984093,22.291836734693877,1.030769615968186,0.7793047426013057,0.07909010085505316
7,4,LMM-2,7,10.145918367346939,0.515384807984093,20.291836734693877,1.030769615968186,0.7793047426013057,0.07909010085505316
7,5,LMM-1,7,11.812925170068027,0.18809247024079595,23.625850340136054,0.3761849404815919,0.7721621003751405,0.08874498865391377
7,5,LMM-2,7,9.812925170068027,0.18809247024079595,19.625850340136054,0.3761849404815919,0.7957947520530589,0.08154772075079592
7,6,LMM-1,7,11.812925170068027,0.18809247024079595,23.625850340136054,0.3761849404815919,0.7721621003751405,0.08874498865391377
7,6,LMM-2,7,9.812925170068027,0.18809247024079595,19.625850340136054,0.3761849404815919,0.7957947520530589,0.08154772075079592
7,7,LMM-1,7,10.812925170068027,0.18809247024079595,21.625850340136054,0.3761849404815919,0.7955247146116953,0.08127496336203004
7,7,LMM-2,7,9.812925170068027,0.18809247024079595,19.625850340136054,0.3761849404815919,0.7955247146116953,0.08127496336203004
7,8,LMM-1,7,10.257312925170067,0.4695163360316083,20.514625850340135,0.9390326720632166,0.8111001831732038,0.06804124985475363
7,8,LMM-2,7,9.257312925170067,0.4695163360316083,18.514625850340135,0.9390326720632166,0.8111001831732038,0.06804124985475363
7,9,LMM-1,7,10.187925170068027,0.4762102158202132,20.375850340136054,0.9524204316404264,0.812523915764369,0.06804213705596397
7,9,LMM-2,7,9.379761904761905,0.43259683618322603,18.75952380952381,0.8651936723664521,0.807981850601235,0.06954621144666816
7,10,LMM-1,7,9.753401360544217,0.823624548796793,19.506802721088434,1.647249097593586,0.8246494289070425,0.05612151215152413
7,10,LMM-2,7,9.01921768707483,0.7053041983549593,18.03843537414966,1.4106083967099186,0.8182770643331951,0.059965112723892766
8,4,LMM-1,7,10.507823129251701,0.916418567260975,21.015646258503402,1.83283713452195,0.7877148588699887,0.0664044468947186
8,4,LMM-2,7,9.5843537414966,0.8296213314032896,19.1687074829932,1.6592426628065793,0.7854870068858778,0.06905687150015716
8,5,LMM-1,7,10.507823129251701,0.916418567260975,21.015646258503402,1.83283713452195,0.8153189721204458,0.06233817944177981
8,5,LMM-2,7,8.73452380952381,0.7058770938735219,17.46904761904762,1.4117541877470439,0.8269453302038342,0.06306046024525083
8,6,LMM-1,7,10.489965986394557,0.941625461817443,20.979931972789114,1.883250923634886,0.8166484490459646,0.06076993109770421
8,6,LMM-2,7,8.790646258503402,0.6446562217355192,17.581292517006805,1.2893124434710383,0.825646453412788,0.06462436271610847
8,7,LMM-1,7,10.45170068027211,0.9882216248042075,20.90340136054422,1.976443249608415,0.8170521593982186,0.06021745869381412
8,7,LMM-2,7,8.75748299319728,0.6945253412087948,17.51496598639456,1.3890506824175897,0.8281464483767879,0.06113281610349883
8,8,LMM-1,7,10.389625850340137,1.047359026614444,20.779251700680273,2.094718053228888,0.8187407443277157,0.05856835625518748
8,8,LMM-2,7,8.589115646258504,0.8457087480885777,17.178231292517008,1.6914174961771553,0.8340087473962521,0.055765165052157735
8,9,LMM-1,7,10.389625850340137,1.047359026614444,20.779251700680273,2.094718053228888,0.8181756714583864,0.05932975689221148
8,9,LMM-2,7,8.606972789115646,0.8235530125822481,17.213945578231293,1.6471060251644962,0.8337209747343188,0.05617732104211879
8,10,LMM-1,7,10.595408163265306,0.679111382193508,21.190816326530612,1.358222764387016,0.8108053810470955,0.06753989744324357
8,10,LMM-2,7,8.97857142857143,0.45814622030927366,17.95714285714286,0.9162924406185473,0.8207748534031739,0.06812958774170164
9,4,LMM-1,7,21.225850340136056,0.49411081240210375,42.45170068027211,0.9882216248042075,0.5835240845875272,0.12955632533367145
9,4,LMM-2,7,9.225850340136054,0.49411081240210375,18.451700680272108,0.9882216248042075,0.8050474996192296,0.0690913409020903
9,5,LMM-1,7,21.225850340136056,0.49411081240210375,42.45170068027211,0.9882216248042075,0.5835240845875272,0.12955632533367145
9,5,LMM-2,7,9.225850340136054,0.49411081240210375,18.451700680272108,0.9882216248042075,0.8050474996192296,0.0690913409020903
9,6,LMM-1,7,18.28095238095238,1.0315433256306112,36.56190476190476,2.0630866512612225,0.623667129734564,0.1384690429991813
9,6,LMM-2,7,9.225850340136054,0.49411081240210375,18.451700680272108,0.9882216248042075,0.8050474996192296,0.0690913409020903
9,7,LMM-1,7,16.47891156462585,0.7385969641802766,32.9578231292517,1.4771939283605533,0.6561784022306723,0.1310514392063854
9,7,LMM-2,7,9.225850340136054,0.49411081240210375,18.451700680272108,0.9882216248042075,0.8050474996192296,0.0690913409020903
9,8,LMM-1,7,16.47891156462585,0.7385969641802766,32.9578231292517,1.4771939283605533,0.6561784022306723,0.1310514392063854
9,8,LMM-2,7,9.225850340136054,0.49411081240210375,18.451700680272108,0.9882216248042075,0.8050474996192296,0.0690913409020903
9,9,LMM-1,7,15.149319727891156,1.181102356538523,30.29863945578231,2.362204713077046,0.6769014092323372,0.13342340741123926
9,9,LMM-2,7,9.225850340136054,0.49411081240210375,18.451700680272108,0.9882216248042075,0.8050474996192296,0.0690913409020903
9,10,LMM-1,7,10.438095238095238,0.45814622030927366,20.876190476190477,0.9162924406185473,0.7980754109782117,0.06478916539779041
9,10,LMM-2,7,7.649489795918368,0.23123786369090063,15.298979591836735,0.46247572738180126,0.8382016621961121,0.05964526628243875
10,4,LMM-1,7,11.65374149659864,0.5721563635453265,23.30748299319728,1.144312727090653,0.7665993280472173,0.08093453366125096
10,4,LMM-2,7,8.009353741496598,0.21844640631269635,16.018707482993197,0.4368928126253927,0.8321246661116062,0.06576535328227298
10,5,LMM-1,7,11.09982993197279,0.519369879274864,22.19965986394558,1.038739758549728,0.7892966437097757,0.07946330593802
10,5,LMM-2,7,9.076870748299319,0.5347568379611585,18.153741496598638,1.069513675922317,0.8197243442345444,0.06727860764604288
10,6,LMM-1,7,10.844727891156463,0.47471448852955866,21.689455782312926,0.9494289770591173,0.7957964394998658,0.07345922964941037
10,6,LMM-2,7,9.898299319727892,0.40676717019823,19.796598639455784,0.81353434039646,0.7951607745514598,0.07433602735786764
10,7,LMM-1,7,10.826870748299319,0.4260787568498736,21.653741496598638,0.8521575136997472,0.7953918401135465,0.07523974296510941
10,7,LMM-2,7,9.826870748299319,0.4260787568498736,19.653741496598638,0.8521575136997472,0.7968166469244168,0.07395041431501771
10,8,LMM-1,7,9.413605442176872,0.3120766371891545,18.827210884353743,0.624153274378309,0.825429762821165,0.07013615300521507
10,8,LMM-2,7,8.678231292517006,0.38466605816755983,17.356462585034013,0.7693321163351197,0.8166045662844975,0.07668165475515623
10,9,LMM-1,7,9.28299319727891,0.40687210747640107,18.56598639455782,0.8137442149528021,0.8329319057761905,0.06480549748639162
10,9,LMM-2,7,8.773809523809524,0.5432016450738016,17.547619047619047,1.0864032901476033,0.8271077131623056,0.0635903312308462
10,10,LMM-1,7,9.50408163265306,0.4736697128795974,19.00816326530612,0.9473394257591948,0.8410907599317239,0.05959761485980655
10,10,LMM-2,7,7.371768707482993,0.2962688517917406,14.743537414965987,0.5925377035834812,0.8629469956155523,0.052256927419190274
11,4,LMM-1,7,17.65595238095238,0.6444930683822314,35.31190476190476,1.2889861367644628,0.6534322717395027,0.10985812371902691
11,4,LMM-2,7,12.447278911564625,0.6242539162958741,24.89455782312925,1.2485078325917482,0.7305470073850696,0.10535846322466333
11,5,LMM-1,7,17.65595238095238,0.6444930683822314,35.31190476190476,1.2889861367644628,0.6534322717395027,0.10985812371902691
11,5,LMM-2,7,12.447278911564625,0.6242539162958741,24.89455782312925,1.2485078325917482,0.7305470073850696,0.10535846322466333
11,6,LMM-1,7,17.65595238095238,0.6444930683822314,35.31190476190476,1.2889861367644628,0.6534322717395027,0.10985812371902691
11,6,LMM-2,7,12.447278911564625,0.6242539162958741,24.89455782312925,1.2485078325917482,0.7305470073850696,0.10535846322466333
11,7,LMM-1,7,16.65595238095238,0.6444930683822314,33.31190476190476,1.2889861367644628,0.6794356241532997,0.1029477703267204
11,7,LMM-2,7,6.455272108843538,0.44713384523188743,12.910544217687075,0.8942676904637749,0.8744577912415107,0.06270494589896387
11,8,LMM-1,7,16.65595238095238,0.6444930683822314,33.31190476190476,1.2889861367644628,0.6794356241532997,0.1029477703267204
11,8,LMM-2,7,6.455272108843538,0.44713384523188743,12.910544217687075,0.8942676904637749,0.8744577912415107,0.06270494589896387
11,9,LMM-1,7,16.65595238095238,0.6444930683822314,33.31190476190476,1.2889861367644628,0.6794356241532997,0.1029477703267204
11,9,LMM-2,7,6.455272108843538,0.44713384523188743,12.910544217687075,0.8942676904637749,0.8744577912415107,0.06270494589896387
11,10,LMM-1,7,15.145068027210884,0.3081815667854659,30.29013605442177,0.6163631335709318,0.7010939517672189,0.1016084239458075
11,10,LMM-2,7,6.455272108843538,0.44713384523188743,12.910544217687075,0.8942676904637749,0.8744577912415107,0.06270494589896387
12,4,LMM-1,7,13.575000000000001,0.5951357054794378,27.150000000000002,1.1902714109588757,0.7227460732743386,0.08520265063144482
12,4,LMM-2,7,10.575000000000001,0.5951357054794378,21.150000000000002,1.1902714109588757,0.7705773214388828,0.07019761156294925
12,5,LMM-1,7,11.49047619047619,0.44914885492178536,22.98095238095238,0.8982977098435707,0.7762872762572453,0.07806149282992336
12,5,LMM-2,7,9.8906462585034,0.2437611796472941,19.7812925170068,0.4875223592945882,0.7948853998409489,0.07785693086934108
12,6,LMM-1,7,10.63452380952381,0.5423060067790714,21.26904761904762,1.0846120135581427,0.7809602648165143,0.0747949361700871
12,6,LMM-2,7,10.383333333333335,0.37890820599642405,20.76666666666667,0.7578164119928481,0.7902177978334867,0.07480506273255651
12,7,LMM-1,7,10.309183673469388,0.5021341376679928,20.618367346938776,1.0042682753359855,0.8175302040448562,0.06722247826231845
12,7,LMM-2,7,6.043027210884354,0.4410514852099,12.086054421768708,0.8821029704198,0.855492524024075,0.059449737116340454
12,8,LMM-1,7,9.502210884353742,0.7891345954210895,19.004421768707484,1.578269190842179,0.8403452224514939,0.05546974107927658
12,8,LMM-2,7,5.978741496598639,0.2794787455210492,11.957482993197278,0.5589574910420984,0.8790870381421401,0.0574648753221152
12,9,LMM-1,7,8.634183673469389,0.8770885837938811,17.268367346938778,1.7541771675877622,0.8575889885671606,0.04413203764421542
12,9,LMM-2,7,5.581972789115646,0.6558301207627903,11.163945578231292,1.3116602415255807,0.898392990862155,0.04600782488886058
12,10,LMM-1,7,7.828571428571428,0.7881419925708277,15.657142857142857,1.5762839851416555,0.8664813289007232,0.041590939806382274
12,10,LMM-2,7,5.51921768707483,0.34676090878787097,11.03843537414966,0.6935218175757419,0.900810743684108,0.04077934197788841
13,4,LMM-1,7,14.017857142857142,0.9738284431739986,28.035714285714285,1.9476568863479973,0.7248130364102485,0.0887764964875956
13,4,LMM-2,7,8.773809523809524,0.3745745886321969,17.547619047619047,0.7491491772643938,0.8101583452616901,0.08266096453648869
13,5,LMM-1,7,13.09778911564626,0.8899832270241302,26.19557823129252,1.7799664540482605,0.7517237799380443,0.08067377198675861
13,5,LMM-2,7,7.52891156462585,0.49478398294815007,15.0578231292517,0.9895679658963001,0.8407309468272938,0.06369578882473967
13,6,LMM-1,7,13.09778911564626,0.8899832270241302,26.19557823129252,1.7799664540482605,0.7664178912287315,0.07606021094323509
13,6,LMM-2,7,7.490646258503402,0.5180560758615363,14.981292517006803,1.0361121517230727,0.8423981364536549,0.06154739066869852
13,7,LMM-1,7,12.937925170068027,1.0599338862027772,25.875850340136054,2.1198677724055544,0.7672411548711862,0.07515440297046812
13,7,LMM-2,7,7.490646258503402,0.5180560758615363,14.981292517006803,1.0361121517230727,0.8423981364536549,0.06154739066869852
13,8,LMM-1,7,12.842517006802721,1.1113954816811946,25.685034013605442,2.2227909633623892,0.7661677014553033,0.07605206150113876
13,8,LMM-2,7,7.576360544217687,0.47786289165209667,15.152721088435374,0.9557257833041933,0.8376647534388978,0.06349334692470378
13,9,LMM-1,7,12.842517006802721,1.1113954816811946,25.685034013605442,2.2227909633623892,0.7661677014553033,0.07605206150113876
13,9,LMM-2,7,7.576360544217687,0.47786289165209667,15.152721088435374,0.9557257833041933,0.8376647534388978,0.06349334692470378
13,10,LMM-1,7,12.842517006802721,1.1113954816811946,25.685034013605442,2.2227909633623892,0.7661677014553033,0.07605206150113876
13,10,LMM-2,7,7.576360544217687,0.47786289165209667,15.152721088435374,0.9557257833041933,0.8376647534388978,0.06349334692470378
14,4,LMM-1,7,13.527380952380952,0.543663248611819,27.054761904761904,1.087326497223638,0.6815101857106113,0.09438023499520455
14,4,LMM-2,7,12.527380952380952,0.543663248611819,25.054761904761904,1.087326497223638,0.6815101857106113,0.09438023499520455
14,5,LMM-1,7,11.962585034013605,0.41192287775371306,23.92517006802721,0.8238457555074261,0.7394283029420361,0.09076998405959871
14,5,LMM-2,7,10.9078231292517,0.34595799744895245,21.8156462585034,0.6919159948979049,0.7610780721543009,0.08298649878644271
14,6,LMM-1,7,10.037414965986395,0.5972899523253954,20.07482993197279,1.1945799046507908,0.7861037906734492,0.07179172416983114
14,6,LMM-2,7,9.32670068027211,0.8635723188006288,18.65340136054422,1.7271446376012576,0.7865499982754895,0.06718952459549916
14,7,LMM-1,7,9.133163265306122,0.22064673302598223,18.266326530612243,0.44129346605196446,0.8159390023208991,0.07432032633415983
14,7,LMM-2,7,8.137244897959183,0.4293062079303336,16.274489795918367,0.8586124158606672,0.8116847320428222,0.0719061813571088
14,8,LMM-1,7,8.518877551020408,0.6605680810754926,17.037755102040816,1.3211361621509852,0.8323055151823674,0.05803492435269899
14,8,LMM-2,7,8.237074829931972,0.2871671032025398,16.474149659863944,0.5743342064050796,0.8183904733641354,0.06539289192431262
14,9,LMM-1,7,7.99982993197279,0.5002268794341403,15.99965986394558,1.0004537588682807,0.8421901937451086,0.06280114437925081
14,9,LMM-2,7,8.310034013605442,0.12022185709517043,16.620068027210884,0.24044371419034086,0.822979268550503,0.07007168889532858
14,10,LMM-1,7,7.99982993197279,0.5002268794341403,15.99965986394558,1.0004537588682807,0.8437944454307144,0.06280207697168179
14,10,LMM-2,7,8.310034013605442,0.12022185709517043,16.620068027210884,0.24044371419034086,0.8241242340002451,0.06973548862214414
15,4,LMM-1,7,11.037414965986395,0.5972899523253954,22.07482993197279,1.1945799046507908,0.7847328599047906,0.07411776635071878
15,4,LMM-2,7,10.62874149659864,0.46277113353415494,21.25748299319728,0.9255422670683099,0.7698236922447628,0.07949866004205243
15,5,LMM-1,7,11.263095238095238,0.4556056744732716,22.526190476190475,0.9112113489465432,0.7882500447056789,0.07475432349167134
15,5,LMM-2,7,10.070918367346938,0.5495211926005465,20.141836734693875,1.099042385201093,0.7902768535165716,0.0685880831328835
15,6,LMM-1,7,10.453401360544218,0.6360229538579844,20.906802721088436,1.2720459077159687,0.812111468431379,0.06475220166279762
15,6,LMM-2,7,9.586054421768708,0.4895613100253888,19.172108843537416,0.9791226200507775,0.8031454762097887,0.06826219533769479
15,7,LMM-1,7,10.453401360544218,0.6360229538579844,20.906802721088436,1.2720459077159687,0.812111468431379,0.06475220166279762
15,7,LMM-2,7,9.586054421768708,0.4895613100253888,19.172108843537416,0.9791226200507775,0.8031454762097887,0.06826219533769479
15,8,LMM-1,7,9.50952380952381,0.5663764763169196,19.01904761904762,1.1327529526338391,0.8323613594567857,0.05882132257246433
15,8,LMM-2,7,8.807653061224489,0.45753944724127366,17.615306122448978,0.9150788944825473,0.8368277299263396,0.05837791331372181
15,9,LMM-1,7,8.928911564625851,0.6836638236704063,17.857823129251702,1.3673276473408127,0.841049924922382,0.05157307160238087
15,9,LMM-2,7,7.900510204081633,0.31227055531655595,15.801020408163266,0.6245411106331119,0.8501686288698826,0.05535395180935066
15,10,LMM-1,7,8.8906462585034,0.7283597655535278,17.7812925170068,1.4567195311070555,0.8413642257623201,0.05120224569090505
15,10,LMM-2,7,7.299829931972789,0.3691092929437605,14.599659863945577,0.738218585887521,0.8600169194766585,0.051699420416394776
16,4,LMM-1,7,9.680102040816326,0.42794962180202906,19.360204081632652,0.8558992436040581,0.8040219429934405,0.06927318595226067
16,4,LMM-2,7,5.5377551020408164,0.4619826510025964,11.075510204081633,0.9239653020051928,0.8817754298989751,0.05528811554308652
16,5,LMM-1,7,9.641156462585034,0.284608729210215,19.282312925170068,0.56921745842043,0.8036325492109666,0.07502744481650706
16,5,LMM-2,7,7.350340136054421,0.35360247137238066,14.700680272108842,0.7072049427447613,0.8469180757901148,0.059072253049608774
16,6,LMM-1,7,9.641156462585034,0.284608729210215,19.282312925170068,0.56921745842043,0.8036325492109666,0.07502744481650706
16,6,LMM-2,7,7.350340136054421,0.35360247137238066,14.700680272108842,0.7072049427447613,0.8469180757901148,0.059072253049608774
16,7,LMM-1,7,9.965136054421768,0.49878809814103126,19.930272108843536,0.9975761962820625,0.7979007720913922,0.07142049078541748
16,7,LMM-2,7,8.831972789115646,0.3215780885378035,17.663945578231292,0.643156177075607,0.8045999959668364,0.07117816356367479
16,8,LMM-1,7,9.965136054421768,0.49878809814103126,19.930272108843536,0.9975761962820625,0.8018733901398948,0.06977535744639696
16,8,LMM-2,7,8.831972789115646,0.3215780885378035,17.663945578231292,0.643156177075607,0.810175330049779,0.06947046459183509
16,9,LMM-1,7,9.679761904761905,0.6304422915645786,19.35952380952381,1.2608845831291573,0.8145723691701336,0.06095561464038109
16,9,LMM-2,7,8.858843537414966,0.3332378733226108,17.717687074829932,0.6664757466452216,0.8174588993530959,0.06362371228324304
16,10,LMM-1,7,9.679761904761905,0.6304422915645786,19.35952380952381,1.2608845831291573,0.8167657888769447,0.0605662809363464
16,10,LMM-2,7,8.930272108843537,0.4829632547967041,17.860544217687075,0.9659265095934082,0.8138668929311231,0.06299138520161957
17,4,LMM-1,7,14.664455782312926,0.6801576009068482,29.32891156462585,1.3603152018136964,0.701257625190353,0.09441931162930824
17,4,LMM-2,7,10.019897959183675,0.46968201611389926,20.03979591836735,0.9393640322277985,0.7713582424540396,0.07890160897717073
17,5,LMM-1,7,14.664455782312926,0.6801576009068482,29.32891156462585,1.3603152018136964,0.701257625190353,0.09441931162930824
17,5,LMM-2,7,10.019897959183675,0.46968201611389926,20.03979591836735,0.9393640322277985,0.7713582424540396,0.07890160897717073
17,6,LMM-1,7,14.664455782312926,0.6801576009068482,29.32891156462585,1.3603152018136964,0.701257625190353,0.09441931162930824
17,6,LMM-2,7,10.019897959183675,0.46968201611389926,20.03979591836735,0.9393640322277985,0.7713582424540396,0.07890160897717073
17,7,LMM-1,7,14.664455782312926,0.6801576009068482,29.32891156462585,1.3603152018136964,0.7012362769040184,0.09444692023629576
17,7,LMM-2,7,10.00204081632653,0.49552651951009147,20.00408163265306,0.9910530390201829,0.7719724221177037,0.07806345424788753
17,8,LMM-1,7,14.664455782312926,0.6801576009068482,29.32891156462585,1.3603152018136964,0.7012362769040184,0.09444692023629576
17,8,LMM-2,7,10.00204081632653,0.49552651951009147,20.00408163265306,0.9910530390201829,0.7719724221177037,0.07806345424788753
17,9,LMM-1,7,14.664455782312926,0.6801576009068482,29.32891156462585,1.3603152018136964,0.7012362769040184,0.09444692023629576
17,9,LMM-2,7,10.00204081632653,0.49552651951009147,20.00408163265306,0.9910530390201829,0.7719724221177037,0.07806345424788753
17,10,LMM-1,7,14.62874149659864,0.7499142669310755,29.25748299319728,1.499828533862151,0.7024378784706177,0.09292598076467401
17,10,LMM-2,7,9.984183673469389,0.52375413833878,19.968367346938777,1.04750827667756,0.7725088685315471,0.07734789142659726
18,4,LMM-1,7,10.854081632653061,0.42295012285522465,21.708163265306123,0.8459002457104493,0.7608642606740469,0.0819317416222175
18,4,LMM-2,7,9.46700680272109,0.3272586130633498,18.93401360544218,0.6545172261266996,0.7816951980184428,0.07688504732638324
18,5,LMM-1,7,10.896938775510204,0.37314862996083653,21.793877551020408,0.7462972599216731,0.7583065550523498,0.0863656123651533
18,5,LMM-2,7,9.726530612244899,0.23955480713744223,19.453061224489797,0.47910961427488447,0.7778451804053875,0.0792750205421888
18,6,LMM-1,7,11.015986394557824,0.38088161393238307,22.03197278911565,0.7617632278647661,0.7572850737496157,0.08900118950656324
18,6,LMM-2,7,9.83452380952381,0.20268184914488308,19.66904761904762,0.40536369828976615,0.7766466795195831,0.08329304121428699
18,7,LMM-1,7,10.235884353741497,0.3185131250931234,20.471768707482994,0.6370262501862468,0.782897802801193,0.0834550643995953
18,7,LMM-2,7,9.728401360544217,0.4416249171511365,19.456802721088433,0.883249834302273,0.7765305972267351,0.08509355867814775
18,8,LMM-1,7,9.747619047619049,0.384256504466079,19.495238095238097,0.768513008932158,0.7880986551526189,0.08114738239391578
18,8,LMM-2,7,9.103061224489796,0.4801143002572308,18.206122448979592,0.9602286005144616,0.7892222208690634,0.08200631166865853
18,9,LMM-1,7,8.607482993197278,0.3449281474531413,17.214965986394557,0.6898562949062826,0.8247612413767821,0.06301638302647553
18,9,LMM-2,7,8.439455782312924,0.19444778297180887,16.87891156462585,0.38889556594361774,0.821703279129326,0.06853487619791315
18,10,LMM-1,7,8.607482993197278,0.3449281474531413,17.214965986394557,0.6898562949062826,0.8247612413767821,0.06301638302647553
18,10,LMM-2,7,8.439455782312924,0.19444778297180887,16.87891156462585,0.38889556594361774,0.821703279129326,0.06853487619791315
19,4,LMM-1,7,18.792006802721087,0.481680392249531,37.58401360544217,0.963360784499062,0.6223430489709515,0.12065206604408096
19,4,LMM-2,7,15.903571428571428,1.1626790452907787,31.807142857142857,2.3253580905815574,0.6598344199146033,0.1064729533514274
19,5,LMM-1,7,18.792006802721087,0.481680392249531,37.58401360544217,0.963360784499062,0.6223430489709515,0.12065206604408096
19,5,LMM-2,7,15.903571428571428,1.1626790452907787,31.807142857142857,2.3253580905815574,0.6598344199146033,0.1064729533514274
19,6,LMM-1,7,18.792006802721087,0.481680392249531,37.58401360544217,0.963360784499062,0.6223430489709515,0.12065206604408096
19,6,LMM-2,7,15.903571428571428,1.1626790452907787,31.807142857142857,2.3253580905815574,0.6598344199146033,0.1064729533514274
19,7,LMM-1,7,18.792006802721087,0.481680392249531,37.58401360544217,0.963360784499062,0.6223430489709515,0.12065206604408096
19,7,LMM-2,7,15.903571428571428,1.1626790452907787,31.807142857142857,2.3253580905815574,0.6598344199146033,0.1064729533514274
19,8,LMM-1,7,12.94438775510204,0.4603824739339247,25.88877551020408,0.9207649478678493,0.7286215605606708,0.10283237867758782
19,8,LMM-2,7,9.43826530612245,0.7525608016582529,18.8765306122449,1.5051216033165058,0.7931500521607887,0.09009457962626218
19,9,LMM-1,7,12.94438775510204,0.4603824739339247,25.88877551020408,0.9207649478678493,0.7286215605606708,0.10283237867758782
19,9,LMM-2,7,9.43826530612245,0.7525608016582529,18.8765306122449,1.5051216033165058,0.7931500521607887,0.09009457962626218
19,10,LMM-1,7,12.698979591836734,0.5276112151344903,25.397959183673468,1.0552224302689805,0.7335206507429068,0.10352380084248747
19,10,LMM-2,7,9.43826530612245,0.7525608016582529,18.8765306122449,1.5051216033165058,0.7931500521607887,0.09009457962626218
20,4,LMM-1,7,10.623979591836735,0.4975769066276719,21.24795918367347,0.9951538132553438,0.7769353597822762,0.07997233032629368
20,4,LMM-2,7,5.478741496598639,0.3859663809226841,10.957482993197278,0.7719327618453682,0.8967239059808678,0.04063987950522539
20,5,LMM-1,7,9.9671768707483,0.6416005156740251,19.9343537414966,1.2832010313480502,0.7988368760354395,0.07256197383202947
20,5,LMM-2,7,6.741496598639456,0.21726148874382734,13.482993197278912,0.43452297748765467,0.8628170114446337,0.06162641621646828
20,6,LMM-1,7,9.06156462585034,0.5479892693700466,18.12312925170068,1.095978538740093,0.8233695640593893,0.06377215164283692
20,6,LMM-2,7,7.434523809523809,0.47447608055665796,14.869047619047619,0.9489521611133159,0.8498220726554065,0.06514279716300485
20,7,LMM-1,7,9.06156462585034,0.5479892693700466,18.12312925170068,1.095978538740093,0.8256233320401123,0.06353248622429628
20,7,LMM-2,7,7.434523809523809,0.47447608055665796,14.869047619047619,0.9489521611133159,0.8507245691671615,0.06521197769984578
20,8,LMM-1,7,9.245238095238095,0.40106151664807516,18.49047619047619,0.8021230332961503,0.8214204462129724,0.06819941058144109
20,8,LMM-2,7,7.803741496598639,0.8590152047737493,15.607482993197278,1.7180304095474985,0.8495854697915315,0.045989991721353325
20,9,LMM-1,7,9.155612244897958,0.44720939166412377,18.311224489795915,0.8944187833282475,0.8247245175084389,0.06491203912044503
20,9,LMM-2,7,8.04404761904762,0.8723794577862015,16.08809523809524,1.744758915572403,0.8450845264620446,0.04657581319113831
20,10,LMM-1,7,8.491156462585034,0.8422407468660189,16.982312925170067,1.6844814937320378,0.8475157261534989,0.051482062631069414
20,10,LMM-2,7,7.036224489795918,0.5199743089479013,14.072448979591837,1.0399486178958026,0.8646537677035494,0.05482805888409884
21,4,LMM-1,7,17.264115646258503,0.44835860735415844,34.528231292517006,0.8967172147083169,0.6460512407271581,0.10914985843015729
21,4,LMM-2,7,13.04982993197279,0.4014431916521155,26.09965986394558,0.802886383304231,0.7126282338464778,0.09342910264741926
21,5,LMM-1,7,15.264115646258503,0.4483586073541582,30.528231292517006,0.8967172147083164,0.6871334444759137,0.09805837452948143
21,5,LMM-2,7,6.969727891156462,0.44575293869426647,13.939455782312924,0.8915058773885329,0.8515860789908822,0.047862745436309265
21,6,LMM-1,7,15.264115646258503,0.4483586073541582,30.528231292517006,0.8967172147083164,0.6905125000447835,0.09710536778038857
21,6,LMM-2,7,6.969727891156462,0.44575293869426647,13.939455782312924,0.8915058773885329,0.8515860789908822,0.047862745436309265
21,7,LMM-1,7,13.264115646258503,0.4483586073541582,26.528231292517006,0.8967172147083164,0.7424232771026313,0.08173238544537816
21,7,LMM-2,7,7.005442176870749,0.4366393182144108,14.010884353741497,0.8732786364288216,0.8502953827037312,0.0498078288603789
21,8,LMM-1,7,13.264115646258503,0.4483586073541582,26.528231292517006,0.8967172147083164,0.7441065173305671,0.08121168861092805
21,8,LMM-2,7,10.273469387755101,0.623714003918368,20.546938775510203,1.247428007836736,0.7835821584066666,0.06794465640097669
21,9,LMM-1,7,11.911054421768707,0.6497135978775355,23.822108843537414,1.299427195755071,0.7838115136900161,0.06613538214474672
21,9,LMM-2,7,7.427210884353741,0.4272311945429938,14.854421768707482,0.8544623890859876,0.851077672640073,0.060614563586527774
21,10,LMM-1,7,11.802551020408163,0.7344876805002932,23.605102040816327,1.4689753610005865,0.7912730167576452,0.0626721116539578
21,10,LMM-2,7,9.802551020408163,0.7344876805002932,19.605102040816327,1.4689753610005865,0.8179963691231001,0.053595459148521346
22,4,LMM-1,7,14.782482993197279,0.491865607774934,29.564965986394558,0.983731215549868,0.7321452216018484,0.09528401951874156
22,4,LMM-2,7,10.514965986394557,0.6993966513186864,21.029931972789115,1.398793302637373,0.7893055910163618,0.08445274714901532
22,5,LMM-1,7,14.18044217687075,1.08303461852043,28.3608843537415,2.16606923704086,0.7435505790149165,0.08520041156467087
22,5,LMM-2,7,10.338095238095237,0.7520719678979925,20.676190476190474,1.504143935795985,0.78998134194522,0.08389088959362252
22,6,LMM-1,7,12.467857142857143,0.7706473851835545,24.935714285714287,1.541294770367109,0.7829471877924384,0.07842951246233826
22,6,LMM-2,7,6.42108843537415,0.528714555255005,12.8421768707483,1.05742911051001,0.8761000050532536,0.062097638456612744
22,7,LMM-1,7,12.182142857142859,1.1153014804483359,24.364285714285717,2.2306029608966718,0.7937281404572845,0.0660661481193857
22,7,LMM-2,7,6.282482993197279,0.5123573044315092,12.564965986394558,1.0247146088630184,0.8853292096864981,0.05174753422127799
22,8,LMM-1,7,12.234863945578232,1.0318138916409303,24.469727891156463,2.0636277832818606,0.7924799859432218,0.06702727047307418
22,8,LMM-2,7,6.4389455782312925,0.5331703446459013,12.877891156462585,1.0663406892918026,0.8825660748850613,0.0551107329047007
22,9,LMM-1,7,11.353061224489796,0.8952251720424474,22.706122448979592,1.790450344084895,0.8125270574990012,0.0631064287820257
22,9,LMM-2,7,6.4389455782312925,0.5331703446459013,12.877891156462585,1.0663406892918026,0.8825275748121276,0.05517066343003671
22,10,LMM-1,7,11.314795918367347,0.9409242575854111,22.629591836734694,1.8818485151708222,0.8204635390528005,0.05968819989074138
22,10,LMM-2,7,5.743027210884354,0.38014392774729105,11.486054421768708,0.7602878554945821,0.8989852780194865,0.05056995944411578
23,4,LMM-1,7,11.383163265306122,0.6179845754090997,22.766326530612243,1.2359691508181994,0.7734450405616139,0.08222639928585568
23,4,LMM-2,7,7.929081632653061,0.6326040047544853,15.858163265306121,1.2652080095089706,0.8250822888662591,0.08771605242790374
23,5,LMM-1,7,10.971088435374151,0.24379712902774583,21.942176870748302,0.48759425805549167,0.7911163752245894,0.0798228817388533
23,5,LMM-2,7,8.971088435374151,0.24379712902774583,17.942176870748302,0.48759425805549167,0.816908182190972,0.07158861278233401
23,6,LMM-1,7,10.425850340136053,0.7146398539005555,20.851700680272106,1.429279707801111,0.8127598083949028,0.06363260866505384
23,6,LMM-2,7,8.515136054421768,0.5903968821155586,17.030272108843537,1.1807937642311173,0.8370833763618913,0.05800292282002675
23,7,LMM-1,7,9.226700680272108,0.7837803082289082,18.453401360544216,1.5675606164578164,0.8379420349003063,0.05563335345149715
23,7,LMM-2,7,6.716666666666667,0.2729904934678304,13.433333333333334,0.5459809869356608,0.8728857748765676,0.0605202789572968
23,8,LMM-1,7,9.353061224489796,0.7412448864405761,18.706122448979592,1.4824897728811521,0.8353946969792673,0.05689319218160265
23,8,LMM-2,7,6.966836734693878,0.19940430863125314,13.933673469387756,0.39880861726250627,0.8670351067639883,0.061358811244944154
23,9,LMM-1,7,9.15170068027211,0.7660862237239665,18.30340136054422,1.532172447447933,0.8410898453550146,0.05480111627725927
23,9,LMM-2,7,6.948979591836735,0.18980689018100286,13.89795918367347,0.3796137803620057,0.8693567017850999,0.05946902818071648
23,10,LMM-1,7,8.300680272108844,0.6937054608526381,16.601360544217687,1.3874109217052761,0.8545745662137801,0.04970570967164147
23,10,LMM-2,7,6.205952380952381,0.27192415075563325,12.411904761904761,0.5438483015112665,0.8819184714332348,0.04647671719533362
24,4,LMM-1,7,18.37261904761905,0.3636977826403478,36.7452380952381,0.7273955652806956,0.6641030665400001,0.11994813890629381
24,4,LMM-2,7,10.135204081632653,0.8932465946875029,20.270408163265305,1.7864931893750058,0.7824989633391976,0.08894844734771037
24,5,LMM-1,7,16.372619047619047,0.3636977826403478,32.74523809523809,0.7273955652806956,0.7023743121161233,0.11003098984329979
24,5,LMM-2,7,6.692857142857143,0.4283465018225115,13.385714285714286,0.856693003645023,0.840837732857621,0.08003064035349769
24,6,LMM-1,7,15.082993197278912,1.2812977991724965,30.165986394557823,2.562595598344993,0.7443389560582571,0.0881541908301334
24,6,LMM-2,7,6.469897959183673,0.3817629102163099,12.939795918367347,0.7635258204326199,0.8703381001730738,0.06943968516125872
24,7,LMM-1,7,13.355102040816325,0.976978633687854,26.71020408163265,1.953957267375708,0.774809903352228,0.08343022868932318
24,7,LMM-2,7,6.487755102040816,0.4026463894686047,12.975510204081631,0.8052927789372094,0.8703197050513445,0.06946947152603526
24,8,LMM-1,7,13.283673469387754,1.0690983190039929,26.567346938775508,2.1381966380079858,0.776343176595781,0.08145063178202167
24,8,LMM-2,7,6.434183673469387,0.3527890598969972,12.868367346938774,0.7055781197939944,0.8731462123813757,0.06541747231294964
24,9,LMM-1,7,13.082993197278912,1.2812977991724968,26.165986394557823,2.5625955983449935,0.7844308866264665,0.07253357473569011
24,9,LMM-2,7,6.434183673469387,0.3527890598969972,12.868367346938774,0.7055781197939944,0.8803509268328408,0.0570146750716726
24,10,LMM-1,7,13.020918367346939,1.3431360159878292,26.041836734693877,2.6862720319756583,0.7907407950851457,0.06651249647322219
24,10,LMM-2,7,6.310034013605443,0.3205416442789647,12.620068027210886,0.6410832885579294,0.8808588898518821,0.05649852841359841
25,4,LMM-1,7,12.683503401360543,0.5687936802007465,25.367006802721086,1.137587360401493,0.7453430235501612,0.0827769104422387
25,4,LMM-2,7,8.760374149659864,0.4306754448468369,17.520748299319727,0.8613508896936738,0.8072862247627214,0.07136802124372617
25,5,LMM-1,7,12.683503401360543,0.5687936802007465,25.367006802721086,1.137587360401493,0.7450731090115432,0.0830568662099015
25,5,LMM-2,7,8.806802721088435,0.407240169321837,17.61360544217687,0.814480338643674,0.805689307634636,0.07256569642866569
25,6,LMM-1,7,11.535544217687075,0.6314561038195379,23.07108843537415,1.2629122076390757,0.7688717012115242,0.07350799679898883
25,6,LMM-2,7,7.933163265306122,0.3310125896949172,15.866326530612245,0.6620251793898344,0.8242343468720497,0.06600118529401065
25,7,LMM-1,7,10.0578231292517,0.578276308771915,20.1156462585034,1.15655261754383,0.8132259988092413,0.06364026701464988
25,7,LMM-2,7,9.548639455782313,0.8162325626188458,19.097278911564626,1.6324651252376916,0.802526182579366,0.06331196485125822
25,8,LMM-1,7,9.77874149659864,0.6738739508426805,19.55748299319728,1.347747901685361,0.824864308696898,0.05888856753373251
25,8,LMM-2,7,9.006292517006802,0.6045786569169167,18.012585034013604,1.2091573138338334,0.818896762399819,0.0613673131043435
25,9,LMM-1,7,8.099489795918368,0.539805938035252,16.198979591836736,1.079611876070504,0.8564430478002071,0.0479532187800281
25,9,LMM-2,7,6.735034013605443,0.27997267870116027,13.470068027210885,0.5599453574023205,0.870891861811099,0.04903706135854975
25,10,LMM-1,7,8.153061224489795,0.48060995806129636,16.30612244897959,0.9612199161225927,0.8571376520964462,0.04946897038745114
25,10,LMM-2,7,7.398469387755101,0.6006915874004543,14.796938775510203,1.2013831748009085,0.856526940579939,0.050247333184988745
26,4,LMM-1,7,17.583163265306123,0.6757041788072823,35.166326530612245,1.3514083576145646,0.648837892557218,0.11258913880838954
26,4,LMM-2,7,13.583163265306123,0.6757041788072826,27.166326530612245,1.3514083576145652,0.7015246646707453,0.09850060977013976
26,5,LMM-1,7,17.583163265306123,0.6757041788072823,35.166326530612245,1.3514083576145646,0.648837892557218,0.11258913880838954
26,5,LMM-2,7,13.583163265306123,0.6757041788072826,27.166326530612245,1.3514083576145652,0.7015246646707453,0.09850060977013976
26,6,LMM-1,7,17.583163265306123,0.6757041788072823,35.166326530612245,1.3514083576145646,0.648837892557218,0.11258913880838954
26,6,LMM-2,7,13.583163265306123,0.6757041788072826,27.166326530612245,1.3514083576145652,0.7015246646707453,0.09850060977013976
26,7,LMM-1,7,17.583163265306123,0.6757041788072823,35.166326530612245,1.3514083576145646,0.648837892557218,0.11258913880838954
26,7,LMM-2,7,13.583163265306123,0.6757041788072826,27.166326530612245,1.3514083576145652,0.7015246646707453,0.09850060977013976
26,8,LMM-1,7,17.583163265306123,0.6757041788072823,35.166326530612245,1.3514083576145646,0.648837892557218,0.11258913880838954
26,8,LMM-2,7,13.583163265306123,0.6757041788072826,27.166326530612245,1.3514083576145652,0.7015246646707453,0.09850060977013976
26,9,LMM-1,7,17.583163265306123,0.6757041788072823,35.166326530612245,1.3514083576145646,0.648837892557218,0.11258913880838954
26,9,LMM-2,7,13.583163265306123,0.6757041788072826,27.166326530612245,1.3514083576145652,0.7015246646707453,0.09850060977013976
26,10,LMM-1,7,11.892346938775509,0.6294275815975398,23.784693877551017,1.2588551631950795,0.7521628022090247,0.1063339334621931
26,10,LMM-2,7,9.474659863945577,0.2590714980347868,18.949319727891154,0.5181429960695736,0.7866861534100723,0.09010225005963972
27,4,LMM-1,7,11.128061224489796,0.5390763199459391,22.256122448979593,1.0781526398918782,0.7676547521178934,0.08107964033490855
27,4,LMM-2,7,10.387585034013606,0.7148614055178714,20.77517006802721,1.4297228110357427,0.7652276902220254,0.078368846526618
27,5,LMM-1,7,11.218707482993198,0.4875223592945883,22.437414965986395,0.9750447185891766,0.773270752756053,0.08159714749619895
27,5,LMM-2,7,9.768367346938776,0.44061813172781666,19.536734693877552,0.8812362634556333,0.7789650434363443,0.08243177707431378
27,6,LMM-1,7,11.278231292517006,0.5425936652811393,22.556462585034012,1.0851873305622786,0.777437618842417,0.08483831801246722
27,6,LMM-2,7,10.044727891156464,0.4802057994154342,20.08945578231293,0.9604115988308684,0.772677484194104,0.08979170533808732
27,7,LMM-1,7,10.360204081632654,0.7807353214669659,20.720408163265308,1.5614706429339318,0.8108561020270818,0.06575061993985633
27,7,LMM-2,7,8.554591836734694,0.7176875987359858,17.10918367346939,1.4353751974719715,0.8300150816988314,0.06117015884969394
27,8,LMM-1,7,10.979591836734695,0.38384922640074476,21.95918367346939,0.7676984528014895,0.8043478838067423,0.07286420914253516
27,8,LMM-2,7,7.343367346938775,0.4670647064895058,14.68673469387755,0.9341294129790116,0.8611989386071989,0.06076113546569166
27,9,LMM-1,7,10.555102040816326,0.506888775052696,21.110204081632652,1.013777550105392,0.8093415223772019,0.0696185656070897
27,9,LMM-2,7,7.788775510204082,0.43029644199969097,15.577551020408164,0.8605928839993819,0.8551971345141245,0.058968661710265595
27,10,LMM-1,7,9.83469387755102,0.7000646195622051,19.66938775510204,1.4001292391244102,0.8260780994846629,0.057807864729453234
27,10,LMM-2,7,6.764285714285714,0.7292325043163354,13.528571428571428,1.4584650086326707,0.8799915665311983,0.03892632319530089
28,4,LMM-1,7,10.618027210884353,0.4825994850245851,21.236054421768706,0.9651989700491702,0.7768972010218332,0.07863396457403478
28,4,LMM-2,7,8.618027210884353,0.4825994850245851,17.236054421768706,0.9651989700491702,0.8039205164973822,0.06993126952849683
28,5,LMM-1,7,9.341496598639456,0.3715394417269287,18.68299319727891,0.7430788834538574,0.816356163910272,0.069351359228063
28,5,LMM-2,7,8.33248299319728,0.34585958269467865,16.66496598639456,0.6917191653893573,0.8266155111589747,0.07058558615331943
28,6,LMM-1,7,9.159863945578232,0.23568998902961436,18.319727891156464,0.4713799780592287,0.8265405966585763,0.0704225907750456
28,6,LMM-2,7,7.467346938775511,0.30312516026990055,14.934693877551021,0.6062503205398011,0.8426357461501736,0.06402547735417391
28,7,LMM-1,7,8.444727891156463,0.22026600038590388,16.889455782312925,0.44053200077180776,0.8365558565138819,0.06616894741276427
28,7,LMM-2,7,7.886734693877551,0.3054516459905191,15.773469387755101,0.6109032919810382,0.8377971760465242,0.06517641614959821
28,8,LMM-1,7,8.38469387755102,0.2652594586556948,16.76938775510204,0.5305189173113896,0.8387163636768598,0.06044847936073016
28,8,LMM-2,7,8.03826530612245,0.27406556246291375,16.0765306122449,0.5481311249258275,0.8364637392815243,0.06569401824805506
28,9,LMM-1,7,8.289455782312926,0.26659941189939035,16.57891156462585,0.5331988237987807,0.8572644995651226,0.057120138666414015
28,9,LMM-2,7,6.838095238095238,0.2875338883704864,13.676190476190476,0.5750677767409728,0.8604090594931385,0.059003648821591814
28,10,LMM-1,7,7.531462585034014,0.22490491921030178,15.062925170068027,0.44980983842060357,0.864162494779276,0.052515227575427995
28,10,LMM-2,7,6.931122448979592,0.2841841314619107,13.862244897959185,0.5683682629238214,0.8594396183999695,0.057733815768280135
29,4,LMM-1,7,11.472959183673469,0.26645301989261433,22.945918367346938,0.5329060397852287,0.7447324201774536,0.08570931687974831
29,4,LMM-2,7,9.659183673469387,0.1954595913450315,19.318367346938775,0.390919182690063,0.769811884462053,0.08071209673985436
29,5,LMM-1,7,12.127210884353742,0.2487801699406785,24.254421768707484,0.497560339881357,0.7314549648244638,0.08947272535120632
29,5,LMM-2,7,10.962925170068027,0.32169139454608275,21.925850340136055,0.6433827890921655,0.736358323302116,0.08780354122661461
29,6,LMM-1,7,10.43095238095238,0.2914698072289427,20.86190476190476,0.5829396144578854,0.7971743114990077,0.07846508897655496
29,6,LMM-2,7,8.364115646258503,0.4612408566718589,16.728231292517005,0.9224817133437178,0.8163294296757373,0.0746179783946347
29,7,LMM-1,7,9.449319727891156,0.2747756227069724,18.898639455782313,0.5495512454139448,0.8166869590683946,0.07413713500625548
29,7,LMM-2,7,6.526700680272109,0.8589252672097281,13.053401360544218,1.7178505344194561,0.8636442277337002,0.07273826866282958
29,8,LMM-1,7,8.455102040816326,0.2921259844975114,16.910204081632653,0.5842519689950229,0.8357010916867992,0.059993181029986346
29,8,LMM-2,7,5.844727891156462,0.3394625133955633,11.689455782312924,0.6789250267911267,0.8865873329179895,0.04334096481083509
29,9,LMM-1,7,8.759013605442176,0.28507855658322223,17.51802721088435,0.5701571131664445,0.8319772425337133,0.06483151334163405
29,9,LMM-2,7,6.067857142857143,0.36657002436975095,12.135714285714286,0.7331400487395019,0.8821564663700494,0.055296891953715496
29,10,LMM-1,7,7.683503401360545,0.5687936802007465,15.36700680272109,1.137587360401493,0.8676730171755918,0.045443566507391064
29,10,LMM-2,7,5.5639455782312925,0.3116941922318312,11.127891156462585,0.6233883844636624,0.8973789024527588,0.04843649229473043
30,4,LMM-1,7,9.892346938775509,0.3789829284645478,19.784693877551017,0.7579658569290956,0.7889392309223676,0.07493715739431386
30,4,LMM-2,7,6.607482993197279,0.2557420542930464,13.214965986394558,0.5114841085860928,0.8619452494300461,0.05578006209508901
30,5,LMM-1,7,9.910204081632653,0.35646128680243433,19.820408163265306,0.7129225736048687,0.7981281023551484,0.0721843468234686
30,5,LMM-2,7,8.038945578231292,0.4515364092534338,16.077891156462584,0.9030728185068676,0.8237099200891438,0.0649666299202816
30,6,LMM-1,7,9.60017006802721,0.5068411276138156,19.20034013605442,1.0136822552276312,0.8090291409501369,0.06500404776163214
30,6,LMM-2,7,6.02891156462585,0.422474447948974,12.0578231292517,0.844948895897948,0.8783231897980196,0.057100092009644055
30,7,LMM-1,7,8.854081632653061,0.42295012285522465,17.708163265306123,0.8459002457104493,0.8244710888814145,0.06042453279918019
30,7,LMM-2,7,6.685544217687075,0.1899124614756495,13.37108843537415,0.379824922951299,0.8715686554813471,0.04904962238095438
30,8,LMM-1,7,8.854081632653061,0.42295012285522465,17.708163265306123,0.8459002457104493,0.8252933504532923,0.06023767860219206
30,8,LMM-2,7,6.685544217687075,0.1899124614756495,13.37108843537415,0.379824922951299,0.8715686554813471,0.04904962238095438
30,9,LMM-1,7,8.854081632653061,0.42295012285522465,17.708163265306123,0.8459002457104493,0.8309670988694408,0.05766602923501535
30,9,LMM-2,7,6.930952380952381,0.2164703453843944,13.861904761904762,0.4329406907687888,0.8668520468509112,0.048784183885906746
30,10,LMM-1,7,8.69795918367347,0.4677611567795613,17.39591836734694,0.9355223135591226,0.8328161413062425,0.056388860956924754
30,10,LMM-2,7,6.762925170068027,0.19701307446701208,13.525850340136055,0.39402614893402416,0.8709676512312502,0.048191088555708216
31,4,LMM-1,7,12.153571428571428,0.25440005455011605,24.307142857142857,0.5088001091002321,0.7615098208427066,0.08774788266798124
31,4,LMM-2,7,7.842517006802721,0.28659848605946714,15.685034013605442,0.5731969721189343,0.8429223376426273,0.06157351168426124
31,5,LMM-1,7,11.365136054421768,0.37412391686330654,22.730272108843536,0.7482478337266131,0.7748236046659909,0.08264253885743858
31,5,LMM-2,7,8.141326530612245,0.24783212500082388,16.28265306122449,0.49566425000164777,0.8375283156627739,0.05987816682113704
31,6,LMM-1,7,11.365136054421768,0.37412391686330654,22.730272108843536,0.7482478337266131,0.7748236046659909,0.08264253885743858
31,6,LMM-2,7,8.141326530612245,0.24783212500082388,16.28265306122449,0.49566425000164777,0.8375283156627739,0.05987816682113704
31,7,LMM-1,7,11.625680272108843,0.34287359249492544,23.251360544217686,0.6857471849898509,0.7707855318649717,0.08751620905235112
31,7,LMM-2,7,8.096428571428572,0.36411060216951235,16.192857142857143,0.7282212043390247,0.8420076926246488,0.06428873411712206
31,8,LMM-1,7,11.380272108843538,0.35874180458175564,22.760544217687077,0.7174836091635113,0.7792037425252182,0.08751835344090805
31,8,LMM-2,7,8.096428571428572,0.36411060216951235,16.192857142857143,0.7282212043390247,0.8420076926246488,0.06428873411712206
31,9,LMM-1,7,10.255782312925172,0.4508456890626588,20.511564625850344,0.9016913781253176,0.8021650461049721,0.07989094574110757
31,9,LMM-2,7,8.450850340136054,0.5465920250712064,16.901700680272107,1.0931840501424128,0.8384329184886969,0.05054862496799134
31,10,LMM-1,7,10.134183673469389,0.4974240065828718,20.268367346938778,0.9948480131657436,0.8120764155851852,0.07727338613879683
31,10,LMM-2,7,6.972108843537415,0.5546308190660801,13.94421768707483,1.1092616381321603,0.8725047889156042,0.068449196286645
32,4,LMM-1,7,10.608673469387755,0.3108453696214196,21.21734693877551,0.6216907392428392,0.7813755053294422,0.07578630005212997
32,4,LMM-2,7,9.759183673469389,0.17348739402345037,19.518367346938778,0.34697478804690074,0.7781098518572584,0.07997139184981175
32,5,LMM-1,7,9.664795918367346,0.23997713517350103,19.329591836734693,0.47995427034700205,0.7951116028913459,0.07282265434356994
32,5,LMM-2,7,8.908163265306124,0.1110792911075369,17.816326530612248,0.2221585822150738,0.7928980377906372,0.0745378449451838
32,6,LMM-1,7,9.490816326530611,0.24593365652832566,18.981632653061222,0.4918673130566513,0.796005701487804,0.07273850007410801
32,6,LMM-2,7,7.825850340136055,0.4251801359352192,15.65170068027211,0.8503602718704384,0.8219394180418718,0.06800409283617508
32,7,LMM-1,7,9.67704081632653,0.1855601949760613,19.35408163265306,0.3711203899521226,0.7922149655407535,0.07747336071709734
32,7,LMM-2,7,6.860034013605443,0.5124557456944879,13.720068027210885,1.0249114913889759,0.8545101317671698,0.06790515360134773
32,8,LMM-1,7,9.62091836734694,0.21289406110359574,19.24183673469388,0.4257881222071915,0.7961038436186455,0.07412999489670906
32,8,LMM-2,7,6.67874149659864,0.42607950355265767,13.35748299319728,0.8521590071053153,0.8607688478974131,0.06352252130559818
32,9,LMM-1,7,9.360884353741497,0.24563522808904337,18.721768707482994,0.49127045617808673,0.8116205656545586,0.07012658861968653
32,9,LMM-2,7,6.231122448979591,0.34815820443296963,12.462244897959183,0.6963164088659393,0.8757258187331455,0.05453207807796236
32,10,LMM-1,7,8.128401360544219,0.24914530654876665,16.256802721088437,0.4982906130975333,0.8397115178793054,0.060675163282008164
32,10,LMM-2,7,6.405102040816327,0.41247243445591286,12.810204081632653,0.8249448689118257,0.8725861225157391,0.051283571160305276
33,4,LMM-1,7,18.290986394557823,0.6408389386798647,36.581972789115646,1.2816778773597295,0.6142085376233508,0.1159080454884591
33,4,LMM-2,7,15.337074829931973,1.0108673010162013,30.674149659863946,2.0217346020324025,0.6566179747912327,0.10005288595015013
33,5,LMM-1,7,15.798979591836735,1.2337127152313252,31.59795918367347,2.4674254304626504,0.6737049811474136,0.09325822863583792
33,5,LMM-2,7,12.48469387755102,1.6348111445563052,24.96938775510204,3.2696222891126103,0.7291384715930976,0.06741017805167474
33,6,LMM-1,7,15.798979591836735,1.2337127152313252,31.59795918367347,2.4674254304626504,0.6753151971384319,0.09264795367158693
33,6,LMM-2,7,12.081632653061224,1.4075900933464722,24.163265306122447,2.8151801866929445,0.7295747918031958,0.07725618134538045
33,7,LMM-1,7,13.510714285714286,0.7533617025541471,27.021428571428572,1.5067234051082943,0.7238479349517853,0.08449487845002937
33,7,LMM-2,7,9.010374149659864,0.5932295070974412,18.020748299319727,1.1864590141948823,0.8033976183126091,0.0647706806141136
33,8,LMM-1,7,10.723979591836736,0.41309079207718835,21.447959183673472,0.8261815841543767,0.785336894572821,0.07614161218526304
33,8,LMM-2,7,7.464625850340136,0.24051635877705385,14.929251700680272,0.4810327175541077,0.8532443294792392,0.06209449604016804
33,9,LMM-1,7,8.98044217687075,0.3822881858265266,17.9608843537415,0.7645763716530533,0.8303054080449047,0.05831629859470374
33,9,LMM-2,7,7.308503401360545,0.41766907049764634,14.61700680272109,0.8353381409952927,0.862557629297277,0.05000719003498731
33,10,LMM-1,7,8.98044217687075,0.3822881858265266,17.9608843537415,0.7645763716530533,0.8303054080449047,0.05831629859470374
33,10,LMM-2,7,7.308503401360545,0.41766907049764634,14.61700680272109,0.8353381409952927,0.862557629297277,0.05000719003498731
34,4,LMM-1,7,12.745578231292516,0.5110496394673636,25.49115646258503,1.0220992789347272,0.7333627131258327,0.08965080808064957
34,4,LMM-2,7,10.934013605442177,0.4152594590665076,21.868027210884353,0.8305189181330151,0.7568944842095794,0.08523369018120484
34,5,LMM-1,7,11.934013605442177,0.4152594590665076,23.868027210884353,0.8305189181330151,0.7568176385046118,0.08524958596500992
34,5,LMM-2,7,9.349149659863945,0.2556589159939954,18.69829931972789,0.5113178319879907,0.7967652888243396,0.07796162047578901
34,6,LMM-1,7,12.062585034013606,0.3185108549168985,24.125170068027213,0.637021709833797,0.7586189668797308,0.0860113846107442
34,6,LMM-2,7,8.708673469387756,0.29197139037013337,17.417346938775513,0.5839427807402667,0.8204532386605903,0.06659528036801463
34,7,LMM-1,7,11.878401360544217,0.15521444637934967,23.756802721088434,0.31042889275869934,0.7598111039011354,0.08667362129565905
34,7,LMM-2,7,7.522448979591837,0.446346898910752,15.044897959183674,0.892693797821504,0.8397841623892625,0.06799884163433582
34,8,LMM-1,7,11.070238095238096,0.27645205183078536,22.140476190476193,0.5529041036615707,0.7807466398967186,0.08097261128912131
34,8,LMM-2,7,9.441496598639457,0.6911430712720592,18.882993197278914,1.3822861425441184,0.8014358091693456,0.06479435698147384
34,9,LMM-1,7,10.602551020408162,0.3515505640234477,21.205102040816325,0.7031011280468954,0.794528262317575,0.07941727872511167
34,9,LMM-2,7,7.838095238095238,0.2875338883704862,15.676190476190476,0.5750677767409724,0.8419475828192079,0.06820252080566383
34,10,LMM-1,7,10.002891156462585,0.3450643810806384,20.00578231292517,0.6901287621612768,0.8165318258645123,0.06846782054957468
34,10,LMM-2,7,7.220408163265306,0.32276456326915404,14.440816326530612,0.6455291265383081,0.8505757938020796,0.06392695145793069
35,4,LMM-1,7,13.18826530612245,0.4097296333405852,26.3765306122449,0.8194592666811704,0.7545972752989126,0.09365193769518829
35,4,LMM-2,7,12.18826530612245,0.4097296333405852,24.3765306122449,0.8194592666811704,0.7545972752989126,0.09365193769518829
35,5,LMM-1,7,13.18826530612245,0.4097296333405852,26.3765306122449,0.8194592666811704,0.7545972752989126,0.09365193769518829
35,5,LMM-2,7,12.18826530612245,0.4097296333405852,24.3765306122449,0.8194592666811704,0.7545972752989126,0.09365193769518829
35,6,LMM-1,7,12.739285714285714,0.7952576986463168,25.478571428571428,1.5905153972926336,0.7681765468812785,0.07604799359969348
35,6,LMM-2,7,11.660204081632653,0.891011438581304,23.320408163265306,1.782022877162608,0.7702964174396614,0.07385776515423652
35,7,LMM-1,7,12.739285714285714,0.7952576986463168,25.478571428571428,1.5905153972926336,0.7681765468812785,0.07604799359969348
35,7,LMM-2,7,11.606632653061224,0.9809251071812101,23.213265306122448,1.9618502143624201,0.7717132379297093,0.07204966419821042
35,8,LMM-1,7,10.309693877551021,0.41493831456748853,20.619387755102043,0.8298766291349771,0.8213704326580785,0.06869257810819254
35,8,LMM-2,7,6.259863945578231,0.8163333333049889,12.519727891156462,1.6326666666099778,0.8811029792624343,0.06799615182524438
35,9,LMM-1,7,9.636734693877552,0.8104624981285591,19.273469387755103,1.6209249962571182,0.8361637927186439,0.0557905023627683
35,9,LMM-2,7,5.45204081632653,0.3425131224066873,10.90408163265306,0.6850262448133746,0.9016349536319248,0.05062988173626138
35,10,LMM-1,7,9.851530612244899,0.6418443503075728,19.703061224489797,1.2836887006151456,0.8421202039699363,0.05393922350484567
35,10,LMM-2,7,5.43265306122449,0.20315663388305513,10.86530612244898,0.40631326776611026,0.9041462735351379,0.04313544824820325
36,4,LMM-1,7,12.19013605442177,0.48188840782430775,24.38027210884354,0.9637768156486155,0.7456957284073018,0.08609099787101897
36,4,LMM-2,7,9.79795918367347,0.4273422065157593,19.59591836734694,0.8546844130315187,0.7839125017458918,0.07587370208450951
36,5,LMM-1,7,11.656292517006802,0.4417222283320567,23.312585034013605,0.8834444566641134,0.7621902184020625,0.07832635425266368
36,5,LMM-2,7,10.426530612244898,0.29231443705785926,20.853061224489796,0.5846288741157185,0.7687074117545143,0.07915698548722988
36,6,LMM-1,7,12.030612244897958,0.4701512079745651,24.061224489795915,0.9403024159491302,0.7560951239908621,0.0809103629443131
36,6,LMM-2,7,10.426530612244898,0.29231443705785926,20.853061224489796,0.5846288741157185,0.7694382402833976,0.0788674775262049
36,7,LMM-1,7,11.660884353741496,0.5295967519727864,23.321768707482992,1.0591935039455729,0.7634373797948854,0.07607530836798933
36,7,LMM-2,7,10.212244897959183,0.20918118465418395,20.424489795918365,0.4183623693083679,0.7704989914579475,0.08018760308841935
36,8,LMM-1,7,9.31513605442177,0.40294043656423423,18.63027210884354,0.8058808731284685,0.8331456222269884,0.06149046507145702
36,8,LMM-2,7,8.49591836734694,0.9918249535054252,16.99183673469388,1.9836499070108504,0.8297466086047484,0.05554430722923854
36,9,LMM-1,7,9.399319727891156,0.3384680187995671,18.79863945578231,0.6769360375991342,0.8295377621183031,0.06434263850003691
36,9,LMM-2,7,7.894727891156463,0.5945921178950866,15.789455782312926,1.1891842357901732,0.8441099396365314,0.057103234261513536
36,10,LMM-1,7,8.788945578231292,0.2542199033651222,17.577891156462584,0.5084398067302444,0.8441783205543691,0.06323899923167431
36,10,LMM-2,7,7.349829931972789,0.5700779207006028,14.699659863945579,1.1401558414012056,0.8565217700188628,0.05417560924815231
37,4,LMM-1,7,12.12295918367347,0.8604167244429006,24.24591836734694,1.7208334488858013,0.7383021820212304,0.07693072845364175
37,4,LMM-2,7,9.749489795918366,0.3276321591213222,19.498979591836733,0.6552643182426444,0.772206541271441,0.07609182328600482
37,5,LMM-1,7,12.411224489795918,0.7607183729630694,24.822448979591837,1.5214367459261389,0.7292603688634222,0.0803711697489577
37,5,LMM-2,7,10.338945578231293,0.557205616808577,20.677891156462586,1.114411233617154,0.7603832093019749,0.0733710515489559
37,6,LMM-1,7,9.393027210884354,0.23888510867264465,18.786054421768707,0.4777702173452893,0.806219879770433,0.07130217066148452
37,6,LMM-2,7,8.941156462585033,0.41283802552407556,17.882312925170066,0.8256760510481511,0.806529522347243,0.07229277320032076
37,7,LMM-1,7,7.930612244897959,0.3401999939902455,15.861224489795918,0.680399987980491,0.8384944367729334,0.057783274811164534
37,7,LMM-2,7,8.743537414965987,0.39328406875872063,17.487074829931974,0.7865681375174413,0.8134717785153898,0.06808406815724953
37,8,LMM-1,7,7.372619047619048,0.3636977826403478,14.745238095238095,0.7273955652806956,0.8600503879188903,0.04874412038777192
37,8,LMM-2,7,6.137414965986395,0.7434736172690845,12.27482993197279,1.486947234538169,0.8671668261091973,0.0583805210145421
37,9,LMM-1,7,7.254761904761905,0.2977047495654583,14.50952380952381,0.5954094991309166,0.8649052024188087,0.047820808282545146
37,9,LMM-2,7,5.668537414965987,0.24558117566591897,11.337074829931973,0.49116235133183794,0.8840274623675632,0.0454071511384376
37,10,LMM-1,7,7.546598639455782,0.3708347274907614,15.093197278911564,0.7416694549815228,0.8587112447957326,0.04937660895679749
37,10,LMM-2,7,5.331122448979592,0.4680565640020154,10.662244897959184,0.9361131280040308,0.889674516499496,0.045962820198558005
38,4,LMM-1,7,14.24625850340136,0.41496124676673196,28.49251700680272,0.8299224935334639,0.7203729407037517,0.096245686710921
38,4,LMM-2,7,11.043027210884352,0.16985820389741407,22.086054421768704,0.33971640779482815,0.7666732393147606,0.09236792817726505
38,5,LMM-1,7,14.24625850340136,0.41496124676673196,28.49251700680272,0.8299224935334639,0.7435403942783374,0.08948621791980786
38,5,LMM-2,7,9.485374149659863,0.35751098617235555,18.970748299319727,0.7150219723447111,0.808980814950268,0.08006633715099115
38,6,LMM-1,7,14.24625850340136,0.41496124676673196,28.49251700680272,0.8299224935334639,0.7435403942783374,0.08948621791980786
38,6,LMM-2,7,9.485374149659863,0.35751098617235555,18.970748299319727,0.7150219723447111,0.808980814950268,0.08006633715099115
38,7,LMM-1,7,13.24625850340136,0.41496124676673196,26.49251700680272,0.8299224935334639,0.768956453765904,0.0817728234108289
38,7,LMM-2,7,11.24625850340136,0.41496124676673196,22.49251700680272,0.8299224935334639,0.7811640319354411,0.07796084428484296
38,8,LMM-1,7,13.281972789115645,0.4243973931349439,26.56394557823129,0.8487947862698878,0.767206909328599,0.08057957066209968
38,8,LMM-2,7,11.281972789115645,0.4243973931349439,22.56394557823129,0.8487947862698878,0.7793938084187636,0.0767517788506635
38,9,LMM-1,7,13.281972789115645,0.4243973931349439,26.56394557823129,0.8487947862698878,0.767206909328599,0.08057957066209968
38,9,LMM-2,7,11.281972789115645,0.4243973931349439,22.56394557823129,0.8487947862698878,0.7793938084187636,0.0767517788506635
38,10,LMM-1,7,13.24625850340136,0.41496124676673196,26.49251700680272,0.8299224935334639,0.768956453765904,0.0817728234108289
38,10,LMM-2,7,11.24625850340136,0.41496124676673196,22.49251700680272,0.8299224935334639,0.7811640319354411,0.07796084428484296
39,4,LMM-1,7,12.826870748299319,0.2578056282538628,25.653741496598638,0.5156112565077255,0.7251119671651437,0.09861004138458909
39,4,LMM-2,7,9.95952380952381,0.1812341165141435,19.91904761904762,0.362468233028287,0.7713944441427341,0.08876737914966508
39,5,LMM-1,7,11.668367346938776,0.3104661591325138,23.336734693877553,0.6209323182650276,0.7619804079243598,0.08838121630603298
39,5,LMM-2,7,8.05748299319728,0.3321173851482348,16.11496598639456,0.6642347702964696,0.8248337403000529,0.07539705433196278
39,6,LMM-1,7,11.248979591836735,0.2857252184497239,22.49795918367347,0.5714504368994477,0.7675097031558399,0.09052549030462742
39,6,LMM-2,7,8.178911564625851,0.41980919619585133,16.357823129251702,0.8396183923917027,0.8244582748009097,0.07692261070676615
39,7,LMM-1,7,11.239625850340136,0.27270905317372557,22.479251700680273,0.5454181063474511,0.7682940874009601,0.0905043303765193
39,7,LMM-2,7,8.314965986394558,0.49319094530298674,16.629931972789116,0.9863818906059735,0.8204090990760483,0.08162487321203434
39,8,LMM-1,7,10.775850340136055,0.28148925002655556,21.55170068027211,0.5629785000531111,0.7855508706947384,0.08544682056747263
39,8,LMM-2,7,8.312414965986395,0.47609006472925597,16.62482993197279,0.9521801294585119,0.8203531034797945,0.07865611142955624
39,9,LMM-1,7,9.491156462585034,0.3267441903551801,18.982312925170067,0.6534883807103602,0.8230575878536512,0.07456413379834063
39,9,LMM-2,7,6.015646258503401,0.7940720780155873,12.031292517006802,1.5881441560311746,0.8703568378356917,0.07135701640317062
39,10,LMM-1,7,8.775850340136055,0.28148925002655556,17.55170068027211,0.5629785000531111,0.8359441005623882,0.07010352043740374
39,10,LMM-2,7,6.477380952380953,0.9484188417148448,12.954761904761906,1.8968376834296896,0.8558207334049307,0.07211722485788219
40,4,LMM-1,7,14.697108843537416,0.3396163546715697,29.394217687074832,0.6792327093431394,0.6884377438511161,0.10769436356731853
40,4,LMM-2,7,12.790986394557823,0.5098963357580557,25.581972789115646,1.0197926715161114,0.7125364906148259,0.09499576874541002
40,5,LMM-1,7,14.388945578231292,0.5124213159812548,28.777891156462584,1.0248426319625097,0.6971815120988313,0.09861387929197202
40,5,LMM-2,7,12.888265306122449,0.5328694033333488,25.776530612244898,1.0657388066666975,0.7101625072040884,0.0925322135262648
40,6,LMM-1,7,10.860884353741497,0.6614737709328299,21.721768707482994,1.3229475418656598,0.7999078721924786,0.071271078590402
40,6,LMM-2,7,10.218027210884355,0.5543681373000054,20.43605442176871,1.108736274600011,0.7809115826301974,0.08215684623078554
40,7,LMM-1,7,10.47125850340136,0.6102363595767571,20.94251700680272,1.2204727191535143,0.8023153026902689,0.0687928101328569
40,7,LMM-2,7,8.822108843537416,0.3543809630889632,17.644217687074832,0.7087619261779264,0.8182950872877598,0.06945529310723347
40,8,LMM-1,7,10.33673469387755,0.6521038901498145,20.6734693877551,1.304207780299629,0.8029053548146728,0.06911409874325425
40,8,LMM-2,7,8.814965986394558,0.3298891900166652,17.629931972789116,0.6597783800333304,0.8193756340208969,0.06977524652612652
40,9,LMM-1,7,10.094387755102042,0.8834563408600039,20.188775510204085,1.7669126817200078,0.816639906217081,0.05769051685423366
40,9,LMM-2,7,8.172108843537414,0.7115477164000648,16.344217687074828,1.4230954328001295,0.8428737792463041,0.051969096334151636
40,10,LMM-1,7,9.973979591836736,0.8802977041038064,19.947959183673472,1.7605954082076127,0.818395052000691,0.0581419516445412
40,10,LMM-2,7,7.9671768707482995,0.6666253197646113,15.934353741496599,1.3332506395292225,0.8465923329026078,0.052288135971961705
41,4,LMM-1,7,15.98044217687075,0.3822881858265264,31.9608843537415,0.7645763716530528,0.7237387284703442,0.09409716784224076
41,4,LMM-2,7,9.802891156462584,0.9046549026287324,19.605782312925168,1.8093098052574648,0.8226699228752764,0.06262570596586867
41,5,LMM-1,7,15.98044217687075,0.3822881858265264,31.9608843537415,0.7645763716530528,0.7237387284703442,0.09409716784224076
41,5,LMM-2,7,9.802891156462584,0.9046549026287324,19.605782312925168,1.8093098052574648,0.8226699228752764,0.06262570596586867
41,6,LMM-1,7,15.98044217687075,0.3822881858265264,31.9608843537415,0.7645763716530528,0.7237387284703442,0.09409716784224076
41,6,LMM-2,7,9.802891156462584,0.9046549026287324,19.605782312925168,1.8093098052574648,0.8226699228752764,0.06262570596586867
41,7,LMM-1,7,13.98044217687075,0.3822881858265266,27.9608843537415,0.7645763716530533,0.7659696307022112,0.08142541035549587
41,7,LMM-2,7,7.348809523809523,0.6296640035523824,14.697619047619046,1.2593280071047648,0.8647789412955388,0.06583125284776006
41,8,LMM-1,7,13.98044217687075,0.3822881858265266,27.9608843537415,0.7645763716530533,0.7659696307022112,0.08142541035549587
41,8,LMM-2,7,7.348809523809523,0.6296640035523824,14.697619047619046,1.2593280071047648,0.8647789412955388,0.06583125284776006
41,9,LMM-1,7,13.98044217687075,0.3822881858265266,27.9608843537415,0.7645763716530533,0.7659696307022112,0.08142541035549587
41,9,LMM-2,7,7.348809523809523,0.6296640035523824,14.697619047619046,1.2593280071047648,0.8647789412955388,0.06583125284776006
41,10,LMM-1,7,13.98044217687075,0.3822881858265266,27.9608843537415,0.7645763716530533,0.7659696307022112,0.08142541035549587
41,10,LMM-2,7,7.348809523809523,0.6296640035523824,14.697619047619046,1.2593280071047648,0.8647789412955388,0.06583125284776006
42,4,LMM-1,7,11.955102040816326,0.2809478512589666,23.910204081632653,0.5618957025179332,0.7510501689877476,0.09747734052407625
42,4,LMM-2,7,7.103741496598639,0.8987608511782862,14.207482993197278,1.7975217023565724,0.8444800221469946,0.08637199384952175
42,5,LMM-1,7,11.876020408163265,0.22390578022312435,23.75204081632653,0.4478115604462487,0.7726569783016227,0.08856531196312836
42,5,LMM-2,7,7.876020408163265,0.22390578022312435,15.75204081632653,0.4478115604462487,0.8449498280164233,0.06598540775826041
42,6,LMM-1,7,11.387925170068028,0.5594950161108627,22.775850340136056,1.1189900322217254,0.7774225122878471,0.07404871790530872
42,6,LMM-2,7,10.143027210884354,0.8112951879517183,20.286054421768707,1.6225903759034366,0.7858611958186822,0.06566210516497883
42,7,LMM-1,7,11.4593537414966,0.44603062924742043,22.9187074829932,0.8920612584948409,0.7752974550387434,0.07697895201264068
42,7,LMM-2,7,10.143027210884354,0.8112951879517183,20.286054421768707,1.6225903759034366,0.7864592646948577,0.06488319388104184
42,8,LMM-1,7,10.557142857142859,0.3509462427582356,21.114285714285717,0.7018924855164712,0.7980419513985532,0.0722084810644727
42,8,LMM-2,7,8.432993197278911,0.4659136444526882,16.865986394557822,0.9318272889053764,0.8257502204443333,0.05950735509860847
42,9,LMM-1,7,10.614285714285714,0.3532646576822354,21.228571428571428,0.7065293153644708,0.7969718857086114,0.07227353398284511
42,9,LMM-2,7,8.432993197278911,0.4659136444526882,16.865986394557822,0.9318272889053764,0.8261522814356379,0.05947687015124763
42,10,LMM-1,7,10.712755102040816,0.21286824672155155,21.425510204081633,0.4257364934431031,0.7940989212060846,0.0768043790464042
42,10,LMM-2,7,8.58860544217687,0.3045797294737048,17.17721088435374,0.6091594589474096,0.8204827721619401,0.06563565132441891
43,4,LMM-1,7,16.545238095238094,0.6989058504227175,33.09047619047619,1.397811700845435,0.6573388640274203,0.10864420710529218
43,4,LMM-2,7,10.647619047619047,0.8265163348057195,21.295238095238094,1.653032669611439,0.7589442338170717,0.0813442765895228
43,5,LMM-1,7,16.05442176870748,0.4550964481114113,32.10884353741496,0.9101928962228226,0.6646203647503964,0.10984768512230376
43,5,LMM-2,7,10.647619047619047,0.8265163348057195,21.295238095238094,1.653032669611439,0.7589442338170717,0.0813442765895228
43,6,LMM-1,7,15.382312925170067,0.32939081785772584,30.764625850340135,0.6587816357154517,0.6805676519781356,0.10687205773300112
43,6,LMM-2,7,10.647619047619047,0.8265163348057195,21.295238095238094,1.653032669611439,0.7589442338170717,0.0813442765895228
43,7,LMM-1,7,14.042857142857143,0.4271404682207443,28.085714285714285,0.8542809364414886,0.7099497572812136,0.10307851148708885
43,7,LMM-2,7,10.00374149659864,0.9472924069923772,20.00748299319728,1.8945848139847543,0.791339088127562,0.06266410314870344
43,8,LMM-1,7,12.145918367346939,0.5805601361869173,24.291836734693877,1.1611202723738345,0.7555052611568872,0.08047424603619269
43,8,LMM-2,7,9.319897959183674,0.595028777579235,18.639795918367348,1.19005755515847,0.8063417439096556,0.06420693139794316
43,9,LMM-1,7,11.391326530612245,0.6941389813630483,22.78265306122449,1.3882779627260966,0.775294399604378,0.07235995241832069
43,9,LMM-2,7,9.319897959183674,0.595028777579235,18.639795918367348,1.19005755515847,0.8063417439096556,0.06420693139794316
43,10,LMM-1,7,11.894387755102041,0.561245258325267,23.788775510204083,1.122490516650534,0.7740749097647915,0.07526608708105635
43,10,LMM-2,7,9.82295918367347,0.4332018911276366,19.64591836734694,0.8664037822552731,0.8000214592533522,0.0690615920669817
44,4,LMM-1,7,18.391326530612243,0.694138981363048,36.78265306122449,1.388277962726096,0.6491994305543818,0.11112310556209702
44,4,LMM-2,7,11.9,0.341681184360555,23.8,0.68336236872111,0.7480631786277122,0.09526591382256892
44,5,LMM-1,7,18.391326530612243,0.694138981363048,36.78265306122449,1.388277962726096,0.6491994305543818,0.11112310556209702
44,5,LMM-2,7,11.9,0.341681184360555,23.8,0.68336236872111,0.7480631786277122,0.09526591382256892
44,6,LMM-1,7,18.391326530612243,0.694138981363048,36.78265306122449,1.388277962726096,0.6491994305543818,0.11112310556209702
44,6,LMM-2,7,11.9,0.341681184360555,23.8,0.68336236872111,0.7480631786277122,0.09526591382256892
44,7,LMM-1,7,18.391326530612243,0.694138981363048,36.78265306122449,1.388277962726096,0.6491994305543818,0.11112310556209702
44,7,LMM-2,7,11.9,0.341681184360555,23.8,0.68336236872111,0.7480631786277122,0.09526591382256892
44,8,LMM-1,7,16.391326530612243,0.6941389813630483,32.78265306122449,1.3882779627260966,0.692613710822891,0.0995117172638821
44,8,LMM-2,7,11.713775510204082,0.3603337371760427,23.427551020408163,0.7206674743520854,0.7529591266846346,0.09042839444774173
44,9,LMM-1,7,16.391326530612243,0.6941389813630483,32.78265306122449,1.3882779627260966,0.692613710822891,0.0995117172638821
44,9,LMM-2,7,11.713775510204082,0.3603337371760427,23.427551020408163,0.7206674743520854,0.7529591266846346,0.09042839444774173
44,10,LMM-1,7,16.391326530612243,0.6941389813630483,32.78265306122449,1.3882779627260966,0.692613710822891,0.0995117172638821
44,10,LMM-2,7,11.713775510204082,0.3603337371760427,23.427551020408163,0.7206674743520854,0.7529591266846346,0.09042839444774173
45,4,LMM-1,7,18.01955782312925,0.6219248471688027,36.0391156462585,1.2438496943376054,0.6550000552035719,0.106348880933427
45,4,LMM-2,7,9.107993197278912,1.4249331098773024,18.215986394557824,2.8498662197546047,0.8036574822377582,0.10227213105813712
45,5,LMM-1,7,16.01955782312925,0.6219248471688026,32.0391156462585,1.2438496943376052,0.6920689493276855,0.09620116947287864
45,5,LMM-2,7,7.325680272108843,0.41708815277797784,14.651360544217686,0.8341763055559557,0.8566738106628939,0.052925253033486074
45,6,LMM-1,7,14.01955782312925,0.6219248471688024,28.0391156462585,1.2438496943376047,0.7253286283981046,0.08648031937579881
45,6,LMM-2,7,9.03078231292517,0.8399326711324698,18.06156462585034,1.6798653422649397,0.8054414375882847,0.08892150821777743
45,7,LMM-1,7,14.01955782312925,0.6219248471688024,28.0391156462585,1.2438496943376047,0.7253286283981046,0.08648031937579881
45,7,LMM-2,7,9.03078231292517,0.8399326711324698,18.06156462585034,1.6798653422649397,0.8054414375882847,0.08892150821777743
45,8,LMM-1,7,14.01955782312925,0.6219248471688024,28.0391156462585,1.2438496943376047,0.7253286283981046,0.08648031937579881
45,8,LMM-2,7,9.03078231292517,0.8399326711324698,18.06156462585034,1.6798653422649397,0.8054414375882847,0.08892150821777743
45,9,LMM-1,7,13.01955782312925,0.6219248471688024,26.0391156462585,1.2438496943376047,0.7563576879584809,0.07691715056647058
45,9,LMM-2,7,8.112074829931974,0.2623299181909387,16.224149659863947,0.5246598363818774,0.8362922389551576,0.06305264857093734
45,10,LMM-1,7,13.01955782312925,0.6219248471688024,26.0391156462585,1.2438496943376047,0.7563576879584809,0.07691715056647058
45,10,LMM-2,7,8.112074829931974,0.2623299181909387,16.224149659863947,0.5246598363818774,0.8362922389551576,0.06305264857093734
46,4,LMM-1,7,12.921428571428573,0.4719693867623368,25.842857142857145,0.9439387735246736,0.7340280413713776,0.10512180615701919
46,4,LMM-2,7,9.450510204081633,0.30530342059871335,18.901020408163266,0.6106068411974267,0.7889251406355059,0.08674145792115057
46,5,LMM-1,7,12.921428571428573,0.4719693867623368,25.842857142857145,0.9439387735246736,0.7340280413713776,0.10512180615701919
46,5,LMM-2,7,9.450510204081633,0.30530342059871335,18.901020408163266,0.6106068411974267,0.7889251406355059,0.08674145792115057
46,6,LMM-1,7,13.502891156462585,0.4868674857006928,27.00578231292517,0.9737349714013857,0.7198257447464469,0.09603098306620844
46,6,LMM-2,7,10.533843537414967,0.3636102944128108,21.067687074829934,0.7272205888256216,0.7606091052864518,0.08273357869344299
46,7,LMM-1,7,13.502891156462585,0.4868674857006928,27.00578231292517,0.9737349714013857,0.7198257447464469,0.09603098306620844
46,7,LMM-2,7,10.533843537414967,0.3636102944128108,21.067687074829934,0.7272205888256216,0.7606091052864518,0.08273357869344299
46,8,LMM-1,7,11.037074829931973,0.7753092292395666,22.074149659863945,1.5506184584791332,0.7709620078166566,0.09127285792547231
46,8,LMM-2,7,9.109183673469387,0.4093387269064163,18.218367346938773,0.8186774538128326,0.8005122802145823,0.07661038175741569
46,9,LMM-1,7,9.18673469387755,0.4782470168982803,18.3734693877551,0.9564940337965606,0.827391963370952,0.05923039030694527
46,9,LMM-2,7,8.484013605442177,0.23341215621886316,16.968027210884355,0.4668243124377263,0.8310632288498362,0.06401314566627968
46,10,LMM-1,7,8.391326530612245,0.6336180099954445,16.78265306122449,1.267236019990889,0.8603175597338664,0.04891467106209381
46,10,LMM-2,7,7.752380952380952,0.17602952751690024,15.504761904761905,0.35205905503380047,0.8353396964118257,0.06334696590350809
47,4,LMM-1,7,13.07108843537415,0.32947334699589104,26.1421768707483,0.6589466939917821,0.7658108213635076,0.07639105957728273
47,4,LMM-2,7,12.07108843537415,0.32947334699589104,24.1421768707483,0.6589466939917821,0.7658108213635076,0.07639105957728273
47,5,LMM-1,7,13.07108843537415,0.32947334699589104,26.1421768707483,0.6589466939917821,0.7706460774311733,0.08128077499070334
47,5,LMM-2,7,12.07108843537415,0.32947334699589104,24.1421768707483,0.6589466939917821,0.7706460774311733,0.08128077499070334
47,6,LMM-1,7,13.07108843537415,0.32947334699589104,26.1421768707483,0.6589466939917821,0.7706460774311733,0.08128077499070334
47,6,LMM-2,7,12.07108843537415,0.32947334699589104,24.1421768707483,0.6589466939917821,0.7706460774311733,0.08128077499070334
47,7,LMM-1,7,12.07108843537415,0.32947334699589104,24.1421768707483,0.6589466939917821,0.8000969462331293,0.07192410602939679
47,7,LMM-2,7,9.353231292517007,0.6108386628216806,18.706462585034014,1.2216773256433613,0.8268790136831875,0.07433165959904027
47,8,LMM-1,7,11.994897959183673,0.35176547778720163,23.989795918367346,0.7035309555744033,0.8038615845710442,0.0705448374604016
47,8,LMM-2,7,9.277040816326531,0.5636067251267322,18.554081632653062,1.1272134502534643,0.8307696677475286,0.07290622204512334
47,9,LMM-1,7,11.994897959183673,0.35176547778720163,23.989795918367346,0.7035309555744033,0.8038615845710442,0.0705448374604016
47,9,LMM-2,7,9.277040816326531,0.5636067251267322,18.554081632653062,1.1272134502534643,0.8307696677475286,0.07290622204512334
47,10,LMM-1,7,11.994897959183673,0.35176547778720163,23.989795918367346,0.7035309555744033,0.8038615845710442,0.0705448374604016
47,10,LMM-2,7,9.277040816326531,0.5636067251267322,18.554081632653062,1.1272134502534643,0.8307696677475286,0.07290622204512334
48,4,LMM-1,7,12.354761904761904,0.38982233292509744,24.70952380952381,0.7796446658501949,0.7273645625721489,0.09269622839806621
48,4,LMM-2,7,7.023979591836735,0.3775037507946619,14.04795918367347,0.7550075015893238,0.8287328756334176,0.07123895549953906
48,5,LMM-1,7,12.254761904761905,0.29770474956545817,24.50952380952381,0.5954094991309163,0.72397815157661,0.09121252723822348
48,5,LMM-2,7,7.743027210884354,0.7996295173308768,15.486054421768708,1.5992590346617537,0.8124980983862612,0.06432907452285709
48,6,LMM-1,7,12.1828231292517,0.2217774454686888,24.3656462585034,0.4435548909373776,0.7164273563456731,0.09970639516105242
48,6,LMM-2,7,8.108163265306123,0.857382673502474,16.216326530612246,1.714765347004948,0.7959309940625369,0.0633590000279845
48,7,LMM-1,7,10.736394557823129,0.26240124335319887,21.472789115646258,0.5248024867063977,0.7856221038162687,0.07921417488797658
48,7,LMM-2,7,6.269727891156463,0.3587418045817555,12.539455782312926,0.717483609163511,0.8885169624072764,0.05191529028397289
48,8,LMM-1,7,9.982482993197278,0.260600271940357,19.964965986394557,0.521200543880714,0.7945039392299705,0.07687912365801976
48,8,LMM-2,7,6.3556122448979595,0.3381902677874628,12.711224489795919,0.6763805355749256,0.8889688417717839,0.04563835530987803
48,9,LMM-1,7,8.531972789115645,0.32473571308705496,17.06394557823129,0.6494714261741099,0.8262214616126177,0.06256380016484601
48,9,LMM-2,7,7.480952380952381,0.36811710647786067,14.961904761904762,0.7362342129557213,0.861357830432416,0.05514452277774031
48,10,LMM-1,7,7.354761904761905,0.3898223329250975,14.70952380952381,0.779644665850195,0.8572985188967367,0.05040172280890069
48,10,LMM-2,7,6.572959183673469,0.7232136808277513,13.145918367346939,1.4464273616555026,0.8795096451232374,0.05745672446655314
49,4,LMM-1,7,12.926020408163266,0.13240754359552018,25.852040816326532,0.26481508719104035,0.7469926097745615,0.09675433365840773
49,4,LMM-2,7,11.926020408163266,0.13240754359552018,23.852040816326532,0.26481508719104035,0.7469926097745615,0.09675433365840773
49,5,LMM-1,7,12.729421768707482,0.1816121099748535,25.458843537414964,0.363224219949707,0.754974151570949,0.09637464767986015
49,5,LMM-2,7,11.729421768707482,0.1816121099748535,23.458843537414964,0.363224219949707,0.754974151570949,0.09637464767986015
49,6,LMM-1,7,12.729421768707482,0.1816121099748535,25.458843537414964,0.363224219949707,0.754974151570949,0.09637464767986015
49,6,LMM-2,7,11.729421768707482,0.1816121099748535,23.458843537414964,0.363224219949707,0.754974151570949,0.09637464767986015
49,7,LMM-1,7,10.926020408163266,0.13240754359552018,21.852040816326532,0.26481508719104035,0.7960829350225648,0.08195101514244703
49,7,LMM-2,7,8.926020408163266,0.13240754359552018,17.852040816326532,0.26481508719104035,0.8199126947223021,0.07437647179366241
49,8,LMM-1,7,9.793707482993197,0.9985871770315748,19.587414965986394,1.9971743540631497,0.834508414888565,0.05286191776134375
49,8,LMM-2,7,7.982482993197279,0.7799382399895347,15.964965986394558,1.5598764799790694,0.8546981442585511,0.05051974446245558
49,9,LMM-1,7,9.19438775510204,0.8020252734872659,18.38877551020408,1.6040505469745319,0.8461420092223075,0.05277880449347664
49,9,LMM-2,7,7.347448979591837,0.6332880746230442,14.694897959183674,1.2665761492460883,0.8677092444723178,0.04808658562043614
49,10,LMM-1,7,9.196938775510205,0.8059090104647209,18.39387755102041,1.6118180209294417,0.8469894344894388,0.05163351503931455
49,10,LMM-2,7,7.051360544217687,0.8896990471306965,14.102721088435374,1.779398094261393,0.878022289495263,0.038284682771678895
50,4,LMM-1,7,16.19268707482993,1.1424642232320323,32.38537414965986,2.2849284464640647,0.6867337099683242,0.10179732541874684
50,4,LMM-2,7,14.68095238095238,0.5673265465592449,29.36190476190476,1.1346530931184897,0.6994205343961101,0.10291824369735493
50,5,LMM-1,7,16.19268707482993,1.1424642232320323,32.38537414965986,2.2849284464640647,0.6867337099683242,0.10179732541874684
50,5,LMM-2,7,14.68095238095238,0.5673265465592449,29.36190476190476,1.1346530931184897,0.6994205343961101,0.10291824369735493
50,6,LMM-1,7,16.168197278911567,1.1034050565293707,32.336394557823134,2.2068101130587414,0.6854880371338162,0.10327152549187806
50,6,LMM-2,7,14.721768707482994,0.5256113545520681,29.443537414965988,1.0512227091041362,0.6973254791193684,0.10500183637405143
50,7,LMM-1,7,15.94438775510204,1.4396166989836547,31.88877551020408,2.8792333979673095,0.6965576939380796,0.09055899907440774
50,7,LMM-2,7,14.585714285714285,0.6828644483902231,29.17142857142857,1.3657288967804462,0.702547711166716,0.09899904394976695
50,8,LMM-1,7,16.058333333333334,1.3023102183281463,32.11666666666667,2.6046204366562926,0.693506338361097,0.09446436759575577
50,8,LMM-2,7,14.677551020408163,0.5634632732394317,29.355102040816327,1.1269265464788634,0.6983730093247128,0.1042264296836807
50,9,LMM-1,7,11.75391156462585,0.6754153583798072,23.5078231292517,1.3508307167596143,0.7834114496859897,0.08199160311967037
50,9,LMM-2,7,9.529421768707483,0.2798626351336313,19.058843537414965,0.5597252702672626,0.8060214058366965,0.08212369034357335
50,10,LMM-1,7,11.225,1.135633170708173,22.45,2.271266341416346,0.8039878287624694,0.06070539446987905
50,10,LMM-2,7,9.06938775510204,0.4983864937329788,18.13877551020408,0.9967729874659575,0.8212358513595807,0.06751447502018242
51,4,LMM-1,7,11.518027210884354,0.3733160162382647,23.036054421768707,0.7466320324765294,0.7636808197143422,0.0799625294629034
51,4,LMM-2,7,9.518027210884354,0.3733160162382647,19.036054421768707,0.7466320324765294,0.7891454490220481,0.07186656567487223
51,5,LMM-1,7,11.24625850340136,0.41496124676673196,22.49251700680272,0.8299224935334639,0.7690275125850061,0.07569688702379149
51,5,LMM-2,7,8.94591836734694,0.49827157406909184,17.89183673469388,0.9965431481381837,0.8033089896146292,0.06490704745571955
51,6,LMM-1,7,10.546598639455782,0.37083472749076146,21.093197278911564,0.7416694549815229,0.789862933497071,0.06892410045249005
51,6,LMM-2,7,9.546598639455782,0.37083472749076146,19.093197278911564,0.7416694549815229,0.789862933497071,0.06892410045249005
51,7,LMM-1,7,10.15221088435374,0.3345739961454803,20.30442176870748,0.6691479922909606,0.7970336803926206,0.06999850448710025
51,7,LMM-2,7,9.116496598639456,0.39654853477503504,18.232993197278912,0.7930970695500701,0.800221134616925,0.06606961659169087
51,8,LMM-1,7,10.15221088435374,0.3345739961454803,20.30442176870748,0.6691479922909606,0.7970336803926206,0.06999850448710025
51,8,LMM-2,7,9.116496598639456,0.39654853477503504,18.232993197278912,0.7930970695500701,0.800221134616925,0.06606961659169087
51,9,LMM-1,7,11.133843537414966,0.7880386812903117,22.267687074829933,1.5760773625806235,0.7790895844048947,0.06842258628638506
51,9,LMM-2,7,9.361904761904762,0.4977500397195528,18.723809523809525,0.9955000794391056,0.7969500339051709,0.06579954078325595
51,10,LMM-1,7,12.104081632653061,0.6698293714985302,24.208163265306123,1.3396587429970603,0.7791020892100946,0.07322000954241493
51,10,LMM-2,7,8.768537414965987,0.6224435429672244,17.537074829931974,1.2448870859344487,0.8174827580471721,0.06334809982720442
52,4,LMM-1,7,11.707142857142857,1.1437843461009105,23.414285714285715,2.287568692201821,0.7678733122659465,0.07535227009840251
52,4,LMM-2,7,11.11734693877551,0.9561665531177738,22.23469387755102,1.9123331062355475,0.7640789315989421,0.0781190724178207
52,5,LMM-1,7,12.239795918367347,0.7980993723669506,24.479591836734695,1.5961987447339012,0.753174377907196,0.08695255916954985
52,5,LMM-2,7,11.773979591836735,0.6094428984653842,23.54795918367347,1.2188857969307685,0.7499414756098278,0.08805223376326082
52,6,LMM-1,7,10.711904761904762,0.6494634101228763,21.423809523809524,1.2989268202457527,0.7921579222594204,0.0771066304342379
52,6,LMM-2,7,7.175850340136054,0.5497333166385888,14.351700680272108,1.0994666332771776,0.846452458425985,0.06073327704338249
52,7,LMM-1,7,9.618367346938774,1.23868818499248,19.236734693877548,2.47737636998496,0.8178756413989711,0.055455783770817585
52,7,LMM-2,7,6.928571428571429,0.8433076546868971,13.857142857142858,1.6866153093737941,0.86642887622943,0.04249035321327521
52,8,LMM-1,7,8.928401360544218,1.1387842726359296,17.856802721088435,2.2775685452718593,0.8420865173203139,0.04780307990885094
52,8,LMM-2,7,7.210034013605442,0.9160188224769338,14.420068027210885,1.8320376449538676,0.8583753921184301,0.045257917943168954
52,9,LMM-1,7,9.114625850340136,0.9821144531629098,18.229251700680273,1.9642289063258196,0.8355430151947737,0.05416412817833574
52,9,LMM-2,7,7.224319727891157,0.9659831908062231,14.448639455782313,1.9319663816124462,0.8579717255132234,0.04639060094153569
52,10,LMM-1,7,8.672278911564627,1.1764852549799931,17.344557823129254,2.3529705099599862,0.8465912039909609,0.04635891659397356
52,10,LMM-2,7,7.852551020408163,0.7084319169296472,15.705102040816326,1.4168638338592945,0.8441448215277091,0.0514855092263278
53,4,LMM-1,7,10.37125850340136,0.36462259809190256,20.74251700680272,0.7292451961838051,0.7845886144252973,0.08220250656083566
53,4,LMM-2,7,9.539625850340135,0.24446141647608713,19.07925170068027,0.48892283295217426,0.7815847123384344,0.08470474649664915
53,5,LMM-1,7,10.626700680272108,0.29005200511582546,21.253401360544217,0.5801040102316509,0.7787813638058315,0.08269283407606896
53,5,LMM-2,7,9.760544217687075,0.1964491110385124,19.52108843537415,0.3928982220770248,0.7802358226755705,0.08177168214026037
53,6,LMM-1,7,10.626700680272108,0.29005200511582546,21.253401360544217,0.5801040102316509,0.7785661639602833,0.08297785847200902
53,6,LMM-2,7,9.961224489795919,0.3129059443960917,19.922448979591838,0.6258118887921834,0.7774649965696314,0.08512633363986263
53,7,LMM-1,7,10.354761904761904,0.38982233292509744,20.70952380952381,0.7796446658501949,0.7873223920681978,0.07635106235563664
53,7,LMM-2,7,9.779931972789115,0.25774010114647966,19.55986394557823,0.5154802022929593,0.7831366709802896,0.08090834839098388
53,8,LMM-1,7,9.139115646258503,0.2318635408155739,18.278231292517006,0.4637270816311478,0.8272258457042907,0.06678484374040224
53,8,LMM-2,7,7.868027210884354,0.6293283645154064,15.736054421768708,1.2586567290308128,0.8304672591431129,0.07526631674388386
53,9,LMM-1,7,9.053401360544218,0.3151345400509155,18.106802721088435,0.630269080101831,0.8362622924370798,0.061055839342563256
53,9,LMM-2,7,7.752721088435374,0.43978605352195327,15.505442176870748,0.8795721070439065,0.8548532986126424,0.06499587524337956
53,10,LMM-1,7,8.636224489795918,0.371236572313995,17.272448979591836,0.74247314462799,0.8447665376887618,0.05913537140986606
53,10,LMM-2,7,7.042517006802721,0.45496296543930814,14.085034013605442,0.9099259308786163,0.8763070702062125,0.057974535485557366
54,4,LMM-1,7,11.78265306122449,0.3423813646258726,23.56530612244898,0.6847627292517452,0.750148112317359,0.08663583767137689
54,4,LMM-2,7,9.647789115646258,0.4387493400411584,19.295578231292517,0.8774986800823168,0.7830956792296525,0.07455004073054487
54,5,LMM-1,7,10.792006802721088,0.481680392249531,21.584013605442177,0.963360784499062,0.7844959658884686,0.07747587394819827
54,5,LMM-2,7,8.792006802721088,0.481680392249531,17.584013605442177,0.963360784499062,0.7996842899587394,0.06844187682024164
54,6,LMM-1,7,9.409693877551021,0.3462338610372491,18.819387755102042,0.6924677220744982,0.8117326595021961,0.06857111343832718
54,6,LMM-2,7,8.248469387755103,0.5685317426119241,16.496938775510205,1.1370634852238481,0.8273797742461741,0.060279688302734176
54,7,LMM-1,7,9.643197278911563,0.39327524354742066,19.286394557823126,0.7865504870948413,0.808078824350062,0.06915661860261538
54,7,LMM-2,7,8.644047619047619,0.549435393563866,17.288095238095238,1.098870787127732,0.8185005593412822,0.06458744260513244
54,8,LMM-1,7,9.99608843537415,0.5429469113202452,19.9921768707483,1.0858938226404904,0.8153324651455537,0.0686160903699087
54,8,LMM-2,7,8.898639455782313,0.4633626916729809,17.797278911564625,0.9267253833459618,0.8187428048752559,0.06909554754059191
54,9,LMM-1,7,8.623299319727892,0.3544786439016721,17.246598639455783,0.7089572878033442,0.8427027948112685,0.06482074267135268
54,9,LMM-2,7,8.042687074829932,0.3621365332469382,16.085374149659863,0.7242730664938763,0.8358828763963003,0.06527477146485594
54,10,LMM-1,7,9.070238095238095,0.5010278550785634,18.14047619047619,1.0020557101571268,0.8349004624235432,0.06356813589393522
54,10,LMM-2,7,8.614625850340136,0.40801499574550515,17.229251700680273,0.8160299914910103,0.8256029380932406,0.0653682933656351
55,4,LMM-1,7,12.978231292517007,0.3972093057092148,25.956462585034014,0.7944186114184296,0.765325703354188,0.0844309490412134
55,4,LMM-2,7,11.978231292517007,0.3972093057092148,23.956462585034014,0.7944186114184296,0.765325703354188,0.0844309490412134
55,5,LMM-1,7,12.978231292517007,0.3972093057092148,25.956462585034014,0.7944186114184296,0.765325703354188,0.0844309490412134
55,5,LMM-2,7,11.978231292517007,0.3972093057092148,23.956462585034014,0.7944186114184296,0.765325703354188,0.0844309490412134
55,6,LMM-1,7,13.02312925170068,0.4580856107395484,26.04625850340136,0.9161712214790968,0.7625397778053672,0.08554805418171896
55,6,LMM-2,7,12.02312925170068,0.4580856107395484,24.04625850340136,0.9161712214790968,0.7625397778053672,0.08554805418171896
55,7,LMM-1,7,12.06139455782313,0.40205268638162767,24.12278911564626,0.8041053727632553,0.7797630573186394,0.08107128933034627
55,7,LMM-2,7,9.588945578231293,0.5122000075188852,19.177891156462586,1.0244000150377703,0.8029925475865091,0.08348643930292736
55,8,LMM-1,7,11.984863945578232,0.5151749344694968,23.969727891156463,1.0303498689389936,0.782800594502573,0.07745446758163274
55,8,LMM-2,7,9.66547619047619,0.53841383320111,19.33095238095238,1.07682766640222,0.8050610342381769,0.08100881444558755
55,9,LMM-1,7,11.0843537414966,1.1538192078500518,22.1687074829932,2.3076384157001035,0.8045339221169511,0.05900795921256
55,9,LMM-2,7,8.913775510204081,0.32115373557712934,17.827551020408162,0.6423074711542587,0.8221876779244198,0.06876986741397284
55,10,LMM-1,7,10.970068027210885,1.156511303495624,21.94013605442177,2.313022606991248,0.8080216960574872,0.05719148456812716
55,10,LMM-2,7,8.574149659863945,0.5122604816449499,17.14829931972789,1.0245209632898997,0.8302470185887739,0.061025251482747685
56,4,LMM-1,7,12.880272108843538,0.38525780136297966,25.760544217687077,0.7705156027259593,0.7268853662507154,0.09531140926403708
56,4,LMM-2,7,8.880272108843538,0.38525780136297966,17.760544217687077,0.7705156027259593,0.7987555815520091,0.07316603673344328
56,5,LMM-1,7,11.162585034013604,0.5315853191614364,22.32517006802721,1.0631706383228727,0.7687937560895752,0.0798297208934124
56,5,LMM-2,7,9.315646258503401,0.33857362232910876,18.631292517006802,0.6771472446582175,0.7901399005692713,0.07592007760224166
56,6,LMM-1,7,10.626190476190477,0.4734085405424192,21.252380952380953,0.9468170810848384,0.7911757205578294,0.0781743268770447
56,6,LMM-2,7,8.626190476190477,0.4734085405424192,17.252380952380953,0.9468170810848384,0.8160930031897847,0.07002872871048661
56,7,LMM-1,7,10.626190476190477,0.4734085405424192,21.252380952380953,0.9468170810848384,0.7919757463928122,0.07764633699069091
56,7,LMM-2,7,8.626190476190477,0.4734085405424192,17.252380952380953,0.9468170810848384,0.8160930031897847,0.07002872871048661
56,8,LMM-1,7,10.664795918367346,0.2938687915991116,21.329591836734693,0.5877375831982232,0.7875931128038098,0.0799766228788367
56,8,LMM-2,7,8.910204081632653,0.3858627292370229,17.820408163265306,0.7717254584740458,0.8064100634474324,0.07195777101451652
56,9,LMM-1,7,10.395918367346939,0.3161886174380716,20.791836734693877,0.6323772348761432,0.795173718493289,0.08310896946506774
56,9,LMM-2,7,8.076190476190476,0.1834106206911501,16.152380952380952,0.3668212413823002,0.8302087458302644,0.06943126648726278
56,10,LMM-1,7,10.11343537414966,0.3345136502474306,20.22687074829932,0.6690273004948613,0.7983712294615355,0.07925630353307903
56,10,LMM-2,7,8.812414965986395,0.33564785439536327,17.62482993197279,0.6712957087907265,0.8072287023671302,0.0689237016977991
57,4,LMM-1,7,11.774149659863946,0.5076917737264783,23.548299319727892,1.0153835474529567,0.7874203506001932,0.0736506648425337
57,4,LMM-2,7,10.871938775510204,0.3990309858971462,21.743877551020407,0.7980619717942924,0.7859000099359231,0.075341368331644
57,5,LMM-1,7,11.706122448979594,0.4884590599301254,23.412244897959187,0.9769181198602508,0.784664156027719,0.07445659422956759
57,5,LMM-2,7,10.496768707482994,0.42291941720501053,20.99353741496599,0.8458388344100211,0.7929566041063386,0.07465914854723273
57,6,LMM-1,7,11.706122448979594,0.4884590599301254,23.412244897959187,0.9769181198602508,0.7863504201908886,0.07411166689560159
57,6,LMM-2,7,10.844727891156463,0.3394625133955633,21.689455782312926,0.6789250267911267,0.7843344682679965,0.07628605053734115
57,7,LMM-1,7,10.833843537414966,0.38343887566734663,21.66768707482993,0.7668777513346933,0.8047495341478009,0.06940059237831937
57,7,LMM-2,7,9.07891156462585,0.48928828569334165,18.1578231292517,0.9785765713866833,0.8183710441998263,0.07394045385863685
57,8,LMM-1,7,10.27482993197279,0.47751322601766366,20.54965986394558,0.9550264520353273,0.8174963500345847,0.06405129025637595
57,8,LMM-2,7,8.24795918367347,0.2682606290492064,16.49591836734694,0.5365212580984128,0.8419025125061957,0.06657973810834518
57,9,LMM-1,7,9.254421768707484,0.49756033988135717,18.50884353741497,0.9951206797627143,0.8413027387657178,0.05544194804720986
57,9,LMM-2,7,8.025170068027212,0.255999780907167,16.050340136054423,0.511999561814334,0.8482497912104611,0.05970456576852734
57,10,LMM-1,7,9.254421768707484,0.49756033988135717,18.50884353741497,0.9951206797627143,0.8407997119185383,0.055528679295989494
57,10,LMM-2,7,8.462414965986394,0.29209281456232566,16.924829931972788,0.5841856291246513,0.8392866738040728,0.060353800400673466
58,4,LMM-1,7,15.226360544217687,0.5872147794345417,30.452721088435375,1.1744295588690834,0.6866103175917436,0.10368125177533909
58,4,LMM-2,7,12.59812925170068,0.6402801261311744,25.19625850340136,1.2805602522623487,0.7219640144791872,0.09236782848734247
58,5,LMM-1,7,14.49608843537415,0.7057674369385474,28.9921768707483,1.4115348738770948,0.7016448489355854,0.09940115404502992
58,5,LMM-2,7,12.413605442176872,0.7872636900865707,24.827210884353743,1.5745273801731414,0.7260427819530894,0.08836261607959948
58,6,LMM-1,7,13.436904761904762,0.5596175200147715,26.873809523809523,1.119235040029543,0.7251796917182693,0.08818367057905556
58,6,LMM-2,7,9.739285714285714,0.38767505737844266,19.478571428571428,0.7753501147568853,0.7833452503772523,0.08354349275908139
58,7,LMM-1,7,10.01955782312925,0.6219248471688024,20.0391156462585,1.2438496943376047,0.8058775416731782,0.06575575496213315
58,7,LMM-2,7,8.693197278911565,0.391411333705693,17.38639455782313,0.782822667411386,0.8273394269817002,0.06291283909644066
58,8,LMM-1,7,9.47125850340136,0.6102363595767571,18.94251700680272,1.2204727191535143,0.8286003257789761,0.05910359939478925
58,8,LMM-2,7,7.45204081632653,0.2640003625030291,14.90408163265306,0.5280007250060582,0.8501916181773892,0.06300520052803521
58,9,LMM-1,7,8.50952380952381,0.5663764763169196,17.01904761904762,1.1327529526338391,0.853998861005045,0.05338745457102508
58,9,LMM-2,7,6.457312925170068,0.2620519287914372,12.914625850340135,0.5241038575828744,0.876321581158776,0.04998096773703564
58,10,LMM-1,7,8.663095238095238,0.5899935623615888,17.326190476190476,1.1799871247231777,0.8529390482252845,0.05122649133515789
58,10,LMM-2,7,6.941326530612245,0.4645519532673012,13.88265306122449,0.9291039065346024,0.8696421899521958,0.04611329745991291
59,4,LMM-1,7,15.45595238095238,0.43270820948743643,30.91190476190476,0.8654164189748729,0.7198495109811125,0.09515091976707736
59,4,LMM-2,7,9.83095238095238,0.7606611875052327,19.66190476190476,1.5213223750104654,0.808040478128618,0.08063045694706075
59,5,LMM-1,7,15.45595238095238,0.43270820948743643,30.91190476190476,0.8654164189748729,0.7198495109811125,0.09515091976707736
59,5,LMM-2,7,9.83095238095238,0.7606611875052327,19.66190476190476,1.5213223750104654,0.808040478128618,0.08063045694706075
59,6,LMM-1,7,15.45595238095238,0.43270820948743643,30.91190476190476,0.8654164189748729,0.7198495109811125,0.09515091976707736
59,6,LMM-2,7,9.83095238095238,0.7606611875052327,19.66190476190476,1.5213223750104654,0.808040478128618,0.08063045694706075
59,7,LMM-1,7,13.45595238095238,0.43270820948743643,26.91190476190476,0.8654164189748729,0.7564981295461098,0.08424235419058126
59,7,LMM-2,7,8.983503401360544,0.40785256031287725,17.967006802721087,0.8157051206257545,0.827820545310095,0.0707234727034777
59,8,LMM-1,7,13.45595238095238,0.43270820948743643,26.91190476190476,0.8654164189748729,0.7641879615574554,0.08187242251603456
59,8,LMM-2,7,8.983503401360544,0.40785256031287725,17.967006802721087,0.8157051206257545,0.827820545310095,0.0707234727034777
59,9,LMM-1,7,13.45595238095238,0.43270820948743643,26.91190476190476,0.8654164189748729,0.7662688733410682,0.08122640628625798
59,9,LMM-2,7,8.983503401360544,0.40785256031287725,17.967006802721087,0.8157051206257545,0.827820545310095,0.0707234727034777
59,10,LMM-1,7,13.45595238095238,0.43270820948743643,26.91190476190476,0.8654164189748729,0.7662688733410682,0.08122640628625798
59,10,LMM-2,7,8.983503401360544,0.40785256031287725,17.967006802721087,0.8157051206257545,0.827820545310095,0.0707234727034777
60,4,LMM-1,7,13.660714285714286,0.6076678402561984,27.321428571428573,1.2153356805123967,0.7358880411279264,0.08590667637979188
60,4,LMM-2,7,10.696428571428571,0.5503941074079444,21.392857142857142,1.1007882148158887,0.7916350877521848,0.06842951221105893
60,5,LMM-1,7,13.581292517006803,0.5580497714458819,27.162585034013606,1.1160995428917637,0.7360235940079473,0.08737446116584768
60,5,LMM-2,7,10.892687074829933,0.29314351117706383,21.785374149659866,0.5862870223541277,0.7802609574407076,0.08141591907873814
60,6,LMM-1,7,13.069557823129253,0.5384367170730262,26.139115646258507,1.0768734341460524,0.7446216370347658,0.08484874817261565
60,6,LMM-2,7,10.551360544217687,0.33580680237932364,21.102721088435374,0.6716136047586473,0.7859055529915775,0.07602182962349625
60,7,LMM-1,7,12.943707482993196,0.481658534893962,25.88741496598639,0.963317069787924,0.7475731811614307,0.08385034732968472
60,7,LMM-2,7,10.74591836734694,0.4060737331052504,21.49183673469388,0.8121474662105008,0.7806899513586644,0.0760430172046504
60,8,LMM-1,7,11.486734693877551,0.6834878077345373,22.973469387755102,1.3669756154690746,0.7736311867731359,0.07660060969063244
60,8,LMM-2,7,8.122619047619049,0.47343548289348253,16.245238095238097,0.9468709657869651,0.8350748864648782,0.06294638362283403
60,9,LMM-1,7,11.71921768707483,0.7725553490327879,23.43843537414966,1.5451106980655758,0.7730439740872876,0.07219465347091256
60,9,LMM-2,7,9.250510204081634,0.7941833449726806,18.501020408163267,1.5883666899453612,0.8129130467374998,0.058556762477493494
60,10,LMM-1,7,10.592857142857143,0.5684745071734725,21.185714285714287,1.136949014346945,0.8156801847562739,0.061281021705372564
60,10,LMM-2,7,6.614455782312925,0.506282376806221,13.22891156462585,1.012564753612442,0.8781643525586483,0.04341047661205468
61,4,LMM-1,7,17.809863945578233,0.530599816704268,35.619727891156465,1.061199633408536,0.6575493324201126,0.11052900608525189
61,4,LMM-2,7,14.59200680272109,0.7941810141717436,29.18401360544218,1.5883620283434872,0.6999382196420003,0.10199780272963405
61,5,LMM-1,7,17.809863945578233,0.530599816704268,35.619727891156465,1.061199633408536,0.6575493324201126,0.11052900608525189
61,5,LMM-2,7,14.59200680272109,0.7941810141717436,29.18401360544218,1.5883620283434872,0.6999382196420003,0.10199780272963405
61,6,LMM-1,7,17.809863945578233,0.530599816704268,35.619727891156465,1.061199633408536,0.6575493324201126,0.11052900608525189
61,6,LMM-2,7,14.59200680272109,0.7941810141717436,29.18401360544218,1.5883620283434872,0.6999382196420003,0.10199780272963405
61,7,LMM-1,7,15.958333333333332,0.22821773229381895,31.916666666666664,0.4564354645876379,0.6910137855990938,0.11100958670461068
61,7,LMM-2,7,10.271768707482993,0.8764736570737675,20.543537414965986,1.752947314147535,0.780297275424814,0.10189205237977568
61,8,LMM-1,7,15.958333333333332,0.22821773229381895,31.916666666666664,0.4564354645876379,0.6910137855990938,0.11100958670461068
61,8,LMM-2,7,10.271768707482993,0.8764736570737675,20.543537414965986,1.752947314147535,0.780297275424814,0.10189205237977568
61,9,LMM-1,7,15.958333333333332,0.22821773229381895,31.916666666666664,0.4564354645876379,0.6910137855990938,0.11100958670461068
61,9,LMM-2,7,10.271768707482993,0.8764736570737675,20.543537414965986,1.752947314147535,0.780297275424814,0.10189205237977568
61,10,LMM-1,7,13.877210884353742,0.6127781124783943,27.754421768707484,1.2255562249567886,0.7251016337090727,0.10458046283113291
61,10,LMM-2,7,10.00391156462585,0.5932404282034824,20.0078231292517,1.1864808564069649,0.7880271029215816,0.09236252326003255
62,4,LMM-1,7,14.55595238095238,0.4208531180100435,29.11190476190476,0.841706236020087,0.7187591950795926,0.09470561176619048
62,4,LMM-2,7,11.55595238095238,0.4208531180100435,23.11190476190476,0.841706236020087,0.7605414306068127,0.0822605139426116
62,5,LMM-1,7,14.55595238095238,0.4208531180100435,29.11190476190476,0.841706236020087,0.7187591950795926,0.09470561176619048
62,5,LMM-2,7,11.55595238095238,0.4208531180100435,23.11190476190476,0.841706236020087,0.7605414306068127,0.0822605139426116
62,6,LMM-1,7,11.79795918367347,0.49809391880040904,23.59591836734694,0.9961878376008181,0.7725159915473293,0.07622713092014961
62,6,LMM-2,7,7.691156462585034,0.4218035425596803,15.382312925170067,0.8436070851193606,0.844505882193596,0.05701668395214622
62,7,LMM-1,7,11.733673469387755,0.26354596651843903,23.46734693877551,0.5270919330368781,0.7784082684283238,0.08160887262037922
62,7,LMM-2,7,7.568367346938776,0.5251447334483478,15.136734693877552,1.0502894668966956,0.8489691896589003,0.06505509536556164
62,8,LMM-1,7,11.55595238095238,0.4208531180100435,23.11190476190476,0.841706236020087,0.7830948453021508,0.07567412139881174
62,8,LMM-2,7,7.496938775510204,0.4946993312976282,14.993877551020407,0.9893986625952564,0.8513393541175833,0.06124031829764257
62,9,LMM-1,7,12.06173469387755,0.23168446681920968,24.1234693877551,0.46336893363841936,0.7680843387367948,0.08249522268163784
62,9,LMM-2,7,8.59778911564626,0.9080334756551443,17.19557823129252,1.8160669513102885,0.8177560608950772,0.08164306155880126
62,10,LMM-1,7,11.816326530612244,0.22215858221507395,23.632653061224488,0.4443171644301479,0.7790833517548117,0.08093818006392976
62,10,LMM-2,7,9.816326530612244,0.22215858221507395,19.632653061224488,0.4443171644301479,0.804431022772639,0.07287311164848635
63,4,LMM-1,7,11.557142857142859,0.6173327897031151,23.114285714285717,1.2346655794062302,0.7642500051449341,0.0805027498745523
63,4,LMM-2,7,10.020068027210884,0.32319834563832683,20.04013605442177,0.6463966912766537,0.7778532336604645,0.08168194338214742
63,5,LMM-1,7,11.592857142857143,0.5754126981937665,23.185714285714287,1.150825396387533,0.7610792516496302,0.08265541863728776
63,5,LMM-2,7,9.98078231292517,0.31272055940016724,19.96156462585034,0.6254411188003345,0.7755490364497778,0.08269180233790452
63,6,LMM-1,7,10.753231292517006,0.3708943886175453,21.50646258503401,0.7417887772350906,0.7924888240907143,0.07549815738537477
63,6,LMM-2,7,8.476700680272108,0.2527575943456008,16.953401360544216,0.5055151886912016,0.826825596563115,0.06767712447074538
63,7,LMM-1,7,9.592857142857143,0.5754126981937665,19.185714285714287,1.150825396387533,0.8142602806393443,0.06532832363283102
63,7,LMM-2,7,7.995238095238095,0.28125488153989925,15.99047619047619,0.5625097630797985,0.8383799994309722,0.0623803449688867
63,8,LMM-1,7,8.848469387755102,0.3346697664286883,17.696938775510205,0.6693395328573766,0.8396535187047794,0.060025576360319646
63,8,LMM-2,7,7.94421768707483,0.27379283339505484,15.88843537414966,0.5475856667901097,0.8430637086924972,0.061844384586016536
63,9,LMM-1,7,8.396598639455783,0.2054562548674725,16.793197278911567,0.410912509734945,0.84720848855353,0.0600284255642875
63,9,LMM-2,7,7.687585034013606,0.25795872172667367,15.375170068027211,0.5159174434533473,0.8474009091851494,0.059601903361500765
63,10,LMM-1,7,8.412244897959184,0.3025842387304187,16.824489795918367,0.6051684774608374,0.8459830318286699,0.057660437561124
63,10,LMM-2,7,7.648299319727891,0.29128557439927705,15.296598639455782,0.5825711487985541,0.8486254210196567,0.05678125251645013
64,4,LMM-1,7,11.556632653061225,0.494725932651757,23.11326530612245,0.989451865303514,0.7597638376753207,0.08857292849090835
64,4,LMM-2,7,8.88843537414966,0.3649430035050715,17.77687074829932,0.729886007010143,0.8171153005420223,0.06991819821883176
64,5,LMM-1,7,10.607312925170067,0.5879487095305519,21.214625850340134,1.1758974190611038,0.7842448215990248,0.07470651001718773
64,5,LMM-2,7,7.7552721088435375,0.5881936411183649,15.510544217687075,1.1763872822367298,0.840872362036926,0.05433218272563322
64,6,LMM-1,7,9.065476190476192,0.215768678099903,18.130952380952383,0.431537356199806,0.820588651148731,0.06530885804748551
64,6,LMM-2,7,7.875,0.15590239111558085,15.75,0.3118047822311617,0.8312079878152648,0.06477729330970927
64,7,LMM-1,7,8.612414965986394,0.18815750405590145,17.22482993197279,0.3763150081118029,0.8363533244601651,0.06372762567885888
64,7,LMM-2,7,7.901190476190476,0.16799639613886452,15.802380952380952,0.33599279227772905,0.8339100943484538,0.06581709302009014
64,8,LMM-1,7,8.550340136054421,0.21245410934359854,17.100680272108843,0.4249082186871971,0.8380597281500847,0.06202712683096024
64,8,LMM-2,7,7.901190476190476,0.16799639613886452,15.802380952380952,0.33599279227772905,0.8339100943484538,0.06581709302009014
64,9,LMM-1,7,8.929591836734694,0.518297931324497,17.85918367346939,1.036595862648994,0.8355530860568331,0.06168390375134021
64,9,LMM-2,7,7.7093537414965985,0.17502189757421208,15.418707482993197,0.35004379514842415,0.8395032923507174,0.06314506338058491
64,10,LMM-1,7,7.225850340136055,0.49411081240210375,14.45170068027211,0.9882216248042075,0.8770885744824236,0.041421798748112776
64,10,LMM-2,7,5.736054421768707,0.6198522094294299,11.472108843537415,1.2397044188588597,0.8827976266669271,0.055790978860717294
65,4,LMM-1,7,12.889455782312925,0.8033153859082323,25.77891156462585,1.6066307718164645,0.7572955292807514,0.0773048793652397
65,4,LMM-2,7,9.796088435374148,0.5842955808804797,19.592176870748297,1.1685911617609595,0.8004837672080817,0.07601718260596202
65,5,LMM-1,7,12.431802721088435,0.7392750922932831,24.86360544217687,1.4785501845865663,0.7634585823884276,0.07628907459397598
65,5,LMM-2,7,9.900680272108843,0.5359549184213502,19.801360544217687,1.0719098368427005,0.7971911707206492,0.07257098596456317
65,6,LMM-1,7,11.90731292517007,0.7730494510353942,23.81462585034014,1.5460989020707885,0.7807111000744562,0.0707236549476207
65,6,LMM-2,7,10.85374149659864,0.8673035870185031,21.70748299319728,1.7346071740370061,0.7825888772909215,0.06834102339726449
65,7,LMM-1,7,10.925170068027212,0.7441248745120683,21.850340136054424,1.4882497490241366,0.796074489806681,0.06606832162822872
65,7,LMM-2,7,8.90221088435374,0.767450698887744,17.80442176870748,1.534901397775488,0.8245968049555449,0.056309803260778515
65,8,LMM-1,7,11.116496598639456,0.5256409035452305,22.232993197278912,1.051281807090461,0.8001732766699646,0.0693343467115265
65,8,LMM-2,7,8.15221088435374,0.4806114625603253,16.30442176870748,0.9612229251206506,0.84551001344184,0.0559131681760816
65,9,LMM-1,7,10.889455782312925,0.8033153859082323,21.77891156462585,1.6066307718164645,0.8119172215383594,0.059836047506644924
65,9,LMM-2,7,8.889455782312925,0.8033153859082323,17.77891156462585,1.6066307718164645,0.8346555355310127,0.05201677019904109
65,10,LMM-1,7,10.889455782312925,0.8033153859082323,21.77891156462585,1.6066307718164645,0.818138195904644,0.057900924297916934
65,10,LMM-2,7,6.414285714285714,0.4034010737514898,12.828571428571427,0.8068021475029796,0.887033641738966,0.04110383236674759
66,4,LMM-1,7,12.281972789115645,0.4243973931349439,24.56394557823129,0.8487947862698878,0.729774073906279,0.09182829814011544
66,4,LMM-2,7,9.837585034013605,0.32749247150874317,19.67517006802721,0.6549849430174863,0.7650421503220282,0.085649832698214
66,5,LMM-1,7,10.854081632653061,0.42295012285522465,21.708163265306123,0.8459002457104493,0.7849808558486996,0.07537762856063566
66,5,LMM-2,7,9.236054421768708,0.9177817482921876,18.472108843537416,1.8355634965843752,0.7914821472572495,0.062466857420671415
66,6,LMM-1,7,10.372619047619049,0.3636977826403478,20.745238095238097,0.7273955652806956,0.7908897995227148,0.07319285755268586
66,6,LMM-2,7,9.068707482993197,1.3010688266300474,18.137414965986395,2.602137653260095,0.8033940053693353,0.0524538131366631
66,7,LMM-1,7,10.248809523809523,0.28453626193113146,20.497619047619047,0.5690725238622629,0.7949697908381855,0.0740398239825846
66,7,LMM-2,7,6.953231292517008,0.5249719300368134,13.906462585034015,1.0499438600736268,0.8494489574899674,0.05789388825924512
66,8,LMM-1,7,10.824319727891156,0.5781400988512767,21.648639455782313,1.1562801977025534,0.7998338431932809,0.07115390938340695
66,8,LMM-2,7,9.874149659863946,0.646652225214484,19.74829931972789,1.293304450428968,0.8056904823404052,0.06680735267396638
66,9,LMM-1,7,8.70561224489796,0.46450139517018074,17.41122448979592,0.9290027903403615,0.8339481490647938,0.06378904659154129
66,9,LMM-2,7,8.439795918367347,0.6804535472324532,16.879591836734694,1.3609070944649064,0.8246516959858615,0.06880948067322094
66,10,LMM-1,7,8.989285714285714,0.4229224263204867,17.978571428571428,0.8458448526409734,0.8286415001309827,0.06428384671035826
66,10,LMM-2,7,8.968367346938775,0.579306123886883,17.93673469387755,1.158612247773766,0.8195671549338227,0.07178871347527559
67,4,LMM-1,7,11.601700680272108,0.23626752324951308,23.203401360544216,0.47253504649902617,0.7711555797341079,0.09044644170617439
67,4,LMM-2,7,9.70561224489796,0.12071068686975692,19.41122448979592,0.24142137373951383,0.7937542793720594,0.0854853053513845
67,5,LMM-1,7,11.98860544217687,0.4153545214629295,23.97721088435374,0.830709042925859,0.7635326914479972,0.08266295382157199
67,5,LMM-2,7,10.328911564625852,0.17690802851484802,20.657823129251703,0.35381605702969604,0.7785375693704862,0.08587108866205392
67,6,LMM-1,7,10.122448979591837,0.4316646820214275,20.244897959183675,0.863329364042855,0.8306670580707564,0.06678894796707059
67,6,LMM-2,7,7.920578231292517,0.6756251572043047,15.841156462585033,1.3512503144086094,0.854732814854191,0.052396635515426365
67,7,LMM-1,7,9.785544217687075,0.7099158930628942,19.57108843537415,1.4198317861257883,0.8454049916255492,0.05570897737485438
67,7,LMM-2,7,8.097108843537415,0.5627608840156648,16.19421768707483,1.1255217680313296,0.8587055715276304,0.05190028953976126
67,8,LMM-1,7,8.688095238095238,0.5066787503034544,17.376190476190477,1.0133575006069089,0.8524031782711698,0.05548386474348037
67,8,LMM-2,7,7.8005102040816325,0.3491995666655867,15.601020408163265,0.6983991333311734,0.8508742755211356,0.059679203911121664
67,9,LMM-1,7,8.563095238095238,0.630473762763273,17.126190476190477,1.260947525526546,0.8544874428719327,0.05182981755890551
67,9,LMM-2,7,7.729081632653061,0.3767110070604297,15.458163265306123,0.7534220141208594,0.8535084488583672,0.055603985154033704
67,10,LMM-1,7,8.42482993197279,0.40308145992432076,16.84965986394558,0.8061629198486415,0.8519544091592873,0.055184266349247245
67,10,LMM-2,7,7.430102040816327,0.3338945192756447,14.860204081632654,0.6677890385512893,0.8552105222421847,0.052644262270783455
68,4,LMM-1,7,10.518877551020408,0.6605680810754925,21.037755102040816,1.321136162150985,0.7926100585497544,0.07071541859129088
68,4,LMM-2,7,9.357312925170067,0.28959274360295156,18.714625850340134,0.5791854872059031,0.7997059051296773,0.07227290322461623
68,5,LMM-1,7,10.518877551020408,0.6605680810754925,21.037755102040816,1.321136162150985,0.7937883072756309,0.07033139832994999
68,5,LMM-2,7,8.835374149659865,0.3056943340476742,17.67074829931973,0.6113886680953484,0.8092727758503535,0.07035408869432869
68,6,LMM-1,7,10.456802721088435,0.7192485512058909,20.91360544217687,1.4384971024117819,0.7945059544831101,0.06971915969067108
68,6,LMM-2,7,8.841326530612244,0.3218042112698975,17.68265306122449,0.643608422539795,0.8097645324955934,0.0693963923791116
68,7,LMM-1,7,10.428231292517008,0.724887789503954,20.856462585034016,1.449775579007908,0.795327804451864,0.06902396607763603
68,7,LMM-2,7,8.849489795918368,0.3390352083586982,17.698979591836736,0.6780704167173964,0.8088545011596571,0.06947412350091087
68,8,LMM-1,7,10.049319727891158,0.5683173726284313,20.098639455782315,1.1366347452568626,0.7989175609874002,0.06879651484573633
68,8,LMM-2,7,9.012755102040817,0.41288895547747195,18.025510204081634,0.8257779109549439,0.8071868877635707,0.06786312007166254
68,9,LMM-1,7,8.944727891156463,0.3668012922871303,17.889455782312925,0.7336025845742606,0.8184247138474569,0.06304768970669214
68,9,LMM-2,7,8.026360544217686,0.2681660566161413,16.052721088435373,0.5363321132322826,0.8289771523226663,0.06987375334952488
68,10,LMM-1,7,7.518877551020409,0.6605680810754925,15.037755102040817,1.321136162150985,0.8763523588961714,0.04171918561052501
68,10,LMM-2,7,6.117006802721089,0.20343036673481565,12.234013605442177,0.4068607334696313,0.874212992530552,0.056672312917283134
69,4,LMM-1,7,14.489115646258503,0.58658176060716,28.978231292517005,1.17316352121432,0.7266665878117738,0.0901717172197896
69,4,LMM-2,7,7.354421768707483,1.3282656540887903,14.708843537414966,2.6565313081775805,0.8458947433846354,0.08560507348919297
69,5,LMM-1,7,14.489115646258503,0.58658176060716,28.978231292517005,1.17316352121432,0.7266665878117738,0.0901717172197896
69,5,LMM-2,7,7.354421768707483,1.3282656540887903,14.708843537414966,2.6565313081775805,0.8458947433846354,0.08560507348919297
69,6,LMM-1,7,13.489115646258503,0.58658176060716,26.978231292517005,1.17316352121432,0.7592809872808248,0.08029033471797149
69,6,LMM-2,7,8.053401360544218,1.1665652164296012,16.106802721088435,2.3331304328592024,0.8374471515736207,0.07927314970012847
69,7,LMM-1,7,13.473809523809523,0.6186170663907778,26.947619047619046,1.2372341327815557,0.7583437037520554,0.08131182157352099
69,7,LMM-2,7,8.127380952380951,1.2298915480458628,16.254761904761903,2.4597830960917255,0.834550635984261,0.08314245837358708
69,8,LMM-1,7,13.435544217687076,0.6636930854930033,26.87108843537415,1.3273861709860066,0.7606443876700144,0.07837957693485083
69,8,LMM-2,7,7.99982993197279,1.1298993358435567,15.99965986394558,2.2597986716871135,0.8389778829021229,0.07712361921030353
69,9,LMM-1,7,13.435544217687076,0.6636930854930033,26.87108843537415,1.3273861709860066,0.7606443876700144,0.07837957693485083
69,9,LMM-2,7,7.99982993197279,1.1298993358435567,15.99965986394558,2.2597986716871135,0.8389778829021229,0.07712361921030353
69,10,LMM-1,7,13.435544217687076,0.6636930854930033,26.87108843537415,1.3273861709860066,0.7606443876700144,0.07837957693485083
69,10,LMM-2,7,7.99982993197279,1.1298993358435567,15.99965986394558,2.2597986716871135,0.8389778829021229,0.07712361921030353
70,4,LMM-1,7,11.82517006802721,0.6460701479900132,23.65034013605442,1.2921402959800263,0.7723673010389264,0.0769217386861326
70,4,LMM-2,7,11.130612244897959,0.41823403661150144,22.261224489795918,0.8364680732230029,0.7814777744302913,0.07587465872615907
70,5,LMM-1,7,10.98044217687075,0.3822881858265266,21.9608843537415,0.7645763716530533,0.7973075173265193,0.07335640152311412
70,5,LMM-2,7,9.677891156462584,0.4748394342459922,19.355782312925168,0.9496788684919844,0.8033836331569896,0.06999626791129357
70,6,LMM-1,7,10.920918367346939,0.3784825640914108,21.841836734693878,0.7569651281828216,0.7934697487755107,0.07124897196073383
70,6,LMM-2,7,9.648979591836735,0.5716819975771795,19.29795918367347,1.143363995154359,0.802675207437593,0.0633672280257576
70,7,LMM-1,7,10.79829931972789,0.37464315012388716,21.59659863945578,0.7492863002477743,0.7919219655895454,0.07110250869739025
70,7,LMM-2,7,9.629931972789114,0.518305743835373,19.25986394557823,1.036611487670746,0.8030948880762991,0.06141248776991526
70,8,LMM-1,7,9.604761904761904,0.6903366032960588,19.20952380952381,1.3806732065921177,0.8300119909831285,0.0575077038344702
70,8,LMM-2,7,8.676190476190476,0.6205384977669671,17.35238095238095,1.2410769955339342,0.8289655005723844,0.05904144729247403
70,9,LMM-1,7,9.604761904761904,0.6903366032960588,19.20952380952381,1.3806732065921177,0.8300119909831285,0.0575077038344702
70,9,LMM-2,7,8.676190476190476,0.6205384977669671,17.35238095238095,1.2410769955339342,0.8289655005723844,0.05904144729247403
70,10,LMM-1,7,8.618027210884353,0.4825994850245851,17.236054421768706,0.9651989700491702,0.8561469370595732,0.05278802050673552
70,10,LMM-2,7,6.467517006802721,0.5071303670836338,12.935034013605442,1.0142607341672676,0.8707483909583341,0.06201735198180777
71,4,LMM-1,7,20.67295918367347,0.34166383077689294,41.34591836734694,0.6833276615537859,0.5568324006915552,0.1324466061599242
71,4,LMM-2,7,11.524659863945578,1.1539482220376593,23.049319727891156,2.3078964440753187,0.7349499566070866,0.10642183074511459
71,5,LMM-1,7,17.67295918367347,0.34166383077689294,35.34591836734694,0.6833276615537859,0.6113779301628804,0.12074825499278184
71,5,LMM-2,7,11.524659863945578,1.1539482220376593,23.049319727891156,2.3078964440753187,0.7349499566070866,0.10642183074511459
71,6,LMM-1,7,14.67295918367347,0.34166383077689266,29.34591836734694,0.6833276615537853,0.6862871574366084,0.10173807439793385
71,6,LMM-2,7,8.67295918367347,0.34166383077689266,17.34591836734694,0.6833276615537853,0.8292805626373294,0.057436523713101255
71,7,LMM-1,7,14.67295918367347,0.34166383077689266,29.34591836734694,0.6833276615537853,0.7014586798365272,0.09751001636856614
71,7,LMM-2,7,9.309693877551021,0.39409228047632294,18.619387755102043,0.7881845609526459,0.8096324143251972,0.066345610075182
71,8,LMM-1,7,12.67295918367347,0.34166383077689266,25.34591836734694,0.6833276615537853,0.7427507744350382,0.0854071123273845
71,8,LMM-2,7,8.67295918367347,0.34166383077689266,17.34591836734694,0.6833276615537853,0.8292805626373294,0.057436523713101255
71,9,LMM-1,7,12.67295918367347,0.34166383077689266,25.34591836734694,0.6833276615537853,0.7470054716231527,0.08411224806365607
71,9,LMM-2,7,10.67295918367347,0.34166383077689266,21.34591836734694,0.6833276615537853,0.7715161126200396,0.07648557348808305
71,10,LMM-1,7,10.67295918367347,0.34166383077689266,21.34591836734694,0.6833276615537853,0.8011041798706087,0.06691141056107393
71,10,LMM-2,7,8.67295918367347,0.34166383077689266,17.34591836734694,0.6833276615537853,0.8283099250096538,0.057768545404627884
72,4,LMM-1,7,13.226700680272108,0.7837803082289082,26.453401360544216,1.5675606164578164,0.7339381509430775,0.08787580098441927
72,4,LMM-2,7,11.341496598639456,0.6570329903509804,22.68299319727891,1.3140659807019608,0.7559845198207614,0.08251109795093156
72,5,LMM-1,7,12.391326530612245,0.6941389813630483,24.78265306122449,1.3882779627260966,0.7674581804206088,0.07954626359954138
72,5,LMM-2,7,10.467857142857143,0.607205879082076,20.935714285714287,1.214411758164152,0.7840249342888275,0.0791586353310754
72,6,LMM-1,7,12.051360544217687,0.8602192121069883,24.102721088435374,1.7204384242139765,0.7735956169023036,0.07528450020048864
72,6,LMM-2,7,10.215986394557822,0.7644099060791983,20.431972789115644,1.5288198121583967,0.7974393180969626,0.06931981416302456
72,7,LMM-1,7,11.285374149659864,0.7212926485316256,22.570748299319728,1.4425852970632511,0.7982419808601666,0.06781423246026007
72,7,LMM-2,7,9.349659863945577,0.6722644343302844,18.699319727891154,1.3445288686605688,0.8152736130782517,0.06567947981653971
72,8,LMM-1,7,11.118197278911564,0.8692481164406296,22.23639455782313,1.7384962328812592,0.7986691512497615,0.06715573422224783
72,8,LMM-2,7,9.259013605442176,0.7324901994341706,18.51802721088435,1.4649803988683412,0.8235336139886061,0.05857450329733583
72,9,LMM-1,7,11.094387755102042,0.8834563408600039,22.188775510204085,1.7669126817200078,0.7966842932829988,0.06837521592006916
72,9,LMM-2,7,9.48656462585034,0.5904380316990857,18.97312925170068,1.1808760633981714,0.8197624285988853,0.0618058926932092
72,10,LMM-1,7,10.391326530612245,0.6941389813630483,20.78265306122449,1.3882779627260966,0.8211569146789736,0.062148759744981644
72,10,LMM-2,7,8.52482993197279,0.54675154171592,17.04965986394558,1.09350308343184,0.8423153241567257,0.05528758473858527
73,4,LMM-1,7,18.316496598639453,0.43786245505623517,36.63299319727891,0.8757249101124703,0.6497760831305541,0.11408439941148199
73,4,LMM-2,7,10.316496598639457,0.43786245505623506,20.632993197278914,0.8757249101124701,0.7795614944137181,0.07729392665973427
73,5,LMM-1,7,18.316496598639453,0.43786245505623517,36.63299319727891,0.8757249101124703,0.6497760831305541,0.11408439941148199
73,5,LMM-2,7,10.316496598639457,0.43786245505623506,20.632993197278914,0.8757249101124701,0.7795614944137181,0.07729392665973427
73,6,LMM-1,7,18.316496598639453,0.43786245505623517,36.63299319727891,0.8757249101124703,0.6497760831305541,0.11408439941148199
73,6,LMM-2,7,10.316496598639457,0.43786245505623506,20.632993197278914,0.8757249101124701,0.7795614944137181,0.07729392665973427
73,7,LMM-1,7,18.316496598639453,0.43786245505623517,36.63299319727891,0.8757249101124703,0.6497760831305541,0.11408439941148199
73,7,LMM-2,7,10.316496598639457,0.43786245505623506,20.632993197278914,0.8757249101124701,0.7795614944137181,0.07729392665973427
73,8,LMM-1,7,18.29863945578231,0.46726127803217576,36.59727891156462,0.9345225560643515,0.651957776906509,0.11150877097015037
73,8,LMM-2,7,10.298639455782313,0.4672612780321757,20.597278911564626,0.9345225560643514,0.7824709195713485,0.073770787479423
73,9,LMM-1,7,18.280782312925172,0.49876768636399843,36.561564625850345,0.9975353727279969,0.6525098184553768,0.1107542801789674
73,9,LMM-2,7,10.28078231292517,0.4987676863639984,20.56156462585034,0.9975353727279967,0.7832222962482972,0.07272621975603016
73,10,LMM-1,7,18.29863945578231,0.46726127803217576,36.59727891156462,0.9345225560643515,0.651957776906509,0.11150877097015037
73,10,LMM-2,7,10.298639455782313,0.4672612780321757,20.597278911564626,0.9345225560643514,0.7824709195713485,0.073770787479423
74,4,LMM-1,7,11.75408163265306,0.4010165134567066,23.50816326530612,0.8020330269134132,0.7548627511210294,0.08377464171578271
74,4,LMM-2,7,8.539455782312924,0.8759111662387083,17.078911564625848,1.7518223324774167,0.8117414393888793,0.06089831716110766
74,5,LMM-1,7,11.935374149659864,0.2878925710135895,23.87074829931973,0.575785142027179,0.7566387029728122,0.084004289478894
74,5,LMM-2,7,8.882823129251701,0.6679293972891609,17.765646258503402,1.3358587945783218,0.804436113561015,0.06789970483102079
74,6,LMM-1,7,9.77108843537415,0.35491921949518207,19.5421768707483,0.7098384389903641,0.8049373072171477,0.07050636588170303
74,6,LMM-2,7,8.259013605442176,0.6885070023370212,16.51802721088435,1.3770140046740424,0.821525736069928,0.05685994021462267
74,7,LMM-1,7,9.77108843537415,0.35491921949518207,19.5421768707483,0.7098384389903641,0.8049373072171477,0.07050636588170303
74,7,LMM-2,7,8.259013605442176,0.6885070023370212,16.51802721088435,1.3770140046740424,0.821525736069928,0.05685994021462267
74,8,LMM-1,7,9.714965986394558,0.39540344522091925,19.429931972789117,0.7908068904418385,0.8105829069716066,0.06633838152593073
74,8,LMM-2,7,5.992687074829932,0.2497913192631619,11.985374149659863,0.4995826385263238,0.8778244623863075,0.04925388811823924
74,9,LMM-1,7,9.09778911564626,0.22614251959519865,18.19557823129252,0.4522850391903973,0.8290254910647503,0.06380467591968632
74,9,LMM-2,7,6.847278911564627,0.30047049966965805,13.694557823129253,0.6009409993393161,0.8594021875808183,0.05140677103017183
74,10,LMM-1,7,9.05952380952381,0.24686239706342528,18.11904761904762,0.49372479412685055,0.8300156798329049,0.06144451011531741
74,10,LMM-2,7,6.168027210884354,0.1788404193661375,12.336054421768708,0.357680838732275,0.8747945368801433,0.048042410434528615
75,4,LMM-1,7,19.552551020408163,0.39121509468880405,39.10510204081633,0.7824301893776081,0.6245432774666734,0.11706382213425988
75,4,LMM-2,7,12.135204081632653,1.9009227740108274,24.270408163265305,3.801845548021655,0.7428520931462123,0.11863015929263744
75,5,LMM-1,7,18.552551020408163,0.39121509468880405,37.10510204081633,0.7824301893776081,0.6464921992668015,0.1116079635327854
75,5,LMM-2,7,9.627551020408163,1.032684094251958,19.255102040816325,2.065368188503916,0.8145147250034156,0.06142002161454368
75,6,LMM-1,7,17.552551020408163,0.39121509468880405,35.10510204081633,0.7824301893776081,0.6687995369305637,0.10577983410444251
75,6,LMM-2,7,7.713775510204082,0.18601695328425905,15.427551020408163,0.3720339065685181,0.8601424574077176,0.04922635953849447
75,7,LMM-1,7,16.552551020408163,0.39121509468880405,33.10510204081633,0.7824301893776081,0.6920960828545273,0.09940129975859675
75,7,LMM-2,7,7.713775510204082,0.18601695328425905,15.427551020408163,0.3720339065685181,0.8601424574077176,0.04922635953849447
75,8,LMM-1,7,15.552551020408163,0.391215094688804,31.105102040816327,0.782430189377608,0.7166609851810469,0.09236611685002992
75,8,LMM-2,7,7.713775510204082,0.18601695328425905,15.427551020408163,0.3720339065685181,0.8601424574077176,0.04922635953849447
75,9,LMM-1,7,15.552551020408163,0.391215094688804,31.105102040816327,0.782430189377608,0.7166609851810469,0.09236611685002992
75,9,LMM-2,7,7.713775510204082,0.18601695328425905,15.427551020408163,0.3720339065685181,0.8601424574077176,0.04922635953849447
75,10,LMM-1,7,8.61547619047619,0.6198186590189322,17.23095238095238,1.2396373180378644,0.8578526151917646,0.05288959542003583
75,10,LMM-2,7,7.141496598639455,0.47821314835767464,14.28299319727891,0.9564262967153493,0.8551727801572533,0.0494904806316217
76,4,LMM-1,7,11.468367346938775,0.13424562945481636,22.93673469387755,0.2684912589096327,0.7632440871159512,0.09004763451857341
76,4,LMM-2,7,9.849489795918368,0.3225401898897678,19.698979591836736,0.6450803797795356,0.796177643038725,0.08020931842126212
76,5,LMM-1,7,10.664795918367346,0.23997713517350103,21.329591836734693,0.47995427034700205,0.7825710824496396,0.07742288592872863
76,5,LMM-2,7,8.519897959183673,1.1449114746111122,17.039795918367346,2.2898229492222244,0.818616389038397,0.058205471463776116
76,6,LMM-1,7,9.562244897959184,0.5128766735766426,19.124489795918368,1.0257533471532851,0.8191896459681063,0.06479111648438578
76,6,LMM-2,7,8.957993197278912,0.3464479821838983,17.915986394557823,0.6928959643677965,0.8155099700070869,0.06477974553728244
76,7,LMM-1,7,9.562244897959184,0.5128766735766426,19.124489795918368,1.0257533471532851,0.8191896459681063,0.06479111648438578
76,7,LMM-2,7,8.957993197278912,0.3464479821838983,17.915986394557823,0.6928959643677965,0.8155099700070869,0.06477974553728244
76,8,LMM-1,7,9.288605442176872,0.31888249429275023,18.577210884353743,0.6377649885855005,0.8249238772325208,0.07443322867944661
76,8,LMM-2,7,7.335544217687074,0.5329567838952145,14.671088435374148,1.065913567790429,0.83442702715098,0.07600513432346956
76,9,LMM-1,7,8.627380952380951,0.64190184752765,17.254761904761903,1.2838036950553,0.8512721449266932,0.04821160881052903
76,9,LMM-2,7,7.182142857142857,0.14381622500943253,14.364285714285714,0.28763245001886506,0.8690448103131415,0.04835595984035579
76,10,LMM-1,7,7.79795918367347,0.4980939188004091,15.59591836734694,0.9961878376008182,0.8726357974655515,0.043906148883879365
76,10,LMM-2,7,6.453061224489796,0.41061536674451027,12.906122448979591,0.8212307334890205,0.8823763726038123,0.049135718487946296
77,4,LMM-1,7,11.372619047619049,0.3636977826403478,22.745238095238097,0.7273955652806956,0.7507027586821048,0.08463304915915741
77,4,LMM-2,7,9.24625850340136,0.4751465720066064,18.49251700680272,0.9502931440132129,0.7874697712189328,0.06994989668159948
77,5,LMM-1,7,13.779931972789115,0.7249921607909878,27.55986394557823,1.4499843215819757,0.7166414829368822,0.09082098342844577
77,5,LMM-2,7,10.72891156462585,0.6395004688395315,21.4578231292517,1.279000937679063,0.7734977365051519,0.07233317493515154
77,6,LMM-1,7,10.372619047619049,0.3636977826403478,20.745238095238097,0.7273955652806956,0.7787770952594383,0.07587219724730838
77,6,LMM-2,7,9.284523809523808,0.4323346681751562,18.569047619047616,0.8646693363503124,0.78547367848174,0.06972901257410025
77,7,LMM-1,7,11.715476190476192,0.6743666718953905,23.430952380952384,1.348733343790781,0.7736087733520279,0.07352037103618363
77,7,LMM-2,7,10.777551020408165,0.6185592751248519,21.55510204081633,1.2371185502497037,0.7747348679567294,0.0724285373733542
77,8,LMM-1,7,8.372619047619049,0.3636977826403478,16.745238095238097,0.7273955652806956,0.838716487101558,0.0559862006851085
77,8,LMM-2,7,7.578061224489796,0.20480921888778,15.156122448979591,0.40961843777556,0.8340989139015738,0.06066848623614991
77,9,LMM-1,7,10.053061224489795,0.5449724782798354,20.10612244897959,1.0899449565596708,0.8214810477216006,0.05931354186119113
77,9,LMM-2,7,9.053061224489797,0.5449724782798354,18.106122448979594,1.0899449565596708,0.81471788269613,0.06012826407755753
77,10,LMM-1,7,7.222448979591837,0.4396284490508595,14.444897959183674,0.879256898101719,0.8754526317122789,0.04315686418975514
77,10,LMM-2,7,6.404931972789115,0.27267617303296715,12.80986394557823,0.5453523460659343,0.8657161382785798,0.05107552688833121
78,4,LMM-1,7,11.505782312925172,0.628298045505347,23.011564625850344,1.256596091010694,0.7650592500917678,0.08012098391392207
78,4,LMM-2,7,9.840986394557822,0.2131183785775386,19.681972789115644,0.4262367571550772,0.7813424150214698,0.08289817223307822
78,5,LMM-1,7,11.505782312925172,0.628298045505347,23.011564625850344,1.256596091010694,0.7735175895784429,0.07661507653273222
78,5,LMM-2,7,10.505782312925172,0.628298045505347,21.011564625850344,1.256596091010694,0.7735175895784429,0.07661507653273222
78,6,LMM-1,7,11.505782312925172,0.628298045505347,23.011564625850344,1.256596091010694,0.7733171950384446,0.07667879146269782
78,6,LMM-2,7,8.582312925170068,0.5335729799642579,17.164625850340137,1.0671459599285158,0.8224961492777455,0.06340682180379319
78,7,LMM-1,7,11.505782312925172,0.628298045505347,23.011564625850344,1.256596091010694,0.7729554678605498,0.07712981489780939
78,7,LMM-2,7,8.523639455782313,0.6006254260367081,17.047278911564625,1.2012508520734162,0.8252180817964291,0.06025304457757832
78,8,LMM-1,7,11.325510204081633,0.8243900222516068,22.651020408163266,1.6487800445032137,0.7789784886511012,0.07066159137961861
78,8,LMM-2,7,8.54404761904762,0.5796946768492418,17.08809523809524,1.1593893536984836,0.8253987883881064,0.05995299037153753
78,9,LMM-1,7,10.335204081632654,0.7686041183289375,20.670408163265307,1.537208236657875,0.823875248876696,0.0600134585550839
78,9,LMM-2,7,6.9982993197278915,0.3555764157539394,13.996598639455783,0.7111528315078788,0.8666002387820487,0.05287380883569222
78,10,LMM-1,7,10.296938775510203,0.8178213354861459,20.593877551020405,1.6356426709722918,0.824485524377461,0.05922624222270733
78,10,LMM-2,7,7.0187074829931975,0.3339315054897439,14.037414965986395,0.6678630109794877,0.8657166873650421,0.05376632311368547
79,4,LMM-1,7,12.636224489795918,0.25727341195012704,25.272448979591836,0.5145468239002541,0.744153245492939,0.0920389516419255
79,4,LMM-2,7,9.990646258503402,0.21152456584222323,19.981292517006803,0.42304913168444647,0.7831385325522782,0.08795334310469818
79,5,LMM-1,7,11.788605442176872,0.3521268257349808,23.577210884353743,0.7042536514699616,0.7755582122263283,0.08219884079692671
79,5,LMM-2,7,8.158673469387756,0.23860210867479076,16.31734693877551,0.4772042173495815,0.8325655011898415,0.07272215675197015
79,6,LMM-1,7,11.636224489795918,0.25727341195012704,23.272448979591836,0.5145468239002541,0.7782166517271685,0.08190399334357787
79,6,LMM-2,7,7.977380952380953,0.14258903412626514,15.954761904761906,0.2851780682525303,0.8374713214235314,0.06906311169274085
79,7,LMM-1,7,11.219557823129252,0.7076110640883657,22.439115646258504,1.4152221281767314,0.78960170040286,0.0692708300743886
79,7,LMM-2,7,7.530952380952381,0.4237426378466671,15.061904761904762,0.8474852756933342,0.8511057919835678,0.05449797247499438
79,8,LMM-1,7,9.409183673469387,0.6689131592819492,18.818367346938775,1.3378263185638983,0.829613054667764,0.05805289788576207
79,8,LMM-2,7,7.708673469387755,0.4283241512090517,15.41734693877551,0.8566483024181034,0.8486352980084736,0.05638302686290141
79,9,LMM-1,7,8.545238095238094,0.5236255088031787,17.09047619047619,1.0472510176063574,0.8518150005918516,0.053957004664623595
79,9,LMM-2,7,7.568197278911565,0.5123612559933326,15.13639455782313,1.0247225119866652,0.8512353053458757,0.05419083349176036
79,10,LMM-1,7,8.317346938775511,0.5917540406689787,16.634693877551022,1.1835080813379575,0.8590796666139312,0.047001694489716465
79,10,LMM-2,7,7.370068027210884,0.5174847862079472,14.740136054421768,1.0349695724158945,0.8583572744080618,0.04790632256703969
80,4,LMM-1,7,11.782482993197279,0.6553104425475037,23.564965986394558,1.3106208850950074,0.7804586517890805,0.07609112336763169
80,4,LMM-2,7,8.56904761904762,0.4772963349777787,17.13809523809524,0.9545926699555574,0.8248575748703059,0.06182047581771265
80,5,LMM-1,7,11.896768707482993,0.5398205117656688,23.793537414965986,1.0796410235313376,0.7747579978450556,0.07941376471488719
80,5,LMM-2,7,8.840986394557822,0.4164080135680744,17.681972789115644,0.8328160271361488,0.818996478743837,0.06578864169875384
80,6,LMM-1,7,11.896768707482993,0.5398205117656688,23.793537414965986,1.0796410235313376,0.7747579978450556,0.07941376471488719
80,6,LMM-2,7,8.840986394557822,0.4164080135680744,17.681972789115644,0.8328160271361488,0.818996478743837,0.06578864169875384
80,7,LMM-1,7,11.916666666666668,0.962594048177788,23.833333333333336,1.925188096355576,0.7776969794283233,0.07084904094300751
80,7,LMM-2,7,9.0578231292517,0.45760626010454797,18.1156462585034,0.9152125202090959,0.8151841914633485,0.06292255570169737
80,8,LMM-1,7,11.916666666666668,0.962594048177788,23.833333333333336,1.925188096355576,0.7776969794283233,0.07084904094300751
80,8,LMM-2,7,9.0578231292517,0.45760626010454797,18.1156462585034,0.9152125202090959,0.8151841914633485,0.06292255570169737
80,9,LMM-1,7,10.542176870748298,0.40323785561184117,21.084353741496596,0.8064757112236823,0.801182482454816,0.07368631449132235
80,9,LMM-2,7,7.935714285714285,0.25703260422986857,15.87142857142857,0.5140652084597371,0.8351380839284308,0.06280938986185884
80,10,LMM-1,7,10.665816326530614,0.5383573176883831,21.331632653061227,1.0767146353767663,0.8002590605808511,0.07197084943962243
80,10,LMM-2,7,8.232993197278912,0.4202642137369739,16.465986394557824,0.8405284274739478,0.8323177074476773,0.061145459458535556
81,4,LMM-1,7,10.84778911564626,0.6375271701532446,21.69557823129252,1.2750543403064891,0.7855885350507468,0.07144689706713041
81,4,LMM-2,7,8.78265306122449,0.4736748420445526,17.56530612244898,0.9473496840891052,0.8161116420272291,0.06411159193528326
81,5,LMM-1,7,10.84778911564626,0.6375271701532446,21.69557823129252,1.2750543403064891,0.7855885350507468,0.07144689706713041
81,5,LMM-2,7,8.78265306122449,0.4736748420445526,17.56530612244898,0.9473496840891052,0.8161116420272291,0.06411159193528326
81,6,LMM-1,7,10.773809523809524,0.7463060961265465,21.547619047619047,1.492612192253093,0.785552959092624,0.07020895951273329
81,6,LMM-2,7,8.821768707482994,0.5011978340168435,17.643537414965987,1.002395668033687,0.8212858634844036,0.0587661810057825
81,7,LMM-1,7,10.604931972789116,0.5514038201635216,21.20986394557823,1.1028076403270433,0.7970814258041209,0.07376268632000026
81,7,LMM-2,7,8.576360544217687,0.39613680943524077,17.152721088435374,0.7922736188704815,0.8363578803841092,0.059977801989460025
81,8,LMM-1,7,9.257823129251701,0.6580427564620881,18.515646258503402,1.3160855129241762,0.8247446019879876,0.05823204903843847
81,8,LMM-2,7,7.604931972789116,0.42313847956777123,15.209863945578231,0.8462769591355425,0.8559736444085182,0.053347167484080533
81,9,LMM-1,7,9.195748299319728,0.7173352863195936,18.391496598639456,1.4346705726391873,0.8294480390282171,0.05497413549975503
81,9,LMM-2,7,7.466326530612244,0.5753837448107145,14.932653061224489,1.150767489621429,0.8606766395562273,0.048136725337178554
81,10,LMM-1,7,7.618027210884354,0.48259948502458505,15.236054421768708,0.9651989700491701,0.8637401799421668,0.04847000452502481
81,10,LMM-2,7,7.419047619047619,0.5315766136175714,14.838095238095239,1.0631532272351427,0.8552180869615926,0.05248820669003902
82,4,LMM-1,7,17.26377551020408,0.6745110219266555,34.52755102040816,1.349022043853311,0.6758201976087604,0.10184223390254842
82,4,LMM-2,7,12.089795918367347,0.658169505498727,24.179591836734694,1.316339010997454,0.7382403268301688,0.08400637414145251
82,5,LMM-1,7,17.26377551020408,0.6745110219266555,34.52755102040816,1.349022043853311,0.6758201976087604,0.10184223390254842
82,5,LMM-2,7,12.089795918367347,0.658169505498727,24.179591836734694,1.316339010997454,0.7382403268301688,0.08400637414145251
82,6,LMM-1,7,17.26377551020408,0.6745110219266555,34.52755102040816,1.349022043853311,0.6758201976087604,0.10184223390254842
82,6,LMM-2,7,12.089795918367347,0.658169505498727,24.179591836734694,1.316339010997454,0.7382403268301688,0.08400637414145251
82,7,LMM-1,7,17.26377551020408,0.6745110219266555,34.52755102040816,1.349022043853311,0.6758201976087604,0.10184223390254842
82,7,LMM-2,7,12.089795918367347,0.658169505498727,24.179591836734694,1.316339010997454,0.7382403268301688,0.08400637414145251
82,8,LMM-1,7,17.26377551020408,0.6745110219266555,34.52755102040816,1.349022043853311,0.6758201976087604,0.10184223390254842
82,8,LMM-2,7,12.089795918367347,0.658169505498727,24.179591836734694,1.316339010997454,0.7382403268301688,0.08400637414145251
82,9,LMM-1,7,17.26377551020408,0.6745110219266555,34.52755102040816,1.349022043853311,0.6758201976087604,0.10184223390254842
82,9,LMM-2,7,12.089795918367347,0.658169505498727,24.179591836734694,1.316339010997454,0.7382403268301688,0.08400637414145251
82,10,LMM-1,7,17.26377551020408,0.6745110219266555,34.52755102040816,1.349022043853311,0.6758201976087604,0.10184223390254842
82,10,LMM-2,7,12.089795918367347,0.658169505498727,24.179591836734694,1.316339010997454,0.7382403268301688,0.08400637414145251
83,4,LMM-1,7,15.754591836734694,0.8197613042559334,31.509183673469387,1.6395226085118668,0.684436602646182,0.10257181455844949
83,4,LMM-2,7,11.203911564625852,1.0063945037931339,22.407823129251703,2.0127890075862678,0.7699982823549091,0.09503578125497518
83,5,LMM-1,7,15.754591836734694,0.8197613042559334,31.509183673469387,1.6395226085118668,0.6839862620968054,0.10184005745650851
83,5,LMM-2,7,11.561054421768707,0.4515677950791954,23.122108843537415,0.9031355901583908,0.7644865474015606,0.08592003174492799
83,6,LMM-1,7,13.845578231292517,0.626143823527166,27.691156462585035,1.252287647054332,0.7367537798495049,0.09067590401939457
83,6,LMM-2,7,8.76343537414966,0.7652865832728686,17.52687074829932,1.5305731665457372,0.8252827355278768,0.054552417656678766
83,7,LMM-1,7,13.845578231292517,0.626143823527166,27.691156462585035,1.252287647054332,0.733840220206568,0.09126454844452384
83,7,LMM-2,7,9.981292517006803,0.733358101635163,19.962585034013607,1.466716203270326,0.796282857975419,0.06088550366014564
83,8,LMM-1,7,13.226700680272108,0.7837803082289082,26.453401360544216,1.5675606164578164,0.7452389930181871,0.08308457776047012
83,8,LMM-2,7,9.300850340136053,0.4494375756303086,18.601700680272106,0.8988751512606172,0.820037834694715,0.06726092199164455
83,9,LMM-1,7,12.453401360544218,0.6360229538579844,24.906802721088436,1.2720459077159687,0.7641224683885312,0.08017556931922226
83,9,LMM-2,7,10.670748299319728,1.056610850295856,21.341496598639456,2.113221700591712,0.7946274307527869,0.06088341515413079
83,10,LMM-1,7,12.226700680272108,0.7837803082289082,24.453401360544216,1.5675606164578164,0.7706962160982361,0.07549389182445308
83,10,LMM-2,7,10.599319727891157,0.9411254232753135,21.198639455782313,1.882250846550627,0.7964114333506817,0.06380056163935163
84,4,LMM-1,7,11.241496598639456,0.45876776326768337,22.482993197278912,0.9175355265353667,0.7751079344515752,0.07860591291132411
84,4,LMM-2,7,8.700850340136055,0.3721967430910535,17.40170068027211,0.744393486182107,0.8140311528660379,0.07024903636419777
84,5,LMM-1,7,10.716836734693876,0.43326811788334657,21.433673469387752,0.8665362357666931,0.7832225561585405,0.07823543937468073
84,5,LMM-2,7,7.25578231292517,0.40682518764890546,14.51156462585034,0.8136503752978109,0.8530519683253981,0.05966413233184918
84,6,LMM-1,7,10.825340136054422,0.39431635526917214,21.650680272108843,0.7886327105383443,0.7825660751660228,0.0805420863046697
84,6,LMM-2,7,7.364285714285714,0.40751166809944006,14.728571428571428,0.8150233361988801,0.8493870533841932,0.06302616848554646
84,7,LMM-1,7,10.134013605442178,0.3985410595752183,20.268027210884355,0.7970821191504366,0.8047664659120943,0.07116954488822216
84,7,LMM-2,7,9.172278911564627,0.35474062523822925,18.344557823129254,0.7094812504764585,0.8051893520064028,0.07066720259231193
84,8,LMM-1,7,9.47125850340136,0.6102363595767571,18.94251700680272,1.2204727191535143,0.8212200176387131,0.05988121737003021
84,8,LMM-2,7,8.492517006802721,0.6757429157082936,16.985034013605443,1.3514858314165872,0.8246230732600345,0.057519178406716845
84,9,LMM-1,7,9.47125850340136,0.6102363595767571,18.94251700680272,1.2204727191535143,0.8230649273045876,0.059231287923809696
84,9,LMM-2,7,8.492517006802721,0.6757429157082936,16.985034013605443,1.3514858314165872,0.8273447500791481,0.056668711982545056
84,10,LMM-1,7,9.243707482993198,0.5260067992459585,18.487414965986396,1.052013598491917,0.8300545053862292,0.05919985313759777
84,10,LMM-2,7,7.9855442176870755,0.31017489643707347,15.971088435374151,0.6203497928741469,0.8390761117892643,0.06194864720072979
85,4,LMM-1,7,13.299319727891158,0.2990393708666726,26.598639455782315,0.5980787417333452,0.7461376067451676,0.09643176908836304
85,4,LMM-2,7,12.243197278911564,0.24627588543157478,24.48639455782313,0.49255177086314955,0.7479474719893073,0.09400677305004439
85,5,LMM-1,7,13.128401360544217,0.44256099223478945,26.256802721088434,0.8851219844695789,0.7462321171497056,0.10067954087932879
85,5,LMM-2,7,12.028061224489795,0.33992978439420896,24.05612244897959,0.6798595687884179,0.7493425848334306,0.09727085218010409
85,6,LMM-1,7,12.765816326530611,0.32563182353975817,25.531632653061223,0.6512636470795163,0.7576896006703101,0.09542348883221465
85,6,LMM-2,7,11.66547619047619,0.25898261614412016,23.33095238095238,0.5179652322882403,0.7608790578214073,0.09189114197931529
85,7,LMM-1,7,12.572448979591837,0.3720339065685181,25.144897959183673,0.7440678131370362,0.7592415446774472,0.0940095414140342
85,7,LMM-2,7,10.062585034013605,0.59163496443314,20.12517006802721,1.18326992886628,0.7967880521222774,0.08851405540173356
85,8,LMM-1,7,11.683333333333334,0.25988397899771093,23.366666666666667,0.5197679579954219,0.7862124156877649,0.08471643970056499
85,8,LMM-2,7,7.7369047619047615,0.3031533068228709,15.473809523809523,0.6063066136457418,0.8522361256935501,0.06610331019971798
85,9,LMM-1,7,11.298979591836735,0.3721383788599355,22.59795918367347,0.744276757719871,0.7951047340165164,0.07818244491622246
85,9,LMM-2,7,7.298979591836734,0.37213837885993517,14.597959183673469,0.7442767577198703,0.8640233127579781,0.05590974412187715
85,10,LMM-1,7,10.491326530612245,0.7081667369071986,20.98265306122449,1.4163334738143971,0.8116261674314017,0.060540512865208805
85,10,LMM-2,7,6.80765306122449,0.3591451000984243,13.61530612244898,0.7182902001968486,0.873935583610879,0.045210020649804686
86,4,LMM-1,7,11.927210884353741,0.35545373154411825,23.854421768707482,0.7109074630882365,0.7793238918010283,0.08561375839606064
86,4,LMM-2,7,10.013095238095238,0.2849344516259064,20.026190476190475,0.5698689032518128,0.7965875236893576,0.08463512486335721
86,5,LMM-1,7,11.512925170068028,0.6491614001101964,23.025850340136056,1.2983228002203928,0.7882169556443822,0.07538476117492236
86,5,LMM-2,7,9.512925170068028,0.6491614001101964,19.025850340136056,1.2983228002203928,0.8127452476964175,0.06735614496113265
86,6,LMM-1,7,11.495068027210886,0.6778640627958927,22.99013605442177,1.3557281255917855,0.7900194296883648,0.0732714022266392
86,6,LMM-2,7,9.313775510204081,0.8026841554399956,18.627551020408163,1.6053683108799912,0.8210233208505545,0.0602436486725032
86,7,LMM-1,7,10.623979591836735,0.5726603887700857,21.24795918367347,1.1453207775401715,0.8161811690712684,0.06354640859860586
86,7,LMM-2,7,9.313775510204081,0.8026841554399956,18.627551020408163,1.6053683108799912,0.8210233208505545,0.0602436486725032
86,8,LMM-1,7,10.623979591836735,0.5726603887700857,21.24795918367347,1.1453207775401715,0.8305134782864102,0.060023700080851776
86,8,LMM-2,7,5.047619047619048,0.19342948582466576,10.095238095238097,0.38685897164933153,0.9068480607650803,0.04449205955407763
86,9,LMM-1,7,10.623979591836735,0.5726603887700857,21.24795918367347,1.1453207775401715,0.8305134782864102,0.060023700080851776
86,9,LMM-2,7,5.047619047619048,0.19342948582466576,10.095238095238097,0.38685897164933153,0.9068480607650803,0.04449205955407763
86,10,LMM-1,7,10.533333333333333,0.6301927142889364,21.066666666666666,1.2603854285778728,0.8292106745156247,0.060203563050378064
86,10,LMM-2,7,5.065476190476191,0.19397822305714676,10.130952380952381,0.38795644611429353,0.9063255385234953,0.0453645520212523
87,4,LMM-1,7,13.484013605442176,0.12164988692226276,26.96802721088435,0.24329977384452553,0.7261192156617957,0.10775027724111613
87,4,LMM-2,7,11.484013605442176,0.12164988692226276,22.96802721088435,0.24329977384452553,0.7480995906876631,0.1017025531135968
87,5,LMM-1,7,11.428571428571429,0.6226998490772391,22.857142857142858,1.2453996981544782,0.7796898861979594,0.07915974044884305
87,5,LMM-2,7,8.204931972789115,0.29856748780302783,16.40986394557823,0.5971349756060557,0.838592361945305,0.07432261598826019
87,6,LMM-1,7,10.74200680272109,0.5179193856900708,21.48401360544218,1.0358387713801416,0.7971000508808934,0.07588377596082992
87,6,LMM-2,7,8.955442176870749,0.33807299506624067,17.910884353741498,0.6761459901324813,0.8190515821156605,0.07416807258586436
87,7,LMM-1,7,10.618877551020407,0.6439240417899992,21.237755102040815,1.2878480835799984,0.8149267347257264,0.06563332945636664
87,7,LMM-2,7,9.78231292517007,0.5739285691607963,19.56462585034014,1.1478571383215925,0.8093514902414048,0.06932555783907757
87,8,LMM-1,7,10.487925170068028,0.7506962615695693,20.975850340136056,1.5013925231391385,0.8186521641935881,0.06224497981453018
87,8,LMM-2,7,9.505782312925172,0.725059180300629,19.011564625850344,1.450118360601258,0.818638287437791,0.06226375681640117
87,9,LMM-1,7,10.470068027210885,0.7779495291746625,20.94013605442177,1.555899058349325,0.819222836757436,0.06148409859002811
87,9,LMM-2,7,9.505782312925172,0.725059180300629,19.011564625850344,1.450118360601258,0.818638287437791,0.06226375681640117
87,10,LMM-1,7,10.573639455782313,0.8251106542423147,21.147278911564626,1.6502213084846293,0.8166565645005585,0.06118919696278459
87,10,LMM-2,7,9.591496598639456,0.7999451887836301,19.18299319727891,1.5998903775672602,0.8161138543604476,0.061928244218603476
88,4,LMM-1,7,20.247108843537415,0.764351899443924,40.49421768707483,1.528703798887848,0.5937645958946141,0.12361950579388938
88,4,LMM-2,7,13.988945578231293,0.4627835083421866,27.977891156462587,0.9255670166843732,0.6812706674101284,0.10917223716504029
88,5,LMM-1,7,20.247108843537415,0.764351899443924,40.49421768707483,1.528703798887848,0.5937645958946141,0.12361950579388938
88,5,LMM-2,7,13.988945578231293,0.4627835083421866,27.977891156462587,0.9255670166843732,0.6812706674101284,0.10917223716504029
88,6,LMM-1,7,20.247108843537415,0.764351899443924,40.49421768707483,1.528703798887848,0.5937645958946141,0.12361950579388938
88,6,LMM-2,7,13.988945578231293,0.4627835083421866,27.977891156462587,0.9255670166843732,0.6812706674101284,0.10917223716504029
88,7,LMM-1,7,20.247108843537415,0.764351899443924,40.49421768707483,1.528703798887848,0.5937645958946141,0.12361950579388938
88,7,LMM-2,7,13.988945578231293,0.4627835083421866,27.977891156462587,0.9255670166843732,0.6812706674101284,0.10917223716504029
88,8,LMM-1,7,20.247108843537415,0.764351899443924,40.49421768707483,1.528703798887848,0.5937645958946141,0.12361950579388938
88,8,LMM-2,7,13.988945578231293,0.4627835083421866,27.977891156462587,0.9255670166843732,0.6812706674101284,0.10917223716504029
88,9,LMM-1,7,20.247108843537415,0.764351899443924,40.49421768707483,1.528703798887848,0.5937645958946141,0.12361950579388938
88,9,LMM-2,7,13.988945578231293,0.4627835083421866,27.977891156462587,0.9255670166843732,0.6812706674101284,0.10917223716504029
88,10,LMM-1,7,20.247108843537415,0.764351899443924,40.49421768707483,1.528703798887848,0.5937645958946141,0.12361950579388938
88,10,LMM-2,7,13.988945578231293,0.4627835083421866,27.977891156462587,0.9255670166843732,0.6812706674101284,0.10917223716504029
89,4,LMM-1,7,14.613265306122448,0.4796200599598274,29.226530612244897,0.9592401199196549,0.721541775893154,0.09738468141938779
89,4,LMM-2,7,13.613265306122448,0.4796200599598274,27.226530612244897,0.9592401199196549,0.721541775893154,0.09738468141938779
89,5,LMM-1,7,14.613265306122448,0.4796200599598274,29.226530612244897,0.9592401199196549,0.721541775893154,0.09738468141938779
89,5,LMM-2,7,13.613265306122448,0.4796200599598274,27.226530612244897,0.9592401199196549,0.721541775893154,0.09738468141938779
89,6,LMM-1,7,14.613265306122448,0.4796200599598274,29.226530612244897,0.9592401199196549,0.7283231235414128,0.09545628164711106
89,6,LMM-2,7,10.895408163265305,0.4108665440794911,21.79081632653061,0.8217330881589822,0.7815581298698687,0.09263585766381
89,7,LMM-1,7,13.670408163265307,0.47460937707550277,27.340816326530614,0.9492187541510055,0.7470940502524531,0.0894416930696131
89,7,LMM-2,7,7.424829931972789,0.7125396540353505,14.849659863945577,1.425079308070701,0.8692777873684147,0.04990212324695341
89,8,LMM-1,7,13.261224489795918,0.8769967399972748,26.522448979591836,1.7539934799945496,0.7599411492571074,0.07770846290337437
89,8,LMM-2,7,7.354761904761905,0.7461389656150322,14.70952380952381,1.4922779312300645,0.872186011355472,0.05020813640043668
89,9,LMM-1,7,12.27908163265306,0.8467964596436223,24.55816326530612,1.6935929192872445,0.7873136247485568,0.06969038204358194
89,9,LMM-2,7,9.178571428571429,0.3944771791852593,18.357142857142858,0.7889543583705186,0.8272781001321129,0.07059993316312388
89,10,LMM-1,7,12.261224489795918,0.8769967399972748,24.522448979591836,1.7539934799945496,0.7886754909621005,0.06784411326838125
89,10,LMM-2,7,9.107142857142858,0.4601463830973259,18.214285714285715,0.9202927661946518,0.8295068866956916,0.06719258989863648
90,4,LMM-1,7,14.493197278911564,0.5709272582335563,28.98639455782313,1.1418545164671126,0.7053470013540333,0.10073043416146744
90,4,LMM-2,7,10.493197278911564,0.5709272582335563,20.98639455782313,1.1418545164671126,0.7807070971149995,0.07850978435701435
90,5,LMM-1,7,12.910884353741496,0.3224005388569115,25.821768707482992,0.644801077713823,0.7335536272255366,0.09963352661419578
90,5,LMM-2,7,9.70204081632653,0.4183598804709552,19.40408163265306,0.8367197609419104,0.7956910432158298,0.07742643848461708
90,6,LMM-1,7,11.561904761904762,0.5523912150113981,23.123809523809523,1.1047824300227962,0.7784397702512468,0.07771776391106237
90,6,LMM-2,7,8.307993197278911,0.6450563021401491,16.615986394557822,1.2901126042802982,0.8393753014914864,0.05568030623271111
90,7,LMM-1,7,11.561904761904762,0.5523912150113981,23.123809523809523,1.1047824300227962,0.7784397702512468,0.07771776391106237
90,7,LMM-2,7,8.307993197278911,0.6450563021401491,16.615986394557822,1.2901126042802982,0.8393753014914864,0.05568030623271111
90,8,LMM-1,7,11.14421768707483,0.9346667702453134,22.28843537414966,1.8693335404906268,0.7909170889008986,0.06610496057833766
90,8,LMM-2,7,10.162074829931973,0.9086923285044431,20.324149659863945,1.8173846570088863,0.790375996997574,0.06683528831762887
90,9,LMM-1,7,11.14421768707483,0.9346667702453134,22.28843537414966,1.8693335404906268,0.8087377586530563,0.062275571219997654
90,9,LMM-2,7,10.162074829931973,0.9086923285044431,20.324149659863945,1.8173846570088863,0.8077836198979301,0.06359252658566641
90,10,LMM-1,7,11.21734693877551,0.8413845415081499,22.43469387755102,1.6827690830162998,0.8137593736114985,0.062192367609311204
90,10,LMM-2,7,8.43078231292517,0.6114732949593338,16.86156462585034,1.2229465899186676,0.8403391433950098,0.057475091780392895
91,4,LMM-1,7,11.995408163265306,0.8355830731566224,23.990816326530613,1.6711661463132448,0.7639077410857092,0.08060986392352651
91,4,LMM-2,7,11.08860544217687,0.6967873246397431,22.17721088435374,1.3935746492794863,0.767799885799137,0.07825433359921612
91,5,LMM-1,7,11.971598639455781,0.8469089618553877,23.943197278911562,1.6938179237107753,0.7635545905856329,0.08082298939792498
91,5,LMM-2,7,11.08860544217687,0.6967873246397431,22.17721088435374,1.3935746492794863,0.767799885799137,0.07825433359921612
91,6,LMM-1,7,11.21360544217687,0.6042738861808503,22.42721088435374,1.2085477723617006,0.7889177857972411,0.07843144255681542
91,6,LMM-2,7,8.926020408163264,0.831435260298792,17.85204081632653,1.662870520597584,0.8195438130014534,0.06297455625476919
91,7,LMM-1,7,11.21360544217687,0.6042738861808503,22.42721088435374,1.2085477723617006,0.798924288711368,0.07613272423781543
91,7,LMM-2,7,5.830442176870748,0.402717856555335,11.660884353741496,0.80543571311067,0.879252476261628,0.05281212856108181
91,8,LMM-1,7,11.33265306122449,0.8143779180459754,22.66530612244898,1.6287558360919507,0.7908241731891197,0.07432475116198736
91,8,LMM-2,7,6.151870748299319,0.6348116656165875,12.303741496598638,1.269623331233175,0.8716731499004708,0.04835428678195609
91,9,LMM-1,7,9.839965986394558,1.3297391208017204,19.679931972789117,2.659478241603441,0.8311029493182241,0.05193689214320177
91,9,LMM-2,7,5.574659863945578,0.2105443550602346,11.149319727891156,0.4210887101204692,0.8818832096570965,0.055347002434139175
91,10,LMM-1,7,9.839965986394558,1.3297391208017204,19.679931972789117,2.659478241603441,0.8311029493182241,0.05193689214320177
91,10,LMM-2,7,5.574659863945578,0.2105443550602346,11.149319727891156,0.4210887101204692,0.8818832096570965,0.055347002434139175
92,4,LMM-1,7,11.145068027210884,0.3081815667854659,22.29013605442177,0.6163631335709318,0.7641334857562853,0.08275394961574745
92,4,LMM-2,7,9.44404761904762,0.3443626009122208,18.88809523809524,0.6887252018244416,0.7936366031065375,0.07467523071488388
92,5,LMM-1,7,11.018707482993197,0.33393150548974404,22.037414965986393,0.6678630109794881,0.7675034398957877,0.08115528824411852
92,5,LMM-2,7,8.264115646258503,0.44835860735415833,16.528231292517006,0.8967172147083167,0.8198601439668038,0.0637568563184604
92,6,LMM-1,7,10.892346938775509,0.3789829284645478,21.784693877551017,0.7579658569290956,0.7840280504856907,0.0744102811399267
92,6,LMM-2,7,9.18673469387755,0.4255598213565944,18.3734693877551,0.8511196427131889,0.804969735946428,0.07071695934754421
92,7,LMM-1,7,10.892346938775509,0.3789829284645478,21.784693877551017,0.7579658569290956,0.7882703859975885,0.0727298900968505
92,7,LMM-2,7,6.333503401360544,0.3508980268389715,12.667006802721088,0.701796053677943,0.8693687221499843,0.052764773398565896
92,8,LMM-1,7,10.281972789115645,0.4243973931349439,20.56394557823129,0.8487947862698878,0.7998408945931058,0.06810144710804801
92,8,LMM-2,7,7.864285714285714,0.3729364994916175,15.728571428571428,0.745872998983235,0.8283190959347858,0.06776337196274158
92,9,LMM-1,7,9.969727891156463,0.5235384491624278,19.939455782312926,1.0470768983248555,0.808241915843576,0.06775312077125051
92,9,LMM-2,7,7.9022108843537415,0.25500848624654393,15.804421768707483,0.5100169724930879,0.8398127872038471,0.06263337510985394
92,10,LMM-1,7,9.323809523809524,0.22304835102153078,18.64761904761905,0.44609670204306157,0.8194628655848708,0.06725468685689284
92,10,LMM-2,7,7.977210884353741,0.2995619768000856,15.954421768707482,0.5991239536001712,0.8395861342382466,0.06962876663827
93,4,LMM-1,7,9.854081632653061,0.42295012285522465,19.708163265306123,0.8459002457104493,0.7954916157838513,0.07069484399761991
93,4,LMM-2,7,9.38248299319728,1.2357504474618062,18.76496598639456,2.4715008949236124,0.7928466609491058,0.059695331322459425
93,5,LMM-1,7,9.854081632653061,0.42295012285522465,19.708163265306123,0.8459002457104493,0.7954916157838513,0.07069484399761991
93,5,LMM-2,7,9.160884353741496,1.2053720169690192,18.321768707482992,2.4107440339380384,0.8034229009252387,0.05861317290615182
93,6,LMM-1,7,9.962585034013605,0.41192287775371306,19.92517006802721,0.8238457555074261,0.8017176488573182,0.07087689729395748
93,6,LMM-2,7,5.4255102040816325,0.8640356961944391,10.851020408163265,1.7280713923888782,0.8716963751488229,0.06707585055708072
93,7,LMM-1,7,8.372619047619049,0.3636977826403478,16.745238095238097,0.7273955652806956,0.834194371479861,0.05990636162800054
93,7,LMM-2,7,5.154761904761905,0.37908769828787275,10.30952380952381,0.7581753965757455,0.9012081812040025,0.041447049989140075
93,8,LMM-1,7,8.656972789115645,0.43727575518801237,17.31394557823129,0.8745515103760247,0.8254207940709106,0.0682264099187964
93,8,LMM-2,7,5.45952380952381,0.5544808198592958,10.91904761904762,1.1089616397185915,0.8955374693732014,0.050357453832178996
93,9,LMM-1,7,8.656972789115645,0.43727575518801237,17.31394557823129,0.8745515103760247,0.8240472648019527,0.06862889897071335
93,9,LMM-2,7,8.042857142857143,0.3052265802745928,16.085714285714285,0.6104531605491856,0.824109967465346,0.06426881546799741
93,10,LMM-1,7,8.656972789115645,0.43727575518801237,17.31394557823129,0.8745515103760247,0.8240472648019527,0.06862889897071335
93,10,LMM-2,7,8.042857142857143,0.3052265802745928,16.085714285714285,0.6104531605491856,0.824109967465346,0.06426881546799741
94,4,LMM-1,7,10.716666666666667,0.7286103319834382,21.433333333333334,1.4572206639668763,0.7791740486477857,0.0734884263406137
94,4,LMM-2,7,6.639625850340137,0.426010258273865,13.279251700680273,0.85202051654773,0.8578918102635317,0.07292314342648241
94,5,LMM-1,7,10.639285714285714,0.756672884987485,21.27857142857143,1.51334576997497,0.7807029598502709,0.07265730130810458
94,5,LMM-2,7,6.592006802721088,0.43077885515235026,13.184013605442177,0.8615577103047005,0.8588507633296174,0.0718481927306106
94,6,LMM-1,7,10.624829931972789,0.7882086330888318,21.249659863945578,1.5764172661776636,0.7812675744426393,0.07170363022202075
94,6,LMM-2,7,6.445748299319727,0.2894608783135351,12.891496598639455,0.5789217566270702,0.8637262440841776,0.06719159561613103
94,7,LMM-1,7,10.489455782312925,0.7293556061117219,20.97891156462585,1.4587112122234438,0.7906713525272634,0.07199580404925829
94,7,LMM-2,7,7.759693877551021,0.2611402172385046,15.519387755102041,0.5222804344770092,0.8344222285529767,0.07344833880513235
94,8,LMM-1,7,9.964795918367347,0.5389410970891944,19.929591836734694,1.0778821941783887,0.7974527757347535,0.07209212772698326
94,8,LMM-2,7,7.401190476190477,0.549935576519646,14.802380952380954,1.099871153039292,0.8364943286570108,0.07983681815364509
94,9,LMM-1,7,8.264115646258503,0.44835860735415833,16.528231292517006,0.8967172147083167,0.8470685877751138,0.056792940315461046
94,9,LMM-2,7,6.562755102040817,0.29769707431998593,13.125510204081634,0.5953941486399719,0.85653870438975,0.06286558821201878
94,10,LMM-1,7,8.01955782312925,0.6219248471688023,16.0391156462585,1.2438496943376045,0.8552838153925054,0.05107216200499558
94,10,LMM-2,7,6.342687074829932,0.48162142315590883,12.685374149659864,0.9632428463118177,0.8639965702535075,0.05134995753100322
95,4,LMM-1,7,13.655952380952382,0.6444930683822316,27.311904761904763,1.2889861367644633,0.7503650635448942,0.08164323260212332
95,4,LMM-2,7,8.70952380952381,0.5675663126669662,17.41904761904762,1.1351326253339324,0.8224060535916914,0.05998758234763499
95,5,LMM-1,7,13.59982993197279,0.7242089695582967,27.19965986394558,1.4484179391165934,0.7507093700332298,0.08111763624961542
95,5,LMM-2,7,8.750340136054422,0.5236478237914889,17.500680272108845,1.0472956475829778,0.8205647741404205,0.06179503198144033
95,6,LMM-1,7,13.543707482993197,0.8068299300800218,27.087414965986394,1.6136598601600436,0.7527210995533867,0.07863822957949967
95,6,LMM-2,7,8.727380952380953,0.5465387895896111,17.454761904761906,1.0930775791792222,0.8222899954330009,0.060162489299549156
95,7,LMM-1,7,13.543707482993197,0.8068299300800218,27.087414965986394,1.6136598601600436,0.7527210995533867,0.07863822957949967
95,7,LMM-2,7,8.727380952380953,0.5465387895896111,17.454761904761906,1.0930775791792222,0.8222899954330009,0.060162489299549156
95,8,LMM-1,7,11.617687074829933,0.6947287029862284,23.235374149659865,1.3894574059724567,0.7780929978876421,0.07141864672535628
95,8,LMM-2,7,8.388605442176871,0.6135674019461853,16.777210884353742,1.2271348038923706,0.8165312770522598,0.07372750303052504
95,9,LMM-1,7,11.653401360544219,0.6406763932892611,23.306802721088438,1.2813527865785221,0.7766424976224716,0.07342734098173843
95,9,LMM-2,7,8.388605442176871,0.6135674019461853,16.777210884353742,1.2271348038923706,0.8160400219772833,0.07440199172858733
95,10,LMM-1,7,11.617687074829933,0.6947287029862284,23.235374149659865,1.3894574059724567,0.7778490951172902,0.07174803856394951
95,10,LMM-2,7,8.370748299319727,0.6155193991145106,16.741496598639454,1.2310387982290212,0.8169221009890203,0.07320059553734
96,4,LMM-1,7,17.535884353741498,1.3424600218167824,35.071768707482995,2.6849200436335647,0.6912352350774389,0.08733957852732213
96,4,LMM-2,7,10.181802721088435,0.6309185956445889,20.36360544217687,1.2618371912891777,0.8079492484064902,0.08062014964701479
96,5,LMM-1,7,16.535884353741498,1.3424600218167824,33.071768707482995,2.6849200436335647,0.7049661326694855,0.0839243130333919
96,5,LMM-2,7,10.255782312925172,0.6767745120114146,20.511564625850344,1.3535490240228292,0.8030062115275332,0.08528213111359037
96,6,LMM-1,7,16.535884353741498,1.3424600218167824,33.071768707482995,2.6849200436335647,0.706228779457699,0.08246414968879155
96,6,LMM-2,7,10.179251700680272,0.623189589509594,20.358503401360544,1.246379179019188,0.805458157265576,0.08234330003320776
96,7,LMM-1,7,15.535884353741496,1.3424600218167824,31.071768707482992,2.6849200436335647,0.733861699709616,0.07519252461030189
96,7,LMM-2,7,8.463095238095239,0.5202612504381651,16.926190476190477,1.0405225008763301,0.8542690505591418,0.05008651787951373
96,8,LMM-1,7,15.518027210884354,1.3683413482237976,31.036054421768707,2.736682696447595,0.7360897843012754,0.07255710137006179
96,8,LMM-2,7,8.521768707482993,0.48087900796052485,17.043537414965986,0.9617580159210497,0.8534279348323884,0.051134029994736103
96,9,LMM-1,7,14.535884353741496,1.3424600218167824,29.071768707482992,2.6849200436335647,0.7611426323402145,0.06504201637969621
96,9,LMM-2,7,8.521768707482993,0.48087900796052485,17.043537414965986,0.9617580159210497,0.8533816620148781,0.05120924925387723
96,10,LMM-1,7,8.944897959183674,0.5586038588219286,17.889795918367348,1.1172077176438573,0.8394512939719829,0.05755091505249438
96,10,LMM-2,7,8.160204081632653,0.37784599618714,16.320408163265306,0.75569199237428,0.8373452888078445,0.06326945860407451
97,4,LMM-1,7,14.460204081632654,0.7618162302791525,28.920408163265307,1.523632460558305,0.7317131757025533,0.09102481368747893
97,4,LMM-2,7,6.98656462585034,0.48352125727639056,13.97312925170068,0.9670425145527811,0.8721068711421037,0.06229549003623272
97,5,LMM-1,7,14.278911564625849,0.9014183013198538,28.557823129251698,1.8028366026397076,0.7342521864226904,0.08932050125819137
97,5,LMM-2,7,7.354081632653061,0.4305222310836726,14.708163265306123,0.8610444621673452,0.8585032453758681,0.0730371893881162
97,6,LMM-1,7,14.153911564625849,1.0493011222289022,28.307823129251698,2.0986022444578043,0.7382869321911173,0.08363411066676736
97,6,LMM-2,7,7.0249999999999995,0.2734625130282869,14.049999999999999,0.5469250260565738,0.87116855830749,0.05683109593771214
97,7,LMM-1,7,13.478571428571428,0.39083897200869866,26.957142857142856,0.7816779440173973,0.7465541768380286,0.0928710280350547
97,7,LMM-2,7,7.7227891156462585,0.7301169161700806,15.445578231292517,1.4602338323401611,0.8571100491227082,0.06122425162773242
97,8,LMM-1,7,12.877891156462585,0.4018194655226113,25.75578231292517,0.8036389310452225,0.7628122263287292,0.08930552905016374
97,8,LMM-2,7,10.942346938775511,1.192160688702078,21.884693877551022,2.384321377404156,0.7882368402352667,0.06873734164890816
97,9,LMM-1,7,12.460204081632654,0.7618162302791525,24.920408163265307,1.523632460558305,0.7755365673743508,0.07778569743594024
97,9,LMM-2,7,6.932993197278911,0.4273270456053302,13.865986394557822,0.8546540912106604,0.8740445589158007,0.05869640886525373
97,10,LMM-1,7,12.531632653061225,0.7054174124321103,25.06326530612245,1.4108348248642206,0.7738082911685835,0.07862344738430989
97,10,LMM-2,7,7.004421768707482,0.357148364065091,14.008843537414965,0.714296728130182,0.8720417219629876,0.05934907116111572
98,4,LMM-1,7,10.1093537414966,0.2779867902620253,20.2187074829932,0.5559735805240505,0.7808717100542975,0.07572483579746124
98,4,LMM-2,7,7.5052721088435375,0.2893559425567349,15.010544217687075,0.5787118851134698,0.8441721569056245,0.05983501710035583
98,5,LMM-1,7,10.354761904761904,0.38982233292509744,20.70952380952381,0.7796446658501949,0.7814138266435922,0.0743504252987749
98,5,LMM-2,7,8.152721088435374,0.13730968554025103,16.30544217687075,0.27461937108050205,0.8305698074102672,0.06531018913836603
98,6,LMM-1,7,10.354761904761904,0.38982233292509744,20.70952380952381,0.7796446658501949,0.7812188006852961,0.07433186885345852
98,6,LMM-2,7,8.867687074829933,0.1261927681915915,17.735374149659865,0.252385536383183,0.8021160912876175,0.07151960556689571
98,7,LMM-1,7,9.941326530612244,0.13921187397594154,19.882653061224488,0.27842374795188307,0.7898109416214671,0.07881820618528312
98,7,LMM-2,7,9.215306122448979,0.2095232573541624,18.430612244897958,0.4190465147083248,0.7962906548530376,0.07463269207661151
98,8,LMM-1,7,9.760884353741497,0.21209712717397597,19.521768707482995,0.42419425434795194,0.803664308507381,0.07842196366625509
98,8,LMM-2,7,8.710714285714285,0.2203313830741026,17.42142857142857,0.4406627661482052,0.8104572814939831,0.07575405892570565
98,9,LMM-1,7,8.60017006802721,0.5068411276138156,17.20034013605442,1.0136822552276312,0.8363869693020803,0.05661855474118676
98,9,LMM-2,7,6.952210884353741,0.2850903253192461,13.904421768707483,0.5701806506384922,0.8529306363977296,0.05419160886299298
98,10,LMM-1,7,8.60017006802721,0.5068411276138156,17.20034013605442,1.0136822552276312,0.8379818388678898,0.05614960418525548
98,10,LMM-2,7,6.952210884353741,0.2850903253192461,13.904421768707483,0.5701806506384922,0.8529306363977296,0.05419160886299298
99,4,LMM-1,7,9.601020408163265,0.7990963647967528,19.20204081632653,1.5981927295935057,0.802835366120454,0.06322615058623082
99,4,LMM-2,7,8.480952380952381,0.6096075091341511,16.961904761904762,1.2192150182683021,0.822100417516025,0.06496471886885269
99,5,LMM-1,7,9.204081632653061,0.6993746504280414,18.408163265306122,1.3987493008560827,0.8120206279561558,0.06356095819449495
99,5,LMM-2,7,8.375680272108843,0.6238276523897917,16.751360544217686,1.2476553047795833,0.824065451793267,0.062145264726810166
99,6,LMM-1,7,9.449489795918367,0.8078248120283223,18.898979591836735,1.6156496240566447,0.8082038068962015,0.06326219632136586
99,6,LMM-2,7,8.375680272108843,0.6238276523897917,16.751360544217686,1.2476553047795833,0.824065451793267,0.062145264726810166
99,7,LMM-1,7,9.292517006802722,0.6279725922087048,18.585034013605444,1.2559451844174097,0.8139310589617343,0.0650532077420697
99,7,LMM-2,7,8.917006802721088,0.6044530634768891,17.834013605442177,1.2089061269537782,0.8044206151791542,0.0665880860963438
99,8,LMM-1,7,8.789455782312926,0.6423175578049822,17.57891156462585,1.2846351156099645,0.828998817716177,0.057169167425650536
99,8,LMM-2,7,8.52721088435374,0.8935193527432339,17.05442176870748,1.7870387054864678,0.8289899822555914,0.054582876616704426
99,9,LMM-1,7,8.344897959183672,0.6588898062344594,16.689795918367345,1.3177796124689187,0.837248806006467,0.0534039026469557
99,9,LMM-2,7,7.359353741496599,0.6281907308578293,14.718707482993198,1.2563814617156586,0.8518131616658404,0.0503497825442724
99,10,LMM-1,7,8.264965986394557,0.7389666945465372,16.529931972789115,1.4779333890930744,0.8482047906904124,0.04964292376689156
99,10,LMM-2,7,7.445578231292517,0.36409654189905677,14.891156462585034,0.7281930837981135,0.8684886025166643,0.05316086253104218
100,4,LMM-1,7,11.184183673469388,0.5113494513271489,22.368367346938776,1.0226989026542979,0.7829600661777734,0.07632204111792872
100,4,LMM-2,7,9.079421768707482,0.5227055133893399,18.158843537414963,1.0454110267786798,0.8128732543165179,0.06628839824415439
100,5,LMM-1,7,11.184183673469388,0.5113494513271489,22.368367346938776,1.0226989026542979,0.7856807954111594,0.07567946545059982
100,5,LMM-2,7,8.161904761904761,0.45571453450757,16.323809523809523,0.91142906901514,0.8364484804080012,0.06318918131243074
100,6,LMM-1,7,10.833333333333332,0.6315136766607069,21.666666666666664,1.2630273533214138,0.811586110185571,0.07197891653509346
100,6,LMM-2,7,7.760034013605442,0.4275554175302496,15.520068027210884,0.8551108350604992,0.8501343258326829,0.0616086475354778
100,7,LMM-1,7,10.025,1.0848798485151643,20.05,2.1697596970303286,0.8202667983064807,0.06096735875937387
100,7,LMM-2,7,8.07517006802721,0.25198228409550344,16.15034013605442,0.5039645681910069,0.8342657422437803,0.0688591031952636
100,8,LMM-1,7,9.656292517006802,1.3705352335209646,19.312585034013605,2.7410704670419292,0.8363615099168253,0.047333583486956
100,8,LMM-2,7,7.4232993197278905,0.7835886153158834,14.846598639455781,1.5671772306317668,0.8557119615749729,0.049817696712437375
100,9,LMM-1,7,8.773809523809524,0.682424316569834,17.547619047619047,1.364848633139668,0.8610507348684255,0.05013346013326873
100,9,LMM-2,7,6.826530612244897,0.33204666290791235,13.653061224489795,0.6640933258158247,0.8676428963451235,0.05006668929210396
100,10,LMM-1,7,8.735544217687075,0.7270532480935786,17.47108843537415,1.4541064961871573,0.862004572111562,0.04839587764356488
100,10,LMM-2,7,6.028061224489796,0.45958190088864,12.056122448979592,0.91916380177728,0.894217221662374,0.04111953803119659
101,4,LMM-1,7,10.86343537414966,0.6031335925822571,21.72687074829932,1.2062671851645141,0.8032161174460756,0.06750859654920098
101,4,LMM-2,7,8.418027210884354,0.6558301207627905,16.836054421768708,1.311660241525581,0.8395338211375033,0.056821316598050904
101,5,LMM-1,7,9.856972789115646,0.1957087703960665,19.713945578231293,0.391417540792133,0.8057676389813072,0.06733536308756224
101,5,LMM-2,7,5.72108843537415,1.3043940519809418,11.4421768707483,2.6087881039618837,0.8762355259184093,0.06369541049154688
101,6,LMM-1,7,9.607312925170067,0.30772003760980177,19.214625850340134,0.6154400752196035,0.8122785224481089,0.06332057575158456
101,6,LMM-2,7,5.253571428571428,1.0835517833127226,10.507142857142856,2.1671035666254452,0.8824059443505611,0.0591718366186856
101,7,LMM-1,7,9.053911564625851,0.19116236343084408,18.107823129251702,0.38232472686168817,0.8373326552571407,0.06100263904790606
101,7,LMM-2,7,7.3534013605442174,0.45279583042182225,14.706802721088435,0.9055916608436445,0.850787815719756,0.062072848525596074
101,8,LMM-1,7,9.590306122448979,0.779180841966706,19.180612244897958,1.558361683933412,0.8182969990670456,0.054505932808038574
101,8,LMM-2,7,9.229591836734695,0.4529496195606645,18.45918367346939,0.905899239121329,0.8146344278611701,0.05932791143226925
101,9,LMM-1,7,9.528231292517006,0.8348406470766648,19.056462585034012,1.6696812941533297,0.8195365277110588,0.0529756835698629
101,9,LMM-2,7,9.302380952380952,0.40653672508586153,18.604761904761904,0.8130734501717231,0.8128194109239298,0.06040287409220446
101,10,LMM-1,7,9.528231292517006,0.8348406470766648,19.056462585034012,1.6696812941533297,0.8195365277110588,0.0529756835698629
101,10,LMM-2,7,9.302380952380952,0.40653672508586153,18.604761904761904,0.8130734501717231,0.8128194109239298,0.06040287409220446
102,4,LMM-1,7,12.870578231292516,0.4998763672407401,25.74115646258503,0.9997527344814802,0.7460581047677868,0.09325558412452604
102,4,LMM-2,7,8.511904761904763,0.6274611406240209,17.023809523809526,1.2549222812480418,0.8206128789828238,0.06529420246687373
102,5,LMM-1,7,12.506462585034013,0.25714510671009666,25.012925170068026,0.5142902134201933,0.7491956820412018,0.09767755894623112
102,5,LMM-2,7,9.45595238095238,0.43270820948743643,18.91190476190476,0.8654164189748729,0.7976316603139726,0.07831341031745756
102,6,LMM-1,7,11.916326530612244,0.527477001083668,23.832653061224487,1.054954002167336,0.7669245294415967,0.08675310069417011
102,6,LMM-2,7,9.014625850340137,0.6586525453748089,18.029251700680273,1.3173050907496178,0.813340090513142,0.06962777158843877
102,7,LMM-1,7,12.283163265306124,0.68672639679886,24.566326530612248,1.37345279359772,0.7555148888908313,0.08216260123905007
102,7,LMM-2,7,9.67482993197279,0.9655063720614091,19.34965986394558,1.9310127441228182,0.7935393658673252,0.06627227609914071
102,8,LMM-1,7,10.714625850340138,0.5138358270511778,21.429251700680275,1.0276716541023556,0.7976318710195346,0.07508271473191598
102,8,LMM-2,7,9.0578231292517,0.5299359024593848,18.1156462585034,1.0598718049187696,0.8028373259481745,0.06951905609051692
102,9,LMM-1,7,9.658333333333333,0.7423017612547507,19.316666666666666,1.4846035225095013,0.8198683650365249,0.06321969601223243
102,9,LMM-2,7,8.6406462585034,0.4720750860326145,17.2812925170068,0.944150172065229,0.8219991448145094,0.06762441636865348
102,10,LMM-1,7,9.145408163265305,1.0248563759962865,18.29081632653061,2.049712751992573,0.8395157111617128,0.05157408221220078
102,10,LMM-2,7,7.903401360544217,0.8454099251832855,15.806802721088435,1.690819850366571,0.8507904532414815,0.051593391980013566
103,4,LMM-1,7,11.176020408163266,0.4596385376199416,22.352040816326532,0.9192770752398832,0.774692225994186,0.07725300745583222
103,4,LMM-2,7,7.176020408163265,0.45963853761994194,14.35204081632653,0.9192770752398839,0.8554356589195501,0.05115201470118392
103,5,LMM-1,7,11.480102040816325,0.5376897493495686,22.96020408163265,1.0753794986991372,0.7925210047803306,0.07680179907578377
103,5,LMM-2,7,8.952210884353741,0.37390940028619185,17.904421768707483,0.7478188005723837,0.8313963040021751,0.06753304997585699
103,6,LMM-1,7,10.784353741496599,0.8631374440938812,21.568707482993197,1.7262748881877623,0.8115465755954039,0.06378006854628303
103,6,LMM-2,7,8.746598639455781,0.5926718246312936,17.493197278911563,1.1853436492625873,0.8413571055619963,0.056859122620791416
103,7,LMM-1,7,10.784353741496599,0.8631374440938812,21.568707482993197,1.7262748881877623,0.8116558559473728,0.06363122650256449
103,7,LMM-2,7,8.746598639455781,0.5926718246312936,17.493197278911563,1.1853436492625873,0.8415930685186755,0.05653246546356057
103,8,LMM-1,7,10.685204081632653,0.9178986899423692,21.370408163265306,1.8357973798847385,0.8161948906725017,0.06052617897013107
103,8,LMM-2,7,8.818027210884354,0.48938829409966195,17.63605442176871,0.9787765881993239,0.8396398678521872,0.059351891829100355
103,9,LMM-1,7,10.648639455782314,0.8114261932102187,21.29727891156463,1.6228523864204374,0.8167943149528897,0.06103077395823459
103,9,LMM-2,7,8.597959183673469,0.5404101499576419,17.195918367346938,1.0808202999152838,0.8433359456802638,0.05705030025469089
103,10,LMM-1,7,8.852891156462585,0.5811662708268607,17.70578231292517,1.1623325416537214,0.8485580642715573,0.05519505637479763
103,10,LMM-2,7,7.535034013605442,0.22257844326020693,15.070068027210883,0.44515688652041385,0.8574637269301297,0.05648899122538233
104,4,LMM-1,7,10.227551020408162,0.14606299224875596,20.455102040816325,0.2921259844975119,0.7780022868530859,0.08061110443263178
104,4,LMM-2,7,8.339795918367347,0.2012461754630559,16.679591836734694,0.4024923509261118,0.7995329105752317,0.07641095067030132
104,5,LMM-1,7,10.629591836734694,0.30112051066273027,21.259183673469387,0.6022410213254605,0.7651675466168532,0.0887125098280504
104,5,LMM-2,7,8.994897959183673,0.2372311823992383,17.989795918367346,0.4744623647984766,0.7931686826427425,0.07678834665767212
104,6,LMM-1,7,8.796768707482993,0.3845813094293643,17.593537414965986,0.7691626188587286,0.8233489167025908,0.06433208875838038
104,6,LMM-2,7,7.347448979591837,0.5393836647885386,14.694897959183674,1.0787673295770772,0.8364570508614818,0.056853450273876005
104,7,LMM-1,7,8.421428571428573,0.5805521650347457,16.842857142857145,1.1611043300694914,0.8391821281017757,0.05559879140045173
104,7,LMM-2,7,6.503571428571428,0.689833444684944,13.007142857142856,1.379666889369888,0.8705499440041127,0.04109387177238742
104,8,LMM-1,7,7.575510204081632,0.200265916053322,15.151020408163264,0.400531832106644,0.8596898827501267,0.05370762678236849
104,8,LMM-2,7,6.840986394557823,0.4128188988981961,13.681972789115646,0.8256377977963922,0.8608415541722695,0.050338149781802344
104,9,LMM-1,7,7.441156462585034,0.21749938762657922,14.882312925170067,0.43499877525315844,0.8608192393828855,0.057476184607627885
104,9,LMM-2,7,6.203231292517008,0.4801327942514368,12.406462585034015,0.9602655885028736,0.8772342439709232,0.04114457681033556
104,10,LMM-1,7,6.756632653061224,0.35500599803698024,13.513265306122449,0.7100119960739605,0.8823135893611077,0.04360315211976148
104,10,LMM-2,7,6.694047619047619,0.7152909593043834,13.388095238095238,1.4305819186087667,0.8683545779054475,0.0407280972839239
105,4,LMM-1,7,16.20578231292517,0.46425145023201453,32.41156462585034,0.9285029004640291,0.6847337829506952,0.10980232004244674
105,4,LMM-2,7,9.316326530612244,0.5424503616327352,18.632653061224488,1.0849007232654704,0.8184436651054366,0.08995825128554219
105,5,LMM-1,7,16.20578231292517,0.46425145023201453,32.41156462585034,0.9285029004640291,0.6847337829506952,0.10980232004244674
105,5,LMM-2,7,9.316326530612244,0.5424503616327352,18.632653061224488,1.0849007232654704,0.8184436651054366,0.08995825128554219
105,6,LMM-1,7,12.01955782312925,0.6219248471688024,24.0391156462585,1.2438496943376047,0.7854043076318412,0.07718699897346892
105,6,LMM-2,7,8.792517006802722,0.209784271362031,17.585034013605444,0.419568542724062,0.8371222200034294,0.06935661283702668
105,7,LMM-1,7,12.01955782312925,0.6219248471688024,24.0391156462585,1.2438496943376047,0.7854043076318412,0.07718699897346892
105,7,LMM-2,7,8.792517006802722,0.209784271362031,17.585034013605444,0.419568542724062,0.8371222200034294,0.06935661283702668
105,8,LMM-1,7,11.796768707482993,0.4388002286978228,23.593537414965986,0.8776004573956456,0.7848348516493796,0.07563985153009765
105,8,LMM-2,7,8.569727891156463,0.30994402215084926,17.139455782312925,0.6198880443016985,0.8365397521332811,0.06771515696832536
105,9,LMM-1,7,11.292687074829932,0.4497328637729981,22.585374149659863,0.8994657275459962,0.7992234652209039,0.06905190234111776
105,9,LMM-2,7,6.128061224489796,0.399030985897146,12.256122448979593,0.798061971794292,0.8945329523434166,0.053629076340274855
105,10,LMM-1,7,11.047278911564627,0.3396162695074217,22.094557823129254,0.6792325390148434,0.8017993161305096,0.069274452620477
105,10,LMM-2,7,6.128061224489796,0.399030985897146,12.256122448979593,0.798061971794292,0.8945329523434166,0.053629076340274855
106,4,LMM-1,7,12.598299319727891,0.9513895471538542,25.196598639455782,1.9027790943077083,0.7411451302140933,0.0874236422588075
106,4,LMM-2,7,11.189965986394558,0.7313034724697496,22.379931972789116,1.4626069449394992,0.7593085563389026,0.08428791866488801
106,5,LMM-1,7,11.9,0.9050563430676478,23.8,1.8101126861352956,0.7576513447092805,0.07768393263356833
106,5,LMM-2,7,10.795578231292518,0.5893455663570876,21.591156462585037,1.1786911327141751,0.7661726403177431,0.07882017125413136
106,6,LMM-1,7,11.847619047619048,0.9266952963815026,23.695238095238096,1.8533905927630052,0.7608405487011362,0.0761073018044378
106,6,LMM-2,7,10.59421768707483,0.657571408549557,21.18843537414966,1.315142817099114,0.771393261299824,0.07602469553880563
106,7,LMM-1,7,11.2828231292517,0.7153574321461827,22.5656462585034,1.4307148642923655,0.783161001628649,0.07582502129113013
106,7,LMM-2,7,9.522789115646258,0.54215531841184,19.045578231292517,1.08431063682368,0.806031037731194,0.07038590985694136
106,8,LMM-1,7,11.460884353741497,0.5615181668235802,22.921768707482993,1.1230363336471605,0.7826291457873095,0.07763525147039979
106,8,LMM-2,7,9.464625850340136,0.5526908416632395,18.929251700680272,1.105381683326479,0.8098246219946763,0.0685686916732979
106,9,LMM-1,7,10.559353741496597,0.5964920222917394,21.118707482993194,1.1929840445834787,0.7995323782309021,0.07008044415543177
106,9,LMM-2,7,8.445408163265306,0.30055048065215534,16.89081632653061,0.6011009613043107,0.8298047320767835,0.06542128420030753
106,10,LMM-1,7,9.1578231292517,0.5918607783058855,18.3156462585034,1.183721556611771,0.8348177788900669,0.056636417973033655
106,10,LMM-2,7,6.2863945578231295,0.4588010499584867,12.572789115646259,0.9176020999169734,0.8750871338661962,0.06201386922081262
107,4,LMM-1,7,10.517687074829933,0.658156146140899,21.035374149659866,1.316312292281798,0.7845050856775924,0.07343643365796626
107,4,LMM-2,7,9.854081632653061,0.5003152784513192,19.708163265306123,1.0006305569026384,0.7815858244942121,0.0757172202700423
107,5,LMM-1,7,10.418027210884352,0.5888801354829375,20.836054421768704,1.177760270965875,0.7981364892425269,0.07045996295340007
107,5,LMM-2,7,9.153401360544219,0.5756109093151998,18.306802721088438,1.1512218186303995,0.806021479800684,0.06688543545294252
107,6,LMM-1,7,9.951530612244898,0.40867492023601526,19.903061224489797,0.8173498404720305,0.8112710433973173,0.06766868036501184
107,6,LMM-2,7,7.9897959183673475,0.36312610393111944,15.979591836734695,0.7262522078622389,0.8390433850749764,0.059902878025754995
107,7,LMM-1,7,9.215646258503401,0.28140703769860775,18.431292517006803,0.5628140753972155,0.8282500629690512,0.06830959865198383
107,7,LMM-2,7,8.263605442176871,0.1820442990016962,16.527210884353742,0.3640885980033924,0.8349632343910061,0.06424746540377911
107,8,LMM-1,7,9.091496598639456,0.3106256086946125,18.18299319727891,0.621251217389225,0.8320239850101337,0.06415703022386875
107,8,LMM-2,7,7.126020408163265,0.29246588305030025,14.25204081632653,0.5849317661006005,0.8628489524236614,0.05123687095291866
107,9,LMM-1,7,8.531122448979591,0.514281158871953,17.062244897959182,1.028562317743906,0.8535447073198091,0.05389926790263279
107,9,LMM-2,7,6.704591836734694,0.37318963104203956,13.409183673469387,0.7463792620840791,0.871895253811991,0.05181991265250171
107,10,LMM-1,7,8.521598639455783,0.4022593849746979,17.043197278911567,0.8045187699493958,0.8525822688491822,0.05353680880227902
107,10,LMM-2,7,6.85578231292517,0.3049421691121876,13.71156462585034,0.6098843382243752,0.8691744521942422,0.05292844113521161
108,4,LMM-1,7,13.051020408163266,0.614244655516045,26.102040816326532,1.22848931103209,0.7400166619101253,0.09049734310966986
108,4,LMM-2,7,10.338095238095239,0.7116777787531202,20.676190476190477,1.4233555575062404,0.7945721668675028,0.07224871552311786
108,5,LMM-1,7,12.785884353741496,0.8205408859712386,25.571768707482992,1.6410817719424773,0.7528228679680878,0.07894855675422197
108,5,LMM-2,7,11.475,0.6444051027947689,22.95,1.2888102055895378,0.7797337652865008,0.06861731969407951
108,6,LMM-1,7,10.035544217687075,0.49896249199771064,20.07108843537415,0.9979249839954213,0.8147216822147919,0.07102484407535473
108,6,LMM-2,7,8.958163265306123,0.3230780482166555,17.916326530612245,0.646156096433311,0.8289427378084797,0.06505594638573657
108,7,LMM-1,7,10.035544217687075,0.49896249199771064,20.07108843537415,0.9979249839954213,0.8147216822147919,0.07102484407535473
108,7,LMM-2,7,8.958163265306123,0.3230780482166555,17.916326530612245,0.646156096433311,0.8344244835589351,0.06484476759381158
108,8,LMM-1,7,9.608163265306121,0.7579979097168905,19.216326530612243,1.515995819433781,0.8259791736564888,0.058351581021669624
108,8,LMM-2,7,8.750680272108843,0.37774310245295606,17.501360544217686,0.7554862049059121,0.8395479387070864,0.06055953444584537
108,9,LMM-1,7,7.662244897959184,0.4526358547363649,15.324489795918367,0.9052717094727298,0.8757819496360011,0.04532638306351296
108,9,LMM-2,7,7.714795918367346,0.37801474555241926,15.429591836734692,0.7560294911048385,0.8591925078490126,0.058953505285197015
108,10,LMM-1,7,7.597619047619047,0.5047731355444215,15.195238095238095,1.009546271088843,0.8790414072621324,0.043031822790159005
108,10,LMM-2,7,6.6671768707483,0.3718425311495156,13.3343537414966,0.7436850622990312,0.8766782518716887,0.05499875485490606
109,4,LMM-1,7,11.656972789115645,0.36014184645401887,23.31394557823129,0.7202836929080377,0.7503506883809532,0.0957120807384266
109,4,LMM-2,7,7.9275510204081625,0.3176175104830196,15.855102040816325,0.6352350209660392,0.8241806179969401,0.07373945727236061
109,5,LMM-1,7,11.520408163265305,0.38715791224849505,23.04081632653061,0.7743158244969901,0.7632369954083549,0.09290533730181985
109,5,LMM-2,7,9.219387755102042,0.2750163542312286,18.438775510204085,0.5500327084624572,0.8009815895605977,0.07444079844344714
109,6,LMM-1,7,11.39625850340136,0.34577803694085657,22.79251700680272,0.6915560738817131,0.7665192988625901,0.08972021383795196
109,6,LMM-2,7,9.343537414965985,0.22725568827877637,18.68707482993197,0.45451137655755275,0.7965357447670368,0.07875235470949671
109,7,LMM-1,7,10.720408163265306,0.3117758396455396,21.440816326530612,0.6235516792910792,0.779467309503944,0.08591806000839047
109,7,LMM-2,7,9.211224489795919,0.2601820718982691,18.422448979591838,0.5203641437965382,0.7922724543619043,0.07670989662689458
109,8,LMM-1,7,10.135374149659864,0.3731067716580064,20.270748299319727,0.7462135433160128,0.806520655177448,0.06732659325484812
109,8,LMM-2,7,9.472619047619048,0.3478024630274804,18.945238095238096,0.6956049260549608,0.8060320102648865,0.06902441882018556
109,9,LMM-1,7,9.357312925170067,0.26075072631628277,18.714625850340134,0.5215014526325655,0.8185138746007333,0.0646740369921091
109,9,LMM-2,7,8.883843537414966,0.37852856533477036,17.767687074829933,0.7570571306695407,0.8113512764711716,0.06697452239765798
109,10,LMM-1,7,8.845578231292517,0.42162824081826467,17.691156462585035,0.8432564816365293,0.8340745357464893,0.05785862298323245
109,10,LMM-2,7,7.186224489795919,0.28126341680041994,14.372448979591837,0.5625268336008399,0.8483258768765597,0.060187208254842715
110,4,LMM-1,7,11.93656462585034,0.2494216782580864,23.87312925170068,0.4988433565161728,0.7709090558284346,0.08618485545035223
110,4,LMM-2,7,6.62704081632653,0.26456343369662744,13.25408163265306,0.5291268673932549,0.8698277233307435,0.058801856940018625
110,5,LMM-1,7,11.788605442176872,0.3037223562007938,23.577210884353743,0.6074447124015876,0.7641568475392692,0.0859741188199834
110,5,LMM-2,7,7.282482993197279,0.1562522617726994,14.564965986394558,0.3125045235453988,0.8464070273588986,0.06483153874063209
110,6,LMM-1,7,10.27108843537415,0.5621301700709816,20.5421768707483,1.1242603401419633,0.7987279948213021,0.0731634920507894
110,6,LMM-2,7,7.856122448979591,0.797422411687136,15.712244897959183,1.594844823374272,0.8394004065870845,0.05489110067292501
110,7,LMM-1,7,10.120748299319729,0.5646002371044864,20.241496598639458,1.1292004742089727,0.8080502355977875,0.06915295980062812
110,7,LMM-2,7,8.005952380952381,0.6902195746459888,16.011904761904763,1.3804391492919776,0.8375623819555286,0.057208106508008186
110,8,LMM-1,7,9.643027210884354,0.7750044224278527,19.286054421768707,1.5500088448557054,0.8268320402550436,0.059791975025583005
110,8,LMM-2,7,6.575850340136054,0.23412481537212107,13.151700680272109,0.46824963074424214,0.8743675432970998,0.055956864550629606
110,9,LMM-1,7,9.45170068027211,0.9882216248042075,18.90340136054422,1.976443249608415,0.8344171228603298,0.05138732984273146
110,9,LMM-2,7,6.399829931972789,0.3508576357559884,12.799659863945578,0.7017152715119768,0.8811304533559856,0.0480627463208395
110,10,LMM-1,7,9.363265306122448,1.0596394931440636,18.726530612244897,2.119278986288127,0.8355720810781208,0.05075271137288464
110,10,LMM-2,7,6.659183673469387,0.21013527262491577,13.318367346938775,0.42027054524983154,0.8745428096081523,0.055303167544770535
111,4,LMM-1,7,12.465306122448979,0.6234002618934013,24.930612244897958,1.2468005237868025,0.7432820033569963,0.08869811873379331
111,4,LMM-2,7,10.817857142857141,0.9406223515116283,21.635714285714283,1.8812447030232566,0.7744234761159777,0.07329483549150635
111,5,LMM-1,7,11.94812925170068,0.5266304133825778,23.89625850340136,1.0532608267651555,0.7583782984133407,0.0849548112352239
111,5,LMM-2,7,11.089795918367347,0.7377656871118026,22.179591836734694,1.4755313742236051,0.7683458511724587,0.07751286978530103
111,6,LMM-1,7,11.068027210884354,0.11899901826214913,22.13605442176871,0.23799803652429827,0.7893157179228442,0.08066586599933899
111,6,LMM-2,7,10.068027210884354,0.11899901826214913,20.13605442176871,0.23799803652429827,0.7893157179228442,0.08066586599933899
111,7,LMM-1,7,10.51139455782313,0.2535733106049869,21.02278911564626,0.5071466212099738,0.8027753657787603,0.07873023920512953
111,7,LMM-2,7,8.633843537414966,0.3132131365040554,17.267687074829933,0.6264262730081108,0.8242310759848995,0.06862462312405639
111,8,LMM-1,7,9.128061224489796,0.5390763199459391,18.256122448979593,1.0781526398918782,0.8315584540138542,0.05875625789971533
111,8,LMM-2,7,8.618877551020407,0.7753361258854804,17.237755102040815,1.5506722517709608,0.8250280517836408,0.05829483273378116
111,9,LMM-1,7,8.94812925170068,0.5266304133825778,17.89625850340136,1.0532608267651555,0.8332962090257316,0.05613251874588091
111,9,LMM-2,7,8.684353741496599,0.8583691691905486,17.368707482993198,1.7167383383810972,0.8250608067286199,0.05579727484036595
111,10,LMM-1,7,9.681802721088435,0.14428806362688812,19.36360544217687,0.28857612725377624,0.8215840675709557,0.06995954456447372
111,10,LMM-2,7,8.191836734693878,0.16548099705668887,16.383673469387755,0.33096199411337773,0.8395079447609214,0.06446658454809163
112,4,LMM-1,7,15.909353741496599,1.060570916613135,31.818707482993197,2.12114183322627,0.6624382533363796,0.09178601974943479
112,4,LMM-2,7,9.24608843537415,0.7228698234251931,18.4921768707483,1.4457396468503863,0.7828260255382335,0.06409200149594704
112,5,LMM-1,7,11.590816326530613,0.21067413265695936,23.181632653061225,0.4213482653139187,0.7568470084539337,0.0885266706877174
112,5,LMM-2,7,9.518367346938776,0.4379726874689369,19.036734693877552,0.8759453749378738,0.7922811997208514,0.07440634216615602
112,6,LMM-1,7,11.335544217687074,0.34135894114144644,22.67108843537415,0.6827178822828929,0.7582631754671699,0.08491841504766236
112,6,LMM-2,7,8.782142857142857,0.35974055276841177,17.564285714285713,0.7194811055368235,0.8100476393559453,0.0760748606000516
112,7,LMM-1,7,10.099489795918368,0.539805938035252,20.198979591836736,1.079611876070504,0.7884556783558482,0.07141893483321322
112,7,LMM-2,7,8.842857142857143,0.4565968962044997,17.685714285714287,0.9131937924089994,0.805495177108627,0.07904414172388106
112,8,LMM-1,7,9.618027210884353,0.4825994850245851,19.236054421768706,0.9651989700491702,0.8039097643891291,0.06835025897427643
112,8,LMM-2,7,9.702721088435373,0.3275504906007962,19.405442176870746,0.6551009812015924,0.791186716940162,0.07667610439738759
112,9,LMM-1,7,9.037414965986395,0.42211829926863453,18.07482993197279,0.8442365985372691,0.8257704415709906,0.06190989471697583
112,9,LMM-2,7,9.21343537414966,0.19438038981172193,18.42687074829932,0.38876077962344385,0.8022285007223656,0.07628873781135352
112,10,LMM-1,7,8.765136054421768,0.33841768319399956,17.530272108843537,0.6768353663879991,0.8290959784797218,0.06194259530217522
112,10,LMM-2,7,9.349149659863945,0.32866428386113833,18.69829931972789,0.6573285677222767,0.8084014354767258,0.07212957806783138
113,4,LMM-1,7,12.264115646258503,0.4483586073541582,24.528231292517006,0.8967172147083164,0.7455196547515046,0.08193997087086885
113,4,LMM-2,7,8.326190476190476,0.39277776975948314,16.652380952380952,0.7855555395189663,0.8214860532917381,0.05894880720943677
113,5,LMM-1,7,12.228401360544217,0.4379835837139825,24.456802721088433,0.875967167427965,0.7472007286309731,0.08247578137572863
113,5,LMM-2,7,8.354761904761904,0.38982233292509744,16.70952380952381,0.7796446658501949,0.8212216065378816,0.05918275714215329
113,6,LMM-1,7,10.771598639455783,0.5792556452863802,21.543197278911567,1.1585112905727604,0.7895889891408684,0.0741882562289405
113,6,LMM-2,7,7.390816326530612,0.3458308975090225,14.781632653061225,0.691661795018045,0.851692651971952,0.055143957673384605
113,7,LMM-1,7,9.909863945578232,0.5758705309654666,19.819727891156464,1.1517410619309332,0.8179745261600023,0.06199383400009783
113,7,LMM-2,7,7.327551020408164,0.4305206187243963,14.655102040816328,0.8610412374487926,0.858710000919271,0.05894220537038064
113,8,LMM-1,7,9.269727891156462,0.6371079709973153,18.539455782312924,1.2742159419946306,0.8257515652448213,0.05983021390973316
113,8,LMM-2,7,6.769047619047619,0.3102007250086924,13.538095238095238,0.6204014500173848,0.8727216632907603,0.05549199424509947
113,9,LMM-1,7,9.302891156462584,0.7942210738612985,18.605782312925168,1.588442147722597,0.833617597596044,0.053694773924775625
113,9,LMM-2,7,6.896088435374149,0.3872485203837517,13.792176870748298,0.7744970407675034,0.8748346898692951,0.053408733988070674
113,10,LMM-1,7,9.05748299319728,0.7021075549673217,18.11496598639456,1.4042151099346434,0.8428620703978404,0.05169605558719364
113,10,LMM-2,7,7.0534013605442185,0.43655425734144804,14.106802721088437,0.8731085146828961,0.8715931797953409,0.049669268366243295
114,4,LMM-1,7,13.139965986394557,0.5351825997776997,26.279931972789115,1.0703651995553993,0.7295145665624683,0.08945792567734516
114,4,LMM-2,7,10.175680272108844,0.48931896420402093,20.351360544217687,0.9786379284080419,0.7722409855591547,0.08040801095779529
114,5,LMM-1,7,11.518877551020408,0.5259543397611013,23.037755102040816,1.0519086795222026,0.7686841087443216,0.08470148803716968
114,5,LMM-2,7,9.243707482993198,0.30844048665076207,18.487414965986396,0.6168809733015241,0.8028341030540878,0.07414887957324802
114,6,LMM-1,7,11.389965986394557,0.62135358617328,22.779931972789115,1.24270717234656,0.7750895962429053,0.08057622294333715
114,6,LMM-2,7,9.434183673469388,0.5754066160935515,18.868367346938776,1.150813232187103,0.8037709580964306,0.07034970084013421
114,7,LMM-1,7,11.389965986394557,0.62135358617328,22.779931972789115,1.24270717234656,0.7750895962429053,0.08057622294333715
114,7,LMM-2,7,9.434183673469388,0.5754066160935515,18.868367346938776,1.150813232187103,0.8037709580964306,0.07034970084013421
114,8,LMM-1,7,11.379761904761905,0.6209289179031972,22.75952380952381,1.2418578358063943,0.777474426288151,0.07681993648398577
114,8,LMM-2,7,9.780612244897958,0.3886268396437152,19.561224489795915,0.7772536792874304,0.7956753674573205,0.07547098464752164
114,9,LMM-1,7,11.279591836734694,0.47557589105729,22.559183673469388,0.95115178211458,0.7776462527466472,0.07780447149046742
114,9,LMM-2,7,10.279591836734694,0.47557589105729,20.559183673469388,0.95115178211458,0.7782122411928343,0.07726614383666972
114,10,LMM-1,7,10.16972789115646,0.5705842888249677,20.33945578231292,1.1411685776499354,0.8000873054377794,0.06696365600603246
114,10,LMM-2,7,8.245408163265306,0.3231200320918876,16.490816326530613,0.6462400641837752,0.8263411733020174,0.06278697018860756
115,4,LMM-1,7,14.375170068027211,0.3741394556431626,28.750340136054422,0.7482789112863252,0.7237199722564486,0.09333261601029123
115,4,LMM-2,7,11.393027210884354,0.3457833066322625,22.786054421768707,0.691566613264525,0.7717445899843963,0.07897657028263971
115,5,LMM-1,7,14.375170068027211,0.3741394556431626,28.750340136054422,0.7482789112863252,0.7237199722564486,0.09333261601029123
115,5,LMM-2,7,11.393027210884354,0.3457833066322625,22.786054421768707,0.691566613264525,0.7717445899843963,0.07897657028263971
115,6,LMM-1,7,14.357312925170067,0.40524202645410273,28.714625850340134,0.8104840529082055,0.7239297072985454,0.0930422201927914
115,6,LMM-2,7,11.393027210884354,0.3457833066322625,22.786054421768707,0.691566613264525,0.7717445899843963,0.07897657028263971
115,7,LMM-1,7,12.393027210884354,0.3457833066322625,24.786054421768707,0.691566613264525,0.7717445899843963,0.07897657028263971
115,7,LMM-2,7,11.393027210884354,0.3457833066322625,22.786054421768707,0.691566613264525,0.7717445899843963,0.07897657028263971
115,8,LMM-1,7,12.393027210884354,0.3457833066322625,24.786054421768707,0.691566613264525,0.7663203670471278,0.08020638709019765
115,8,LMM-2,7,8.833333333333332,0.19920476822239908,17.666666666666664,0.39840953644479815,0.8200612154032461,0.07115494327233977
115,9,LMM-1,7,12.393027210884354,0.3457833066322625,24.786054421768707,0.691566613264525,0.7663203670471278,0.08020638709019765
115,9,LMM-2,7,8.833333333333332,0.19920476822239908,17.666666666666664,0.39840953644479815,0.8200612154032461,0.07115494327233977
115,10,LMM-1,7,11.785204081632653,0.34925174374385254,23.570408163265306,0.6985034874877051,0.7860151031532585,0.07510331678729082
115,10,LMM-2,7,9.441156462585033,0.12473953612189345,18.882312925170066,0.2494790722437869,0.814097931191572,0.07270186056608696
116,4,LMM-1,7,10.700850340136055,0.4162362763981653,21.40170068027211,0.8324725527963306,0.781496629928075,0.08124334706058244
116,4,LMM-2,7,9.29795918367347,0.5634583454417809,18.59591836734694,1.1269166908835617,0.7900879818475816,0.07814675607149184
116,5,LMM-1,7,9.381292517006802,0.23224244705376793,18.762585034013604,0.46448489410753585,0.8121268135537937,0.07004958436704015
116,5,LMM-2,7,8.408333333333333,0.32308655285375254,16.816666666666666,0.6461731057075051,0.8247179213125547,0.06549394097184098
116,6,LMM-1,7,9.083843537414966,0.6107051215788998,18.16768707482993,1.2214102431577996,0.8318757898390631,0.057974509824752475
116,6,LMM-2,7,8.475510204081633,0.27015968560608833,16.951020408163266,0.5403193712121767,0.8219603223167662,0.06900552922702553
116,7,LMM-1,7,8.318537414965986,0.7313699136388843,16.637074829931972,1.4627398272777685,0.8547063711838734,0.04949735188205841
116,7,LMM-2,7,6.9022108843537415,0.13194802173093048,13.804421768707483,0.26389604346186096,0.8571352039369191,0.05810070912446373
116,8,LMM-1,7,8.300680272108844,0.7553230968946237,16.601360544217687,1.5106461937892475,0.855479043274661,0.04736971457990728
116,8,LMM-2,7,7.101190476190476,0.22255856066476098,14.202380952380953,0.44511712132952197,0.8572969441579037,0.05957493322059171
116,9,LMM-1,7,7.652551020408163,0.5011092443790732,15.305102040816326,1.0022184887581465,0.8650942703945205,0.047835722004374345
116,9,LMM-2,7,7.189625850340136,0.22660248395107352,14.379251700680271,0.45320496790214704,0.8587065041549379,0.059076128117473904
116,10,LMM-1,7,7.652551020408163,0.5011092443790732,15.305102040816326,1.0022184887581465,0.8649885201569384,0.047957049458479686
116,10,LMM-2,7,7.189625850340136,0.22660248395107352,14.379251700680271,0.45320496790214704,0.8587065041549379,0.059076128117473904
117,4,LMM-1,7,12.340816326530613,0.1954595913450315,24.681632653061225,0.390919182690063,0.7327713999359604,0.0977539561636159
117,4,LMM-2,7,9.340816326530613,0.1954595913450315,18.681632653061225,0.390919182690063,0.7840974351949426,0.0819966536686736
117,5,LMM-1,7,12.280272108843537,0.2017485689556755,24.560544217687074,0.403497137911351,0.7330504027519932,0.10302350762381249
117,5,LMM-2,7,9.280272108843537,0.2017485689556755,18.560544217687074,0.403497137911351,0.7852703210100836,0.0882308417423553
117,6,LMM-1,7,9.807993197278913,0.4150965139867121,19.615986394557826,0.8301930279734242,0.8017388252411337,0.07954197227759385
117,6,LMM-2,7,7.714115646258504,0.20616748682877958,15.428231292517008,0.41233497365755917,0.8255040707733837,0.07496901944669855
117,7,LMM-1,7,9.323979591836734,0.3705239444741242,18.647959183673468,0.7410478889482484,0.8139570787724731,0.0709366946001489
117,7,LMM-2,7,7.003401360544218,0.23343346852753044,14.006802721088436,0.4668669370550609,0.8628777146574624,0.05639984379094583
117,8,LMM-1,7,9.267857142857142,0.3869505467415476,18.535714285714285,0.7739010934830952,0.8162084684089415,0.06782347436633089
117,8,LMM-2,7,7.003401360544218,0.23343346852753044,14.006802721088436,0.4668669370550609,0.8628777146574624,0.05639984379094583
117,9,LMM-1,7,8.695748299319728,0.4116372146027681,17.391496598639456,0.8232744292055362,0.8344152904690059,0.06293939185855336
117,9,LMM-2,7,6.581802721088436,0.26456955577001734,13.163605442176872,0.5291391115400347,0.8705366137409811,0.05758359398892768
117,10,LMM-1,7,8.695748299319728,0.4116372146027681,17.391496598639456,0.8232744292055362,0.8344152904690059,0.06293939185855336
117,10,LMM-2,7,6.581802721088436,0.26456955577001734,13.163605442176872,0.5291391115400347,0.8705366137409811,0.05758359398892768
118,4,LMM-1,7,12.178571428571429,0.2832232679373883,24.357142857142858,0.5664465358747766,0.7364346594266712,0.096039152884684
118,4,LMM-2,7,8.628571428571428,0.8034999968251146,17.257142857142856,1.6069999936502293,0.8033339416213312,0.06859348119250495
118,5,LMM-1,7,11.261224489795918,0.6793994402604148,22.522448979591836,1.3587988805208295,0.768194362626339,0.07892527047138992
118,5,LMM-2,7,7.835714285714286,0.9578592438692438,15.671428571428573,1.9157184877384876,0.8349795597887548,0.04990118690746898
118,6,LMM-1,7,9.855272108843536,0.6808000927253177,19.710544217687072,1.3616001854506354,0.8086547628522129,0.06778275282908575
118,6,LMM-2,7,7.830612244897959,0.954396191491108,15.661224489795918,1.908792382982216,0.8349029491023424,0.0508653975327163
118,7,LMM-1,7,9.614455782312925,0.405043133879161,19.22891156462585,0.810086267758322,0.8135158657030042,0.06610692584760897
118,7,LMM-2,7,8.859863945578232,0.5054408035066167,17.719727891156463,1.0108816070132334,0.8128443554900164,0.0660523584104791
118,8,LMM-1,7,9.73044217687075,0.3889039699448483,19.4608843537415,0.7778079398896967,0.8152260404287368,0.0656351409194014
118,8,LMM-2,7,8.712414965986394,0.5668973752696767,17.424829931972788,1.1337947505393533,0.8250105303507687,0.06551723682863442
118,9,LMM-1,7,9.73044217687075,0.3889039699448483,19.4608843537415,0.7778079398896967,0.8152260404287368,0.0656351409194014
118,9,LMM-2,7,8.67670068027211,0.5942447007009541,17.35340136054422,1.1884894014019083,0.8263127790936552,0.06358717969213779
118,10,LMM-1,7,9.223639455782314,0.4795149381105502,18.447278911564627,0.9590298762211004,0.8250182391316274,0.06334815548574389
118,10,LMM-2,7,7.363605442176871,0.4177870540007539,14.727210884353742,0.8355741080015078,0.8446089057831979,0.06470455910683422
119,4,LMM-1,7,12.796768707482993,0.3845813094293643,25.593537414965986,0.7691626188587286,0.7348327473548636,0.09172265570838914
119,4,LMM-2,7,11.547789115646257,0.9505702235113729,23.095578231292514,1.9011404470227458,0.7477283500456794,0.07857227533261867
119,5,LMM-1,7,12.857993197278912,0.32835243261707886,25.715986394557824,0.6567048652341577,0.733848008266305,0.09257768977875797
119,5,LMM-2,7,11.762074829931972,0.6835834797105375,23.524149659863944,1.367166959421075,0.7417043308584479,0.08492357346756672
119,6,LMM-1,7,12.367176870748299,0.14652581962740704,24.734353741496598,0.2930516392548141,0.7374789134493724,0.09303574214091977
119,6,LMM-2,7,11.27125850340136,0.57564572992964,22.54251700680272,1.15129145985928,0.7453741072547617,0.08534375508500609
119,7,LMM-1,7,11.828061224489797,0.3463808539166342,23.656122448979595,0.6927617078332684,0.7562109510516739,0.08660867378263636
119,7,LMM-2,7,10.499489795918366,0.40156493412192934,20.998979591836733,0.8031298682438587,0.7711496157087359,0.08457361240880805
119,8,LMM-1,7,10.254761904761905,0.3797152531429147,20.50952380952381,0.7594305062858294,0.7988642020046328,0.07274781036892264
119,8,LMM-2,7,8.383163265306122,0.6314823946941394,16.766326530612243,1.2629647893882787,0.829749794953367,0.05647987866645688
119,9,LMM-1,7,9.412074829931973,0.344723066795342,18.824149659863945,0.689446133590684,0.8216405865399844,0.06504583481718923
119,9,LMM-2,7,8.391156462585034,0.9941403592615692,16.782312925170068,1.9882807185231384,0.8342932639427051,0.04980292737088543
119,10,LMM-1,7,8.981802721088435,0.2605536534054538,17.96360544217687,0.5211073068109076,0.8248542303687244,0.06657740645363043
119,10,LMM-2,7,7.7630952380952385,0.7423132166172348,15.526190476190477,1.4846264332344696,0.8504883672235921,0.04987853508364234
120,4,LMM-1,7,9.852891156462587,0.3249790411764162,19.705782312925173,0.6499580823528324,0.7974481985428871,0.07437414667476157
120,4,LMM-2,7,9.413095238095238,0.31822477402414967,18.826190476190476,0.6364495480482993,0.7911011452805432,0.07676164844482951
120,5,LMM-1,7,9.828401360544218,0.3248123904513162,19.656802721088436,0.6496247809026324,0.7981087459098563,0.07563883102264128
120,5,LMM-2,7,8.91904761904762,0.271741674049024,17.83809523809524,0.543483348098048,0.8039552718531294,0.07593064873886075
120,6,LMM-1,7,9.848469387755102,0.3346697664286883,19.696938775510205,0.6693395328573766,0.7976848024084383,0.0744300106721321
120,6,LMM-2,7,6.882312925170068,0.3968348557343674,13.764625850340137,0.7936697114687348,0.8522257286782917,0.06787446858656844
120,7,LMM-1,7,9.593197278911564,0.478523923203887,19.186394557823128,0.957047846407774,0.8084979131282212,0.06880130022309297
120,7,LMM-2,7,7.337925170068027,0.6637577536967663,14.675850340136053,1.3275155073935325,0.8466159342591993,0.07157031856979663
120,8,LMM-1,7,9.329931972789115,0.39240410312222895,18.65986394557823,0.7848082062444579,0.8120637074857525,0.06872958803459148
120,8,LMM-2,7,8.037074829931973,0.3216913945460826,16.074149659863945,0.6433827890921652,0.8353555869294922,0.06757913761139464
120,9,LMM-1,7,8.781462585034014,0.4108278247594203,17.562925170068027,0.8216556495188406,0.8274908793851437,0.06255437851741098
120,9,LMM-2,7,6.532653061224489,0.2720803556516163,13.065306122448979,0.5441607113032326,0.8743126662450003,0.053104411400013596
120,10,LMM-1,7,8.285714285714286,0.3980536546976306,16.571428571428573,0.7961073093952612,0.838868945663447,0.0578356691120797
120,10,LMM-2,7,7.112244897959184,0.18648639676017412,14.224489795918368,0.37297279352034823,0.8653236434439526,0.05416083698564226
121,4,LMM-1,7,12.735034013605443,0.2799726787011603,25.470068027210885,0.5599453574023207,0.719954611107058,0.08745768382652311
121,4,LMM-2,7,10.518027210884354,0.3733160162382647,21.036054421768707,0.7466320324765294,0.7530707995767959,0.0754261953201394
121,5,LMM-1,7,12.07312925170068,0.6161111861182598,24.14625850340136,1.2322223722365195,0.7638262328225526,0.08128613643021466
121,5,LMM-2,7,9.377551020408163,0.3439581178287646,18.755102040816325,0.6879162356575292,0.8066848276475721,0.06954730094292978
121,6,LMM-1,7,11.531972789115645,0.32473571308705496,23.06394557823129,0.6494714261741099,0.769022012307292,0.08728659819010212
121,6,LMM-2,7,9.102721088435375,0.3833838826083368,18.20544217687075,0.7667677652166736,0.8064352054768591,0.07775053831285157
121,7,LMM-1,7,12.00408163265306,0.28429840297380116,24.00816326530612,0.5685968059476023,0.7608270285298174,0.0907056085057786
121,7,LMM-2,7,9.338775510204082,0.3606286000600435,18.677551020408163,0.721257200120087,0.8026778338494612,0.07933436801430706
121,8,LMM-1,7,10.900510204081632,0.4717127300780744,21.801020408163264,0.9434254601561488,0.7991808450654355,0.07182277626116264
121,8,LMM-2,7,9.257312925170067,0.15173976037911485,18.514625850340135,0.3034795207582297,0.8054980916818323,0.07507038273968002
121,9,LMM-1,7,10.243707482993198,0.46918603325904634,20.487414965986396,0.9383720665180927,0.8155448437659965,0.06393465793512647
121,9,LMM-2,7,8.776530612244898,0.6235867449883385,17.553061224489795,1.247173489976677,0.8177305591072381,0.059379294701502355
121,10,LMM-1,7,9.160374149659864,0.23324716780349594,18.320748299319728,0.4664943356069919,0.8415738967834301,0.0601868631808381
121,10,LMM-2,7,6.820748299319727,0.3866217474279575,13.641496598639455,0.773243494855915,0.8593761184199729,0.0508068152227145
122,4,LMM-1,7,12.91547619047619,0.43164571955584635,25.83095238095238,0.8632914391116927,0.719802734208225,0.10038176303921661
122,4,LMM-2,7,8.726700680272108,0.6555171454889549,17.453401360544216,1.3110342909779098,0.8071698007792187,0.06641906361846318
122,5,LMM-1,7,10.137755102040815,0.49764008771622953,20.27551020408163,0.9952801754324591,0.7926383048724472,0.07230938016528834
122,5,LMM-2,7,8.211224489795919,0.6778874871475014,16.422448979591838,1.3557749742950027,0.8367291003119678,0.057490634390295094
122,6,LMM-1,7,10.39982993197279,0.5060015696663298,20.79965986394558,1.0120031393326596,0.7924395955107094,0.07133086144217662
122,6,LMM-2,7,7.990136054421769,0.5202420703337114,15.980272108843538,1.0404841406674228,0.8416255527871075,0.06063666622052278
122,7,LMM-1,7,9.344897959183672,0.6588898062344596,18.689795918367345,1.3177796124689192,0.8242726826306609,0.06221587423544347
122,7,LMM-2,7,7.817857142857143,0.5615389244912776,15.635714285714286,1.1230778489825552,0.8468580838131666,0.05826096255527185
122,8,LMM-1,7,7.86343537414966,0.6031335925822572,15.72687074829932,1.2062671851645144,0.8533505700010482,0.05005009103910631
122,8,LMM-2,7,6.968197278911565,0.6175828806453387,13.93639455782313,1.2351657612906775,0.8631097529870643,0.04698279266386067
122,9,LMM-1,7,7.86343537414966,0.6031335925822572,15.72687074829932,1.2062671851645144,0.8536191027399144,0.04988972799265587
122,9,LMM-2,7,6.968197278911565,0.6175828806453387,13.93639455782313,1.2351657612906775,0.8631097529870643,0.04698279266386067
122,10,LMM-1,7,7.3668367346938775,0.4700378151685916,14.733673469387755,0.9400756303371832,0.8743366795665904,0.045294770116721304
122,10,LMM-2,7,6.500510204081633,0.3869708772096592,13.001020408163265,0.7739417544193185,0.8723246271724611,0.04620394683634655
123,4,LMM-1,7,11.80986394557823,0.530599816704268,23.61972789115646,1.061199633408536,0.7490832648834144,0.08294618640903248
123,4,LMM-2,7,10.792006802721088,0.558903518628041,21.584013605442177,1.117807037256082,0.749669030069054,0.08215107965251031
123,5,LMM-1,7,10.80986394557823,0.530599816704268,21.61972789115646,1.061199633408536,0.7872646420727526,0.07164418932207266
123,5,LMM-2,7,7.9578231292517,0.3678766022762127,15.9156462585034,0.7357532045524254,0.8399826513412432,0.05912014582184581
123,6,LMM-1,7,9.827721088435373,0.5045054196444727,19.655442176870746,1.0090108392889454,0.8108886101585112,0.0650491022083748
123,6,LMM-2,7,8.789455782312926,0.5526563018022137,17.57891156462585,1.1053126036044274,0.812517355335544,0.06308448379302052
123,7,LMM-1,7,10.791496598639455,0.9901800456205692,21.58299319727891,1.9803600912411383,0.7983222173472109,0.06167357334041261
123,7,LMM-2,7,9.203741496598639,0.3147436808222216,18.407482993197277,0.6294873616444432,0.8120320933370044,0.06834047570243156
123,8,LMM-1,7,10.227891156462587,0.9504961913953175,20.455782312925173,1.900992382790635,0.8143300995014899,0.05854790267296587
123,8,LMM-2,7,8.183673469387754,0.2592519595084184,16.36734693877551,0.5185039190168368,0.8400630685569048,0.06681988468128104
123,9,LMM-1,7,9.94421768707483,0.871972858108758,19.88843537414966,1.743945716217516,0.8245486619134578,0.05583784077279418
123,9,LMM-2,7,7.730272108843537,0.4338427040741656,15.460544217687074,0.8676854081483312,0.8566791583785472,0.05002564333419691
123,10,LMM-1,7,9.150510204081632,0.6910969111015014,18.301020408163264,1.3821938222030028,0.8497513370751236,0.04951841007895359
123,10,LMM-2,7,8.274659863945578,0.5950886595704185,16.549319727891156,1.190177319140837,0.8485767838740647,0.0507058304965416
124,4,LMM-1,7,12.033163265306124,0.3135184593169183,24.066326530612248,0.6270369186338366,0.7589390732490979,0.08641256161791791
124,4,LMM-2,7,11.033163265306124,0.3135184593169183,22.066326530612248,0.6270369186338366,0.7576698416891244,0.08626804731598055
124,5,LMM-1,7,12.142857142857142,0.23022713816444906,24.285714285714285,0.4604542763288981,0.755556075898239,0.08812852345804698
124,5,LMM-2,7,11.142857142857142,0.23022713816444906,22.285714285714285,0.4604542763288981,0.754292501982148,0.08798113942255659
124,6,LMM-1,7,10.62534013605442,0.21359176588654533,21.25068027210884,0.42718353177309065,0.8025930814482427,0.07571040056288506
124,6,LMM-2,7,9.878061224489796,0.19788304751838656,19.756122448979593,0.3957660950367731,0.7933406602936847,0.0794687781583414
124,7,LMM-1,7,9.52874149659864,0.3986891525986548,19.05748299319728,0.7973783051973096,0.8269294894613488,0.05969138271694134
124,7,LMM-2,7,9.390136054421768,0.7204298429992207,18.780272108843537,1.4408596859984415,0.8091330831283715,0.059808526825481614
124,8,LMM-1,7,9.52874149659864,0.3986891525986548,19.05748299319728,0.7973783051973096,0.8269294894613488,0.05969138271694134
124,8,LMM-2,7,9.428401360544218,0.6740902364029815,18.856802721088435,1.348180472805963,0.8083660571830312,0.06069297191529949
124,9,LMM-1,7,8.936224489795919,0.41805786075179735,17.872448979591837,0.8361157215035947,0.8451412324233607,0.0548427260103243
124,9,LMM-2,7,7.516836734693877,0.30337323700533225,15.033673469387754,0.6067464740106645,0.8537967835329535,0.05356055925764183
124,10,LMM-1,7,8.595918367346938,0.19133189712806295,17.191836734693876,0.3826637942561259,0.8549081487118632,0.056379588200322406
124,10,LMM-2,7,7.193197278911565,0.13790996586136092,14.38639455782313,0.27581993172272185,0.8602892576377515,0.0581294142779385
125,4,LMM-1,7,11.770578231292518,0.6200230130574274,23.541156462585036,1.2400460261148547,0.7782840143874464,0.07437644823047887
125,4,LMM-2,7,7.755612244897959,0.4563940837921617,15.511224489795918,0.9127881675843234,0.8345964926468079,0.06582787483805132
125,5,LMM-1,7,11.297278911564627,0.6207660979649408,22.594557823129254,1.2415321959298815,0.7773686594043637,0.07337068273365037
125,5,LMM-2,7,7.12687074829932,0.7365429301752306,14.25374149659864,1.4730858603504613,0.8422186865501532,0.07189668087592402
125,6,LMM-1,7,10.642006802721088,0.2607509481612759,21.284013605442176,0.5215018963225518,0.7916527333819517,0.0797741584647281
125,6,LMM-2,7,7.306122448979592,0.19023308100829328,14.612244897959185,0.38046616201658656,0.8501728363288041,0.0633361862749001
125,7,LMM-1,7,10.526360544217686,0.3856515174065409,21.052721088435373,0.7713030348130818,0.7941040420405203,0.07677043625509743
125,7,LMM-2,7,7.252551020408164,0.1806527556192358,14.505102040816327,0.3613055112384716,0.8517871109965574,0.06076752569248894
125,8,LMM-1,7,9.490816326530611,0.4094218125066737,18.981632653061222,0.8188436250133474,0.832416244811233,0.06314970188797535
125,8,LMM-2,7,7.072619047619048,0.38665009934012423,14.145238095238096,0.7733001986802485,0.8638276025449741,0.05433499412265088
125,9,LMM-1,7,9.490816326530611,0.4094218125066737,18.981632653061222,0.8188436250133474,0.8385372732324115,0.06046473819615716
125,9,LMM-2,7,5.836904761904762,0.29593332122666555,11.673809523809524,0.5918666424533311,0.8904584079664432,0.04995476926549101
125,10,LMM-1,7,8.01955782312925,0.6219248471688023,16.0391156462585,1.2438496943376045,0.8696127022553563,0.04494826995766197
125,10,LMM-2,7,5.898809523809524,0.8219028996281942,11.797619047619047,1.6438057992563884,0.8978372120372896,0.03138575822767466
126,4,LMM-1,7,10.881802721088436,0.1474745758448433,21.76360544217687,0.2949491516896866,0.7581992570869281,0.08271656194259697
126,4,LMM-2,7,8.372619047619049,0.4632681156077715,16.745238095238097,0.926536231215543,0.7990734042193355,0.06227412137809254
126,5,LMM-1,7,11.292176870748298,0.6955999364575851,22.584353741496596,1.3911998729151702,0.7732132893399191,0.07124847024432442
126,5,LMM-2,7,7.816836734693878,0.47662498397887426,15.633673469387755,0.9532499679577485,0.8322921710604136,0.05283791535809807
126,6,LMM-1,7,12.080272108843536,0.9291814796029427,24.16054421768707,1.8583629592058855,0.7592706490588395,0.07387365076622061
126,6,LMM-2,7,11.357142857142858,0.698232299934056,22.714285714285715,1.396464599868112,0.7557732564059975,0.07691418782451287
126,7,LMM-1,7,8.760034013605443,0.48618418694039667,17.520068027210886,0.9723683738807933,0.834913600372447,0.0593911376326836
126,7,LMM-2,7,8.19421768707483,0.28114791173251397,16.38843537414966,0.5622958234650279,0.8304524019945781,0.05995863877319455
126,8,LMM-1,7,8.774149659863946,0.5076917737264783,17.548299319727892,1.0153835474529567,0.8380025567120992,0.056399459749110946
126,8,LMM-2,7,8.208333333333332,0.26633163477615573,16.416666666666664,0.5326632695523115,0.8377164704155536,0.0605866455929007
126,9,LMM-1,7,7.967176870748299,0.6416005156740251,15.934353741496597,1.2832010313480502,0.8593969395139747,0.046425612829911554
126,9,LMM-2,7,7.402551020408163,0.3258156323384263,14.805102040816326,0.6516312646768526,0.8495454966604311,0.05207519146940422
126,10,LMM-1,7,7.671598639455782,0.42535662573742233,15.343197278911564,0.8507132514748447,0.8653338639387395,0.04833887633662293
126,10,LMM-2,7,6.649319727891156,0.3729706221820628,13.298639455782313,0.7459412443641256,0.8681502421459115,0.046665242875792226
127,4,LMM-1,7,17.27908163265306,0.8467964596436225,34.55816326530612,1.693592919287245,0.6929459297034386,0.0977831749286471
127,4,LMM-2,7,10.105102040816325,0.6276488134263545,20.21020408163265,1.255297626852709,0.8191516929964251,0.06324884155820003
127,5,LMM-1,7,17.27908163265306,0.8467964596436225,34.55816326530612,1.693592919287245,0.6935243009732487,0.09699209849955098
127,5,LMM-2,7,10.033673469387754,0.739400238230826,20.067346938775508,1.478800476461652,0.822315366920809,0.05868196769994285
127,6,LMM-1,7,17.27908163265306,0.8467964596436225,34.55816326530612,1.693592919287245,0.6929459297034386,0.0977831749286471
127,6,LMM-2,7,10.105102040816325,0.6276488134263545,20.21020408163265,1.255297626852709,0.8191516929964251,0.06324884155820003
127,7,LMM-1,7,17.27908163265306,0.8467964596436225,34.55816326530612,1.693592919287245,0.6935243009732487,0.09699209849955098
127,7,LMM-2,7,10.033673469387754,0.739400238230826,20.067346938775508,1.478800476461652,0.822315366920809,0.05868196769994285
127,8,LMM-1,7,14.447448979591837,0.6247352625485082,28.894897959183673,1.2494705250970164,0.7480612337982312,0.08536387752703059
127,8,LMM-2,7,10.033673469387754,0.739400238230826,20.067346938775508,1.478800476461652,0.822315366920809,0.05868196769994285
127,9,LMM-1,7,14.41173469387755,0.6757910662188236,28.8234693877551,1.3515821324376471,0.749010144592696,0.08399843602534568
127,9,LMM-2,7,9.99795918367347,0.8037765458256526,19.99591836734694,1.6075530916513052,0.8234476151559841,0.05721423822933004
127,10,LMM-1,7,12.523979591836735,0.545978920921674,25.04795918367347,1.091957841843348,0.7777058674287681,0.07751875342274395
127,10,LMM-2,7,10.243367346938774,0.9082999782445044,20.486734693877548,1.8165999564890087,0.8100524989435698,0.059006215716493116
128,4,LMM-1,7,12.862585034013605,0.3168155097122372,25.72517006802721,0.6336310194244744,0.7203002265726396,0.0936887900027309
128,4,LMM-2,7,7.300340136054422,0.14388760197118478,14.600680272108844,0.28777520394236955,0.8350823363608246,0.061206193518741715
128,5,LMM-1,7,11.183673469387756,0.22215858221507395,22.367346938775512,0.4443171644301479,0.7714336210480647,0.08792310088065008
128,5,LMM-2,7,10.300680272108844,0.30804122765637265,20.601360544217687,0.6160824553127453,0.7854334068014917,0.08316823340269154
128,6,LMM-1,7,9.198639455782313,0.2376419397274464,18.397278911564626,0.4752838794548928,0.8142055927379543,0.06969529672291691
128,6,LMM-2,7,8.921428571428573,0.4548429247199526,17.842857142857145,0.9096858494399052,0.8057590816892085,0.07950236259502692
128,7,LMM-1,7,9.106122448979592,0.3221743857920348,18.212244897959184,0.6443487715840696,0.8250006462730847,0.07267595578431298
128,7,LMM-2,7,9.395918367346939,0.30663147399609575,18.791836734693877,0.6132629479921915,0.8023237815786715,0.0801190732906214
128,8,LMM-1,7,8.278571428571428,0.4278697960341167,16.557142857142857,0.8557395920682334,0.8551182478249928,0.05006890918314297
128,8,LMM-2,7,8.255102040816327,0.4251020353732788,16.510204081632654,0.8502040707465576,0.8263150784747814,0.0690368055080291
128,9,LMM-1,7,7.580102040816326,0.31940324015405347,15.160204081632653,0.6388064803081069,0.8683235930871044,0.04848512556795369
128,9,LMM-2,7,6.5511904761904765,0.5765322677719895,13.102380952380953,1.153064535543979,0.8790286509793901,0.03821790017143148
128,10,LMM-1,7,7.408333333333333,0.32308655285375254,14.816666666666666,0.6461731057075051,0.8722186349858837,0.04678696809607972
128,10,LMM-2,7,6.69421768707483,0.5962058217022408,13.38843537414966,1.1924116434044816,0.8796201480816646,0.038450175256595095
129,4,LMM-1,7,12.544557823129251,0.3160605274667131,25.089115646258502,0.6321210549334262,0.7313714367594406,0.09231488628866014
129,4,LMM-2,7,6.779761904761905,1.0617619485431515,13.55952380952381,2.123523897086303,0.8384318368536964,0.07392625815821079
129,5,LMM-1,7,12.544557823129251,0.3160605274667131,25.089115646258502,0.6321210549334262,0.7313714367594406,0.09231488628866014
129,5,LMM-2,7,6.779761904761905,1.0617619485431515,13.55952380952381,2.123523897086303,0.8384318368536964,0.07392625815821079
129,6,LMM-1,7,10.971938775510205,0.37727705019522145,21.94387755102041,0.7545541003904429,0.7849871426048816,0.07370401622325827
129,6,LMM-2,7,9.971938775510205,0.37727705019522145,19.94387755102041,0.7545541003904429,0.7849871426048816,0.07370401622325827
129,7,LMM-1,7,10.9421768707483,0.4337568280563554,21.8843537414966,0.8675136561127108,0.7864526041504204,0.07136365046430017
129,7,LMM-2,7,9.9421768707483,0.4337568280563554,19.8843537414966,0.8675136561127108,0.7864526041504204,0.07136365046430017
129,8,LMM-1,7,10.874149659863946,0.4833583462101738,21.74829931972789,0.9667166924203476,0.7873508710924177,0.07085617275686901
129,8,LMM-2,7,9.874149659863946,0.4833583462101738,19.74829931972789,0.9667166924203476,0.7873508710924177,0.07085617275686901
129,9,LMM-1,7,9.821768707482992,0.4332518959348152,19.643537414965984,0.8665037918696304,0.813150175882874,0.06268065247184472
129,9,LMM-2,7,8.821768707482994,0.4332518959348152,17.643537414965987,0.8665037918696304,0.813150175882874,0.06268065247184472
129,10,LMM-1,7,8.652891156462585,0.28843788103775175,17.30578231292517,0.5768757620755035,0.8455231905900531,0.05489805249471563
129,10,LMM-2,7,6.363605442176871,0.2087909038685545,12.727210884353742,0.417581807737109,0.8762276143671698,0.0476785845137158
130,4,LMM-1,7,11.469727891156463,0.2777656066563963,22.939455782312926,0.5555312133127926,0.783028345445114,0.08484337316936048
130,4,LMM-2,7,9.488095238095239,0.59832532729186,18.976190476190478,1.19665065458372,0.7972306857221894,0.08638223758342092
130,5,LMM-1,7,10.479761904761904,0.3074426370181751,20.95952380952381,0.6148852740363502,0.7966066753464123,0.07272823254844578
130,5,LMM-2,7,8.046938775510204,0.37511841189702166,16.09387755102041,0.7502368237940433,0.8351178227916621,0.06199206128923264
130,6,LMM-1,7,10.104081632653061,0.29762507282530826,20.208163265306123,0.5952501456506165,0.8053159912195141,0.07213185244475812
130,6,LMM-2,7,7.857823129251701,0.6344010669731468,15.715646258503401,1.2688021339462936,0.8359227196850776,0.07298725914912721
130,7,LMM-1,7,9.771938775510204,0.25370741231201244,19.543877551020408,0.5074148246240249,0.8108367375335898,0.07009208945596933
130,7,LMM-2,7,7.601360544217687,0.4771060197717665,15.202721088435373,0.954212039543533,0.8424354373863112,0.06021324656354874
130,8,LMM-1,7,9.771938775510204,0.25370741231201244,19.543877551020408,0.5074148246240249,0.8108367375335898,0.07009208945596933
130,8,LMM-2,7,7.601360544217687,0.4771060197717665,15.202721088435373,0.954212039543533,0.8424354373863112,0.06021324656354874
130,9,LMM-1,7,9.497619047619049,0.3187809831102599,18.995238095238097,0.6375619662205197,0.8207554920864671,0.06586916673609852
130,9,LMM-2,7,7.138945578231293,0.4983153975721082,14.277891156462585,0.9966307951442164,0.8543911823876315,0.05695146810258833
130,10,LMM-1,7,9.42482993197279,0.27210161555026063,18.84965986394558,0.5442032311005213,0.8219396191706593,0.0692266562134319
130,10,LMM-2,7,7.013775510204082,0.5917078501465323,14.027551020408165,1.1834157002930645,0.8560975579850323,0.06503073746434132
131,4,LMM-1,7,12.270918367346939,0.6167913674847829,24.541836734693877,1.2335827349695658,0.758000166816349,0.0858373955135634
131,4,LMM-2,7,9.643537414965987,0.27351126697301303,19.287074829931974,0.5470225339460261,0.8065420638046639,0.07082785872631893
131,5,LMM-1,7,11.583163265306123,0.6757041788072826,23.166326530612245,1.3514083576145652,0.7755358050258837,0.0754522779132022
131,5,LMM-2,7,9.16938775510204,0.7289286267807303,18.33877551020408,1.4578572535614607,0.816708430607356,0.059666757316553645
131,6,LMM-1,7,11.485374149659863,0.7203961186867712,22.970748299319727,1.4407922373735425,0.777762851133036,0.07402199365461594
131,6,LMM-2,7,9.284183673469387,0.6551374044749627,18.568367346938775,1.3102748089499254,0.8146282329700288,0.06161469268634698
131,7,LMM-1,7,10.24965986394558,0.5622785401740379,20.49931972789116,1.1245570803480758,0.8163038748041432,0.06476822086245018
131,7,LMM-2,7,7.175,0.26015105502106156,14.35,0.5203021100421231,0.863987660066603,0.05908205294201466
131,8,LMM-1,7,10.002551020408163,0.8018080749704883,20.005102040816325,1.6036161499409767,0.8243703840939066,0.05722390416760939
131,8,LMM-2,7,7.0081632653061225,0.16254304527113483,14.016326530612245,0.32508609054226967,0.869014644698126,0.056586535433400316
131,9,LMM-1,7,9.98469387755102,0.8276950728947794,19.96938775510204,1.6553901457895588,0.8278494436950761,0.05412426780437111
131,9,LMM-2,7,6.655102040816327,0.37177602049183417,13.310204081632653,0.7435520409836683,0.8844563910739692,0.04368641010685309
131,10,LMM-1,7,9.319897959183674,0.595028777579235,18.639795918367348,1.19005755515847,0.8508079634029312,0.052034657907285266
131,10,LMM-2,7,7.337755102040816,0.5676496769737739,14.675510204081633,1.1352993539475478,0.8729937242803977,0.044350536268951406
132,4,LMM-1,7,11.44404761904762,0.30298496104809425,22.88809523809524,0.6059699220961885,0.7556713789040929,0.07833266926723975
132,4,LMM-2,7,10.331802721088435,0.5608519171488997,20.66360544217687,1.1217038342977994,0.7967272201749733,0.0683492046138943
132,5,LMM-1,7,8.774149659863946,0.5076917737264783,17.548299319727892,1.0153835474529567,0.8221921347062985,0.05988928052486253
132,5,LMM-2,7,7.897448979591837,0.36643381408965003,15.794897959183674,0.7328676281793001,0.8339593402239176,0.060046177329051334
132,6,LMM-1,7,8.662244897959184,0.4526358547363648,17.324489795918367,0.9052717094727296,0.8238641767905314,0.06046433576334494
132,6,LMM-2,7,8.195578231292517,0.26389604346186096,16.391156462585034,0.5277920869237219,0.8299073040891296,0.06214634871274404
132,7,LMM-1,7,8.393027210884354,0.3457833066322625,16.786054421768707,0.691566613264525,0.832511813416571,0.05915987146807903
132,7,LMM-2,7,8.349149659863945,0.14393965466252737,16.69829931972789,0.28787930932505473,0.8266036786118747,0.06522417945764393
132,8,LMM-1,7,8.354761904761904,0.38982233292509744,16.70952380952381,0.7796446658501949,0.8343427780985337,0.05696207556130876
132,8,LMM-2,7,8.310884353741496,0.18707359306950438,16.621768707482993,0.37414718613900877,0.8280389670445608,0.06348950206340602
132,9,LMM-1,7,7.372619047619048,0.3636977826403478,14.745238095238095,0.7273955652806956,0.8657437806361218,0.05003878450722242
132,9,LMM-2,7,7.370408163265306,0.5522311800573179,14.740816326530611,1.1044623601146357,0.8428316931009767,0.054732585385449985
132,10,LMM-1,7,7.302380952380952,0.40653672508586164,14.604761904761904,0.8130734501717233,0.8675369370566041,0.049739867733034855
132,10,LMM-2,7,6.475170068027211,0.3452999173895558,12.950340136054422,0.6905998347791116,0.8578406072335757,0.04985691097450115
133,4,LMM-1,7,14.690306122448979,0.8138764607306701,29.380612244897957,1.6277529214613402,0.6951721518961625,0.09923096719147481
133,4,LMM-2,7,10.200680272108842,0.49040966837329425,20.401360544217685,0.9808193367465885,0.7674653087089659,0.09277815817051605
133,5,LMM-1,7,14.597619047619048,0.6430599327415025,29.195238095238096,1.286119865483005,0.6932464373321965,0.10176160781757258
133,5,LMM-2,7,10.441326530612244,0.49540760863188243,20.882653061224488,0.9908152172637649,0.7607802090573014,0.09399746707106926
133,6,LMM-1,7,11.367857142857144,0.3613364899327441,22.735714285714288,0.7226729798654882,0.7659022503706648,0.08488620788487818
133,6,LMM-2,7,8.052551020408163,0.34995049662146854,16.105102040816327,0.6999009932429371,0.8169485713094085,0.07075775479342407
133,7,LMM-1,7,10.926360544217687,0.6349132602017447,21.852721088435374,1.2698265204034893,0.7763387255712043,0.07680488818635452
133,7,LMM-2,7,7.253061224489796,0.4625420148063855,14.506122448979593,0.925084029612771,0.8461152720576818,0.055377545784493366
133,8,LMM-1,7,10.87908163265306,0.71725625428741,21.75816326530612,1.43451250857482,0.7819054138255571,0.07106574145949236
133,8,LMM-2,7,7.208333333333334,0.43586713426244783,14.416666666666668,0.8717342685248957,0.8456204600427171,0.0569193068626378
133,9,LMM-1,7,10.87908163265306,0.71725625428741,21.75816326530612,1.43451250857482,0.7819054138255571,0.07106574145949236
133,9,LMM-2,7,7.208333333333334,0.43586713426244783,14.416666666666668,0.8717342685248957,0.8456204600427171,0.0569193068626378
133,10,LMM-1,7,8.772448979591838,0.8606521671422787,17.544897959183675,1.7213043342845573,0.8353205236585743,0.05041654227736517
133,10,LMM-2,7,7.852380952380953,0.7752331227171753,15.704761904761906,1.5504662454343505,0.8341956046745842,0.05158750580300438
134,4,LMM-1,7,19.471258503401362,0.610236359576757,38.942517006802724,1.220472719153514,0.6347727701256438,0.10993992239620516
134,4,LMM-2,7,15.47125850340136,0.6102363595767571,30.94251700680272,1.2204727191535143,0.6919772524343024,0.09446873498346713
134,5,LMM-1,7,18.471258503401362,0.610236359576757,36.942517006802724,1.220472719153514,0.6506094907466627,0.10583948939935357
134,5,LMM-2,7,8.578401360544218,0.5098282629456525,17.156802721088436,1.019656525891305,0.8375043804806906,0.051773760576015494
134,6,LMM-1,7,18.471258503401362,0.610236359576757,36.942517006802724,1.220472719153514,0.6533829294686347,0.10510664732285692
134,6,LMM-2,7,15.47125850340136,0.6102363595767571,30.94251700680272,1.2204727191535143,0.6932413287940865,0.09410679440418723
134,7,LMM-1,7,18.471258503401362,0.610236359576757,36.942517006802724,1.220472719153514,0.6533829294686347,0.10510664732285692
134,7,LMM-2,7,15.47125850340136,0.6102363595767571,30.94251700680272,1.2204727191535143,0.6932413287940865,0.09410679440418723
134,8,LMM-1,7,18.471258503401362,0.610236359576757,36.942517006802724,1.220472719153514,0.6533829294686347,0.10510664732285692
134,8,LMM-2,7,15.47125850340136,0.6102363595767571,30.94251700680272,1.2204727191535143,0.6932413287940865,0.09410679440418723
134,9,LMM-1,7,16.471258503401362,0.610236359576757,32.942517006802724,1.220472719153514,0.6932413287940865,0.09410679440418723
134,9,LMM-2,7,15.47125850340136,0.6102363595767571,30.94251700680272,1.2204727191535143,0.6932413287940865,0.09410679440418723
134,10,LMM-1,7,16.471258503401362,0.610236359576757,32.942517006802724,1.220472719153514,0.6932413287940865,0.09410679440418723
134,10,LMM-2,7,15.47125850340136,0.6102363595767571,30.94251700680272,1.2204727191535143,0.6932413287940865,0.09410679440418723
135,4,LMM-1,7,16.125850340136054,0.5957772096973821,32.25170068027211,1.1915544193947643,0.6685186233257341,0.10595068220690751
135,4,LMM-2,7,12.018707482993197,0.33393150548974404,24.037414965986393,0.6678630109794881,0.7285009250195522,0.08971133210574783
135,5,LMM-1,7,16.125850340136054,0.5957772096973821,32.25170068027211,1.1915544193947643,0.6685186233257341,0.10595068220690751
135,5,LMM-2,7,12.018707482993197,0.33393150548974404,24.037414965986393,0.6678630109794881,0.7285009250195522,0.08971133210574783
135,6,LMM-1,7,13.191666666666666,0.23775571029478504,26.383333333333333,0.4755114205895701,0.7337605423607403,0.09783520560084623
135,6,LMM-2,7,8.026360544217686,0.41605709958072784,16.052721088435373,0.8321141991614557,0.8286868439208088,0.07435800029751628
135,7,LMM-1,7,13.191666666666666,0.23775571029478504,26.383333333333333,0.4755114205895701,0.7337605423607403,0.09783520560084623
135,7,LMM-2,7,8.026360544217686,0.41605709958072784,16.052721088435373,0.8321141991614557,0.8286868439208088,0.07435800029751628
135,8,LMM-1,7,11.792006802721088,0.481680392249531,23.584013605442177,0.963360784499062,0.7742038986045313,0.07742780143982311
135,8,LMM-2,7,10.792006802721088,0.481680392249531,21.584013605442177,0.963360784499062,0.7742038986045313,0.07742780143982311
135,9,LMM-1,7,11.792006802721088,0.481680392249531,23.584013605442177,0.963360784499062,0.7742038986045313,0.07742780143982311
135,9,LMM-2,7,10.792006802721088,0.481680392249531,21.584013605442177,0.963360784499062,0.7742038986045313,0.07742780143982311
135,10,LMM-1,7,10.792006802721088,0.481680392249531,21.584013605442177,0.963360784499062,0.7947603861431817,0.07083868443427031
135,10,LMM-2,7,6.636904761904762,0.5539872989858537,13.273809523809524,1.1079745979717075,0.8641670788364618,0.06739587570677784
136,4,LMM-1,7,13.31173469387755,0.502960311938483,26.6234693877551,1.005920623876966,0.7079199614819175,0.08990299845586211
136,4,LMM-2,7,9.31173469387755,0.502960311938483,18.6234693877551,1.005920623876966,0.7858099765828868,0.06559347500503918
136,5,LMM-1,7,10.325000000000001,0.23532314830246548,20.650000000000002,0.47064629660493096,0.7794644274545688,0.07789326039479377
136,5,LMM-2,7,7.377380952380952,0.2430263182933485,14.754761904761905,0.486052636586697,0.8404788078412896,0.05895494489286709
136,6,LMM-1,7,8.98044217687075,0.3822881858265266,17.9608843537415,0.7645763716530533,0.8153174288639234,0.06372151844997437
136,6,LMM-2,7,6.423639455782313,0.37310715925642385,12.847278911564626,0.7462143185128477,0.86298741272485,0.04909527415182297
136,7,LMM-1,7,8.961224489795919,0.34397426256002944,17.922448979591838,0.6879485251200589,0.8215610842002824,0.06609462037508812
136,7,LMM-2,7,6.104931972789116,0.2706729760536782,12.209863945578231,0.5413459521073564,0.8713964833460672,0.05567780150134569
136,8,LMM-1,7,7.608673469387755,0.31084536962141973,15.21734693877551,0.6216907392428395,0.8558466084695503,0.05046923339125716
136,8,LMM-2,7,6.74982993197279,0.32602559799133257,13.49965986394558,0.6520511959826651,0.8568763103557807,0.051093309105618365
136,9,LMM-1,7,7.473809523809524,0.4103673482920122,14.947619047619048,0.8207346965840244,0.8601465995447878,0.047659073222654766
136,9,LMM-2,7,6.733843537414965,0.3671323226686744,13.46768707482993,0.7342646453373488,0.8625303878401447,0.04604430019878884
136,10,LMM-1,7,7.190986394557823,0.2350518565344853,14.381972789115647,0.4701037130689706,0.8597005453636626,0.05580459756984043
136,10,LMM-2,7,6.634183673469388,0.3152111672620127,13.268367346938776,0.6304223345240254,0.8704110297364993,0.05361729285833896
137,4,LMM-1,7,13.178741496598638,0.21827394849204898,26.357482993197276,0.43654789698409796,0.7414412639437293,0.09421010885256398
137,4,LMM-2,7,7.815476190476191,1.048869653970601,15.630952380952381,2.097739307941202,0.8314711949870415,0.08981940439332499
137,5,LMM-1,7,13.631122448979593,0.45830812218470973,27.262244897959185,0.9166162443694195,0.730455028795853,0.08878199402432284
137,5,LMM-2,7,8.345238095238097,0.6016323223092037,16.690476190476193,1.2032646446184074,0.8206181152596445,0.07945892381506096
137,6,LMM-1,7,12.83656462585034,0.4227183050470077,25.67312925170068,0.8454366100940154,0.7508414804600179,0.0879463393050821
137,6,LMM-2,7,7.630442176870749,0.8776122229883974,15.260884353741497,1.7552244459767947,0.837364232576795,0.08386780228731112
137,7,LMM-1,7,12.627380952380951,0.64190184752765,25.254761904761903,1.2838036950553,0.7568535312519132,0.08055837334501768
137,7,LMM-2,7,7.536054421768708,0.7808138550728816,15.072108843537416,1.5616277101457632,0.8398468330750115,0.08066978258944188
137,8,LMM-1,7,11.627380952380951,0.64190184752765,23.254761904761903,1.2838036950553,0.7956483692008659,0.06812406112074937
137,8,LMM-2,7,6.530442176870748,0.2808196512419861,13.060884353741496,0.5616393024839722,0.8750685387638492,0.05219928075694275
137,9,LMM-1,7,11.627380952380951,0.64190184752765,23.254761904761903,1.2838036950553,0.7956483692008659,0.06812406112074937
137,9,LMM-2,7,6.530442176870748,0.2808196512419861,13.060884353741496,0.5616393024839722,0.8750685387638492,0.05219928075694275
137,10,LMM-1,7,11.627380952380951,0.64190184752765,23.254761904761903,1.2838036950553,0.7956483692008659,0.06812406112074937
137,10,LMM-2,7,6.530442176870748,0.2808196512419861,13.060884353741496,0.5616393024839722,0.8750685387638492,0.05219928075694275
138,4,LMM-1,7,13.461054421768708,1.2819285905207083,26.922108843537416,2.5638571810414166,0.7304644146813476,0.07333666917370434
138,4,LMM-2,7,12.278571428571428,1.3988860161456331,24.557142857142857,2.7977720322912663,0.7332640035689086,0.06949273157581445
138,5,LMM-1,7,12.695748299319728,1.087159993641563,25.391496598639456,2.174319987283126,0.7464776056076249,0.07311269481662899
138,5,LMM-2,7,11.259353741496598,1.1523479974646822,22.518707482993197,2.3046959949293644,0.7616413459938608,0.0666576815635921
138,6,LMM-1,7,11.911904761904763,0.8011259083867125,23.823809523809526,1.602251816773425,0.7664406112333383,0.07177354146933153
138,6,LMM-2,7,8.04982993197279,0.2448798887890981,16.09965986394558,0.4897597775781962,0.8320688751150709,0.0643275471109084
138,7,LMM-1,7,9.767687074829933,0.38905885366433335,19.535374149659866,0.7781177073286667,0.8148384427041394,0.07057249911679354
138,7,LMM-2,7,7.319727891156463,0.3563158549335455,14.639455782312925,0.712631709867091,0.8617796740797076,0.05923529104138173
138,8,LMM-1,7,8.963265306122448,0.27927510735713235,17.926530612244896,0.5585502147142647,0.8320503945565182,0.06907329108722172
138,8,LMM-2,7,6.612074829931973,0.39783510188392124,13.224149659863945,0.7956702037678425,0.8728331330968262,0.056528774851167314
138,9,LMM-1,7,9.022789115646258,0.3873691240429925,18.045578231292517,0.774738248085985,0.829243921337821,0.0700660889719788
138,9,LMM-2,7,6.993027210884354,0.33478814487413117,13.986054421768708,0.6695762897482623,0.865771325029411,0.056932395283827576
138,10,LMM-1,7,8.2,0.23721264989422744,16.4,0.4744252997884549,0.8634214672880034,0.05258867303048504
138,10,LMM-2,7,6.276530612244898,0.15011295051695792,12.553061224489795,0.30022590103391583,0.8822869779829817,0.04842334036309361
139,4,LMM-1,7,12.55578231292517,0.4588101277277641,25.11156462585034,0.9176202554555282,0.741744277172719,0.09884505856787754
139,4,LMM-2,7,9.227380952380953,0.5694733414491981,18.454761904761906,1.1389466828983963,0.8203358465014745,0.06956916630272979
139,5,LMM-1,7,10.590306122448979,0.5824651419877434,21.180612244897958,1.1649302839754867,0.7945614096785272,0.07556977031349321
139,5,LMM-2,7,8.531292517006802,0.9097494364970607,17.062585034013605,1.8194988729941215,0.8324749529692196,0.05698218197035673
139,6,LMM-1,7,10.01955782312925,0.6219248471688024,20.0391156462585,1.2438496943376047,0.8063467261460461,0.07006202415329146
139,6,LMM-2,7,8.348979591836734,0.7571993915731391,16.69795918367347,1.5143987831462782,0.8318170665400473,0.06116904803586232
139,7,LMM-1,7,9.385374149659864,0.6315873182768004,18.770748299319727,1.2631746365536007,0.8274536023000597,0.05845264049911065
139,7,LMM-2,7,7.806292517006803,0.6619900089129722,15.612585034013605,1.3239800178259444,0.8519863061778529,0.051636678433335706
139,8,LMM-1,7,8.86343537414966,0.6031335925822571,17.72687074829932,1.2062671851645141,0.8370972025794208,0.05600618519409503
139,8,LMM-2,7,6.552721088435375,0.8218316358750264,13.10544217687075,1.6436632717500528,0.8802263287884706,0.044039859112464504
139,9,LMM-1,7,8.654591836734694,0.7862347350126572,17.309183673469388,1.5724694700253143,0.8521873252115336,0.0473258670306252
139,9,LMM-2,7,7.816836734693878,0.6042087393853944,15.633673469387755,1.2084174787707889,0.8525770343880594,0.051463945541247204
139,10,LMM-1,7,8.654591836734694,0.7862347350126572,17.309183673469388,1.5724694700253143,0.8515904677063341,0.04847439762554263
139,10,LMM-2,7,7.1302721088435375,0.7028526195466259,14.260544217687075,1.4057052390932518,0.8712613203843905,0.044924118512869954
140,4,LMM-1,7,14.687244897959184,0.40331108246342234,29.374489795918368,0.8066221649268447,0.7297162814911484,0.09809088616968158
140,4,LMM-2,7,13.687244897959184,0.40331108246342234,27.374489795918368,0.8066221649268447,0.7297162814911484,0.09809088616968158
140,5,LMM-1,7,14.687244897959184,0.40331108246342234,29.374489795918368,0.8066221649268447,0.7297162814911484,0.09809088616968158
140,5,LMM-2,7,13.687244897959184,0.40331108246342234,27.374489795918368,0.8066221649268447,0.7297162814911484,0.09809088616968158
140,6,LMM-1,7,13.687244897959184,0.40331108246342234,27.374489795918368,0.8066221649268447,0.7577503919174803,0.09000526213911667
140,6,LMM-2,7,8.607312925170067,0.4687127281678809,17.214625850340134,0.9374254563357618,0.8391423692454782,0.06282473001361956
140,7,LMM-1,7,13.687244897959184,0.40331108246342234,27.374489795918368,0.8066221649268447,0.7577503919174803,0.09000526213911667
140,7,LMM-2,7,8.607312925170067,0.4687127281678809,17.214625850340134,0.9374254563357618,0.8391423692454782,0.06282473001361956
140,8,LMM-1,7,13.687244897959184,0.40331108246342234,27.374489795918368,0.8066221649268447,0.7577503919174803,0.09000526213911667
140,8,LMM-2,7,8.607312925170067,0.4687127281678809,17.214625850340134,0.9374254563357618,0.8391423692454782,0.06282473001361956
140,9,LMM-1,7,13.068367346938775,0.8981180286221349,26.13673469387755,1.7962360572442697,0.77361999543562,0.07372173097561882
140,9,LMM-2,7,8.285374149659864,0.7212926485316256,16.570748299319728,1.4425852970632511,0.8514809222464219,0.04942208815554496
140,10,LMM-1,7,12.798809523809524,0.8458632832068969,25.597619047619048,1.6917265664137937,0.7769944835886716,0.07418541108331021
140,10,LMM-2,7,8.259013605442176,0.664307005103074,16.51802721088435,1.328614010206148,0.8519309096463443,0.05036334428817995
141,4,LMM-1,7,13.162074829931973,0.20037261670335577,26.324149659863945,0.40074523340671153,0.7482387584239786,0.09377572357491779
141,4,LMM-2,7,7.270238095238095,0.8844316750066689,14.54047619047619,1.7688633500133377,0.8517870150352059,0.07624814829775203
141,5,LMM-1,7,12.656292517006802,0.5940173585348606,25.312585034013605,1.1880347170697212,0.7607367765786804,0.08211336301492503
141,5,LMM-2,7,6.964965986394558,0.668615608805521,13.929931972789117,1.337231217611042,0.8606796003504144,0.06667061558889971
141,6,LMM-1,7,12.34234693877551,0.7191540042551889,24.68469387755102,1.4383080085103779,0.7663848784407715,0.07943803075165397
141,6,LMM-2,7,6.804251700680273,0.7497926117389133,13.608503401360545,1.4995852234778266,0.8642296496288225,0.07000516325037442
141,7,LMM-1,7,10.920748299319728,0.3573620966208562,21.841496598639456,0.7147241932417124,0.8190041835345874,0.06856755627005745
141,7,LMM-2,7,5.2559523809523805,0.17597316070350572,10.511904761904761,0.35194632140701143,0.9050115342497621,0.04265753970918223
141,8,LMM-1,7,11.162074829931973,0.20037261670335577,22.324149659863945,0.40074523340671153,0.8119803401807113,0.07432857948324062
141,8,LMM-2,7,5.497278911564626,0.18377862950788787,10.994557823129252,0.36755725901577574,0.8969893223904586,0.049298956990715265
141,9,LMM-1,7,10.682653061224489,0.5854940052089277,21.365306122448978,1.1709880104178554,0.8263485089131632,0.06028072215386251
141,9,LMM-2,7,5.142857142857143,0.25477303046467487,10.285714285714286,0.5095460609293497,0.9083494335639688,0.040777565970466924
141,10,LMM-1,7,10.017857142857142,0.36314402482546787,20.035714285714285,0.7262880496509357,0.8322546826356315,0.06021011026631125
141,10,LMM-2,7,5.785204081632654,0.46178633779916334,11.570408163265308,0.9235726755983267,0.895607832050235,0.04037770109775731
142,4,LMM-1,7,11.31513605442177,0.40294043656423423,22.63027210884354,0.8058808731284685,0.7569973634550207,0.08474148509235674
142,4,LMM-2,7,8.906462585034014,0.25820113011375817,17.812925170068027,0.5164022602275163,0.7949631011230567,0.07420663796429862
142,5,LMM-1,7,10.163775510204081,0.554045352374144,20.327551020408162,1.108090704748288,0.7974885016520724,0.06952653528548713
142,5,LMM-2,7,7.834013605442176,0.36148542275064893,15.668027210884352,0.7229708455012979,0.8241687879293764,0.06281273778816084
142,6,LMM-1,7,9.493707482993198,0.31145831519591605,18.987414965986396,0.6229166303918321,0.7986205723775408,0.07617471508199986
142,6,LMM-2,7,8.318197278911565,0.3273050093028226,16.63639455782313,0.6546100186056452,0.8117338021365322,0.06931735494325326
142,7,LMM-1,7,9.417176870748298,0.3197068128816948,18.834353741496596,0.6394136257633896,0.8013264958718463,0.07266817075421156
142,7,LMM-2,7,8.318197278911565,0.3273050093028226,16.63639455782313,0.6546100186056452,0.8117338021365322,0.06931735494325326
142,8,LMM-1,7,8.900510204081632,0.4717127300780744,17.801020408163264,0.9434254601561488,0.8323131465816501,0.05694309724059494
142,8,LMM-2,7,8.296428571428573,0.2662145401849712,16.592857142857145,0.5324290803699424,0.8052488796138577,0.06791519293727606
142,9,LMM-1,7,8.225850340136054,0.49411081240210364,16.451700680272108,0.9882216248042073,0.8382339880391335,0.054347067910447154
142,9,LMM-2,7,7.537244897959184,0.26708294334452115,15.074489795918367,0.5341658866890423,0.8454860081061961,0.05984474274226484
142,10,LMM-1,7,8.207993197278912,0.5215189226406074,16.415986394557823,1.0430378452812148,0.8477304788257332,0.05173905649599689
142,10,LMM-2,7,7.006462585034014,0.3905357393735895,14.012925170068028,0.781071478747179,0.86513725166322,0.049850697810375634
143,4,LMM-1,7,10.671598639455782,0.4253566257374225,21.343197278911564,0.850713251474845,0.7819995369077514,0.07782373326901777
143,4,LMM-2,7,9.762244897959183,0.366300790535749,19.524489795918367,0.732601581071498,0.781136945249018,0.0784416434789947
143,5,LMM-1,7,10.730272108843538,0.3587418045817557,21.460544217687076,0.7174836091635114,0.7801755923531154,0.07975077156694103
143,5,LMM-2,7,9.820918367346938,0.2956902514297633,19.641836734693875,0.5913805028595266,0.779316803081495,0.08036338258180581
143,6,LMM-1,7,10.01955782312925,0.6219248471688024,20.0391156462585,1.2438496943376047,0.814489369132313,0.06418255788819441
143,6,LMM-2,7,7.875680272108844,0.6261180014003285,15.751360544217688,1.252236002800657,0.8397940248421304,0.060378317165518135
143,7,LMM-1,7,10.413945578231292,0.5038279586075807,20.827891156462584,1.0076559172151613,0.8007628501828883,0.0682987286844098
143,7,LMM-2,7,6.170748299319728,0.5607010546061078,12.341496598639456,1.1214021092122155,0.8715616923423207,0.06092510913503347
143,8,LMM-1,7,10.413945578231292,0.5038279586075807,20.827891156462584,1.0076559172151613,0.8138808754777475,0.06550494086728502
143,8,LMM-2,7,6.170748299319728,0.5607010546061078,12.341496598639456,1.1214021092122155,0.8713195400321704,0.06102756143234228
143,9,LMM-1,7,10.342857142857143,0.4161289046751288,20.685714285714287,0.8322578093502576,0.8081839180162625,0.0656178149262509
143,9,LMM-2,7,8.004251700680273,0.4539080281656481,16.008503401360546,0.9078160563312963,0.8338035201289097,0.05726456304062688
143,10,LMM-1,7,10.342857142857143,0.4161289046751288,20.685714285714287,0.8322578093502576,0.8081839180162625,0.0656178149262509
143,10,LMM-2,7,8.004251700680273,0.4539080281656481,16.008503401360546,0.9078160563312963,0.8338035201289097,0.05726456304062688
144,4,LMM-1,7,15.355612244897959,0.5424201286840913,30.711224489795917,1.0848402573681826,0.721482633486327,0.0935840848483235
144,4,LMM-2,7,10.391326530612245,0.4996859696898374,20.78265306122449,0.9993719393796748,0.8004743169929271,0.07048649178378646
144,5,LMM-1,7,15.355612244897959,0.5424201286840913,30.711224489795917,1.0848402573681826,0.721482633486327,0.0935840848483235
144,5,LMM-2,7,10.391326530612245,0.4996859696898374,20.78265306122449,0.9993719393796748,0.8004743169929271,0.07048649178378646
144,6,LMM-1,7,15.376020408163265,0.5201364837065673,30.75204081632653,1.0402729674131346,0.720525817682712,0.0945300221141482
144,6,LMM-2,7,10.452551020408164,0.43505601950586575,20.905102040816328,0.8701120390117315,0.7981817250308093,0.07275366206532279
144,7,LMM-1,7,15.376020408163265,0.5201364837065673,30.75204081632653,1.0402729674131346,0.720525817682712,0.0945300221141482
144,7,LMM-2,7,10.452551020408164,0.43505601950586575,20.905102040816328,0.8701120390117315,0.7981817250308093,0.07275366206532279
144,8,LMM-1,7,15.355612244897959,0.5424201286840913,30.711224489795917,1.0848402573681826,0.721482633486327,0.0935840848483235
144,8,LMM-2,7,10.391326530612245,0.4996859696898374,20.78265306122449,0.9993719393796748,0.8004743169929271,0.07048649178378646
144,9,LMM-1,7,15.319897959183674,0.595028777579235,30.639795918367348,1.19005755515847,0.7226491716306559,0.09194459652638223
144,9,LMM-2,7,10.319897959183674,0.595028777579235,20.639795918367348,1.19005755515847,0.8029966793812553,0.0668088119287645
144,10,LMM-1,7,14.361224489795918,1.1306223752585278,28.722448979591835,2.2612447505170556,0.742998429732868,0.08046547289687886
144,10,LMM-2,7,10.193537414965986,0.6326536098307913,20.387074829931972,1.2653072196615827,0.8077518685904125,0.06452866759718855
145,4,LMM-1,7,10.421428571428573,0.5805521650347457,20.842857142857145,1.1611043300694914,0.7769065158601245,0.07845105801110498
145,4,LMM-2,7,6.533673469387756,0.4914237405688383,13.067346938775511,0.9828474811376766,0.856005803914471,0.05580363625992833
145,5,LMM-1,7,10.620068027210886,0.7864291297157858,21.24013605442177,1.5728582594315716,0.7885717424009628,0.07412481623502838
145,5,LMM-2,7,9.041496598639457,1.2163673348403823,18.082993197278913,2.4327346696807646,0.8040075085477641,0.06199159817818723
145,6,LMM-1,7,10.39574829931973,0.43982018494537206,20.79149659863946,0.8796403698907441,0.7989033320940664,0.07809590289918723
145,6,LMM-2,7,9.39574829931973,0.43982018494537206,18.79149659863946,0.8796403698907441,0.796984939938101,0.07845325110986186
145,7,LMM-1,7,10.39574829931973,0.43982018494537206,20.79149659863946,0.8796403698907441,0.7989033320940664,0.07809590289918723
145,7,LMM-2,7,9.434013605442177,0.4241069702316668,18.868027210884353,0.8482139404633336,0.7972037979913368,0.0782017423800786
145,8,LMM-1,7,10.39574829931973,0.43982018494537206,20.79149659863946,0.8796403698907441,0.7989033320940664,0.07809590289918723
145,8,LMM-2,7,9.434013605442177,0.4241069702316668,18.868027210884353,0.8482139404633336,0.7972037979913368,0.0782017423800786
145,9,LMM-1,7,9.926020408163266,0.6928023298593875,19.852040816326532,1.385604659718775,0.8133570756633007,0.06331268945637612
145,9,LMM-2,7,8.62091836734694,0.6843742389513625,17.24183673469388,1.368748477902725,0.8243435327423453,0.05879719595479086
145,10,LMM-1,7,9.16921768707483,0.45787322455910445,18.33843537414966,0.9157464491182089,0.8320957440443463,0.06098129578720395
145,10,LMM-2,7,8.107142857142858,0.5170012083478206,16.214285714285715,1.0340024166956412,0.8334553148967946,0.059718331497240124
146,4,LMM-1,7,18.881802721088434,1.1348591159723969,37.76360544217687,2.2697182319447937,0.6565280036320195,0.1056225230824334
146,4,LMM-2,7,11.94438775510204,0.6730701678702967,23.88877551020408,1.3461403357405934,0.7606981764654883,0.09880621413327847
146,5,LMM-1,7,18.881802721088434,1.1348591159723969,37.76360544217687,2.2697182319447937,0.6565280036320195,0.1056225230824334
146,5,LMM-2,7,11.94438775510204,0.6730701678702967,23.88877551020408,1.3461403357405934,0.7606981764654883,0.09880621413327847
146,6,LMM-1,7,16.881802721088437,1.1348591159723973,33.763605442176875,2.2697182319447946,0.6975054108035076,0.09425106158773296
146,6,LMM-2,7,10.343707482993198,0.41028381971133515,20.687414965986395,0.8205676394226703,0.7938259112846134,0.08891132699524745
146,7,LMM-1,7,16.881802721088437,1.1348591159723973,33.763605442176875,2.2697182319447946,0.7051127547322072,0.0920423145468808
146,7,LMM-2,7,9.590986394557822,0.4614503766281269,19.181972789115644,0.9229007532562538,0.8129956315690359,0.07362184411811072
146,8,LMM-1,7,16.881802721088437,1.1348591159723973,33.763605442176875,2.2697182319447946,0.7051127547322072,0.0920423145468808
146,8,LMM-2,7,9.590986394557822,0.4614503766281269,19.181972789115644,0.9229007532562538,0.8129956315690359,0.07362184411811072
146,9,LMM-1,7,16.881802721088437,1.1348591159723973,33.763605442176875,2.2697182319447946,0.7051127547322072,0.0920423145468808
146,9,LMM-2,7,9.590986394557822,0.4614503766281269,19.181972789115644,0.9229007532562538,0.8129956315690359,0.07362184411811072
146,10,LMM-1,7,16.881802721088437,1.1348591159723973,33.763605442176875,2.2697182319447946,0.7051127547322072,0.0920423145468808
146,10,LMM-2,7,9.590986394557822,0.4614503766281269,19.181972789115644,0.9229007532562538,0.8129956315690359,0.07362184411811072
147,4,LMM-1,7,13.854421768707482,1.2238203952582514,27.708843537414964,2.4476407905165027,0.7422754918966888,0.07406652108947996
147,4,LMM-2,7,12.854421768707482,1.2238203952582514,25.708843537414964,2.4476407905165027,0.7422754918966888,0.07406652108947996
147,5,LMM-1,7,13.854421768707482,1.2238203952582514,27.708843537414964,2.4476407905165027,0.7420191702237816,0.07425911349861102
147,5,LMM-2,7,12.854421768707482,1.2238203952582514,25.708843537414964,2.4476407905165027,0.7420191702237816,0.07425911349861102
147,6,LMM-1,7,13.710204081632654,1.299062552459272,27.420408163265307,2.598125104918544,0.7563772323228702,0.06807608989296236
147,6,LMM-2,7,10.051020408163266,0.4229465668584225,20.102040816326532,0.845893133716845,0.8062701003650775,0.06942292669324276
147,7,LMM-1,7,11.910544217687075,1.1598676361981701,23.82108843537415,2.3197352723963403,0.7797980138019909,0.06269497634082691
147,7,LMM-2,7,8.928911564625851,0.6836638236704063,17.857823129251702,1.3673276473408127,0.8248127213433556,0.054808269905536465
147,8,LMM-1,7,11.910544217687075,1.1598676361981701,23.82108843537415,2.3197352723963403,0.7797980138019909,0.06269497634082691
147,8,LMM-2,7,8.928911564625851,0.6836638236704063,17.857823129251702,1.3673276473408127,0.8248127213433556,0.054808269905536465
147,9,LMM-1,7,8.199489795918367,0.5819238341031427,16.398979591836735,1.1638476682062855,0.8479641185735731,0.05175105024016572
147,9,LMM-2,7,7.837074829931972,0.24181401005012665,15.674149659863945,0.4836280201002533,0.8326985696230903,0.061535094625422435
147,10,LMM-1,7,7.946768707482994,0.6604044791485073,15.893537414965987,1.3208089582970146,0.8560685364282118,0.04736006500766006
147,10,LMM-2,7,8.158503401360544,0.40504563313535835,16.31700680272109,0.8100912662707167,0.8380607422899249,0.06146631782744737
148,4,LMM-1,7,10.407142857142857,0.3905487737417719,20.814285714285713,0.7810975474835438,0.7939939471292295,0.07325247747085063
148,4,LMM-2,7,9.483673469387755,0.2951048321455725,18.96734693877551,0.590209664291145,0.7832043435481989,0.07557992156232356
148,5,LMM-1,7,10.033333333333333,0.3019776087568022,20.066666666666666,0.6039552175136044,0.791653450242894,0.0766213458284284
148,5,LMM-2,7,9.171938775510203,0.2936827152385002,18.343877551020405,0.5873654304770004,0.790926211541772,0.07750488541081353
148,6,LMM-1,7,9.345068027210884,0.4487684388038392,18.690136054421767,0.8975368776076784,0.8100637530144944,0.06447835546474581
148,6,LMM-2,7,8.605612244897959,0.16684236886060277,17.211224489795917,0.33368473772120555,0.8043907102067428,0.07227074663231471
148,7,LMM-1,7,9.434353741496597,0.4772672471212493,18.868707482993194,0.9545344942424986,0.8093603665617682,0.06418394719620889
148,7,LMM-2,7,8.009353741496598,0.26744785704966006,16.018707482993197,0.5348957140993201,0.8207167077828403,0.06418388658714684
148,8,LMM-1,7,8.992517006802721,0.29334324065406553,17.985034013605443,0.5866864813081311,0.817736034506276,0.0653221143298722
148,8,LMM-2,7,7.519897959183673,0.25476247241156347,15.039795918367346,0.5095249448231269,0.8305134954354055,0.06812050154720993
148,9,LMM-1,7,8.82704081632653,0.19057896279913658,17.65408163265306,0.38115792559827316,0.821794240278772,0.06731733654925132
148,9,LMM-2,7,7.653401360544217,0.19056909784692366,15.306802721088435,0.3811381956938473,0.8269513575950697,0.06727970925217988
148,10,LMM-1,7,8.896768707482993,0.5144127434631012,17.793537414965986,1.0288254869262023,0.8293191035326032,0.05791285136578405
148,10,LMM-2,7,7.890306122448979,0.19935353547653087,15.780612244897958,0.39870707095306174,0.8276839299218292,0.06611130494603733
149,4,LMM-1,7,11.029251700680273,0.5853252320590046,22.058503401360547,1.170650464118009,0.770405284710778,0.078990485383956
149,4,LMM-2,7,9.421428571428573,0.5489321730525958,18.842857142857145,1.0978643461051916,0.7878381301425067,0.0768955938493966
149,5,LMM-1,7,10.547789115646257,0.5258734957191993,21.095578231292514,1.0517469914383986,0.7806610219923594,0.076987386849237
149,5,LMM-2,7,9.421428571428573,0.5489321730525958,18.842857142857145,1.0978643461051916,0.7863975477387584,0.07716997201384748
149,6,LMM-1,7,9.827721088435373,0.5045054196444727,19.655442176870746,1.0090108392889454,0.7984234081032463,0.0702163750304084
149,6,LMM-2,7,6.818197278911565,0.6422063707481108,13.63639455782313,1.2844127414962216,0.8446806731859604,0.0719921253688168
149,7,LMM-1,7,9.899149659863946,0.4298246577725218,19.798299319727892,0.8596493155450436,0.7962282592129215,0.0734205968581772
149,7,LMM-2,7,6.943197278911565,0.7213734836418433,13.88639455782313,1.4427469672836866,0.8402542401086032,0.07818131569270603
149,8,LMM-1,7,9.679761904761905,0.5787551148743285,19.35952380952381,1.157510229748657,0.8103756085141572,0.06484725483941675
149,8,LMM-2,7,7.79795918367347,0.3123897371302647,15.59591836734694,0.6247794742605294,0.8248108656706546,0.07533427878522628
149,9,LMM-1,7,8.671938775510204,0.37483494755709496,17.34387755102041,0.7496698951141899,0.835053554915666,0.06124295367627496
149,9,LMM-2,7,8.20578231292517,0.32922112918169666,16.41156462585034,0.6584422583633933,0.8162747554356512,0.06643419915003984
149,10,LMM-1,7,8.724319727891157,0.3628355026974041,17.448639455782313,0.7256710053948082,0.8342700280463424,0.06111974131298226
149,10,LMM-2,7,7.743367346938776,0.42692515304984263,15.486734693877551,0.8538503060996853,0.8327729970490889,0.06079223584279227
150,4,LMM-1,7,12.693367346938775,0.3216010227376553,25.38673469387755,0.6432020454753106,0.7448557503180016,0.09026190098097679
150,4,LMM-2,7,8.418877551020408,0.508795504572043,16.837755102040816,1.017591009144086,0.814870363781797,0.08194486653271008
150,5,LMM-1,7,12.598979591836736,0.45692642471299433,25.197959183673472,0.9138528494259887,0.7494517553525191,0.08476654464731745
150,5,LMM-2,7,8.288775510204081,0.4383885336726355,16.577551020408162,0.876777067345271,0.8213520809237566,0.07322153100297707
150,6,LMM-1,7,12.598979591836736,0.45692642471299433,25.197959183673472,0.9138528494259887,0.7501257336773561,0.0838377720928897
150,6,LMM-2,7,8.324489795918367,0.4439232910986331,16.648979591836735,0.8878465821972662,0.8207375875172823,0.07414592932912487
150,7,LMM-1,7,12.598979591836736,0.45692642471299433,25.197959183673472,0.9138528494259887,0.7501257336773561,0.0838377720928897
150,7,LMM-2,7,8.324489795918367,0.4439232910986331,16.648979591836735,0.8878465821972662,0.8207375875172823,0.07414592932912487
150,8,LMM-1,7,12.598979591836736,0.45692642471299433,25.197959183673472,0.9138528494259887,0.7501257336773561,0.0838377720928897
150,8,LMM-2,7,8.324489795918367,0.4439232910986331,16.648979591836735,0.8878465821972662,0.8207375875172823,0.07414592932912487
150,9,LMM-1,7,12.56326530612245,0.5263802981138248,25.1265306122449,1.0527605962276496,0.7511872169959476,0.0824208429320513
150,9,LMM-2,7,8.288775510204081,0.4383885336726355,16.577551020408162,0.876777067345271,0.8219193673630587,0.07238545479030939
150,10,LMM-1,7,10.598979591836736,0.45692642471299433,21.197959183673472,0.9138528494259887,0.7954489415683226,0.06943493726668747
150,10,LMM-2,7,8.61734693877551,0.3505299664029825,17.23469387755102,0.701059932805965,0.81441817087909,0.07109076604256548
151,4,LMM-1,7,10.774149659863946,0.5076917737264783,21.548299319727892,1.0153835474529567,0.7815155762369347,0.07518533543976261
151,4,LMM-2,7,8.80986394557823,0.45837494920428556,17.61972789115646,0.9167498984085711,0.8083835807124993,0.06722506820318984
151,5,LMM-1,7,10.744387755102041,0.3865535896021649,21.488775510204082,0.7731071792043298,0.7813808160282357,0.07837914819725457
151,5,LMM-2,7,8.744387755102041,0.3865535896021649,17.488775510204082,0.7731071792043298,0.8088728508637285,0.06963190104472326
151,6,LMM-1,7,10.690816326530612,0.45411488069060196,21.381632653061224,0.9082297613812039,0.7828955588194588,0.07621221286191493
151,6,LMM-2,7,8.690816326530612,0.45411488069060196,17.381632653061224,0.9082297613812039,0.8105381155378366,0.06723386208267447
151,7,LMM-1,7,10.690816326530612,0.45411488069060196,21.381632653061224,0.9082297613812039,0.7828208657463884,0.07626757275059654
151,7,LMM-2,7,8.690816326530612,0.45411488069060196,17.381632653061224,0.9082297613812039,0.8105691900650631,0.06721067542587757
151,8,LMM-1,7,9.119047619047619,0.23510021021585126,18.238095238095237,0.4702004204317025,0.8320833088928641,0.06591228662893912
151,8,LMM-2,7,6.371768707482993,0.21005817977694358,12.743537414965987,0.42011635955388715,0.8719549759513395,0.05390712212340852
151,9,LMM-1,7,10.135714285714286,0.2601020208004732,20.271428571428572,0.5202040416009464,0.8165783429904648,0.07216546061582253
151,9,LMM-2,7,5.79421768707483,0.3899196655087624,11.58843537414966,0.7798393310175248,0.8869742448554492,0.05526104591746618
151,10,LMM-1,7,10.135714285714286,0.2601020208004732,20.271428571428572,0.5202040416009464,0.8172706307439175,0.07204365610273843
151,10,LMM-2,7,5.79421768707483,0.3899196655087624,11.58843537414966,0.7798393310175248,0.8870690430188438,0.05514579836762962
152,4,LMM-1,7,14.018707482993197,0.33393150548974404,28.037414965986393,0.6678630109794881,0.7112949782822219,0.0948570695640836
152,4,LMM-2,7,10.330272108843536,0.5338322409642343,20.66054421768707,1.0676644819284686,0.7658339859685741,0.08629291783615911
152,5,LMM-1,7,11.018707482993197,0.33393150548974404,22.037414965986393,0.6678630109794881,0.775513128735188,0.07535256567692258
152,5,LMM-2,7,8.791666666666666,0.34286954342653975,17.583333333333332,0.6857390868530795,0.7995219704129651,0.0776853795936929
152,6,LMM-1,7,11.018707482993197,0.33393150548974404,22.037414965986393,0.6678630109794881,0.775513128735188,0.07535256567692258
152,6,LMM-2,7,8.791666666666666,0.34286954342653975,17.583333333333332,0.6857390868530795,0.7995219704129651,0.0776853795936929
152,7,LMM-1,7,9.892346938775509,0.3789829284645478,19.784693877551017,0.7579658569290956,0.8016977262996893,0.06515518053885207
152,7,LMM-2,7,6.2136054421768705,0.3720074729163313,12.427210884353741,0.7440149458326626,0.8621581854003869,0.056662192797911716
152,8,LMM-1,7,9.527380952380952,0.543663248611819,19.054761904761904,1.087326497223638,0.8175106422051864,0.058127271848984134
152,8,LMM-2,7,7.316326530612245,0.5798297234655793,14.63265306122449,1.1596594469311585,0.8517655909735077,0.048814782907504684
152,9,LMM-1,7,9.228401360544217,0.4379835837139825,18.456802721088433,0.875967167427965,0.8265603721485414,0.057399906251443845
152,9,LMM-2,7,6.348809523809524,0.4560533892841397,12.697619047619048,0.9121067785682794,0.8758162006669605,0.03912746754792675
152,10,LMM-1,7,8.50952380952381,0.5663764763169196,17.01904761904762,1.1327529526338391,0.8479352167678362,0.04798240419704987
152,10,LMM-2,7,6.313095238095238,0.37727766349752234,12.626190476190477,0.7545553269950447,0.8762606251362868,0.04128273554001302
153,4,LMM-1,7,14.410544217687075,0.7979909348729384,28.82108843537415,1.5959818697458767,0.7170237945902574,0.09000421352080308
153,4,LMM-2,7,7.930272108843537,0.5626605004948895,15.860544217687075,1.125321000989779,0.8454657542789378,0.05053564062835381
153,5,LMM-1,7,10.569557823129253,0.6043626678963552,21.139115646258507,1.2087253357927104,0.7929305551538792,0.089219882758086
153,5,LMM-2,7,8.15561224489796,0.28451471129798656,16.31122448979592,0.5690294225959731,0.8430205269204011,0.05591288530115904
153,6,LMM-1,7,10.409013605442178,0.3445147578032157,20.818027210884356,0.6890295156064314,0.8008990939162377,0.07945908751663783
153,6,LMM-2,7,8.53078231292517,0.22735150339217636,17.06156462585034,0.4547030067843527,0.8283616827163884,0.06988019959537166
153,7,LMM-1,7,10.321768707482994,0.41012933514229893,20.643537414965987,0.8202586702845979,0.8062844302915256,0.07305922354918022
153,7,LMM-2,7,7.8767006802721085,0.384400770706542,15.753401360544217,0.768801541413084,0.848263284574459,0.05332743387721726
153,8,LMM-1,7,10.321768707482994,0.41012933514229893,20.643537414965987,0.8202586702845979,0.8062844302915256,0.07305922354918022
153,8,LMM-2,7,7.8767006802721085,0.384400770706542,15.753401360544217,0.768801541413084,0.848263284574459,0.05332743387721726
153,9,LMM-1,7,8.676530612244898,0.5281367774885934,17.353061224489796,1.056273554977187,0.8441594277949669,0.0566287614112768
153,9,LMM-2,7,6.072278911564625,0.27046965886117014,12.14455782312925,0.5409393177223403,0.8905975533479449,0.04008819479624141
153,10,LMM-1,7,8.676530612244898,0.5281367774885934,17.353061224489796,1.056273554977187,0.8441594277949669,0.0566287614112768
153,10,LMM-2,7,6.072278911564625,0.27046965886117014,12.14455782312925,0.5409393177223403,0.8905975533479449,0.04008819479624141
154,4,LMM-1,7,13.500850340136054,0.8202225974972518,27.00170068027211,1.6404451949945036,0.7423815427944284,0.09210414216407684
154,4,LMM-2,7,11.500850340136054,0.8202225974972518,23.00170068027211,1.6404451949945036,0.7680905325508636,0.08438625093418715
154,5,LMM-1,7,11.744047619047619,0.7421642831134168,23.488095238095237,1.4843285662268335,0.7911877521535583,0.0762947376566092
154,5,LMM-2,7,9.655612244897958,0.8090136233177316,19.311224489795915,1.6180272466354633,0.8223725586009014,0.06453253905149786
154,6,LMM-1,7,10.919557823129253,0.5988644154466823,21.839115646258506,1.1977288308933647,0.8122162204574997,0.07176091238107479
154,6,LMM-2,7,6.185714285714285,0.40457979096370567,12.37142857142857,0.8091595819274113,0.8911843419243829,0.05315209803294979
154,7,LMM-1,7,10.420918367346939,0.9317531954909538,20.841836734693878,1.8635063909819076,0.8300515095307918,0.05870149835932375
154,7,LMM-2,7,6.025850340136054,0.4441434551638316,12.051700680272107,0.8882869103276632,0.8985688644793047,0.04730979055304918
154,8,LMM-1,7,10.403061224489795,0.9572669854578425,20.80612244897959,1.914533970915685,0.8301556931013642,0.05856010968337709
154,8,LMM-2,7,5.899489795918368,0.5275691672646559,11.798979591836735,1.0551383345293117,0.9042104100733297,0.04239653105845831
154,9,LMM-1,7,9.664115646258503,0.8259258796662038,19.328231292517007,1.6518517593324076,0.847698080402768,0.05505396359824979
154,9,LMM-2,7,5.170748299319728,0.3434488334640693,10.341496598639456,0.6868976669281386,0.9067953181086182,0.050333527018934204
154,10,LMM-1,7,9.681972789115646,0.7987659103262248,19.36394557823129,1.5975318206524496,0.8471203941548009,0.05607310979570379
154,10,LMM-2,7,5.938095238095238,0.42861110927412666,11.876190476190477,0.8572222185482533,0.890982281781347,0.056210853909667166
155,4,LMM-1,7,11.500170068027211,0.39972376099430107,23.000340136054422,0.7994475219886021,0.7254744757107375,0.08209974454161176
155,4,LMM-2,7,7.580442176870748,0.4001760308439184,15.160884353741496,0.8003520616878368,0.8093897839876938,0.06196726521856793
155,5,LMM-1,7,13.006802721088436,0.7138847270966378,26.01360544217687,1.4277694541932755,0.7125422773366842,0.09410662306706694
155,5,LMM-2,7,11.552551020408163,0.4851706093258739,23.105102040816327,0.9703412186517478,0.730213905763965,0.08999740031103204
155,6,LMM-1,7,9.792006802721088,0.481680392249531,19.584013605442177,0.963360784499062,0.7894985335619114,0.07136274260349819
155,6,LMM-2,7,9.562755102040816,0.20249568005177676,19.125510204081632,0.4049913601035535,0.805898405568451,0.06863701485724331
155,7,LMM-1,7,8.527380952380952,0.543663248611819,17.054761904761904,1.087326497223638,0.8406445186112802,0.059612617432215714
155,7,LMM-2,7,8.86530612244898,0.24882899426749192,17.73061224489796,0.49765798853498383,0.8155061007651897,0.06321972596303213
155,8,LMM-1,7,8.50952380952381,0.5663764763169196,17.01904761904762,1.1327529526338391,0.8384935054623467,0.0595999941481618
155,8,LMM-2,7,9.181632653061225,0.355687998841377,18.36326530612245,0.711375997682754,0.809191610029733,0.06943931890567762
155,9,LMM-1,7,6.956632653061225,0.39566501057377534,13.91326530612245,0.7913300211475507,0.872276621887902,0.04509891326251667
155,9,LMM-2,7,9.27482993197279,0.29182484158250394,18.54965986394558,0.5836496831650079,0.8192055825692665,0.06367319513024895
155,10,LMM-1,7,6.7920068027210885,0.481680392249531,13.584013605442177,0.963360784499062,0.8761191754125857,0.0418352567425393
155,10,LMM-2,7,7.309013605442177,0.4549176359874577,14.618027210884353,0.9098352719749154,0.8506756986540794,0.051689977354283614
156,4,LMM-1,7,17.890646258503402,0.7283597655535281,35.781292517006804,1.4567195311070562,0.6539455723620419,0.1037666685554577
156,4,LMM-2,7,14.8906462585034,0.7283597655535278,29.7812925170068,1.4567195311070555,0.6962491358465334,0.09196552313479793
156,5,LMM-1,7,17.681802721088438,0.9216699560527243,35.363605442176876,1.8433399121054486,0.6565142625054404,0.1013735689616124
156,5,LMM-2,7,14.264115646258503,1.3141388111376286,28.528231292517006,2.6282776222752573,0.7127462161899348,0.07664757036061765
156,6,LMM-1,7,14.8906462585034,0.7283597655535278,29.7812925170068,1.4567195311070555,0.7120486779104376,0.08731590789736556
156,6,LMM-2,7,10.436904761904762,0.39172636684969364,20.873809523809523,0.7834527336993873,0.7945358001549446,0.0679048449742972
156,7,LMM-1,7,14.8906462585034,0.7283597655535278,29.7812925170068,1.4567195311070555,0.7125925461220854,0.08715359421747582
156,7,LMM-2,7,11.8906462585034,0.7283597655535278,23.7812925170068,1.4567195311070555,0.7605267761612629,0.07228010504852114
156,8,LMM-1,7,14.8906462585034,0.7283597655535278,29.7812925170068,1.4567195311070555,0.7167769002357571,0.08589983647323113
156,8,LMM-2,7,13.8906462585034,0.7283597655535278,27.7812925170068,1.4567195311070555,0.7167769002357571,0.08589983647323113
156,9,LMM-1,7,12.8906462585034,0.7283597655535278,25.7812925170068,1.4567195311070555,0.7627228328032557,0.07157262677370774
156,9,LMM-2,7,10.436904761904762,0.39172636684969364,20.873809523809523,0.7834527336993873,0.7945358001549446,0.0679048449742972
156,10,LMM-1,7,9.833843537414966,0.4274805926440692,19.66768707482993,0.8549611852881384,0.8163905852219475,0.06340862545568807
156,10,LMM-2,7,8.47125850340136,0.48832350252770135,16.94251700680272,0.9766470050554027,0.8344913561379755,0.05711205002423519
157,4,LMM-1,7,14.219047619047618,0.4601094220640442,28.438095238095237,0.9202188441280884,0.6988825094891941,0.10272872877337147
157,4,LMM-2,7,13.219047619047618,0.4601094220640442,26.438095238095237,0.9202188441280884,0.6988825094891941,0.10272872877337147
157,5,LMM-1,7,11.623979591836735,0.4975769066276719,23.24795918367347,0.9951538132553438,0.786330027929168,0.07723568571223074
157,5,LMM-2,7,9.66343537414966,0.7982976893339756,19.32687074829932,1.5965953786679512,0.8102721820058106,0.06855442015874341
157,6,LMM-1,7,11.623979591836735,0.4975769066276719,23.24795918367347,0.9951538132553438,0.786330027929168,0.07723568571223074
157,6,LMM-2,7,9.586904761904762,0.8597463766713684,19.173809523809524,1.7194927533427369,0.8133140412860042,0.06471692823261156
157,7,LMM-1,7,10.836224489795919,0.4498604403064307,21.672448979591838,0.8997208806128614,0.8147850221780415,0.06641611683391548
157,7,LMM-2,7,8.910204081632653,0.35646128680243433,17.820408163265306,0.7129225736048687,0.8384957887767414,0.05969820936059135
157,8,LMM-1,7,10.732482993197278,0.42062585177038847,21.464965986394557,0.8412517035407769,0.8176900642698258,0.06629592617678343
157,8,LMM-2,7,8.750340136054422,0.3964133591316899,17.500680272108845,0.7928267182633798,0.842912611632202,0.05721529184024474
157,9,LMM-1,7,10.6406462585034,0.5586954457827759,21.2812925170068,1.1173908915655517,0.8201844297356639,0.06291040893620536
157,9,LMM-2,7,8.678911564625851,0.5091492497190958,17.357823129251702,1.0182984994381916,0.8445844157340181,0.05492518557690564
157,10,LMM-1,7,9.86734693877551,0.36557110444230323,19.73469387755102,0.7311422088846065,0.8389765482626261,0.06077009356186956
157,10,LMM-2,7,7.0914965986394565,0.24652379816685613,14.182993197278913,0.49304759633371226,0.8772933952635371,0.05097653194740843
158,4,LMM-1,7,13.55391156462585,0.27619246589545016,27.1078231292517,0.5523849317909003,0.7432111648722627,0.09243402992116051
158,4,LMM-2,7,10.365816326530611,0.3423670878221553,20.731632653061222,0.6847341756443106,0.8009503898845567,0.07344895029571363
158,5,LMM-1,7,13.412074829931973,0.344723066795342,26.824149659863945,0.689446133590684,0.7478366186700367,0.08870985743552358
158,5,LMM-2,7,10.452210884353743,0.6114792548224035,20.904421768707486,1.222958509644807,0.7994521815922094,0.0663417523599288
158,6,LMM-1,7,13.285714285714286,0.3980536546976306,26.571428571428573,0.7961073093952612,0.7444155235151468,0.09028684714786703
158,6,LMM-2,7,10.452210884353743,0.6114792548224035,20.904421768707486,1.222958509644807,0.7994521815922094,0.0663417523599288
158,7,LMM-1,7,12.417176870748298,0.3197068128816948,24.834353741496596,0.6394136257633896,0.748785380622577,0.08730516413104145
158,7,LMM-2,7,8.74625850340136,0.594117117446864,17.49251700680272,1.188234234893728,0.8213448589052957,0.06592635657268606
158,8,LMM-1,7,11.455442176870747,0.30971923261929174,22.910884353741494,0.6194384652385835,0.7642205520445795,0.08417526226818457
158,8,LMM-2,7,9.027380952380954,0.5171026249368237,18.054761904761907,1.0342052498736474,0.8130827356734441,0.06816981484051418
158,9,LMM-1,7,11.285714285714286,0.3980536546976306,22.571428571428573,0.7961073093952612,0.795554937548368,0.07444790758828691
158,9,LMM-2,7,10.287925170068027,0.4380066960637231,20.575850340136054,0.8760133921274462,0.8034818385907213,0.06852416670569617
158,10,LMM-1,7,10.90799319727891,0.5514340326287036,21.81598639455782,1.1028680652574072,0.7995202438912389,0.07244355714987599
158,10,LMM-2,7,10.030612244897958,0.4701512079745651,20.061224489795915,0.9403024159491302,0.8024915390522411,0.06875408083563839
159,4,LMM-1,7,14.159013605442178,0.6092958548622924,28.318027210884356,1.2185917097245849,0.6836422616369072,0.1047283716878094
159,4,LMM-2,7,10.901700680272109,0.6637139595439285,21.803401360544218,1.327427919087857,0.7434674891226386,0.09083704265617037
159,5,LMM-1,7,11.335714285714285,0.41215929377694727,22.67142857142857,0.8243185875538945,0.7781733779357705,0.07794970690159994
159,5,LMM-2,7,9.861394557823129,0.2405636140870055,19.722789115646258,0.481127228174011,0.7569558934233557,0.08723419043277317
159,6,LMM-1,7,10.545748299319728,0.24461470296879195,21.091496598639456,0.4892294059375839,0.7767037072169082,0.07914808987964092
159,6,LMM-2,7,9.93248299319728,0.6440894947486663,19.86496598639456,1.2881789894973326,0.7828051101563902,0.08747548502649566
159,7,LMM-1,7,9.626190476190477,0.5755506088966986,19.252380952380953,1.1511012177933972,0.8094880164589907,0.0657558575544685
159,7,LMM-2,7,9.054251700680272,0.3650717682763358,18.108503401360544,0.7301435365526716,0.7984559851296748,0.07650930478518568
159,8,LMM-1,7,9.49047619047619,0.44914885492178536,18.98095238095238,0.8982977098435707,0.8150910760207184,0.06608029254067073
159,8,LMM-2,7,8.691666666666666,0.591087912780257,17.383333333333333,1.182175825560514,0.8072111488844331,0.06379744600255978
159,9,LMM-1,7,8.683503401360545,0.5687936802007465,17.36700680272109,1.137587360401493,0.8348181907559802,0.05686095248800736
159,9,LMM-2,7,8.77312925170068,0.3665136050476057,17.54625850340136,0.7330272100952114,0.8088962386901615,0.07230211054012203
159,10,LMM-1,7,8.042517006802722,0.4117964714940311,16.085034013605444,0.8235929429880622,0.8470180645914299,0.055621133913149434
159,10,LMM-2,7,6.937755102040817,0.4497460475005343,13.875510204081634,0.8994920950010686,0.8443728143754056,0.05525161982616943
160,4,LMM-1,7,11.745238095238095,0.7273955652806956,23.49047619047619,1.4547911305613912,0.76893184223488,0.0775650976397584
160,4,LMM-2,7,9.887244897959183,0.5914939092309562,19.774489795918367,1.1829878184619125,0.7953029986275553,0.06942403595202996
160,5,LMM-1,7,11.745238095238095,0.7273955652806956,23.49047619047619,1.4547911305613912,0.7756554328520829,0.07604498541606591
160,5,LMM-2,7,9.444557823129253,0.288806156879596,18.889115646258507,0.577612313759192,0.7903456348923611,0.0808377007121225
160,6,LMM-1,7,11.352891156462587,0.3821027789306534,22.705782312925173,0.7642055578613068,0.7794157346730683,0.07662575744960384
160,6,LMM-2,7,8.243707482993198,0.38782424195619364,16.487414965986396,0.7756484839123873,0.8226533684781286,0.07290674869860889
160,7,LMM-1,7,11.10748299319728,0.28148925002655556,22.21496598639456,0.5629785000531111,0.7813791987262559,0.07638572287760441
160,7,LMM-2,7,9.965476190476192,0.39567173572164543,19.930952380952384,0.7913434714432909,0.7833448169150425,0.07281029521161286
160,8,LMM-1,7,10.981122448979592,0.3361039065441843,21.962244897959184,0.6722078130883686,0.7845919632671606,0.0754045285629204
160,8,LMM-2,7,6.3287414965986395,0.5383654837945409,12.657482993197279,1.0767309675890817,0.8676456096059446,0.06226224514512946
160,9,LMM-1,7,10.061054421768707,0.297622254598854,20.122108843537415,0.595244509197708,0.8047904273063572,0.07102303385736856
160,9,LMM-2,7,8.972619047619048,0.33412745541572175,17.945238095238096,0.6682549108314435,0.8081020155354793,0.06814469521980902
160,10,LMM-1,7,9.481972789115646,0.637472862717384,18.963945578231293,1.274945725434768,0.827999141385245,0.05728265005101709
160,10,LMM-2,7,7.812925170068027,0.20812324545276673,15.625850340136054,0.41624649090553345,0.8377808929125728,0.06297792426138522
161,4,LMM-1,7,12.527040816326531,0.7505625560773763,25.054081632653062,1.5011251121547526,0.7571966307413247,0.08002957826615502
161,4,LMM-2,7,10.97278911564626,0.7244658422791114,21.94557823129252,1.4489316845582227,0.7676703124192834,0.07769784458775601
161,5,LMM-1,7,12.396428571428572,0.5018587897984443,24.792857142857144,1.0037175795968887,0.7683281485598055,0.08123490622909187
161,5,LMM-2,7,8.808673469387754,0.5705281718158055,17.61734693877551,1.141056343631611,0.8109331885257093,0.08826914606102243
161,6,LMM-1,7,11.770578231292518,0.5708737081781439,23.541156462585036,1.1417474163562877,0.774930866246551,0.07881891384316787
161,6,LMM-2,7,8.911734693877552,0.3467188678806502,17.823469387755104,0.6934377357613004,0.8164244384496737,0.07240104451897102
161,7,LMM-1,7,10.045578231292518,0.6908812189633435,20.091156462585037,1.381762437926687,0.8106486115598367,0.06216795123667888
161,7,LMM-2,7,8.571088435374149,0.8175675091140219,17.142176870748298,1.6351350182280437,0.8279637663436644,0.054895693141342475
161,8,LMM-1,7,10.045578231292518,0.6908812189633435,20.091156462585037,1.381762437926687,0.8106486115598367,0.06216795123667888
161,8,LMM-2,7,9.190986394557823,0.6301476890017019,18.381972789115647,1.2602953780034039,0.81053375954587,0.06289902560527719
161,9,LMM-1,7,10.314625850340136,0.4045546259406567,20.62925170068027,0.8091092518813134,0.8084809232400284,0.07024822910219153
161,9,LMM-2,7,9.403911564625849,0.49456911018382615,18.807823129251698,0.9891382203676523,0.8090468020819112,0.07093671889436919
161,10,LMM-1,7,10.314625850340136,0.4045546259406567,20.62925170068027,0.8091092518813134,0.8084809232400284,0.07024822910219153
161,10,LMM-2,7,9.403911564625849,0.49456911018382615,18.807823129251698,0.9891382203676523,0.8090468020819112,0.07093671889436919
162,4,LMM-1,7,15.281972789115645,0.4243973931349439,30.56394557823129,0.8487947862698878,0.6741803969871076,0.10050083535193836
162,4,LMM-2,7,11.668707482993197,0.17503495218278836,23.337414965986394,0.3500699043655767,0.7378493275930799,0.0895012211308303
162,5,LMM-1,7,14.281972789115645,0.4243973931349439,28.56394557823129,0.8487947862698878,0.703478738014584,0.0922537175500769
162,5,LMM-2,7,11.281972789115645,0.4243973931349439,22.56394557823129,0.8487947862698878,0.7499248874268056,0.07828327696468106
162,6,LMM-1,7,14.281972789115645,0.4243973931349439,28.56394557823129,0.8487947862698878,0.7231485710275508,0.08646766469725982
162,6,LMM-2,7,9.88265306122449,1.6579268975086117,19.76530612244898,3.3158537950172233,0.7971209978713301,0.044926085223835975
162,7,LMM-1,7,14.281972789115645,0.4243973931349439,28.56394557823129,0.8487947862698878,0.7231485710275508,0.08646766469725982
162,7,LMM-2,7,9.88265306122449,1.6579268975086117,19.76530612244898,3.3158537950172233,0.7971209978713301,0.044926085223835975
162,8,LMM-1,7,14.281972789115645,0.4243973931349439,28.56394557823129,0.8487947862698878,0.7231485710275508,0.08646766469725982
162,8,LMM-2,7,9.88265306122449,1.6579268975086117,19.76530612244898,3.3158537950172233,0.7971209978713301,0.044926085223835975
162,9,LMM-1,7,14.281972789115645,0.4243973931349439,28.56394557823129,0.8487947862698878,0.7231485710275508,0.08646766469725982
162,9,LMM-2,7,9.88265306122449,1.6579268975086117,19.76530612244898,3.3158537950172233,0.7971209978713301,0.044926085223835975
162,10,LMM-1,7,14.281972789115645,0.4243973931349439,28.56394557823129,0.8487947862698878,0.7231485710275508,0.08646766469725982
162,10,LMM-2,7,9.88265306122449,1.6579268975086117,19.76530612244898,3.3158537950172233,0.7971209978713301,0.044926085223835975
163,4,LMM-1,7,11.352551020408162,0.3175773492573888,22.705102040816325,0.6351546985147776,0.7653516031626302,0.08272434562626775
163,4,LMM-2,7,8.5,0.7676494735787385,17.0,1.535298947157477,0.8243185986004625,0.06400506287645837
163,5,LMM-1,7,10.45595238095238,0.43270820948743643,20.91190476190476,0.8654164189748729,0.7886406266990613,0.0752256043859641
163,5,LMM-2,7,6.4559523809523816,0.4327082094874363,12.911904761904763,0.8654164189748726,0.8738404952013942,0.04636569073974684
163,6,LMM-1,7,10.248809523809523,0.28453626193113146,20.497619047619047,0.5690725238622629,0.7872213806731047,0.07581384316393618
163,6,LMM-2,7,6.3500000000000005,0.4621378891320518,12.700000000000001,0.9242757782641036,0.8775570862001828,0.04520738848314099
163,7,LMM-1,7,9.712414965986396,0.3882495504861892,19.42482993197279,0.7764991009723784,0.8044735107399898,0.07039169294832047
163,7,LMM-2,7,5.797108843537415,0.313335929020001,11.59421768707483,0.626671858040002,0.8892841846150554,0.041809025741695205
163,8,LMM-1,7,9.694557823129253,0.4058343421377305,19.389115646258507,0.811668684275461,0.8049334545942163,0.06971016697921935
163,8,LMM-2,7,5.7792517006802715,0.33936408997059714,11.558503401360543,0.6787281799411943,0.8898284322613643,0.04101813407650974
163,9,LMM-1,7,9.122448979591837,0.3300809678301788,18.244897959183675,0.6601619356603576,0.8239740380818857,0.06341893445112376
163,9,LMM-2,7,7.7884353741496595,0.6060145960221444,15.576870748299319,1.2120291920442887,0.8341206380433054,0.05609396791095986
163,10,LMM-1,7,9.122448979591837,0.3300809678301788,18.244897959183675,0.6601619356603576,0.822621631700913,0.06389974242248309
163,10,LMM-2,7,7.073469387755102,0.4940862267865886,14.146938775510204,0.9881724535731772,0.8497987047891883,0.05347210096733563
164,4,LMM-1,7,13.527380952380952,0.36722669044729145,27.054761904761904,0.7344533808945829,0.7126772549122865,0.0970804651762338
164,4,LMM-2,7,8.6,0.9483067616998806,17.2,1.8966135233997612,0.8225228745357386,0.06955409110497685
164,5,LMM-1,7,12.409183673469387,0.6689131592819492,24.818367346938775,1.3378263185638983,0.7438755875233982,0.08528986736868202
164,5,LMM-2,7,10.792006802721088,0.7070170741465901,21.584013605442177,1.4140341482931802,0.7616220346717721,0.07967951146401737
164,6,LMM-1,7,12.409183673469387,0.6689131592819492,24.818367346938775,1.3378263185638983,0.7545445859302021,0.08569632468215418
164,6,LMM-2,7,11.163775510204081,0.7813691067983287,22.327551020408162,1.5627382135966574,0.7531003270568677,0.0807514513323182
164,7,LMM-1,7,11.137755102040815,0.49764008771622953,22.27551020408163,0.9952801754324591,0.7717100923589542,0.07765014832779346
164,7,LMM-2,7,9.56156462585034,0.9660083115267808,19.12312925170068,1.9320166230535616,0.8022245141466154,0.05932834812693712
164,8,LMM-1,7,9.827721088435373,0.5045054196444727,19.655442176870746,1.0090108392889454,0.8038059595835196,0.06558873078021872
164,8,LMM-2,7,7.066666666666667,0.2255504730055245,14.133333333333335,0.451100946011049,0.8712372658680152,0.048984099183928244
164,9,LMM-1,7,9.137755102040817,0.49764008771622953,18.275510204081634,0.9952801754324591,0.8266640699941981,0.05989352690172639
164,9,LMM-2,7,8.054761904761905,0.61248351359181,16.10952380952381,1.22496702718362,0.8505718957832793,0.05974451997994681
164,10,LMM-1,7,9.405612244897958,0.3843179954481035,18.811224489795915,0.768635990896207,0.821824313840007,0.06630887010403202
164,10,LMM-2,7,9.615646258503402,0.5527969597324456,19.231292517006803,1.1055939194648912,0.8124585986204286,0.07567052136244681
165,4,LMM-1,7,13.35595238095238,0.4738125149462897,26.71190476190476,0.9476250298925794,0.7144834489042654,0.09428977604388068
165,4,LMM-2,7,11.35595238095238,0.4738125149462897,22.71190476190476,0.9476250298925794,0.7385212998376518,0.08719654496947384
165,5,LMM-1,7,10.69795918367347,0.24101081734533752,21.39591836734694,0.48202163469067505,0.7782149615084607,0.08113771833354227
165,5,LMM-2,7,7.715816326530613,0.24871284640460486,15.431632653061225,0.49742569280920973,0.833676839258651,0.06438554297210136
165,6,LMM-1,7,10.934183673469388,0.2788842901879188,21.868367346938776,0.5577685803758377,0.7895111406053207,0.07530152883612136
165,6,LMM-2,7,8.916326530612244,0.3156906050245894,17.832653061224487,0.6313812100491788,0.8162998613668176,0.0657324514766362
165,7,LMM-1,7,10.816326530612244,0.2592519595084184,21.632653061224488,0.5185039190168368,0.792255396662855,0.07486296232996983
165,7,LMM-2,7,8.834183673469388,0.2211309482935647,17.668367346938776,0.4422618965871294,0.8176404996867559,0.06729698164837725
165,8,LMM-1,7,10.869897959183673,0.15412048435707373,21.739795918367346,0.30824096871414747,0.7907219782056601,0.07699814373770145
165,8,LMM-2,7,8.887755102040817,0.13007702840797936,17.775510204081634,0.2601540568159587,0.8160333040614803,0.0695999938307561
165,9,LMM-1,7,9.816326530612244,0.2592519595084184,19.632653061224488,0.5185039190168368,0.818320147798347,0.06636931606761612
165,9,LMM-2,7,8.85204081632653,0.18550672410916175,17.70408163265306,0.3710134482183235,0.8175408492971167,0.06743537858524216
165,10,LMM-1,7,9.798469387755102,0.29891602723330674,19.596938775510203,0.5978320544666135,0.818960647134224,0.06552178467234883
165,10,LMM-2,7,8.762755102040817,0.380931501492925,17.525510204081634,0.76186300298585,0.8202283653373199,0.06392474332306933
166,4,LMM-1,7,17.82857142857143,0.7881419925708281,35.65714285714286,1.5762839851416561,0.630770167611758,0.10577278187474039
166,4,LMM-2,7,9.0828231292517,0.5947391981168443,18.1656462585034,1.1894783962336886,0.8019710710264515,0.05893021843779231
166,5,LMM-1,7,15.828571428571427,0.7881419925708278,31.657142857142855,1.5762839851416557,0.6715324534003414,0.09464656761723161
166,5,LMM-2,7,9.0828231292517,0.5947391981168443,18.1656462585034,1.1894783962336886,0.8019710710264515,0.05893021843779231
166,6,LMM-1,7,15.828571428571427,0.7881419925708278,31.657142857142855,1.5762839851416557,0.6715324534003414,0.09464656761723161
166,6,LMM-2,7,9.0828231292517,0.5947391981168443,18.1656462585034,1.1894783962336886,0.8019710710264515,0.05893021843779231
166,7,LMM-1,7,14.828571428571427,0.7881419925708276,29.657142857142855,1.5762839851416552,0.6933343814371343,0.08832467359014477
166,7,LMM-2,7,11.037755102040817,0.7396630578953785,22.075510204081635,1.479326115790757,0.7503072586426877,0.08287301033706738
166,8,LMM-1,7,8.910204081632653,0.35646128680243433,17.820408163265306,0.7129225736048687,0.8263882358480685,0.06297722604266355
166,8,LMM-2,7,7.942857142857143,0.3503804216980411,15.885714285714286,0.7007608433960822,0.8330742135229843,0.06325475269621555
166,9,LMM-1,7,8.40969387755102,0.3462338610372491,16.81938775510204,0.6924677220744982,0.8435199824801317,0.05794828798699312
166,9,LMM-2,7,7.455272108843538,0.23130089520639982,14.910544217687075,0.46260179041279964,0.8487456079810671,0.06476678362629845
166,10,LMM-1,7,8.40969387755102,0.3462338610372491,16.81938775510204,0.6924677220744982,0.8448392408442115,0.05719134984252388
166,10,LMM-2,7,7.455272108843538,0.23130089520639982,14.910544217687075,0.46260179041279964,0.8492707486656427,0.06432489987121796
167,4,LMM-1,7,13.373129251700679,0.625317171592641,26.746258503401357,1.250634343185282,0.7198359011795753,0.09227259579167825
167,4,LMM-2,7,10.119727891156462,0.49362097681230305,20.239455782312923,0.9872419536246061,0.7743892693614497,0.08246808272517649
167,5,LMM-1,7,10.48860544217687,0.6545342390659763,20.97721088435374,1.3090684781319526,0.7842864949503889,0.09238298396918164
167,5,LMM-2,7,8.905442176870748,0.6665533361952803,17.810884353741496,1.3331066723905607,0.7991560352283216,0.08423561417734678
167,6,LMM-1,7,9.268367346938776,0.5205910931879563,18.536734693877552,1.0411821863759125,0.8206311038878719,0.06334346115687652
167,6,LMM-2,7,7.70187074829932,0.5399394444170321,15.40374149659864,1.0798788888340642,0.8321039977366552,0.06982646816186007
167,7,LMM-1,7,9.268367346938776,0.5205910931879563,18.536734693877552,1.0411821863759125,0.8193699014182932,0.06384591668675886
167,7,LMM-2,7,7.70187074829932,0.5399394444170321,15.40374149659864,1.0798788888340642,0.8316196965469439,0.07016536642665033
167,8,LMM-1,7,8.865986394557824,0.47837883945239307,17.73197278911565,0.9567576789047861,0.8320189814147759,0.0591486490707445
167,8,LMM-2,7,7.819047619047619,0.22456811662003023,15.638095238095238,0.44913623324006047,0.8346481252305465,0.06595375261544507
167,9,LMM-1,7,8.865986394557824,0.47837883945239307,17.73197278911565,0.9567576789047861,0.8342158623987483,0.05873878964609161
167,9,LMM-2,7,8.400510204081632,0.29040080511056904,16.801020408163264,0.5808016102211381,0.8299335179471026,0.06676736001896623
167,10,LMM-1,7,8.465646258503401,0.4927426945609405,16.931292517006803,0.985485389121881,0.840709145806315,0.059181402331567864
167,10,LMM-2,7,7.109013605442177,0.6472862844139886,14.218027210884355,1.2945725688279772,0.849605187973454,0.06994449758602107
168,4,LMM-1,7,11.854081632653061,0.42295012285522465,23.708163265306123,0.8459002457104493,0.7514374140013015,0.08368902379357321
168,4,LMM-2,7,7.770578231292517,0.6319093994409033,15.541156462585034,1.2638187988818066,0.8246160526487503,0.0579674651751927
168,5,LMM-1,7,11.774149659863946,0.5076917737264783,23.548299319727892,1.0153835474529567,0.7578490137497177,0.07963596177337616
168,5,LMM-2,7,7.507993197278912,0.7696136146950108,15.015986394557824,1.5392272293900215,0.8374235643128823,0.05096200969567304
168,6,LMM-1,7,11.777891156462585,0.3900211266646451,23.55578231292517,0.7800422533292902,0.7524629388147636,0.08449843013121976
168,6,LMM-2,7,8.762585034013606,0.45060826019467964,17.52517006802721,0.9012165203893593,0.8018664598288472,0.06837623823079272
168,7,LMM-1,7,11.744727891156462,0.35642323028847095,23.489455782312923,0.7128464605769419,0.7541331562802156,0.08370723748177454
168,7,LMM-2,7,9.01343537414966,0.2814770224630238,18.02687074829932,0.5629540449260476,0.7955551167520278,0.0708589927607595
168,8,LMM-1,7,10.675340136054421,0.5022885406371917,21.350680272108843,1.0045770812743835,0.7852774054092535,0.07279369197675371
168,8,LMM-2,7,8.329591836734695,0.402196466065943,16.65918367346939,0.804392932131886,0.822578721845006,0.07499533797067137
168,9,LMM-1,7,10.675340136054421,0.5022885406371917,21.350680272108843,1.0045770812743835,0.7852774054092535,0.07279369197675371
168,9,LMM-2,7,8.329591836734695,0.402196466065943,16.65918367346939,0.804392932131886,0.822578721845006,0.07499533797067137
168,10,LMM-1,7,10.110374149659863,0.6657472748965003,20.220748299319727,1.3314945497930006,0.8094053289893537,0.06425299109727163
168,10,LMM-2,7,6.446258503401361,0.3304022176587909,12.892517006802722,0.6608044353175818,0.8745218762838913,0.04621175552622989
169,4,LMM-1,7,13.900510204081632,0.4717127300780744,27.801020408163264,0.9434254601561488,0.7394895096080681,0.08804411028082901
169,4,LMM-2,7,9.900510204081632,0.4717127300780744,19.801020408163264,0.9434254601561488,0.814209611581916,0.06428615749276838
169,5,LMM-1,7,13.812414965986395,0.5424086109270668,27.62482993197279,1.0848172218541337,0.7412364156741241,0.0869569366031447
169,5,LMM-2,7,9.812414965986395,0.5424086109270668,19.62482993197279,1.0848172218541337,0.816188777389316,0.06303718113071413
169,6,LMM-1,7,12.83027210884354,0.5124853759726877,25.66054421768708,1.0249707519453755,0.765363378376604,0.08047050068617588
169,6,LMM-2,7,9.848129251700682,0.4846668449318035,19.696258503401364,0.969333689863607,0.815595458975243,0.06386387858822881
169,7,LMM-1,7,12.83027210884354,0.5124853759726877,25.66054421768708,1.0249707519453755,0.7662198806817002,0.08022838888413765
169,7,LMM-2,7,9.848129251700682,0.4846668449318035,19.696258503401364,0.969333689863607,0.815595458975243,0.06386387858822881
169,8,LMM-1,7,12.83027210884354,0.5124853759726877,25.66054421768708,1.0249707519453755,0.7811069094288735,0.07597845074257768
169,8,LMM-2,7,11.848129251700682,0.4846668449318035,23.696258503401364,0.969333689863607,0.7818607116919847,0.07490159626241684
169,9,LMM-1,7,11.464965986394558,0.22257844326020684,22.929931972789117,0.4451568865204137,0.7934851523646057,0.0734115310718824
169,9,LMM-2,7,7.140986394557823,1.1683369719486811,14.281972789115645,2.3366739438973623,0.8642451909339413,0.07406865297520658
169,10,LMM-1,7,10.83027210884354,0.5124853759726877,21.66054421768708,1.0249707519453755,0.8217571809007225,0.06203977756871115
169,10,LMM-2,7,7.848129251700681,0.4846668449318035,15.696258503401362,0.969333689863607,0.8624712970166782,0.04772295620093986
170,4,LMM-1,7,14.530442176870748,0.2170567777740167,29.060884353741496,0.4341135555480334,0.6866334703128131,0.11095589460570766
170,4,LMM-2,7,9.979931972789116,0.36364123583709407,19.95986394557823,0.7272824716741881,0.7773757043532903,0.08403173689038314
170,5,LMM-1,7,12.673809523809524,0.6168183303110486,25.347619047619048,1.2336366606220972,0.7338578187594912,0.08693461489410059
170,5,LMM-2,7,9.673809523809524,0.6168183303110486,19.347619047619048,1.2336366606220972,0.7884160582210704,0.06987412359406614
170,6,LMM-1,7,12.673809523809524,0.6168183303110486,25.347619047619048,1.2336366606220972,0.7352359291028187,0.08514412112408905
170,6,LMM-2,7,9.673809523809524,0.6168183303110486,19.347619047619048,1.2336366606220972,0.7899633338628426,0.06785327497490778
170,7,LMM-1,7,10.550340136054421,0.21245410934359854,21.100680272108843,0.4249082186871971,0.798603334727475,0.07783680498481516
170,7,LMM-2,7,9.976700680272108,0.4002519134784233,19.953401360544216,0.8005038269568466,0.8098477932224305,0.06891291195603251
170,8,LMM-1,7,9.935204081632653,0.6087220549194103,19.870408163265306,1.2174441098388207,0.8195495384329455,0.06762810623041818
170,8,LMM-2,7,9.786224489795918,0.38053434607379555,19.572448979591837,0.7610686921475911,0.8138148839763263,0.06806475689491276
170,9,LMM-1,7,9.567857142857141,0.3378394404570677,19.135714285714283,0.6756788809141354,0.8133472833316316,0.06770031242210751
170,9,LMM-2,7,8.528061224489795,0.46418447227873516,17.05612244897959,0.9283689445574703,0.8277847491959331,0.06889790709194453
170,10,LMM-1,7,9.068027210884354,0.3090468778301466,18.13605442176871,0.6180937556602932,0.8275962240875708,0.06373548996098052
170,10,LMM-2,7,8.506632653061224,0.4265266114232615,17.01326530612245,0.853053222846523,0.828140840148962,0.06337010530497408
171,4,LMM-1,7,12.771598639455783,0.5051534021849183,25.543197278911567,1.0103068043698367,0.7550022435118269,0.08311367052680199
171,4,LMM-2,7,6.741666666666666,0.34188436734504346,13.483333333333333,0.6837687346900869,0.8679921473822763,0.06372422287408151
171,5,LMM-1,7,12.771598639455783,0.5051534021849183,25.543197278911567,1.0103068043698367,0.7550022435118269,0.08311367052680199
171,5,LMM-2,7,6.741666666666666,0.34188436734504346,13.483333333333333,0.6837687346900869,0.8679921473822763,0.06372422287408151
171,6,LMM-1,7,12.771598639455783,0.5051534021849183,25.543197278911567,1.0103068043698367,0.7550022435118269,0.08311367052680199
171,6,LMM-2,7,6.741666666666666,0.34188436734504346,13.483333333333333,0.6837687346900869,0.8679921473822763,0.06372422287408151
171,7,LMM-1,7,12.626190476190477,0.7305063009874132,25.252380952380953,1.4610126019748264,0.7592650134302882,0.07734446350273108
171,7,LMM-2,7,6.685544217687075,0.26419103269017064,13.37108843537415,0.5283820653803413,0.8708751572991087,0.05928678017381136
171,8,LMM-1,7,10.73843537414966,0.5663041608623617,21.47687074829932,1.1326083217247234,0.803923063911439,0.06636950094797181
171,8,LMM-2,7,6.561394557823129,0.17712778941528604,13.122789115646258,0.35425557883057207,0.8751582877406123,0.05503483575469614
171,9,LMM-1,7,10.661904761904763,0.6655773413202344,21.323809523809526,1.3311546826404688,0.8061254297616041,0.06333197370501538
171,9,LMM-2,7,6.449149659863946,0.14328834340041643,12.898299319727892,0.28657668680083287,0.8793901150100689,0.04923803352190464
171,10,LMM-1,7,9.661904761904763,0.6655773413202344,19.323809523809526,1.3311546826404688,0.8267302569320539,0.05599225004957259
171,10,LMM-2,7,8.71547619047619,0.5794159034024233,17.43095238095238,1.1588318068048467,0.8257424832395989,0.05733632885281211
172,4,LMM-1,7,14.316496598639457,0.43786245505623506,28.632993197278914,0.8757249101124701,0.7092182370348156,0.0952162003228906
172,4,LMM-2,7,9.316496598639457,0.43786245505623506,18.632993197278914,0.8757249101124701,0.8039274072321169,0.06591906330841482
172,5,LMM-1,7,13.715816326530613,0.5819310906390848,27.431632653061225,1.1638621812781695,0.7216632265355241,0.09117659701193372
172,5,LMM-2,7,9.616836734693878,0.42470498372242743,19.233673469387757,0.8494099674448549,0.7952992254977769,0.0683075354206968
172,6,LMM-1,7,12.316496598639457,0.43786245505623506,24.632993197278914,0.8757249101124701,0.7540495273035114,0.08143488549815207
172,6,LMM-2,7,9.316496598639457,0.43786245505623506,18.632993197278914,0.8757249101124701,0.8045636593322921,0.06523486721648734
172,7,LMM-1,7,11.316496598639457,0.43786245505623506,22.632993197278914,0.8757249101124701,0.7702045487596145,0.07638036765930312
172,7,LMM-2,7,9.316496598639457,0.43786245505623506,18.632993197278914,0.8757249101124701,0.7987801530043008,0.06714764416604416
172,8,LMM-1,7,10.90765306122449,0.5725484551869408,21.81530612244898,1.1450969103738815,0.7838914232909227,0.06623174747615805
172,8,LMM-2,7,6.813775510204081,0.3177019144664437,13.627551020408163,0.6354038289328874,0.8619637070315093,0.043308056822023794
172,9,LMM-1,7,10.732482993197278,0.42062585177038847,21.464965986394557,0.8412517035407769,0.7948360918259214,0.06921277914097822
172,9,LMM-2,7,8.192687074829932,0.4548279809937787,16.385374149659864,0.9096559619875574,0.8330472497531717,0.05456456502799006
172,10,LMM-1,7,10.148469387755101,0.4220434013306977,20.296938775510203,0.8440868026613954,0.8082962581504515,0.06583521594332004
172,10,LMM-2,7,7.024659863945579,0.35689374207851404,14.049319727891158,0.7137874841570281,0.8624301669945839,0.046251340712067004
173,4,LMM-1,7,12.735374149659863,0.17875241880711767,25.470748299319727,0.35750483761423535,0.7282001040839263,0.09914288744768467
173,4,LMM-2,7,8.755442176870748,0.26148610411668094,17.510884353741496,0.5229722082333619,0.8076983898048213,0.07192131528517978
173,5,LMM-1,7,11.434693877551021,0.30781542441592,22.869387755102043,0.61563084883184,0.7652674041618467,0.08148427294594714
173,5,LMM-2,7,8.472959183673469,0.26645301989261433,16.945918367346938,0.5329060397852287,0.810310650084256,0.06803954462658766
173,6,LMM-1,7,10.645238095238096,0.6149405885430248,21.29047619047619,1.2298811770860496,0.7922854416394453,0.06851475124675277
173,6,LMM-2,7,6.692176870748299,0.34576130722959825,13.384353741496598,0.6915226144591965,0.8742141783021028,0.048916153298608864
173,7,LMM-1,7,9.946768707482992,0.6604044791485072,19.893537414965984,1.3208089582970144,0.811229458028179,0.0634943087813461
173,7,LMM-2,7,6.672789115646259,0.6201897589674055,13.345578231292517,1.240379517934811,0.8762828656652477,0.04393645632814507
173,8,LMM-1,7,9.645238095238096,0.6149405885430248,19.29047619047619,1.2298811770860496,0.8143519708963127,0.06091380705423491
173,8,LMM-2,7,8.090986394557822,0.6057967795161174,16.181972789115644,1.2115935590322349,0.8391275167873378,0.05404235005378797
173,9,LMM-1,7,9.645238095238096,0.6149405885430248,19.29047619047619,1.2298811770860496,0.8143519708963127,0.06091380705423491
173,9,LMM-2,7,8.090986394557822,0.6057967795161174,16.181972789115644,1.2115935590322349,0.8391275167873378,0.05404235005378797
173,10,LMM-1,7,9.196428571428571,0.4480526015847335,18.392857142857142,0.896105203169467,0.8348554098773245,0.05985345481718088
173,10,LMM-2,7,6.649829931972789,0.2191903082389321,13.299659863945578,0.4383806164778642,0.8752002668542155,0.051742378434120224
174,4,LMM-1,7,11.829081632653061,0.543953220178884,23.658163265306122,1.087906440357768,0.7479223164668785,0.10382223641655479
174,4,LMM-2,7,8.66326530612245,0.44836718695971955,17.3265306122449,0.8967343739194391,0.8202362161889998,0.08299675397729812
174,5,LMM-1,7,11.829081632653061,0.543953220178884,23.658163265306122,1.087906440357768,0.7588492333062576,0.1022597113007588
174,5,LMM-2,7,9.08265306122449,0.3888357658592231,18.16530612244898,0.7776715317184462,0.8162899629467387,0.08302489177115344
174,6,LMM-1,7,11.829081632653061,0.543953220178884,23.658163265306122,1.087906440357768,0.7588492333062576,0.1022597113007588
174,6,LMM-2,7,9.08265306122449,0.3888357658592231,18.16530612244898,0.7776715317184462,0.8162899629467387,0.08302489177115344
174,7,LMM-1,7,11.787755102040817,0.692806796884417,23.575510204081635,1.385613593768834,0.7694916706683799,0.10539126547393786
174,7,LMM-2,7,9.40578231292517,0.3777798534322718,18.81156462585034,0.7555597068645435,0.8049593229968447,0.08669001149823621
174,8,LMM-1,7,9.037414965986395,0.5972899523253954,18.07482993197279,1.1945799046507908,0.827073170340592,0.06023284280708275
174,8,LMM-2,7,6.25204081632653,0.4595571673265324,12.50408163265306,0.9191143346530648,0.879880152325212,0.04507948794696662
174,9,LMM-1,7,8.98860544217687,0.5028682942449663,17.97721088435374,1.0057365884899325,0.8349743418307289,0.05600150031666053
174,9,LMM-2,7,7.339965986394558,0.73533108075531,14.679931972789117,1.47066216151062,0.8661534426035494,0.045402429290422604
174,10,LMM-1,7,8.735884353741497,0.555894448674811,17.471768707482994,1.111788897349622,0.8392611581542153,0.053867513203162604
174,10,LMM-2,7,8.159013605442178,0.4861283820471057,16.318027210884356,0.9722567640942114,0.8315503827302839,0.05959009026404961
175,4,LMM-1,7,11.304591836734692,0.2667231692534667,22.609183673469385,0.5334463385069333,0.7839703625648458,0.0793176533904619
175,4,LMM-2,7,9.576530612244898,0.2308293682195453,19.153061224489797,0.4616587364390906,0.8054669705821939,0.07445609952842183
175,5,LMM-1,7,11.224659863945577,0.3438364193491718,22.449319727891154,0.6876728386983436,0.7854218671806079,0.07753970916014126
175,5,LMM-2,7,9.468027210884355,0.22777588718459535,18.93605442176871,0.4555517743691907,0.80880256927988,0.07154555181362596
175,6,LMM-1,7,11.284183673469387,0.412645667993279,22.568367346938775,0.825291335986558,0.7840009479475024,0.0760913748421489
175,6,LMM-2,7,9.598979591836736,0.31880856396612456,19.197959183673472,0.6376171279322491,0.8066859641973654,0.06977387691636462
175,7,LMM-1,7,10.721088435374151,0.1924701272217022,21.442176870748302,0.3849402544434044,0.790444385615211,0.07787220732307208
175,7,LMM-2,7,9.034183673469387,0.29858666804468614,18.068367346938775,0.5971733360893723,0.8160664401324534,0.06670949334841773
175,8,LMM-1,7,10.28673469387755,0.2819015936312388,20.5734693877551,0.5638031872624776,0.8127807723417744,0.06947360751281817
175,8,LMM-2,7,8.658843537414965,0.41035889047526014,17.31768707482993,0.8207177809505203,0.8305022110992327,0.06141168438098363
175,9,LMM-1,7,9.542687074829932,0.5311370703810574,19.085374149659863,1.0622741407621148,0.8349538728854361,0.05789001459501845
175,9,LMM-2,7,6.859183673469388,0.29467366655776844,13.718367346938775,0.5893473331155369,0.8786705609520091,0.048193265466042585
175,10,LMM-1,7,9.175680272108844,0.48931896420402093,18.351360544217687,0.9786379284080419,0.8388898846644253,0.057609367330355994
175,10,LMM-2,7,6.972448979591837,0.2291583208758861,13.944897959183674,0.4583166417517722,0.8693443038830606,0.05732807158159428
176,4,LMM-1,7,12.199489795918367,0.5082107887876438,24.398979591836735,1.0164215775752876,0.7686828965207549,0.07998820527749495
176,4,LMM-2,7,8.893537414965987,0.36604929535592706,17.787074829931974,0.7320985907118541,0.8231113035554082,0.06587251447571132
176,5,LMM-1,7,11.043367346938776,0.6110544454352845,22.086734693877553,1.222108890870569,0.7861566050280315,0.06888938304900098
176,5,LMM-2,7,6.286224489795918,0.20383020226061366,12.572448979591837,0.4076604045212273,0.8732965419605113,0.05027506976620577
176,6,LMM-1,7,11.043367346938776,0.6110544454352845,22.086734693877553,1.222108890870569,0.7901535602846739,0.06728300410556692
176,6,LMM-2,7,7.365816326530612,0.3007149955324961,14.731632653061224,0.6014299910649922,0.8512807903821836,0.055782697518815545
176,7,LMM-1,7,11.043367346938776,0.6110544454352845,22.086734693877553,1.222108890870569,0.7901535602846739,0.06728300410556692
176,7,LMM-2,7,7.365816326530612,0.3007149955324961,14.731632653061224,0.6014299910649922,0.8512807903821836,0.055782697518815545
176,8,LMM-1,7,9.584013605442177,0.963360784499062,19.168027210884354,1.926721568998124,0.84425989272117,0.05134021197296581
176,8,LMM-2,7,8.0578231292517,0.5299359024593847,16.1156462585034,1.0598718049187694,0.8580513008217042,0.05512223042231569
176,9,LMM-1,7,9.36700680272109,1.07296218930962,18.73401360544218,2.14592437861924,0.8477925992231962,0.0486537303184797
176,9,LMM-2,7,7.824149659863946,0.6923180086429912,15.648299319727892,1.3846360172859824,0.861066584986691,0.0518114612457342
176,10,LMM-1,7,9.29421768707483,1.1160532068483346,18.58843537414966,2.2321064136966693,0.8504701661792212,0.04726097311785784
176,10,LMM-2,7,7.964965986394558,0.5919866492435409,15.929931972789117,1.1839732984870819,0.8618093093144455,0.04960337885578481
177,4,LMM-1,7,13.077891156462584,0.5701441265590199,26.15578231292517,1.1402882531180398,0.7445156469145757,0.0831335752832486
177,4,LMM-2,7,12.134013605442178,0.4981171453112731,24.268027210884355,0.9962342906225462,0.744233741273505,0.08348129054438307
177,5,LMM-1,7,12.585714285714285,0.690090204100825,25.17142857142857,1.38018040820165,0.7504154181241895,0.08095178504740877
177,5,LMM-2,7,11.903911564625849,0.5870734997344244,23.807823129251698,1.1741469994688487,0.7483443276001169,0.08176688307285812
177,6,LMM-1,7,11.080442176870749,0.5772955112961411,22.160884353741498,1.1545910225922822,0.7903240703856368,0.068326521430208
177,6,LMM-2,7,8.588775510204082,0.3254279141642916,17.177551020408163,0.6508558283285832,0.8135006750446525,0.07029774419344025
177,7,LMM-1,7,8.589795918367347,0.46883729924269346,17.179591836734694,0.9376745984853869,0.8355815567254317,0.06108588465434855
177,7,LMM-2,7,6.902380952380953,0.3200233834993851,13.804761904761905,0.6400467669987702,0.8528109798699178,0.06021035038347717
177,8,LMM-1,7,8.65765306122449,0.4247914640841091,17.31530612244898,0.8495829281682182,0.8334425754524292,0.06281646048674455
177,8,LMM-2,7,7.169387755102041,0.27071582207016687,14.338775510204082,0.5414316441403337,0.8443668385461873,0.06287232609082248
177,9,LMM-1,7,8.507142857142856,0.4939199490805906,17.014285714285712,0.9878398981611812,0.8397415764127523,0.056786444528755406
177,9,LMM-2,7,7.187244897959183,0.2629653188978215,14.374489795918366,0.525930637795643,0.8531288719064785,0.057942213534251455
177,10,LMM-1,7,7.692857142857143,0.7433225038105613,15.385714285714286,1.4866450076211226,0.863589367173433,0.04418312601281073
177,10,LMM-2,7,5.148809523809524,0.21112080774962144,10.297619047619047,0.4222416154992429,0.8926486721152199,0.04355132099263031
178,4,LMM-1,7,10.935204081632653,0.6087220549194103,21.870408163265306,1.2174441098388207,0.7677417408119914,0.08218299676489568
178,4,LMM-2,7,8.514795918367346,0.30816279602312935,17.029591836734692,0.6163255920462587,0.8104243062801426,0.0751936921886059
178,5,LMM-1,7,11.680442176870747,0.31748771950088833,23.360884353741493,0.6349754390017767,0.7728150349145777,0.08576415922448755
178,5,LMM-2,7,10.796258503401361,0.30187261664651294,21.592517006802723,0.6037452332930259,0.7744596760367051,0.0885288675936957
178,6,LMM-1,7,11.660034013605442,0.3282482988791599,23.320068027210883,0.6564965977583198,0.7720697189525602,0.08652292157163792
178,6,LMM-2,7,10.877891156462585,0.3755671971932199,21.75578231292517,0.7511343943864398,0.7723949122915632,0.09063458872364119
178,7,LMM-1,7,10.59268707482993,0.8898125934591791,21.18537414965986,1.7796251869183581,0.8008777074115944,0.06531329103004012
178,7,LMM-2,7,9.989285714285714,0.3419921297048301,19.978571428571428,0.6839842594096602,0.7930629528023736,0.07603254497570756
178,8,LMM-1,7,10.59268707482993,0.8898125934591791,21.18537414965986,1.7796251869183581,0.803002580290047,0.06397167740382766
178,8,LMM-2,7,10.115646258503402,0.2736034632578115,20.231292517006803,0.547206926515623,0.7913280403277693,0.07681800960554695
178,9,LMM-1,7,10.556972789115646,0.887796640673354,21.11394557823129,1.775593281346708,0.8034846280948359,0.06420843374727758
178,9,LMM-2,7,10.22278911564626,0.25570224177307566,20.44557823129252,0.5114044835461513,0.7899838956034617,0.07616150650413196
178,10,LMM-1,7,10.51955782312925,1.0527602390706607,21.0391156462585,2.1055204781413215,0.8055538318106201,0.05932964583035364
178,10,LMM-2,7,10.14421768707483,0.2704597135648418,20.28843537414966,0.5409194271296835,0.7902640262442379,0.07687319473141696
179,4,LMM-1,7,12.461904761904762,0.3831484321884083,24.923809523809524,0.7662968643768167,0.7455221533827154,0.08455002958636057
179,4,LMM-2,7,10.370408163265306,0.6953637212271909,20.740816326530613,1.3907274424543818,0.7654447757947157,0.0839603365859927
179,5,LMM-1,7,10.225850340136054,0.49411081240210375,20.451700680272108,0.9882216248042075,0.8033710396375763,0.06897996387451204
179,5,LMM-2,7,8.596088435374151,0.33267105873437525,17.192176870748302,0.6653421174687505,0.8090986870193201,0.07682569388190039
179,6,LMM-1,7,10.099489795918368,0.539805938035252,20.198979591836736,1.079611876070504,0.8044664916127574,0.06830000235914083
179,6,LMM-2,7,8.306292517006803,0.14597603636595285,16.612585034013605,0.2919520727319057,0.8130001343699231,0.0753089094084052
179,7,LMM-1,7,9.225850340136054,0.49411081240210375,18.451700680272108,0.9882216248042075,0.8291484433941599,0.06037332269119114
179,7,LMM-2,7,6.604251700680273,0.6228051376874034,13.208503401360545,1.2456102753748068,0.8630394085786756,0.050761530015753925
179,8,LMM-1,7,8.701360544217687,0.5445772621632942,17.402721088435374,1.0891545243265883,0.8351023895762616,0.05634318336640777
179,8,LMM-2,7,6.845918367346939,0.3189732736145654,13.691836734693878,0.6379465472291308,0.8654815389834963,0.050699330380263787
179,9,LMM-1,7,8.701360544217687,0.5445772621632942,17.402721088435374,1.0891545243265883,0.8371206249482508,0.055961387926858536
179,9,LMM-2,7,7.098639455782313,0.31359917062508796,14.197278911564625,0.6271983412501759,0.8597516714246117,0.05358186013443709
179,10,LMM-1,7,8.883333333333335,0.3426090372143623,17.76666666666667,0.6852180744287246,0.8303226138975156,0.06409621570594828
179,10,LMM-2,7,7.331632653061225,0.34669692784335326,14.66326530612245,0.6933938556867065,0.8531886249207542,0.061484232366898976
180,4,LMM-1,7,13.02108843537415,0.47803626721749126,26.0421768707483,0.9560725344349825,0.7405736576527031,0.0856681267694837
180,4,LMM-2,7,8.406122448979591,0.3187958625526,16.812244897959182,0.6375917251052,0.8165365575574617,0.06263276059048037
180,5,LMM-1,7,13.02108843537415,0.47803626721749126,26.0421768707483,0.9560725344349825,0.7405736576527031,0.0856681267694837
180,5,LMM-2,7,8.406122448979591,0.3187958625526,16.812244897959182,0.6375917251052,0.8165365575574617,0.06263276059048037
180,6,LMM-1,7,13.02108843537415,0.47803626721749126,26.0421768707483,0.9560725344349825,0.7405736576527031,0.0856681267694837
180,6,LMM-2,7,8.406122448979591,0.3187958625526,16.812244897959182,0.6375917251052,0.8165365575574617,0.06263276059048037
180,7,LMM-1,7,13.02108843537415,0.47803626721749126,26.0421768707483,0.9560725344349825,0.7405736576527031,0.0856681267694837
180,7,LMM-2,7,8.406122448979591,0.3187958625526,16.812244897959182,0.6375917251052,0.8165365575574617,0.06263276059048037
180,8,LMM-1,7,13.02108843537415,0.47803626721749126,26.0421768707483,0.9560725344349825,0.7405736576527031,0.0856681267694837
180,8,LMM-2,7,8.406122448979591,0.3187958625526,16.812244897959182,0.6375917251052,0.8165365575574617,0.06263276059048037
180,9,LMM-1,7,11.558503401360543,0.3484052639679431,23.117006802721086,0.6968105279358862,0.7730926035328674,0.07965196443124539
180,9,LMM-2,7,7.558503401360545,0.3484052639679428,15.11700680272109,0.6968105279358856,0.8416225079230762,0.05724627089387849
180,10,LMM-1,7,9.94047619047619,0.21229231547770244,19.88095238095238,0.4245846309554049,0.8066331493227707,0.07196382898103408
180,10,LMM-2,7,6.713775510204082,0.3084123537166293,13.427551020408163,0.6168247074332586,0.8669826084842195,0.050049258651016136
181,4,LMM-1,7,14.681462585034014,0.9607126750491974,29.362925170068028,1.9214253500983949,0.7040372055111513,0.09943161520381232
181,4,LMM-2,7,9.672108843537416,0.9340538610268578,19.34421768707483,1.8681077220537157,0.8218108969621257,0.06414406005423806
181,5,LMM-1,7,14.681462585034014,0.9607126750491974,29.362925170068028,1.9214253500983949,0.7045038108637071,0.09932520056989773
181,5,LMM-2,7,9.672108843537416,0.9340538610268578,19.34421768707483,1.8681077220537157,0.8218108969621257,0.06414406005423806
181,6,LMM-1,7,13.232993197278912,0.7223988542253181,26.465986394557824,1.4447977084506363,0.7381886287728868,0.08851282088569243
181,6,LMM-2,7,9.704081632653061,0.7869097422688774,19.408163265306122,1.5738194845377549,0.8076760450547803,0.07798870276276505
181,7,LMM-1,7,12.681462585034014,0.9607126750491974,25.362925170068028,1.9214253500983949,0.752073590365789,0.08581988309817858
181,7,LMM-2,7,9.672108843537416,0.9340538610268578,19.34421768707483,1.8681077220537157,0.8218108969621257,0.06414406005423806
181,8,LMM-1,7,12.190646258503401,0.7756154824709331,24.381292517006802,1.5512309649418663,0.7630715761113155,0.08610304207158317
181,8,LMM-2,7,8.199659863945579,0.7052287805604103,16.399319727891157,1.4104575611208205,0.8519077824203466,0.0664931849385807
181,9,LMM-1,7,11.761224489795918,0.6020719466181953,23.522448979591836,1.2041438932363906,0.776303278193807,0.07639396898958208
181,9,LMM-2,7,8.860034013605443,0.5449186068769267,17.720068027210885,1.0898372137538535,0.8302808613650585,0.0670780866354621
181,10,LMM-1,7,12.091496598639456,0.991861812995382,24.18299319727891,1.983723625990764,0.7713905420330083,0.07969417242390986
181,10,LMM-2,7,9.408843537414965,0.8433909243000148,18.81768707482993,1.6867818486000297,0.8288986249469021,0.06326310924201235
182,4,LMM-1,7,15.527380952380952,0.543663248611819,31.054761904761904,1.087326497223638,0.6753313947572381,0.10456757003571504
182,4,LMM-2,7,5.967006802721088,0.33258523577148197,11.934013605442177,0.6651704715429639,0.8804416745565956,0.05226048412887778
182,5,LMM-1,7,13.60391156462585,0.4697371887733918,27.2078231292517,0.9394743775467836,0.7165395598459751,0.09518387171428908
182,5,LMM-2,7,9.015136054421768,1.139273845765509,18.030272108843537,2.278547691531018,0.7903718009215088,0.0980463549559815
182,6,LMM-1,7,13.527380952380952,0.543663248611819,27.054761904761904,1.087326497223638,0.721945158442459,0.0915011182667008
182,6,LMM-2,7,5.967006802721088,0.33258523577148197,11.934013605442177,0.6651704715429639,0.8804416745565956,0.05226048412887778
182,7,LMM-1,7,12.925510204081633,0.5493387878161735,25.851020408163265,1.098677575632347,0.7619258055222001,0.0779863176584366
182,7,LMM-2,7,9.463095238095237,0.545396629062921,18.926190476190474,1.090793258125842,0.8168485355804396,0.06052556519605598
182,8,LMM-1,7,12.883843537414966,0.5853961365427359,25.767687074829933,1.1707922730854718,0.7503963075212928,0.08063687434581499
182,8,LMM-2,7,7.700850340136055,0.5753179408187311,15.40170068027211,1.1506358816374622,0.8495725570411368,0.0575216550670258
182,9,LMM-1,7,12.883843537414966,0.5853961365427359,25.767687074829933,1.1707922730854718,0.7689695571612146,0.07639668181758694
182,9,LMM-2,7,9.320238095238095,0.5631166310242083,18.64047619047619,1.1262332620484166,0.8213350266331406,0.0604748374673517
182,10,LMM-1,7,12.925510204081633,0.5493387878161735,25.851020408163265,1.098677575632347,0.7664458338285641,0.07656332098594663
182,10,LMM-2,7,9.463095238095237,0.545396629062921,18.926190476190474,1.090793258125842,0.8168485355804396,0.06052556519605598
183,4,LMM-1,7,10.630442176870748,0.25548236954733505,21.260884353741496,0.5109647390946701,0.7951558191168219,0.07730988291214773
183,4,LMM-2,7,9.5921768707483,0.2990231214393829,19.1843537414966,0.5980462428787658,0.7966362045945805,0.07550961978965223
183,5,LMM-1,7,10.410884353741496,0.3956637678708956,20.821768707482992,0.7913275357417912,0.7932797835218252,0.07217579925696459
183,5,LMM-2,7,9.393027210884354,0.42669203782768345,18.786054421768707,0.8533840756553669,0.7941073059501911,0.07104151480727743
183,6,LMM-1,7,10.477380952380953,0.4539228110233578,20.954761904761906,0.9078456220467156,0.8081594556686903,0.06870042031575552
183,6,LMM-2,7,6.117006802721088,0.4647441110041484,12.234013605442176,0.9294882220082968,0.874358138629097,0.05915461700085447
183,7,LMM-1,7,10.477380952380953,0.4539228110233578,20.954761904761906,0.9078456220467156,0.807903917137888,0.06906332504776519
183,7,LMM-2,7,5.883503401360544,0.37202356656940566,11.767006802721088,0.7440471331388113,0.8831650333245037,0.054243823961567086
183,8,LMM-1,7,10.477380952380953,0.4539228110233578,20.954761904761906,0.9078456220467156,0.8059036659299655,0.0684391481566393
183,8,LMM-2,7,8.080442176870749,0.5841289372212104,16.160884353741498,1.1682578744424208,0.8434973232797532,0.053118285906377974
183,9,LMM-1,7,8.264115646258503,0.44835860735415833,16.528231292517006,0.8967172147083167,0.8469514391913328,0.054035563766723645
183,9,LMM-2,7,6.941836734693878,0.18443593318033324,13.883673469387755,0.3688718663606665,0.8580422867884722,0.05504252272966259
183,10,LMM-1,7,8.352210884353742,0.46095984270197643,16.704421768707483,0.9219196854039529,0.8601990120218684,0.051144685281146206
183,10,LMM-2,7,6.058843537414966,0.2727700300378897,12.117687074829933,0.5455400600757794,0.8890210297368158,0.05061899226048608
184,4,LMM-1,7,13.580102040816326,0.6709938267489453,27.160204081632653,1.3419876534978905,0.7161153270044508,0.09114931756693287
184,4,LMM-2,7,11.500680272108843,0.3056579998986311,23.001360544217686,0.6113159997972623,0.739386774456198,0.0900924214960828
184,5,LMM-1,7,11.223809523809523,0.29971641925791964,22.447619047619046,0.5994328385158393,0.7756181785956776,0.08084445010726614
184,5,LMM-2,7,8.223809523809523,0.29971641925791964,16.447619047619046,0.5994328385158393,0.8291625030856077,0.06351392294978414
184,6,LMM-1,7,11.338095238095237,0.4324821572348744,22.676190476190474,0.8649643144697488,0.7747276697031283,0.08024087756128552
184,6,LMM-2,7,8.338095238095239,0.4324821572348744,16.676190476190477,0.8649643144697488,0.8282270170194701,0.06287163227579062
184,7,LMM-1,7,10.17295918367347,0.21271791765191317,20.34591836734694,0.42543583530382634,0.7992734022340923,0.07886684228969808
184,7,LMM-2,7,7.8569727891156464,0.23275510452610118,15.713945578231293,0.46551020905220236,0.8378593405833616,0.06418136666021934
184,8,LMM-1,7,9.358843537414966,0.1715075134078736,18.717687074829932,0.3430150268157472,0.8167391023896344,0.07301998400849938
184,8,LMM-2,7,7.775850340136055,0.16627957268772117,15.55170068027211,0.33255914537544234,0.8365136765719882,0.06501147927660944
184,9,LMM-1,7,9.009013605442176,0.32789777211267135,18.01802721088435,0.6557955442253427,0.8287461846827868,0.06392155467044518
184,9,LMM-2,7,6.060374149659864,0.46326449449018375,12.120748299319729,0.9265289889803675,0.8834522385566019,0.0422933429995237
184,10,LMM-1,7,9.04982993197279,0.2859922319902376,18.09965986394558,0.5719844639804752,0.8302096960203859,0.06446253329209543
184,10,LMM-2,7,5.937074829931973,0.5932864019051403,11.874149659863946,1.1865728038102805,0.8883527842259925,0.037653955619421885
185,4,LMM-1,7,11.470578231292517,0.2270184579681259,22.941156462585035,0.4540369159362518,0.7550129185129217,0.091245773378831
185,4,LMM-2,7,9.365816326530611,0.19708426357983924,18.731632653061222,0.3941685271596785,0.7853069340763092,0.07905531298974927
185,5,LMM-1,7,11.289285714285715,0.27805711578233033,22.57857142857143,0.5561142315646607,0.7604442207895067,0.08729470209811495
185,5,LMM-2,7,9.365816326530611,0.19708426357983924,18.731632653061222,0.3941685271596785,0.7853069340763092,0.07905531298974927
185,6,LMM-1,7,10.589625850340136,0.2829920730289023,21.179251700680272,0.5659841460578046,0.7760349576724718,0.07636615170623678
185,6,LMM-2,7,8.589625850340136,0.2829920730289023,17.179251700680272,0.5659841460578046,0.801121721145062,0.06805522906721112
185,7,LMM-1,7,10.45595238095238,0.43270820948743643,20.91190476190476,0.8654164189748729,0.7785827344086355,0.07378408491720656
185,7,LMM-2,7,7.536224489795918,0.6039075655474807,15.072448979591837,1.2078151310949614,0.8286047191189693,0.06091961361247506
185,8,LMM-1,7,9.854081632653061,0.42295012285522465,19.708163265306123,0.8459002457104493,0.7889087739722586,0.07180810833923922
185,8,LMM-2,7,7.699319727891157,0.2590591055305089,15.398639455782314,0.5181182110610179,0.8237614710881793,0.06310245481284857
185,9,LMM-1,7,8.127210884353742,0.24878016994067864,16.254421768707484,0.4975603398813573,0.8387138959129767,0.05627876768981072
185,9,LMM-2,7,5.854421768707483,0.2876984071132558,11.708843537414966,0.5753968142265116,0.8743823696046966,0.04741670322833003
185,10,LMM-1,7,8.472959183673469,0.26645301989261433,16.945918367346938,0.5329060397852287,0.8332273440432203,0.05827830629969541
185,10,LMM-2,7,5.854421768707483,0.2876984071132558,11.708843537414966,0.5753968142265116,0.8792765664345914,0.04519546236849446
186,4,LMM-1,7,12.570238095238095,0.4006903057080808,25.14047619047619,0.8013806114161616,0.7471922350900846,0.08882018558394766
186,4,LMM-2,7,10.69438775510204,0.31074244293777387,21.38877551020408,0.6214848858755477,0.7731649866209498,0.08291497537868801
186,5,LMM-1,7,10.593707482993198,0.9213821452659492,21.187414965986395,1.8427642905318984,0.8149314473560387,0.060397620152876925
186,5,LMM-2,7,8.818197278911565,0.7170283836094415,17.63639455782313,1.434056767218883,0.8287860322383344,0.06185611690190342
186,6,LMM-1,7,10.743877551020407,0.8625808761890391,21.487755102040815,1.7251617523780782,0.8098542973643508,0.06404551602020007
186,6,LMM-2,7,8.8906462585034,0.7283597655535278,17.7812925170068,1.4567195311070555,0.8334317604329186,0.05659819776157818
186,7,LMM-1,7,10.743877551020407,0.8625808761890391,21.487755102040815,1.7251617523780782,0.8109758336113967,0.06328415394225866
186,7,LMM-2,7,8.8906462585034,0.7283597655535278,17.7812925170068,1.4567195311070555,0.8334317604329186,0.05659819776157818
186,8,LMM-1,7,9.61156462585034,0.8985171426696589,19.22312925170068,1.7970342853393177,0.8405812549839805,0.051402302799744615
186,8,LMM-2,7,8.673639455782313,0.8409227843025462,17.347278911564626,1.6818455686050924,0.8383628586588655,0.053660081377355014
186,9,LMM-1,7,9.46734693877551,0.9728703405507574,18.93469387755102,1.9457406811015148,0.8424986847757582,0.05075298236743502
186,9,LMM-2,7,8.51377551020408,0.945258626797454,17.02755102040816,1.890517253594908,0.8410907673139277,0.05179028067712146
186,10,LMM-1,7,9.743877551020407,0.8625808761890391,19.487755102040815,1.7251617523780782,0.8372325407050188,0.05316240154126812
186,10,LMM-2,7,8.65578231292517,0.8640114603408636,17.31156462585034,1.7280229206817272,0.840201017682317,0.052001447406036475
187,4,LMM-1,7,12.326190476190476,0.39277776975948314,24.652380952380952,0.7855555395189663,0.7664397733673488,0.08755440469144653
187,4,LMM-2,7,9.943197278911565,0.6922595180396832,19.88639455782313,1.3845190360793664,0.8021550433356088,0.06987171605731621
187,5,LMM-1,7,12.034013605442178,0.6676204478108336,24.068027210884356,1.3352408956216673,0.7822411769601307,0.07252857554540493
187,5,LMM-2,7,9.909863945578232,0.7932502228512112,19.819727891156464,1.5865004457024223,0.8094648913232048,0.060965629505541734
187,6,LMM-1,7,11.085034013605442,0.6514116070285239,22.170068027210885,1.3028232140570477,0.8038076157996855,0.06594237974462493
187,6,LMM-2,7,10.085034013605442,0.6514116070285239,20.170068027210885,1.3028232140570477,0.8038076157996855,0.06594237974462493
187,7,LMM-1,7,10.960884353741497,0.7645763716530531,21.921768707482993,1.5291527433061063,0.8065317253930857,0.06327354011562347
187,7,LMM-2,7,9.760204081632653,0.9884830107767605,19.520408163265305,1.976966021553521,0.8131060051892938,0.05655390790324426
187,8,LMM-1,7,10.83673469387755,0.8870836984657471,21.6734693877551,1.7741673969314942,0.8121753366281567,0.05974918907651814
187,8,LMM-2,7,9.760204081632653,0.9884830107767605,19.520408163265305,1.976966021553521,0.8145955106755418,0.05700153219992472
187,9,LMM-1,7,10.83673469387755,0.8870836984657471,21.6734693877551,1.7741673969314942,0.8194374598688091,0.057273023378594384
187,9,LMM-2,7,4.881972789115646,0.2689945078601419,9.763945578231292,0.5379890157202838,0.9136380177866582,0.041729638714831874
187,10,LMM-1,7,10.83673469387755,0.8870836984657471,21.6734693877551,1.7741673969314942,0.8194374598688091,0.057273023378594384
187,10,LMM-2,7,4.958503401360544,0.3057696379596689,9.917006802721088,0.6115392759193378,0.9108421496304545,0.04525456529881664
188,4,LMM-1,7,13.263265306122449,0.11284420505405293,26.526530612244898,0.22568841010810586,0.7005622571255861,0.10700266880320893
188,4,LMM-2,7,13.133673469387755,0.28484115047388386,26.26734693877551,0.5696823009477677,0.6953600620569127,0.10869012549084332
188,5,LMM-1,7,12.906802721088436,0.2899779058734753,25.813605442176872,0.5799558117469505,0.7119781341851833,0.10010296474737317
188,5,LMM-2,7,13.080102040816326,0.29307048965577526,26.160204081632653,0.5861409793115505,0.6966577364718506,0.10691762034873101
188,6,LMM-1,7,11.905952380952382,0.12237029785008446,23.811904761904763,0.24474059570016893,0.7236150368858,0.08914546647403186
188,6,LMM-2,7,11.870068027210886,1.5368826210974977,23.74013605442177,3.0737652421949955,0.7323386940347822,0.06830624503755446
188,7,LMM-1,7,11.829421768707482,0.15569669839427824,23.658843537414963,0.3113933967885565,0.7259340705401931,0.0863396855533709
188,7,LMM-2,7,9.072108843537416,0.9312943804237904,18.144217687074832,1.8625887608475808,0.7960268114875794,0.05840727203110567
188,8,LMM-1,7,9.480272108843538,0.15360221853296233,18.960544217687076,0.30720443706592465,0.7948268055053547,0.0770900871412308
188,8,LMM-2,7,8.364625850340136,0.5209685302802084,16.729251700680273,1.0419370605604168,0.8091520007254706,0.06923358288778823
188,9,LMM-1,7,9.263265306122449,0.11284420505405293,18.526530612244898,0.22568841010810586,0.8032135889343144,0.0752004101217469
188,9,LMM-2,7,7.133673469387754,0.28484115047388375,14.267346938775509,0.5696823009477675,0.8404258337734456,0.06476987765675551
188,10,LMM-1,7,8.553401360544218,0.5108696339265523,17.106802721088435,1.0217392678531045,0.83312020206792,0.05779458665859697
188,10,LMM-2,7,6.9707482993197285,0.34777909437851723,13.941496598639457,0.6955581887570345,0.8575223906058813,0.05396454324236862
189,4,LMM-1,7,13.860884353741497,0.3121081466580597,27.721768707482994,0.6242162933161194,0.7132104630948242,0.10954615753219271
189,4,LMM-2,7,11.047619047619047,0.11664236870396107,22.095238095238095,0.23328473740792213,0.7619651778480223,0.09179816169533483
189,5,LMM-1,7,12.699659863945579,0.14388760197118483,25.399319727891157,0.28777520394236966,0.7388116473969573,0.09863553991605353
189,5,LMM-2,7,11.047619047619047,0.11664236870396107,22.095238095238095,0.23328473740792213,0.7622638016567735,0.09183413855816103
189,6,LMM-1,7,12.525680272108843,0.22878201851326085,25.051360544217687,0.4575640370265217,0.7430012591943,0.09799590221636725
189,6,LMM-2,7,11.047619047619047,0.11664236870396107,22.095238095238095,0.23328473740792213,0.7622638016567735,0.09183413855816103
189,7,LMM-1,7,12.525680272108843,0.22878201851326085,25.051360544217687,0.4575640370265217,0.7430012591943,0.09799590221636725
189,7,LMM-2,7,11.047619047619047,0.11664236870396107,22.095238095238095,0.23328473740792213,0.7622638016567735,0.09183413855816103
189,8,LMM-1,7,10.990136054421768,0.3427494836910817,21.980272108843536,0.6854989673821634,0.7981914473627262,0.07561494935006766
189,8,LMM-2,7,9.862755102040817,0.25153940871318103,19.725510204081633,0.5030788174263621,0.792494459588492,0.07320953627713649
189,9,LMM-1,7,9.055272108843537,0.6410177316121572,18.110544217687075,1.2820354632243145,0.8330823949478388,0.05565096712162788
189,9,LMM-2,7,8.733333333333333,0.8005950168171052,17.466666666666665,1.6011900336342104,0.8252052053686614,0.05570676656119453
189,10,LMM-1,7,8.686054421768707,0.3056333961994569,17.372108843537415,0.6112667923989138,0.8518273173446672,0.054746465769874776
189,10,LMM-2,7,8.475340136054422,0.30087384494576236,16.950680272108844,0.6017476898915247,0.8439593653830296,0.06435248966288966
190,4,LMM-1,7,16.2828231292517,0.7153574321461827,32.5656462585034,1.4307148642923655,0.6700411673762098,0.09743294194755125
190,4,LMM-2,7,11.397619047619047,0.6004250195333574,22.795238095238094,1.2008500390667147,0.7497043574007031,0.07700824170136193
190,5,LMM-1,7,16.2828231292517,0.7153574321461827,32.5656462585034,1.4307148642923655,0.6700411673762098,0.09743294194755125
190,5,LMM-2,7,11.397619047619047,0.6004250195333574,22.795238095238094,1.2008500390667147,0.7497043574007031,0.07700824170136193
190,6,LMM-1,7,16.2828231292517,0.7153574321461827,32.5656462585034,1.4307148642923655,0.6700411673762098,0.09743294194755125
190,6,LMM-2,7,11.397619047619047,0.6004250195333574,22.795238095238094,1.2008500390667147,0.7497043574007031,0.07700824170136193
190,7,LMM-1,7,15.70595238095238,1.0412781588421187,31.41190476190476,2.0825563176842374,0.6827451473714312,0.09005769994974636
190,7,LMM-2,7,11.253401360544217,0.6808118607008624,22.506802721088434,1.3616237214017248,0.7533347165399464,0.07484865429389656
190,8,LMM-1,7,10.445408163265308,0.3407700723565559,20.890816326530615,0.6815401447131118,0.7897999351484836,0.06985180250932989
190,8,LMM-2,7,7.1571428571428575,0.7007284839103269,14.314285714285715,1.4014569678206539,0.8501071569636436,0.052124968167658076
190,9,LMM-1,7,10.407142857142857,0.3905487737417719,20.814285714285713,0.7810975474835438,0.7905399366231622,0.06868837480801512
190,9,LMM-2,7,7.118877551020408,0.7242838885319799,14.237755102040817,1.4485677770639598,0.8514774315363675,0.050638767776501434
190,10,LMM-1,7,10.407142857142857,0.3905487737417719,20.814285714285713,0.7810975474835438,0.7915105885732839,0.06803898821945244
190,10,LMM-2,7,7.2835034013605435,0.7395647070079321,14.567006802721087,1.4791294140158642,0.8465747246666775,0.053968798732040885
191,4,LMM-1,7,12.13299319727891,0.6818846534053769,24.26598639455782,1.3637693068107537,0.7591498008789479,0.08039475260263951
191,4,LMM-2,7,8.649489795918367,0.2086871215089627,17.298979591836734,0.4173742430179254,0.8213382360055107,0.06911766818296464
191,5,LMM-1,7,11.671088435374148,0.9007451371097895,23.342176870748297,1.801490274219579,0.7672539532782142,0.07445673336308901
191,5,LMM-2,7,8.846088435374151,0.1728806536147992,17.692176870748302,0.3457613072295984,0.8102294187127753,0.07297347410127773
191,6,LMM-1,7,11.607142857142858,0.915815931757948,23.214285714285715,1.831631863515896,0.7699646026585147,0.07582941060205947
191,6,LMM-2,7,8.42908163265306,0.274358999934426,16.85816326530612,0.548717999868852,0.8173835834180271,0.07227465726778519
191,7,LMM-1,7,9.807312925170068,0.6699181002199898,19.614625850340136,1.3398362004399795,0.8147559906304027,0.06294281885498375
191,7,LMM-2,7,7.987244897959184,0.18322807549749584,15.974489795918368,0.3664561509949917,0.8410725087226586,0.06332729563561391
191,8,LMM-1,7,9.561904761904762,0.5523912150113981,19.123809523809523,1.1047824300227962,0.8196586718719566,0.06036408817730133
191,8,LMM-2,7,8.26547619047619,0.24038777252418286,16.53095238095238,0.4807755450483657,0.8320060274894063,0.0665985257844819
191,9,LMM-1,7,8.92687074829932,0.39598469416606324,17.85374149659864,0.7919693883321265,0.8363684477814768,0.057575659062697314
191,9,LMM-2,7,8.029421768707483,0.38044008617624697,16.058843537414965,0.7608801723524939,0.8410752639379053,0.0580623432205209
191,10,LMM-1,7,8.877891156462585,0.41636960116900823,17.75578231292517,0.8327392023380165,0.8367233844004697,0.05742954766355047
191,10,LMM-2,7,7.980442176870748,0.3925312280049127,15.960884353741497,0.7850624560098254,0.8414321529873859,0.05791520525460895
192,4,LMM-1,7,18.716666666666665,0.728610331983438,37.43333333333333,1.457220663966876,0.6463659734350075,0.11582410679384812
192,4,LMM-2,7,9.102721088435375,1.286546989461469,18.20544217687075,2.573093978922938,0.7903947412138693,0.10795817107433454
192,5,LMM-1,7,18.716666666666665,0.728610331983438,37.43333333333333,1.457220663966876,0.6463659734350075,0.11582410679384812
192,5,LMM-2,7,9.102721088435375,1.286546989461469,18.20544217687075,2.573093978922938,0.7903947412138693,0.10795817107433454
192,6,LMM-1,7,18.716666666666665,0.728610331983438,37.43333333333333,1.457220663966876,0.6463659734350075,0.11582410679384812
192,6,LMM-2,7,9.102721088435375,1.286546989461469,18.20544217687075,2.573093978922938,0.7903947412138693,0.10795817107433454
192,7,LMM-1,7,18.716666666666665,0.728610331983438,37.43333333333333,1.457220663966876,0.6463659734350075,0.11582410679384812
192,7,LMM-2,7,9.102721088435375,1.286546989461469,18.20544217687075,2.573093978922938,0.7903947412138693,0.10795817107433454
192,8,LMM-1,7,18.437585034013605,0.8977741834268705,36.87517006802721,1.795548366853741,0.657777665678772,0.10901748011321144
192,8,LMM-2,7,8.43078231292517,1.3019388292715512,16.86156462585034,2.6038776585431025,0.8123586185523586,0.10353569911505167
192,9,LMM-1,7,17.210544217687076,0.3288617891410821,34.42108843537415,0.6577235782821642,0.6737048832432059,0.11165719443415556
192,9,LMM-2,7,8.43078231292517,1.3019388292715512,16.86156462585034,2.6038776585431025,0.8123586185523586,0.10353569911505167
192,10,LMM-1,7,16.98095238095238,0.6526763321569301,33.96190476190476,1.3053526643138602,0.6758263911780473,0.10916566135136802
192,10,LMM-2,7,8.43078231292517,1.3019388292715512,16.86156462585034,2.6038776585431025,0.8116860671272133,0.10438798165232628
193,4,LMM-1,7,13.733163265306121,0.3924603379316957,27.466326530612243,0.7849206758633914,0.7085965037974745,0.09886302412778802
193,4,LMM-2,7,12.450680272108842,0.51107069257719,24.901360544217685,1.02214138515438,0.7174024543755599,0.09550041259998501
193,5,LMM-1,7,13.227721088435374,0.5676229263145178,26.455442176870747,1.1352458526290357,0.7205414756257807,0.09412073092069857
193,5,LMM-2,7,11.662755102040817,0.8059310817947752,23.325510204081635,1.6118621635895505,0.7347886958568889,0.08784703942332617
193,6,LMM-1,7,11.720408163265306,0.5882774747843138,23.440816326530612,1.1765549495686276,0.7641308921708451,0.07787329206475416
193,6,LMM-2,7,10.572448979591837,0.6760202156333956,21.144897959183673,1.3520404312667913,0.7675655679550358,0.07496119517075228
193,7,LMM-1,7,12.24234693877551,0.5559000678758638,24.48469387755102,1.1118001357517275,0.759365942936675,0.0783465448685596
193,7,LMM-2,7,10.74642857142857,0.6489285605087751,21.49285714285714,1.2978571210175502,0.7676185903889262,0.07495117435447936
193,8,LMM-1,7,11.748299319727892,0.3734610236601041,23.496598639455783,0.7469220473202082,0.7644753135708032,0.08099185968332996
193,8,LMM-2,7,11.034353741496599,0.6428090900947827,22.068707482993197,1.2856181801895654,0.7660692901379124,0.07945690338404898
193,9,LMM-1,7,10.406972789115645,0.605855119819335,20.81394557823129,1.21171023963867,0.8039108197554095,0.06581365287210557
193,9,LMM-2,7,7.400680272108843,0.23195034503508621,14.801360544217687,0.46390069007017243,0.8395157142047671,0.06212673868533194
193,10,LMM-1,7,9.720408163265306,0.5882774747843138,19.440816326530612,1.1765549495686276,0.8126791515805409,0.06245576632666275
193,10,LMM-2,7,7.5482993197278905,0.1937086028408857,15.096598639455781,0.3874172056817714,0.8351596780008423,0.06605332687496132
194,4,LMM-1,7,10.67295918367347,0.34166383077689266,21.34591836734694,0.6833276615537853,0.7793118289136459,0.07090947986745202
194,4,LMM-2,7,7.749489795918367,0.24640585943421722,15.498979591836735,0.49281171886843445,0.8361065004220546,0.054872957989791894
194,5,LMM-1,7,11.145918367346939,0.5805601361869173,22.291836734693877,1.1611202723738345,0.7781211322885194,0.06997437511540616
194,5,LMM-2,7,7.453061224489796,0.20881805335441828,14.906122448979591,0.41763610670883655,0.8385328193899111,0.0617416406500497
194,6,LMM-1,7,11.145918367346939,0.5805601361869173,22.291836734693877,1.1611202723738345,0.7782049836773997,0.06995882858768743
194,6,LMM-2,7,7.453061224489796,0.20881805335441828,14.906122448979591,0.41763610670883655,0.8385328193899111,0.0617416406500497
194,7,LMM-1,7,10.845578231292517,0.626143823527166,21.691156462585035,1.252287647054332,0.7870444874974704,0.06502677241580794
194,7,LMM-2,7,8.054421768707483,0.4550964481114115,16.108843537414966,0.910192896222823,0.8329580986109606,0.054999809591676406
194,8,LMM-1,7,10.331632653061224,0.8640694377977444,20.663265306122447,1.7281388755954887,0.8055801499994848,0.054536596257544534
194,8,LMM-2,7,8.287925170068027,0.4380066960637232,16.575850340136054,0.8760133921274464,0.8305339076159264,0.05361204545617441
194,9,LMM-1,7,7.946768707482994,0.6604044791485073,15.893537414965987,1.3208089582970146,0.8634889155222325,0.04725764872647694
194,9,LMM-2,7,5.874489795918367,0.3042851135529885,11.748979591836735,0.608570227105977,0.8849374805660641,0.04553175137367215
194,10,LMM-1,7,6.8923469387755105,0.3789829284645476,13.784693877551021,0.7579658569290952,0.8803686917352236,0.04469132744650007
194,10,LMM-2,7,6.03656462585034,0.3080555930591299,12.07312925170068,0.6161111861182598,0.8827498916598471,0.0431603092550728
195,4,LMM-1,7,14.686054421768707,0.5328113768948677,29.372108843537415,1.0656227537897354,0.6761963193176631,0.10368094272942617
195,4,LMM-2,7,11.658673469387754,0.9409360613131351,23.317346938775508,1.8818721226262702,0.7264731710849406,0.08529063321490507
195,5,LMM-1,7,11.45595238095238,0.43270820948743643,22.91190476190476,0.8654164189748729,0.7565542358039351,0.08156828458952607
195,5,LMM-2,7,8.070918367346938,0.5495211926005467,16.141836734693875,1.0990423852010933,0.8183745597814893,0.059944040885860965
195,6,LMM-1,7,11.59421768707483,0.4497126050969866,23.18843537414966,0.8994252101939731,0.7761948521010729,0.08013744681816673
195,6,LMM-2,7,9.179931972789117,0.2294408674722865,18.359863945578233,0.458881734944573,0.810854254482025,0.07415987039720477
195,7,LMM-1,7,10.586054421768708,0.3473077269888415,21.172108843537416,0.694615453977683,0.7978918834459874,0.0739293951300004
195,7,LMM-2,7,9.54438775510204,0.37706601500948783,19.08877551020408,0.7541320300189757,0.8010508901253213,0.07033009315590508
195,8,LMM-1,7,10.263265306122449,0.3630171258520733,20.526530612244898,0.7260342517041466,0.8108344826755066,0.07102864070076838
195,8,LMM-2,7,8.99030612244898,0.36304222238776057,17.98061224489796,0.7260844447755211,0.8171571948223008,0.06879171253891166
195,9,LMM-1,7,8.517687074829933,0.3141693691651598,17.035374149659866,0.6283387383303196,0.8500645437103941,0.06502427294446057
195,9,LMM-2,7,7.479421768707483,0.2986002290881803,14.958843537414966,0.5972004581763606,0.8514935344040477,0.06315584497801098
195,10,LMM-1,7,8.749489795918368,0.35102114973818205,17.498979591836736,0.7020422994763641,0.8559979900403468,0.05732249129759229
195,10,LMM-2,7,6.140816326530612,0.29467366655776844,12.281632653061225,0.5893473331155369,0.8918803840221312,0.05328622649787464
196,4,LMM-1,7,17.858843537414966,0.321108972593524,35.71768707482993,0.642217945187048,0.6228266278992356,0.12416122957055356
196,4,LMM-2,7,9.78231292517007,0.2766939380954656,19.56462585034014,0.5533878761909312,0.7782357812475912,0.08776524502331652
196,5,LMM-1,7,17.858843537414966,0.321108972593524,35.71768707482993,0.642217945187048,0.6228266278992356,0.12416122957055356
196,5,LMM-2,7,9.78231292517007,0.2766939380954656,19.56462585034014,0.5533878761909312,0.7782357812475912,0.08776524502331652
196,6,LMM-1,7,17.858843537414966,0.321108972593524,35.71768707482993,0.642217945187048,0.6228266278992356,0.12416122957055356
196,6,LMM-2,7,9.78231292517007,0.2766939380954656,19.56462585034014,0.5533878761909312,0.7782357812475912,0.08776524502331652
196,7,LMM-1,7,14.137755102040815,0.49764008771622953,28.27551020408163,0.9952801754324591,0.7010205339720154,0.09894446682315508
196,7,LMM-2,7,9.137755102040817,0.49764008771622953,18.275510204081634,0.9952801754324591,0.7991009722631556,0.0690607272052503
196,8,LMM-1,7,14.137755102040815,0.49764008771622953,28.27551020408163,0.9952801754324591,0.7010205339720154,0.09894446682315508
196,8,LMM-2,7,9.137755102040817,0.49764008771622953,18.275510204081634,0.9952801754324591,0.7991009722631556,0.0690607272052503
196,9,LMM-1,7,12.137755102040815,0.49764008771622953,24.27551020408163,0.9952801754324591,0.7480943607331574,0.08517621603843666
196,9,LMM-2,7,9.137755102040817,0.49764008771622953,18.275510204081634,0.9952801754324591,0.7991009722631556,0.0690607272052503
196,10,LMM-1,7,9.137755102040817,0.49764008771622953,18.275510204081634,0.9952801754324591,0.8261040647915336,0.060058186180897415
196,10,LMM-2,7,6.483503401360545,0.38357010295243193,12.96700680272109,0.7671402059048639,0.8730718043999276,0.046920977302799594
197,4,LMM-1,7,13.15187074829932,0.554750174010618,26.30374149659864,1.109500348021236,0.7316801958339043,0.08511097371156685
197,4,LMM-2,7,8.130442176870748,0.5649375727495648,16.260884353741496,1.1298751454991296,0.8085930414934346,0.06153389157901576
197,5,LMM-1,7,13.322108843537416,0.6977179636470454,26.644217687074832,1.3954359272940908,0.7255156045277141,0.08277191954076188
197,5,LMM-2,7,10.792006802721088,0.481680392249531,21.584013605442177,0.963360784499062,0.7556128993794505,0.07682720284935568
197,6,LMM-1,7,11.914625850340135,0.5916770055782761,23.82925170068027,1.1833540111565521,0.7535470871467115,0.07981140542277732
197,6,LMM-2,7,10.194897959183674,0.24701794049721182,20.389795918367348,0.49403588099442364,0.77248330094669,0.07584151196395136
197,7,LMM-1,7,9.028061224489795,0.4397253469693017,18.05612244897959,0.8794506939386034,0.8228453022516481,0.06173039473084894
197,7,LMM-2,7,8.063435374149659,0.6647466015959611,16.126870748299318,1.3294932031919222,0.8365942075547127,0.05360007853982867
197,8,LMM-1,7,8.854081632653061,0.42295012285522465,17.708163265306123,0.8459002457104493,0.828054371670376,0.06038880380621278
197,8,LMM-2,7,7.0003401360544215,0.8068587870987578,14.000680272108843,1.6137175741975156,0.8627492350909495,0.04253168826585056
197,9,LMM-1,7,8.916156462585034,0.36916492383154653,17.83231292517007,0.7383298476630931,0.8268890562434407,0.061540308794438225
197,9,LMM-2,7,6.073469387755102,0.5079469346192546,12.146938775510204,1.015893869238509,0.8832050979439864,0.040114028860200254
197,10,LMM-1,7,9.675680272108844,0.41360089674820616,19.351360544217687,0.8272017934964123,0.8108452688023482,0.07568590227285507
197,10,LMM-2,7,8.296768707482993,0.5894482749344303,16.593537414965986,1.1788965498688606,0.8324648956195071,0.0730328893067383
198,4,LMM-1,7,10.574489795918367,0.4808862254725431,21.148979591836735,0.9617724509450862,0.7797272111387892,0.0843260260733165
198,4,LMM-2,7,8.809353741496599,0.35577995537778484,17.618707482993198,0.7115599107555697,0.8062604397410496,0.07767897245646495
198,5,LMM-1,7,10.328061224489797,0.4319274575818003,20.656122448979595,0.8638549151636006,0.7883177747619252,0.07693530315664406
198,5,LMM-2,7,8.233503401360545,0.20409679648879664,16.46700680272109,0.4081935929775933,0.8222929288591755,0.07228480452562817
198,6,LMM-1,7,9.929761904761905,0.6439871021651769,19.85952380952381,1.2879742043303537,0.8054440133398371,0.07090484204451827
198,6,LMM-2,7,7.256122448979592,0.36304389542845517,14.512244897959183,0.7260877908569103,0.8555175836144786,0.06484793612197075
198,7,LMM-1,7,9.804761904761905,0.7646305408140445,19.60952380952381,1.529261081628089,0.8104286173295087,0.06323935438312367
198,7,LMM-2,7,7.148979591836735,0.3079732411073855,14.29795918367347,0.615946482214771,0.8601020055884732,0.05750546532390807
198,8,LMM-1,7,9.786904761904763,0.7900906259910387,19.573809523809526,1.5801812519820775,0.8124576823003044,0.060551646221295066
198,8,LMM-2,7,7.131122448979592,0.31950192840226344,14.262244897959183,0.6390038568045269,0.8592654450795533,0.05596667448432522
198,9,LMM-1,7,9.876190476190477,0.681609739319131,19.752380952380953,1.363219478638262,0.8123923542938449,0.06440184122335944
198,9,LMM-2,7,8.217687074829932,0.30074644514551824,16.435374149659864,0.6014928902910365,0.8384348853622091,0.059783035661180414
198,10,LMM-1,7,9.581972789115648,0.49870557607482824,19.163945578231296,0.9974111521496565,0.8199995671197515,0.06350237299349189
198,10,LMM-2,7,7.882993197278912,0.20343036673481596,15.765986394557824,0.4068607334696319,0.8395138692418606,0.06031025177469314
199,4,LMM-1,7,14.399149659863946,0.20550481655315173,28.798299319727892,0.41100963310630345,0.704147666719814,0.10678613465173944
199,4,LMM-2,7,12.308503401360543,0.18856978432792199,24.617006802721086,0.37713956865584397,0.7346287512774035,0.09747815367889152
199,5,LMM-1,7,13.03656462585034,0.30805559305913005,26.07312925170068,0.6161111861182601,0.7419136108611254,0.09205793702515669
199,5,LMM-2,7,12.03656462585034,0.30805559305913005,24.07312925170068,0.6161111861182601,0.7419136108611254,0.09205793702515669
199,6,LMM-1,7,13.127210884353742,0.2487801699406785,26.254421768707484,0.497560339881357,0.750406452888262,0.09101620253417476
199,6,LMM-2,7,11.127210884353742,0.2487801699406785,22.254421768707484,0.497560339881357,0.7743992430314597,0.08375763199541283
199,7,LMM-1,7,12.387074829931972,0.3844100253774839,24.774149659863944,0.7688200507549678,0.761209248294859,0.07846771571178864
199,7,LMM-2,7,11.112755102040817,0.44649170269523036,22.225510204081633,0.8929834053904607,0.7682947294311477,0.07470416911896248
199,8,LMM-1,7,12.877891156462585,0.5693481321399848,25.75578231292517,1.1386962642799696,0.7503561370154996,0.07734894468744169
199,8,LMM-2,7,11.62142857142857,0.6296077316008836,23.24285714285714,1.2592154632017671,0.7566740318973365,0.07460280235595178
199,9,LMM-1,7,10.018707482993197,0.33393150548974404,20.037414965986393,0.6678630109794881,0.8244414705175321,0.06333237675039714
199,9,LMM-2,7,8.24812925170068,0.3876546146197834,16.49625850340136,0.7753092292395668,0.8279341591817027,0.06960859138625793
199,10,LMM-1,7,10.098639455782314,0.25026017282511676,20.197278911564627,0.5005203456502335,0.8308158980231131,0.06270764667827443
199,10,LMM-2,7,9.053571428571429,0.1872872943160985,18.107142857142858,0.374574588632197,0.818158066531909,0.07065720460329576
200,4,LMM-1,7,10.791156462585034,0.19981249019264194,21.58231292517007,0.3996249803852839,0.7487697082841039,0.08431246759781603
200,4,LMM-2,7,7.321258503401361,0.435293293405937,14.642517006802722,0.870586586811874,0.8165924408450229,0.057805460660656414
200,5,LMM-1,7,9.791156462585034,0.19981249019264194,19.58231292517007,0.3996249803852839,0.7784752574986874,0.07500440997945185
200,5,LMM-2,7,5.791156462585034,0.19981249019264186,11.582312925170068,0.3996249803852837,0.8576174340851518,0.04831406641874363
200,6,LMM-1,7,11.889115646258503,0.3337870021196528,23.778231292517006,0.6675740042393056,0.7431386587834318,0.08844612288553683
200,6,LMM-2,7,9.462585034013605,0.6036624457205889,18.92517006802721,1.2073248914411778,0.7765984836619723,0.08131250910280055
200,7,LMM-1,7,8.823979591836734,0.6650388376329486,17.647959183673468,1.3300776752658972,0.8235070989870252,0.05652936877379376
200,7,LMM-2,7,6.895408163265307,0.5807928953926769,13.790816326530614,1.1615857907853537,0.8471016394546288,0.050900274788298956
200,8,LMM-1,7,8.642687074829931,0.7764373038775896,17.285374149659862,1.5528746077551792,0.8280089353963357,0.05342230241066298
200,8,LMM-2,7,6.939965986394557,0.5711535113016154,13.879931972789114,1.1423070226032308,0.8460508288555767,0.052204008345094484
200,9,LMM-1,7,8.816156462585033,0.6129150244163967,17.632312925170066,1.2258300488327933,0.8234109000877573,0.05849274524474108
200,9,LMM-2,7,7.385034013605442,0.3345984599344888,14.770068027210884,0.6691969198689776,0.8344580388057713,0.06056051989055222
200,10,LMM-1,7,8.816156462585033,0.6129150244163967,17.632312925170066,1.2258300488327933,0.8314708802180917,0.05724453609765355
200,10,LMM-2,7,6.7559523809523805,0.3321620578167549,13.511904761904761,0.6643241156335098,0.8462516466487584,0.06256008905498245
201,4,LMM-1,7,11.29982993197279,0.40376649740061016,22.59965986394558,0.8075329948012203,0.7624715353167043,0.08238893502158436
201,4,LMM-2,7,7.4488095238095235,0.28355833403055875,14.897619047619047,0.5671166680611175,0.8341434913772828,0.0644635230467385
201,5,LMM-1,7,10.434693877551021,0.30781542441592,20.869387755102043,0.61563084883184,0.7839590552594837,0.0726587122157235
201,5,LMM-2,7,7.191836734693878,0.24721270015319716,14.383673469387755,0.4944254003063943,0.8360234078635124,0.06393903399282497
201,6,LMM-1,7,10.434693877551021,0.30781542441592,20.869387755102043,0.61563084883184,0.7839590552594837,0.0726587122157235
201,6,LMM-2,7,7.191836734693878,0.24721270015319716,14.383673469387755,0.4944254003063943,0.8360234078635124,0.06393903399282497
201,7,LMM-1,7,11.199489795918367,0.6676662383557814,22.398979591836735,1.3353324767115629,0.7670644942107078,0.06960228891306666
201,7,LMM-2,7,8.29047619047619,0.24541140431857378,16.58095238095238,0.49082280863714756,0.8221045810460331,0.05625730275060177
201,8,LMM-1,7,8.264115646258503,0.44835860735415833,16.528231292517006,0.8967172147083167,0.8439672975840831,0.05348392970641371
201,8,LMM-2,7,7.04030612244898,0.28748912218082023,14.08061224489796,0.5749782443616405,0.8545134397185474,0.05257236698550724
201,9,LMM-1,7,7.635884353741496,0.5246361861932421,15.271768707482993,1.0492723723864843,0.8611046813950153,0.04727273323383532
201,9,LMM-2,7,7.45765306122449,0.13950409815090664,14.91530612244898,0.2790081963018133,0.8561647587914303,0.05555899174900801
201,10,LMM-1,7,7.225850340136055,0.49411081240210375,14.45170068027211,0.9882216248042075,0.8716279034445946,0.043970475442696354
201,10,LMM-2,7,7.45765306122449,0.13950409815090664,14.91530612244898,0.2790081963018133,0.8550291530780655,0.05548529903062513
202,4,LMM-1,7,18.207993197278913,0.5215189226406075,36.41598639455783,1.043037845281215,0.6523969344049104,0.1107457193410424
202,4,LMM-2,7,14.207993197278912,0.5215189226406075,28.415986394557823,1.043037845281215,0.7093615630597288,0.09523589731446035
202,5,LMM-1,7,18.207993197278913,0.5215189226406075,36.41598639455783,1.043037845281215,0.6523969344049104,0.1107457193410424
202,5,LMM-2,7,14.207993197278912,0.5215189226406075,28.415986394557823,1.043037845281215,0.7093615630597288,0.09523589731446035
202,6,LMM-1,7,18.207993197278913,0.5215189226406075,36.41598639455783,1.043037845281215,0.6523969344049104,0.1107457193410424
202,6,LMM-2,7,14.207993197278912,0.5215189226406075,28.415986394557823,1.043037845281215,0.7093615630597288,0.09523589731446035
202,7,LMM-1,7,18.207993197278913,0.5215189226406075,36.41598639455783,1.043037845281215,0.6523969344049104,0.1107457193410424
202,7,LMM-2,7,14.207993197278912,0.5215189226406075,28.415986394557823,1.043037845281215,0.7093615630597288,0.09523589731446035
202,8,LMM-1,7,15.648299319727892,0.17684981561112303,31.296598639455784,0.35369963122224607,0.6985667017743706,0.1054142035278753
202,8,LMM-2,7,14.207993197278912,0.5215189226406075,28.415986394557823,1.043037845281215,0.7093615630597288,0.09523589731446035
202,9,LMM-1,7,13.297278911564627,0.41359984779603604,26.594557823129254,0.8271996955920721,0.7528417378341407,0.08548327211896303
202,9,LMM-2,7,8.32312925170068,0.41211943264862555,16.64625850340136,0.8242388652972511,0.8372083311808337,0.06860078002513499
202,10,LMM-1,7,12.207993197278912,0.5215189226406075,24.415986394557823,1.043037845281215,0.77935435475113,0.07392045482653552
202,10,LMM-2,7,5.203401360544218,0.45766491085001404,10.406802721088436,0.9153298217000281,0.9067466116102213,0.04695778507278365
203,4,LMM-1,7,11.608673469387755,0.3108453696214196,23.21734693877551,0.6216907392428392,0.7605313365847506,0.08059557954575618
203,4,LMM-2,7,8.61921768707483,0.5623176840096812,17.23843537414966,1.1246353680193624,0.815740396884131,0.0572321032358039
203,5,LMM-1,7,10.506122448979593,0.5684928231407286,21.012244897959185,1.1369856462814572,0.7974866922999458,0.07059554295091565
203,5,LMM-2,7,8.599829931972788,0.5973440394194619,17.199659863945577,1.1946880788389238,0.8340156249600202,0.05791498812379202
203,6,LMM-1,7,10.506122448979593,0.5684928231407286,21.012244897959185,1.1369856462814572,0.802072890757833,0.06958245447602134
203,6,LMM-2,7,8.417687074829932,0.5214834828708595,16.835374149659863,1.042966965741719,0.8358632040119993,0.05844735057032085
203,7,LMM-1,7,9.606462585034013,0.4794897850606511,19.212925170068026,0.9589795701213022,0.820994109429695,0.06459493624853366
203,7,LMM-2,7,8.306972789115646,0.5911068981045738,16.61394557823129,1.1822137962091477,0.835050887452745,0.05655473192145644
203,8,LMM-1,7,9.677891156462584,0.44462873336894915,19.355782312925168,0.8892574667378983,0.8183478789575688,0.06538305532383601
203,8,LMM-2,7,8.645238095238096,0.6149405885430248,17.29047619047619,1.2298811770860496,0.8244103199924917,0.058079255015962165
203,9,LMM-1,7,9.739965986394557,0.40992201863686323,19.479931972789114,0.8198440372737265,0.8216981083209118,0.06434981420087764
203,9,LMM-2,7,9.003231292517006,0.2972001911682291,18.00646258503401,0.5944003823364582,0.8163055586011349,0.06868907116901153
203,10,LMM-1,7,8.924489795918367,0.4103588904752603,17.848979591836734,0.8207177809505206,0.8457687736650998,0.05798402105955009
203,10,LMM-2,7,7.841836734693877,0.2794606342602863,15.683673469387754,0.5589212685205726,0.8460602230982459,0.0671378490056855
204,4,LMM-1,7,15.481972789115646,1.4022252302249194,30.963945578231293,2.804450460449839,0.7170252322159524,0.09143873754968117
204,4,LMM-2,7,12.629761904761905,1.3090183006988962,25.25952380952381,2.6180366013977925,0.7647578366862546,0.0795422647727298
204,5,LMM-1,7,15.10017006802721,1.6573635434132736,30.20034013605442,3.3147270868265473,0.7183301546851535,0.08958208264129708
204,5,LMM-2,7,12.789625850340135,1.208839111044308,25.57925170068027,2.417678222088616,0.767962516918563,0.07585809344978495
204,6,LMM-1,7,15.10017006802721,1.6573635434132736,30.20034013605442,3.3147270868265473,0.7192790977522545,0.08868744995707847
204,6,LMM-2,7,12.789625850340135,1.208839111044308,25.57925170068027,2.417678222088616,0.767962516918563,0.07585809344978495
204,7,LMM-1,7,14.784183673469387,2.0471784760053877,29.568367346938775,4.094356952010775,0.7340711972101476,0.07291283488068442
204,7,LMM-2,7,12.34829931972789,1.5607266557653146,24.69659863945578,3.121453311530629,0.7771397461628567,0.06614406232766852
204,8,LMM-1,7,14.784183673469387,2.0471784760053877,29.568367346938775,4.094356952010775,0.7338187407659289,0.07312718566744997
204,8,LMM-2,7,12.649319727891156,1.2727264861680383,25.29863945578231,2.5454529723360766,0.7655095999819389,0.07818080521732142
204,9,LMM-1,7,11.51921768707483,1.458439525298127,23.03843537414966,2.916879050596254,0.8114501744746122,0.05762540179095994
204,9,LMM-2,7,8.905442176870748,0.24494141715696746,17.810884353741496,0.4898828343139349,0.8334514121328118,0.06792735420549992
204,10,LMM-1,7,11.274659863945578,1.6321573971235572,22.549319727891156,3.2643147942471145,0.8112077760699747,0.054412464468639135
204,10,LMM-2,7,8.686054421768707,0.4901399490939411,17.372108843537415,0.9802798981878822,0.8429096011428507,0.05549651057315485
205,4,LMM-1,7,10.779251700680273,0.17842267857040556,21.558503401360547,0.3568453571408111,0.7778876719768256,0.08665493078018853
205,4,LMM-2,7,8.94982993197279,0.12460892593693666,17.89965986394558,0.24921785187387333,0.7971300115019231,0.08403558356412091
205,5,LMM-1,7,9.183333333333334,0.26140645235596877,18.366666666666667,0.5228129047119375,0.8132738876937982,0.0656522545604027
205,5,LMM-2,7,8.248809523809523,0.37876230587763277,16.497619047619047,0.7575246117552655,0.8227811496193914,0.06298215803995251
205,6,LMM-1,7,9.124659863945578,0.33049490863159103,18.249319727891155,0.6609898172631821,0.8158055625187328,0.06317659451521099
205,6,LMM-2,7,8.593877551020409,0.6120375688257429,17.187755102040818,1.2240751376514858,0.8162625229569104,0.060023778856766935
205,7,LMM-1,7,9.142517006802722,0.30544255564117556,18.285034013605443,0.6108851112823511,0.8155902895365658,0.0640433837609061
205,7,LMM-2,7,8.44404761904762,0.40646351008917586,16.88809523809524,0.8129270201783517,0.8234553663416657,0.06170575915516669
205,8,LMM-1,7,8.210034013605442,0.22100011317972765,16.420068027210885,0.4420002263594553,0.8496856340391367,0.0593335046316792
205,8,LMM-2,7,8.455102040816326,0.3857844661345294,16.910204081632653,0.7715689322690588,0.826466039396698,0.062351007105142256
205,9,LMM-1,7,8.210034013605442,0.22100011317972765,16.420068027210885,0.4420002263594553,0.8507384334787694,0.05855426983458302
205,9,LMM-2,7,7.989115646258504,0.3906894579841433,15.978231292517007,0.7813789159682866,0.8441454712740125,0.05808190281959231
205,10,LMM-1,7,7.980442176870748,0.3822881858265267,15.960884353741497,0.7645763716530534,0.8585107885694286,0.04878964746204447
205,10,LMM-2,7,7.874319727891156,0.5043348923585705,15.748639455782312,1.008669784717141,0.8474945802744838,0.054177030365049055
206,4,LMM-1,7,18.07108843537415,0.32947334699589054,36.1421768707483,0.6589466939917811,0.631996997012968,0.11726817001740003
206,4,LMM-2,7,9.924149659863945,0.7531086945567823,19.84829931972789,1.5062173891135646,0.7826633775335062,0.07058831947425873
206,5,LMM-1,7,18.07108843537415,0.32947334699589054,36.1421768707483,0.6589466939917811,0.631996997012968,0.11726817001740003
206,5,LMM-2,7,9.924149659863945,0.7531086945567823,19.84829931972789,1.5062173891135646,0.7826633775335062,0.07058831947425873
206,6,LMM-1,7,18.07108843537415,0.32947334699589054,36.1421768707483,0.6589466939917811,0.631996997012968,0.11726817001740003
206,6,LMM-2,7,9.924149659863945,0.7531086945567823,19.84829931972789,1.5062173891135646,0.7826633775335062,0.07058831947425873
206,7,LMM-1,7,16.72687074829932,0.26594507047155713,33.45374149659864,0.5318901409431143,0.6551029222300935,0.11468145678824425
206,7,LMM-2,7,9.924149659863945,0.7531086945567823,19.84829931972789,1.5062173891135646,0.7826633775335062,0.07058831947425873
206,8,LMM-1,7,16.03095238095238,0.2554840676902132,32.06190476190476,0.5109681353804264,0.6679756331981306,0.11280817568836912
206,8,LMM-2,7,9.924149659863945,0.7531086945567823,19.84829931972789,1.5062173891135646,0.7826633775335062,0.07058831947425873
206,9,LMM-1,7,16.03095238095238,0.2554840676902132,32.06190476190476,0.5109681353804264,0.6679756331981306,0.11280817568836912
206,9,LMM-2,7,9.924149659863945,0.7531086945567823,19.84829931972789,1.5062173891135646,0.7826633775335062,0.07058831947425873
206,10,LMM-1,7,11.07108843537415,0.32947334699589104,22.1421768707483,0.6589466939917821,0.772743493381508,0.07774811810407764
206,10,LMM-2,7,7.07108843537415,0.3294733469958908,14.1421768707483,0.6589466939917816,0.8545572181635402,0.0504309593494636
207,4,LMM-1,7,11.905612244897958,0.2597785636347137,23.811224489795915,0.5195571272694274,0.7704017615004012,0.08193697976051842
207,4,LMM-2,7,8.90561224489796,0.2597785636347137,17.81122448979592,0.5195571272694274,0.8108247073521048,0.06897861494319876
207,5,LMM-1,7,11.39421768707483,0.2617249139544776,22.78843537414966,0.5234498279089552,0.7844643462112826,0.07824764157912807
207,5,LMM-2,7,8.509013605442176,0.16921503775316435,17.01802721088435,0.3384300755063287,0.8211605534508467,0.07047461629264375
207,6,LMM-1,7,11.671768707482993,0.3644300291516034,23.343537414965986,0.7288600583032068,0.7789169630316601,0.0773560150979459
207,6,LMM-2,7,8.725340136054422,0.2793804131352955,17.450680272108844,0.558760826270591,0.8176617487403123,0.06712222119478277
207,7,LMM-1,7,9.45595238095238,0.43270820948743643,18.91190476190476,0.8654164189748729,0.8149080169253674,0.06465924388236331
207,7,LMM-2,7,8.314285714285713,0.45446886594504876,16.628571428571426,0.9089377318900975,0.8186152076752785,0.06158598275795499
207,8,LMM-1,7,9.192687074829932,0.35568433960147045,18.385374149659864,0.7113686792029409,0.8154251441174596,0.06573631148385053
207,8,LMM-2,7,7.445408163265306,0.3407700723565559,14.890816326530611,0.6815401447131118,0.8400035254736926,0.05785646378866648
207,9,LMM-1,7,8.671768707482993,0.3644300291516034,17.343537414965986,0.7288600583032068,0.8392062220120321,0.05744669679447395
207,9,LMM-2,7,6.526190476190476,0.3955965098929157,13.052380952380952,0.7911930197858315,0.8621880218119091,0.04793618410020072
207,10,LMM-1,7,7.731122448979591,0.6316805029150171,15.462244897959183,1.2633610058300342,0.8653157618367783,0.043920063845466026
207,10,LMM-2,7,6.701530612244897,0.4574371547225,13.403061224489795,0.914874309445,0.8738188582511189,0.0425310563077516
208,4,LMM-1,7,16.800850340136055,1.081203467026229,33.60170068027211,2.162406934052458,0.6950182877585045,0.09652194948798205
208,4,LMM-2,7,13.5921768707483,0.3537359366386707,27.1843537414966,0.7074718732773414,0.7290706486946591,0.10125103406045613
208,5,LMM-1,7,16.800850340136055,1.081203467026229,33.60170068027211,2.162406934052458,0.6950182877585045,0.09652194948798205
208,5,LMM-2,7,13.5921768707483,0.3537359366386707,27.1843537414966,0.7074718732773414,0.7290706486946591,0.10125103406045613
208,6,LMM-1,7,14.800850340136053,1.0812034670262292,29.601700680272106,2.1624069340524583,0.7339107189437086,0.08509598548503262
208,6,LMM-2,7,12.800850340136053,1.0812034670262292,25.601700680272106,2.1624069340524583,0.7573833411807672,0.07783975154646951
208,7,LMM-1,7,14.800850340136053,1.0812034670262292,29.601700680272106,2.1624069340524583,0.73616633084368,0.08441019072003965
208,7,LMM-2,7,9.85595238095238,0.567029195759387,19.71190476190476,1.134058391518774,0.8044139891968307,0.08227536851786865
208,8,LMM-1,7,14.555442176870747,0.9654265648063941,29.110884353741493,1.9308531296127882,0.737556404982673,0.08456957918738912
208,8,LMM-2,7,9.85595238095238,0.567029195759387,19.71190476190476,1.134058391518774,0.8044139891968307,0.08227536851786865
208,9,LMM-1,7,13.47125850340136,0.6102363595767571,26.94251700680272,1.2204727191535143,0.7521011468178896,0.0847970227948487
208,9,LMM-2,7,9.50799319727891,0.439559035173182,19.01598639455782,0.879118070346364,0.8097126536026843,0.08122190535953214
208,10,LMM-1,7,12.800850340136053,1.0812034670262292,25.601700680272106,2.1624069340524583,0.7807106791595398,0.0703729232863467
208,10,LMM-2,7,7.806462585034014,0.3832091197867209,15.612925170068028,0.7664182395734418,0.8521622219478269,0.05631329500646309
209,4,LMM-1,7,13.367857142857144,0.5451887064343709,26.735714285714288,1.0903774128687418,0.7441960766970624,0.09316044396572752
209,4,LMM-2,7,10.367857142857144,0.5451887064343709,20.735714285714288,1.0903774128687418,0.7953377784290996,0.0777056601908817
209,5,LMM-1,7,12.943877551020408,1.0754782553439273,25.887755102040817,2.1509565106878545,0.7585537334899775,0.0771440661636229
209,5,LMM-2,7,10.04421768707483,0.9696920396047986,20.08843537414966,1.939384079209597,0.8107953067981055,0.06031394029779291
209,6,LMM-1,7,12.04421768707483,0.9696920396047986,24.08843537414966,1.939384079209597,0.8006013772547182,0.06505566142220222
209,6,LMM-2,7,11.115646258503402,0.8662057318246618,22.231292517006803,1.7324114636493235,0.7993069714689156,0.06688877253491793
209,7,LMM-1,7,12.04421768707483,0.9696920396047986,24.08843537414966,1.939384079209597,0.799056453526401,0.06552626177902682
209,7,LMM-2,7,9.152380952380952,0.32064277846728445,18.304761904761904,0.6412855569345689,0.8283964242259917,0.07000207234508403
209,8,LMM-1,7,12.04421768707483,0.9696920396047986,24.08843537414966,1.939384079209597,0.799056453526401,0.06552626177902682
209,8,LMM-2,7,9.152380952380952,0.32064277846728445,18.304761904761904,0.6412855569345689,0.8283964242259917,0.07000207234508403
209,9,LMM-1,7,12.04421768707483,0.9696920396047986,24.08843537414966,1.939384079209597,0.799056453526401,0.06552626177902682
209,9,LMM-2,7,9.152380952380952,0.32064277846728445,18.304761904761904,0.6412855569345689,0.8283964242259917,0.07000207234508403
209,10,LMM-1,7,11.816326530612244,1.1215931596158935,23.632653061224488,2.243186319231787,0.8015505503211325,0.06335852319885392
209,10,LMM-2,7,8.853061224489796,0.4917224018181525,17.706122448979592,0.983444803636305,0.8323693092301506,0.06579459045688853
210,4,LMM-1,7,12.36343537414966,0.26356670770934776,24.72687074829932,0.5271334154186955,0.7484756367970941,0.09389499486721879
210,4,LMM-2,7,8.372789115646258,0.20171702678940143,16.745578231292516,0.40343405357880285,0.8280733647795167,0.06839449536137107
210,5,LMM-1,7,12.36343537414966,0.26356670770934776,24.72687074829932,0.5271334154186955,0.7484756367970941,0.09389499486721879
210,5,LMM-2,7,8.372789115646258,0.20171702678940143,16.745578231292516,0.40343405357880285,0.8280733647795167,0.06839449536137107
210,6,LMM-1,7,11.097619047619048,0.25826474841160346,22.195238095238096,0.5165294968232069,0.7875595998154615,0.0784815461474263
210,6,LMM-2,7,8.32517006802721,0.24094168304226393,16.65034013605442,0.48188336608452786,0.8364746848134963,0.06200674052658347
210,7,LMM-1,7,10.845578231292517,0.626143823527166,21.691156462585035,1.252287647054332,0.7948451744210134,0.06877807885772218
210,7,LMM-2,7,8.850680272108844,0.360134216885695,17.70136054421769,0.72026843377139,0.828430165984557,0.05753385815431274
210,8,LMM-1,7,9.523469387755101,0.3673384352757284,19.046938775510203,0.7346768705514568,0.8180449919586203,0.06822465036434652
210,8,LMM-2,7,8.383503401360544,0.5892028831263315,16.767006802721088,1.178405766252663,0.832762980714255,0.05717831577312719
210,9,LMM-1,7,9.534353741496599,0.6077219555751415,19.068707482993197,1.215443911150283,0.822273723081696,0.059346545043620205
210,9,LMM-2,7,8.054421768707483,0.28655327093513105,16.108843537414966,0.5731065418702621,0.8428255557843938,0.057130901763867176
210,10,LMM-1,7,8.778911564625849,0.4673870404326035,17.557823129251698,0.934774080865207,0.8408756759438115,0.05637484758024574
210,10,LMM-2,7,8.039115646258503,0.3187221843725914,16.078231292517007,0.6374443687451828,0.8422232150079204,0.0583908766722496
211,4,LMM-1,7,11.699319727891156,0.259059105530509,23.398639455782313,0.518118211061018,0.7541728596114042,0.08258978003255191
211,4,LMM-2,7,9.699319727891156,0.259059105530509,19.398639455782313,0.518118211061018,0.7793131066656558,0.0756949013602685
211,5,LMM-1,7,11.254761904761905,0.29770474956545817,22.50952380952381,0.5954094991309163,0.7645274276854137,0.07904425379876573
211,5,LMM-2,7,9.436054421768707,0.20876264249052096,18.872108843537415,0.4175252849810419,0.7873200525764111,0.07338653438321345
211,6,LMM-1,7,11.010544217687075,0.27019008876497297,22.02108843537415,0.5403801775299459,0.7802062581156095,0.07284708230196092
211,6,LMM-2,7,9.046258503401361,0.24908922904845013,18.092517006802723,0.49817845809690026,0.8048836329821034,0.06637925683457746
211,7,LMM-1,7,12.232993197278912,0.6886516223512471,24.465986394557824,1.3773032447024942,0.7694980299584093,0.07162494289994678
211,7,LMM-2,7,10.304421768707483,0.6036768193774636,20.608843537414966,1.2073536387549273,0.7889432394892347,0.06722066251347847
211,8,LMM-1,7,8.417176870748298,0.3197068128816948,16.834353741496596,0.6394136257633896,0.84549059849063,0.05776816685906244
211,8,LMM-2,7,8.08673469387755,0.26792057342037057,16.1734693877551,0.5358411468407411,0.8426312197755588,0.059911376459552634
211,9,LMM-1,7,8.64455782312925,0.26100871544748017,17.2891156462585,0.5220174308949603,0.8446560763905381,0.05820009011820246
211,9,LMM-2,7,8.303741496598638,0.17246407372657083,16.607482993197276,0.34492814745314165,0.8387498690666045,0.06188927449848019
211,10,LMM-1,7,8.64455782312925,0.26100871544748017,17.2891156462585,0.5220174308949603,0.8446285752952086,0.05866991733467757
211,10,LMM-2,7,8.191496598639455,0.22274990567355774,16.38299319727891,0.44549981134711547,0.8405113236267786,0.06001976400039718
212,4,LMM-1,7,10.835884353741497,0.5325668799361137,21.671768707482993,1.0651337598722275,0.7838167336433047,0.07234095849820948
212,4,LMM-2,7,7.267006802721089,0.1913095230535987,14.534013605442178,0.3826190461071974,0.8491064515475488,0.06338611152876157
212,5,LMM-1,7,9.9328231292517,0.41684537331076393,19.8656462585034,0.8336907466215279,0.8272322914491416,0.0606692625163278
212,5,LMM-2,7,6.625680272108844,0.400276192883247,13.251360544217688,0.800552385766494,0.8753352907851966,0.05468273445857272
212,6,LMM-1,7,9.393877551020408,0.578721680810445,18.787755102040816,1.15744336162089,0.8334520955651644,0.057122756539776026
212,6,LMM-2,7,5.992687074829932,0.2986325793763051,11.985374149659863,0.5972651587526102,0.8910360544524869,0.04853367845304099
212,7,LMM-1,7,9.255272108843538,0.7390907969688827,18.510544217687077,1.4781815939377654,0.8372629820380171,0.05277188676294511
212,7,LMM-2,7,6.033843537414966,0.3143152539346958,12.067687074829932,0.6286305078693916,0.8921313411879744,0.04653023950051775
212,8,LMM-1,7,9.255272108843538,0.7390907969688827,18.510544217687077,1.4781815939377654,0.8390346261315084,0.05222449805157934
212,8,LMM-2,7,6.488095238095238,0.3994752794181552,12.976190476190476,0.7989505588363104,0.8800758577904437,0.053224230799557105
212,9,LMM-1,7,8.653401360544217,0.7194505528950501,17.306802721088435,1.4389011057901002,0.8555113564105952,0.04704047989315722
212,9,LMM-2,7,6.151360544217687,0.38940007919382025,12.302721088435375,0.7788001583876405,0.8873269122759412,0.0444383449327395
212,10,LMM-1,7,8.653401360544217,0.7194505528950501,17.306802721088435,1.4389011057901002,0.8662502268891712,0.044154396185443194
212,10,LMM-2,7,6.151360544217687,0.38940007919382025,12.302721088435375,0.7788001583876405,0.8873269122759412,0.0444383449327395
213,4,LMM-1,7,12.50952380952381,0.5663764763169196,25.01904761904762,1.1327529526338391,0.744529258341762,0.08292198945713782
213,4,LMM-2,7,10.7093537414966,1.0142929857799272,21.4187074829932,2.0285859715598544,0.7660954634084971,0.07023439590796302
213,5,LMM-1,7,11.742176870748299,0.37934762826953233,23.484353741496598,0.7586952565390647,0.7593502634714477,0.08218593477688428
213,5,LMM-2,7,10.220238095238097,0.5283220132266533,20.440476190476193,1.0566440264533066,0.771667829345806,0.0800379762940643
213,6,LMM-1,7,10.701360544217687,0.5445772621632942,21.402721088435374,1.0891545243265883,0.7867246014343038,0.0711034791394714
213,6,LMM-2,7,8.965136054421768,0.2435270824015681,17.930272108843536,0.4870541648031362,0.8018229620081783,0.07265217350230731
213,7,LMM-1,7,11.23078231292517,0.4966776682061343,22.46156462585034,0.9933553364122686,0.788844618899146,0.07748948705664642
213,7,LMM-2,7,9.433673469387756,0.47473660467155576,18.867346938775512,0.9494732093431115,0.8053397621967447,0.07488699316801646
213,8,LMM-1,7,10.663775510204081,0.4939190707046619,21.327551020408162,0.9878381414093238,0.8024889476496178,0.07482317916968939
213,8,LMM-2,7,9.126190476190477,0.4395034303690045,18.252380952380953,0.879006860738009,0.8147423177007556,0.07029755211177471
213,9,LMM-1,7,8.447448979591837,0.6247352625485083,16.894897959183673,1.2494705250970166,0.8566366817645659,0.050829189901683405
213,9,LMM-2,7,7.205952380952381,0.22390448846472133,14.411904761904761,0.44780897692944266,0.870837094930515,0.051880979895496324
213,10,LMM-1,7,7.700850340136055,0.41623627639816513,15.40170068027211,0.8324725527963303,0.8702134826767096,0.05104114709583142
213,10,LMM-2,7,7.806802721088435,0.25814377060647703,15.61360544217687,0.5162875412129541,0.8589782900248366,0.058407438955129704
214,4,LMM-1,7,15.617687074829933,0.694728702986228,31.235374149659865,1.389457405972456,0.7037041361555707,0.09670169990103782
214,4,LMM-2,7,12.792517006802722,1.2176965757999734,25.585034013605444,2.4353931515999467,0.7481104724336832,0.07451573536239403
214,5,LMM-1,7,15.579421768707482,0.7465194897068622,31.158843537414963,1.4930389794137244,0.7019363625138776,0.09878206650768129
214,5,LMM-2,7,12.97874149659864,1.0017793589095598,25.95748299319728,2.0035587178191197,0.7426341553505517,0.08153831325941303
214,6,LMM-1,7,14.617687074829933,0.6947287029862284,29.235374149659865,1.3894574059724567,0.7370883150558862,0.08688866969148189
214,6,LMM-2,7,9.911224489795918,0.43851782761987085,19.822448979591837,0.8770356552397417,0.822203012389022,0.06476277433276953
214,7,LMM-1,7,14.617687074829933,0.6947287029862284,29.235374149659865,1.3894574059724567,0.7370883150558862,0.08688866969148189
214,7,LMM-2,7,9.911224489795918,0.43851782761987085,19.822448979591837,0.8770356552397417,0.822203012389022,0.06476277433276953
214,8,LMM-1,7,14.617687074829933,0.6947287029862284,29.235374149659865,1.3894574059724567,0.7370883150558862,0.08688866969148189
214,8,LMM-2,7,9.911224489795918,0.43851782761987085,19.822448979591837,0.8770356552397417,0.822203012389022,0.06476277433276953
214,9,LMM-1,7,13.617687074829933,0.6947287029862284,27.235374149659865,1.3894574059724567,0.7702611046860276,0.07660168119078292
214,9,LMM-2,7,9.617687074829933,0.6947287029862284,19.235374149659865,1.3894574059724567,0.8307507126445602,0.05657084327947062
214,10,LMM-1,7,13.617687074829933,0.6947287029862284,27.235374149659865,1.3894574059724567,0.7702611046860276,0.07660168119078292
214,10,LMM-2,7,9.617687074829933,0.6947287029862284,19.235374149659865,1.3894574059724567,0.8307507126445602,0.05657084327947062
215,4,LMM-1,7,10.872108843537415,0.46475157908840636,21.74421768707483,0.9295031581768127,0.7632514370651909,0.08129816732012697
215,4,LMM-2,7,6.776700680272109,0.5826505295583394,13.553401360544218,1.1653010591166788,0.8429868969651526,0.06929099640319006
215,5,LMM-1,7,9.354761904761904,0.38982233292509744,18.70952380952381,0.7796446658501949,0.804597377586596,0.06797401266312943
215,5,LMM-2,7,8.246428571428572,0.4271039691380949,16.492857142857144,0.8542079382761898,0.8186325918668077,0.06176835065764946
215,6,LMM-1,7,9.01955782312925,0.6219248471688024,18.0391156462585,1.2438496943376047,0.8192716452201552,0.059698471515617184
215,6,LMM-2,7,6.988605442176871,0.5018809200047144,13.977210884353742,1.0037618400094288,0.8469033574357806,0.05254067583940685
215,7,LMM-1,7,8.683503401360545,0.5687936802007465,17.36700680272109,1.137587360401493,0.8275988865947689,0.05792573800681781
215,7,LMM-2,7,7.303061224489796,0.8046418562451837,14.606122448979592,1.6092837124903674,0.8376499158636195,0.04992197108782614
215,8,LMM-1,7,9.91904761904762,0.46423076597919755,19.83809523809524,0.9284615319583951,0.8028731736924052,0.07490974487508667
215,8,LMM-2,7,8.099659863945579,0.3475874288374443,16.199319727891158,0.6951748576748886,0.8268296679813655,0.0564288482977054
215,9,LMM-1,7,9.954761904761906,0.4784825788169224,19.90952380952381,0.9569651576338448,0.8032989715250867,0.0746655608644392
215,9,LMM-2,7,8.135374149659864,0.3731067716580062,16.270748299319727,0.7462135433160124,0.8290239402736393,0.05556782216710252
215,10,LMM-1,7,9.065476190476192,0.5738416311902393,18.130952380952383,1.1476832623804787,0.8238425487843057,0.06885734888770291
215,10,LMM-2,7,6.669727891156462,0.32619845634439776,13.339455782312925,0.6523969126887955,0.865826809433191,0.05069090314057303
216,4,LMM-1,7,15.583163265306123,0.6757041788072824,31.166326530612245,1.3514083576145648,0.6878213780315737,0.09978801006503271
216,4,LMM-2,7,9.583163265306123,0.6757041788072826,19.166326530612245,1.3514083576145652,0.8068845783315153,0.06323028261259396
216,5,LMM-1,7,15.583163265306123,0.6757041788072824,31.166326530612245,1.3514083576145648,0.6878213780315737,0.09978801006503271
216,5,LMM-2,7,9.583163265306123,0.6757041788072826,19.166326530612245,1.3514083576145652,0.8068845783315153,0.06323028261259396
216,6,LMM-1,7,14.839625850340136,0.5451388356482129,29.679251700680272,1.0902776712964257,0.7008716601637125,0.0985799084941645
216,6,LMM-2,7,9.583163265306123,0.6757041788072826,19.166326530612245,1.3514083576145652,0.8068845783315153,0.06323028261259396
216,7,LMM-1,7,13.583163265306123,0.6757041788072826,27.166326530612245,1.3514083576145652,0.73372981076248,0.08649675278607863
216,7,LMM-2,7,9.583163265306123,0.6757041788072826,19.166326530612245,1.3514083576145652,0.8068845783315153,0.06323028261259396
216,8,LMM-1,7,13.211394557823128,0.6070140776932935,26.422789115646257,1.214028155386587,0.7420586047445449,0.08554146933501908
216,8,LMM-2,7,9.583163265306123,0.6757041788072826,19.166326530612245,1.3514083576145652,0.8068845783315153,0.06323028261259396
216,9,LMM-1,7,12.583163265306123,0.6757041788072826,25.166326530612245,1.3514083576145652,0.7593902494238499,0.0776387298352961
216,9,LMM-2,7,9.583163265306123,0.6757041788072826,19.166326530612245,1.3514083576145652,0.8118793971816667,0.060473543787999934
216,10,LMM-1,7,12.583163265306123,0.6757041788072826,25.166326530612245,1.3514083576145652,0.7593902494238499,0.0776387298352961
216,10,LMM-2,7,9.583163265306123,0.6757041788072826,19.166326530612245,1.3514083576145652,0.8118793971816667,0.060473543787999934
217,4,LMM-1,7,16.40918367346939,0.6689131592819492,32.81836734693878,1.3378263185638983,0.6615316494566311,0.09979441593768443
217,4,LMM-2,7,12.409183673469387,0.6689131592819492,24.818367346938775,1.3378263185638983,0.7308376183643592,0.07947886804337427
217,5,LMM-1,7,15.409183673469387,0.6689131592819492,30.818367346938775,1.3378263185638983,0.6835912127967598,0.09359895971399336
217,5,LMM-2,7,12.409183673469387,0.6689131592819492,24.818367346938775,1.3378263185638983,0.7308376183643592,0.07947886804337427
217,6,LMM-1,7,13.409183673469387,0.6689131592819492,26.818367346938775,1.3378263185638983,0.7308376183643592,0.07947886804337427
217,6,LMM-2,7,12.409183673469387,0.6689131592819492,24.818367346938775,1.3378263185638983,0.7308376183643592,0.07947886804337427
217,7,LMM-1,7,14.37091836734694,0.7155153410295593,28.74183673469388,1.4310306820591185,0.7082059976043112,0.08536377875959385
217,7,LMM-2,7,13.409183673469387,0.6689131592819492,26.818367346938775,1.3378263185638983,0.707645973053077,0.0860006530207226
217,8,LMM-1,7,10.479931972789116,0.2087410282667374,20.95986394557823,0.4174820565334748,0.800454889518819,0.07522747943028173
217,8,LMM-2,7,9.975850340136054,0.17230703009378856,19.951700680272108,0.3446140601875771,0.794591337323986,0.07632113460267334
217,9,LMM-1,7,10.354931972789116,0.27161381416891844,20.70986394557823,0.5432276283378369,0.8038756299971677,0.07346531900914945
217,9,LMM-2,7,9.703741496598639,0.4083511472341572,19.407482993197277,0.8167022944683144,0.8017158179406801,0.07021468393315497
217,10,LMM-1,7,10.089115646258504,0.34899749327519497,20.178231292517008,0.6979949865503899,0.8187464398600875,0.0680582312086753
217,10,LMM-2,7,8.498809523809523,0.6229797279981097,16.997619047619047,1.2459594559962195,0.827422606762582,0.05733007446337376
218,4,LMM-1,7,12.680102040816326,0.42794962180202906,25.360204081632652,0.8558992436040581,0.7393675015185789,0.0838242650159823
218,4,LMM-2,7,6.379761904761905,0.6088281930951317,12.75952380952381,1.2176563861902634,0.8627236261595669,0.06456175142350079
218,5,LMM-1,7,12.60017006802721,0.5068411276138156,25.20034013605442,1.0136822552276312,0.7407783628477755,0.08218855154456234
218,5,LMM-2,7,6.468197278911565,0.672657940686901,12.93639455782313,1.345315881373802,0.8584737544620612,0.06766261334533583
218,6,LMM-1,7,12.55595238095238,0.5414690900782834,25.11190476190476,1.0829381801565667,0.7421882575609944,0.08111431187612833
218,6,LMM-2,7,6.379761904761905,0.6088281930951317,12.75952380952381,1.2176563861902634,0.8627236261595669,0.06456175142350079
218,7,LMM-1,7,10.618027210884353,0.4825994850245851,21.236054421768706,0.9651989700491702,0.792318017027524,0.06644537505208727
218,7,LMM-2,7,6.181292517006803,0.31286120316334315,12.362585034013605,0.6257224063266863,0.8710776644412868,0.05195932022611987
218,8,LMM-1,7,10.618027210884353,0.4825994850245851,21.236054421768706,0.9651989700491702,0.7895414632792302,0.0673605876704967
218,8,LMM-2,7,9.618027210884353,0.4825994850245851,19.236054421768706,0.9651989700491702,0.7895414632792302,0.0673605876704967
218,9,LMM-1,7,10.618027210884353,0.4825994850245851,21.236054421768706,0.9651989700491702,0.7920083347684413,0.06661903789061627
218,9,LMM-2,7,6.672619047619048,0.5374970336890147,13.345238095238097,1.0749940673780294,0.855533447986726,0.06181088390108788
218,10,LMM-1,7,10.618027210884353,0.4825994850245851,21.236054421768706,0.9651989700491702,0.7918439293235325,0.06666852402322455
218,10,LMM-2,7,6.1671768707483,0.36904973509534733,12.3343537414966,0.7380994701906947,0.8699032232784207,0.05506279797626484
219,4,LMM-1,7,14.945918367346938,0.3246804870455686,29.891836734693875,0.6493609740911372,0.7106802560347434,0.09904090747605516
219,4,LMM-2,7,11.087414965986394,0.6867206266901135,22.174829931972788,1.373441253380227,0.7817636639213748,0.07352100168019968
219,5,LMM-1,7,14.874489795918366,0.40499136010355413,29.748979591836733,0.8099827202071083,0.713380196556429,0.09513750664952565
219,5,LMM-2,7,11.015986394557823,0.7418892114174985,22.031972789115645,1.483778422834997,0.7849404708253187,0.06857019114633736
219,6,LMM-1,7,14.874489795918366,0.40499136010355413,29.748979591836733,0.8099827202071083,0.713380196556429,0.09513750664952565
219,6,LMM-2,7,11.015986394557823,0.7418892114174985,22.031972789115645,1.483778422834997,0.7849404708253187,0.06857019114633736
219,7,LMM-1,7,13.874489795918366,0.40499136010355413,27.748979591836733,0.8099827202071083,0.7480384828542005,0.08487991555908168
219,7,LMM-2,7,10.138265306122449,0.14322858254964008,20.276530612244898,0.28645716509928015,0.8021601302581602,0.07412917741268965
219,8,LMM-1,7,13.874489795918366,0.40499136010355413,27.748979591836733,0.8099827202071083,0.7480384828542005,0.08487991555908168
219,8,LMM-2,7,10.138265306122449,0.14322858254964008,20.276530612244898,0.28645716509928015,0.8021601302581602,0.07412917741268965
219,9,LMM-1,7,13.874489795918366,0.40499136010355413,27.748979591836733,0.8099827202071083,0.7480384828542005,0.08487991555908168
219,9,LMM-2,7,10.138265306122449,0.14322858254964008,20.276530612244898,0.28645716509928015,0.8021601302581602,0.07412917741268965
219,10,LMM-1,7,13.874489795918366,0.40499136010355413,27.748979591836733,0.8099827202071083,0.7480384828542005,0.08487991555908168
219,10,LMM-2,7,10.138265306122449,0.14322858254964008,20.276530612244898,0.28645716509928015,0.8021601302581602,0.07412917741268965
220,4,LMM-1,7,14.690306122448979,0.7431526395784616,29.380612244897957,1.4863052791569231,0.7299404908586595,0.09020409724958064
220,4,LMM-2,7,9.27295918367347,1.5036951993759309,18.54591836734694,3.0073903987518618,0.8068522036384197,0.09970864139544122
220,5,LMM-1,7,13.636734693877552,0.8104624981285591,27.273469387755103,1.6209249962571182,0.7306370636759297,0.08778033397626299
220,5,LMM-2,7,10.690306122448979,0.7431526395784616,21.380612244897957,1.4863052791569231,0.7832746266346532,0.07266187184718136
220,6,LMM-1,7,13.708163265306123,0.724617854608074,27.416326530612245,1.449235709216148,0.7287320329878794,0.09052279535521655
220,6,LMM-2,7,10.743877551020407,0.6943637418977815,21.487755102040815,1.388727483795563,0.7808839821400809,0.07631953208803413
220,7,LMM-1,7,12.672448979591836,0.7637454987234337,25.344897959183672,1.5274909974468673,0.7736201909505465,0.07606687983861532
220,7,LMM-2,7,7.018877551020409,0.959355927264712,14.037755102040817,1.918711854529424,0.8619887763905404,0.07752341635927482
220,8,LMM-1,7,11.716666666666667,0.7286103319834382,23.433333333333334,1.4572206639668763,0.7923988641488812,0.07171753110725108
220,8,LMM-2,7,5.506122448979592,0.25152227543873856,11.012244897959183,0.5030445508774771,0.9037394076080096,0.046363698164978165
220,9,LMM-1,7,10.80986394557823,0.6783123130667992,21.61972789115646,1.3566246261335984,0.8109240894301892,0.0639497077458199
220,9,LMM-2,7,8.112755102040817,1.2937714776938212,16.225510204081633,2.5875429553876423,0.855698144747512,0.03729601346033951
220,10,LMM-1,7,10.845578231292517,0.626143823527166,21.691156462585035,1.252287647054332,0.8100052012152086,0.06522490129369518
220,10,LMM-2,7,8.166326530612244,1.2267338658412936,16.332653061224487,2.4534677316825872,0.8533191456786369,0.04072770461223251
221,4,LMM-1,7,19.225850340136056,0.49411081240210375,38.45170068027211,0.9882216248042075,0.6492964528256204,0.107569900617449
221,4,LMM-2,7,10.225850340136054,0.49411081240210375,20.451700680272108,0.9882216248042075,0.8104935896429344,0.05875867243046514
221,5,LMM-1,7,12.365986394557824,0.6051952412422069,24.73197278911565,1.2103904824844138,0.7566597578794061,0.08994879083910824
221,5,LMM-2,7,11.821428571428571,0.5746437326736749,23.642857142857142,1.1492874653473497,0.7551350101799548,0.08631841783714683
221,6,LMM-1,7,12.365986394557824,0.6051952412422069,24.73197278911565,1.2103904824844138,0.7602616885238264,0.08831843648116691
221,6,LMM-2,7,11.229421768707482,0.6724375814104583,22.458843537414964,1.3448751628209166,0.7762160300350833,0.07140713247885884
221,7,LMM-1,7,11.320408163265308,0.890001198521864,22.640816326530615,1.780002397043728,0.7773951959415272,0.09175134997755201
221,7,LMM-2,7,10.621598639455783,0.5174108361297044,21.243197278911566,1.0348216722594088,0.7847254605684041,0.08407599092276877
221,8,LMM-1,7,10.210374149659865,0.653253275686683,20.42074829931973,1.306506551373366,0.826839244100784,0.05924268971295811
221,8,LMM-2,7,8.031122448979591,0.3362556717894706,16.062244897959182,0.6725113435789412,0.8305090073390958,0.062436328353663084
221,9,LMM-1,7,9.674999999999999,0.7020519810719031,19.349999999999998,1.4041039621438063,0.846592648907874,0.04912034388879088
221,9,LMM-2,7,9.416836734693877,0.17841311414366504,18.833673469387755,0.35682622828733007,0.8102990130128832,0.06805252009607707
221,10,LMM-1,7,10.220748299319727,0.792237111533138,20.441496598639453,1.584474223066276,0.8262542757667485,0.049848180175699204
221,10,LMM-2,7,10.022108843537413,0.38698604962035543,20.044217687074827,0.7739720992407109,0.8226913696553834,0.060739584582288564
222,4,LMM-1,7,12.695408163265308,0.41376072597458685,25.390816326530615,0.8275214519491737,0.7429123360771233,0.08631532737179569
222,4,LMM-2,7,7.3979591836734695,0.4777973374874757,14.795918367346939,0.9555946749749514,0.8457708233397757,0.057925327676448986
222,5,LMM-1,7,12.24234693877551,0.6062644897205639,24.48469387755102,1.2125289794411278,0.7561787571925224,0.07977876302050925
222,5,LMM-2,7,7.05,0.33676801869046047,14.1,0.6735360373809209,0.8566172740817622,0.055344115424971536
222,6,LMM-1,7,10.618027210884353,0.4825994850245851,21.236054421768706,0.9651989700491702,0.7987641730487037,0.066192553910096
222,6,LMM-2,7,8.997789115646258,0.842097362253045,17.995578231292516,1.68419472450609,0.8154663490160858,0.05539476791885137
222,7,LMM-1,7,10.463095238095237,0.545396629062921,20.926190476190474,1.090793258125842,0.8019012277815463,0.06483124739812643
222,7,LMM-2,7,9.029081632653062,0.8081049633680484,18.058163265306124,1.6162099267360968,0.8151336250944544,0.05735792486508334
222,8,LMM-1,7,9.680102040816326,0.42794962180202906,19.360204081632652,0.8558992436040581,0.8163872346638639,0.06110689827466539
222,8,LMM-2,7,7.20765306122449,0.3262251441076597,14.41530612244898,0.6524502882153194,0.8484586941562714,0.0635074593436163
222,9,LMM-1,7,9.680102040816326,0.42794962180202906,19.360204081632652,0.8558992436040581,0.8254547300710303,0.058033376479838056
222,9,LMM-2,7,5.680102040816327,0.42794962180202917,11.360204081632654,0.8558992436040583,0.8946484231127216,0.033465783270315554
222,10,LMM-1,7,9.362755102040817,0.6370825024689529,18.725510204081633,1.2741650049379059,0.8335229643067039,0.05209415299525148
222,10,LMM-2,7,5.656292517006802,0.44172222833205693,11.312585034013605,0.8834444566641139,0.895099426274892,0.033163758713964465
223,4,LMM-1,7,12.317687074829932,0.4509319025421146,24.635374149659864,0.9018638050842293,0.7539592798882359,0.08747644200621041
223,4,LMM-2,7,10.436904761904762,0.39172636684969364,20.873809523809523,0.7834527336993873,0.7789168671825418,0.07864136651170739
223,5,LMM-1,7,12.317687074829932,0.4509319025421146,24.635374149659864,0.9018638050842293,0.7539116288328905,0.0875226578659295
223,5,LMM-2,7,10.498979591836735,0.32854642797240374,20.99795918367347,0.6570928559448075,0.7767197098505901,0.08076386353192057
223,6,LMM-1,7,11.470408163265306,0.3272126522078765,22.940816326530612,0.654425304415753,0.7752563897514928,0.08180809885580465
223,6,LMM-2,7,10.680272108843537,0.25583794083186123,21.360544217687075,0.5116758816637225,0.7734178492271134,0.0832316735600865
223,7,LMM-1,7,11.470408163265306,0.3272126522078765,22.940816326530612,0.654425304415753,0.791675775537409,0.07751897962566408
223,7,LMM-2,7,7.866496598639456,0.18425911294787048,15.732993197278912,0.36851822589574096,0.8367785907281343,0.06658028600401993
223,8,LMM-1,7,11.427380952380952,0.38818652154628475,22.854761904761904,0.7763730430925695,0.7843677231664828,0.07987088055690254
223,8,LMM-2,7,8.078401360544218,0.18642636527854764,16.156802721088436,0.3728527305570953,0.8294106924917044,0.06751565969022605
223,9,LMM-1,7,9.678911564625851,0.5680889208403749,19.357823129251702,1.1361778416807498,0.8177349843176378,0.06119097265547668
223,9,LMM-2,7,7.105442176870748,0.44235344459799003,14.210884353741497,0.8847068891959801,0.8605962070616437,0.05009369918599826
223,10,LMM-1,7,8.69829931972789,1.2112919706800953,17.39659863945578,2.4225839413601906,0.8497769966128258,0.04274541643101874
223,10,LMM-2,7,6.831632653061225,0.3316544559377518,13.66326530612245,0.6633089118755036,0.8638108394057312,0.04879593943343526
224,4,LMM-1,7,10.868537414965987,0.3972103979454879,21.737074829931974,0.7944207958909758,0.7665791128222033,0.0818349755870857
224,4,LMM-2,7,9.75374149659864,0.5293260182506737,19.50748299319728,1.0586520365013474,0.7705563506009774,0.07707351501428292
224,5,LMM-1,7,10.171428571428573,0.17855555485002553,20.342857142857145,0.35711110970005105,0.7894264188499662,0.08182072300851288
224,5,LMM-2,7,8.142857142857142,0.23022713816444906,16.285714285714285,0.4604542763288981,0.8175253838799953,0.07090885128906661
224,6,LMM-1,7,10.139115646258503,0.29912369895048607,20.278231292517006,0.5982473979009721,0.7977535689577868,0.07273253299304164
224,6,LMM-2,7,8.156972789115645,0.278372529559884,16.31394557823129,0.556745059119768,0.8271347915141243,0.06482129212742306
224,7,LMM-1,7,10.139115646258503,0.29912369895048607,20.278231292517006,0.5982473979009721,0.7971975087744873,0.07279395537174936
224,7,LMM-2,7,7.91156462585034,0.19383279110961413,15.82312925170068,0.38766558221922826,0.8292884311732485,0.0657189054380505
224,8,LMM-1,7,10.037755102040817,0.40468272248986414,20.075510204081635,0.8093654449797283,0.8032908481644091,0.06972718976979497
224,8,LMM-2,7,7.992687074829932,0.19894281304377562,15.985374149659863,0.39788562608755124,0.8255395089356053,0.06866855976540305
224,9,LMM-1,7,8.812414965986395,0.462439140158667,17.62482993197279,0.924878280317334,0.837114294127039,0.05827014548924011
224,9,LMM-2,7,7.552040816326531,0.22343443953729528,15.104081632653061,0.44686887907459055,0.8416322763341858,0.06540262466344235
224,10,LMM-1,7,8.721768707482994,0.5256113545520681,17.443537414965988,1.0512227091041362,0.8343121442945607,0.05654231712390895
224,10,LMM-2,7,7.750680272108844,0.18853910551375616,15.501360544217688,0.3770782110275123,0.8328203938178229,0.06378730311121947
225,4,LMM-1,7,11.591666666666667,0.6269572527895318,23.183333333333334,1.2539145055790637,0.7559534496913162,0.08011282633008128
225,4,LMM-2,7,10.489965986394557,0.8778308958856964,20.979931972789114,1.7556617917713928,0.7739185003427341,0.07321234550103271
225,5,LMM-1,7,11.117687074829933,0.4528763079967462,22.235374149659865,0.9057526159934924,0.772187463184485,0.08291785076142535
225,5,LMM-2,7,9.77312925170068,0.3272939631756915,19.54625850340136,0.654587926351383,0.7974382836884745,0.0785622794129463
225,6,LMM-1,7,10.339285714285714,0.3439013529917687,20.678571428571427,0.6878027059835374,0.7980455101855676,0.07751639712800003
225,6,LMM-2,7,8.85187074829932,0.2590067378634939,17.70374149659864,0.5180134757269877,0.8294669311632911,0.06823742171956103
225,7,LMM-1,7,8.9671768707483,0.6416005156740251,17.9343537414966,1.2832010313480502,0.8265317847116782,0.05811350506564714
225,7,LMM-2,7,8.097448979591837,0.4759873838048597,16.194897959183674,0.9519747676097194,0.8534279060989503,0.05313050162845391
225,8,LMM-1,7,9.49047619047619,0.44914885492178536,18.98095238095238,0.8982977098435707,0.8162990317410043,0.06368937584787801
225,8,LMM-2,7,8.378571428571428,0.53783179391772,16.757142857142856,1.07566358783544,0.8451611876105067,0.05483198599811701
225,9,LMM-1,7,8.951530612244898,0.6028629710460619,17.903061224489797,1.2057259420921238,0.8268850328008809,0.057276835160325335
225,9,LMM-2,7,7.070578231292517,0.23984114496067785,14.141156462585034,0.4796822899213557,0.8566213310026427,0.055330144172516395
225,10,LMM-1,7,8.927721088435375,0.6167739230805256,17.85544217687075,1.2335478461610512,0.8272736622528439,0.05707729635192704
225,10,LMM-2,7,7.041666666666666,0.2216013151069796,14.083333333333332,0.4432026302139592,0.8591632908927994,0.05237496173498987
226,4,LMM-1,7,12.38452380952381,0.46955797712055863,24.76904761904762,0.9391159542411173,0.7494397784804987,0.08244722962776618
226,4,LMM-2,7,9.279251700680273,1.3910868535385017,18.558503401360547,2.7821737070770034,0.8170363008749898,0.055416167668857944
226,5,LMM-1,7,12.38452380952381,0.46955797712055863,24.76904761904762,0.9391159542411173,0.7494397784804987,0.08244722962776618
226,5,LMM-2,7,9.279251700680273,1.3910868535385017,18.558503401360547,2.7821737070770034,0.8170363008749898,0.055416167668857944
226,6,LMM-1,7,12.38452380952381,0.46955797712055863,24.76904761904762,0.9391159542411173,0.7494397784804987,0.08244722962776618
226,6,LMM-2,7,10.096938775510205,0.8348486847001102,20.19387755102041,1.6696973694002204,0.8072471711701716,0.06695521231467343
226,7,LMM-1,7,11.698809523809524,0.7531999008914884,23.39761904761905,1.5063998017829767,0.7770059549247177,0.07135531451712482
226,7,LMM-2,7,8.069557823129252,0.44416631210037727,16.139115646258503,0.8883326242007545,0.8421691154238896,0.06127728564407206
226,8,LMM-1,7,11.491666666666665,0.5914570386523679,22.98333333333333,1.1829140773047357,0.7872300455777984,0.07370244068727816
226,8,LMM-2,7,7.5787414965986395,0.40147345062444156,15.157482993197279,0.8029469012488831,0.8531473979342213,0.06207607930789381
226,9,LMM-1,7,11.38452380952381,0.46955797712055863,22.76904761904762,0.9391159542411173,0.7922386657452172,0.07387255349267954
226,9,LMM-2,7,7.268367346938775,0.4232946392440541,14.53673469387755,0.8465892784881082,0.8684400252347749,0.05584981469404871
226,10,LMM-1,7,10.633333333333335,0.5922113522335466,21.26666666666667,1.1844227044670932,0.8043757982140824,0.06590599368193281
226,10,LMM-2,7,7.523129251700681,0.34450829334225197,15.046258503401361,0.6890165866845039,0.858744695074905,0.05307602043972707
227,4,LMM-1,7,13.494217687074828,0.38930856023760213,26.988435374149656,0.7786171204752043,0.7523960697675538,0.08495956933330144
227,4,LMM-2,7,11.243707482993198,0.46918603325904634,22.487414965986396,0.9383720665180927,0.7590916828985809,0.08169180497172059
227,5,LMM-1,7,13.426190476190476,0.36317134253170524,26.85238095238095,0.7263426850634105,0.754508763630761,0.0843691977319805
227,5,LMM-2,7,11.264115646258503,0.4483586073541582,22.528231292517006,0.8967172147083164,0.7636292875725393,0.08330917632203717
227,6,LMM-1,7,12.695068027210883,0.6974757893617528,25.390136054421767,1.3949515787235056,0.7549239690043368,0.07981633579178438
227,6,LMM-2,7,11.494217687074828,0.38930856023760213,22.988435374149656,0.7786171204752043,0.7715570050071661,0.07906895163561142
227,7,LMM-1,7,12.918197278911565,0.6703870662146064,25.83639455782313,1.3407741324292128,0.761234936049671,0.08055336311751185
227,7,LMM-2,7,11.214285714285714,0.42691478754859763,22.428571428571427,0.8538295750971953,0.777917058164583,0.07599770854398093
227,8,LMM-1,7,11.987244897959185,0.7095964882780867,23.97448979591837,1.4191929765561735,0.7839393020412945,0.07273832967921455
227,8,LMM-2,7,9.99965986394558,0.27909111526130354,19.99931972789116,0.5581822305226071,0.8048920849992021,0.07384002499273513
227,9,LMM-1,7,11.916666666666668,0.8128433340529316,23.833333333333336,1.6256866681058633,0.787172756081336,0.06960126282629098
227,9,LMM-2,7,9.993707482993198,0.2572851035491693,19.987414965986396,0.5145702070983386,0.8056943012992931,0.07337015059907465
227,10,LMM-1,7,9.01955782312925,0.6219248471688024,18.0391156462585,1.2438496943376047,0.8468791968017838,0.04995949572998329
227,10,LMM-2,7,5.475170068027211,0.436647002025441,10.950340136054422,0.873294004050882,0.9011977030527271,0.03307934018632405
228,4,LMM-1,7,12.811224489795919,0.3508763481214758,25.622448979591837,0.7017526962429516,0.7110932794152697,0.0927787646032492
228,4,LMM-2,7,9.488095238095239,0.690681414493347,18.976190476190478,1.381362828986694,0.772587855879061,0.07028325375080383
228,5,LMM-1,7,12.281972789115645,0.4243973931349439,24.56394557823129,0.8487947862698878,0.727312314165898,0.08623452283188729
228,5,LMM-2,7,9.732653061224491,0.5696823009477675,19.465306122448983,1.139364601895535,0.7642099755262259,0.07689320291005791
228,6,LMM-1,7,9.70017006802721,0.5119492262651614,19.40034013605442,1.0238984525303227,0.8036278604121426,0.0667060176599424
228,6,LMM-2,7,8.762244897959183,0.45343669963478483,17.524489795918367,0.9068733992695697,0.803444839274202,0.0665062193387387
228,7,LMM-1,7,9.563945578231293,0.6173871353642145,19.127891156462585,1.234774270728429,0.8181602563085931,0.06469624497725694
228,7,LMM-2,7,7.83843537414966,0.39860549877429874,15.67687074829932,0.7972109975485975,0.8423681219257968,0.058347193239078575
228,8,LMM-1,7,9.438945578231293,0.743910794027788,18.877891156462585,1.487821588055576,0.8222965998353118,0.059121240743830517
228,8,LMM-2,7,7.452551020408164,0.29002587806876473,14.905102040816328,0.5800517561375295,0.8505965492040988,0.06099228897278683
228,9,LMM-1,7,9.18248299319728,0.8188702926331841,18.36496598639456,1.6377405852663682,0.8346696289772968,0.05430320174676937
228,9,LMM-2,7,7.521938775510203,0.26151939578684225,15.043877551020406,0.5230387915736845,0.846738238757495,0.06272259535121166
228,10,LMM-1,7,8.829931972789115,0.5948200670118233,17.65986394557823,1.1896401340236467,0.8398871789120168,0.05514695215880096
228,10,LMM-2,7,7.254761904761905,0.4146823498138853,14.50952380952381,0.8293646996277706,0.8594571910079167,0.051097029529267916
229,4,LMM-1,7,11.774489795918369,1.0959231178401962,23.548979591836737,2.1918462356803925,0.7743986052828846,0.07143409690747499
229,4,LMM-2,7,10.025,0.9297657154973428,20.05,1.8595314309946855,0.7900172049902923,0.07095646558199566
229,5,LMM-1,7,11.50391156462585,1.2761242739526393,23.0078231292517,2.5522485479052786,0.778766029300974,0.06791294547616146
229,5,LMM-2,7,9.867687074829933,1.0337532119317603,19.735374149659865,2.0675064238635206,0.7944580736681459,0.06811327724056752
229,6,LMM-1,7,11.421768707482993,1.2956572129596535,22.843537414965986,2.591314425919307,0.780597605601602,0.06726753838333516
229,6,LMM-2,7,9.77482993197279,1.0941830596827142,19.54965986394558,2.1883661193654285,0.7970910711204909,0.06592832315587363
229,7,LMM-1,7,11.221088435374151,1.4942912794623655,22.442176870748302,2.988582558924731,0.7922259298940144,0.05701056646687356
229,7,LMM-2,7,10.077721088435373,0.8155182009849443,20.155442176870746,1.6310364019698886,0.7916316615190141,0.07148698527632154
229,8,LMM-1,7,9.862925170068028,1.0241052073756791,19.725850340136056,2.0482104147513582,0.8232520517244806,0.05566775377434717
229,8,LMM-2,7,9.422619047619047,0.5723578752974103,18.845238095238095,1.1447157505948207,0.8040009822099167,0.07264937727372935
229,9,LMM-1,7,9.72091836734694,1.1639670726037696,19.44183673469388,2.3279341452075393,0.8307394433465392,0.05063765830556832
229,9,LMM-2,7,9.27721088435374,0.714419326667649,18.55442176870748,1.428838653335298,0.8100406845892294,0.06730962686517103
229,10,LMM-1,7,9.447789115646259,1.3428553982371896,18.895578231292518,2.685710796474379,0.8387878772497889,0.04438577674580613
229,10,LMM-2,7,9.300680272108844,0.693705460852638,18.601360544217687,1.387410921705276,0.808542562229008,0.06882167381434365
230,4,LMM-1,7,9.264115646258503,0.4483586073541582,18.528231292517006,0.8967172147083164,0.8076338934005128,0.06684612167802823
230,4,LMM-2,7,6.50187074829932,0.2944950719478097,13.00374149659864,0.5889901438956194,0.8552554845168192,0.05901376839715746
230,5,LMM-1,7,8.905272108843537,0.48691738467365436,17.810544217687074,0.9738347693473087,0.8224781759051666,0.061581084429358515
230,5,LMM-2,7,8.385544217687075,0.39780558405618177,16.77108843537415,0.7956111681123635,0.8206617112332333,0.06368197196387686
230,6,LMM-1,7,8.456802721088435,0.7192485512058908,16.91360544217687,1.4384971024117816,0.8365792559743909,0.05371158942171549
230,6,LMM-2,7,7.8527210884353735,0.6782072403434466,15.705442176870747,1.3564144806868932,0.8314324664120668,0.05809941904496379
230,7,LMM-1,7,7.984523809523809,0.5147126755015808,15.969047619047618,1.0294253510031617,0.8459191832558854,0.05680099118152306
230,7,LMM-2,7,7.171768707482992,0.27997763739262377,14.343537414965985,0.5599552747852475,0.8437001711419737,0.06507358997038669
230,8,LMM-1,7,7.739115646258504,0.4072430102039675,15.478231292517007,0.814486020407935,0.8489797844447216,0.05675427214627309
230,8,LMM-2,7,7.392006802721089,0.536473654653304,14.784013605442178,1.072947309306608,0.8379659607159086,0.06195122790779928
230,9,LMM-1,7,7.625510204081633,0.3939219013250728,15.251020408163265,0.7878438026501456,0.8543732255708765,0.05493625468001449
230,9,LMM-2,7,7.9261904761904765,0.2997164192579199,15.852380952380953,0.5994328385158398,0.8307745493957456,0.06848641562210338
230,10,LMM-1,7,7.1889455782312925,0.4990656617892842,14.377891156462585,0.9981313235785684,0.8802550839648343,0.04291889694967233
230,10,LMM-2,7,6.346938775510204,0.3466385255400618,12.693877551020408,0.6932770510801236,0.8765357392177602,0.05103410074882411
231,4,LMM-1,7,25.728571428571428,1.493629708199264,51.457142857142856,2.987259416398528,0.5232489835007452,0.12402098873286238
231,4,LMM-2,7,11.478401360544217,1.1877200115987563,22.956802721088433,2.3754400231975126,0.7694898261990195,0.11014589147420357
231,5,LMM-1,7,20.37312925170068,0.9488512092224026,40.74625850340136,1.8977024184448053,0.6217073925875173,0.109506258815126
231,5,LMM-2,7,11.043877551020406,0.7033192823071253,22.087755102040813,1.4066385646142505,0.7874827663626073,0.0890700752789987
231,6,LMM-1,7,20.37312925170068,0.9488512092224026,40.74625850340136,1.8977024184448053,0.631050112989674,0.10710181242557003
231,6,LMM-2,7,15.373129251700679,0.9488512092224023,30.746258503401357,1.8977024184448046,0.7225315845939189,0.08101554872825893
231,7,LMM-1,7,18.37312925170068,0.9488512092224026,36.74625850340136,1.8977024184448053,0.6745867428930153,0.09524106219628012
231,7,LMM-2,7,11.043877551020406,0.7033192823071253,22.087755102040813,1.4066385646142505,0.7874827663626073,0.0890700752789987
231,8,LMM-1,7,17.37312925170068,0.9488512092224026,34.74625850340136,1.8977024184448053,0.6983721357085944,0.08832889097968365
231,8,LMM-2,7,15.373129251700679,0.9488512092224023,30.746258503401357,1.8977024184448046,0.7225315845939189,0.08101554872825893
231,9,LMM-1,7,9.131292517006802,0.5490375425667741,18.262585034013604,1.0980750851335481,0.8163072930390944,0.06386195373451291
231,9,LMM-2,7,8.598469387755102,0.38899603020898393,17.196938775510205,0.7779920604179679,0.8183743980100536,0.06878723547389475
231,10,LMM-1,7,8.885884353741497,0.4520229645896895,17.771768707482995,0.904045929179379,0.8237988538142963,0.06351893527923216
231,10,LMM-2,7,8.03843537414966,0.5895131885169496,16.07687074829932,1.1790263770338991,0.826632322708358,0.07480482272610214
232,4,LMM-1,7,10.67295918367347,0.34166383077689266,21.34591836734694,0.6833276615537853,0.7720312862613244,0.07729375250251731
232,4,LMM-2,7,9.67295918367347,0.34166383077689266,19.34591836734694,0.6833276615537853,0.7720312862613244,0.07729375250251731
232,5,LMM-1,7,10.772789115646258,0.476426569267037,21.545578231292517,0.952853138534074,0.778224589728046,0.07793353666836458
232,5,LMM-2,7,8.401360544217686,0.33712099054452643,16.802721088435373,0.6742419810890529,0.8122768155153726,0.07049290887065311
232,6,LMM-1,7,10.686224489795919,0.2938315857539983,21.372448979591837,0.5876631715079966,0.7779710032001754,0.07685904496856098
232,6,LMM-2,7,7.9042517006802715,0.48409002843438,15.808503401360543,0.96818005686876,0.8384395094468476,0.05631638854536106
232,7,LMM-1,7,10.046088435374148,0.3738792312738885,20.092176870748297,0.747758462547777,0.8004963338983476,0.07212316100735869
232,7,LMM-2,7,7.737585034013605,0.3393014420169311,15.47517006802721,0.6786028840338622,0.8418106439419428,0.05704580411531355
232,8,LMM-1,7,10.136734693877552,0.35625480780428603,20.273469387755103,0.7125096156085721,0.8043084750310554,0.0717582242443653
232,8,LMM-2,7,8.391666666666667,0.49839026589898117,16.783333333333335,0.9967805317979623,0.8274660305165235,0.061902958185597504
232,9,LMM-1,7,9.679081632653062,0.3380879664967627,19.358163265306125,0.6761759329935254,0.8141767826409685,0.06441125260421506
232,9,LMM-2,7,8.185884353741496,0.19189778663770854,16.371768707482993,0.3837955732754171,0.8341484200564082,0.059689758956235926
232,10,LMM-1,7,8.208673469387756,0.3018989639012466,16.417346938775513,0.6037979278024932,0.8500339132762181,0.06057366804354308
232,10,LMM-2,7,6.960374149659864,0.3509939576333968,13.920748299319728,0.7019879152667936,0.857580041360909,0.05279659166073039
233,4,LMM-1,7,14.854081632653061,0.42295012285522465,29.708163265306123,0.8459002457104493,0.6678256377688794,0.10157282695350073
233,4,LMM-2,7,9.623469387755103,0.3749148020514267,19.246938775510205,0.7498296041028534,0.7640735900272188,0.08256872899152365
233,5,LMM-1,7,12.854081632653061,0.42295012285522465,25.708163265306123,0.8459002457104493,0.7164132064608763,0.08777065345683675
233,5,LMM-2,7,9.623469387755103,0.3749148020514267,19.246938775510205,0.7498296041028534,0.7640735900272188,0.08256872899152365
233,6,LMM-1,7,13.203401360544218,0.3937453516117597,26.406802721088436,0.7874907032235194,0.715505353912257,0.09259073443123528
233,6,LMM-2,7,11.26547619047619,0.3337030262832012,22.53095238095238,0.6674060525664024,0.7386028771871921,0.08873018147910075
233,7,LMM-1,7,10.348469387755102,0.6191734285703809,20.696938775510205,1.2383468571407619,0.7850439523555698,0.07453167851607984
233,7,LMM-2,7,7.947278911564625,0.4607117431620126,15.89455782312925,0.9214234863240252,0.827132710188561,0.06479167719717731
233,8,LMM-1,7,9.437585034013606,0.8977741834268709,18.875170068027213,1.7955483668537418,0.8090544422223732,0.061449002252030004
233,8,LMM-2,7,7.210204081632654,0.655372892772263,14.420408163265307,1.310745785544526,0.849871119850171,0.052108671942065525
233,9,LMM-1,7,8.981292517006803,0.6682396755387163,17.962585034013607,1.3364793510774327,0.8269304604085811,0.059884455399354365
233,9,LMM-2,7,7.153571428571429,0.4169488840158781,14.307142857142859,0.8338977680317562,0.8517507479055626,0.05673571785150615
233,10,LMM-1,7,7.344897959183673,0.6588898062344594,14.689795918367347,1.3177796124689187,0.87551692539269,0.044553860354584696
233,10,LMM-2,7,6.651360544217687,0.3396339831904802,13.302721088435375,0.6792679663809604,0.8640359187131154,0.050769602849701084
234,4,LMM-1,7,11.235204081632654,0.47423230767410646,22.470408163265308,0.9484646153482129,0.7806816306146713,0.07917777074512163
234,4,LMM-2,7,9.974489795918368,0.37106801417837376,19.948979591836736,0.7421360283567475,0.791168243745236,0.07619512699194043
234,5,LMM-1,7,10.860034013605443,0.44463647426087244,21.720068027210885,0.8892729485217449,0.7933377171628712,0.07290384446549411
234,5,LMM-2,7,8.860034013605443,0.44463647426087244,17.720068027210885,0.8892729485217449,0.8203222643094733,0.06401738721527778
234,6,LMM-1,7,10.551700680272107,0.23460611589915792,21.103401360544215,0.46921223179831584,0.8007703909388076,0.07474676888185448
234,6,LMM-2,7,9.586224489795919,0.3156791524908187,19.172448979591838,0.6313583049816374,0.8114247388899665,0.06975608759890439
234,7,LMM-1,7,9.958673469387756,0.5211383321877162,19.917346938775513,1.0422766643754324,0.8226369745517825,0.06264938990174941
234,7,LMM-2,7,9.700340136054422,0.31765976080339625,19.400680272108843,0.6353195216067925,0.8112502479576751,0.06820591373432817
234,8,LMM-1,7,10.43078231292517,0.4032245858561955,20.86156462585034,0.806449171712391,0.8193461957981374,0.06533127471479085
234,8,LMM-2,7,9.924149659863945,0.40886758958985786,19.84829931972789,0.8177351791797157,0.8102279808097076,0.06533240622311577
234,9,LMM-1,7,10.43078231292517,0.4032245858561955,20.86156462585034,0.806449171712391,0.8193461957981374,0.06533127471479085
234,9,LMM-2,7,9.924149659863945,0.40886758958985786,19.84829931972789,0.8177351791797157,0.8102279808097076,0.06533240622311577
234,10,LMM-1,7,9.837074829931973,0.20640009589025596,19.674149659863946,0.4128001917805119,0.8281238294945558,0.06771992314778022
234,10,LMM-2,7,8.575680272108844,0.34245172620986697,17.151360544217688,0.6849034524197339,0.8457028715285098,0.06111248708571404
235,4,LMM-1,7,14.943877551020408,0.093243198380087,29.887755102040817,0.186486396760174,0.6680794616441673,0.10753421429291249
235,4,LMM-2,7,10.5171768707483,0.13035090244258685,21.0343537414966,0.2607018048851737,0.7589160029621508,0.08119448045325531
235,5,LMM-1,7,13.434693877551021,0.30781542441592,26.869387755102043,0.61563084883184,0.707207990281318,0.09223144739574916
235,5,LMM-2,7,10.5171768707483,0.13035090244258685,21.0343537414966,0.2607018048851737,0.7589160029621508,0.08119448045325531
235,6,LMM-1,7,12.863945578231293,0.18120028029751303,25.727891156462587,0.36240056059502607,0.7338648100398609,0.0921163893163241
235,6,LMM-2,7,10.863945578231293,0.18120028029751303,21.727891156462587,0.36240056059502607,0.7595701341434065,0.08437808777252068
235,7,LMM-1,7,12.735034013605443,0.2799726787011603,25.470068027210885,0.5599453574023207,0.7529636998457022,0.08088126102161458
235,7,LMM-2,7,10.735034013605443,0.2799726787011603,21.470068027210885,0.5599453574023207,0.7770884921259216,0.07498494294181163
235,8,LMM-1,7,12.735034013605443,0.2799726787011603,25.470068027210885,0.5599453574023207,0.768149380385739,0.07610794876408063
235,8,LMM-2,7,8.21343537414966,0.23588318888911908,16.42687074829932,0.47176637777823816,0.8333789503929323,0.06017933592776498
235,9,LMM-1,7,12.735034013605443,0.2799726787011603,25.470068027210885,0.5599453574023207,0.768149380385739,0.07610794876408063
235,9,LMM-2,7,8.21343537414966,0.23588318888911908,16.42687074829932,0.47176637777823816,0.8333789503929323,0.06017933592776498
235,10,LMM-1,7,12.735034013605443,0.2799726787011603,25.470068027210885,0.5599453574023207,0.768149380385739,0.07610794876408063
235,10,LMM-2,7,8.21343537414966,0.23588318888911908,16.42687074829932,0.47176637777823816,0.8333789503929323,0.06017933592776498
236,4,LMM-1,7,12.615136054421768,0.23875479589200452,25.230272108843536,0.47750959178400904,0.7385203419647983,0.09748454794937782
236,4,LMM-2,7,10.486224489795918,0.2731964870099913,20.972448979591835,0.5463929740199825,0.7695082870021961,0.08610466124522748
236,5,LMM-1,7,12.388265306122449,0.343581781333966,24.776530612244898,0.687163562667932,0.7487439080982273,0.08811349823165263
236,5,LMM-2,7,10.388265306122449,0.343581781333966,20.776530612244898,0.687163562667932,0.7765516041875765,0.0794967497440414
236,6,LMM-1,7,12.010714285714286,0.08849651209545598,24.021428571428572,0.17699302419091195,0.7558720363607769,0.09103807069357596
236,6,LMM-2,7,10.010714285714286,0.08849651209545598,20.021428571428572,0.17699302419091195,0.7838930241647493,0.0824632739284301
236,7,LMM-1,7,12.010714285714286,0.08849651209545598,24.021428571428572,0.17699302419091195,0.7560754456222057,0.09106256953177984
236,7,LMM-2,7,10.010714285714286,0.08849651209545598,20.021428571428572,0.17699302419091195,0.7838930241647493,0.0824632739284301
236,8,LMM-1,7,11.171938775510203,0.2671489937261709,22.343877551020405,0.5342979874523418,0.7732246164646152,0.09079563070861854
236,8,LMM-2,7,9.171938775510203,0.2671489937261709,18.343877551020405,0.5342979874523418,0.8011842248398369,0.08196993750459641
236,9,LMM-1,7,10.431802721088435,0.41175664548506735,20.86360544217687,0.8235132909701347,0.7937923633212325,0.07305636893852285
236,9,LMM-2,7,9.337414965986394,0.5327570901272416,18.674829931972788,1.0655141802544832,0.7963146590862313,0.06960787413133722
236,10,LMM-1,7,10.18639455782313,0.3188336024136163,20.37278911564626,0.6376672048272326,0.7986874530132602,0.0735068865991258
236,10,LMM-2,7,9.09200680272109,0.44121317013678524,18.18401360544218,0.8824263402735705,0.8012253030523616,0.07003712591415681
237,4,LMM-1,7,12.18078231292517,0.19671174041162662,24.36156462585034,0.39342348082325324,0.7340116573795671,0.09408608069592334
237,4,LMM-2,7,8.387585034013606,0.18815750405590145,16.77517006802721,0.3763150081118029,0.8057053393854373,0.07629138977648166
237,5,LMM-1,7,12.874489795918366,0.40499136010355413,25.748979591836733,0.8099827202071083,0.7239822961295735,0.09018449453398936
237,5,LMM-2,7,11.693197278911565,0.5367713359279762,23.38639455782313,1.0735426718559524,0.7296231813597261,0.08618581012051633
237,6,LMM-1,7,11.92891156462585,0.6836638236704063,23.8578231292517,1.3673276473408127,0.7608017395286465,0.07064103018497256
237,6,LMM-2,7,10.189795918367347,0.7180701495618621,20.379591836734694,1.4361402991237242,0.7801707566662192,0.06382917586003858
237,7,LMM-1,7,9.24591836734694,0.6248248400949397,18.49183673469388,1.2496496801898793,0.8299580507906165,0.05677433890709096
237,7,LMM-2,7,8.162925170068027,0.5934010524993333,16.325850340136054,1.1868021049986666,0.8252093603637329,0.06422221837463385
237,8,LMM-1,7,9.218197278911564,0.6580457892310366,18.436394557823128,1.3160915784620733,0.8328825321827419,0.05595879822157588
237,8,LMM-2,7,7.809863945578231,0.806587741373635,15.619727891156462,1.61317548274727,0.8404202594709602,0.052115267938050276
237,9,LMM-1,7,9.218197278911564,0.6580457892310366,18.436394557823128,1.3160915784620733,0.8328825321827419,0.05595879822157588
237,9,LMM-2,7,7.809863945578231,0.806587741373635,15.619727891156462,1.61317548274727,0.8404202594709602,0.052115267938050276
237,10,LMM-1,7,7.627380952380952,0.6419018475276501,15.254761904761905,1.2838036950553002,0.8738933188338374,0.04123341376584265
237,10,LMM-2,7,5.7673469387755105,0.12459662343324476,11.534693877551021,0.24919324686648953,0.8885923971627848,0.05008610866345773
238,4,LMM-1,7,23.082142857142856,0.9961277067541416,46.16428571428571,1.9922554135082833,0.5197218995058253,0.13846997266358177
238,4,LMM-2,7,16.574319727891158,0.5117441043349034,33.148639455782316,1.0234882086698067,0.608251638275058,0.13262210086948437
238,5,LMM-1,7,22.746938775510205,1.228303584607656,45.49387755102041,2.456607169215312,0.5343148100588474,0.13288458684950563
238,5,LMM-2,7,15.746938775510204,1.2283035846076558,31.493877551020407,2.4566071692153115,0.6266292506005754,0.11245687466397626
238,6,LMM-1,7,22.746938775510205,1.228303584607656,45.49387755102041,2.456607169215312,0.5378436924900771,0.13220946307185605
238,6,LMM-2,7,15.746938775510204,1.2283035846076558,31.493877551020407,2.4566071692153115,0.6266292506005754,0.11245687466397626
238,7,LMM-1,7,22.746938775510205,1.228303584607656,45.49387755102041,2.456607169215312,0.5378436924900771,0.13220946307185605
238,7,LMM-2,7,15.746938775510204,1.2283035846076558,31.493877551020407,2.4566071692153115,0.6266292506005754,0.11245687466397626
238,8,LMM-1,7,22.746938775510205,1.228303584607656,45.49387755102041,2.456607169215312,0.5378436924900771,0.13220946307185605
238,8,LMM-2,7,15.746938775510204,1.2283035846076558,31.493877551020407,2.4566071692153115,0.6266292506005754,0.11245687466397626
238,9,LMM-1,7,22.746938775510205,1.228303584607656,45.49387755102041,2.456607169215312,0.5378436924900771,0.13220946307185605
238,9,LMM-2,7,15.746938775510204,1.2283035846076558,31.493877551020407,2.4566071692153115,0.6266292506005754,0.11245687466397626
238,10,LMM-1,7,22.746938775510205,1.228303584607656,45.49387755102041,2.456607169215312,0.5378436924900771,0.13220946307185605
238,10,LMM-2,7,15.746938775510204,1.2283035846076558,31.493877551020407,2.4566071692153115,0.6266292506005754,0.11245687466397626
239,4,LMM-1,7,10.527380952380952,0.543663248611819,21.054761904761904,1.087326497223638,0.7877280601062326,0.07484142127906815
239,4,LMM-2,7,7.015306122448979,0.21754087352375354,14.030612244897958,0.4350817470475071,0.8568152234248273,0.05728348309300289
239,5,LMM-1,7,9.742176870748299,0.37934762826953233,19.484353741496598,0.7586952565390647,0.809121187718216,0.07164291502733748
239,5,LMM-2,7,6.613775510204081,0.24875935856522888,13.227551020408162,0.49751871713045775,0.8597370971878436,0.05983754703199238
239,6,LMM-1,7,9.01955782312925,0.6219248471688024,18.0391156462585,1.2438496943376047,0.8347745242804118,0.05663750455334449
239,6,LMM-2,7,6.631122448979592,0.7033978654237564,13.262244897959183,1.4067957308475127,0.8782765660891034,0.03927330176960171
239,7,LMM-1,7,8.743197278911564,0.458597509468471,17.48639455782313,0.917195018936942,0.8415735468294433,0.05693053700932919
239,7,LMM-2,7,6.606122448979591,0.3125282161355722,13.212244897959183,0.6250564322711444,0.8727555485464913,0.04777791166707653
239,8,LMM-1,7,8.113945578231293,0.5153089288444268,16.227891156462587,1.0306178576888536,0.8516768856911989,0.052080791818489174
239,8,LMM-2,7,7.736224489795918,0.3306083081146313,15.472448979591835,0.6612166162292626,0.8453413461149631,0.053951660014784665
239,9,LMM-1,7,8.075680272108844,0.5544961032760194,16.151360544217688,1.1089922065520388,0.8524631842141656,0.05111995017323894
239,9,LMM-2,7,7.767687074829932,0.17977533915135852,15.535374149659864,0.35955067830271703,0.8371905186078787,0.06296281697313383
239,10,LMM-1,7,8.261904761904761,0.3994752794181551,16.523809523809522,0.7989505588363102,0.8510402101927653,0.054435012460405656
239,10,LMM-2,7,7.934353741496599,0.3430646035761341,15.868707482993198,0.6861292071522682,0.8419775376974965,0.06092107066870139
240,4,LMM-1,7,12.538945578231292,0.23940516723100191,25.077891156462584,0.47881033446200383,0.7322134172505693,0.09971064848618301
240,4,LMM-2,7,11.55170068027211,0.4792110226408234,23.10340136054422,0.9584220452816468,0.7488415940816712,0.0971340152676455
240,5,LMM-1,7,10.772789115646258,0.6642800540353994,21.545578231292517,1.3285601080707987,0.7891947055388642,0.07219343874000565
240,5,LMM-2,7,8.667006802721088,0.42777785290279413,17.334013605442177,0.8555557058055883,0.8207370229391022,0.06322286709461163
240,6,LMM-1,7,10.527380952380952,0.543663248611819,21.054761904761904,1.087326497223638,0.7926512741973787,0.07329672732159678
240,6,LMM-2,7,7.994897959183674,0.2966895105132171,15.989795918367347,0.5933790210264343,0.8393076445320259,0.05938136957955043
240,7,LMM-1,7,10.527380952380952,0.543663248611819,21.054761904761904,1.087326497223638,0.7914185149364814,0.07419178806448669
240,7,LMM-2,7,7.994897959183674,0.2966895105132171,15.989795918367347,0.5933790210264343,0.8393076445320259,0.05938136957955043
240,8,LMM-1,7,10.531122448979591,0.514281158871953,21.062244897959182,1.028562317743906,0.7936721026247434,0.07322347076019249
240,8,LMM-2,7,9.513265306122449,0.5383598427475952,19.026530612244898,1.0767196854951904,0.7969259937273405,0.06966918862838775
240,9,LMM-1,7,8.925510204081633,0.5493387878161735,17.851020408163265,1.098677575632347,0.8358455633283686,0.06123746571324281
240,9,LMM-2,7,7.659353741496598,0.2181737491356005,15.318707482993196,0.436347498271201,0.8482974821404122,0.063493472225056
240,10,LMM-1,7,7.733673469387755,0.37534657038090774,15.46734693877551,0.7506931407618155,0.8705561802271321,0.05250834118418729
240,10,LMM-2,7,6.086734693877551,0.20008848521558759,12.173469387755102,0.40017697043117517,0.8850006355461323,0.046800271651580246
241,4,LMM-1,7,12.45969387755102,0.5473055996503049,24.91938775510204,1.0946111993006098,0.7523360498326113,0.0843283760273178
241,4,LMM-2,7,7.363095238095238,0.539470955255819,14.726190476190476,1.078941910511638,0.8513702521026715,0.052890252331827786
241,5,LMM-1,7,12.45969387755102,0.5473055996503049,24.91938775510204,1.0946111993006098,0.764053235904906,0.08074502580670422
241,5,LMM-2,7,9.45969387755102,0.5473055996503049,18.91938775510204,1.0946111993006098,0.8066195674520463,0.0672065262119295
241,6,LMM-1,7,11.576360544217687,0.4778628916520969,23.152721088435374,0.9557257833041938,0.7749423272879994,0.07495540225427247
241,6,LMM-2,7,8.924319727891156,0.48129401937218924,17.848639455782312,0.9625880387443785,0.8105720500723547,0.06239413867640137
241,7,LMM-1,7,11.522789115646258,0.54215531841184,23.045578231292517,1.08431063682368,0.7747597949193304,0.07400449316542747
241,7,LMM-2,7,9.284183673469387,0.6589122371018072,18.568367346938775,1.3178244742036145,0.810728978429533,0.06294744329208463
241,8,LMM-1,7,11.522789115646258,0.54215531841184,23.045578231292517,1.08431063682368,0.7764587918969571,0.07320782672773411
241,8,LMM-2,7,9.1578231292517,0.7050706189611402,18.3156462585034,1.4101412379222804,0.817110667550419,0.059837213328913195
241,9,LMM-1,7,11.570408163265308,0.5230883364660048,23.140816326530615,1.0461766729320097,0.7755720095860342,0.07370945730627519
241,9,LMM-2,7,9.205442176870747,0.6811411116197852,18.410884353741494,1.3622822232395704,0.8161658404448084,0.06037328124691249
241,10,LMM-1,7,10.99625850340136,0.38016895878705065,21.99251700680272,0.7603379175741013,0.7909161329203147,0.07221962465460685
241,10,LMM-2,7,9.1578231292517,0.7050706189611402,18.3156462585034,1.4101412379222804,0.817110667550419,0.059837213328913195
242,4,LMM-1,7,12.937074829931973,0.703452839600986,25.874149659863946,1.406905679201972,0.7372825513904985,0.08917154552497203
242,4,LMM-2,7,9.223809523809523,0.37074112206745663,18.447619047619046,0.7414822441349133,0.8044747135079637,0.07856837414422221
242,5,LMM-1,7,11.993197278911564,0.6357587802862752,23.98639455782313,1.2715175605725504,0.7826908792762487,0.0791978594040429
242,5,LMM-2,7,7.655102040816327,0.4049827900126073,15.310204081632653,0.8099655800252146,0.8651592081611955,0.05748078160989361
242,6,LMM-1,7,11.845238095238097,0.8314604804873439,23.690476190476193,1.6629209609746878,0.7898107186441846,0.06963278052563628
242,6,LMM-2,7,7.466326530612244,0.6344249563352413,14.932653061224489,1.2688499126704826,0.8751690594079229,0.04410103744829734
242,7,LMM-1,7,11.824829931972788,0.8534195940279177,23.649659863945576,1.7068391880558353,0.7907015761986519,0.06876044305893388
242,7,LMM-2,7,7.486734693877551,0.6117993465709337,14.973469387755102,1.2235986931418674,0.8748000055056638,0.04445336951128121
242,8,LMM-1,7,11.824829931972788,0.8534195940279177,23.649659863945576,1.7068391880558353,0.7907015761986519,0.06876044305893388
242,8,LMM-2,7,7.486734693877551,0.6117993465709337,14.973469387755102,1.2235986931418674,0.8748000055056638,0.04445336951128121
242,9,LMM-1,7,10.863095238095239,0.8032406726699616,21.726190476190478,1.6064813453399232,0.8073274177941132,0.06361558236205228
242,9,LMM-2,7,7.648639455782313,0.849649651632772,15.297278911564627,1.699299303265544,0.8628541254488793,0.044116179710452424
242,10,LMM-1,7,9.925170068027212,0.7441248745120683,19.850340136054424,1.4882497490241366,0.8274958615458096,0.05847730924085174
242,10,LMM-2,7,7.057823129251701,0.578276308771915,14.115646258503402,1.15655261754383,0.8777805642977095,0.04400795353466228
243,4,LMM-1,7,11.925510204081633,0.5493387878161735,23.851020408163265,1.098677575632347,0.7584917761236205,0.08283132011412606
243,4,LMM-2,7,9.763095238095238,0.7038986830567808,19.526190476190475,1.4077973661135617,0.7926327453511821,0.06829984480216003
243,5,LMM-1,7,10.86343537414966,0.6031335925822571,21.72687074829932,1.2062671851645141,0.7966968558977381,0.06989551459534495
243,5,LMM-2,7,8.352551020408162,0.41507101102091065,16.705102040816325,0.8301420220418213,0.8276627782218604,0.06603536294035468
243,6,LMM-1,7,11.111734693877551,0.42300448485343245,22.223469387755102,0.8460089697068649,0.7903364706662391,0.07648028569582542
243,6,LMM-2,7,8.333843537414966,0.4035013670763079,16.66768707482993,0.8070027341526158,0.8272703779168545,0.07169940679714151
243,7,LMM-1,7,11.111734693877551,0.42300448485343245,22.223469387755102,0.8460089697068649,0.7883689244550334,0.07671685007559795
243,7,LMM-2,7,8.466156462585035,0.17892465873813568,16.93231292517007,0.35784931747627136,0.8260907656708275,0.07176499111135765
243,8,LMM-1,7,11.02295918367347,0.7812205846190752,22.04591836734694,1.5624411692381504,0.7960318067764421,0.06512841371417867
243,8,LMM-2,7,7.917517006802721,0.3167719598141598,15.835034013605442,0.6335439196283196,0.8453888023065773,0.05857426922517001
243,9,LMM-1,7,8.845578231292517,0.626143823527166,17.691156462585035,1.252287647054332,0.8424834780655994,0.05217200754926512
243,9,LMM-2,7,7.969727891156462,0.5235384491624278,15.939455782312924,1.0470768983248555,0.8383898489388486,0.056220667253681834
243,10,LMM-1,7,9.037414965986395,0.5972899523253954,18.07482993197279,1.1945799046507908,0.8388625218460819,0.05352658770041991
243,10,LMM-2,7,8.128061224489796,0.5390763199459391,16.256122448979593,1.0781526398918782,0.8384869813256185,0.05380439315500433
244,4,LMM-1,7,17.410204081632653,0.9399612938961156,34.820408163265306,1.8799225877922312,0.6433468691427938,0.11109999943280006
244,4,LMM-2,7,12.772789115646258,0.6642800540353994,25.545578231292517,1.3285601080707987,0.7184421329313482,0.09170279699977302
244,5,LMM-1,7,14.174149659863945,0.40363474223206885,28.34829931972789,0.8072694844641377,0.7030140476302617,0.106473768685661
244,5,LMM-2,7,12.772789115646258,0.6642800540353994,25.545578231292517,1.3285601080707987,0.7184421329313482,0.09170279699977302
244,6,LMM-1,7,14.174149659863945,0.40363474223206885,28.34829931972789,0.8072694844641377,0.7030140476302617,0.106473768685661
244,6,LMM-2,7,12.772789115646258,0.6642800540353994,25.545578231292517,1.3285601080707987,0.7184421329313482,0.09170279699977302
244,7,LMM-1,7,14.174149659863945,0.40363474223206885,28.34829931972789,0.8072694844641377,0.7030140476302617,0.106473768685661
244,7,LMM-2,7,12.772789115646258,0.6642800540353994,25.545578231292517,1.3285601080707987,0.7184421329313482,0.09170279699977302
244,8,LMM-1,7,10.716666666666667,0.7286103319834382,21.433333333333334,1.4572206639668763,0.7960021663918445,0.06588904297469862
244,8,LMM-2,7,9.716666666666667,0.7286103319834382,19.433333333333334,1.4572206639668763,0.7960021663918445,0.06588904297469862
244,9,LMM-1,7,10.716666666666667,0.7286103319834382,21.433333333333334,1.4572206639668763,0.7920110443739884,0.0672074114876847
244,9,LMM-2,7,9.716666666666667,0.7286103319834382,19.433333333333334,1.4572206639668763,0.7920110443739884,0.0672074114876847
244,10,LMM-1,7,10.716666666666667,0.7286103319834382,21.433333333333334,1.4572206639668763,0.8020826905456258,0.06386702694205293
244,10,LMM-2,7,7.809523809523809,0.6199626936329302,15.619047619047619,1.2399253872658604,0.8449191010651076,0.05121855160486234
245,4,LMM-1,7,11.229591836734695,0.4659056983606368,22.45918367346939,0.9318113967212736,0.7769725975511318,0.0778773251251546
245,4,LMM-2,7,8.302891156462584,1.1593449723697622,16.605782312925168,2.3186899447395244,0.8234296361459401,0.05676562516496365
245,5,LMM-1,7,11.110544217687075,0.5266894502810412,22.22108843537415,1.0533789005620824,0.7789199102531962,0.0770384913346185
245,5,LMM-2,7,8.33265306122449,1.1549226441783096,16.66530612244898,2.309845288356619,0.821316060815373,0.05780521745699143
245,6,LMM-1,7,11.229591836734695,0.4659056983606368,22.45918367346939,0.9318113967212736,0.77719991302301,0.07787537116161183
245,6,LMM-2,7,8.32329931972789,1.1449424458113446,16.64659863945578,2.2898848916226893,0.8231318278409882,0.05729128774445068
245,7,LMM-1,7,10.663945578231292,0.8792384767226192,21.327891156462584,1.7584769534452385,0.7883036645255517,0.06838437686066257
245,7,LMM-2,7,8.121598639455781,1.2227755148591248,16.243197278911563,2.4455510297182497,0.8269067076062954,0.055744309650345776
245,8,LMM-1,7,9.82517006802721,0.6460701479900132,19.65034013605442,1.2921402959800263,0.7991794930947258,0.0673358912486666
245,8,LMM-2,7,8.121598639455781,1.2227755148591248,16.243197278911563,2.4455510297182497,0.8269067076062954,0.055744309650345776
245,9,LMM-1,7,9.677551020408163,0.6592073667315819,19.355102040816327,1.3184147334631637,0.8008503684557583,0.06653575574702553
245,9,LMM-2,7,7.906122448979592,1.3733115245556102,15.812244897959184,2.7466230491112205,0.8342741313564278,0.05416232881872354
245,10,LMM-1,7,9.017006802721088,0.6197620531665645,18.034013605442176,1.239524106333129,0.8236498433119019,0.059117675959474446
245,10,LMM-2,7,4.7835034013605435,0.41987223121517103,9.567006802721087,0.8397444624303421,0.9048889245175784,0.05210191200756532
246,4,LMM-1,7,11.714625850340138,0.34809497885523294,23.429251700680275,0.6961899577104659,0.7616348771488586,0.08447991133393777
246,4,LMM-2,7,9.034353741496599,0.40886645775452946,18.068707482993197,0.8177329155090589,0.8004471562986873,0.07781753988120695
246,5,LMM-1,7,11.316836734693878,0.5471428085097003,22.633673469387755,1.0942856170194006,0.7738055796231489,0.08092824751362894
246,5,LMM-2,7,10.037585034013604,0.8393325979916231,20.07517006802721,1.6786651959832462,0.7832517277106822,0.07229591071240395
246,6,LMM-1,7,11.031802721088436,0.47113675186297094,22.063605442176872,0.9422735037259419,0.7870251177867331,0.07984140029606825
246,6,LMM-2,7,7.023299319727891,0.43860323306742555,14.046598639455782,0.8772064661348511,0.8545725348786674,0.058653553621612405
246,7,LMM-1,7,10.796598639455782,0.3058226044750973,21.593197278911564,0.6116452089501946,0.7790996192622991,0.08706940096226887
246,7,LMM-2,7,7.7326530612244895,0.4533103847977933,15.465306122448979,0.9066207695955866,0.8272011107658542,0.06534255530916876
246,8,LMM-1,7,10.485544217687075,0.4853066302212092,20.97108843537415,0.9706132604424184,0.7910577640832249,0.0896770723799399
246,8,LMM-2,7,7.646768707482993,0.43153112297146856,15.293537414965986,0.8630622459429371,0.829712507202742,0.0607841743986046
246,9,LMM-1,7,9.760544217687075,0.1964491110385124,19.52108843537415,0.3928982220770248,0.8130376128705584,0.07653171776948267
246,9,LMM-2,7,7.214455782312925,0.27972059947747757,14.42891156462585,0.5594411989549551,0.8549507982621741,0.058378839976931426
246,10,LMM-1,7,8.810204081632653,0.22088006926365622,17.620408163265306,0.44176013852731244,0.8303607610376353,0.06861976226496254
246,10,LMM-2,7,7.107993197278911,0.39496994955140213,14.215986394557822,0.7899398991028043,0.856373578209148,0.050457555290816976
247,4,LMM-1,7,14.836224489795919,0.4498604403064307,29.672448979591838,0.8997208806128614,0.7025960636452534,0.09839417506275341
247,4,LMM-2,7,13.764795918367346,0.578437688254257,27.529591836734692,1.156875376508514,0.7047876748034229,0.09546627061594702
247,5,LMM-1,7,14.836224489795919,0.4498604403064307,29.672448979591838,0.8997208806128614,0.7025960636452534,0.09839417506275341
247,5,LMM-2,7,13.764795918367346,0.578437688254257,27.529591836734692,1.156875376508514,0.7047876748034229,0.09546627061594702
247,6,LMM-1,7,13.836224489795919,0.4498604403064307,27.672448979591838,0.8997208806128614,0.7262627869541624,0.09157259092364793
247,6,LMM-2,7,8.609183673469387,0.26829081619177425,17.218367346938773,0.5365816323835485,0.8214724975965619,0.07119803755643694
247,7,LMM-1,7,13.871938775510204,0.3990309858971462,27.743877551020407,0.7980619717942924,0.7423937347401923,0.0885274121319963
247,7,LMM-2,7,7.929081632653061,0.6427166189139956,15.858163265306121,1.2854332378279911,0.8402990554900611,0.07284114349966805
247,8,LMM-1,7,13.871938775510204,0.3990309858971462,27.743877551020407,0.7980619717942924,0.7423533780862623,0.08857613408995006
247,8,LMM-2,7,7.929081632653061,0.6427166189139956,15.858163265306121,1.2854332378279911,0.8402990554900611,0.07284114349966805
247,9,LMM-1,7,13.795408163265307,0.4956289456213207,27.590816326530614,0.9912578912426414,0.7445633219933303,0.08593728379497156
247,9,LMM-2,7,7.967346938775511,0.6797128653644425,15.934693877551021,1.359425730728885,0.838626826433523,0.07491949962585388
247,10,LMM-1,7,13.795408163265307,0.4956289456213207,27.590816326530614,0.9912578912426414,0.7445860936401244,0.08591041147895079
247,10,LMM-2,7,7.967346938775511,0.6797128653644425,15.934693877551021,1.359425730728885,0.8386532037207195,0.07488643867455481
248,4,LMM-1,7,10.225850340136054,0.49411081240210375,20.451700680272108,0.9882216248042075,0.8007824617121982,0.07022844271001431
248,4,LMM-2,7,9.225850340136054,0.49411081240210375,18.451700680272108,0.9882216248042075,0.8007824617121982,0.07022844271001431
248,5,LMM-1,7,10.37891156462585,0.34039038110784314,20.7578231292517,0.6807807622156863,0.8054066876222767,0.06972036589409752
248,5,LMM-2,7,8.568197278911565,0.5939628224231236,17.13639455782313,1.1879256448462472,0.8223214855208614,0.06585011062414166
248,6,LMM-1,7,10.09829931972789,0.6167864437109766,20.19659863945578,1.2335728874219531,0.811808473145639,0.06207197234820385
248,6,LMM-2,7,8.402380952380954,0.7132770656172823,16.804761904761907,1.4265541312345646,0.8280996802745549,0.058761606501101925
248,7,LMM-1,7,10.09829931972789,0.6167864437109766,20.19659863945578,1.2335728874219531,0.8143359476553192,0.06102619005546153
248,7,LMM-2,7,7.668197278911564,0.5702491777024113,15.336394557823128,1.1404983554048227,0.8509939033636408,0.05388932474112724
248,8,LMM-1,7,9.747789115646258,0.6898403207944634,19.495578231292516,1.379680641588927,0.8220340635220315,0.0585303903368654
248,8,LMM-2,7,7.757482993197279,0.5253724804669414,15.514965986394557,1.0507449609338828,0.850655482277702,0.05417576766050717
248,9,LMM-1,7,8.19013605442177,0.5510399341463535,16.38027210884354,1.102079868292707,0.8657747532113935,0.044868292934741746
248,9,LMM-2,7,5.179931972789116,0.15768745634532094,10.359863945578232,0.3153749126906419,0.905052338859036,0.04259883322420541
248,10,LMM-1,7,8.116156462585034,0.5857591712873035,16.232312925170067,1.171518342574607,0.8670770872697442,0.04363708665248332
248,10,LMM-2,7,5.070238095238095,0.08355412926365051,10.14047619047619,0.16710825852730102,0.9072214700091246,0.03982945874709713
249,4,LMM-1,7,20.41003401360544,1.0268409197705595,40.82006802721088,2.053681839541119,0.6611637965727787,0.10298082661121531
249,4,LMM-2,7,8.498469387755103,1.047490467195424,16.996938775510205,2.094980934390848,0.8588007483253504,0.07689978776871434
249,5,LMM-1,7,20.41003401360544,1.0268409197705595,40.82006802721088,2.053681839541119,0.6611637965727787,0.10298082661121531
249,5,LMM-2,7,8.498469387755103,1.047490467195424,16.996938775510205,2.094980934390848,0.8588007483253504,0.07689978776871434
249,6,LMM-1,7,17.410034013605443,1.0268409197705595,34.82006802721089,2.053681839541119,0.7219880243735827,0.085574822336332
249,6,LMM-2,7,8.498469387755103,1.047490467195424,16.996938775510205,2.094980934390848,0.8588007483253504,0.07689978776871434
249,7,LMM-1,7,17.410034013605443,1.0268409197705595,34.82006802721089,2.053681839541119,0.7219880243735827,0.085574822336332
249,7,LMM-2,7,8.498469387755103,1.047490467195424,16.996938775510205,2.094980934390848,0.8588007483253504,0.07689978776871434
249,8,LMM-1,7,16.410034013605443,1.026840919770559,32.82006802721089,2.053681839541118,0.7263176048981357,0.08426348495688611
249,8,LMM-2,7,8.289625850340135,0.8565206344843204,16.57925170068027,1.7130412689686407,0.8601992668544263,0.07549149759599501
249,9,LMM-1,7,16.410034013605443,1.026840919770559,32.82006802721089,2.053681839541118,0.7263176048981357,0.08426348495688611
249,9,LMM-2,7,8.289625850340135,0.8565206344843204,16.57925170068027,1.7130412689686407,0.8601992668544263,0.07549149759599501
249,10,LMM-1,7,15.410034013605442,1.026840919770559,30.820068027210883,2.053681839541118,0.7535841484961491,0.07579645068075211
249,10,LMM-2,7,8.08078231292517,0.6707227282592461,16.16156462585034,1.3414454565184921,0.8689018372842838,0.06671582994075226
250,4,LMM-1,7,12.645238095238096,0.6149405885430248,25.29047619047619,1.2298811770860496,0.7330410224432626,0.08991636027796833
250,4,LMM-2,7,8.940306122448979,0.33129871552680923,17.880612244897957,0.6625974310536185,0.8134730121614452,0.06702911794805695
250,5,LMM-1,7,11.417857142857143,0.4414179122358204,22.835714285714285,0.8828358244716408,0.7633198068825443,0.08425542281179939
250,5,LMM-2,7,9.570408163265308,0.4176302892995466,19.140816326530615,0.8352605785990932,0.7901247435707633,0.07534261787138134
250,6,LMM-1,7,11.069897959183674,0.39606232918117606,22.139795918367348,0.7921246583623521,0.7762571413084515,0.08078661798394278
250,6,LMM-2,7,9.744387755102041,0.3865535896021649,19.488775510204082,0.7731071792043298,0.7877455581093924,0.0756174352685272
250,7,LMM-1,7,9.645238095238096,0.6149405885430248,19.29047619047619,1.2298811770860496,0.8175785669658262,0.06290060991457526
250,7,LMM-2,7,6.5482993197278905,0.27426526486775665,13.096598639455781,0.5485305297355133,0.8584718771725911,0.06304204882414989
250,8,LMM-1,7,9.498469387755103,0.6288260649085498,18.996938775510205,1.2576521298170995,0.8221732152499903,0.060824721002515486
250,8,LMM-2,7,6.756632653061224,0.2782411679301272,13.513265306122449,0.5564823358602544,0.8605159987913282,0.05592960165793665
250,9,LMM-1,7,8.843197278911564,0.507332736596661,17.686394557823128,1.014665473193322,0.8500943461524351,0.055092249160595526
250,9,LMM-2,7,4.4819727891156464,0.47609498556653124,8.963945578231293,0.9521899711330625,0.9134158376730809,0.046215911881915005
250,10,LMM-1,7,8.73469387755102,0.5814983733288427,17.46938775510204,1.1629967466576854,0.8522443220319312,0.053204579860110054
250,10,LMM-2,7,4.528401360544217,0.5076442016569863,9.056802721088435,1.0152884033139726,0.911380605275973,0.047835466135514856
251,4,LMM-1,7,14.625,0.46770717334674267,29.25,0.9354143466934853,0.7090352135064377,0.09610834606760098
251,4,LMM-2,7,9.041326530612244,0.3780216316815199,18.082653061224487,0.7560432633630398,0.8229447354883683,0.06373515100726183
251,5,LMM-1,7,14.37857142857143,0.49559282167719015,28.75714285714286,0.9911856433543803,0.7121483569395217,0.09498434927152852
251,5,LMM-2,7,9.005612244897959,0.25341585586080834,18.011224489795918,0.5068317117216167,0.8201312395136641,0.06844462143703141
251,6,LMM-1,7,11.924659863945578,0.40464019492938674,23.849319727891157,0.8092803898587735,0.7756850969001127,0.07924932744026561
251,6,LMM-2,7,8.910374149659864,0.4349193122658225,17.820748299319728,0.869838624531645,0.8291811688349572,0.06347218430771273
251,7,LMM-1,7,11.906802721088436,0.43043891794915845,23.813605442176872,0.8608778358983169,0.7762887023339353,0.0783879124173672
251,7,LMM-2,7,8.562414965986395,0.27998352572467156,17.12482993197279,0.5599670514493431,0.8381846115480533,0.06142276078469321
251,8,LMM-1,7,11.715476190476192,0.6587390035742017,23.430952380952384,1.3174780071484034,0.7828220424021499,0.07278887609418312
251,8,LMM-2,7,8.646598639455783,0.4865902750707411,17.293197278911567,0.9731805501414822,0.836113217502004,0.06039938458651325
251,9,LMM-1,7,9.80986394557823,0.530599816704268,19.61972789115646,1.061199633408536,0.8308157974216718,0.05859327001048041
251,9,LMM-2,7,8.266326530612245,0.5081653143143675,16.53265306122449,1.016330628628735,0.8475937041633007,0.052826052039485004
251,10,LMM-1,7,9.715476190476192,0.6587390035742017,19.430952380952384,1.3174780071484034,0.8367528735216935,0.055229549632575106
251,10,LMM-2,7,8.089795918367347,0.6581695054987271,16.179591836734694,1.3163390109974542,0.8534626981696195,0.04951680370636185
252,4,LMM-1,7,13.608673469387755,0.3108453696214196,27.21734693877551,0.6216907392428392,0.681491886373527,0.10382519243432194
252,4,LMM-2,7,10.532142857142857,0.4150547050248501,21.064285714285713,0.8301094100497002,0.7386529452204001,0.08498545609279502
252,5,LMM-1,7,11.57329931972789,0.1967214443558283,23.14659863945578,0.3934428887116566,0.7392301528725761,0.09544103277103613
252,5,LMM-2,7,10.248469387755103,0.4887769895688158,20.496938775510205,0.9775539791376316,0.7512566440157372,0.08313325045716806
252,6,LMM-1,7,11.449149659863947,0.2846882898369876,22.898299319727894,0.5693765796739751,0.7462365775301271,0.09053546934173322
252,6,LMM-2,7,8.797108843537416,0.31333592902000124,17.59421768707483,0.6266718580400025,0.7940229787739523,0.07461718307689437
252,7,LMM-1,7,10.854081632653061,0.42295012285522465,21.708163265306123,0.8459002457104493,0.7711531028736065,0.08040450281949212
252,7,LMM-2,7,7.07108843537415,0.3294733469958908,14.1421768707483,0.6589466939917816,0.8521164328651467,0.05564576545606961
252,8,LMM-1,7,9.281972789115645,0.4243973931349439,18.56394557823129,0.8487947862698878,0.8161926956509615,0.06721481631908492
252,8,LMM-2,7,7.173979591836734,0.09676168332887122,14.347959183673469,0.19352336665774245,0.8444143551593594,0.06613990184709631
252,9,LMM-1,7,9.172278911564627,0.37776446439479866,18.344557823129254,0.7555289287895973,0.8162256687383905,0.06474180463102781
252,9,LMM-2,7,6.91156462585034,0.2086229418393967,13.82312925170068,0.4172458836787934,0.8579315773123505,0.05498166654300483
252,10,LMM-1,7,9.172278911564627,0.37776446439479866,18.344557823129254,0.7555289287895973,0.8162256687383905,0.06474180463102781
252,10,LMM-2,7,6.91156462585034,0.2086229418393967,13.82312925170068,0.4172458836787934,0.8579315773123505,0.05498166654300483
253,4,LMM-1,7,13.372619047619049,0.3636977826403478,26.745238095238097,0.7273955652806956,0.6996825179377109,0.09407280506681359
253,4,LMM-2,7,12.372619047619049,0.3636977826403478,24.745238095238097,0.7273955652806956,0.6996825179377109,0.09407280506681359
253,5,LMM-1,7,11.372619047619049,0.3636977826403478,22.745238095238097,0.7273955652806956,0.7573906351897125,0.07671976812188493
253,5,LMM-2,7,7.090136054421769,0.45921516646853106,14.180272108843537,0.9184303329370621,0.8395102421089323,0.048260691593347824
253,6,LMM-1,7,10.39047619047619,0.41229681314742084,20.78095238095238,0.8245936262948417,0.7953310055067252,0.07149917287709416
253,6,LMM-2,7,9.192687074829932,0.5577052617301936,18.385374149659864,1.1154105234603873,0.8067293824745142,0.0721380015684346
253,7,LMM-1,7,10.39047619047619,0.41229681314742084,20.78095238095238,0.8245936262948417,0.7963289274542065,0.07106414878215568
253,7,LMM-2,7,6.714625850340136,0.35931409969653716,13.429251700680272,0.7186281993930743,0.8686607681592956,0.04937466261092969
253,8,LMM-1,7,10.425340136054421,0.3268469449876043,20.850680272108843,0.6536938899752086,0.7962011434419569,0.07221857505756885
253,8,LMM-2,7,9.239115646258503,0.4686025671703349,18.478231292517005,0.9372051343406698,0.8018210445981125,0.06671983015164515
253,9,LMM-1,7,9.854081632653061,0.4675140063204409,19.708163265306123,0.9350280126408818,0.8099189990860578,0.06476853027929345
253,9,LMM-2,7,7.760034013605442,0.4049128655775951,15.520068027210884,0.8098257311551902,0.8392643980908733,0.05623811509378716
253,10,LMM-1,7,7.299829931972789,0.4037664974006104,14.599659863945577,0.8075329948012208,0.8749925886294908,0.04509120955440501
253,10,LMM-2,7,6.109353741496599,0.22470189423872017,12.218707482993198,0.44940378847744034,0.8788024437647264,0.046213732821409566
254,4,LMM-1,7,10.137755102040815,0.49764008771622953,20.27551020408163,0.9952801754324591,0.7993738260080294,0.0684660631948765
254,4,LMM-2,7,9.297619047619047,0.3614815821592613,18.595238095238095,0.7229631643185226,0.7964412384834135,0.07170687260871152
254,5,LMM-1,7,9.55391156462585,0.27619246589545016,19.1078231292517,0.5523849317909003,0.8139642532891391,0.06611311287463748
254,5,LMM-2,7,6.655442176870748,0.24964086379720007,13.310884353741496,0.49928172759440015,0.8611815261951802,0.051715482654832695
254,6,LMM-1,7,9.55391156462585,0.27619246589545016,19.1078231292517,0.5523849317909003,0.8141828767293775,0.06611378145285364
254,6,LMM-2,7,5.497619047619048,0.4697541210467054,10.995238095238095,0.9395082420934108,0.8857367673129797,0.054240272751883915
254,7,LMM-1,7,8.270068027210884,0.27309684578302873,16.54013605442177,0.5461936915660575,0.8359318295385066,0.058746386179871164
254,7,LMM-2,7,6.9996598639455785,0.4740435079644008,13.999319727891157,0.9480870159288016,0.8607667058584342,0.04943837422116619
254,8,LMM-1,7,7.951020408163266,0.3307647810263958,15.902040816326531,0.6615295620527916,0.8510410733477717,0.05134269993393392
254,8,LMM-2,7,6.728911564625851,0.6301238669826901,13.457823129251702,1.2602477339653801,0.871308934684267,0.0404850845887925
254,9,LMM-1,7,7.836224489795918,0.4498604403064307,15.672448979591836,0.8997208806128614,0.8528875992987691,0.049095779290115785
254,9,LMM-2,7,7.576360544217687,0.33061355714865126,15.152721088435374,0.6612271142973025,0.8450241729719686,0.054814500655440704
254,10,LMM-1,7,7.836224489795918,0.4498604403064307,15.672448979591836,0.8997208806128614,0.8533711765441201,0.04899615118167252
254,10,LMM-2,7,4.691156462585034,0.2025178180090193,9.382312925170067,0.4050356360180386,0.9212976032690706,0.02949998671360195
255,4,LMM-1,7,13.956632653061224,0.39566501057377523,27.913265306122447,0.7913300211475505,0.6987887958065491,0.09885597777071957
255,4,LMM-2,7,10.568367346938775,0.5473449688067482,21.13673469387755,1.0946899376134964,0.7552409834201272,0.08780416115496648
255,5,LMM-1,7,12.698809523809524,0.5472229416296479,25.39761904761905,1.0944458832592958,0.7308839460682187,0.08714597252976329
255,5,LMM-2,7,9.143877551020408,0.1839611000575875,18.287755102040816,0.367922200115175,0.7965054004178335,0.07458787725800485
255,6,LMM-1,7,11.789455782312926,0.48373589539450973,23.57891156462585,0.9674717907890195,0.7541573391775211,0.08126331884637916
255,6,LMM-2,7,9.143877551020408,0.1839611000575875,18.287755102040816,0.367922200115175,0.7965054004178335,0.07458787725800485
255,7,LMM-1,7,10.938775510204081,0.423363508879373,21.877551020408163,0.846727017758746,0.7807204879771018,0.07312222554145976
255,7,LMM-2,7,9.202551020408164,0.20623621722795657,18.405102040816328,0.41247243445591314,0.7970019679925483,0.07464714780515365
255,8,LMM-1,7,10.735884353741497,0.555894448674811,21.471768707482994,1.111788897349622,0.7945636350311248,0.06680823577864631
255,8,LMM-2,7,7.5865646258503405,0.23305438890579783,15.173129251700681,0.46610877781159565,0.8462210952488448,0.058878189028062584
255,9,LMM-1,7,10.453401360544218,0.6360229538579844,20.906802721088436,1.2720459077159687,0.7989338403085718,0.06434372736399181
255,9,LMM-2,7,7.596938775510204,0.2677477910898352,15.193877551020408,0.5354955821796704,0.844419394096015,0.0581165520561217
255,10,LMM-1,7,9.735884353741497,0.555894448674811,19.471768707482994,1.111788897349622,0.8100563182170034,0.061414293686368825
255,10,LMM-2,7,7.210204081632654,0.5048865753587725,14.420408163265307,1.009773150717545,0.8556111342306318,0.046915226350194836
256,4,LMM-1,7,12.54404761904762,0.5796946768492418,25.08809523809524,1.1593893536984836,0.7505071198900589,0.08394616495353219
256,4,LMM-2,7,7.561904761904762,0.5523912150113982,15.123809523809523,1.1047824300227964,0.8457294270861373,0.052633116481192885
256,5,LMM-1,7,12.523639455782314,0.6006254260367079,25.04727891156463,1.2012508520734158,0.7491700869992288,0.08336007372007331
256,5,LMM-2,7,7.561904761904762,0.5523912150113982,15.123809523809523,1.1047824300227964,0.844329130538045,0.05193024973691847
256,6,LMM-1,7,12.523639455782314,0.6006254260367079,25.04727891156463,1.2012508520734158,0.7491700869992288,0.08336007372007331
256,6,LMM-2,7,7.561904761904762,0.5523912150113982,15.123809523809523,1.1047824300227964,0.844329130538045,0.05193024973691847
256,7,LMM-1,7,11.561904761904762,0.5523912150113981,23.123809523809523,1.1047824300227962,0.7821460480574114,0.07284771386413683
256,7,LMM-2,7,5.676700680272108,0.42719064090432274,11.353401360544217,0.8543812818086455,0.8858218581215416,0.04199396605106256
256,8,LMM-1,7,11.526190476190477,0.6089189707384473,23.052380952380954,1.2178379414768945,0.783781272032112,0.07307987617803142
256,8,LMM-2,7,5.61547619047619,0.48514497447515975,11.23095238095238,0.9702899489503195,0.8901425759527436,0.039929318262734
256,9,LMM-1,7,10.63469387755102,0.5298994427328452,21.26938775510204,1.0597988854656903,0.804256268282292,0.06815909771999203
256,9,LMM-2,7,7.174659863945578,0.5527842454759087,14.349319727891157,1.1055684909518173,0.8545893823193264,0.05201076296522829
256,10,LMM-1,7,10.697619047619048,0.6063440122772632,21.395238095238096,1.2126880245545264,0.8010998673055639,0.06669479934436047
256,10,LMM-2,7,7.031802721088435,0.438415253149438,14.06360544217687,0.876830506298876,0.8544164138410743,0.05416553463512691
257,4,LMM-1,7,10.055272108843537,0.6410177316121572,20.110544217687075,1.2820354632243145,0.8002375439207247,0.0695198097064499
257,4,LMM-2,7,8.55952380952381,0.524620584203112,17.11904761904762,1.049241168406224,0.8202106758302958,0.07484009210343552
257,5,LMM-1,7,9.344897959183672,0.6588898062344596,18.689795918367345,1.3177796124689192,0.8114281104381178,0.06430725467742786
257,5,LMM-2,7,9.637585034013606,0.25460757066518963,19.27517006802721,0.5092151413303793,0.7985889130774089,0.07501697614929263
257,6,LMM-1,7,9.344897959183672,0.6588898062344596,18.689795918367345,1.3177796124689192,0.8135157027809897,0.06333952733430008
257,6,LMM-2,7,9.71156462585034,0.23766092555402052,19.42312925170068,0.47532185110804104,0.7948275216952122,0.07662538043777924
257,7,LMM-1,7,8.774149659863946,0.5076917737264783,17.548299319727892,1.0153835474529567,0.8263083405418953,0.05891812931988174
257,7,LMM-2,7,8.937244897959184,0.2651657792067208,17.874489795918368,0.5303315584134416,0.8044081270709917,0.07367421619919062
257,8,LMM-1,7,8.774149659863946,0.5076917737264783,17.548299319727892,1.0153835474529567,0.8269379942650811,0.05872607945634786
257,8,LMM-2,7,7.392857142857143,0.5053567923045507,14.785714285714286,1.0107135846091013,0.8511156102105549,0.06643290802375412
257,9,LMM-1,7,8.745578231292518,0.5110496394673636,17.491156462585035,1.0220992789347272,0.8279517079494375,0.05918620350214237
257,9,LMM-2,7,7.642857142857143,0.2771534934957814,15.285714285714286,0.5543069869915628,0.8450978606271528,0.06287690818997496
257,10,LMM-1,7,8.19812925170068,0.7878675548018729,16.39625850340136,1.5757351096037457,0.8535124412027063,0.04752552329183893
257,10,LMM-2,7,6.82312925170068,0.5222390096777625,13.64625850340136,1.044478019355525,0.8682192263405754,0.06201782493842778
258,4,LMM-1,7,16.482312925170067,0.36117644478518585,32.964625850340134,0.7223528895703717,0.6614976695722822,0.1059446948063646
258,4,LMM-2,7,11.987755102040817,0.2977494369381767,23.975510204081633,0.5954988738763534,0.7346662223034903,0.08731929886720836
258,5,LMM-1,7,15.608673469387755,0.3108453696214196,31.21734693877551,0.6216907392428392,0.6727276628160334,0.10327794012865994
258,5,LMM-2,7,11.608673469387755,0.3108453696214196,23.21734693877551,0.6216907392428392,0.7456019227726072,0.08220476543474242
258,6,LMM-1,7,13.608673469387755,0.3108453696214196,27.21734693877551,0.6216907392428392,0.7187216091626547,0.09029113460476428
258,6,LMM-2,7,12.608673469387755,0.3108453696214196,25.21734693877551,0.6216907392428392,0.7187216091626547,0.09029113460476428
258,7,LMM-1,7,13.608673469387755,0.3108453696214196,27.21734693877551,0.6216907392428392,0.7224311811220447,0.08919633863379384
258,7,LMM-2,7,11.608673469387755,0.3108453696214196,23.21734693877551,0.6216907392428392,0.7456019227726072,0.08220476543474242
258,8,LMM-1,7,12.608673469387755,0.3108453696214196,25.21734693877551,0.6216907392428392,0.7456019227726072,0.08220476543474242
258,8,LMM-2,7,11.608673469387755,0.3108453696214196,23.21734693877551,0.6216907392428392,0.7456019227726072,0.08220476543474242
258,9,LMM-1,7,11.608673469387755,0.3108453696214196,23.21734693877551,0.6216907392428392,0.7718622853998424,0.07397116269412167
258,9,LMM-2,7,10.608673469387755,0.3108453696214196,21.21734693877551,0.6216907392428392,0.7718622853998424,0.07397116269412167
258,10,LMM-1,7,9.651190476190477,0.5026206830408078,19.302380952380954,1.0052413660816155,0.8283907017643948,0.05891021995570109
258,10,LMM-2,7,8.348299319727891,0.6203606095273271,16.696598639455782,1.2407212190546542,0.8369889081258343,0.054380779368436445
259,4,LMM-1,7,12.13639455782313,0.494470091124535,24.27278911564626,0.98894018224907,0.7514594643664564,0.0888047253594948
259,4,LMM-2,7,9.22704081632653,0.42613665637343623,18.45408163265306,0.8522733127468725,0.8083205101700548,0.07305605543132927
259,5,LMM-1,7,11.00204081632653,0.4771680926891932,22.00408163265306,0.9543361853783864,0.786176483352281,0.07927275140083347
259,5,LMM-2,7,10.00204081632653,0.4771680926891932,20.00408163265306,0.9543361853783864,0.7885965779947928,0.07883815835024371
259,6,LMM-1,7,10.063945578231293,0.34312024242759404,20.127891156462585,0.6862404848551881,0.8028560023445124,0.07139991691920183
259,6,LMM-2,7,8.10952380952381,0.37234319623475437,16.21904761904762,0.7446863924695087,0.8316003952476942,0.06827347794526013
259,7,LMM-1,7,9.80986394557823,0.45837494920428556,19.61972789115646,0.9167498984085711,0.8195885464266329,0.06640796212557284
259,7,LMM-2,7,7.222448979591837,0.4116596280974617,14.444897959183674,0.8233192561949234,0.8483634053650305,0.05806452638328344
259,8,LMM-1,7,9.252210884353742,0.4293654910250129,18.504421768707484,0.8587309820500258,0.8240418374343749,0.0651569091308489
259,8,LMM-2,7,7.3428571428571425,0.38129448924465814,14.685714285714285,0.7625889784893163,0.8493935120635836,0.05803758526111663
259,9,LMM-1,7,9.009013605442176,0.32789777211267135,18.01802721088435,0.6557955442253427,0.829300641677915,0.06356020783235396
259,9,LMM-2,7,6.781462585034014,0.20923551705328844,13.562925170068027,0.4184710341065769,0.8617879079599169,0.05587147182926013
259,10,LMM-1,7,8.47125850340136,0.6102363595767573,16.94251700680272,1.2204727191535145,0.8432669048072828,0.05355754492440485
259,10,LMM-2,7,6.662244897959184,0.3126281494844354,13.324489795918367,0.6252562989688708,0.8644620644001234,0.05214763937709008
260,4,LMM-1,7,12.525340136054423,0.2590714980347868,25.050680272108846,0.5181429960695736,0.7358337241429068,0.0921558946889992
260,4,LMM-2,7,7.151870748299319,0.4152131387325656,14.303741496598638,0.8304262774651312,0.8409310317684058,0.07224336042442692
260,5,LMM-1,7,12.31904761904762,0.4503463016204529,24.63809523809524,0.9006926032409058,0.7442722323616996,0.08491148421327373
260,5,LMM-2,7,6.662414965986394,0.23653216275936226,13.324829931972788,0.4730643255187245,0.8608698084251213,0.05279913774505756
260,6,LMM-1,7,11.005442176870748,0.4799337807378068,22.010884353741496,0.9598675614756136,0.7794748355913377,0.07472783249922742
260,6,LMM-2,7,5.733673469387755,0.37534657038090774,11.46734693877551,0.7506931407618155,0.8910630239761966,0.03926656564592431
260,7,LMM-1,7,10.354761904761904,0.38982233292509744,20.70952380952381,0.7796446658501949,0.7954569080197198,0.06978413420954795
260,7,LMM-2,7,6.680272108843537,0.21816486681393976,13.360544217687075,0.4363297336278795,0.8603860685003947,0.053510128128874644
260,8,LMM-1,7,10.336904761904762,0.41889539984233565,20.673809523809524,0.8377907996846713,0.7958353062973293,0.0692583409663016
260,8,LMM-2,7,6.69812925170068,0.2075352616219991,13.39625850340136,0.4150705232439982,0.8599948794685044,0.05409723727360982
260,9,LMM-1,7,9.680102040816326,0.42794962180202906,19.360204081632652,0.8558992436040581,0.8166270535582966,0.06265899293916147
260,9,LMM-2,7,6.856632653061225,0.4957561463072506,13.71326530612245,0.9915122926145012,0.8620759250148723,0.05019180311415017
260,10,LMM-1,7,9.644387755102041,0.48004592050926154,19.288775510204083,0.9600918410185231,0.8178140802565202,0.06098548540271483
260,10,LMM-2,7,6.874489795918367,0.48930034452813537,13.748979591836735,0.9786006890562707,0.8616843438278535,0.05082488607109822
261,4,LMM-1,7,9.868537414965987,0.3972103979454879,19.737074829931974,0.7944207958909758,0.798559233375797,0.0740780502937033
261,4,LMM-2,7,7.1190476190476195,0.23510021021585115,14.238095238095239,0.4702004204317023,0.8493208485784794,0.06033989664395207
261,5,LMM-1,7,8.869727891156462,0.5785367340535595,17.739455782312923,1.157073468107119,0.8238308104279198,0.062321320805559195
261,5,LMM-2,7,6.9770408163265305,0.37858571523854817,13.954081632653061,0.7571714304770963,0.8536049041658219,0.053210645566232284
261,6,LMM-1,7,8.554761904761905,0.5554002050369644,17.10952380952381,1.1108004100739288,0.8367105049430952,0.05840712855765037
261,6,LMM-2,7,6.6168367346938775,0.5017996558660025,13.233673469387755,1.003599311732005,0.8609908567923747,0.050923919571951186
261,7,LMM-1,7,8.57125850340136,0.662997198559536,17.14251700680272,1.325994397119072,0.8357693505058338,0.056578109363295395
261,7,LMM-2,7,6.700170068027211,0.5565168981194953,13.400340136054423,1.1130337962389907,0.8588790415691977,0.04969147797889909
261,8,LMM-1,7,8.697619047619048,0.6444160991498717,17.395238095238096,1.2888321982997435,0.8406790920485842,0.05631112903093952
261,8,LMM-2,7,6.532482993197279,0.371663275251621,13.064965986394558,0.743326550503242,0.8679919604978995,0.04790412771894637
261,9,LMM-1,7,7.38265306122449,0.5269090643634639,14.76530612244898,1.0538181287269277,0.8718769977059566,0.04924001179854392
261,9,LMM-2,7,5.431462585034014,0.6949432842061456,10.862925170068028,1.3898865684122912,0.8925194228320559,0.042647443473438844
261,10,LMM-1,7,6.419727891156462,0.9197071355787086,12.839455782312925,1.8394142711574173,0.895150836248986,0.0296145768520957
261,10,LMM-2,7,5.529081632653061,0.42558571519856336,11.058163265306122,0.8511714303971267,0.9047818342679296,0.036405616113004156
262,4,LMM-1,7,11.199489795918367,0.5819238341031427,22.398979591836735,1.1638476682062855,0.766571129102692,0.07918399045367991
262,4,LMM-2,7,8.936054421768707,0.9119943905185309,17.872108843537415,1.8239887810370619,0.807196339554764,0.06252768814707536
262,5,LMM-1,7,9.889965986394557,0.3525061008822956,19.779931972789115,0.7050122017645912,0.793853696961898,0.07492029401444657
262,5,LMM-2,7,8.680442176870748,0.4185728299097264,17.360884353741497,0.8371456598194528,0.80405268655759,0.06842822184233233
262,6,LMM-1,7,9.643197278911563,0.39327524354742066,19.286394557823126,0.7865504870948413,0.8059950286662844,0.06816672422140543
262,6,LMM-2,7,8.468027210884355,0.22777588718459535,16.93605442176871,0.4555517743691907,0.8108007699633173,0.06999209340317138
262,7,LMM-1,7,9.36751700680272,0.45085434964357507,18.73503401360544,0.9017086992871501,0.8163017992983794,0.06737887179166584
262,7,LMM-2,7,7.855442176870748,0.3187040344232942,15.710884353741497,0.6374080688465884,0.8385333330563268,0.06221299604061085
262,8,LMM-1,7,9.222108843537415,0.6178254737217082,18.44421768707483,1.2356509474434163,0.8205500498046427,0.06198525030524066
262,8,LMM-2,7,7.972448979591837,0.2970316847424551,15.944897959183674,0.5940633694849102,0.8375280568386462,0.06374721579882416
262,9,LMM-1,7,9.222108843537415,0.6178254737217082,18.44421768707483,1.2356509474434163,0.8208266925023028,0.06180863531144708
262,9,LMM-2,7,7.972448979591837,0.2970316847424551,15.944897959183674,0.5940633694849102,0.8375280568386462,0.06374721579882416
262,10,LMM-1,7,8.07125850340136,0.3434627284611974,16.14251700680272,0.6869254569223948,0.8528249861600354,0.05766312161734424
262,10,LMM-2,7,6.889625850340137,0.4647976918505261,13.779251700680273,0.9295953837010522,0.857359091242562,0.06305280832288532
263,4,LMM-1,7,14.072619047619048,0.8732660175541963,28.145238095238096,1.7465320351083926,0.7407947026111777,0.09746366432085311
263,4,LMM-2,7,13.40221088435374,0.5893574918738385,26.80442176870748,1.178714983747677,0.7499308624073164,0.08809586375428702
263,5,LMM-1,7,13.729081632653061,1.2542063752907953,27.458163265306123,2.5084127505815905,0.7599808750276428,0.07605309425721092
263,5,LMM-2,7,12.816326530612244,1.1902526515103096,25.632653061224488,2.380505303020619,0.7616751523499417,0.07411816331188775
263,6,LMM-1,7,13.60017006802721,1.362333496061513,27.20034013605442,2.724666992123026,0.7652966853677434,0.07078725359107577
263,6,LMM-2,7,12.849489795918368,1.2040329893322068,25.698979591836736,2.4080659786644136,0.7637375586063841,0.0715026878566515
263,7,LMM-1,7,13.447448979591837,1.4858991180722465,26.894897959183673,2.971798236144493,0.769672352672311,0.06704630956777446
263,7,LMM-2,7,12.601190476190476,1.4460978457877034,25.202380952380953,2.892195691575407,0.7688580553888104,0.0667405917976763
263,8,LMM-1,7,13.447448979591837,1.4858991180722465,26.894897959183673,2.971798236144493,0.7695549408864532,0.06713270058742006
263,8,LMM-2,7,12.601190476190476,1.4460978457877034,25.202380952380953,2.892195691575407,0.7688580553888104,0.0667405917976763
263,9,LMM-1,7,13.447448979591837,1.4858991180722465,26.894897959183673,2.971798236144493,0.7699347509828149,0.0668533956750634
263,9,LMM-2,7,12.601190476190476,1.4460978457877034,25.202380952380953,2.892195691575407,0.7691490215804395,0.06637919897188302
263,10,LMM-1,7,11.056122448979592,0.9277581098382698,22.112244897959183,1.8555162196765396,0.8211981638124962,0.06323526956034439
263,10,LMM-2,7,6.388435374149659,0.18768114485433296,12.776870748299318,0.3753622897086659,0.8837208134552467,0.05132213212419512
264,4,LMM-1,7,14.099489795918368,0.539805938035252,28.198979591836736,1.079611876070504,0.7154099883232297,0.09559506224247176
264,4,LMM-2,7,7.267517006802721,0.7024203592905168,14.535034013605442,1.4048407185810337,0.8417257747173049,0.07808315195664504
264,5,LMM-1,7,14.099489795918368,0.539805938035252,28.198979591836736,1.079611876070504,0.7154099883232297,0.09559506224247176
264,5,LMM-2,7,7.267517006802721,0.7024203592905168,14.535034013605442,1.4048407185810337,0.8417257747173049,0.07808315195664504
264,6,LMM-1,7,14.099489795918368,0.539805938035252,28.198979591836736,1.079611876070504,0.7154099883232297,0.09559506224247176
264,6,LMM-2,7,7.267517006802721,0.7024203592905168,14.535034013605442,1.4048407185810337,0.8417257747173049,0.07808315195664504
264,7,LMM-1,7,14.099489795918368,0.539805938035252,28.198979591836736,1.079611876070504,0.7154099883232297,0.09559506224247176
264,7,LMM-2,7,7.267517006802721,0.7024203592905168,14.535034013605442,1.4048407185810337,0.8417257747173049,0.07808315195664504
264,8,LMM-1,7,12.428741496598638,0.3672329912716061,24.857482993197276,0.7344659825432122,0.7477704365538383,0.08891202861482499
264,8,LMM-2,7,7.178231292517006,0.6229799601335001,14.356462585034013,1.2459599202670002,0.8449017062788909,0.07329328309329652
264,9,LMM-1,7,10.975,0.18997702450893852,21.95,0.37995404901787705,0.7756628584094735,0.08645685611530148
264,9,LMM-2,7,7.178231292517006,0.6229799601335001,14.356462585034013,1.2459599202670002,0.8449017062788909,0.07329328309329652
264,10,LMM-1,7,10.793707482993197,0.2354244028379756,21.587414965986394,0.4708488056759512,0.7823325974298252,0.08275914476182102
264,10,LMM-2,7,7.178231292517006,0.6229799601335001,14.356462585034013,1.2459599202670002,0.8449017062788909,0.07329328309329652
265,4,LMM-1,7,21.716666666666665,0.728610331983438,43.43333333333333,1.457220663966876,0.606311683947296,0.11283447132199667
265,4,LMM-2,7,13.828231292517007,1.4090482447020776,27.656462585034014,2.818096489404155,0.711117198111868,0.08015630575196933
265,5,LMM-1,7,21.716666666666665,0.728610331983438,43.43333333333333,1.457220663966876,0.606311683947296,0.11283447132199667
265,5,LMM-2,7,13.828231292517007,1.4090482447020776,27.656462585034014,2.818096489404155,0.711117198111868,0.08015630575196933
265,6,LMM-1,7,21.716666666666665,0.728610331983438,43.43333333333333,1.457220663966876,0.606311683947296,0.11283447132199667
265,6,LMM-2,7,13.828231292517007,1.4090482447020776,27.656462585034014,2.818096489404155,0.711117198111868,0.08015630575196933
265,7,LMM-1,7,21.716666666666665,0.728610331983438,43.43333333333333,1.457220663966876,0.606311683947296,0.11283447132199667
265,7,LMM-2,7,13.828231292517007,1.4090482447020776,27.656462585034014,2.818096489404155,0.711117198111868,0.08015630575196933
265,8,LMM-1,7,20.498809523809523,1.0284680834325661,40.99761904761905,2.0569361668651323,0.6237691081881376,0.11061994560604134
265,8,LMM-2,7,13.828231292517007,1.4090482447020776,27.656462585034014,2.818096489404155,0.711117198111868,0.08015630575196933
265,9,LMM-1,7,12.922448979591836,0.4837810954053016,25.844897959183672,0.9675621908106032,0.7503742792726589,0.09714798507830921
265,9,LMM-2,7,8.506292517006802,0.8847630201543067,17.012585034013604,1.7695260403086135,0.8250494350634389,0.08810626593955435
265,10,LMM-1,7,13.192346938775511,0.7096595819116965,26.384693877551022,1.419319163823393,0.7462976791588912,0.09845504668874829
265,10,LMM-2,7,8.664965986394558,1.0326392809169,17.329931972789115,2.0652785618338,0.8213599176811559,0.09215867981103668
266,4,LMM-1,7,13.836224489795919,0.4498604403064307,27.672448979591838,0.8997208806128614,0.6888658092177622,0.09587475014465438
266,4,LMM-2,7,10.836224489795919,0.4498604403064307,21.672448979591838,0.8997208806128614,0.7464251019552128,0.07879102959126431
266,5,LMM-1,7,13.836224489795919,0.4498604403064307,27.672448979591838,0.8997208806128614,0.7026665196648934,0.09193154015948468
266,5,LMM-2,7,11.836224489795919,0.4498604403064307,23.672448979591838,0.8997208806128614,0.7267703350642222,0.0848105714852147
266,6,LMM-1,7,11.836224489795919,0.4498604403064307,23.672448979591838,0.8997208806128614,0.7464251019552128,0.07879102959126431
266,6,LMM-2,7,10.836224489795919,0.4498604403064307,21.672448979591838,0.8997208806128614,0.7464251019552128,0.07879102959126431
266,7,LMM-1,7,10.836224489795919,0.4498604403064307,21.672448979591838,0.8997208806128614,0.7747045448449185,0.06980790371216077
266,7,LMM-2,7,8.45595238095238,0.5822560509290886,16.91190476190476,1.1645121018581772,0.8136139853263489,0.05478431722164665
266,8,LMM-1,7,11.00034013605442,0.8068587870987575,22.00068027210884,1.613717574197515,0.7980222288806536,0.058657649465885156
266,8,LMM-2,7,9.000340136054422,0.8068587870987575,18.000680272108845,1.613717574197515,0.8115507543519407,0.05342590467925423
266,9,LMM-1,7,7.7715986394557826,0.6653419870555275,15.543197278911565,1.330683974111055,0.8637968987851309,0.04713714183425241
266,9,LMM-2,7,6.6634353741496595,0.4686368216830966,13.326870748299319,0.9372736433661932,0.8674577165529864,0.04819907641125345
266,10,LMM-1,7,7.434353741496599,0.5470032875616628,14.868707482993198,1.0940065751233257,0.8684728377627758,0.0461837344758212
266,10,LMM-2,7,6.705102040816326,0.5181706824249734,13.410204081632653,1.0363413648499469,0.8693573186784199,0.04552558301102807
267,4,LMM-1,7,12.736224489795918,0.3689004847924888,25.472448979591835,0.7378009695849777,0.7404638937311372,0.08508257782568501
267,4,LMM-2,7,11.091836734693876,0.17376924863190202,22.183673469387752,0.34753849726380404,0.7504045983301493,0.09158481383451375
267,5,LMM-1,7,12.545238095238094,0.5236255088031787,25.09047619047619,1.0472510176063574,0.7537051388841974,0.07930708879836441
267,5,LMM-2,7,10.87312925170068,0.43052599323183466,21.74625850340136,0.8610519864636693,0.7698635047294575,0.07650253634923668
267,6,LMM-1,7,11.635884353741497,0.4612408566718589,23.271768707482995,0.9224817133437178,0.7784587161003654,0.07187968900132373
267,6,LMM-2,7,10.454591836734693,0.5906360974267547,20.909183673469386,1.1812721948535094,0.7822261799983546,0.06919259878471981
267,7,LMM-1,7,11.635884353741497,0.4612408566718589,23.271768707482995,0.9224817133437178,0.7784587161003654,0.07187968900132373
267,7,LMM-2,7,10.454591836734693,0.5906360974267547,20.909183673469386,1.1812721948535094,0.7822261799983546,0.06919259878471981
267,8,LMM-1,7,11.635884353741497,0.4612408566718589,23.271768707482995,0.9224817133437178,0.7865468711308826,0.06943549464910606
267,8,LMM-2,7,8.635884353741497,0.4612408566718589,17.271768707482995,0.9224817133437178,0.8267800538337953,0.056651925245421876
267,9,LMM-1,7,11.545238095238094,0.5236255088031787,23.09047619047619,1.0472510176063574,0.7868258787930911,0.0692345002070461
267,9,LMM-2,7,8.635884353741497,0.4612408566718589,17.271768707482995,0.9224817133437178,0.8267800538337953,0.056651925245421876
267,10,LMM-1,7,10.722619047619048,0.5342758466111948,21.445238095238096,1.0685516932223895,0.8151156973834811,0.06601858022237976
267,10,LMM-2,7,8.096938775510205,0.5405649096857835,16.19387755102041,1.081129819371567,0.8527276343197475,0.05337039270042839
268,4,LMM-1,7,13.43639455782313,0.8107201187376586,26.87278911564626,1.6214402374753172,0.736253067412933,0.0830960708953559
268,4,LMM-2,7,9.854081632653061,0.42295012285522465,19.708163265306123,0.8459002457104493,0.780192321943739,0.07509742362325143
268,5,LMM-1,7,13.43639455782313,0.8107201187376586,26.87278911564626,1.6214402374753172,0.736441630987977,0.08291166943631022
268,5,LMM-2,7,9.854081632653061,0.42295012285522465,19.708163265306123,0.8459002457104493,0.7803954184403467,0.07489533895565137
268,6,LMM-1,7,13.43639455782313,0.8107201187376586,26.87278911564626,1.6214402374753172,0.736441630987977,0.08291166943631022
268,6,LMM-2,7,9.854081632653061,0.42295012285522465,19.708163265306123,0.8459002457104493,0.7803954184403467,0.07489533895565137
268,7,LMM-1,7,13.43639455782313,0.8107201187376586,26.87278911564626,1.6214402374753172,0.736441630987977,0.08291166943631022
268,7,LMM-2,7,9.854081632653061,0.42295012285522465,19.708163265306123,0.8459002457104493,0.7803954184403467,0.07489533895565137
268,8,LMM-1,7,13.43639455782313,0.8107201187376586,26.87278911564626,1.6214402374753172,0.736253067412933,0.0830960708953559
268,8,LMM-2,7,9.854081632653061,0.42295012285522465,19.708163265306123,0.8459002457104493,0.780192321943739,0.07509742362325143
268,9,LMM-1,7,12.106802721088437,0.35914501956513284,24.213605442176874,0.7182900391302657,0.7569364325643123,0.08353527500614569
268,9,LMM-2,7,9.854081632653061,0.42295012285522465,19.708163265306123,0.8459002457104493,0.780192321943739,0.07509742362325143
268,10,LMM-1,7,11.43639455782313,0.8107201187376586,22.87278911564626,1.6214402374753172,0.7798653047908896,0.06927163916857182
268,10,LMM-2,7,6.837755102040816,0.42963290424782485,13.675510204081633,0.8592658084956497,0.8470184885612165,0.05443456157047756
269,4,LMM-1,7,13.891326530612245,0.2957045321696801,27.78265306122449,0.5914090643393602,0.6952188011159606,0.09628551737087945
269,4,LMM-2,7,12.711224489795919,1.2369531062984027,25.422448979591838,2.4739062125968054,0.7426964037178385,0.07324159259854851
269,5,LMM-1,7,11.910204081632653,0.35646128680243433,23.820408163265306,0.7129225736048687,0.7603829106110515,0.08513025163727489
269,5,LMM-2,7,10.927210884353741,0.6471973130903428,21.854421768707482,1.2943946261806856,0.7685667981779549,0.09437638239327406
269,6,LMM-1,7,11.910204081632653,0.35646128680243433,23.820408163265306,0.7129225736048687,0.7603829106110515,0.08513025163727489
269,6,LMM-2,7,10.363945578231293,0.2518844704976001,20.727891156462587,0.5037689409952002,0.7810443593965897,0.08262093151062964
269,7,LMM-1,7,10.806462585034014,0.19926457875110745,21.612925170068028,0.3985291575022149,0.7836021031690475,0.07723196697474966
269,7,LMM-2,7,10.439115646258504,0.521115299213403,20.878231292517007,1.042230598426806,0.7974223611007879,0.07374388611260375
269,8,LMM-1,7,9.618027210884353,0.4825994850245851,19.236054421768706,0.9651989700491702,0.8263934863975314,0.061900070463886826
269,8,LMM-2,7,6.728231292517007,0.8679593676172367,13.456462585034014,1.7359187352344734,0.8674723602532527,0.06905024560288373
269,9,LMM-1,7,9.499829931972789,0.6109128082247818,18.999659863945578,1.2218256164495636,0.8324289837816128,0.05634066834169507
269,9,LMM-2,7,7.001530612244898,0.7515384055458594,14.003061224489796,1.5030768110917188,0.864416913903207,0.06645293847828967
269,10,LMM-1,7,8.618027210884353,0.4825994850245851,17.236054421768706,0.9651989700491702,0.8484424048185035,0.0540946372681282
269,10,LMM-2,7,7.00017006802721,0.9759872918982943,14.00034013605442,1.9519745837965885,0.8617038725999752,0.07287192508568802
270,4,LMM-1,7,15.697619047619046,0.606344012277263,31.395238095238092,1.212688024554526,0.7106407348230197,0.09436268177508136
270,4,LMM-2,7,5.925170068027211,1.1778533902455572,11.850340136054422,2.3557067804911145,0.8688389202449133,0.07484157925201759
270,5,LMM-1,7,15.697619047619046,0.606344012277263,31.395238095238092,1.212688024554526,0.7106407348230197,0.09436268177508136
270,5,LMM-2,7,5.925170068027211,1.1778533902455572,11.850340136054422,2.3557067804911145,0.8688389202449133,0.07484157925201759
270,6,LMM-1,7,13.718027210884355,0.5845320976217444,27.43605442176871,1.1690641952434888,0.748929418314021,0.08333156216956861
270,6,LMM-2,7,5.945578231292517,1.1998079350206423,11.891156462585034,2.3996158700412846,0.8677882700426488,0.07592921319346473
270,7,LMM-1,7,13.718027210884355,0.5845320976217444,27.43605442176871,1.1690641952434888,0.748929418314021,0.08333156216956861
270,7,LMM-2,7,5.945578231292517,1.1998079350206423,11.891156462585034,2.3996158700412846,0.8677882700426488,0.07592921319346473
270,8,LMM-1,7,13.697619047619048,0.6063440122772632,27.395238095238096,1.2126880245545264,0.7495356729679897,0.08273463692554962
270,8,LMM-2,7,5.925170068027211,1.1778533902455572,11.850340136054422,2.3557067804911145,0.8685047802400714,0.07517736421569259
270,9,LMM-1,7,13.697619047619048,0.6063440122772632,27.395238095238096,1.2126880245545264,0.7495356729679897,0.08273463692554962
270,9,LMM-2,7,5.925170068027211,1.1778533902455572,11.850340136054422,2.3557067804911145,0.8685047802400714,0.07517736421569259
270,10,LMM-1,7,13.697619047619048,0.6063440122772632,27.395238095238096,1.2126880245545264,0.7495356729679897,0.08273463692554962
270,10,LMM-2,7,5.925170068027211,1.1778533902455572,11.850340136054422,2.3557067804911145,0.8685047802400714,0.07517736421569259
271,4,LMM-1,7,22.354761904761908,0.3898223329250975,44.709523809523816,0.779644665850195,0.5171376122123126,0.14024077263109666
271,4,LMM-2,7,9.746598639455783,0.8556940298168312,19.493197278911566,1.7113880596336624,0.7817072494941563,0.0707211576156745
271,5,LMM-1,7,22.354761904761908,0.3898223329250975,44.709523809523816,0.779644665850195,0.5171376122123126,0.14024077263109666
271,5,LMM-2,7,9.746598639455783,0.8556940298168312,19.493197278911566,1.7113880596336624,0.7817072494941563,0.0707211576156745
271,6,LMM-1,7,16.354761904761904,0.3898223329250975,32.70952380952381,0.779644665850195,0.6336274663463458,0.11616874703535422
271,6,LMM-2,7,8.354761904761904,0.38982233292509744,16.70952380952381,0.7796446658501949,0.8234958083870334,0.06042412464161662
271,7,LMM-1,7,14.354761904761904,0.38982233292509744,28.70952380952381,0.7796446658501949,0.6843685687919402,0.10306979342411594
271,7,LMM-2,7,8.354761904761904,0.38982233292509744,16.70952380952381,0.7796446658501949,0.8234958083870334,0.06042412464161662
271,8,LMM-1,7,12.354761904761904,0.38982233292509744,24.70952380952381,0.7796446658501949,0.7435184015877694,0.08606962378671262
271,8,LMM-2,7,8.354761904761904,0.38982233292509744,16.70952380952381,0.7796446658501949,0.8234958083870334,0.06042412464161662
271,9,LMM-1,7,10.354761904761904,0.38982233292509744,20.70952380952381,0.7796446658501949,0.8042821044178742,0.06696458485458556
271,9,LMM-2,7,9.354761904761904,0.38982233292509744,18.70952380952381,0.7796446658501949,0.8042821044178742,0.06696458485458556
271,10,LMM-1,7,9.354761904761904,0.38982233292509744,18.70952380952381,0.7796446658501949,0.8404644900405895,0.05528374815170406
271,10,LMM-2,7,8.372619047619049,0.3636977826403478,16.745238095238097,0.7273955652806956,0.8408538638023316,0.05471095663304496
272,4,LMM-1,7,14.85952380952381,1.0197205165989303,29.71904761904762,2.0394410331978605,0.7405568561486936,0.09193799259822748
272,4,LMM-2,7,13.71156462585034,1.1577980484425472,27.42312925170068,2.3155960968850944,0.7495977302690723,0.08238415954702644
272,5,LMM-1,7,13.253061224489796,0.7221390433987301,26.506122448979593,1.4442780867974603,0.7958316281794618,0.07282573437134407
272,5,LMM-2,7,10.12295918367347,0.8178559581445126,20.24591836734694,1.6357119162890252,0.8325714508876692,0.05999749022339174
272,6,LMM-1,7,13.253061224489796,0.7221390433987301,26.506122448979593,1.4442780867974603,0.8014409069255045,0.07100610279993277
272,6,LMM-2,7,11.19812925170068,0.7878675548018728,22.39625850340136,1.5757351096037455,0.810824254876715,0.0678501882409066
272,7,LMM-1,7,13.084013605442177,0.8209642918285711,26.168027210884354,1.6419285836571422,0.8054024505403843,0.0690392176569278
272,7,LMM-2,7,10.959863945578231,0.9241499728341303,21.919727891156462,1.8482999456682605,0.8248807557874012,0.06040441264319475
272,8,LMM-1,7,12.87465986394558,1.1247640781827002,25.74931972789116,2.2495281563654004,0.8067971588077885,0.06578819614305254
272,8,LMM-2,7,10.80561224489796,1.0942499080684396,21.61122448979592,2.188499816136879,0.8283177514337252,0.05597220650230595
272,9,LMM-1,7,12.9078231292517,1.2117451843441351,25.8156462585034,2.4234903686882703,0.8065823240820654,0.06331033424499824
272,9,LMM-2,7,10.80561224489796,1.0942499080684396,21.61122448979592,2.188499816136879,0.8277912870546498,0.055759518036685836
272,10,LMM-1,7,12.50374149659864,1.3463539752956468,25.00748299319728,2.6927079505912936,0.8102107561973403,0.06162546432178504
272,10,LMM-2,7,10.669557823129253,1.2498159659055865,21.339115646258506,2.499631931811173,0.8312628685554768,0.05268257523663396
273,4,LMM-1,7,12.658163265306124,0.4250952315090449,25.316326530612248,0.8501904630180898,0.7407723879902354,0.10230672876724693
273,4,LMM-2,7,10.148979591836735,0.230609736506335,20.29795918367347,0.46121947301267,0.7813258608659853,0.08585346474375814
273,5,LMM-1,7,12.635374149659864,0.21725989122700728,25.270748299319727,0.43451978245401457,0.734668480085442,0.09431321200372476
273,5,LMM-2,7,10.481462585034013,0.2183958222051137,20.962925170068026,0.4367916444102274,0.7652033555579242,0.08257742356174534
273,6,LMM-1,7,11.659693877551021,0.44487162906545885,23.319387755102042,0.8897432581309177,0.7584878738280505,0.09516021646432302
273,6,LMM-2,7,9.943027210884354,0.25765446442221346,19.88605442176871,0.5153089288444269,0.7793425671615198,0.08412959677624332
273,7,LMM-1,7,10.585374149659865,0.42401284691572333,21.17074829931973,0.8480256938314467,0.7875332474396844,0.08364553068770839
273,7,LMM-2,7,9.33265306122449,0.2518693128797399,18.66530612244898,0.5037386257594798,0.7951163033460782,0.07989101106861997
273,8,LMM-1,7,9.433503401360543,0.34589453693526356,18.867006802721086,0.6917890738705271,0.8184388303593282,0.06622509020480351
273,8,LMM-2,7,7.678061224489796,0.19916803101099506,15.356122448979592,0.3983360620219901,0.8404140512212381,0.06373352144152998
273,9,LMM-1,7,9.252210884353742,0.4293654910250129,18.504421768707484,0.8587309820500258,0.823001926924289,0.06278563091727471
273,9,LMM-2,7,7.678061224489796,0.19916803101099506,15.356122448979592,0.3983360620219901,0.8402530958191228,0.06369134319583492
273,10,LMM-1,7,8.407142857142857,0.3905487737417719,16.814285714285713,0.7810975474835438,0.848467253565955,0.05407810564853554
273,10,LMM-2,7,7.108163265306123,0.22753398754673268,14.216326530612246,0.45506797509346536,0.8608587848321092,0.05577999457948974
274,4,LMM-1,7,20.037414965986393,0.5972899523253957,40.074829931972786,1.1945799046507914,0.6286631943838362,0.11060728935638445
274,4,LMM-2,7,17.037414965986393,0.5972899523253957,34.074829931972786,1.1945799046507914,0.6774744637874474,0.09761311275999238
274,5,LMM-1,7,18.037414965986393,0.5972899523253957,36.074829931972786,1.1945799046507914,0.6763633195665429,0.09792361907949453
274,5,LMM-2,7,16.037414965986393,0.5972899523253956,32.074829931972786,1.1945799046507912,0.7000735723010388,0.0911557440585481
274,6,LMM-1,7,9.806972789115646,0.5997942730432437,19.61394557823129,1.1995885460864875,0.802839318348414,0.07511863169305415
274,6,LMM-2,7,7.73639455782313,0.8201194480756714,15.47278911564626,1.6402388961513428,0.8557873242136942,0.06603390118549134
274,7,LMM-1,7,9.806972789115646,0.5997942730432437,19.61394557823129,1.1995885460864875,0.802839318348414,0.07511863169305415
274,7,LMM-2,7,7.73639455782313,0.8201194480756714,15.47278911564626,1.6402388961513428,0.8557873242136942,0.06603390118549134
274,8,LMM-1,7,8.771598639455783,0.5792556452863802,17.543197278911567,1.1585112905727604,0.8225216933226503,0.059862015225753046
274,8,LMM-2,7,7.404761904761905,0.6717493323650421,14.80952380952381,1.3434986647300842,0.8633922093167309,0.06168430151518491
274,9,LMM-1,7,8.34234693877551,0.4653893463982968,16.68469387755102,0.9307786927965936,0.8438799271627087,0.05795070074838373
274,9,LMM-2,7,6.338775510204082,0.29729836951217953,12.677551020408163,0.5945967390243591,0.8824471676662476,0.04588555612534276
274,10,LMM-1,7,7.583163265306122,0.6757041788072827,15.166326530612244,1.3514083576145655,0.8705777888323982,0.042621753210090464
274,10,LMM-2,7,6.316326530612245,0.47204218392736236,12.63265306122449,0.9440843678547247,0.8972099798971803,0.04530465757067137
275,4,LMM-1,7,22.471258503401362,0.610236359576757,44.942517006802724,1.220472719153514,0.5365061436285645,0.12992327853865682
275,4,LMM-2,7,13.47125850340136,0.6102363595767571,26.94251700680272,1.2204727191535143,0.6956183609585445,0.09075944411554605
275,5,LMM-1,7,21.471258503401362,0.610236359576757,42.942517006802724,1.220472719153514,0.5535936884983012,0.1264858790793008
275,5,LMM-2,7,13.47125850340136,0.6102363595767571,26.94251700680272,1.2204727191535143,0.6956183609585445,0.09075944411554605
275,6,LMM-1,7,19.471258503401362,0.610236359576757,38.942517006802724,1.220472719153514,0.5925715412718462,0.11790252242394814
275,6,LMM-2,7,13.47125850340136,0.6102363595767571,26.94251700680272,1.2204727191535143,0.6956183609585445,0.09075944411554605
275,7,LMM-1,7,13.836224489795919,0.4498604403064307,27.672448979591838,0.8997208806128614,0.7481178454602008,0.0879985507477839
275,7,LMM-2,7,9.871938775510204,0.3990309858971462,19.743877551020407,0.7980619717942924,0.8087582645787572,0.06834985861288642
275,8,LMM-1,7,13.73248299319728,0.5503800238649913,27.46496598639456,1.1007600477299826,0.7526367646306065,0.0831760019347456
275,8,LMM-2,7,9.73248299319728,0.5503800238649913,19.46496598639456,1.1007600477299826,0.8132590016542336,0.06370253049601551
275,9,LMM-1,7,13.73248299319728,0.5503800238649913,27.46496598639456,1.1007600477299826,0.7526367646306065,0.0831760019347456
275,9,LMM-2,7,9.73248299319728,0.5503800238649913,19.46496598639456,1.1007600477299826,0.8132590016542336,0.06370253049601551
275,10,LMM-1,7,13.696768707482994,0.6097704626517221,27.393537414965987,1.2195409253034442,0.7534491625218269,0.0820645249252763
275,10,LMM-2,7,9.696768707482994,0.6097704626517221,19.393537414965987,1.2195409253034442,0.8142661065329228,0.06233635803178377
276,4,LMM-1,7,11.933673469387756,0.7085328748511123,23.867346938775512,1.4170657497022245,0.7604258792044388,0.0816238979027592
276,4,LMM-2,7,11.061224489795919,0.537522593201137,22.122448979591837,1.075045186402274,0.75828878366461,0.08459564357528815
276,5,LMM-1,7,12.005102040816327,0.7362786824984364,24.010204081632654,1.4725573649968728,0.7586540713927165,0.08083566056578081
276,5,LMM-2,7,11.13265306122449,0.5574911904366768,22.26530612244898,1.1149823808733537,0.7565169758528877,0.08379017351121511
276,6,LMM-1,7,11.718537414965985,0.8876760918263965,23.43707482993197,1.775352183652793,0.7682522075205968,0.07432292239318586
276,6,LMM-2,7,10.667517006802722,0.9661233674566716,21.335034013605444,1.9322467349133432,0.7701549173560102,0.0715079295534798
276,7,LMM-1,7,9.376360544217688,0.33358374253870765,18.752721088435376,0.6671674850774153,0.8192298047905862,0.06945030138503076
276,7,LMM-2,7,5.205442176870748,0.3121804210695809,10.410884353741496,0.6243608421391618,0.8896366388456972,0.05556328604129195
276,8,LMM-1,7,8.826360544217687,0.7214775214560761,17.652721088435374,1.4429550429121523,0.8358733312029629,0.054224150208856625
276,8,LMM-2,7,5.826360544217687,0.7214775214560762,11.652721088435374,1.4429550429121525,0.8875257318252648,0.03703553840250415
276,9,LMM-1,7,8.770238095238096,0.7906178157695694,17.54047619047619,1.5812356315391387,0.837473114048214,0.052287397643610865
276,9,LMM-2,7,5.481122448979591,0.3827870513708757,10.962244897959183,0.7655741027417514,0.8873221688903729,0.04556690488932058
276,10,LMM-1,7,8.889115646258503,0.7516172576604732,17.778231292517006,1.5032345153209463,0.8418660173543399,0.05242090972598206
276,10,LMM-2,7,5.987925170068027,0.4638539893037793,11.975850340136054,0.9277079786075586,0.87689258863175,0.05525767007933062
277,4,LMM-1,7,11.627380952380951,0.64190184752765,23.254761904761903,1.2838036950553,0.7778176799847005,0.07538089258253801
277,4,LMM-2,7,9.597619047619048,0.5711606514772515,19.195238095238096,1.142321302954503,0.8028775487605943,0.06904513006655645
277,5,LMM-1,7,11.453401360544218,0.6360229538579844,22.906802721088436,1.2720459077159687,0.78223125910608,0.07447086611587861
277,5,LMM-2,7,9.597619047619048,0.5711606514772515,19.195238095238096,1.142321302954503,0.8026630377292067,0.06906140362372548
277,6,LMM-1,7,11.184183673469388,0.5341233801118427,22.368367346938776,1.0682467602236854,0.7938540090802054,0.0743749008684874
277,6,LMM-2,7,9.358163265306121,0.5470625050423004,18.716326530612243,1.0941250100846007,0.8087469002403979,0.06752311635232004
277,7,LMM-1,7,10.807312925170068,0.6699181002199898,21.614625850340136,1.3398362004399795,0.8070136411121293,0.06883304543850205
277,7,LMM-2,7,9.462755102040816,0.606012925582047,18.925510204081633,1.212025851164094,0.8082246833888569,0.06666541386526875
277,8,LMM-1,7,9.925510204081633,0.5493387878161735,19.851020408163265,1.098677575632347,0.8303946751444556,0.06422630589677002
277,8,LMM-2,7,9.104591836734695,0.44226353153921555,18.20918367346939,0.8845270630784311,0.8188827691430253,0.06639686485587969
277,9,LMM-1,7,9.55595238095238,0.6111840298693569,19.11190476190476,1.2223680597387139,0.8309392646747157,0.058589219702497766
277,9,LMM-2,7,7.30374149659864,0.3753064985281697,14.60748299319728,0.7506129970563394,0.8633145346555668,0.06091260592818392
277,10,LMM-1,7,9.55595238095238,0.6111840298693569,19.11190476190476,1.2223680597387139,0.8345269115784759,0.05845933387903478
277,10,LMM-2,7,7.961224489795918,0.4972791442157714,15.922448979591836,0.9945582884315428,0.8538025838135411,0.05806898207360562
278,4,LMM-1,7,14.401020408163264,0.5972779430671025,28.802040816326528,1.194555886134205,0.6984911627363578,0.08906918390500565
278,4,LMM-2,7,9.25391156462585,0.37898445481697474,18.5078231292517,0.7579689096339495,0.7879034363974712,0.07654486770002805
278,5,LMM-1,7,11.184013605442177,0.43146174709455576,22.368027210884353,0.8629234941891115,0.7651900133463,0.09404729468729116
278,5,LMM-2,7,10.475340136054422,0.36221495516757707,20.950680272108844,0.7244299103351541,0.773170427110097,0.08093241653857351
278,6,LMM-1,7,10.642006802721088,0.3965813551501365,21.284013605442176,0.793162710300273,0.7805124413187589,0.07685952138796338
278,6,LMM-2,7,10.62874149659864,0.38171290399998997,21.25748299319728,0.7634258079999799,0.7680313865238747,0.0809006281346587
278,7,LMM-1,7,9.679421768707483,0.22802755081720963,19.358843537414966,0.45605510163441926,0.8041508829951894,0.07341791730461639
278,7,LMM-2,7,10.174489795918367,0.6202587763218926,20.348979591836734,1.2405175526437853,0.7784402751018308,0.07370530369150607
278,8,LMM-1,7,9.531632653061225,0.23181064415165575,19.06326530612245,0.4636212883033115,0.8072455206990584,0.07354522486646695
278,8,LMM-2,7,8.668537414965986,0.2535317885585729,17.33707482993197,0.5070635771171458,0.8179587643221639,0.07436773307022604
278,9,LMM-1,7,9.117517006802721,0.40473925221011847,18.235034013605443,0.8094785044202369,0.8227597701904802,0.061411728568273934
278,9,LMM-2,7,6.958333333333334,0.14260891131798734,13.916666666666668,0.28521782263597467,0.860300670456363,0.05528353976411874
278,10,LMM-1,7,8.66904761904762,0.24727540257080424,17.33809523809524,0.4945508051416085,0.8400866127887227,0.06414689108919218
278,10,LMM-2,7,7.467006802721088,0.3562856573950419,14.934013605442177,0.7125713147900838,0.8515245081511146,0.054756356492741694
279,4,LMM-1,7,9.854081632653061,0.42295012285522465,19.708163265306123,0.8459002457104493,0.8033066953990201,0.06912405091129023
279,4,LMM-2,7,6.924829931972789,0.32121271951858726,13.849659863945577,0.6424254390371745,0.8564196082463431,0.057292142108205456
279,5,LMM-1,7,9.595578231292517,0.31396713541011917,19.191156462585035,0.6279342708202383,0.8062657297095921,0.0683324888784331
279,5,LMM-2,7,6.818537414965986,0.26024042696677535,13.637074829931972,0.5204808539335507,0.8564911750921705,0.05218591133808404
279,6,LMM-1,7,8.74812925170068,0.46007679582776406,17.49625850340136,0.9201535916555281,0.8362999349102934,0.06247692539118141
279,6,LMM-2,7,6.229081632653061,0.3287795463478817,12.458163265306123,0.6575590926957634,0.8751045127429765,0.05101888718437079
279,7,LMM-1,7,8.74812925170068,0.46007679582776406,17.49625850340136,0.9201535916555281,0.8285704646485261,0.06290285764506527
279,7,LMM-2,7,6.065646258503401,0.21509242385141905,12.131292517006802,0.4301848477028381,0.8781730804800886,0.04941750326405616
279,8,LMM-1,7,8.804251700680272,0.4035003635496515,17.608503401360544,0.807000727099303,0.8269776971724762,0.06491167619379433
279,8,LMM-2,7,6.121768707482993,0.23113089591267919,12.243537414965987,0.46226179182535837,0.8764466723833853,0.0517200659028949
279,9,LMM-1,7,7.6860544217687075,0.4478332613990071,15.372108843537415,0.8956665227980142,0.8584183265174854,0.05089787005613288
279,9,LMM-2,7,6.757142857142857,0.825143428747109,13.514285714285714,1.650286857494218,0.8751831045263885,0.039028999878596864
279,10,LMM-1,7,7.623979591836735,0.4975769066276718,15.24795918367347,0.9951538132553436,0.8615409173570943,0.04780076819357275
279,10,LMM-2,7,6.757142857142857,0.825143428747109,13.514285714285714,1.650286857494218,0.8751831045263885,0.039028999878596864
280,4,LMM-1,7,10.683503401360543,0.5687936802007465,21.367006802721086,1.137587360401493,0.7851585267398142,0.07249665021895779
280,4,LMM-2,7,6.948639455782313,0.3197217397005577,13.897278911564626,0.6394434794011155,0.85776395145715,0.05502816180408677
280,5,LMM-1,7,10.318537414965986,0.6741993827637385,20.637074829931972,1.348398765527477,0.8027894198926141,0.07120907791728708
280,5,LMM-2,7,9.017517006802722,0.9929021495626525,18.035034013605443,1.985804299125305,0.8139513426419018,0.05939876106403113
280,6,LMM-1,7,10.00034013605442,0.8068587870987575,20.00068027210884,1.613717574197515,0.8115547028285427,0.06233142193257324
280,6,LMM-2,7,9.194727891156463,0.783305898952744,18.389455782312925,1.566611797905488,0.8102563747262291,0.062379650958914644
280,7,LMM-1,7,10.00034013605442,0.8068587870987575,20.00068027210884,1.613717574197515,0.8127322243546017,0.06194063696952675
280,7,LMM-2,7,9.212585034013605,0.7597873578172952,18.42517006802721,1.5195747156345905,0.810053959226959,0.06324500353862014
280,8,LMM-1,7,9.373469387755103,0.6563184079099358,18.746938775510205,1.3126368158198716,0.8249618321553589,0.05823183943892474
280,8,LMM-2,7,9.17687074829932,0.7512657651562973,18.35374149659864,1.5025315303125946,0.8102769336653776,0.06334460834034593
280,9,LMM-1,7,8.928911564625851,0.6836638236704063,17.857823129251702,1.3673276473408127,0.8446709097748842,0.051876379419239615
280,9,LMM-2,7,8.694557823129252,0.38320277974098993,17.389115646258503,0.7664055594819799,0.8339426130104607,0.06078268200402563
280,10,LMM-1,7,8.409183673469387,0.668913159281949,16.818367346938775,1.337826318563898,0.8537726659351942,0.04890670850220729
280,10,LMM-2,7,8.78299319727891,0.3323294615678265,17.56598639455782,0.664658923135653,0.832596639965411,0.06230634578357812
281,4,LMM-1,7,15.470748299319727,1.0415017084435454,30.941496598639453,2.083003416887091,0.7027920277990349,0.09652103720591819
281,4,LMM-2,7,11.93673469387755,0.48862482824509273,23.8734693877551,0.9772496564901855,0.7463248302660068,0.09972104367918018
281,5,LMM-1,7,15.470748299319727,1.0415017084435454,30.941496598639453,2.083003416887091,0.7026487083107529,0.09654893959466768
281,5,LMM-2,7,11.262074829931972,0.41785080938444374,22.524149659863944,0.8357016187688875,0.7634866275890598,0.09449034928042381
281,6,LMM-1,7,14.475510204081631,1.049443150879834,28.951020408163263,2.098886301759668,0.7515214459311169,0.07979777845229963
281,6,LMM-2,7,9.872448979591837,0.31424411480734965,19.744897959183675,0.6284882296146993,0.8055468267047706,0.08029780900992528
281,7,LMM-1,7,14.475510204081631,1.049443150879834,28.951020408163263,2.098886301759668,0.7515214459311169,0.07979777845229963
281,7,LMM-2,7,9.872448979591837,0.31424411480734965,19.744897959183675,0.6284882296146993,0.8055468267047706,0.08029780900992528
281,8,LMM-1,7,14.398979591836735,1.1432070447518072,28.79795918367347,2.2864140895036145,0.751777329500522,0.07949831980212678
281,8,LMM-2,7,9.872448979591837,0.31424411480734965,19.744897959183675,0.6284882296146993,0.8055468267047706,0.08029780900992528
281,9,LMM-1,7,14.325340136054422,1.1788422547152573,28.650680272108843,2.3576845094305146,0.7556356874046869,0.07637074610489186
281,9,LMM-2,7,9.60748299319728,0.5212995345127731,19.21496598639456,1.0425990690255462,0.817327927236473,0.06765157680387844
281,10,LMM-1,7,14.390816326530611,1.1243472918992365,28.781632653061223,2.248694583798473,0.7530200490976799,0.07894013285923726
281,10,LMM-2,7,9.762244897959183,0.366300790535749,19.524489795918367,0.732601581071498,0.81073659148978,0.0759607510184222
282,4,LMM-1,7,11.738945578231293,0.1762441477887533,23.477891156462587,0.3524882955775066,0.7528385208910138,0.09151881115233249
282,4,LMM-2,7,10.11751700680272,0.48501797256202506,20.23503401360544,0.9700359451240501,0.7745028031258554,0.07915453765460395
282,5,LMM-1,7,11.074829931972788,0.26594855064220574,22.149659863945576,0.5318971012844115,0.7809784894884885,0.08141784752131427
282,5,LMM-2,7,10.13639455782313,0.6473823025229223,20.27278911564626,1.2947646050458446,0.7885450245888174,0.07247062563542417
282,6,LMM-1,7,10.708673469387756,0.42832415120905165,21.417346938775513,0.8566483024181033,0.7882024658113806,0.07707054802247575
282,6,LMM-2,7,9.032142857142857,0.41933499345355607,18.064285714285713,0.8386699869071121,0.811097815740422,0.07048326479308514
282,7,LMM-1,7,10.87534013605442,0.5623919520767122,21.75068027210884,1.1247839041534244,0.7938700739157663,0.07088242540893012
282,7,LMM-2,7,10.327551020408164,0.20613311303547058,20.655102040816328,0.41226622607094116,0.7868654099037383,0.07480844970429193
282,8,LMM-1,7,10.20204081632653,0.47597857287126893,20.40408163265306,0.9519571457425379,0.8122960208380603,0.06446406099722408
282,8,LMM-2,7,7.274829931972789,0.7642172147476011,14.549659863945578,1.5284344294952021,0.8544754110699424,0.065424805029451
282,9,LMM-1,7,10.141156462585034,0.5937542242847896,20.282312925170068,1.1875084485695793,0.8157617213432307,0.06295813100362393
282,9,LMM-2,7,7.3809523809523805,0.8761128329987666,14.761904761904761,1.7522256659975333,0.8588968283765536,0.04838647995264841
282,10,LMM-1,7,9.650340136054423,0.3770042618188679,19.300680272108846,0.7540085236377359,0.8251003097031656,0.06337311143243929
282,10,LMM-2,7,7.589625850340136,0.6544454133932649,15.179251700680272,1.3088908267865298,0.8532815308360144,0.049413677974256796
283,4,LMM-1,7,11.056122448979592,0.9277581098382698,22.112244897959183,1.8555162196765396,0.8045940636184815,0.06558389664953908
283,4,LMM-2,7,8.414795918367346,0.25993527977002134,16.829591836734693,0.5198705595400427,0.8240346417258217,0.07586380257654321
283,5,LMM-1,7,11.45578231292517,0.5577194195943349,22.91156462585034,1.1154388391886698,0.7895275387546581,0.08112348950071539
283,5,LMM-2,7,10.53231292517007,0.4943278152132617,21.06462585034014,0.9886556304265234,0.7834973986170144,0.08605205925074538
283,6,LMM-1,7,10.738775510204082,1.1400594400573185,21.477551020408164,2.280118880114637,0.8088389953365664,0.06230638919217955
283,6,LMM-2,7,10.009353741496598,0.9647782458800822,20.018707482993197,1.9295564917601644,0.8021585262291524,0.06803703552250366
283,7,LMM-1,7,10.668537414965986,1.1844818228539375,21.33707482993197,2.368963645707875,0.8116595797290812,0.05990664478610635
283,7,LMM-2,7,9.833163265306123,1.0962211701161915,19.666326530612245,2.192442340232383,0.8078364808248144,0.061761636613863774
283,8,LMM-1,7,9.34234693877551,0.7177731917898195,18.68469387755102,1.435546383579639,0.8412006264790285,0.05759304101119068
283,8,LMM-2,7,8.53078231292517,0.6222120938780861,17.06156462585034,1.2444241877561721,0.8350058093631335,0.06170591690136511
283,9,LMM-1,7,9.84268707482993,0.34824309641346674,19.68537414965986,0.6964861928269335,0.8436333621443914,0.06242430015158482
283,9,LMM-2,7,6.404591836734694,0.5371901170030299,12.809183673469388,1.0743802340060598,0.8811958247598305,0.06263665472286888
283,10,LMM-1,7,9.84268707482993,0.34824309641346674,19.68537414965986,0.6964861928269335,0.8450738210875269,0.06194001764643802
283,10,LMM-2,7,9.193197278911565,0.19203203259098367,18.38639455782313,0.38406406518196734,0.8316561528909575,0.07140616919450407
284,4,LMM-1,7,16.962585034013607,0.41192287775371267,33.925170068027214,0.8238457555074253,0.6843198285263172,0.10462414285481027
284,4,LMM-2,7,11.248809523809523,0.720455496508271,22.497619047619047,1.440910993016542,0.7659010075647298,0.09010316292554427
284,5,LMM-1,7,16.962585034013607,0.41192287775371267,33.925170068027214,0.8238457555074253,0.6843198285263172,0.10462414285481027
284,5,LMM-2,7,11.248809523809523,0.720455496508271,22.497619047619047,1.440910993016542,0.7659010075647298,0.09010316292554427
284,6,LMM-1,7,16.962585034013607,0.41192287775371267,33.925170068027214,0.8238457555074253,0.6843198285263172,0.10462414285481027
284,6,LMM-2,7,11.248809523809523,0.720455496508271,22.497619047619047,1.440910993016542,0.7659010075647298,0.09010316292554427
284,7,LMM-1,7,16.962585034013607,0.41192287775371267,33.925170068027214,0.8238457555074253,0.6843198285263172,0.10462414285481027
284,7,LMM-2,7,11.248809523809523,0.720455496508271,22.497619047619047,1.440910993016542,0.7659010075647298,0.09010316292554427
284,8,LMM-1,7,16.962585034013607,0.41192287775371267,33.925170068027214,0.8238457555074253,0.6843198285263172,0.10462414285481027
284,8,LMM-2,7,11.248809523809523,0.720455496508271,22.497619047619047,1.440910993016542,0.7659010075647298,0.09010316292554427
284,9,LMM-1,7,16.962585034013607,0.41192287775371267,33.925170068027214,0.8238457555074253,0.6843198285263172,0.10462414285481027
284,9,LMM-2,7,11.248809523809523,0.720455496508271,22.497619047619047,1.440910993016542,0.7659010075647298,0.09010316292554427
284,10,LMM-1,7,15.244727891156462,0.5480299616053481,30.489455782312923,1.0960599232106962,0.709364044807705,0.10824237125630444
284,10,LMM-2,7,9.530952380952382,1.423789616041745,19.061904761904763,2.84757923208349,0.7981354722969524,0.09366108550692455
285,4,LMM-1,7,13.269727891156462,0.5465928188015818,26.539455782312924,1.0931856376031637,0.7258898983978103,0.0890762537361763
285,4,LMM-2,7,11.567006802721087,0.35147988437633154,23.134013605442174,0.7029597687526631,0.7433251546722429,0.08650808087143821
285,5,LMM-1,7,13.216156462585033,0.6312320831529481,26.432312925170066,1.2624641663058962,0.7278228367013637,0.08640878151577581
285,5,LMM-2,7,11.549149659863945,0.38170881229236303,23.09829931972789,0.7634176245847261,0.744050921323535,0.08550211456981056
285,6,LMM-1,7,12.697619047619048,0.5550939125055149,25.395238095238096,1.1101878250110297,0.7489205910051258,0.08298604598598396
285,6,LMM-2,7,10.860034013605443,0.38612236808041606,21.720068027210885,0.7722447361608321,0.7689942517518943,0.07774513547413647
285,7,LMM-1,7,12.697619047619048,0.5550939125055149,25.395238095238096,1.1101878250110297,0.7511665266136067,0.0803095445236653
285,7,LMM-2,7,10.735884353741497,0.5083536170543432,21.471768707482994,1.0167072341086865,0.7744717016452662,0.07252405600672009
285,8,LMM-1,7,12.697619047619048,0.5550939125055149,25.395238095238096,1.1101878250110297,0.752028198599575,0.08008346263372358
285,8,LMM-2,7,10.735884353741497,0.5083536170543432,21.471768707482994,1.0167072341086865,0.7744717016452662,0.07252405600672009
285,9,LMM-1,7,10.73452380952381,0.7850592507644785,21.46904761904762,1.570118501528957,0.8065467508167823,0.0666746963294996
285,9,LMM-2,7,8.770238095238096,0.7380510739475297,17.54047619047619,1.4761021478950593,0.8296616555601724,0.05956667188258
285,10,LMM-1,7,10.718877551020409,0.8719786627981293,21.437755102040818,1.7439573255962586,0.8055808358536692,0.06454256524231532
285,10,LMM-2,7,8.960034013605442,0.6905400677533814,17.920068027210885,1.3810801355067628,0.8263416178859758,0.059349596946603994
286,4,LMM-1,7,13.735034013605443,0.2799726787011603,27.470068027210885,0.5599453574023207,0.7394435610287865,0.0932320281128471
286,4,LMM-2,7,8.24421768707483,0.18327747688225238,16.48843537414966,0.36655495376450475,0.8373174767573331,0.06585056062916227
286,5,LMM-1,7,13.735034013605443,0.2799726787011603,27.470068027210885,0.5599453574023207,0.7340613694564183,0.08773558679363819
286,5,LMM-2,7,8.24421768707483,0.18327747688225238,16.48843537414966,0.36655495376450475,0.8314726651591953,0.05997562127745164
286,6,LMM-1,7,12.735034013605443,0.2799726787011603,25.470068027210885,0.5599453574023207,0.7743322234674984,0.07527902267977869
286,6,LMM-2,7,8.606632653061224,0.4266462130015175,17.213265306122448,0.853292426003035,0.8308261056852823,0.05748274444115234
286,7,LMM-1,7,12.735034013605443,0.2799726787011603,25.470068027210885,0.5599453574023207,0.7798991576891199,0.08091794020173576
286,7,LMM-2,7,7.868537414965986,0.5897687009702838,15.737074829931972,1.1795374019405676,0.8455489711132216,0.07103822956591344
286,8,LMM-1,7,12.420238095238094,0.48619548992331135,24.84047619047619,0.9723909798466227,0.7968614849981691,0.06940140652967633
286,8,LMM-2,7,6.962755102040816,0.21045779220319238,13.925510204081633,0.42091558440638477,0.8779852928175692,0.048765095808842196
286,9,LMM-1,7,12.420238095238094,0.48619548992331135,24.84047619047619,0.9723909798466227,0.7968614849981691,0.06940140652967633
286,9,LMM-2,7,6.962755102040816,0.21045779220319238,13.925510204081633,0.42091558440638477,0.8779852928175692,0.048765095808842196
286,10,LMM-1,7,11.420238095238094,0.48619548992331135,22.84047619047619,0.9723909798466227,0.8148095401760372,0.06344865503920659
286,10,LMM-2,7,6.420238095238096,0.4861954899233113,12.840476190476192,0.9723909798466226,0.8919801470083656,0.03634914783950831
287,4,LMM-1,7,12.071428571428571,0.2832232679373888,24.142857142857142,0.5664465358747776,0.7663074499914851,0.0882442221789124
287,4,LMM-2,7,10.107142857142858,0.2547730304646752,20.214285714285715,0.5095460609293504,0.7920066702029053,0.08056300269366505
287,5,LMM-1,7,10.789455782312926,0.5526563018022137,21.57891156462585,1.1053126036044274,0.7900370120756254,0.07174169963117727
287,5,LMM-2,7,7.197789115646259,0.19032990616944642,14.395578231292518,0.38065981233889284,0.8584636461962258,0.057079425365960085
287,6,LMM-1,7,10.952891156462584,0.473287861538493,21.90578231292517,0.946575723076986,0.7856438871293105,0.07500663878685666
287,6,LMM-2,7,7.14421768707483,0.24747463457254423,14.28843537414966,0.49494926914508847,0.8610190429375866,0.05382122649497975
287,7,LMM-1,7,10.691666666666666,0.6690285542106603,21.383333333333333,1.3380571084213206,0.8233716170842652,0.06296673826943852
287,7,LMM-2,7,8.391666666666667,0.6624719221363632,16.783333333333335,1.3249438442727264,0.8509917495677042,0.05598581214563943
287,8,LMM-1,7,10.479081632653061,0.9444255013031388,20.958163265306123,1.8888510026062777,0.8322614457900597,0.05349249089985606
287,8,LMM-2,7,8.2343537414966,0.7574613811908548,16.4687074829932,1.5149227623817096,0.8535520846742922,0.05253655199919872
287,9,LMM-1,7,10.479081632653061,0.9444255013031388,20.958163265306123,1.8888510026062777,0.8333147754531964,0.052143430396516484
287,9,LMM-2,7,8.216496598639456,0.7758143648069712,16.43299319727891,1.5516287296139424,0.8534782068367067,0.052641221790255675
287,10,LMM-1,7,9.597278911564626,0.8007431240105608,19.19455782312925,1.6014862480211216,0.8353767339179344,0.0525897944718627
287,10,LMM-2,7,6.963775510204082,0.35653795549966244,13.927551020408163,0.7130759109993249,0.8720845625463249,0.04833022993378706
288,4,LMM-1,7,12.272278911564626,0.6403404739139001,24.544557823129253,1.2806809478278003,0.7431329405505033,0.08817103068973976
288,4,LMM-2,7,9.634353741496598,0.5502272363026512,19.268707482993197,1.1004544726053025,0.7758163776195129,0.10256215923000066
288,5,LMM-1,7,11.579251700680272,1.0409627081270643,23.158503401360544,2.0819254162541285,0.771254923822322,0.07524499890802482
288,5,LMM-2,7,8.695238095238095,0.5346497359356445,17.39047619047619,1.069299471871289,0.8269105557320993,0.06392482002235549
288,6,LMM-1,7,10.773639455782313,0.9552084788163702,21.547278911564625,1.9104169576327403,0.7933467733372555,0.06943855276193728
288,6,LMM-2,7,8.575680272108844,0.4489973069067503,17.151360544217688,0.8979946138135007,0.8270203929902358,0.06823171589636395
288,7,LMM-1,7,10.517857142857142,0.9748466359991305,21.035714285714285,1.949693271998261,0.7955432788758409,0.07202276904465191
288,7,LMM-2,7,9.0843537414966,0.46803190750688883,18.1687074829932,0.9360638150137777,0.8179637693476298,0.0688057487602141
288,8,LMM-1,7,9.272278911564626,0.6403404739139001,18.544557823129253,1.2806809478278003,0.8256407988912942,0.062066986723645926
288,8,LMM-2,7,8.695408163265306,0.4028267207254823,17.39081632653061,0.8056534414509646,0.8201101541974716,0.07101288235117861
288,9,LMM-1,7,8.579251700680272,1.0409627081270643,17.158503401360544,2.0819254162541285,0.8550543031830674,0.04618263257325857
288,9,LMM-2,7,7.858333333333333,0.8260274986775129,15.716666666666667,1.6520549973550258,0.8547676972449546,0.04678692918944014
288,10,LMM-1,7,8.452891156462586,1.0898517835392856,16.905782312925172,2.179703567078571,0.8561474240022334,0.045627003391498215
288,10,LMM-2,7,7.858333333333333,0.8260274986775129,15.716666666666667,1.6520549973550258,0.8547676972449546,0.04678692918944014
289,4,LMM-1,7,11.807312925170068,0.6699181002199898,23.614625850340136,1.3398362004399795,0.7881126677302367,0.07595589153315445
289,4,LMM-2,7,10.843027210884355,0.6243793252963774,21.68605442176871,1.2487586505927548,0.7819190799852006,0.07892089282934353
289,5,LMM-1,7,10.716666666666667,0.7286103319834382,21.433333333333334,1.4572206639668763,0.7973237328862729,0.0693822035466895
289,5,LMM-2,7,8.11360544217687,0.6023852736874313,16.22721088435374,1.2047705473748627,0.8375471065685469,0.05905678619319214
289,6,LMM-1,7,11.424489795918367,0.7752725199673831,22.848979591836734,1.5505450399347662,0.7983300368021791,0.07477107558385583
289,6,LMM-2,7,8.724829931972788,0.7004231415129867,17.449659863945577,1.4008462830259734,0.8474074176210123,0.058710797679827516
289,7,LMM-1,7,10.601020408163265,0.7990963647967528,21.20204081632653,1.5981927295935057,0.8189027416477167,0.061989493596933454
289,7,LMM-2,7,7.5180272108843536,0.37331601623826466,15.036054421768707,0.7466320324765293,0.864987194852275,0.0516723908102528
289,8,LMM-1,7,10.601020408163265,0.7990963647967528,21.20204081632653,1.5981927295935057,0.8189027416477167,0.061989493596933454
289,8,LMM-2,7,7.5180272108843536,0.37331601623826466,15.036054421768707,0.7466320324765293,0.864987194852275,0.0516723908102528
289,9,LMM-1,7,10.562755102040816,0.8437552179314631,21.125510204081632,1.6875104358629263,0.8178651410089486,0.06247261116693893
289,9,LMM-2,7,7.6443877551020405,0.3381902677874628,15.288775510204081,0.6763805355749256,0.8586196795119362,0.05581123359552744
289,10,LMM-1,7,10.4328231292517,0.8485891836840463,20.8656462585034,1.6971783673680927,0.8342969520135426,0.06006553877131223
289,10,LMM-2,7,9.246598639455783,1.01060769783466,18.493197278911566,2.02121539566932,0.8401276196357678,0.05438752377276576
290,4,LMM-1,7,13.37534013605442,0.5220892881179021,26.75068027210884,1.0441785762358042,0.7285570647104185,0.09256344207357894
290,4,LMM-2,7,10.847448979591835,0.3804378054055061,21.69489795918367,0.7608756108110122,0.7550446065363893,0.08761521321713349
290,5,LMM-1,7,12.687244897959184,0.6066440241978489,25.374489795918368,1.2132880483956978,0.7437567646227643,0.0871675889287182
290,5,LMM-2,7,10.549149659863945,0.43628485479615675,21.09829931972789,0.8725697095923135,0.7693878638843481,0.08349148943815583
290,6,LMM-1,7,12.596598639455781,0.6651182907508849,25.193197278911562,1.3302365815017698,0.7457043419564762,0.08581191263247005
290,6,LMM-2,7,10.458503401360545,0.47775060271171915,20.91700680272109,0.9555012054234383,0.771414978374367,0.08204935325295962
290,7,LMM-1,7,12.429761904761905,0.7617057031631654,24.85952380952381,1.5234114063263309,0.7498757641369362,0.08133754478774227
290,7,LMM-2,7,8.282482993197279,0.7730647159348109,16.564965986394558,1.5461294318696217,0.8264511686877997,0.062192419908546126
290,8,LMM-1,7,11.633673469387755,0.4214495720418525,23.26734693877551,0.842899144083705,0.7685294209988924,0.07974229407224498
290,8,LMM-2,7,8.671938775510204,0.3916606481470348,17.34387755102041,0.7833212962940695,0.8270288839318231,0.06152401158593115
290,9,LMM-1,7,10.993877551020407,0.4858524165712664,21.987755102040815,0.9717048331425328,0.7873711205663075,0.07378637695258779
290,9,LMM-2,7,7.339625850340136,0.40519520339334963,14.679251700680272,0.8103904067866993,0.8548461587736979,0.057403093155741734
290,10,LMM-1,7,10.189115646258504,0.6413712446326397,20.378231292517007,1.2827424892652795,0.8075706795634627,0.06484596872535105
290,10,LMM-2,7,8.495408163265306,0.5152015452583273,16.990816326530613,1.0304030905166546,0.8266298930332238,0.06021367088100961
291,4,LMM-1,7,14.184183673469388,0.5341233801118427,28.368367346938776,1.0682467602236854,0.7018370638042227,0.09920789173520744
291,4,LMM-2,7,12.07312925170068,0.6161111861182598,24.14625850340136,1.2322223722365195,0.7293234377429075,0.08970194048632979
291,5,LMM-1,7,12.59778911564626,0.4190149707884297,25.19557823129252,0.8380299415768594,0.7383081979816151,0.09217347118068363
291,5,LMM-2,7,9.910374149659862,0.30645833802277406,19.820748299319725,0.6129166760455481,0.7872960968816685,0.0797468459338992
291,6,LMM-1,7,12.298979591836735,0.41737424301792553,24.59795918367347,0.8347484860358511,0.7506298900940063,0.0859964945170364
291,6,LMM-2,7,10.236904761904762,0.47709140963962815,20.473809523809525,0.9541828192792563,0.7782108690784305,0.07530798934982014
291,7,LMM-1,7,11.145918367346939,0.5805601361869173,22.291836734693877,1.1611202723738345,0.7848133084201436,0.07265390583491442
291,7,LMM-2,7,9.21734693877551,0.48956509111139784,18.43469387755102,0.9791301822227957,0.8095082361333136,0.06617076696631884
291,8,LMM-1,7,10.376360544217688,0.4060166768219741,20.752721088435376,0.8120333536439482,0.8002704663610016,0.07060971320623194
291,8,LMM-2,7,5.070578231292517,0.41425967267325264,10.141156462585034,0.8285193453465053,0.9038142156727041,0.051458054555279256
291,9,LMM-1,7,10.298979591836735,0.41737424301792553,20.59795918367347,0.8347484860358511,0.8078598706348317,0.06835150967514955
291,9,LMM-2,7,8.163775510204081,0.5540453523741441,16.327551020408162,1.1080907047482882,0.8372944489953016,0.05416565216587777
291,10,LMM-1,7,10.298979591836735,0.41737424301792553,20.59795918367347,0.8347484860358511,0.8071009766372164,0.06810095845209357
291,10,LMM-2,7,4.999149659863946,0.29547576173295365,9.998299319727892,0.5909515234659073,0.9062075642750081,0.04697515524980298
292,4,LMM-1,7,10.727721088435374,0.4766684311768271,21.455442176870747,0.9533368623536542,0.7801905615862191,0.07663104453008629
292,4,LMM-2,7,7.900850340136054,0.35614754409367944,15.801700680272107,0.7122950881873589,0.8254555950057696,0.06627136238616632
292,5,LMM-1,7,10.00204081632653,0.4771680926891932,20.00408163265306,0.9543361853783864,0.800241317934663,0.07391514604840156
292,5,LMM-2,7,5.813605442176871,0.5884465808378014,11.627210884353742,1.1768931616756029,0.8844889769756074,0.04121592985167079
292,6,LMM-1,7,9.727721088435374,0.4766684311768271,19.455442176870747,0.9533368623536542,0.803708878950018,0.06850836258735046
292,6,LMM-2,7,5.367006802721089,0.17464123329948467,10.734013605442177,0.34928246659896933,0.8946559033995255,0.04536794231638576
292,7,LMM-1,7,9.401020408163264,0.5972779430671025,18.802040816326528,1.194555886134205,0.813360833771366,0.06488635433153782
292,7,LMM-2,7,8.039795918367346,0.7826643694470824,16.079591836734693,1.5653287388941648,0.8251880197898548,0.05948789867190289
292,8,LMM-1,7,9.401020408163264,0.5972779430671025,18.802040816326528,1.194555886134205,0.8133409335479929,0.06489180168369608
292,8,LMM-2,7,6.323469387755102,0.8195561115069373,12.646938775510204,1.6391122230138746,0.8757138122048966,0.043518948801433296
292,9,LMM-1,7,9.527380952380952,0.543663248611819,19.054761904761904,1.087326497223638,0.8242818485645266,0.06209097515220092
292,9,LMM-2,7,8.120238095238095,0.8966633158777135,16.24047619047619,1.793326631755427,0.8370759843049801,0.050631329524412176
292,10,LMM-1,7,9.24030612244898,0.41156371226075017,18.48061224489796,0.8231274245215003,0.8335373713361093,0.06003938360380914
292,10,LMM-2,7,6.169387755102041,0.38815977213008407,12.338775510204082,0.7763195442601681,0.8803144231957089,0.05603650985383357
293,4,LMM-1,7,17.05578231292517,0.19811166019244408,34.11156462585034,0.39622332038488817,0.6439715741111599,0.11508509964378294
293,4,LMM-2,7,10.621598639455783,0.32862098399557127,21.243197278911566,0.6572419679911425,0.750070346148272,0.09378175774683595
293,5,LMM-1,7,17.05578231292517,0.19811166019244408,34.11156462585034,0.39622332038488817,0.6439715741111599,0.11508509964378294
293,5,LMM-2,7,10.621598639455783,0.32862098399557127,21.243197278911566,0.6572419679911425,0.750070346148272,0.09378175774683595
293,6,LMM-1,7,17.05578231292517,0.19811166019244408,34.11156462585034,0.39622332038488817,0.6439715741111599,0.11508509964378294
293,6,LMM-2,7,10.621598639455783,0.32862098399557127,21.243197278911566,0.6572419679911425,0.750070346148272,0.09378175774683595
293,7,LMM-1,7,17.05578231292517,0.19811166019244408,34.11156462585034,0.39622332038488817,0.6439715741111599,0.11508509964378294
293,7,LMM-2,7,10.621598639455783,0.32862098399557127,21.243197278911566,0.6572419679911425,0.750070346148272,0.09378175774683595
293,8,LMM-1,7,17.05578231292517,0.19811166019244408,34.11156462585034,0.39622332038488817,0.6439715741111599,0.11508509964378294
293,8,LMM-2,7,10.621598639455783,0.32862098399557127,21.243197278911566,0.6572419679911425,0.750070346148272,0.09378175774683595
293,9,LMM-1,7,13.002551020408163,0.3834138317955457,26.005102040816325,0.7668276635910914,0.7277425179287247,0.09970858658424422
293,9,LMM-2,7,7.493197278911564,0.4740964648714538,14.986394557823129,0.9481929297429076,0.8451925807185819,0.05822690739292536
293,10,LMM-1,7,12.86734693877551,0.5864807692675232,25.73469387755102,1.1729615385350465,0.7397142756539913,0.09483109673902997
293,10,LMM-2,7,8.5406462585034,0.5179247467685681,17.0812925170068,1.0358494935371363,0.8208534783789663,0.06319888240471165
294,4,LMM-1,7,13.225850340136054,0.49411081240210375,26.451700680272108,0.9882216248042075,0.7417122986753387,0.0886680647009136
294,4,LMM-2,7,10.225850340136054,0.49411081240210375,20.451700680272108,0.9882216248042075,0.7878465181349705,0.07434402599498768
294,5,LMM-1,7,13.225850340136054,0.49411081240210375,26.451700680272108,0.9882216248042075,0.7417122986753387,0.0886680647009136
294,5,LMM-2,7,10.225850340136054,0.49411081240210375,20.451700680272108,0.9882216248042075,0.7878465181349705,0.07434402599498768
294,6,LMM-1,7,11.340646258503401,0.36998040366700263,22.681292517006803,0.7399608073340053,0.7848605039923369,0.07791982483515965
294,6,LMM-2,7,10.340646258503401,0.36998040366700263,20.681292517006803,0.7399608073340053,0.7848605039923369,0.07791982483515965
294,7,LMM-1,7,11.292687074829932,0.4497328637729981,22.585374149659863,0.8994657275459962,0.7832383005622189,0.07678922985258572
294,7,LMM-2,7,10.292687074829932,0.4497328637729981,20.585374149659863,0.8994657275459962,0.7832383005622189,0.07678922985258572
294,8,LMM-1,7,11.292687074829932,0.4497328637729981,22.585374149659863,0.8994657275459962,0.7823691117883184,0.0769594801233333
294,8,LMM-2,7,10.466666666666667,0.46110633005744744,20.933333333333334,0.9222126601148949,0.7824685409500177,0.07693993686151945
294,9,LMM-1,7,10.860884353741497,0.6614737709328299,21.721768707482994,1.3229475418656598,0.7973680836151109,0.0678721770787797
294,9,LMM-2,7,9.822108843537416,1.016734543676954,19.644217687074832,2.033469087353908,0.8025308832113929,0.05950359075840695
294,10,LMM-1,7,9.937925170068027,0.1790203298373441,19.875850340136054,0.3580406596746882,0.8164401669954325,0.07110789622216501
294,10,LMM-2,7,7.458843537414966,0.7172666983052786,14.917687074829932,1.4345333966105571,0.8529065959046382,0.06246153840621857
295,4,LMM-1,7,14.930272108843537,0.5626605004948895,29.860544217687075,1.125321000989779,0.7039631366508722,0.09432183346214329
295,4,LMM-2,7,9.07874149659864,0.17164860757217365,18.15748299319728,0.3432972151443473,0.8005907251268111,0.07546874759779057
295,5,LMM-1,7,14.930272108843537,0.5626605004948895,29.860544217687075,1.125321000989779,0.7039631366508722,0.09432183346214329
295,5,LMM-2,7,9.07874149659864,0.17164860757217365,18.15748299319728,0.3432972151443473,0.8005907251268111,0.07546874759779057
295,6,LMM-1,7,14.930272108843537,0.5626605004948895,29.860544217687075,1.125321000989779,0.7039631366508722,0.09432183346214329
295,6,LMM-2,7,9.07874149659864,0.17164860757217365,18.15748299319728,0.3432972151443473,0.8005907251268111,0.07546874759779057
295,7,LMM-1,7,14.930272108843537,0.5626605004948895,29.860544217687075,1.125321000989779,0.7039631366508722,0.09432183346214329
295,7,LMM-2,7,9.07874149659864,0.17164860757217365,18.15748299319728,0.3432972151443473,0.8005907251268111,0.07546874759779057
295,8,LMM-1,7,13.106802721088437,0.6299541951091226,26.213605442176874,1.2599083902182453,0.7363981522335085,0.08678733390956786
295,8,LMM-2,7,10.19404761904762,0.21897643770987985,20.38809523809524,0.4379528754197597,0.7740357361042769,0.07897798395946916
295,9,LMM-1,7,10.527040816326531,0.7505625560773763,21.054081632653062,1.5011251121547526,0.7918277003091612,0.07037722515208632
295,9,LMM-2,7,9.603571428571428,0.6553179457159132,19.207142857142856,1.3106358914318263,0.7881364613717782,0.07029656865247623
295,10,LMM-1,7,9.691666666666666,0.6690285542106603,19.383333333333333,1.3380571084213206,0.8156840374416117,0.0640902844568077
295,10,LMM-2,7,8.432993197278913,0.7118694148295218,16.865986394557826,1.4237388296590436,0.8215746769569784,0.05699736410715604
296,4,LMM-1,7,13.225850340136054,0.49411081240210375,26.451700680272108,0.9882216248042075,0.718650554586756,0.09363314379645936
296,4,LMM-2,7,9.765986394557824,0.37909136051095876,19.53197278911565,0.7581827210219175,0.7831636943074934,0.0780182232504373
296,5,LMM-1,7,12.163775510204081,0.554045352374144,24.327551020408162,1.108090704748288,0.771689798279777,0.07721514724263012
296,5,LMM-2,7,11.163775510204081,0.554045352374144,22.327551020408162,1.108090704748288,0.771689798279777,0.07721514724263012
296,6,LMM-1,7,12.163775510204081,0.554045352374144,24.327551020408162,1.108090704748288,0.771689798279777,0.07721514724263012
296,6,LMM-2,7,11.163775510204081,0.554045352374144,22.327551020408162,1.108090704748288,0.771689798279777,0.07721514724263012
296,7,LMM-1,7,12.163775510204081,0.554045352374144,24.327551020408162,1.108090704748288,0.771689798279777,0.07721514724263012
296,7,LMM-2,7,11.163775510204081,0.554045352374144,22.327551020408162,1.108090704748288,0.771689798279777,0.07721514724263012
296,8,LMM-1,7,12.163775510204081,0.554045352374144,24.327551020408162,1.108090704748288,0.7857427229265027,0.07271984468498624
296,8,LMM-2,7,6.746428571428572,0.351410342797339,13.492857142857144,0.702820685594678,0.8694758834406695,0.05831484097978074
296,9,LMM-1,7,12.163775510204081,0.554045352374144,24.327551020408162,1.108090704748288,0.7857427229265027,0.07271984468498624
296,9,LMM-2,7,6.746428571428572,0.351410342797339,13.492857142857144,0.702820685594678,0.8694758834406695,0.05831484097978074
296,10,LMM-1,7,12.163775510204081,0.554045352374144,24.327551020408162,1.108090704748288,0.7857427229265027,0.07271984468498624
296,10,LMM-2,7,6.746428571428572,0.351410342797339,13.492857142857144,0.702820685594678,0.8694758834406695,0.05831484097978074
297,4,LMM-1,7,12.630272108843538,0.420303302423433,25.260544217687077,0.840606604846866,0.7497339444506296,0.08879955478733594
297,4,LMM-2,7,7.2122448979591836,0.2091811846541839,14.424489795918367,0.4183623693083678,0.8582339972729283,0.05634044341349281
297,5,LMM-1,7,11.14455782312925,0.6864304582616797,22.2891156462585,1.3728609165233594,0.7840416446613468,0.07276360957550897
297,5,LMM-2,7,6.780102040816327,0.36151334582372346,13.560204081632653,0.7230266916474469,0.8703316782167876,0.04894046872358407
297,6,LMM-1,7,10.558503401360543,0.4368417017696646,21.117006802721086,0.8736834035393292,0.7908679362972385,0.07176822644380347
297,6,LMM-2,7,7.002891156462586,0.5992902403426317,14.005782312925172,1.1985804806852633,0.8601728558560146,0.04418532611684609
297,7,LMM-1,7,10.228401360544217,0.30596622998078954,20.456802721088433,0.6119324599615791,0.8009309342400673,0.0698001196774322
297,7,LMM-2,7,6.964625850340136,0.639295283085545,13.929251700680272,1.27859056617109,0.8614144001335673,0.04266748241832742
297,8,LMM-1,7,10.372619047619049,0.3636977826403478,20.745238095238097,0.7273955652806956,0.8002131129946112,0.07087503578299605
297,8,LMM-2,7,7.388265306122449,0.5335870192679802,14.776530612244898,1.0671740385359605,0.8525952202575952,0.049915045935588924
297,9,LMM-1,7,9.954081632653061,0.39578012641372734,19.908163265306122,0.7915602528274547,0.8155213263914713,0.0636815751378535
297,9,LMM-2,7,6.621768707482993,0.4532795024837637,13.243537414965987,0.9065590049675274,0.8763678926202981,0.04597232039163767
297,10,LMM-1,7,8.018707482993197,0.333931505489744,16.037414965986393,0.667863010979488,0.8584989280717555,0.04921706898265188
297,10,LMM-2,7,6.50952380952381,0.3771085843013143,13.01904761904762,0.7542171686026286,0.874249818544416,0.04454812204987314
298,4,LMM-1,7,12.316496598639457,0.43786245505623506,24.632993197278914,0.8757249101124701,0.7237219904936966,0.08971006479790417
298,4,LMM-2,7,8.962244897959184,0.4466345167987964,17.92448979591837,0.8932690335975928,0.7754352266981661,0.08888115617220513
298,5,LMM-1,7,16.29013605442177,1.3920225004205498,32.58027210884354,2.7840450008410995,0.6559148228474626,0.08505676941090054
298,5,LMM-2,7,12.596938775510205,1.1619094417532287,25.19387755102041,2.3238188835064575,0.7119777289622601,0.07246481741532664
298,6,LMM-1,7,13.0156462585034,0.9612064356956669,26.0312925170068,1.9224128713913338,0.7184934004483201,0.07482708538902631
298,6,LMM-2,7,9.322448979591837,0.7722709530440364,18.644897959183673,1.5445419060880727,0.7819551144733065,0.05969639070227622
298,7,LMM-1,7,9.54982993197279,0.5158377738329687,19.09965986394558,1.0316755476659374,0.8068154497694356,0.0709987391251528
298,7,LMM-2,7,8.368027210884353,0.2444851963725298,16.736054421768706,0.4889703927450596,0.8248959964343777,0.06822116683676495
298,8,LMM-1,7,9.1578231292517,0.5918607783058855,18.3156462585034,1.183721556611771,0.8216305665836096,0.05924476615856879
298,8,LMM-2,7,7.978741496598639,0.2553655102029128,15.957482993197278,0.5107310204058256,0.8313547110246785,0.06424074997727988
298,9,LMM-1,7,8.344897959183672,0.6588898062344594,16.689795918367345,1.3177796124689187,0.8512066133228967,0.05156564312146207
298,9,LMM-2,7,7.468537414965986,0.29376267359771574,14.937074829931973,0.5875253471954315,0.8492764709304311,0.05571879526796814
298,10,LMM-1,7,8.318537414965986,0.7313699136388843,16.637074829931972,1.4627398272777685,0.8498453258702681,0.051554251924525944
298,10,LMM-2,7,8.193197278911565,0.18679447143022646,16.38639455782313,0.3735889428604529,0.8339664050057088,0.06142510186812265
299,4,LMM-1,7,10.49030612244898,0.5369533775037283,20.98061224489796,1.0739067550074566,0.788415580906387,0.07983632524382304
299,4,LMM-2,7,8.540136054421769,0.5480070033226624,17.080272108843538,1.0960140066453248,0.8221766090332012,0.06675244251214013
299,5,LMM-1,7,10.832482993197278,0.5277222119902716,21.664965986394556,1.0554444239805432,0.7821868971049898,0.09371473067729162
299,5,LMM-2,7,10.097108843537415,0.4996078220398461,20.19421768707483,0.9992156440796922,0.7816548531399992,0.09368603146703716
299,6,LMM-1,7,10.448809523809524,0.5775637903927056,20.89761904761905,1.1551275807854111,0.7865375524797589,0.09271626889224538
299,6,LMM-2,7,10.001870748299321,0.5679143131929646,20.003741496598643,1.1358286263859292,0.7827261304746648,0.0947307453209512
299,7,LMM-1,7,9.517687074829933,0.658156146140899,19.035374149659866,1.316312292281798,0.8137095640965093,0.062210367735395
299,7,LMM-2,7,9.552551020408163,0.26776863887162644,19.105102040816327,0.5355372777432529,0.8016485427336466,0.07248303100920397
299,8,LMM-1,7,9.409183673469387,0.6689131592819492,18.818367346938775,1.3378263185638983,0.8213264369942868,0.06066344432622697
299,8,LMM-2,7,9.514285714285714,0.31376219023034074,19.02857142857143,0.6275243804606815,0.8023632702548414,0.07162516914229894
299,9,LMM-1,7,9.380612244897959,0.672954348515068,18.761224489795918,1.345908697030136,0.8250967151374144,0.059919133114139475
299,9,LMM-2,7,9.258163265306122,0.3864230012526168,18.516326530612243,0.7728460025052336,0.8068705117116673,0.06829784873644076
299,10,LMM-1,7,8.306972789115646,0.6668174114590187,16.61394557823129,1.3336348229180375,0.8444261212657768,0.054358625719238364
299,10,LMM-2,7,8.89608843537415,0.5234208183167168,17.7921768707483,1.0468416366334337,0.8133550483779827,0.06669266066803203
300,4,LMM-1,7,10.34778911564626,0.3676715780179962,20.69557823129252,0.7353431560359924,0.7852441751282606,0.0789062680468975
300,4,LMM-2,7,8.7093537414966,0.19639035762222642,17.4187074829932,0.39278071524445285,0.8018015191485717,0.0785693190030196
300,5,LMM-1,7,10.34778911564626,0.3676715780179962,20.69557823129252,0.7353431560359924,0.7852441751282606,0.0789062680468975
300,5,LMM-2,7,8.7093537414966,0.19639035762222642,17.4187074829932,0.39278071524445285,0.8018015191485717,0.0785693190030196
300,6,LMM-1,7,9.683503401360543,0.5687936802007465,19.367006802721086,1.137587360401493,0.803946951147083,0.06545337760805994
300,6,LMM-2,7,7.3372448979591836,0.17286425732360008,14.674489795918367,0.34572851464720017,0.84144486265362,0.06091439938349313
300,7,LMM-1,7,8.518027210884354,0.3733160162382647,17.036054421768707,0.7466320324765294,0.8327759881851468,0.059401801373848456
300,7,LMM-2,7,6.075170068027211,0.16667569044015157,12.150340136054423,0.33335138088030314,0.8723347077947184,0.04947962683282559
300,8,LMM-1,7,8.225850340136054,0.49411081240210364,16.451700680272108,0.9882216248042073,0.8486893623256503,0.05172472830135634
300,8,LMM-2,7,7.320238095238095,0.3840019309758706,14.64047619047619,0.7680038619517412,0.8459194860539823,0.05298842395569564
300,9,LMM-1,7,8.225850340136054,0.49411081240210364,16.451700680272108,0.9882216248042073,0.8486696342449939,0.05174844064129621
300,9,LMM-2,7,7.320238095238095,0.3840019309758706,14.64047619047619,0.7680038619517412,0.8459194860539823,0.05298842395569564
300,10,LMM-1,7,7.826360544217687,0.4636531660744348,15.652721088435374,0.9273063321488696,0.8553610344326127,0.052185588741790724
300,10,LMM-2,7,7.2284013605442174,0.25851425415814755,14.456802721088435,0.5170285083162951,0.8501550283325467,0.05298452021677636
