iteration,num_publishers,lmm,samples,avg_hops,avg_hops_std,avg_delay,avg_delay_std,avg_success_rate,avg_success_rate_std
1,4,LMM-1,4,12.837832402771927,0.2664765702956993,30.103448093333068,0.8036836315804651,0.6788097147543222,0.15731701858513888
1,4,LMM-2,4,12.927083333333334,0.4167239543950727,28.489578305016593,0.9493365294229883,0.6002380462130557,0.1297444167209581
1,6,LMM-1,4,10.541082149101342,0.3663346591344906,22.945917082256216,0.6553085130657933,0.6567639263427008,0.10912345012713875
1,6,LMM-2,4,9.984375,0.516703417711747,21.243829597254518,1.0087354073291794,0.7065368670563575,0.09860135733459938
1,8,LMM-1,4,10.452049157481497,0.3515010136198403,22.812608888301884,0.5601655661067032,0.8378978149679336,0.05196105921551076
1,8,LMM-2,4,9.645833333333332,0.3398069304767044,20.014587366282644,0.4901867385088051,0.7375116972424578,0.11137506335317889
1,10,LMM-1,4,9.91672438945615,0.2666542604619016,20.420258740920975,0.6092196322155595,0.9263154332157313,0.04587082059023081
1,10,LMM-2,4,8.851041666666667,0.6108848815789,17.705906933729292,1.4219264929879343,0.8148483247420408,0.06374756309016517
2,4,LMM-1,4,19.797001471971978,1.44127024719386,40.58781993578506,2.6537874371728236,0.4898524316738342,0.1419762599565124
2,4,LMM-2,4,18.85625,1.9173855083159468,38.578316451125616,3.776525102770745,0.5172582800643677,0.12523233752643576
2,6,LMM-1,4,19.797001471971978,1.44127024719386,40.58781993578506,2.6537874371728236,0.4898524316738342,0.1419762599565124
2,6,LMM-2,4,18.85625,1.9173855083159468,38.578316451125616,3.776525102770745,0.5172582800643677,0.12523233752643576
2,8,LMM-1,4,15.164718800545135,0.3399538923756896,30.975834274686214,0.6177943120431849,0.5789455200179094,0.14267324439861834
2,8,LMM-2,4,14.457291666666666,0.43235441311690886,29.295150116971968,0.6376121482833909,0.6246205983517206,0.13368471426151476
2,10,LMM-1,4,14.957817092906138,0.5914918034879773,30.55423047161301,0.9498848333711677,0.5927984262371224,0.12873100667911636
2,10,LMM-2,4,14.282291666666666,0.6722963794897311,28.87750423696281,1.1985542014778643,0.632567441310806,0.12398975151472692
3,4,LMM-1,4,14.458333333333334,0.360843918243516,31.949544817739625,0.6888031404042616,0.5399698973444702,0.15206583539979793
3,4,LMM-2,4,12.794791666666667,0.7430428185564634,27.613953052224964,1.6455051583213507,0.6416412776628402,0.10681651926626101
3,6,LMM-1,4,11.738445202627169,0.566937845725805,25.72133024084568,1.1759721882187664,0.8897853297688249,0.09677737326640674
3,6,LMM-2,4,10.961458333333333,0.1593545738544503,22.335160008481083,0.293532823997305,0.713851787677879,0.10036962701252759
3,8,LMM-1,4,11.139624712987546,0.2420658026048295,24.222826501877584,0.48360683788604847,0.9271783708924832,0.08602096256627197
3,8,LMM-2,4,10.517708333333333,0.19817691223163872,21.097503199322034,0.6416574397950933,0.7109410317970386,0.11241116550331491
3,10,LMM-1,4,9.738761104105194,0.21360478368923128,20.5098759909593,0.39942743486267607,0.9392621835683159,0.047790407514638415
3,10,LMM-2,4,9.2625,0.2161452058223822,18.150032684338083,0.36118317771149855,0.7864848258288508,0.07589372149210939
4,4,LMM-1,4,11.077982603859109,0.49569453788068085,23.84652400947016,1.0988448552771386,0.7988889201144009,0.10857572110144689
4,4,LMM-2,4,10.146875,0.6261473843074011,20.5517860436288,1.0949797605644591,0.7187337529289725,0.09005560518024525
4,6,LMM-1,4,11.019654224512315,0.31527027540189123,23.4618458930252,0.43658741299532394,0.841999947116506,0.06780609957501818
4,6,LMM-2,4,10.752083333333333,0.4960389979628619,21.541386544320304,0.8730999537133873,0.7125577995793478,0.10321564909653183
4,8,LMM-1,4,10.795843074464862,0.5033437099517246,22.54251270806847,0.82766926617942,0.8584391499443432,0.05247863943696966
4,8,LMM-2,4,10.059375,0.4876101638347991,19.856550329594242,0.7886786241086886,0.7502899256973902,0.09048082124335935
4,10,LMM-1,4,10.226276964675638,0.3025730295481187,20.814431740903483,0.37614167600684395,0.9054111297546519,0.007593854527824786
4,10,LMM-2,4,9.786458333333334,0.16872106233366302,18.80132959098936,0.3543882887073718,0.7998981242191754,0.08375099811609234
5,4,LMM-1,4,17.3125,1.0514127400787951,36.23541750721559,2.4141207502856936,0.518433328333081,0.14070313941119753
5,4,LMM-2,4,15.592708333333334,0.924523032996834,32.27874843264847,2.156443559441379,0.5836267732569084,0.12574019774727743
5,6,LMM-1,4,10.902436464915137,0.45655853828957943,22.737666025261454,0.9022360324826839,0.7923597837379518,0.08393227870219085
5,6,LMM-2,4,10.070833333333333,0.5752264047022416,20.060806663566762,1.1319238250787107,0.7586464051798008,0.09881226508491549
5,8,LMM-1,4,10.683312916915304,0.19982866521866044,22.345518517368014,0.07847739223234841,0.8373948381379436,0.006913477718798583
5,8,LMM-2,4,9.715625,0.42604421352131994,19.314173355477465,0.8431179840082255,0.7703539628275278,0.08224671870710926
5,10,LMM-1,4,9.740931001166603,0.36326994880782565,19.822287578114544,0.8079834664213639,0.8655590633898166,0.005464216674016792
5,10,LMM-2,4,9.613541666666666,0.3345209961646653,18.697044673792796,0.6280749083056274,0.7961130770260213,0.09222185861782807
6,4,LMM-1,4,12.142964441619618,0.6844508904035864,27.438570290276306,1.8965067614490763,0.6568945414992139,0.14682486893760693
6,4,LMM-2,4,11.296875,0.7474108956089681,24.638293595947538,1.5865573308201952,0.6774666806649259,0.1078743622156668
6,6,LMM-1,4,10.594789795808849,0.38770769897122087,23.589727237354552,0.9378419415802715,0.7979423467451728,0.07309309099574184
6,6,LMM-2,4,9.604166666666666,0.40019526483955314,20.303542471459295,0.9522975843320857,0.7303880703524439,0.09745777279098403
6,8,LMM-1,4,9.528029731420627,0.42487035188552796,20.23277345028841,0.8765760746990171,0.9339692432727371,0.05643972357359724
6,8,LMM-2,4,8.56875,0.550957972535111,17.168557972862637,1.0570526570529308,0.814797078225383,0.06736939905154814
6,10,LMM-1,4,9.37621986603229,0.37121285886779637,19.456990847219924,1.0273017521008774,0.9814154838190539,0.00922550516870652
6,10,LMM-2,4,9.221875,0.33684832918540647,18.014751196655435,0.705203451780101,0.7759469308333065,0.08541370155159302
7,4,LMM-1,4,11.653923963985509,0.21540975753645256,24.267449897169904,0.31735882739331656,0.6409435527009442,0.12601604139606096
7,4,LMM-2,4,11.226041666666667,0.18834013169883176,23.031213527849978,0.39815865251454796,0.7016768468570593,0.11810611608050188
7,6,LMM-1,4,11.324883354496723,0.4975861292147746,23.027173803084704,0.706716040082374,0.6649970020123949,0.11453513412254838
7,6,LMM-2,4,10.3875,0.5748641143783463,20.87234853429083,0.9644541208162156,0.7426644018682653,0.08870419525253247
7,8,LMM-1,4,11.007574799462871,0.7837346211302044,21.784915838274443,1.3577284862270251,0.7027934131701721,0.09472177527145577
7,8,LMM-2,4,9.2125,1.034483566810029,17.96089886429399,1.9856220084722493,0.7917986590469764,0.059360708011979756
7,10,LMM-1,4,9.983290416177963,0.8487533299187454,19.313153084602927,1.3665622012734917,0.7572774700093093,0.06393969191214528
7,10,LMM-2,4,7.979166666666667,0.5124999999999998,15.209128638022412,0.7829073259730335,0.8367247204928977,0.06187295294232158
8,4,LMM-1,4,11.077778253556549,0.6165238625940944,23.054922118731064,0.893314738096056,0.7319783631386118,0.07188246974176539
8,4,LMM-2,4,10.080208333333333,0.4196701643850803,20.475655498863258,0.6738413070602504,0.7456943951337739,0.10016946646831858
8,6,LMM-1,4,11.101571146248737,0.589472654232084,23.101617151827625,0.8378435285805341,0.7318748816442214,0.07202770514818367
8,6,LMM-2,4,9.835416666666667,0.5158048928616328,19.88510398432455,0.8903898244313775,0.7609039931278205,0.0910758141766512
8,8,LMM-1,4,9.575477535432864,0.2867174939538034,19.864404114798187,0.333835941989256,0.7715670698226252,0.06402051895443697
8,8,LMM-2,4,9.488541666666666,0.6972999451754361,19.076268778979504,1.2544823056259777,0.7606516903798956,0.07873617414423685
8,10,LMM-1,4,8.457063435289433,0.4672531467270791,17.3350250061971,0.817504897690241,0.8059439283814998,0.0512483791242818
8,10,LMM-2,4,8.077083333333333,0.8009840952436778,15.967978835571863,1.3970864210437608,0.8287512822550949,0.05805122981218647
9,4,LMM-1,4,12.265098848179212,0.8515177666594141,25.689589896038115,1.2096695667538915,0.6815091599859532,0.10245640597947744
9,4,LMM-2,4,11.3,0.865122823649914,22.824073540809522,1.4380528815302192,0.7255261024708831,0.09150148356661414
9,6,LMM-1,4,11.693631817124162,0.1961995507511185,23.871867584342592,0.06600261213483548,0.7023276754247191,0.10934601438029741
9,6,LMM-2,4,10.661458333333334,0.16000691716818577,21.30299022508092,0.48467153452863365,0.7394264834495548,0.11725297221724512
9,8,LMM-1,4,11.569201477781155,0.25478159863017474,23.257863550412576,0.2250415979125608,0.7093751226172835,0.10908186231548728
9,8,LMM-2,4,11.075,0.3716517186829624,21.937505483584438,0.6279888792855531,0.7200338782838289,0.10939818533318103
9,10,LMM-1,4,9.92873766066956,0.754660100872538,19.108195388150573,1.033259916902965,0.805525226039281,0.04075396909875564
9,10,LMM-2,4,8.184375,0.5744137636538664,15.236829138388652,0.9395108075080092,0.8420135837413605,0.05967398384103147
10,4,LMM-1,4,14.072916666666666,0.5546324796655892,29.59137849666056,1.0270015576968374,0.569111076841367,0.14488586019793273
10,4,LMM-2,4,12.727083333333333,0.3324663203493949,26.630950143660314,0.6018476835187805,0.6470248137946447,0.12412462534531118
10,6,LMM-1,4,12.75803568782948,0.4468286271219753,26.463970411033735,0.7187513755840735,0.6547909700778485,0.12375925666846119
10,6,LMM-2,4,11.805208333333333,0.6916376437183952,24.28151937144174,1.3245588182110781,0.6819782650481487,0.10627272767246228
10,8,LMM-1,4,12.466202661214655,0.3104903827546932,25.80576495389911,0.45703497405732335,0.6648058335010643,0.12396223113456153
10,8,LMM-2,4,11.75625,0.46582420235535243,24.013816314531358,0.9018194593878291,0.685703432501289,0.10968348281420169
10,10,LMM-1,4,12.277376768168734,0.42697326930940466,25.28895252748326,0.7084373465932292,0.6692968954125524,0.11987362557173585
10,10,LMM-2,4,11.75625,0.541518409197693,23.80832277150072,1.090460433504986,0.6865621661191195,0.10574967235716995
11,4,LMM-1,4,11.946676610191162,0.3477576973082854,25.586268671083,0.619957168246551,0.7703737312636174,0.09127819869130675
11,4,LMM-2,4,10.813541666666666,0.32600505651753314,21.941079243671403,0.5837669048231855,0.7269493887915357,0.10149737531426684
11,6,LMM-1,4,10.470245829530352,0.3823537271649037,22.3442333555267,0.6549876772733108,0.8033214234716555,0.06257446084888296
11,6,LMM-2,4,9.555208333333333,0.2613628643763304,19.084610596563504,0.40571588313118345,0.7640974837585929,0.09634240772421539
11,8,LMM-1,4,9.007492031068825,0.35418072562524333,18.130675361223716,0.6241600090864481,0.8336422267794519,0.06784647328239019
11,8,LMM-2,4,8.508333333333333,0.43180821360105415,16.657160098352634,0.6883232323234691,0.8035101857184128,0.07893401901974588
11,10,LMM-1,4,8.464638330587729,0.31099515707613745,17.12536900407632,0.6196447579111047,0.8520955489459354,0.06460162446865249
11,10,LMM-2,4,8.588541666666668,0.3567476421902933,16.685603503208082,0.5505994734586115,0.8060093882564495,0.07363773020098674
12,4,LMM-1,4,11.746151661267671,0.5793803086637593,24.75327712203816,0.8622183879516864,0.7531156903280135,0.07932495662424893
12,4,LMM-2,4,11.348958333333334,0.45283036397934623,23.159750713432835,0.7186732791287711,0.713477964705748,0.1026301170967989
12,6,LMM-1,4,10.70046551187556,0.31160135017470564,22.73777714089963,0.5763911128349515,0.7850022730842028,0.0789327884418831
12,6,LMM-2,4,10.105208333333334,0.219796603420071,20.55788077648404,0.38542282262743655,0.7450232955527704,0.09898152340662394
12,8,LMM-1,4,9.894298215509732,0.636589737766565,20.569159874000892,1.1564961748358205,0.848816376177322,0.050319496596411106
12,8,LMM-2,4,9.016666666666667,0.7103402940375365,17.718878468554337,1.1928786778828797,0.7808565183954455,0.07629387703460369
12,10,LMM-1,4,9.300427685576917,0.48092780966650045,19.275509763937478,1.035005997958576,0.856536968956336,0.04906649317853685
12,10,LMM-2,4,8.589583333333334,0.7814999600127953,17.099999866907364,1.5312558445521487,0.7923100701512181,0.05834098116335457
13,4,LMM-1,4,12.489669499973747,0.6625962753427265,28.710348397007277,1.9407502602893523,0.7787654827962311,0.15343086372815368
13,4,LMM-2,4,12.170833333333334,0.9751869478891381,25.992142092255442,1.9841372175759269,0.629059529413129,0.10960389909883769
13,6,LMM-1,4,12.11999116163456,0.30454648952481955,27.30956608002388,0.8544612351616198,0.8703365360326754,0.08834706135458723
13,6,LMM-2,4,11.625,0.3737479096931514,24.352142227286375,0.828745836117702,0.6569468071524336,0.12083650973656604
13,8,LMM-1,4,11.237755079563232,0.19214236373062865,24.894615505714274,0.5272247547399008,0.8933344638187886,0.06380429755555915
13,8,LMM-2,4,10.826041666666667,0.08692145041166015,22.279377597768075,0.1551529787957171,0.6988117984856612,0.11453626316093109
13,10,LMM-1,4,10.198264233942588,0.21945006228731753,21.882578736556333,0.621013814416512,0.9319188697056218,0.03288058181999623
13,10,LMM-2,4,9.95,0.2091650066335192,20.200823719441743,0.5962557377483814,0.742955225395054,0.08677758193237621
14,4,LMM-1,4,11.48163223607688,0.32240658525558513,24.997901883039773,0.420026767460819,0.6651088933031974,0.11980533410715027
14,4,LMM-2,4,11.011458333333334,0.3552846936495668,23.427770411505836,0.5485294518388588,0.6725687371314684,0.13013954992730706
14,6,LMM-1,4,11.368887830071525,0.7025397643695063,23.89646268520635,1.6323031171848423,0.63092580742284,0.13413010225875308
14,6,LMM-2,4,10.851041666666667,0.7154202763935336,22.364520396552123,1.7012588334704557,0.6855337725040453,0.12675379789027238
14,8,LMM-1,4,9.508328721554754,0.38787754933150154,20.086274930035465,0.4300747344832549,0.7950328350932326,0.03089548932184953
14,8,LMM-2,4,8.919791666666667,0.4665120186465362,17.93619060049292,0.9195882424294367,0.7849972405405805,0.0844409421909107
14,10,LMM-1,4,9.002183017593952,0.6174001588105241,18.602549469009727,0.98322708984238,0.7764163283565519,0.04643211762080598
14,10,LMM-2,4,8.238541666666666,0.35645553281580594,16.365671669009753,0.5562896827659524,0.8118197423149257,0.07445608438284884
15,4,LMM-1,4,16.0625,1.0364452469860626,35.93519638916025,2.5508627470134817,0.4961833928997704,0.14267651560293493
15,4,LMM-2,4,14.090625,0.8301625876146191,31.196121089040545,2.1242116563781877,0.5860332378522781,0.11601882449245805
15,6,LMM-1,4,10.517846922554138,0.21662317658078467,23.50110366345477,0.5827731722181436,0.8477074821691475,0.06136895368206934
15,6,LMM-2,4,10.086458333333333,0.11216675179541093,21.055554983890726,0.1608147153002708,0.7353229720342831,0.1001207406854389
15,8,LMM-1,4,9.757783268911346,0.16225216381398874,20.876170497699324,0.7870187462491869,0.9159549700485574,0.008985720851610108
15,8,LMM-2,4,9.057291666666666,0.0515703908103609,18.212577504960713,0.1250708906514493,0.804428456690434,0.08182763165682455
15,10,LMM-1,4,8.343595371825574,0.2160237059750712,17.47847466657901,0.6066641171548175,0.9387500122380499,0.006087781020967611
15,10,LMM-2,4,7.576041666666667,0.23849162502765853,15.003628781423485,0.43970221512255586,0.8465761070447572,0.07139040160313509
16,4,LMM-1,4,14.239583333333334,0.5451610045053967,31.529563096181754,1.4920110188258577,0.5348143401173564,0.14133363120530665
16,4,LMM-2,4,10.476041666666667,0.7530169355388584,22.867744589787865,1.868530514664036,0.6797994873869071,0.1054670666189041
16,6,LMM-1,4,12.239583333333334,0.5451610045053967,26.657332157269177,1.4915639561601142,0.5926112586286109,0.12681958601878343
16,6,LMM-2,4,11.036458333333334,0.8524951887694144,23.866949646152268,2.14451261244161,0.6787351444467841,0.09445208135052
16,8,LMM-1,4,9.751009020610496,0.5317594093882456,20.426783937248285,0.8877361324457098,0.7140425466361527,0.08618574262168595
16,8,LMM-2,4,9.03125,0.419588712312426,18.57513500357588,0.745310354300871,0.770847456108098,0.08227306139001819
16,10,LMM-1,4,9.18595859444628,0.6487418694723405,18.078072017569717,1.0949029389648655,0.7625995511165495,0.06786107276310287
16,10,LMM-2,4,7.914583333333334,0.47104991331421947,15.509090126541928,0.8831300454946364,0.8324292014462893,0.057921410953126536
17,4,LMM-1,4,14.604166666666666,0.587411340827987,31.294277739155177,1.197859480473068,0.5845596888140845,0.12173422385631473
17,4,LMM-2,4,12.489583333333334,0.5565074310674861,25.74074569809547,1.2703430893975076,0.6900489977089479,0.11007648014474329
17,6,LMM-1,4,12.48045240609245,0.7665230997910131,26.31125718505379,1.2617404868619482,0.7084795549870213,0.06440323124272426
17,6,LMM-2,4,10.939583333333333,0.28706942394944623,22.004815963306143,0.4505263956523453,0.7383628588913654,0.10640295063437756
17,8,LMM-1,4,9.940908546798898,0.5031172730904917,20.020500050567186,0.5929661124678589,0.7893973612278622,0.048687587760722816
17,8,LMM-2,4,9.139583333333334,0.4505927808639045,17.782537746541593,0.8186722959450916,0.8268588075226806,0.061590552354488466
17,10,LMM-1,4,9.641555328071176,0.7305354937245121,19.089552423882623,1.2220237607292586,0.7916992133212762,0.04707162877572751
17,10,LMM-2,4,8.711458333333333,0.5983293799196225,16.912058628637652,1.1043867268246865,0.8315897222015067,0.05873171854433595
18,4,LMM-1,4,16.653804773637088,0.8107534257423501,36.60812310850357,1.4004896734554313,0.572406342612005,0.12019315437611836
18,4,LMM-2,4,15.052083333333334,0.9635073192076264,32.23058141872068,2.064805154504181,0.5803872478690086,0.12774832841681968
18,6,LMM-1,4,15.282038648801146,0.5541856954589379,33.07617045732983,0.9234319247819455,0.5760888276173364,0.11655663014938022
18,6,LMM-2,4,13.8875,0.5236590016413353,29.582177200352184,1.0945170040823107,0.6010395539050446,0.13653027317143612
18,8,LMM-1,4,14.741771794463189,0.8443911307943386,31.903847056623604,1.6683868887845317,0.61316459854123,0.1097578267121742
18,8,LMM-2,4,13.229166666666668,0.7394043210585123,27.989338942786492,1.5744917645489085,0.6306662761055533,0.12033284348039601
18,10,LMM-1,4,12.212583775035219,1.4202553143409098,25.85889079662305,2.962893901965484,0.6638679867057872,0.07921608320662447
18,10,LMM-2,4,10.980208333333334,1.4030205974521548,22.721410084144203,3.071791939042867,0.7328594992862352,0.07386759424786966
19,4,LMM-1,4,21.65625,0.5821230003186612,46.53872348633962,0.9948962410998624,0.42084543305667266,0.17163461110969688
19,4,LMM-2,4,17.333333333333336,1.0733514491224831,36.42470775691029,2.1286908561352504,0.5565764868733815,0.1342640228956481
19,6,LMM-1,4,21.65625,0.5821230003186612,46.53872348633962,0.9948962410998624,0.42084543305667266,0.17163461110969688
19,6,LMM-2,4,17.333333333333336,1.0733514491224831,36.42470775691029,2.1286908561352504,0.5565764868733815,0.1342640228956481
19,8,LMM-1,4,21.65625,0.5821230003186612,46.53872348633962,0.9948962410998624,0.42084543305667266,0.17163461110969688
19,8,LMM-2,4,17.333333333333336,1.0733514491224831,36.42470775691029,2.1286908561352504,0.5565764868733815,0.1342640228956481
19,10,LMM-1,4,13.65625,0.5821230003186612,28.81768673799263,0.9932885194766998,0.5877890221358177,0.14148716597473607
19,10,LMM-2,4,13.016666666666666,0.6585969936159745,26.9088104961613,1.2111939627461588,0.6670156076833189,0.11150533691393266
20,4,LMM-1,4,12.27801876920593,0.5223284411886356,26.51249480646256,0.6662959775578917,0.6125477424800295,0.1263272100743843
20,4,LMM-2,4,11.286458333333332,0.854691784724178,23.92207322295122,1.5806100378490204,0.6818069393781611,0.10558300510973473
20,6,LMM-1,4,11.238622649027246,0.33087425137586496,24.361893682147773,0.7554582366449945,0.7917591111903218,0.1148292925646194
20,6,LMM-2,4,10.971875,0.28536914142037173,22.733806178301926,0.9248503910472765,0.6760006458740673,0.13519179590873603
20,8,LMM-1,4,10.837082640772618,0.09441184804894762,22.816930614136663,0.24535132103461701,0.8869334664430112,0.03235091468378719
20,8,LMM-2,4,10.26875,0.2557922741210143,20.30169941228937,0.5899712776892793,0.7296992041040559,0.09166385341473347
20,10,LMM-1,4,10.541971352400358,0.23556659783281,22.305728116847817,0.5015077082923923,0.8939228077521236,0.03218180337685231
20,10,LMM-2,4,9.698958333333334,0.42377657856666295,19.230879419823488,1.0586451416546339,0.7545124037385574,0.07567937493608927
21,4,LMM-1,4,12.625,0.2795084971874737,27.247473216380534,0.4030010283415262,0.6244594429199317,0.11982761685526695
21,4,LMM-2,4,11.427083333333334,0.17414224310411672,23.85096076634952,0.225290583917123,0.6852072993702141,0.12267913092783034
21,6,LMM-1,4,11.114583333333334,0.837165667097419,23.29304065612498,1.5408991717510017,0.6686409187584776,0.09975013883636165
21,6,LMM-2,4,9.522916666666667,0.943349804773747,19.269071847059855,1.7750956211548206,0.7722993948731751,0.06858387549804626
21,8,LMM-1,4,10.791531519892317,0.9011282089833171,21.463274687417464,1.3680226161436366,0.727544198597917,0.07003093502247146
21,8,LMM-2,4,10.1,0.7134861596415167,19.604338239088438,1.2283250799820722,0.797100390745265,0.07113596643837769
21,10,LMM-1,4,10.733222140896782,0.9370966907820658,21.248712047447945,1.5480990229249825,0.7294101085744337,0.06857870257867892
21,10,LMM-2,4,9.016666666666667,0.766757241026563,17.432053007009028,1.2506742763307992,0.8233690372189522,0.06267117671944829
22,4,LMM-1,4,16.65625,0.49509310992983935,36.98991075203957,1.0410715877771906,0.4772743330908029,0.165109480441733
22,4,LMM-2,4,11.660416666666666,0.5676270966341662,24.631267943099676,1.2602337777679227,0.6767000586196952,0.11916716864497812
22,6,LMM-1,4,14.71875,0.5029211543572213,32.06611483253269,0.9951160839942151,0.5268530198908539,0.15308707638855962
22,6,LMM-2,4,10.545833333333333,0.5653630839263093,21.804778447659075,1.1910590976628805,0.7151012552354897,0.10141788760500578
22,8,LMM-1,4,12.71875,0.5029211543572213,27.362578940952194,0.9947411518428679,0.5786846460442467,0.14148668790935773
22,8,LMM-2,4,9.45625,0.48488884035415764,19.205493109024466,0.9302765509848964,0.7681860573943127,0.0810991852171893
22,10,LMM-1,4,9.783478807923775,0.4767897796477108,19.615758363290468,0.881428367777915,0.7327445082368036,0.09565608971157367
22,10,LMM-2,4,9.029166666666667,0.4232193087907655,17.746496699407853,0.7841439933620542,0.7750839167483453,0.07950596969112039
23,4,LMM-1,4,12.521070625006729,0.6184747069256206,26.898326547702364,1.3598875130200212,0.7053105673721879,0.12567063488180505
23,4,LMM-2,4,11.957291666666666,0.8102231720591969,24.761034650165726,1.7615459871760568,0.6510657112106204,0.11666377100462626
23,6,LMM-1,4,9.820872625417065,0.27510071937901,21.440737505755084,0.527834841058951,0.9282748989260049,0.05625431763293371
23,6,LMM-2,4,9.120833333333334,0.461033711710254,18.193902491337475,0.9784470435628213,0.7739963726578485,0.10513557192394611
23,8,LMM-1,4,8.516883613489911,0.4343942103953881,17.776481091232455,1.1335567451303146,0.9341534121386661,0.034968997412126994
23,8,LMM-2,4,8.19375,0.5489692045096883,16.0511952810331,1.1582058733881921,0.7990432202628492,0.09322367780121871
23,10,LMM-1,4,8.380309680035607,0.3220400919598649,16.95941388652106,0.4975196783432734,0.9371552994476928,0.03291430380964712
23,10,LMM-2,4,7.788541666666667,0.2587593094138516,14.851688870575192,0.4614975456907625,0.8598377513145451,0.05073404087257218
24,4,LMM-1,4,13.247330313113961,0.4986045638014808,28.433430399307394,1.07567429242871,0.6110315646827132,0.11396885444112856
24,4,LMM-2,4,12.745833333333334,0.7266145814666811,27.023200491243685,1.8825340424782577,0.6207304460171367,0.1216984590507528
24,6,LMM-1,4,13.332529251592481,0.49786908076870096,28.59567531451994,1.0459807613288095,0.6417958725998526,0.10458424495575573
24,6,LMM-2,4,11.880208333333332,1.0384674831412235,24.661593016119163,2.2260977022224786,0.6639350129914167,0.1332231577692984
24,8,LMM-1,4,12.159854513424078,0.5608279336328283,25.50478782464706,1.2168135717253379,0.647359726816378,0.10449011382897805
24,8,LMM-2,4,11.429166666666667,0.6822527024497593,23.63414520424112,1.6174890821692882,0.6888229098364602,0.09495666042433541
24,10,LMM-1,4,10.381007048768186,0.5268034655022321,21.701865518899286,1.1436839791520281,0.7244094167812537,0.08145358586312824
24,10,LMM-2,4,10.405208333333334,0.5910602452725663,21.201139938696006,1.4214349830080342,0.7358945800272917,0.07977146173353156
25,4,LMM-1,4,13.75,0.5590169943749475,28.56099114632349,1.1989946517399952,0.5878834427039149,0.13727853358025396
25,4,LMM-2,4,10.95625,0.5038523469231838,22.447578670140956,1.0120044545601146,0.6999416108752776,0.12086612219623373
25,6,LMM-1,4,12.75,0.5590169943749475,25.834806723187995,1.1987341944271086,0.627811458358046,0.12644456811482815
25,6,LMM-2,4,10.335416666666667,0.4960389979628614,20.793570396465952,0.9627779492967804,0.7505114376487587,0.1020204969356987
25,8,LMM-1,4,11.777034068437512,1.3580894934448167,23.074378162982754,2.3746020217140504,0.6970650342267044,0.08064227491306489
25,8,LMM-2,4,9.485416666666666,0.4890600039872408,18.15098451101534,0.8265878623948076,0.799446987086514,0.08486944467091483
25,10,LMM-1,4,10.02324361535173,1.069985329584327,19.008270969768034,1.7066810814498283,0.7654309792064409,0.06055864597029419
25,10,LMM-2,4,7.270833333333333,0.6996650984578262,13.471219744563866,1.1965084559673675,0.8686986196297004,0.058456669806148984
26,4,LMM-1,4,12.314471786796036,0.12363168620906813,27.268941104325126,0.38668985222763147,0.5892410664612084,0.13672856323067986
26,4,LMM-2,4,11.041666666666666,0.22569337606584777,23.910956878889742,0.5739425312192434,0.6556044821693573,0.13180783366139953
26,6,LMM-1,4,10.255010129711003,0.15070108333292617,22.207552658216233,0.2353856297976795,0.6578433779837046,0.11546504974069652
26,6,LMM-2,4,9.848958333333332,0.32307623745539316,21.16158294149865,0.7175274339740446,0.6919417990115418,0.09914021134235447
26,8,LMM-1,4,9.197916666666666,0.22316963839196408,19.092896411329235,0.44745987876931476,0.6930882018729252,0.11336963915805166
26,8,LMM-2,4,8.167708333333334,0.3411120371300315,16.70188820213192,0.7278867262511757,0.7964501503561554,0.07472726398774082
26,10,LMM-1,4,10.835153786612695,0.7617802745443226,22.46968291722439,1.9531448066987491,0.6963326731135795,0.07289098515853962
26,10,LMM-2,4,10.180208333333333,0.9835512426279575,20.80704922901694,2.4888897779295274,0.7350987813671137,0.066995690229758
27,4,LMM-1,4,12.708333333333334,0.5818433351570391,28.576883269911022,1.3821000904496714,0.6656687646036581,0.14316443287579764
27,4,LMM-2,4,11.915625,0.3510447576520694,25.50675999780945,0.46810703537920656,0.6665349732472888,0.12293082256352697
27,6,LMM-1,4,11.019575723332872,0.3824118042179842,24.097128893581342,0.6158905665918333,0.7984943827715487,0.07836726994983413
27,6,LMM-2,4,10.273958333333333,0.40084952106952393,21.221619102038275,0.625609982583045,0.7141376820524908,0.1041060169213467
27,8,LMM-1,4,10.163609425411371,0.3737577322059854,21.200184097033954,0.6906829099066882,0.8665092508321125,0.05670700715798065
27,8,LMM-2,4,9.919791666666667,0.2961174545260713,19.749353736668013,0.477233136341524,0.756250034306414,0.09457657454568569
27,10,LMM-1,4,9.329235633169432,0.2896912111967251,19.040580253587983,0.5662149271976896,0.8866453667759541,0.05156184505735759
27,10,LMM-2,4,9.026041666666668,0.429756623228,17.396885812661143,0.7277363490841638,0.7996927246541572,0.07756599353682615
28,4,LMM-1,4,10.846866827223629,0.40575423991440934,24.10257235258354,0.8430031222975385,0.7856479357179584,0.06869290595184648
28,4,LMM-2,4,10.567708333333334,0.6138616879029019,22.322689885729936,1.330109389135685,0.6958840581184079,0.10439217647908886
28,6,LMM-1,4,10.606276846302041,0.24848957660716706,23.119686109961535,0.680710142833078,0.8610975443125485,0.0363003340322806
28,6,LMM-2,4,9.935416666666667,0.24454996933142337,20.084732150634636,0.517237237560833,0.7533252009767956,0.10025723603128295
28,8,LMM-1,4,9.842268553601464,0.16069946249502692,20.541744980789694,0.2145774734688552,0.8344613740156859,0.06166913003014938
28,8,LMM-2,4,9.485416666666666,0.24284018235594124,19.051985245183758,0.43622000456604976,0.7646811064780482,0.09557099079415546
28,10,LMM-1,4,9.616896912790267,0.24922972876877797,19.784178807695064,0.3025466255969596,0.8277065206435954,0.05912092593169572
28,10,LMM-2,4,9.170833333333333,0.22185299186623575,18.235269173206145,0.4028482536024024,0.7725432882642383,0.08840089927670954
29,4,LMM-1,4,11.374487892705448,0.3501828963760614,25.057190216955295,0.7491370481248644,0.7493165428354028,0.11411656101669478
29,4,LMM-2,4,10.810416666666667,0.6274223889587188,22.78928923913469,1.3387155005180769,0.7008847210175174,0.09984327598971335
29,6,LMM-1,4,11.719767489135727,0.1951880870991542,25.97639023453309,0.34507191742196197,0.8893742092241149,0.09521407534920558
29,6,LMM-2,4,11.3,0.33541019662496846,23.25529953330374,0.570840236148325,0.6775058392799869,0.11968649118107033
29,8,LMM-1,4,10.322378642266782,0.3268277063304258,22.570586056259927,0.5780979513818664,0.9543000201284652,0.04264902855278029
29,8,LMM-2,4,9.75625,0.29388294863771885,19.772580307991344,0.5006470026685931,0.7489860348590984,0.09005539742303437
29,10,LMM-1,4,9.379780646178427,0.438113895841857,19.978877334235325,0.7637621723882898,0.9607461254389864,0.0407278015995997
29,10,LMM-2,4,8.570833333333333,0.11792476415070752,16.96418797140236,0.1159282770855556,0.8160399006268089,0.0809230510571458
30,4,LMM-1,4,17.541666666666668,0.6574889099191457,36.99422178435626,1.1422789272931122,0.4954145462890349,0.16011810694086998
30,4,LMM-2,4,15.603125,0.8097248278736423,32.82886777071704,1.5285211970026022,0.5648119562751374,0.13943308826983536
30,6,LMM-1,4,17.541666666666668,0.6574889099191457,36.99422178435626,1.1422789272931122,0.4954145462890349,0.16011810694086998
30,6,LMM-2,4,15.603125,0.8097248278736423,32.82886777071704,1.5285211970026022,0.5648119562751374,0.13943308826983536
30,8,LMM-1,4,17.541666666666668,0.6574889099191457,36.99422178435626,1.1422789272931122,0.4954145462890349,0.16011810694086998
30,8,LMM-2,4,15.603125,0.8097248278736423,32.82886777071704,1.5285211970026022,0.5648119562751374,0.13943308826983536
30,10,LMM-1,4,17.541666666666668,0.6574889099191457,36.99422178435626,1.1422789272931122,0.4954145462890349,0.16011810694086998
30,10,LMM-2,4,15.603125,0.8097248278736423,32.82886777071704,1.5285211970026022,0.5648119562751374,0.13943308826983536
31,4,LMM-1,4,12.25,0.25,27.000132264937424,0.422595064887419,0.5825539231374678,0.14601394982813493
31,4,LMM-2,4,10.536458333333334,0.5446980480428278,22.83962360868983,1.0505115159297034,0.7049941329553682,0.09921114917417878
31,6,LMM-1,4,10.289701906586227,0.20587039627198903,22.888205148791084,0.34776411024839854,0.7584886093670331,0.09054032743915746
31,6,LMM-2,4,9.7125,0.1419727086450074,20.48207033485695,0.21450558510163242,0.7448847547136888,0.10289783274286816
31,8,LMM-1,4,9.660484262090314,0.3110495319994693,21.127634731485944,0.6514801931477967,0.8332562806561236,0.09781145375055554
31,8,LMM-2,4,9.265625,0.21819125068388975,19.29583042253165,0.600706627290532,0.7662926953729832,0.09441229315022237
31,10,LMM-1,4,9.055663532145154,0.12232480487311334,19.396575136028503,0.08502644934901223,0.8974867422132202,0.0616070928797913
31,10,LMM-2,4,8.435416666666667,0.2926397458195543,17.084319968027017,0.49669017307546764,0.7812189761390421,0.07598481213361097
32,4,LMM-1,4,13.158309101922045,1.0941003042770474,28.34267971783014,2.5193895594276903,0.6464574528622695,0.09486973975412433
32,4,LMM-2,4,12.195833333333333,1.0967993207510662,25.537671658179484,2.6431140126736685,0.6797773458164019,0.08924526021250755
32,6,LMM-1,4,9.70410656635864,0.5038954598024112,20.64871994576044,1.0312737959213094,0.8631611864503002,0.030120105901520238
32,6,LMM-2,4,8.31875,0.3275739420344664,16.7425492127352,0.5899402501750914,0.8204822171036816,0.06920912318832091
32,8,LMM-1,4,9.428228591206748,0.536492581432222,20.104534369766135,1.0266458251482273,0.9185000857358534,0.006755259888556125
32,8,LMM-2,4,8.914583333333333,0.44301582458568367,17.762074823713007,0.8032258293577806,0.8156884234382134,0.06689278372429039
32,10,LMM-1,4,7.933853311204468,0.26958145071541284,16.015967230023726,0.4523811225210932,0.8910458155624632,0.03376748412713669
32,10,LMM-2,4,7.527083333333334,0.3486768143042112,14.582453335928212,0.7393406250295033,0.8570970428862779,0.06151448374241793
33,4,LMM-1,4,15.1875,0.6465050270492876,31.585650541385526,1.1177327197807414,0.5600325360167707,0.14524747729602563
33,4,LMM-2,4,13.012500000000001,0.6258743883560023,26.747547281333162,1.077933454388422,0.6464663865379778,0.11938599674538265
33,6,LMM-1,4,15.25,0.5590169943749475,31.726046588230993,0.9193243666042136,0.5584432320849857,0.14715991589247623
33,6,LMM-2,4,13.08125,0.5230245572628502,26.902704380341653,0.8587627609123536,0.6433401851388947,0.12307409586619708
33,8,LMM-1,4,13.333333333333334,0.5400617248673217,27.240550997057316,0.9179425104313419,0.6063485762082714,0.13537735920910646
33,8,LMM-2,4,11.625,0.5153882032022079,23.588493888476425,0.8188370590695492,0.6808857746261581,0.11203501980205799
33,10,LMM-1,4,13.333333333333334,0.5400617248673217,27.240550997057316,0.9179425104313419,0.6063485762082714,0.13537735920910646
33,10,LMM-2,4,11.625,0.5153882032022079,23.588493888476425,0.8188370590695492,0.6808857746261581,0.11203501980205799
34,4,LMM-1,4,13.38764947835357,0.7294813344307819,28.607819643349053,1.5530015740418763,0.610731373376163,0.11286315963288013
34,4,LMM-2,4,12.210416666666667,1.0365771498060339,25.60675393199558,2.409486190952042,0.6661960096267092,0.10308095807367583
34,6,LMM-1,4,11.726264084926909,0.5315874981863058,24.97585515184531,1.1467970910135057,0.6668442420436687,0.11327632402335691
34,6,LMM-2,4,10.570833333333333,0.690674489177065,22.022911878235227,1.488669268428487,0.7112122763567347,0.0938296327179606
34,8,LMM-1,4,11.293416875784366,0.43216795439340594,23.239188822380548,0.600616178294753,0.7596873500946019,0.051762779480908364
34,8,LMM-2,4,10.451041666666667,0.6690736171814976,20.695219698755135,1.3763897294996887,0.7625257308575544,0.08856047777713467
34,10,LMM-1,4,8.72114587311532,0.2897711556979907,17.91099029621732,0.4175061019250425,0.9841630121773391,0.00656588440123451
34,10,LMM-2,4,9.019791666666666,0.39703080931039453,17.68176569680174,0.7205078335087363,0.7952051864691712,0.071560872500893
35,4,LMM-1,4,13.798290375008213,0.36629424378190256,30.856704933972402,0.9339973224776068,0.6916357741674011,0.12514654571785339
35,4,LMM-2,4,13.504166666666666,1.3227772236220783,28.596781665192946,3.0964352504601207,0.6186551169634502,0.10458059872654414
35,6,LMM-1,4,10.283004204900433,0.8116695475377413,21.689332707689857,1.4001404326947102,0.744580977422832,0.06599083685004782
35,6,LMM-2,4,9.892708333333333,0.6700848243879282,20.327541204826254,1.304371626434,0.7392890646625409,0.08955752808582929
35,8,LMM-1,4,10.271733535189135,0.8211305030226312,21.158338785047945,1.3776858741675007,0.7535349666538487,0.06348175745885294
35,8,LMM-2,4,9.495833333333334,0.8718096600367153,18.913928156339317,1.6321448140215653,0.773472225421495,0.0716131188398725
35,10,LMM-1,4,7.943329183890825,0.3477838324291612,15.984364617021004,0.5703005032443804,0.829263290772215,0.037748294762317926
35,10,LMM-2,4,7.233333333333333,0.1881931631772701,14.038516783861583,0.25672058334125275,0.8673620598676204,0.06916783556977144
36,4,LMM-1,4,10.972715842417124,0.41322894857887105,24.4400599667936,0.8888647514755293,0.7511721866728668,0.11898229216674962
36,4,LMM-2,4,10.25625,0.3751562174614731,21.39578173160225,0.9265008250997437,0.7085794666878424,0.12414638666023141
36,6,LMM-1,4,9.232535104860755,0.37908278754328834,19.78161360121306,0.5970163967362087,0.8577407309429885,0.03813668819000347
36,6,LMM-2,4,8.854166666666666,0.4160203320351865,18.23113524944137,0.6449555524367125,0.7413806644465314,0.09255300712566238
36,8,LMM-1,4,8.523676254746048,0.519578875885408,18.192338187058784,0.9103432565484965,0.8790490700850855,0.027207333931071345
36,8,LMM-2,4,8.367708333333333,0.5438128555624632,17.160709657703173,0.9853576245667185,0.7780889302817625,0.07834459249643642
36,10,LMM-1,4,8.124232989611102,0.572172756125173,16.984255565959767,1.0011023595139774,0.8891288143548962,0.023005055740794117
36,10,LMM-2,4,7.804166666666667,0.5715931682586834,15.71879727627777,1.148741408594786,0.8139237686089198,0.06709194986444486
37,4,LMM-1,4,12.71875,0.6019175088830695,26.969406189101427,0.9091552441940874,0.6045648594923371,0.13842392634017733
37,4,LMM-2,4,11.728125,0.8645977659437942,24.500322117541447,1.560106097842074,0.6847778319580389,0.1004051918579521
37,6,LMM-1,4,11.112623269224596,0.6000059509827996,22.845481983304325,0.8828088313654114,0.6758770718055335,0.11147457024121513
37,6,LMM-2,4,9.958333333333334,0.7532568176480936,20.09971162400481,1.279237498835574,0.7697570750551259,0.08758205533142556
37,8,LMM-1,4,10.208333333333334,0.4947642536265798,20.846862163945744,0.8352294725661519,0.6912120136997515,0.11464079662848665
37,8,LMM-2,4,9.242708333333333,0.718580142972932,18.260961026657878,1.230707637743805,0.8039490165812322,0.07607080180165125
37,10,LMM-1,4,8.981678583204417,0.3799058300892152,17.664848237732812,0.44136141626389885,0.7459938290519739,0.09362671210525929
37,10,LMM-2,4,8.155208333333333,0.5757496245837536,15.759931347249593,0.9227544744014907,0.8371641610378413,0.054197153334834235
38,4,LMM-1,4,10.443746501851743,0.3978847299242808,22.83191977481753,0.7700248572056728,0.6983706525730539,0.09006345535334344
38,4,LMM-2,4,9.25625,1.276515643264899,19.438055429038634,2.844692044048244,0.7622476598453256,0.06668262714275591
38,6,LMM-1,4,9.823722856525153,0.5092839429284992,20.60001625111315,0.8540415050474333,0.8258596922592526,0.05869757977819492
38,6,LMM-2,4,9.579166666666666,0.4031774836636261,19.321553736552502,0.6530986019194893,0.7512554359757941,0.09522658232250582
38,8,LMM-1,4,9.919231864865019,0.40356993816742703,20.616338017809277,0.6876065227063244,0.8270315020448138,0.05740973378744693
38,8,LMM-2,4,9.45,0.32596012026013266,18.8241732648525,0.5138158962413141,0.7646511669115521,0.09223059054059203
38,10,LMM-1,4,8.474885128427104,0.3364853129455269,17.31393242066002,0.5496049019933399,0.8552176805480501,0.04627296581500671
38,10,LMM-2,4,7.870833333333334,0.16598820239201711,15.490452444475594,0.40266009547812237,0.822456130669193,0.06934158420352757
39,4,LMM-1,4,12.8125,0.2072890493972125,27.49818540940387,0.6100529064593889,0.633286613457832,0.1435966499718287
39,4,LMM-2,4,11.510416666666666,0.43721717048472225,23.94539893613985,0.8682381475290734,0.6840451897501125,0.11965086662250708
39,6,LMM-1,4,9.91763886544828,0.4143384517189484,21.246032685642568,0.8164987744729567,0.8429042630766798,0.058598198202877094
39,6,LMM-2,4,9.939583333333333,0.4071144648621565,20.236153337503694,0.8660588807884018,0.7379634395545003,0.09732172816321927
39,8,LMM-1,4,9.98460308196322,0.4661631349948293,21.383253879760687,0.9365879391802316,0.8480120032383944,0.05589382205255847
39,8,LMM-2,4,9.4875,0.4967079121576387,19.199608761013586,0.9333347670453311,0.7576525727925421,0.08482235722308136
39,10,LMM-1,4,9.169640797611835,0.4955881406055378,19.158480338491664,0.8021557416183795,0.8739559953981716,0.029216218424054252
39,10,LMM-2,4,8.455208333333333,0.701655872591163,16.668488678312848,1.3014382818335788,0.828454878244816,0.05403066874178739
40,4,LMM-1,4,11.78125,0.4363825013677794,25.41821182219606,0.5988487868366377,0.6080606260500684,0.1406762814054946
40,4,LMM-2,4,10.965625,0.3722162299994453,23.29486399648627,0.4072938189421008,0.692826115074616,0.1192718133174645
40,6,LMM-1,4,11.364583333333334,0.3191990301259284,23.379713849553895,0.5572107493048476,0.6468618692924593,0.13206978740792638
40,6,LMM-2,4,10.545833333333334,0.4492470552676629,21.294268692858555,0.7831765740238767,0.7465166091939281,0.09767116748540143
40,8,LMM-1,4,10.266251979608755,0.32820231317767967,20.784334536747124,0.593136776454866,0.7876075252196437,0.10780607551109386
40,8,LMM-2,4,9.761458333333334,0.5089594419417587,19.083141879795583,0.8067514549168548,0.7811523542054367,0.08437897375824388
40,10,LMM-1,4,9.711553801945303,0.2886460374199348,19.23220680337443,0.5766245957832838,0.8009024434126805,0.0901335944468097
40,10,LMM-2,4,8.255208333333334,0.3266434807885605,15.846168725163544,0.6396868958984869,0.8231757406560386,0.07587242467243654
41,4,LMM-1,4,14.229166666666666,0.9635275899872648,29.392211336263337,1.7827383016636884,0.5912523896642043,0.1316492321958943
41,4,LMM-2,4,11.852083333333333,0.637714424723167,24.135207861403476,1.0632569711255522,0.7116946620173527,0.10345446553529321
41,6,LMM-1,4,14.171707398454567,1.0390111421596124,28.48757337149996,1.8371149197728502,0.616695616103026,0.11570222977031096
41,6,LMM-2,4,11.494791666666666,0.4243599653694174,22.760702414260106,0.8864683791133613,0.7302111502992708,0.10622776307783006
41,8,LMM-1,4,14.229166666666666,0.9635275899872648,28.5366355336469,1.7825106827110269,0.6062650895631199,0.12754565051567296
41,8,LMM-2,4,11.46875,0.41358758141414254,22.72456483914855,0.8602175595989774,0.7304971751304985,0.10601854514199986
41,10,LMM-1,4,14.109263714675876,1.125289737800453,28.304279766554394,2.0862297218770482,0.6171514255317467,0.1152182830416853
41,10,LMM-2,4,11.142708333333333,0.6641513420963122,22.06211457444767,1.217357067161271,0.7432657900425317,0.09308698625103659
42,4,LMM-1,4,14.739583333333334,0.9844163351109799,29.243850182524206,1.7116136495587633,0.6082212763717583,0.1308007492807371
42,4,LMM-2,4,12.966666666666667,1.268241893331079,25.589504510924954,2.2075408891811805,0.6843447595634856,0.09950850906130788
42,6,LMM-1,4,14.833333333333334,0.8599903100229288,29.451859791504745,1.435505648125476,0.6051087834330657,0.13457041061797131
42,6,LMM-2,4,13.044791666666667,1.1705714972646197,25.76624423585607,1.9896721382756095,0.6838737584521536,0.10009028532432548
42,8,LMM-1,4,14.833333333333334,0.8599903100229288,29.451859791504745,1.435505648125476,0.6051087834330657,0.13457041061797131
42,8,LMM-2,4,13.044791666666667,1.1705714972646197,25.76624423585607,1.9896721382756095,0.6838737584521536,0.10009028532432548
42,10,LMM-1,4,11.9077287277136,0.51153103811767,23.56408955926677,0.7785305562034506,0.6801514897058094,0.10800610654659742
42,10,LMM-2,4,10.273958333333333,0.7250022449677885,20.15396644919339,1.1809393700688677,0.7532032240009758,0.08741496080123705
43,4,LMM-1,4,12.385416666666666,0.4180965050081142,27.51348737646066,1.2231969143778467,0.5755373386519133,0.1342866148585319
43,4,LMM-2,4,11.7125,0.48169622169994253,25.78127780646781,1.3116152051452035,0.6472967720727697,0.11102493576582692
43,6,LMM-1,4,10.789153086323413,0.3820105186971067,23.374478947020073,0.8803670507423272,0.827693812807532,0.11857255284728911
43,6,LMM-2,4,10.038541666666667,0.3339756181844214,20.270220288964545,0.5637275640558947,0.7392423464697491,0.08754972773173163
43,8,LMM-1,4,10.382521487316115,0.3158334040018309,21.952906128046614,0.4724332666300725,0.8485108436388134,0.11563513517402108
43,8,LMM-2,4,10.019791666666666,0.22191900971976197,20.042028353405982,0.4622760168256051,0.7414606044519699,0.10235532493806389
43,10,LMM-1,4,9.97251937444973,0.26994967485337695,20.519226174044327,0.2919809041828734,0.8402750917659041,0.09325615086048357
43,10,LMM-2,4,9.80625,0.2426256117972707,19.521571515178966,0.46711147434927963,0.7380082516443714,0.08714790023818754
44,4,LMM-1,4,11.815642387065223,0.4767011442272134,27.540625682491896,1.2926107117304968,0.8014735882983264,0.1078947471894432
44,4,LMM-2,4,10.891666666666666,0.7504165509901819,23.500417061063512,1.4789945678944292,0.6931628887634627,0.09905533602620659
44,6,LMM-1,4,11.194962446704885,0.4959402864808511,25.47986443706169,1.2506405207673654,0.8288582165202981,0.09307621151940293
44,6,LMM-2,4,10.334375,0.4573509832448157,21.83260683490066,1.0067923784988964,0.7206652838402658,0.08707824809226805
44,8,LMM-1,4,9.5051189549609,0.6150832767881033,20.656592713503656,1.5180378781532728,0.8539107711655533,0.0792768991476086
44,8,LMM-2,4,10.017708333333333,1.1963935062825275,21.3933292284061,3.1341676062183823,0.725452018148607,0.06462827008365415
44,10,LMM-1,4,8.539058534113842,0.1691588896139561,17.795106975458133,0.3589815941585365,0.9176083406309126,0.051859531650654184
44,10,LMM-2,4,7.9875,0.30745934690622106,15.965257772884298,0.882609805287547,0.8258026595011778,0.060058478339925524
45,4,LMM-1,4,18.270833333333332,0.9416574483324603,37.36491736171633,1.6570932736733397,0.5049465152592811,0.1538281085365448
45,4,LMM-2,4,16.176041666666666,1.4523160830922215,32.811186705176326,2.757742225656843,0.5773718792841838,0.12262150911241242
45,6,LMM-1,4,18.270833333333332,0.9416574483324603,37.36491736171633,1.6570932736733397,0.5049465152592811,0.1538281085365448
45,6,LMM-2,4,16.176041666666666,1.4523160830922215,32.811186705176326,2.757742225656843,0.5773718792841838,0.12262150911241242
45,8,LMM-1,4,18.270833333333332,0.9416574483324603,37.3551407204234,1.6702667467407168,0.5050256012419493,0.15373429374948247
45,8,LMM-2,4,14.567708333333334,1.6271470191334891,29.358342148998705,3.1187879931096125,0.6252204962111368,0.10353100225305158
45,10,LMM-1,4,12.0,0.30618621784789724,24.11879215798878,0.5116064907617376,0.6461878839036371,0.1312178139574
45,10,LMM-2,4,11.094791666666667,0.6745585941006165,22.177634706979937,1.1936862171970966,0.7166386016976769,0.09674658953614407
46,4,LMM-1,4,11.608286109099842,0.39836937720987575,25.2183121358016,1.0305856729248681,0.6800016181940025,0.10349834403174327
46,4,LMM-2,4,10.858333333333333,0.2920830361386977,22.69789487722124,0.590885901741833,0.6929263869551611,0.117348449047144
46,6,LMM-1,4,10.122472632991203,0.48821719094973637,21.70126829308537,1.1149849308161934,0.7734229716850625,0.11219689923490617
46,6,LMM-2,4,9.091666666666667,0.39607448794387157,18.185864883379242,0.5725903084798915,0.7913445191930074,0.0838065743482095
46,8,LMM-1,4,9.136285723299526,0.32316002287549983,19.20620308500069,0.7501428948745206,0.8965354149694795,0.04920249148493516
46,8,LMM-2,4,8.639583333333334,0.33990271279686207,17.154373139708298,0.6660314462861673,0.7811423166250302,0.09728716171243952
46,10,LMM-1,4,8.673629112180269,0.47499920659342865,17.88599400038846,0.7447455358462489,0.932033475447311,0.0051814273010296575
46,10,LMM-2,4,8.344791666666666,0.5305540784956172,16.258010227631182,0.9131800708126161,0.8054365803362047,0.07168745071505629
47,4,LMM-1,4,15.6875,1.2167451458707366,34.970056428865455,2.914792228028688,0.5119613710033065,0.1349290453591645
47,4,LMM-2,4,13.836458333333333,1.7014785619792565,30.552789353057637,4.039315530999382,0.5949696859076133,0.0962478265087361
47,6,LMM-1,4,11.078295375895753,0.24864305898149328,25.122882496018736,0.4034076132324367,0.9649237373088917,0.014665769319481223
47,6,LMM-2,4,11.0375,0.39902224248780865,23.310690782729647,0.588246096597696,0.671530653987533,0.11562950951224747
47,8,LMM-1,4,9.480856250216398,0.308791540365217,20.29963104268502,0.5203168817285057,0.9786828316734701,0.008565086131302017
47,8,LMM-2,4,9.797916666666667,0.6953809657302961,20.02838897390646,1.3093953179221003,0.7553346393900565,0.0825595900034505
47,10,LMM-1,4,9.424937395400052,0.3006964755342648,20.19622852603196,0.5069284303429664,0.9787964955670476,0.008573313938589802
47,10,LMM-2,4,8.903125,0.6393585041860315,17.665406925113928,1.14817825208416,0.8161274647005201,0.0626556494878272
48,4,LMM-1,4,11.455281587889093,0.2265295059552873,24.738113131824278,0.5417977387009025,0.6823713033284787,0.10254587931445727
48,4,LMM-2,4,11.126041666666666,0.25300923278607845,23.04510803735524,0.49649588045995247,0.6895938805367925,0.12520775537980072
48,6,LMM-1,4,11.22450419708273,0.17152230482815853,24.067167371699316,0.45196571826332393,0.7400523928695004,0.14071014250192196
48,6,LMM-2,4,10.770833333333332,0.145952332401141,22.28025425199038,0.6292660442244431,0.6944771461089261,0.12683722740201278
48,8,LMM-1,4,9.425988079894436,0.07637858288066565,19.963590565515716,0.179595084602157,0.9231216383808724,0.07037981038471298
48,8,LMM-2,4,8.984375,0.30636158681368664,17.76270885030654,0.4498039771405595,0.8120873777775827,0.07403054769693397
48,10,LMM-1,4,8.772085413675818,0.4078634733565028,18.03228800035939,0.6897006331343851,0.943267118444531,0.02886354414713554
48,10,LMM-2,4,8.214583333333334,0.43828798086037785,16.01080254772035,0.6511392505499229,0.8290370229842582,0.07085047088209492
49,4,LMM-1,4,10.951167648146436,0.640511876664985,23.413665943047345,1.2456040054555995,0.8015780405265187,0.05402425706539156
49,4,LMM-2,4,10.315625,0.7709255293963226,20.954790645221397,1.7247691271315388,0.7297881741921679,0.08090154640808297
49,6,LMM-1,4,9.582161356396758,0.0827018021350455,20.483351852793298,0.2522964960322894,0.8661828420190424,0.10059008930575956
49,6,LMM-2,4,8.775,0.23782871988050566,17.52066719031483,0.4168389039183497,0.7857991032354675,0.0806622138926793
49,8,LMM-1,4,8.627546271369944,0.4345861812375759,18.156789347208594,0.8107780001674066,0.9633806376989652,0.041344263536930034
49,8,LMM-2,4,7.996875,0.2918656315412968,15.918536069196225,0.5482577787855456,0.8347779202240859,0.07076240466531127
49,10,LMM-1,4,7.721087653368304,0.22107261386925278,15.399814551888225,0.3753379218680859,0.940342080834687,0.05330416695220914
49,10,LMM-2,4,7.527083333333333,0.39648520884559263,14.913184439705796,0.8964049624882782,0.8568777914991075,0.06509756029963192
50,4,LMM-1,4,10.458543634569164,0.4367330465426442,22.380828257735388,0.6207658782591824,0.6820091073627188,0.09228509974903443
50,4,LMM-2,4,9.501041666666666,0.5672054347485869,19.81067553396609,1.1038223656545736,0.7498663412963178,0.08730515325551924
50,6,LMM-1,4,10.005080149802739,0.30645208345370684,21.01639549647438,0.4149419406505636,0.7091032615324353,0.07981823305497472
50,6,LMM-2,4,9.359375,0.39284369903945265,19.133106697121555,0.6435601823979029,0.7458586550136602,0.09450094912256067
50,8,LMM-1,4,8.85949008419041,0.2876180651796046,18.320943251183806,0.4461904665304825,0.7498873654128271,0.06978361566182623
50,8,LMM-2,4,8.338541666666666,0.2906137990673074,16.770212274225237,0.4457056054298812,0.7825164911366707,0.08765212544597954
50,10,LMM-1,4,7.484103910906892,0.3228376258072073,15.100236612293077,0.4651407671803971,0.8098751252663337,0.06267292820866378
50,10,LMM-2,4,6.925,0.08838834764831857,13.524614203299171,0.14080845086239357,0.8808219584735084,0.05786448122151711
51,4,LMM-1,4,18.739583333333332,0.8751859921372905,39.21246575059584,1.6978960485625372,0.4892502949321146,0.15498531975605345
51,4,LMM-2,4,17.03125,1.369463284465852,35.275551043489045,2.7237338139242167,0.5677227097571255,0.13276044440019105
51,6,LMM-1,4,15.166666666666666,0.8477912478906586,31.084058840708856,1.5854176173443963,0.5744175681394551,0.13867017907085624
51,6,LMM-2,4,11.684375,0.27291467874594016,23.343957496163767,0.471201121622486,0.7094614372870838,0.10423800946286323
51,8,LMM-1,4,13.739583333333334,0.8751859921372903,28.227582224681058,1.6963376444708238,0.6019563063243062,0.12901359565651688
51,8,LMM-2,4,11.188541666666667,0.23712278157458158,22.45006717214752,0.5680214661270253,0.7124184130550844,0.1148669889025606
51,10,LMM-1,4,12.875,0.739509972887452,26.05822723288443,1.4112493004870257,0.6301615055804238,0.1249059831476435
51,10,LMM-2,4,9.941666666666666,0.12829003598617206,19.39679615009705,0.21108450142219354,0.7885788189504213,0.08795592207386455
52,4,LMM-1,4,12.770833333333334,0.1804219591217581,27.73548896533195,0.33320060468069523,0.5865476319569267,0.14655445196650263
52,4,LMM-2,4,11.553125,0.4218981475131172,24.72530673215441,0.8380148198921075,0.662105784880354,0.11968105362899911
52,6,LMM-1,4,12.416666666666666,0.4894725051862805,26.1250533722597,1.023022895736287,0.6113299706189554,0.13194106055171947
52,6,LMM-2,4,11.628125,0.38974901779863397,24.085256354012625,0.7833250782150167,0.6923662589654552,0.11113822883045174
52,8,LMM-1,4,11.27691297604027,0.440465604556999,23.216376478881347,0.7181376106113587,0.6587373679482016,0.11293433097734219
52,8,LMM-2,4,10.757291666666667,0.32444363435734147,21.574946416848903,0.5689214486696055,0.7367383069808241,0.10185146354323749
52,10,LMM-1,4,9.629193934081835,0.3231925417023806,19.15534092823707,0.38582632660045296,0.7797467463538427,0.056082549283204754
52,10,LMM-2,4,8.825,0.5681659088681756,17.223174299840778,1.0466797428825392,0.8159665981132719,0.060929805381249126
53,4,LMM-1,4,11.374709706005085,0.14219172842735245,25.58992118821459,0.3185289597749055,0.8850248627840521,0.013915968402821301
53,4,LMM-2,4,10.825,0.29843340965783344,22.75509324976019,0.5745535314235245,0.690554128466954,0.10914920104917744
53,6,LMM-1,4,10.555525340996928,0.28739053602565945,23.334669311681346,0.49364765177966485,0.9126024514002287,0.04386914216484637
53,6,LMM-2,4,9.571875,0.1992907345437821,19.82467011978543,0.2520707480184815,0.7351737806768615,0.08878820232200887
53,8,LMM-1,4,9.490968737964204,0.08208191240384434,20.470215930621272,0.32107203501907383,0.9172340922291858,0.008580503521027608
53,8,LMM-2,4,9.384375,0.11771755126148364,19.23991342165017,0.34711145002935256,0.7499543341925801,0.09949577827378774
53,10,LMM-1,4,8.671485797980187,0.2137766272957965,18.549637696401422,0.37653052534186815,0.9441804532587079,0.028019695172120773
53,10,LMM-2,4,8.135416666666666,0.4347083552988908,16.43911407724866,1.0121635009575014,0.7997632010717048,0.07287391214396899
54,4,LMM-1,4,16.135416666666668,0.09021097956087913,34.62924016491228,0.5648010085264787,0.5171974928052913,0.16912170480245456
54,4,LMM-2,4,14.725,0.7022285952594074,31.509260733031194,1.246299134857311,0.5784148421198978,0.13061890433601364
54,6,LMM-1,4,14.719709994749802,0.7157045510785588,31.746808881279147,1.7999746696682075,0.5522611797656564,0.1606719053128683
54,6,LMM-2,4,13.49375,0.5483996603755333,28.96662368057298,1.4102177287099436,0.6000267998607463,0.14531215311296344
54,8,LMM-1,4,13.729166666666666,0.6383980602518567,29.74325183444885,1.4081064631640108,0.5656024257477781,0.13985486057766824
54,8,LMM-2,4,13.054166666666667,0.7929704176911857,28.295899151898436,1.7076934078771417,0.6221852517937542,0.11725084676526155
54,10,LMM-1,4,9.8570433408475,0.3176050627699014,20.845624798300157,0.6122899647651732,0.7834213386567196,0.12077903309385866
54,10,LMM-2,4,10.194791666666665,0.6453988794084374,20.27674828703347,1.0352912258023426,0.7620019273482523,0.08621797683545367
55,4,LMM-1,4,12.528211050597484,0.0572699503734327,27.314124994727976,0.2564228236963771,0.7154220590511267,0.13118368299744673
55,4,LMM-2,4,12.119791666666666,0.09144741772370235,25.280624668714132,0.4058748005659214,0.6760816555743119,0.12691334916175076
55,6,LMM-1,4,11.370029096662687,0.5874257310457546,24.21234482740641,1.4214111708547892,0.7217268022679213,0.1431572487182254
55,6,LMM-2,4,10.958333333333334,0.4832614889132655,22.570955999490153,1.235015201779237,0.6963485552492175,0.1121872609749579
55,8,LMM-1,4,8.643485132074648,0.2627062721412593,18.144250957128644,0.4775615261318791,0.9471240761875073,0.04159771233933644
55,8,LMM-2,4,8.622916666666667,0.5689102338389308,17.232106895294265,1.159886553768409,0.772351048273521,0.06681299591026933
55,10,LMM-1,4,8.330740979494982,0.4159590461183969,17.117857822288258,0.780105948683079,0.9633334960950893,0.026791859928883128
55,10,LMM-2,4,7.7375,0.6969800929725323,14.949538796544589,1.2834145447376302,0.8314021105782328,0.04587961036623451
56,4,LMM-1,4,13.413945720733555,0.39873945951388573,28.716770167749768,0.5802584687899638,0.5913471490273681,0.1403884546252412
56,4,LMM-2,4,12.323958333333334,0.4879304990211206,25.781713691711175,1.0111971980758205,0.6584233380294574,0.13423516578918743
56,6,LMM-1,4,10.240829750246121,0.502340251736083,21.356296953905954,0.7454029093287308,0.7368478704548787,0.0743759093589728
56,6,LMM-2,4,10.816666666666666,0.9420168965222081,22.015721301376427,1.7795768314345954,0.7339241046356396,0.097715988062752
56,8,LMM-1,4,9.834291793658542,0.9147842542700411,19.968380723801484,1.5100692830064573,0.7697927350626749,0.04921095544906385
56,8,LMM-2,4,9.457291666666666,0.7868404149137654,18.734643918815113,1.303058095078169,0.7812323764494606,0.07369521109479835
56,10,LMM-1,4,8.682081968074243,0.9869215330055828,16.896348157852216,1.6769018750540294,0.8044433615933303,0.041885363272555626
56,10,LMM-2,4,8.270833333333334,0.7863086226158275,15.840224450693142,1.346906552110439,0.8207850446343404,0.05815782631981423
57,4,LMM-1,4,15.583333333333334,0.75,32.2221060283525,1.459566934936842,0.5599171125007152,0.1424618195133623
57,4,LMM-2,4,13.890625,1.185306362032618,28.39649492051697,2.42291393893822,0.633122442530083,0.10740281756993705
57,6,LMM-1,4,12.770833333333334,0.511584548242028,26.219523559045943,1.0184041354845392,0.6243118270740445,0.12976616551423598
57,6,LMM-2,4,12.183333333333334,0.7855465188856315,24.822628663635662,1.6819123273064165,0.6813053898798576,0.09672145154605333
57,8,LMM-1,4,12.583333333333334,0.75,25.517766288685607,1.4587158739416881,0.6368330550775544,0.12188974957032832
57,8,LMM-2,4,11.8125,0.8988708194173398,23.79812857400343,1.8115494381116206,0.6947923876299964,0.09274964698577223
57,10,LMM-1,4,12.583333333333334,0.75,25.517766288685607,1.4587158739416881,0.6368330550775544,0.12188974957032832
57,10,LMM-2,4,11.75,0.9855201672213512,23.635841423939556,2.0324051486011427,0.6963750588116975,0.09093988139100373
58,4,LMM-1,4,11.226567252519116,0.15205890363982677,24.742544981405885,0.14552202121241195,0.8178117981366441,0.08986567779813054
58,4,LMM-2,4,9.670833333333333,0.2995656578003119,19.688337773017,0.5888605746694618,0.7558938139192919,0.0907880476344998
58,6,LMM-1,4,9.488786788566138,0.3025809397611755,20.438452471971164,0.2944803929304365,0.9110735777743751,0.009756588713781244
58,6,LMM-2,4,9.075,0.36012150727219866,18.388478399778215,0.6161306807687009,0.7608622770506448,0.08890625102518966
58,8,LMM-1,4,8.65815241517957,0.26822879417050766,18.153786101838456,0.4342845144402675,0.9268600092400855,0.007570267094245393
58,8,LMM-2,4,8.946874999999999,0.16065661167533682,17.7049489071142,0.29155702090241453,0.7842611440135031,0.08048885265357832
58,10,LMM-1,4,7.488277045317908,0.28740392985139385,15.138445735995274,0.33753678858149305,0.9434529781430679,0.0044077565982452785
58,10,LMM-2,4,7.416666666666667,0.21286732957408025,14.399505978534501,0.41632899473475077,0.8535459593900304,0.06797106516946595
59,4,LMM-1,4,11.570430411536478,0.20752944120424277,24.989777016572496,0.4802501213594015,0.728065625023121,0.0826721250537016
59,4,LMM-2,4,10.754166666666666,0.2142088155671164,22.047241443735366,0.4351075746409438,0.7238944996579288,0.09775820219202638
59,6,LMM-1,4,10.333611277898232,0.24370459373608125,21.485650789593787,0.30678016889532,0.7719666491289848,0.05543858561407814
59,6,LMM-2,4,9.80625,0.23209305784533937,19.67234948818387,0.4017611490510959,0.7596353675367806,0.09751168370663948
59,8,LMM-1,4,10.020824572449937,0.25477113809242696,20.794377012266587,0.42725474698566007,0.8804568063418039,0.04042256016742889
59,8,LMM-2,4,9.53125,0.2802760915597331,18.854999913868305,0.43639907720066234,0.7749486580043741,0.08504709241537492
59,10,LMM-1,4,8.880854291605846,0.08807955548599426,17.907048574138116,0.14751656777439026,0.912919097717801,0.03063805652724683
59,10,LMM-2,4,8.769791666666666,0.42972632400362304,17.146728943234237,0.785837209982538,0.8036217833296271,0.07349554314743428
60,4,LMM-1,4,17.010416666666668,0.8102934782122667,35.631308460857674,1.6230795083847127,0.5159947327511241,0.15015835100045663
60,4,LMM-2,4,15.842708333333334,1.3849462703928266,32.97943032909857,2.9441054929824317,0.5829682718466553,0.11144144524520881
60,6,LMM-1,4,17.010416666666668,0.8102934782122667,35.631308460857674,1.6230795083847127,0.5159947327511241,0.15015835100045663
60,6,LMM-2,4,15.842708333333334,1.3849462703928266,32.97943032909857,2.9441054929824317,0.5829682718466553,0.11144144524520881
60,8,LMM-1,4,15.333333333333334,0.9789450103725608,31.766955988042525,2.0238836784600394,0.5625468623018962,0.13536196436072673
60,8,LMM-2,4,14.76875,1.146104134666654,30.481170724776998,2.3311184231510977,0.6137459416186705,0.11755637792970587
60,10,LMM-1,4,14.010416666666666,0.8102934782122669,29.03093573856559,1.6222110656471809,0.5940790638603355,0.1312965858626047
60,10,LMM-2,4,12.334375,1.0968482902730896,25.234806697672546,2.2584784203935824,0.6813832952841026,0.09568449132801343
61,4,LMM-1,4,16.354166666666668,0.5784768073714508,34.439425573384085,1.1772842660238243,0.5291348568044729,0.1511227360279097
61,4,LMM-2,4,15.363541666666666,0.7567943116913167,32.250328503694504,1.4389135687823242,0.5646465099042002,0.13704986819455475
61,6,LMM-1,4,14.489583333333334,1.002763109695738,29.96712400328468,1.7199021632450386,0.5745942328025795,0.13870934203922827
61,6,LMM-2,4,13.892708333333333,1.4199483283585825,28.67137534091229,2.736293240579103,0.6157940813069479,0.10287933516924806
61,8,LMM-1,4,13.625,0.875,28.252692969402684,1.6142439684741443,0.5962409975765092,0.1328295385484971
61,8,LMM-2,4,12.777083333333334,1.133262482466735,25.992862275271637,2.0924005085887285,0.6741975664150001,0.10439594335146687
61,10,LMM-1,4,12.552083333333334,0.9369790219103092,25.635638265667257,1.5996998578826185,0.6306411493250081,0.12579949528447326
61,10,LMM-2,4,12.094791666666667,1.0645705927156732,24.540464274465126,1.942199023070338,0.6888286320608058,0.0968981354284916
62,4,LMM-1,4,16.00727738119331,0.6728030643202534,34.60003040715017,0.8149219347417088,0.5589440686706426,0.136043908234392
62,4,LMM-2,4,14.688541666666666,0.9350123244508597,30.86175151933083,1.8855179506838855,0.6151220637640753,0.12194505012965545
62,6,LMM-1,4,13.0625,0.369754986443726,27.758422673791355,0.4855784564491983,0.6740133681596583,0.11293793302382402
62,6,LMM-2,4,12.185416666666667,0.2649931209798976,25.415403773396278,0.5639584633127062,0.6616271120779609,0.12570897650161106
62,8,LMM-1,4,11.889535466725382,0.8191788811039167,22.758242530668916,1.3171794470912883,0.704222718408377,0.09716820149627006
62,8,LMM-2,4,10.461458333333333,1.2125335583843997,19.881178045342285,2.1918103078476046,0.7822758571734914,0.06234380473011771
62,10,LMM-1,4,11.565103140959971,1.0184020999469883,22.31807598612266,1.6922472647457025,0.744554592494912,0.07868881087780115
62,10,LMM-2,4,10.463541666666668,1.264552014301903,19.972995808680245,2.261603933493488,0.7703487384088046,0.06447032376809811
63,4,LMM-1,4,14.354166666666666,0.4578596036632482,30.3182479797571,0.6338650484475128,0.5621797256879474,0.1517960833512691
63,4,LMM-2,4,11.6875,0.4522513128781383,24.035914676883564,1.1219863656923703,0.6832397721245612,0.12952124312773733
63,6,LMM-1,4,12.25,0.5590169943749475,25.82560361107326,0.9890545567388926,0.6098602753126289,0.1350192294616029
63,6,LMM-2,4,10.820833333333333,0.28385368883751805,21.969233407944625,0.7884264698757588,0.7223710695355114,0.1142557119824758
63,8,LMM-1,4,12.614583333333334,0.597575396219311,26.117146756546013,1.0662788375706298,0.6164955479558477,0.13279878462593753
63,8,LMM-2,4,10.23125,0.5360081039499306,20.513707513221153,0.9339586079369077,0.7359192763147248,0.09856849595707386
63,10,LMM-1,4,10.75,0.5590169943749475,22.09416961481007,0.9897787475309571,0.6768203800928414,0.10615204861824762
63,10,LMM-2,4,8.78125,1.2536664977177938,17.33764161054246,2.533425204703599,0.8214947511190765,0.039792660345659335
64,4,LMM-1,4,17.71875,1.3873733050264445,38.26407400804148,3.3367303192628808,0.48601172286118793,0.1387426623848104
64,4,LMM-2,4,16.347916666666666,1.5186385418635115,35.057908094925175,3.6593425106625137,0.5550455172609217,0.10988759507303549
64,6,LMM-1,4,10.90924158061343,0.2747818442091087,23.44452874791159,0.6313086583789056,0.7997106827470777,0.05357749411990267
64,6,LMM-2,4,10.717708333333334,0.2234975880742337,21.886954252038006,0.4710539830342292,0.7022587359753298,0.11358346116255089
64,8,LMM-1,4,10.603695535174344,0.5127459791632795,22.198601900364547,1.2701552318345508,0.8033780861470718,0.056517784570560815
64,8,LMM-2,4,10.380208333333332,0.46623282475068156,20.86331139051266,0.8120059403322037,0.7184064875598785,0.10684301380218611
64,10,LMM-1,4,9.434978059403305,0.37235763582595294,19.61710799268158,0.7904558210439269,0.9662127154744788,0.03320361094752982
64,10,LMM-2,4,9.475,0.38119876704942285,18.551230962798364,0.7103068194022248,0.7621561046684582,0.08040449984134884
65,4,LMM-1,4,10.560832197636673,0.5259851353777745,22.721011553881755,0.8955969469578353,0.7821257346612991,0.1074852773796899
65,4,LMM-2,4,10.2625,0.3697549864437261,21.288532602925148,0.40633782494799886,0.7305159332860878,0.11565509226879786
65,6,LMM-1,4,9.897103546021816,0.09962225937512102,21.112959409708964,0.1878367528735104,0.8489673957287137,0.04901611318771911
65,6,LMM-2,4,9.528125000000001,0.2820647919804953,19.497830694927664,0.5619523817024296,0.7519844849845305,0.10714229049276386
65,8,LMM-1,4,8.788869467280183,0.24778941772806073,18.723727309711254,0.486266335806337,0.9183701527437236,0.0083106522176191
65,8,LMM-2,4,8.480208333333334,0.4089215045396851,17.045811921073312,0.723933649108565,0.7945371664547738,0.0878001670968219
65,10,LMM-1,4,8.236058394740306,0.22186722935632297,16.690233550931726,0.5051107176908424,0.9319248957645397,0.005779361735778851
65,10,LMM-2,4,7.876041666666667,0.26595567652336377,15.406139808086538,0.5855035353245738,0.8322828246679316,0.07902268018867026
66,4,LMM-1,4,12.760416666666666,0.2608330005322691,27.48357018280663,0.4107581171783951,0.5921631399894614,0.14536579220458987
66,4,LMM-2,4,12.109375,0.2579024464308157,25.843682374430855,0.4034185984077195,0.6532090737248376,0.12752451647686486
66,6,LMM-1,4,11.854166666666666,0.2909216675785197,25.04034415651148,0.6293457350793416,0.6260408418544899,0.1392867995390109
66,6,LMM-2,4,10.977083333333333,0.3925245480646189,22.81997265253952,0.7446963306260553,0.7209375211484799,0.10681992383039185
66,8,LMM-1,4,12.052083333333334,0.26577814212860557,23.612475664810034,0.7421449452370928,0.6618435312726615,0.1317271870499832
66,8,LMM-2,4,11.059375,0.5638438807639927,21.707911250027358,1.0691201689580256,0.7337100839755332,0.0936227523883382
66,10,LMM-1,4,10.293296077112034,0.4950862860010708,20.19895988814884,0.7243450940564737,0.7674755301209248,0.07879970169446392
66,10,LMM-2,4,9.027083333333334,0.5227257287526605,17.454144638290114,0.930662957334361,0.8090980304566215,0.06293009995817844
67,4,LMM-1,4,14.75,0.25,30.328884354464076,0.3563654580507081,0.5697269222201944,0.14915983841247735
67,4,LMM-2,4,13.40625,0.5357165178524929,27.36117126138046,1.0187564198923706,0.6341578273958322,0.12347876944887837
67,6,LMM-1,4,11.59375,0.4624577683421482,22.964177483774094,0.7732792130269714,0.6623943507786618,0.12018606194510996
67,6,LMM-2,4,10.320833333333333,0.5196653570648455,20.338356186807133,0.8406984450665419,0.7343433056950995,0.09473279128588168
67,8,LMM-1,4,11.59375,0.4624577683421482,22.964177483774094,0.7732792130269714,0.6623943507786618,0.12018606194510996
67,8,LMM-2,4,10.320833333333333,0.5196653570648455,20.338356186807133,0.8406984450665419,0.7343433056950995,0.09473279128588168
67,10,LMM-1,4,10.59375,0.4624577683421482,20.617489927238957,0.7730886180740766,0.692107787861014,0.11097120485643071
67,10,LMM-2,4,9.627083333333333,0.49171521652951383,18.31418338449635,0.9032980466645696,0.8031412454698151,0.07077567365127022
68,4,LMM-1,4,13.297587933866243,0.4020591942482817,30.03503118449232,1.5035876540333035,0.7639123622066186,0.1407287531382488
68,4,LMM-2,4,12.966666666666667,0.48819395052922737,27.352932467038777,1.0809723989998576,0.6174737610449034,0.1353474795279646
68,6,LMM-1,4,12.086323582892705,0.365156421011949,26.838807885596367,1.223867993550488,0.8030754221565402,0.14473086305960006
68,6,LMM-2,4,11.895833333333332,0.7405304967836687,24.590029780864178,1.640039510653027,0.6709073742107562,0.13013052331862948
68,8,LMM-1,4,9.928487967745063,0.36431401517308293,21.399133750444246,0.5314567711149465,0.8772568938612599,0.060578056587883976
68,8,LMM-2,4,9.267708333333333,0.442651957194739,18.897927888035927,0.6728717693066283,0.7750294510277921,0.08648772310650502
68,10,LMM-1,4,9.19982832810656,0.33109234886642636,19.069264155227664,0.6373225314550729,0.933369346874076,0.056815624932681344
68,10,LMM-2,4,8.855208333333334,0.2123237627029374,17.486463893673182,0.3549168828567701,0.7698291932306011,0.09410966311070906
69,4,LMM-1,4,13.583333333333334,0.43301270189221924,27.92263394053722,0.8456526087650581,0.595493661648981,0.13739032356635944
69,4,LMM-2,4,12.529166666666667,0.784252563485344,25.640868902071944,1.6524273629755575,0.6618271745332449,0.10128483528331729
69,6,LMM-1,4,13.583333333333334,0.43301270189221924,27.92263394053722,0.8456526087650581,0.595493661648981,0.13739032356635944
69,6,LMM-2,4,12.529166666666667,0.784252563485344,25.640868902071944,1.6524273629755575,0.6618271745332449,0.10128483528331729
69,8,LMM-1,4,12.38642510085076,0.6760681402353819,25.38525774907653,0.8197161631912898,0.7266694805880942,0.07870546379215297
69,8,LMM-2,4,12.285416666666666,0.8001383343939137,24.634694700042804,1.4409314976136138,0.6725778228617313,0.10517471978951166
69,10,LMM-1,4,11.217161479631464,0.4860799294295798,22.70481260189338,0.8471338810414193,0.7633608878779988,0.06791744238812662
69,10,LMM-2,4,10.671875,0.6240226733661208,20.92250544472405,0.9899799423161846,0.7450597732587532,0.09495857174370906
70,4,LMM-1,4,12.76641504977538,0.210565351016779,28.238564948573277,0.18760533358658754,0.7196816069712276,0.10533941335176063
70,4,LMM-2,4,12.153125,0.3473532738797777,25.366272816684948,0.6342183646732416,0.6597191169783314,0.12895306351224387
70,6,LMM-1,4,11.786335526319906,0.2864210645142566,25.815001744035772,1.0834260683409143,0.7635147522679906,0.09259014821084594
70,6,LMM-2,4,10.419791666666667,0.5494581848284728,21.939633719205155,1.496002271905664,0.6856194272561774,0.14170663137035952
70,8,LMM-1,4,11.408643216498175,0.559324309687458,24.60877221383919,0.9504282538953095,0.8230878995869785,0.07364583028634696
70,8,LMM-2,4,10.797916666666666,0.5832849682330821,22.73747902736926,1.0693813019140872,0.6760742059849697,0.11440720728521359
70,10,LMM-1,4,11.009683694563428,0.691007554245298,23.162534978845507,1.311976032907205,0.8073353478291079,0.061707709976742665
70,10,LMM-2,4,10.304166666666667,0.5240566922258191,21.061242552474837,0.913469339963792,0.7134334412425315,0.10050318686156921
71,4,LMM-1,4,11.07043194967409,0.623882168167787,23.60483972194079,1.321598740229985,0.7202322745097214,0.11988075026971998
71,4,LMM-2,4,10.708333333333332,0.7808915844511749,22.12273705051945,1.5638429709926276,0.7099783733785966,0.08275258723204926
71,6,LMM-1,4,11.422362843374618,0.3982510237023803,24.55956655198872,0.8739104588212463,0.8369977123025925,0.10492363125439225
71,6,LMM-2,4,11.061458333333333,0.3204458563860676,22.438867046987994,0.6379075729047216,0.7105138174920211,0.10501154268418852
71,8,LMM-1,4,9.80816366690741,0.3284688649711675,20.867624760256614,0.6413629888691855,0.8775201777326127,0.08151107101041986
71,8,LMM-2,4,9.835416666666667,0.6062285219563107,19.657209897569956,1.085442561136075,0.7734431069098751,0.07720527793122117
71,10,LMM-1,4,9.137426817885203,0.34725959331227435,18.892667661174528,0.6877095497095747,0.9061168623362978,0.05750614555555554
71,10,LMM-2,4,8.863541666666666,0.5965858811115686,17.51097700710386,1.1068961681267027,0.8136717085732006,0.06963345021941758
72,4,LMM-1,4,17.455141395331314,1.2381709159728398,36.75931858128016,1.8442138253087175,0.553173814293961,0.11862525902908502
72,4,LMM-2,4,15.770833333333332,0.9358875021425747,32.772254467006874,1.5886890888764278,0.5729641240491354,0.14386628012084438
72,6,LMM-1,4,17.455141395331314,1.2381709159728398,36.75931858128016,1.8442138253087175,0.553173814293961,0.11862525902908502
72,6,LMM-2,4,15.770833333333332,0.9358875021425747,32.772254467006874,1.5886890888764278,0.5729641240491354,0.14386628012084438
72,8,LMM-1,4,17.369002041491385,1.3533812735252262,36.505062387888735,2.19045430210909,0.5537443959414735,0.11801053296960183
72,8,LMM-2,4,15.770833333333332,0.9358875021425747,32.772254467006874,1.5886890888764278,0.5729641240491354,0.14386628012084438
72,10,LMM-1,4,11.856520561536076,0.45691282380100384,24.402356869468242,0.9277025573892158,0.6522189973545112,0.1308483780711171
72,10,LMM-2,4,12.047916666666666,0.41834557585007764,24.553995857467868,1.0325057161061406,0.685725372429802,0.13575447144194283
73,4,LMM-1,4,15.010416666666666,0.6962043671461229,31.91551095770783,0.954701826842283,0.6010886390678047,0.09931253718109526
73,4,LMM-2,4,13.728125,1.1611004680366814,28.199959411686024,2.255712453083968,0.6416271977730447,0.11046296746126151
73,6,LMM-1,4,14.762429071364403,0.9596735714685702,31.310646569261817,1.5778278413588744,0.6020321508471198,0.09855874221932674
73,6,LMM-2,4,13.120833333333334,0.9954845972356045,26.927106020028916,1.92106055686165,0.6588881746383674,0.10291254932231071
73,8,LMM-1,4,14.94485802947727,0.7340871388791547,31.56263521594314,1.2519877008537632,0.5725805251161113,0.12922852012605776
73,8,LMM-2,4,13.609375,0.7214013597679175,28.05407916688476,1.3253874438096622,0.6341942119210114,0.11632211998613197
73,10,LMM-1,4,11.276784952650592,0.5239034950156319,23.188562228780757,0.838456007268986,0.6644481762861145,0.11168036604176919
73,10,LMM-2,4,10.536458333333334,0.5222428843060799,21.074898632648633,0.82640907198753,0.7593446948477589,0.09143881611949282
74,4,LMM-1,4,13.822916666666666,0.4149705059800436,30.385914936400887,0.6848154749718317,0.5484791744549995,0.15296464238257576
74,4,LMM-2,4,12.695833333333333,0.548530233138217,27.019093690762013,0.9276872059121362,0.6395787270905076,0.1325654683712801
74,6,LMM-1,4,11.885416666666666,0.4180965050081142,25.411106706416124,0.8125133792848139,0.6162909729704241,0.13371582993923592
74,6,LMM-2,4,10.9875,0.4392820847701392,22.99621680110439,0.8964704832816914,0.7078271116139476,0.1010027367200164
74,8,LMM-1,4,11.885416666666666,0.4180965050081142,25.24452026008335,0.6878343568470672,0.6221887743335086,0.13490089146062054
74,8,LMM-2,4,10.626041666666666,0.8900802427543636,22.004240345636806,1.669889147769544,0.7246787906572014,0.08957593414618668
74,10,LMM-1,4,10.78125,0.4363825013677794,22.282932415418678,0.717593900785416,0.6725669311608343,0.12196563573461723
74,10,LMM-2,4,9.583333333333332,0.3216170082567152,19.70289022183667,0.4584636860246796,0.7417380579524566,0.09770627626898132
75,4,LMM-1,4,14.041666666666666,0.6574889099191459,29.575137645032292,1.1218734903802345,0.5707540864611064,0.14409698527195158
75,4,LMM-2,4,13.039583333333333,1.1633789240111465,27.452423975799547,2.337434449532591,0.6185831952085699,0.11791131901273191
75,6,LMM-1,4,11.354166666666666,0.38358234665670776,23.90139369042947,0.6501665277001472,0.6395197719224293,0.13044285823220597
75,6,LMM-2,4,10.711458333333333,0.6754844904770204,22.238707181785188,1.2536065260385518,0.7071024247317934,0.09806005043597797
75,8,LMM-1,4,11.16637625583711,0.6235151808688321,23.440948393784577,1.048104847735962,0.6984232230067229,0.10612584894458753
75,8,LMM-2,4,10.383333333333333,0.6804563419745117,21.442321082499557,1.2037570109265852,0.70664784926682,0.10201539116335304
75,10,LMM-1,4,10.375711079355074,0.42117093109893133,21.579812660346164,0.6031386771697503,0.7174047289887193,0.104910560022734
75,10,LMM-2,4,9.871875,0.49736610949581195,20.341583948733394,0.7849504122354937,0.7136189005741941,0.10366836136815083
76,4,LMM-1,4,14.34375,0.6083725729353683,30.838656341640373,1.2961895279412432,0.5486621745761308,0.1515296864238658
76,4,LMM-2,4,13.246875,0.9063308153621392,28.598111671439447,1.8396116911744123,0.6006260545380113,0.12234595586512073
76,6,LMM-1,4,11.40334828476121,0.8008933498618643,24.55506103033435,1.3132812716775832,0.6868909172102075,0.07213582371574093
76,6,LMM-2,4,10.107291666666667,0.6897713426986748,21.216160806859577,0.9556996563559212,0.7147487467500441,0.11353726002721463
76,8,LMM-1,4,11.219294200144889,0.959799747501193,24.109710608962864,1.7179463368258732,0.6977719998143557,0.06336866397084664
76,8,LMM-2,4,10.061458333333333,0.7054683174140421,21.166741620114696,0.9747781768285432,0.7096021425653674,0.11755530490657996
76,10,LMM-1,4,11.853781088710596,0.4857544098679074,25.335967935483907,0.8281740391032208,0.6559171489615483,0.09406123414142957
76,10,LMM-2,4,10.040625,0.7952679874576867,20.866351037164172,1.414694091241159,0.7268991841722705,0.09726203126722177
77,4,LMM-1,4,15.572916666666666,0.7255116728902438,32.846117480750934,1.3162318358246075,0.5424476261022617,0.14732702637187897
77,4,LMM-2,4,13.875,0.7022285952594067,28.887906055831063,1.3374993883882211,0.6282275326674284,0.12180776349975096
77,6,LMM-1,4,13.572916666666666,0.7255116728902438,27.70061942272562,1.3157410455125895,0.6118819183139459,0.1299691564251902
77,6,LMM-2,4,10.557291666666666,0.08005938551059061,21.090168293648382,0.33207186782811476,0.7511583525666109,0.10028671041388386
77,8,LMM-1,4,13.572916666666666,0.7255116728902438,27.70061942272562,1.3157410455125895,0.6118819183139459,0.1299691564251902
77,8,LMM-2,4,10.557291666666666,0.08005938551059061,21.090168293648382,0.33207186782811476,0.7511583525666109,0.10028671041388386
77,10,LMM-1,4,13.572916666666666,0.7255116728902438,27.70061942272562,1.3157410455125895,0.6118819183139459,0.1299691564251902
77,10,LMM-2,4,10.557291666666666,0.08005938551059061,21.090168293648382,0.33207186782811476,0.7511583525666109,0.10028671041388386
78,4,LMM-1,4,10.937870707588774,0.8054128459598905,23.75098731368055,1.637443885975084,0.7603068159718096,0.11189758093257142
78,4,LMM-2,4,9.7125,1.2641078870096492,20.106777870900245,2.503626253131137,0.7622684669951153,0.06369504127428967
78,6,LMM-1,4,10.213255755561136,0.9068198660262673,22.10368615460401,1.8724675153369537,0.7745775373294597,0.10512443302710435
78,6,LMM-2,4,9.41875,0.8487812954465955,19.45140245172972,1.4865115823439563,0.7617377182889836,0.08624791219868165
78,8,LMM-1,4,10.876563913788384,0.6965923366498196,22.837003350054616,0.9988334941791814,0.796249825023822,0.03778006782216642
78,8,LMM-2,4,10.121875,0.6568375346118703,20.521719128748906,1.1331044817695182,0.7457994150936493,0.09385521801568987
78,10,LMM-1,4,9.641959998849071,0.4408095631059622,20.201108007194378,0.7437221338212701,0.8393321391457191,0.05168245847050257
78,10,LMM-2,4,8.610416666666667,0.6577364118702869,17.214576855598068,1.2393937085630624,0.806632922754589,0.06047825147935261
79,4,LMM-1,4,10.720281211284906,0.5134713505759662,23.003260782872466,1.0197240549418451,0.9085276672923934,0.08496026955475534
79,4,LMM-2,4,10.50625,0.6190655760902879,21.12831067704426,1.0421246351217037,0.7267603111137524,0.09555386737587267
79,6,LMM-1,4,10.246780918520706,0.5570453824204663,21.89115103192222,1.1844460820341385,0.9175091834809977,0.07619082613843643
79,6,LMM-2,4,9.430208333333333,0.7861616438165455,18.56747113692643,1.3746313789287354,0.7792485622834305,0.07117248867035647
79,8,LMM-1,4,10.047297406068374,0.41613028652975687,20.965940778684804,0.7793921686654922,0.9289397607044219,0.06545237849721061
79,8,LMM-2,4,9.609375,0.424022312944732,18.62877851096565,0.7878435597401688,0.7888268341545828,0.09100500044452418
79,10,LMM-1,4,9.584319099021734,0.40015681800556424,19.353949129216502,0.7081206655053826,0.9366293639718462,0.05302063137490248
79,10,LMM-2,4,8.70625,0.3633072907333409,16.83434238799545,0.713327405677394,0.8204458792563943,0.08804649815838361
80,4,LMM-1,4,12.91316233560806,0.6960316115400798,27.021925222491912,1.133491396766699,0.6172010154696517,0.12397410841321015
80,4,LMM-2,4,12.460416666666667,0.7107159682320356,25.89734009118562,1.3349871174835073,0.640369938593901,0.1169170916982497
80,6,LMM-1,4,12.929426159740459,0.678613174825305,25.765592744318138,1.024804414491987,0.6439878408652852,0.11729823025655976
80,6,LMM-2,4,12.345833333333333,0.798664249439859,24.20284497335888,1.3570574054344293,0.7122868153362983,0.09495707094492231
80,8,LMM-1,4,12.20987512789604,1.4011467569461271,24.349164681305613,2.4364633663929487,0.6902767500514635,0.07612171067885899
80,8,LMM-2,4,10.940625,1.0555424775322875,21.458319138547342,1.83890042391257,0.7465578737535228,0.08907214818178884
80,10,LMM-1,4,12.188833884090633,1.4293489638687427,24.223217069196313,2.5856500165372562,0.690675413395438,0.07582368454270723
80,10,LMM-2,4,10.728125,1.203587573413335,20.873867410017546,2.1624968716689987,0.769508102213653,0.06840748792085138
81,4,LMM-1,4,12.645833333333334,0.5601804024895313,27.720798877211806,1.1308729896469931,0.6473954254136739,0.11626046682576242
81,4,LMM-2,4,11.948958333333334,0.44861258922185104,25.649047501128166,0.9574726066380272,0.6679122962600708,0.11500444376518
81,6,LMM-1,4,11.356385210947387,0.8162516881273688,24.381721845500948,1.4854320449482465,0.6787098463021846,0.08756875293523649
81,6,LMM-2,4,10.482291666666667,0.7632531287467261,21.987110653947887,1.5634001706869016,0.7312177490809548,0.08724820715014939
81,8,LMM-1,4,9.277539623224307,0.8105631198424141,19.537696099726762,1.3826167433158651,0.8349946751930849,0.022249231655412028
81,8,LMM-2,4,8.567708333333332,0.8117324098545856,17.239141371335663,1.492437065368205,0.8242585591429009,0.052590475559800336
81,10,LMM-1,4,9.261133630368477,0.8419555313694302,18.56855794738543,1.1606558466236991,0.869046889813329,0.0025972111908258294
81,10,LMM-2,4,8.233333333333333,0.5326818938165628,16.030125595671166,0.8824292297239806,0.8380308081457859,0.05568872271935068
82,4,LMM-1,4,22.072916666666668,0.7255116728902435,47.9685007993058,1.2279048864902429,0.40462083642287133,0.17100372253980828
82,4,LMM-2,4,17.869791666666664,1.101101780131308,38.71672326970022,2.0085715182687878,0.5003646489281853,0.14792255117292946
82,6,LMM-1,4,15.739583333333332,1.0434879910664998,33.99379478719599,2.5154638861467857,0.5155983361009844,0.18280074041914582
82,6,LMM-2,4,14.157291666666666,0.28211095076523796,30.341718020680503,1.0153715342337735,0.584376274981601,0.16008737026074762
82,8,LMM-1,4,12.697916666666666,0.7164819287090687,27.12652802021644,1.5349415979472631,0.5943129823415861,0.15381139775360658
82,8,LMM-2,4,12.216666666666667,0.40556031199646053,25.602372735477132,0.921063130450908,0.6806062681585772,0.12740268955732645
82,10,LMM-1,4,12.072916666666666,0.7255116728902438,24.803026819890892,1.2371991834756386,0.6357694609705296,0.1250601210530132
82,10,LMM-2,4,11.727083333333333,0.6093990379874257,24.10063633011072,1.0806075158484962,0.6762300410192792,0.10881550437347681
83,4,LMM-1,4,12.574536236534147,0.2671941131562586,26.499896783581306,0.2575640230298847,0.6855897968745845,0.10162035806208362
83,4,LMM-2,4,11.539583333333333,0.5741955423314719,23.627968687764664,1.092441228681132,0.6891936906454728,0.1015033482531661
83,6,LMM-1,4,12.82859729803995,0.31986604962665327,27.570626797248792,0.48224669592771197,0.7270415859215998,0.10334860043934535
83,6,LMM-2,4,11.652083333333334,0.44792635648433715,23.687647241639322,0.7912126733616528,0.691451132486591,0.1071557061149814
83,8,LMM-1,4,9.687672033959583,0.3008963778504903,19.92023547458851,0.47913726859684036,0.7505425507142587,0.08529369880547204
83,8,LMM-2,4,9.359375,0.4871292660834492,18.635819423305847,0.8419564145938697,0.7930254640355096,0.07116131195018217
83,10,LMM-1,4,10.057275012263485,0.384736077075346,20.544996843479183,0.5849628875643855,0.7506109361447169,0.08366393978337484
83,10,LMM-2,4,9.138541666666667,0.33154958936535156,18.149991465707842,0.509360128293663,0.7983202259207557,0.0786441776735319
84,4,LMM-1,4,18.90625,1.2480453467322412,38.69987437386253,2.7312774571662066,0.5083594901517,0.1404378624066207
84,4,LMM-2,4,12.141666666666667,0.3092329219213244,23.711756737358115,0.6508490341805955,0.7434891086235872,0.0963649463237455
84,6,LMM-1,4,17.90625,1.2480453467322412,36.35540076232782,2.7307731798025605,0.5340697594361992,0.13434492114726448
84,6,LMM-2,4,11.855208333333334,0.3560900591259653,23.068272215629968,0.7674527339486354,0.7526814748157935,0.0919752555482149
84,8,LMM-1,4,17.90625,1.2480453467322412,36.34309539977695,2.747867848746535,0.5345490366841814,0.13379754794127222
84,8,LMM-2,4,11.839583333333334,0.3801212799883744,23.01520637235596,0.8426494066237817,0.7540833669783482,0.0902629454003396
84,10,LMM-1,4,11.76117923667076,0.5923001614250719,25.049496855044204,1.0674507806145639,0.9001029310481462,0.05179889166586805
84,10,LMM-2,4,10.475,0.5539629951540086,20.82377446038931,1.0503491613677982,0.7231750315670108,0.12026243865187558
85,4,LMM-1,4,20.53125,0.9777804904476259,43.815110050419584,2.2771169676892713,0.446096067077383,0.15439880389367636
85,4,LMM-2,4,19.14375,1.7473529086878812,40.76256647931665,3.957667566915118,0.4915361650950991,0.1264080311779811
85,6,LMM-1,4,20.53125,0.9777804904476259,43.815110050419584,2.2771169676892713,0.446096067077383,0.15439880389367636
85,6,LMM-2,4,19.14375,1.7473529086878812,40.76256647931665,3.957667566915118,0.4915361650950991,0.1264080311779811
85,8,LMM-1,4,18.614583333333332,2.1293613332405568,39.5518167222549,4.834348941506587,0.48515758618066457,0.1305346908129984
85,8,LMM-2,4,17.53333333333333,2.639424653215166,37.13496790613675,5.9674612339679864,0.5394178619397535,0.09675817590050195
85,10,LMM-1,4,14.53125,0.9777804904476259,30.609782272187477,2.274954267782764,0.5684696772420722,0.1283290631546074
85,10,LMM-2,4,12.772916666666667,1.1918615079641872,26.58497699642435,2.734382564409721,0.6484429098588991,0.09369542195897933
86,4,LMM-1,4,11.197916666666666,0.22316963839196408,24.664174079978963,0.393161256139727,0.6080144942550921,0.13919866486381108
86,4,LMM-2,4,10.322916666666668,0.7185869380248988,21.638940349177922,1.4132629231007328,0.720439411794532,0.09660310950828851
86,6,LMM-1,4,11.177083333333334,0.28009020124476575,23.274399138815188,0.638631075210669,0.649700165441236,0.13589118823600257
86,6,LMM-2,4,10.266666666666666,0.2999999999999997,21.15347952204808,0.525126914589199,0.7258411964785745,0.09897147393197568
86,8,LMM-1,4,9.629558805061624,0.562174240681849,19.218022795365787,0.8837144233436356,0.7432846255058344,0.07677972203586456
86,8,LMM-2,4,8.685416666666665,0.36172690550561315,17.162944236699808,0.4967690005843424,0.8071825118792678,0.07474043283468994
86,10,LMM-1,4,9.301835046906485,0.7268769848772908,18.5684585810919,1.2220860608382145,0.7554163617746692,0.0712013761410798
86,10,LMM-2,4,8.53125,0.4090289567989043,16.869065691571308,0.6531741229188904,0.8124972279757577,0.07190143327935598
87,4,LMM-1,4,20.041666666666668,0.7671646933134152,47.01529762304463,1.855783943532038,0.3818167036100272,0.16562400737006922
87,4,LMM-2,4,16.942708333333332,1.126481952159762,38.90586469379787,2.734964053777533,0.48479606400675185,0.1486120566496196
87,6,LMM-1,4,14.041666666666666,0.7671646933134154,31.507124223629948,1.8538184021920838,0.5247423260018483,0.14231183659326446
87,6,LMM-2,4,13.036458333333334,0.9008549902962554,28.98622596731733,2.1725596759509327,0.5897340279100387,0.11889477334361773
87,8,LMM-1,4,9.954044340816484,0.5064455791680003,21.68957459286026,1.083818118222868,0.8239957600857671,0.09665288998368332
87,8,LMM-2,4,9.204166666666666,0.700334741391572,18.851376643822864,1.38852653946068,0.7592472736624285,0.07786023505842954
87,10,LMM-1,4,9.058253530458783,0.17558990350647202,19.19776724445284,0.4877648091008438,0.8473727043887416,0.0915804545326221
87,10,LMM-2,4,8.501041666666666,0.4664841067764257,16.986961047544355,0.8418585087453989,0.7952369694397347,0.075891297545873
88,4,LMM-1,4,20.947916666666668,0.7791638814566975,46.51307647379179,1.5142745729918756,0.4101950348425016,0.16743517940074235
88,4,LMM-2,4,19.257291666666667,1.0617169295728814,42.431516467934,2.1547602656104328,0.45634593536426893,0.15561506454282187
88,6,LMM-1,4,18.041666666666668,0.6574889099191457,39.80801308576694,1.2593720701963869,0.4636129206036132,0.16233161343603486
88,6,LMM-2,4,16.719791666666666,1.0228270284893402,36.61459193156777,2.1241557752791396,0.5090554505125293,0.14421198006649832
88,8,LMM-1,4,15.947916666666666,0.7791638814566976,34.63564419216841,1.5126689014807089,0.5095202616530492,0.15219911231788827
88,8,LMM-2,4,14.776041666666666,1.204658114103334,31.86494391156198,2.531474132284945,0.5644148074121702,0.12260012579129073
88,10,LMM-1,4,10.947916666666666,0.7791638814566976,22.86118287850393,1.5112205743317795,0.6531022118594545,0.11544540343779836
88,10,LMM-2,4,10.313541666666667,1.0944595912481185,21.289765369168688,2.303394065113969,0.7243421139183217,0.06667688951904012
89,4,LMM-1,4,11.90625,0.7036456405748563,26.302244607985173,1.8040557418326009,0.5990636703413119,0.12381074409452847
89,4,LMM-2,4,9.892708333333333,0.6894692440868317,21.266517843188623,1.625411290519866,0.726337040590695,0.07988781679529658
89,6,LMM-1,4,10.313496520636201,0.35086893425188403,22.505236587865785,0.8592860637769457,0.8477595079967131,0.09939434894368589
89,6,LMM-2,4,9.763541666666667,0.4177421017106921,20.06184808083551,0.7494931767129861,0.7404993714980346,0.09552612465978544
89,8,LMM-1,4,10.757003483013717,0.3349077884908955,23.150721884114432,0.6098425513378419,0.8430385058747807,0.09892646149912145
89,8,LMM-2,4,10.348958333333332,0.42963541350971896,21.025092437364282,0.9401000635451203,0.7209649508961988,0.09952226368051438
89,10,LMM-1,4,9.584710073897483,1.3850754267062362,20.086649682273197,2.8674484313032145,0.8329991451913543,0.0430950668954105
89,10,LMM-2,4,9.9125,1.3380839846586612,20.20366584736498,2.9547976204528728,0.7356035036615005,0.06600249544535873
90,4,LMM-1,4,12.390571036489296,0.406324880556256,26.459067767636203,0.5339274518494892,0.6501212260435382,0.13288020867758316
90,4,LMM-2,4,10.182291666666668,0.33758197306975163,20.571571541938162,0.9367983680486929,0.7516272250580854,0.1204392140842721
90,6,LMM-1,4,11.454806138738007,0.4246878293285861,24.30761440453022,0.6770006945839971,0.6725450350841586,0.12856712727124703
90,6,LMM-2,4,10.688541666666667,0.4241758246391853,21.894119344410388,0.8647439622859474,0.7132318518185763,0.1113058763057001
90,8,LMM-1,4,10.217808764295874,0.4859858796897791,21.010248303934915,0.6738785078634812,0.7385526047066482,0.06868129111741961
90,8,LMM-2,4,9.482291666666667,0.6518827899822177,18.951823494077498,1.1410760670340268,0.7829518743727799,0.07898801690170576
90,10,LMM-1,4,9.171871772458143,0.5302258771115178,18.27092188798241,0.7429487970539952,0.7639449471779881,0.0624633863181455
90,10,LMM-2,4,8.811458333333333,0.479233464546944,17.17239735897932,0.7542209588886097,0.7997809088296792,0.07719661113507413
91,4,LMM-1,4,13.760416666666666,0.2608330005322691,31.321843876842223,0.911703121806907,0.5315481293038444,0.14788008601136815
91,4,LMM-2,4,12.538541666666667,0.5431659938499467,28.455368708345045,1.5917091811743278,0.6013852938877655,0.11081967318099384
91,6,LMM-1,4,11.619091324622726,0.6292208365971313,24.62893597802769,1.066865149500914,0.6638655650690827,0.10498823857025333
91,6,LMM-2,4,10.734375,0.8329810453275632,22.22944898014218,1.6515773068769402,0.7352081646912252,0.08238292499497937
91,8,LMM-1,4,11.619091324622726,0.6292208365971313,24.62893597802769,1.066865149500914,0.6638655650690827,0.10498823857025333
91,8,LMM-2,4,10.597916666666666,0.9467116883367047,21.896009397922317,1.9296053414715488,0.7455983782039243,0.07216850071520699
91,10,LMM-1,4,9.583333333333334,0.6373774391990981,19.77645734396139,1.1382004449015346,0.7042224768033387,0.10519276745839756
91,10,LMM-2,4,8.932291666666668,0.5649512561938422,18.040855347424202,0.9825666978789074,0.8116229111545008,0.06995989378173713
92,4,LMM-1,4,13.350796117496476,0.43896926881947035,28.920335657670307,0.4774907083975611,0.5945658088779301,0.128473836145682
92,4,LMM-2,4,12.523958333333333,0.5676184944206214,26.693351966374728,1.028677051670239,0.6347451156768884,0.1244356244010175
92,6,LMM-1,4,11.093456172358657,0.296764842218209,23.87169102612985,0.8711752016037668,0.7369042277944612,0.10651020432781755
92,6,LMM-2,4,10.113541666666666,0.4335273503963349,20.90088540746418,1.0325991642565935,0.7338082358535643,0.0841899308681178
92,8,LMM-1,4,10.85352688464506,0.5000271574180386,23.19236590770438,1.2519251739779933,0.752511348220208,0.09349382175663382
92,8,LMM-2,4,9.555208333333333,0.747410895608968,19.58920327459646,1.8144828062678904,0.760883407749066,0.07172388855005618
92,10,LMM-1,4,9.578227843742262,0.24987154086136262,19.51861063210592,0.1534026316152493,0.7665627023362068,0.06341250733441998
92,10,LMM-2,4,8.689583333333333,0.40506236659721123,17.143354152428696,0.5148564471614973,0.8274397834730736,0.07549821644885975
93,4,LMM-1,4,15.520833333333334,0.3835823466567076,32.5580493962444,0.8922619648742164,0.553724167650189,0.1455423379650013
93,4,LMM-2,4,13.805208333333333,0.911288079336972,28.840400202939257,2.038782776219968,0.6298704409020209,0.11727018024722848
93,6,LMM-1,4,15.520833333333334,0.3835823466567076,32.5580493962444,0.8922619648742164,0.553724167650189,0.1455423379650013
93,6,LMM-2,4,13.805208333333333,0.911288079336972,28.840400202939257,2.038782776219968,0.6298704409020209,0.11727018024722848
93,8,LMM-1,4,12.16612503784897,0.10162320248043201,25.11987371224503,0.23651987122347923,0.6457995693168604,0.12207586920662236
93,8,LMM-2,4,11.386458333333334,1.0118712682657152,23.094437948569844,1.840106850321225,0.7155578029109948,0.0986372358497418
93,10,LMM-1,4,10.354166666666666,0.4578596036632482,21.145413928527624,0.7432817489569695,0.6943310689203027,0.10376099319015974
93,10,LMM-2,4,9.854166666666666,0.6190971248519895,19.54976024194925,1.0325609841348486,0.7780989532175764,0.08144367056546875
94,4,LMM-1,4,13.18940045040003,0.47246738532077354,27.872141105145705,1.1371689022165008,0.6239213833061659,0.11123981735825657
94,4,LMM-2,4,12.735416666666666,0.5022994002584512,26.577053910484643,1.2971888035924666,0.6445367435572544,0.12206378839912625
94,6,LMM-1,4,10.493988194992065,0.29774180092290414,21.58660019014293,0.32444909236630526,0.7397484385891475,0.07990675631273045
94,6,LMM-2,4,10.164583333333333,0.3654513476510928,20.301647470458686,0.7201554540586822,0.7392112508039278,0.09451217646010429
94,8,LMM-1,4,10.376978941774656,0.35609937537849606,21.711630991119456,0.6099370532541518,0.8364860072618465,0.06023377734137644
94,8,LMM-2,4,9.602083333333333,0.34522411199103736,18.973582460833224,0.6468502055995734,0.7820138127975828,0.08556851168946233
94,10,LMM-1,4,10.208611653384615,0.4534760241293857,20.914735024088355,0.722465421038627,0.8577846900005879,0.050668783122362664
94,10,LMM-2,4,9.294791666666667,0.5053650959537404,18.110613528311397,0.8821215792515155,0.7976166333854996,0.08082247308335723
95,4,LMM-1,4,15.997614899382231,1.0923898018575557,35.020854634458885,1.844480549194337,0.5267004916588435,0.13138828058370616
95,4,LMM-2,4,15.696875,1.2597859131118274,34.14455685182912,2.5249931408354156,0.5223807106534722,0.1356940254168837
95,6,LMM-1,4,14.266141491078892,0.8335340361683149,28.92823366771468,0.9714420031159313,0.6335490326817607,0.10168858678819402
95,6,LMM-2,4,11.777083333333334,1.0967340246538049,23.371639973838132,1.891284430478869,0.7038895766429316,0.10076731024751472
95,8,LMM-1,4,13.84185066253438,1.2363546912067498,27.769602468009367,2.021918249191649,0.6376675121765597,0.098362275560799
95,8,LMM-2,4,11.430208333333333,1.3151473796530686,22.66995540173624,2.373263688935989,0.7182142097540007,0.0913356057073944
95,10,LMM-1,4,13.739942852035847,1.3382307356060235,27.477492447674603,2.312526051859968,0.6385503400959935,0.0975860783046858
95,10,LMM-2,4,11.098958333333334,1.077034472618371,22.038236611719046,1.9621725218697144,0.727603370569244,0.09519278438607844
96,4,LMM-1,4,13.787982217897758,0.49097162090616575,28.88926664673026,1.410991713796021,0.607266458530131,0.13395904033687964
96,4,LMM-2,4,12.509375,0.3116707748169531,25.68494161055743,1.0178156230853854,0.664753146397695,0.13549046672795292
96,6,LMM-1,4,12.451331571029023,0.2680667401546138,25.944488218241997,1.0284164339012687,0.655272756516718,0.11544980748171536
96,6,LMM-2,4,11.895833333333332,0.4628377145393407,24.199871798597812,1.329367326404975,0.6959512800105161,0.1406773757722733
96,8,LMM-1,4,11.52204341568439,0.3063272853796471,23.718226966703657,0.8828731248261019,0.6776582539552305,0.11391533637866783
96,8,LMM-2,4,11.061458333333333,0.6245649527537817,22.27924055510637,1.7105916991412373,0.7230007981133995,0.13836532976186847
96,10,LMM-1,4,10.963861133713388,0.6857686920328191,22.45983342489508,1.2422981244020177,0.701337714896795,0.09045078647648098
96,10,LMM-2,4,10.433333333333334,0.5845225972250065,20.917373516289295,1.4845839607427327,0.7434796481929442,0.12266650938537621
97,4,LMM-1,4,13.837174311969335,0.4522572432233425,30.272614716458826,0.8250158633678906,0.5676390912995645,0.13371344893308262
97,4,LMM-2,4,13.558333333333334,0.6309714732061982,29.364266379775227,1.3396712462860958,0.5901868296311937,0.1299312719759828
97,6,LMM-1,4,12.936820544276932,0.37592665725945473,28.363132783431535,0.4223325531392189,0.6867250525898789,0.0676248232284422
97,6,LMM-2,4,12.876041666666666,0.8109941976004922,27.27552317019222,1.9413142573744704,0.641493967991047,0.10494204464492056
97,8,LMM-1,4,11.614625096583055,0.3665878851882357,24.663048420569424,0.44355531002870785,0.7345516133817519,0.05681489964091723
97,8,LMM-2,4,11.130208333333334,0.8182986192144857,22.867168042956724,1.5934781981653552,0.7084455672870504,0.09290453570406094
97,10,LMM-1,4,11.581337588471094,0.6374541389360103,23.75601781343933,1.0399978809680328,0.739736478750532,0.05677403429177114
97,10,LMM-2,4,10.782291666666666,0.6813766128520015,21.64832590045604,1.345507033332754,0.7215822191146084,0.09485790379802944
98,4,LMM-1,4,15.708333333333334,1.0582020916000245,34.09477458010036,2.689297885149309,0.518783583312074,0.14048644553589235
98,4,LMM-2,4,14.257291666666667,1.328181371352698,30.683627578422016,3.3120551688619955,0.5824941151438929,0.11293654158304141
98,6,LMM-1,4,10.70081968540754,0.4196794598621996,22.35073617288435,0.6666861052235599,0.758711801895764,0.08993395749296816
98,6,LMM-2,4,10.10625,0.30227005723359385,20.39519380797379,0.43570284406259135,0.7246108563926021,0.10967011015431166
98,8,LMM-1,4,10.666600389184607,0.3914902037204504,22.23111749342669,0.6696548100720398,0.7736290041674769,0.0867228485488686
98,8,LMM-2,4,9.886458333333334,0.303328969176481,19.947570637934884,0.38777021598783945,0.7327985487566551,0.10400882729164813
98,10,LMM-1,4,9.184657484059866,0.37593168063410726,18.918234194189253,0.7318664304708101,0.8359656986236332,0.0680634833867747
98,10,LMM-2,4,8.945833333333333,0.5315562842572115,17.759983112506752,0.8670018239296116,0.787523297740638,0.0784682197015245
99,4,LMM-1,4,10.840219096987436,0.3391126581776709,23.73868080649759,0.7065217790566443,0.748090261310435,0.0884289627945875
99,4,LMM-2,4,10.445833333333333,0.48952570582827104,22.0772752694656,1.1393322733243358,0.6959181158377066,0.09813673504020107
99,6,LMM-1,4,10.071414099796563,0.3631540728252542,21.292953851197908,0.6439433646477567,0.7579441623102352,0.10050031684664283
99,6,LMM-2,4,9.903125,0.41063736663265266,20.49756520078428,0.7316838129784872,0.7142683775985119,0.10656092132683156
99,8,LMM-1,4,10.313329583896152,0.5374198515091686,21.322229017810496,1.074370699262183,0.8153053427276705,0.07161165749821793
99,8,LMM-2,4,9.872916666666667,0.41270512576576135,19.69934672867569,0.9218123214325313,0.7334944664113274,0.10931745169355153
99,10,LMM-1,4,9.167160761257922,0.25628571563637176,19.001044923968333,0.4508810757897477,0.9214229573585895,0.006468911420690912
99,10,LMM-2,4,8.705208333333333,0.31296319838228087,17.026191711427952,0.573588328853644,0.8006906405046947,0.0730632954270931
100,4,LMM-1,4,12.333333333333334,0.35355339059327395,26.199446455434792,0.7472700669319741,0.6245664546594076,0.12462211876819543
100,4,LMM-2,4,11.4125,0.31099638261561807,23.75070819311172,0.6848670911229838,0.6831499494870767,0.11791202387764449
100,6,LMM-1,4,11.84765156745172,0.44116905455817373,24.689980057559875,0.9921372602309608,0.6447198569504031,0.12430478679734229
100,6,LMM-2,4,11.289583333333333,0.370687002964316,23.28975085044022,0.8965732045465885,0.6727794918368621,0.1218055330374582
100,8,LMM-1,4,10.333333333333334,0.35355339059327395,21.1633793943645,0.754453190684653,0.6953937640040099,0.10709796293333286
100,8,LMM-2,4,9.55,0.39488922497328294,19.10298804834072,0.7415083791179898,0.7910831801454088,0.07665638304047277
100,10,LMM-1,4,8.695234947042438,0.9031511262218338,17.83344667892772,1.5951855261891537,0.8183633903767906,0.023967557500163807
100,10,LMM-2,4,8.152083333333334,0.6538447987353981,16.12338907801229,1.1524133076442078,0.818149126858085,0.06863027497219132
101,4,LMM-1,4,10.829927369084512,0.8203709172084537,23.58877761335507,1.506616049075469,0.7566731685315513,0.11812009624499276
101,4,LMM-2,4,10.153125,1.044643143314979,21.031903523629452,1.7719040148052236,0.735899704896321,0.08249906177576437
101,6,LMM-1,4,10.071459743938119,0.6208974392043054,21.216615731403646,1.1278075308720292,0.7828531993006442,0.10997371345846566
101,6,LMM-2,4,9.144791666666666,0.5971966846930199,18.5987163237259,0.9681421462175726,0.7825584640157783,0.07697340448861371
101,8,LMM-1,4,9.357027220305365,0.291772288269234,19.611906860352814,0.6986757665308703,0.8831574948965752,0.05354964985952112
101,8,LMM-2,4,8.733333333333334,0.11365151414154853,17.5273693288135,0.4432794687242334,0.7866650991777837,0.08908163588996544
101,10,LMM-1,4,8.964634641019043,0.39589479470809186,18.391749477716125,0.793351511233419,0.8862823591090451,0.05171082657547603
101,10,LMM-2,4,8.476041666666667,0.4270820630062412,16.92496753406056,0.8142582334399836,0.8061502213421254,0.072817737535257
102,4,LMM-1,4,20.0,1.118033988749895,41.29566978149921,2.5628437986715498,0.4851272192291035,0.14709636048859612
102,4,LMM-2,4,18.532291666666666,1.2656944425393515,37.73430286703582,2.8897172225761913,0.5710096731661215,0.11996301213715439
102,6,LMM-1,4,12.039403321005924,0.5184258877387905,25.214590264556072,1.0397266386680863,0.8342060610904284,0.07673742638865373
102,6,LMM-2,4,11.322916666666668,0.7320864162333114,22.145246286002358,1.3364629029964987,0.7551934341599468,0.12222093572237089
102,8,LMM-1,4,11.524446384372645,0.6757294399431777,23.865425724070036,1.258964172902348,0.8304721003461419,0.08595365788301669
102,8,LMM-2,4,11.152083333333334,0.5750113223522938,21.693726031347886,1.0687851706105156,0.7574888484134941,0.11054985115878203
102,10,LMM-1,4,10.063256790071915,0.5301148314775754,20.19341223662026,1.0236721247584952,0.8735466197017606,0.06237449193067328
102,10,LMM-2,4,9.04375,0.40864677595693777,17.439908865583007,0.8007428497929057,0.8133543025723241,0.08656677424665712
103,4,LMM-1,4,12.836383169491192,0.5514176474573795,28.763774292378884,0.6849370939360467,0.7351607127469563,0.047306168740813684
103,4,LMM-2,4,11.811458333333334,0.5117149729504374,25.03675028817193,0.9343737972964024,0.6563934817806716,0.1206751603352805
103,6,LMM-1,4,12.165353803585226,0.2222095973389574,26.674487874377604,0.4127603182368225,0.7498297763357135,0.06775311744248712
103,6,LMM-2,4,10.513541666666667,0.33831402602956545,21.854759840643858,0.5350811640329404,0.7095989186555783,0.10906084487377421
103,8,LMM-1,4,11.550128335357247,0.6813974445052021,25.19251302243735,1.1363868858002144,0.8501641481653868,0.04504951618031259
103,8,LMM-2,4,11.005208333333332,0.869822853732299,22.55872678012315,1.6093854770143632,0.7054197898463725,0.097630222428884
103,10,LMM-1,4,10.457460433322154,0.34868598040174315,22.061979777018173,0.5206808724882214,0.863774863111224,0.03522850885758854
103,10,LMM-2,4,10.373958333333333,0.5471070936069097,20.781949724415604,0.925126041445792,0.7384284368435552,0.09281813832337683
104,4,LMM-1,4,12.918231622307829,0.6992283544396397,28.02773026835998,0.9902086934848668,0.634713084399284,0.1273502424025821
104,4,LMM-2,4,11.859375,0.8130466910793013,24.77904745816396,1.2065726031079487,0.6869058878937894,0.11264082722134197
104,6,LMM-1,4,11.456280747338054,0.619802465160276,23.698713644002854,1.0601811180032787,0.6690610066441465,0.10269723830607655
104,6,LMM-2,4,10.802083333333334,0.8142049419525773,22.177267197592528,1.539528321182912,0.7064598861667472,0.09673279087856675
104,8,LMM-1,4,11.322916666666666,0.7707629472369136,23.118262926140233,1.3579765129652681,0.6739166564528081,0.10156700091007116
104,8,LMM-2,4,9.367708333333333,0.7445658165725398,18.620090907420064,1.2590074042271464,0.792207849959448,0.06851333866892881
104,10,LMM-1,4,9.745752050993206,0.8673601214504681,19.563374671511063,1.449369601558957,0.7474785222818573,0.06449975887389667
104,10,LMM-2,4,8.814583333333333,0.6852710078258581,17.313010412480594,1.1354090351577928,0.8016905858998536,0.06990377290933114
105,4,LMM-1,4,13.062625093218749,0.2593026551702871,28.615444791046038,0.5290531495421613,0.5776314464693517,0.13781771220822459
105,4,LMM-2,4,10.895833333333334,0.5795562239046932,23.196308785037022,1.334032536554255,0.6907005137240421,0.11115392017338467
105,6,LMM-1,4,12.322916666666666,0.5003254149384512,26.072597181489627,1.0269241243053862,0.6111039620202193,0.13128349313232968
105,6,LMM-2,4,11.177083333333332,0.7326553447335699,23.230782461496243,1.6267930042183025,0.6977517504876664,0.09077346717260032
105,8,LMM-1,4,10.065628453733353,0.3603136967262747,20.95191403249006,0.5452257677107996,0.8533375794328427,0.043059604784850075
105,8,LMM-2,4,9.358333333333334,0.524305095658371,18.674400123467148,0.7906480938602614,0.764278770777528,0.08775260166858213
105,10,LMM-1,4,9.542251514456252,0.553768851206537,19.578940161964464,1.0317301223201076,0.8567525749794136,0.04189374967514819
105,10,LMM-2,4,9.023958333333333,0.5733700857285228,17.801561635104246,1.0912870773212637,0.7778497014906236,0.07876350063684893
106,4,LMM-1,4,13.393288901516287,0.45002747712056274,28.3800092461087,0.8608108979870516,0.6132125617760936,0.11398874467830282
106,4,LMM-2,4,11.701041666666667,0.5106706425949442,23.990494050153224,0.9911943417312108,0.7068087027779852,0.11519854377386876
106,6,LMM-1,4,13.340970737925236,0.5283111288437888,27.73059568331619,0.7723343549792482,0.6292074717855266,0.11435764678792668
106,6,LMM-2,4,12.217708333333334,0.507601719075432,25.167550118498863,0.9161849239050848,0.6752593623561721,0.11522411387788391
106,8,LMM-1,4,12.523748605327132,0.32084791325146583,26.593206059653383,0.6066464582019223,0.6311618054297135,0.1106467909032673
106,8,LMM-2,4,11.277083333333334,0.6990413822991215,23.121368330515306,1.331052000277086,0.7156087692737709,0.0995896244945041
106,10,LMM-1,4,11.43550140050931,0.3622181157735862,23.884562488644598,0.5822385869963248,0.6677771922939242,0.10263759938998532
106,10,LMM-2,4,10.847916666666666,0.5109351108506834,22.503917996148537,0.9216873924965551,0.6914536091357878,0.11347946872046011
107,4,LMM-1,4,10.391084206552314,0.1121865165816096,22.91200116376552,0.12685436521031498,0.8028577193340071,0.07249573448349914
107,4,LMM-2,4,9.880208333333332,0.23821848558623684,20.611031903792743,0.3833596253598413,0.7214823490929688,0.10475302958285969
107,6,LMM-1,4,10.387386352200057,0.30097889179921206,22.02970814658864,0.6259178077875353,0.8604260826233684,0.0583313127531734
107,6,LMM-2,4,9.544791666666667,0.2645320652428864,19.078878246655595,0.4943188935468142,0.7568089710706664,0.0934100328593085
107,8,LMM-1,4,10.063667837523932,0.3301752108579627,21.26362846530557,0.5250859533685217,0.8855851137385007,0.04945388192888033
107,8,LMM-2,4,9.180208333333333,0.5256227705065676,18.23202398343671,1.0660603320091895,0.7700820880655459,0.08801704831814634
107,10,LMM-1,4,9.833630027899552,0.37782238863778617,20.471880922814748,0.5329768158971363,0.9138954817166024,0.007613774632732341
107,10,LMM-2,4,9.170833333333334,0.5835862546930546,18.12751354318926,1.0655746098658223,0.7574944349138002,0.08741064243637522
108,4,LMM-1,4,19.294329840846668,0.972014074732961,41.62424138914318,1.606714233311785,0.471658195591039,0.14951529326227994
108,4,LMM-2,4,17.0375,1.6037553585257323,36.69698982125449,3.0527332240677016,0.5207051029732119,0.1339134060462123
108,6,LMM-1,4,19.260618243599207,1.1209565425637695,41.14208435143104,2.1259457233863035,0.46487795030299267,0.15337152690093914
108,6,LMM-2,4,16.391666666666666,2.0111926395383746,35.03001494808885,4.048556684177753,0.5450421288722831,0.1197313277843864
108,8,LMM-1,4,14.57317134862697,1.8306675881194354,31.195267909644677,3.9353767766688907,0.5503577905134917,0.17836821791284457
108,8,LMM-2,4,11.670833333333334,0.7950694414116707,25.092769581466737,2.0130245040318586,0.6550067882154442,0.14140550954982917
108,10,LMM-1,4,9.623680378886116,0.5656643236650871,20.386158546580695,1.3398864008087543,0.6997853839405477,0.1097547186221842
108,10,LMM-2,4,10.748958333333333,1.1025317101448835,22.24370562105259,2.1078537033272653,0.7270992083336227,0.10956662258294808
109,4,LMM-1,4,13.354166666666666,0.4578596036632482,28.916906051495292,1.0237491951122237,0.5786217864083956,0.14050657783162482
109,4,LMM-2,4,12.05,0.42866070498705644,25.522185910873997,0.8165407091231722,0.6854775951508185,0.11463639512358878
109,6,LMM-1,4,13.75,0.46770717334674267,29.15633825399897,1.056297370121157,0.5815074326564474,0.14000149704465065
109,6,LMM-2,4,12.160416666666666,0.20794755949517674,25.555802184064106,0.34656990210678723,0.6526995907957149,0.12191636154525103
109,8,LMM-1,4,13.010416666666666,0.8102934782122669,26.29727550356263,1.5079471162190798,0.6269408441192468,0.12481408652242511
109,8,LMM-2,4,10.81875,0.36373711317378665,21.625640644557702,0.484356940601943,0.7181052388478915,0.1109572836615965
109,10,LMM-1,4,10.37580969051453,0.42998684975357415,20.68382621674335,0.730908067278736,0.7026151005480894,0.10020333108250022
109,10,LMM-2,4,8.807291666666666,0.20451447839945236,17.223669617240102,0.36729365519628576,0.7940844059442422,0.09289252475817258
110,4,LMM-1,4,17.239583333333332,0.7907752656939477,35.36033039969955,1.147468433398606,0.5305439379194757,0.15643565785981722
110,4,LMM-2,4,13.197916666666666,0.5780827687278008,26.385402141943054,1.7809858738197843,0.6709335061796596,0.1478467803810081
110,6,LMM-1,4,16.895833333333332,1.1139503654412377,34.23974200795797,2.0190742103585557,0.5495991893731782,0.14290913988533693
110,6,LMM-2,4,12.8875,0.4218634257671553,25.29777989976357,1.1493601360012278,0.7004730555243077,0.12828928496296502
110,8,LMM-1,4,14.895833333333334,1.1139503654412375,29.285432063312555,2.01808555011233,0.6078638166486147,0.1280046222918398
110,8,LMM-2,4,11.216666666666667,0.30754403478743214,21.456486035201497,0.45228282804325454,0.7630280946626062,0.09628701569260852
110,10,LMM-1,4,14.895833333333334,1.1139503654412375,29.285432063312555,2.01808555011233,0.6078638166486147,0.1280046222918398
110,10,LMM-2,4,11.085416666666667,0.28652461354422365,21.13667779880496,0.335747849053444,0.7672747379689956,0.09369403507275992
111,4,LMM-1,4,23.052083333333332,0.7956997051861546,51.1382789319751,1.8703654631436712,0.38467105773516597,0.16602992426063246
111,4,LMM-2,4,19.567708333333332,1.7453071377864506,42.601577957035516,4.094775091313213,0.4883661764403195,0.127918811148967
111,6,LMM-1,4,17.114583333333332,0.7054936953415437,37.832945804654656,1.658015202688214,0.49338703143970597,0.15159597074479542
111,6,LMM-2,4,15.348958333333332,1.2438821642509652,33.277127239994755,3.0010892063145453,0.5751632717073519,0.11308940542205319
111,8,LMM-1,4,15.114583333333334,0.7054936953415435,32.71781817355003,1.657443673383681,0.5463589237392463,0.1399027332866575
111,8,LMM-2,4,14.282291666666666,0.9271670140136563,30.562397894456772,2.238055384542717,0.612205795199048,0.10731026161951189
111,10,LMM-1,4,10.349441058305219,0.4414294982509394,21.68089823226295,0.4790990741413108,0.7751374271612917,0.05516037317019219
111,10,LMM-2,4,9.984375,0.5352697188100594,20.150295973779127,0.9655137252822897,0.7635223476532876,0.09840857563998728
112,4,LMM-1,4,18.17825548316756,1.0036449168743198,37.823634952798805,1.6843682388560428,0.5115739345896998,0.14475627007743494
112,4,LMM-2,4,16.664583333333333,1.4662212273391757,34.542353279229694,2.818347907483044,0.5611026313837066,0.12443588955062959
112,6,LMM-1,4,15.95125551637483,0.5307966403474741,33.292225082540625,0.753289587849835,0.5761725017931928,0.12957135004361853
112,6,LMM-2,4,14.38125,0.06465050270492848,29.5864076410483,0.3097132768475733,0.6283099024978518,0.14209615114889315
112,8,LMM-1,4,15.641474244131967,0.8633065322886112,32.42561672715443,1.4803301651041507,0.5795789399786132,0.1262821359185368
112,8,LMM-2,4,14.102083333333333,0.32566038675282555,28.937236158753677,0.4351328907701754,0.6347597422658237,0.1368426105551232
112,10,LMM-1,4,10.085366885419637,0.4292421393890284,20.77092582470111,1.0175159014097424,0.7499073910124265,0.07200456283367235
112,10,LMM-2,4,10.152083333333334,0.22549136162316022,20.305013317749584,0.72007462643978,0.7439182951329203,0.11788855058488902
113,4,LMM-1,4,12.128459429721975,0.2974118403965677,26.800458128181194,0.9622249631327162,0.6818199523148556,0.14227107222881083
113,4,LMM-2,4,11.514583333333334,0.5202288158429262,24.151840895549288,0.8609230759171528,0.682871741290666,0.11985259164099492
113,6,LMM-1,4,11.59083227643184,0.29769123200522607,25.224623814906778,0.8713265423117525,0.8475204600401535,0.10466208823040006
113,6,LMM-2,4,10.58125,0.48713928962874675,21.496090599522677,1.1184451986378352,0.7252066328033028,0.1116034855719629
113,8,LMM-1,4,10.788384094251198,0.5835097890054346,23.142088385206794,1.2139780436489431,0.8950534357975177,0.0651552719821043
113,8,LMM-2,4,9.519791666666666,0.5441240332329268,19.083304592896013,0.992533329641609,0.7676986636303026,0.09238886523006382
113,10,LMM-1,4,10.194558406597952,0.5649744327394592,21.375976096128184,1.157444111657487,0.8786892200868395,0.07380173121687669
113,10,LMM-2,4,10.166666666666666,0.6551081335677849,20.405959419180704,1.2340627271046396,0.7454528826263105,0.09205917423069905
114,4,LMM-1,4,12.71875,0.5029211543572213,27.731760698155956,0.7939200729902033,0.5844888278101251,0.14242958589675436
114,4,LMM-2,4,11.611458333333333,0.874123444872062,24.978208204273553,1.698962594902593,0.6761322366497278,0.10222363930416926
114,6,LMM-1,4,9.854166666666666,0.4578596036632482,21.22206541488342,1.0991077183645643,0.7556897877244538,0.10070959374059625
114,6,LMM-2,4,9.239583333333334,0.5304405598179684,19.088922567098386,1.168368027387145,0.7758531338356304,0.06914075259680531
114,8,LMM-1,4,9.957030351201816,0.3214553951319775,21.20498757204439,0.568267667734708,0.8115455782466859,0.08366288873229431
114,8,LMM-2,4,9.353125,0.447944524327511,18.83394299965112,0.8428525707135164,0.7673765940027788,0.0893142896564428
114,10,LMM-1,4,9.052538218395565,0.4711804402515741,18.772470735574856,0.8285534680478317,0.8520676665999162,0.05787714505013676
114,10,LMM-2,4,8.280208333333334,0.49405647134209296,16.476540399016145,0.9310091324253145,0.8175899696981646,0.060876362451711775
115,4,LMM-1,4,13.296428565295987,0.36871902652540284,31.161077850941517,1.035254932720752,0.8522623502580076,0.0896708462816224
115,4,LMM-2,4,13.14375,0.52926098240849,28.305563856249638,1.0416432206936048,0.6022805221305844,0.1317753124614644
115,6,LMM-1,4,11.297258866493973,0.33148657270764853,25.56003198622972,0.9099832411737799,0.8535381008645004,0.09664074746028939
115,6,LMM-2,4,10.935416666666667,0.8410140828190691,22.94042254219861,1.7604107436219762,0.7037177962229316,0.0945435309712609
115,8,LMM-1,4,10.51398010563256,0.25080642292048577,22.862633621046044,0.5032735490837661,0.9036504660467579,0.06435609075190367
115,8,LMM-2,4,10.177083333333332,0.545161004505397,20.819741211907235,1.1827324142584834,0.7519611099545266,0.07665887352241066
115,10,LMM-1,4,10.310027746003557,0.4107756064842957,22.093952050612074,0.8063808691144734,0.9048282838886872,0.08026817197248334
115,10,LMM-2,4,9.340625,0.37639065062113286,18.838977159535425,0.6613976044638226,0.7758534010097942,0.08010768592487233
116,4,LMM-1,4,14.458333333333334,0.47324236215002274,29.04503181325596,0.9815154816277719,0.6122265813040455,0.13219833001064588
116,4,LMM-2,4,11.241666666666667,0.6388466169590323,22.200184708721086,1.4390975002780388,0.763146977733751,0.07964134329254371
116,6,LMM-1,4,14.458333333333334,0.47324236215002274,29.04503181325596,0.9815154816277719,0.6122265813040455,0.13219833001064588
116,6,LMM-2,4,11.241666666666667,0.6388466169590323,22.200184708721086,1.4390975002780388,0.763146977733751,0.07964134329254371
116,8,LMM-1,4,13.458333333333334,0.47324236215002274,26.771375177754837,0.9813124837491273,0.6439144514170314,0.12326557381769605
116,8,LMM-2,4,9.802083333333332,0.44325089302410536,19.207196518549416,0.9893361786891531,0.8095335954242926,0.06737256035499123
116,10,LMM-1,4,13.458333333333334,0.47324236215002274,26.771375177754837,0.9813124837491273,0.6439144514170314,0.12326557381769605
116,10,LMM-2,4,9.802083333333332,0.44325089302410536,19.207196518549416,0.9893361786891531,0.8095335954242926,0.06737256035499123
117,4,LMM-1,4,14.485012333610326,0.7856553953927794,31.382401996520485,1.741766643817398,0.5659100281771362,0.1255381342499996
117,4,LMM-2,4,13.347916666666666,1.3648155018780626,28.485130983297346,3.228633248114313,0.6224229747920336,0.09309204144776131
117,6,LMM-1,4,13.279608082869837,1.5044222451445826,27.498156468415647,3.2546132640658088,0.642392497559814,0.09786018792568232
117,6,LMM-2,4,12.380208333333332,1.8593032199030008,25.331168088749408,4.075357394845851,0.6734811145541195,0.07704379159140146
117,8,LMM-1,4,12.850989208663865,1.7434860699201444,26.572596420057366,3.706808319130806,0.675366113670305,0.06586127026511145
117,8,LMM-2,4,12.359375,1.7663825808343445,25.27459463842291,3.89921166856059,0.6734842580608308,0.08363761034219325
117,10,LMM-1,4,9.401544096663333,0.4515708974223921,19.45987758871438,0.9271201769138132,0.8989544590088793,0.05402558614619221
117,10,LMM-2,4,9.71875,0.38380292794610127,19.03375505630301,0.9064335652824574,0.7449812996971332,0.09394926410239544
118,4,LMM-1,4,14.304605988864123,0.4836400343659552,30.414358034923005,0.606148848259032,0.5910961264817695,0.12471784978183265
118,4,LMM-2,4,11.205208333333333,0.40282611659167933,23.36794996617363,0.8053162822900385,0.7039431230235365,0.11843352088376038
118,6,LMM-1,4,14.513498352109881,0.4865094657950191,30.88458167728283,0.7154878974634584,0.5854485891628934,0.130680859863525
118,6,LMM-2,4,11.4875,0.46987365323031244,23.91718069035856,0.9120325408442327,0.7011739485813856,0.10513713783112251
118,8,LMM-1,4,13.59385406279156,0.5459928066843381,28.866167961915583,0.9598360088214216,0.6135809693920721,0.11403365359707618
118,8,LMM-2,4,10.596875,0.5350507423366495,21.89719181864753,1.0655120381312508,0.7337814114324906,0.10299613733235842
118,10,LMM-1,4,10.816050978514571,0.11417867226880969,22.71476226639725,0.3000563025700806,0.6836959810073326,0.10270621635112127
118,10,LMM-2,4,9.559375,0.279141401219884,19.475184396342986,0.6436236056968782,0.7735716536208432,0.09913416663650548
119,4,LMM-1,4,14.489583333333334,0.3232525135246437,31.95541578187106,0.9860995456897849,0.5414766302874576,0.14708285838517007
119,4,LMM-2,4,11.569791666666667,0.2729623848475585,24.48360150142281,0.8621487481971728,0.685994635657714,0.11807228143144274
119,6,LMM-1,4,13.114583333333334,0.5281773889203007,27.60908887709993,1.4820509981174423,0.6012248306611648,0.12834200478478308
119,6,LMM-2,4,12.08125,0.09581068572972426,25.013070091732672,0.2102613356405801,0.6902270062276874,0.11988249239958257
119,8,LMM-1,4,12.177083333333334,0.5257063700393975,25.532374959397043,1.3917897917941398,0.6250309037398162,0.12028430315541318
119,8,LMM-2,4,11.241666666666667,0.8731528121316072,23.14575054515386,2.256649071033892,0.7163149447019866,0.07359314846275564
119,10,LMM-1,4,9.613093052271282,0.2725947728866413,19.297645392753758,0.4461851773927918,0.7520776555896389,0.08775631036339099
119,10,LMM-2,4,9.073958333333334,0.3200799460681657,17.73143559267133,0.47241658803678294,0.7999042743693835,0.07921999856464501
120,4,LMM-1,4,16.666666666666668,1.0458250331675942,34.52498399008075,1.8566887022240828,0.5430244339474282,0.14770693298672802
120,4,LMM-2,4,14.342708333333334,1.5524688419444466,29.45767770984575,3.001518019858533,0.635719233792071,0.11207332016518644
120,6,LMM-1,4,16.604166666666668,1.1324981604105735,34.36955859658535,2.076780146538077,0.545506210181081,0.1447980433930596
120,6,LMM-2,4,14.245833333333334,1.6434370741426838,29.24031267586629,3.1905752621479073,0.6414455667697609,0.10469499072471353
120,8,LMM-1,4,16.666666666666668,1.0458250331675942,34.52498399008075,1.8566887022240828,0.5430244339474282,0.14770693298672802
120,8,LMM-2,4,14.342708333333334,1.5524688419444466,29.45767770984575,3.001518019858533,0.635719233792071,0.11207332016518645
120,10,LMM-1,4,16.604166666666668,1.1324981604105735,34.36955859658535,2.076780146538077,0.545506210181081,0.1447980433930596
120,10,LMM-2,4,14.245833333333334,1.6434370741426838,29.24031267586629,3.1905752621479073,0.6414455667697609,0.10469499072471353
121,4,LMM-1,4,14.502902010478845,0.7024583272160929,31.486301116107104,1.1707518195771929,0.5865885479057736,0.1110944154691333
121,4,LMM-2,4,13.213541666666666,0.9434964477278125,27.839821630593825,1.7993752269055472,0.6317191498036685,0.11832391969079015
121,6,LMM-1,4,14.676303268779337,0.5216986461627915,31.97678297754753,0.7843515262872434,0.5996420037770531,0.1087477283883169
121,6,LMM-2,4,13.426041666666666,0.5853267650423993,28.275772661281138,1.0659384811756583,0.6237527322882758,0.13076634243857208
121,8,LMM-1,4,13.004277155208708,0.5060937571206939,27.649723797093493,0.797750573671608,0.6272915704946944,0.10703396703024115
121,8,LMM-2,4,12.221875,0.4164934535800052,25.52190867754223,0.7267659154210868,0.6471498223152563,0.12981444376927567
121,10,LMM-1,4,11.391951171675649,0.41499195774643954,24.144126801140473,0.5585527338079959,0.6860625260634884,0.09384996811813119
121,10,LMM-2,4,11.8625,0.704782767950523,24.510378686146545,1.4535313211663283,0.687910299224588,0.1059438561398917
122,4,LMM-1,4,13.958333333333334,0.360843918243516,30.005542928041866,1.0798476600411793,0.5615865886960056,0.1411683560288037
122,4,LMM-2,4,12.826041666666667,0.84588656954799,27.302873056500673,2.2997898598080764,0.6376398816972311,0.1041887827159135
122,6,LMM-1,4,13.026627128633177,0.37860264794682064,27.66995492554569,0.821827805453133,0.614279315964734,0.11747692116654895
122,6,LMM-2,4,12.311458333333333,0.6877106684803335,25.54661006359888,1.3317746443396112,0.6470247168561458,0.11620542891720094
122,8,LMM-1,4,11.725414053640295,0.5926148207856137,24.81600192300529,0.9797257346819256,0.6545972606679347,0.09833352297334019
122,8,LMM-2,4,11.052083333333334,0.23096829688653503,22.52567875089973,0.4047901733419549,0.7121976271376536,0.1097868587245207
122,10,LMM-1,4,10.8125,0.480071609241788,22.68480654496264,0.9123906363571862,0.6739633632685048,0.10355033848846557
122,10,LMM-2,4,10.021875,0.5051589322926003,20.045306221547772,0.8654449465354255,0.7579269147172583,0.08792244987322753
123,4,LMM-1,4,11.38251323846871,0.11198433640843442,24.395580627262383,0.13416461452493864,0.7916511392139616,0.08850485751080016
123,4,LMM-2,4,10.2625,0.34482785560334306,20.718825068798644,0.834740323878288,0.7496805406812351,0.09999546767349321
123,6,LMM-1,4,11.261113827304056,0.49639844004626377,24.000738628400764,0.8633519827211641,0.7989274183814192,0.08216739614098437
123,6,LMM-2,4,10.319791666666667,0.7391423274365589,20.910165945962508,1.346245463178828,0.743725703991007,0.08657628081914259
123,8,LMM-1,4,11.02261748524935,0.284983885506792,22.91283751361428,0.2946556578884222,0.7748176958838321,0.04953026999978038
123,8,LMM-2,4,9.491666666666667,0.32129296081095043,18.790404378920588,0.6194886121959056,0.7937923000295393,0.08357714755000666
123,10,LMM-1,4,10.256999500598795,0.14205696422216463,20.914926841699874,0.1632712415257907,0.8019778048655043,0.04755706841535025
123,10,LMM-2,4,8.885416666666668,0.20055262193914813,17.425351951252836,0.4724136754623673,0.8230960488099492,0.08575718220042584
124,4,LMM-1,4,13.017205540294409,0.6325730948488629,29.40656393292249,1.7516783254109891,0.6146610285976027,0.09865136363606725
124,4,LMM-2,4,11.570833333333333,0.7217960815447352,25.320488515670835,2.075313127370137,0.6502869833631378,0.10310373952161861
124,6,LMM-1,4,12.877990171676243,1.6092562435949533,27.517976163792042,3.2358505035704854,0.6971322549456415,0.06295120277365075
124,6,LMM-2,4,11.282291666666667,1.420223399753832,23.21206195237609,2.9257212165440736,0.7141670856928068,0.073458691314778
124,8,LMM-1,4,9.963510138407953,0.12413936770859123,21.26064535231336,0.3342530869544625,0.9515096730882704,0.05321669451822568
124,8,LMM-2,4,9.603125,0.3608123430191929,18.891347871046925,0.6259650374895454,0.7713415688399856,0.0827771292852699
124,10,LMM-1,4,8.84206860930549,0.32905818517297725,18.1023947091381,0.6342474649871411,0.984095218875474,0.0075743464832628725
124,10,LMM-2,4,8.858333333333334,0.18680426476216583,17.156634850736296,0.15834242444705174,0.8044061446650469,0.07732498738616295
125,4,LMM-1,4,17.166666666666668,0.2041241452319315,36.897362512083134,0.2955312144599118,0.48911026184183626,0.16930373004659888
125,4,LMM-2,4,14.270833333333334,0.8396737957881815,30.270738537944172,1.7576927927910944,0.5867600620609759,0.14496366719118375
125,6,LMM-1,4,14.354166666666666,0.4578596036632482,30.6112827544706,0.7657742663139764,0.5506832215878328,0.15168932174449754
125,6,LMM-2,4,12.4375,0.8904879280484376,26.129763085761013,1.7786134111935146,0.6414580861868093,0.11299662081036937
125,8,LMM-1,4,13.354166666666666,0.4578596036632482,28.05033494026888,0.7655427853212071,0.5842549850672167,0.14389066723264532
125,8,LMM-2,4,11.331249999999999,1.0376317687407226,23.37243502381498,2.1267185851491264,0.6930899574925049,0.0989075380150974
125,10,LMM-1,4,11.291666666666666,0.2393567769390843,23.591830600061705,0.478705586579774,0.6430100272319677,0.13833849392929776
125,10,LMM-2,4,9.660416666666666,0.5763683898630573,19.88833160101031,1.2566432954028834,0.73170900492013,0.10434673841939698
126,4,LMM-1,4,21.958333333333332,1.2562344526401115,49.58977246319432,2.948985171110904,0.38386249602245914,0.15903323929370286
126,4,LMM-2,4,18.114583333333336,0.8647088262338175,39.82494222915956,1.7844724194390107,0.495492060828635,0.1560020540873556
126,6,LMM-1,4,15.270833333333334,0.9416574483324601,32.99630782617924,2.142205324936234,0.5385583140974457,0.13778298980963688
126,6,LMM-2,4,13.583333333333334,1.2537859333501342,28.71954431431465,2.851988509806384,0.6452674370539555,0.09307927670893686
126,8,LMM-1,4,13.171502315665343,1.0392878066288798,27.124399328122664,2.103702164428369,0.6561587618920894,0.08628200598573225
126,8,LMM-2,4,12.520833333333332,0.9604957487325664,25.256962219133353,1.99896870564997,0.680660436981449,0.10035991669453281
126,10,LMM-1,4,8.008381173477858,0.21267031129354802,16.394732780906534,0.49370364808819406,0.9874326903981321,0.0056346172722565166
126,10,LMM-2,4,7.560416666666667,0.2800902012447658,14.351968822825,0.6440193677435176,0.8829425735908938,0.05621183942316531
127,4,LMM-1,4,14.510416666666666,0.6962043671461229,30.298505429618498,1.0296513236742262,0.565181042208357,0.1494817543416684
127,4,LMM-2,4,13.786458333333334,0.5310446907197797,28.544215560340863,0.6697231596297848,0.6226581358174273,0.13594408913828893
127,6,LMM-1,4,14.104166666666666,1.1324981604105737,29.21504722383718,2.0481305013856095,0.5826573200942434,0.13505481031784186
127,6,LMM-2,4,12.68125,1.1109364011949556,25.921739986311028,2.012336173226792,0.6737130521038592,0.0973967951630181
127,8,LMM-1,4,13.104166666666666,1.1324981604105737,26.50728139470028,2.0475263001065303,0.6344913461388203,0.12050237402206455
127,8,LMM-2,4,11.083333333333334,1.1218938601014508,22.07796197499785,1.9632220794216673,0.7480005335325961,0.0766919515529827
127,10,LMM-1,4,13.104166666666666,1.1324981604105737,26.50728139470028,2.0475263001065303,0.6344913461388203,0.12050237402206455
127,10,LMM-2,4,11.083333333333334,1.1218938601014508,22.07796197499785,1.9632220794216673,0.7480005335325961,0.0766919515529827
128,4,LMM-1,4,12.731766874453175,0.49318464842428705,28.363589553514412,0.9181588816514185,0.5982751325349704,0.12152644223478612
128,4,LMM-2,4,12.04375,0.3510586667495902,26.513833644508587,0.7024703098763554,0.6165418635886382,0.1307113534324662
128,6,LMM-1,4,9.980220160070326,0.6048826972476482,21.264748480151724,1.3530530760964166,0.7775613701107258,0.10610741901788162
128,6,LMM-2,4,9.551041666666666,0.5448175583394865,19.61316305014052,0.9416198574754242,0.7377919600975029,0.09226758500321981
128,8,LMM-1,4,10.07915809908686,0.31078254011557327,20.659296166302163,0.7017354461151832,0.7878807131061215,0.09207447508733221
128,8,LMM-2,4,9.060416666666667,0.6874715903221018,18.092231962802224,1.4072105588554793,0.7815181350798455,0.06550186712273758
128,10,LMM-1,4,8.637444795957641,0.5259340038272424,17.76075020317087,1.0575029722282854,0.9043636815323752,0.057271039088767614
128,10,LMM-2,4,8.140625,0.4182716484236056,15.958125798952288,0.7417977929921413,0.8136855279902521,0.06778404920181218
129,4,LMM-1,4,12.283054829748085,0.8970276759072247,26.54272738432077,2.219806804266724,0.6893974857474521,0.131943747540579
129,4,LMM-2,4,11.3625,0.7995115696473697,23.3644758927914,2.006546115535054,0.6691093648653628,0.15840156959546417
129,6,LMM-1,4,12.8995873436876,1.1984707984739051,26.643785633999947,2.3999007668569754,0.7229484684136869,0.11734619407773673
129,6,LMM-2,4,11.871875,0.9416730042190865,23.641286650901915,1.9429737866618948,0.693836982942126,0.12089012940484607
129,8,LMM-1,4,10.356417318409022,0.2464915143312908,21.35875053716575,0.46931433328658,0.8316334085209303,0.0656880903287438
129,8,LMM-2,4,9.876041666666666,0.3740308657606571,19.41523777351553,0.7478800917251462,0.7697323104180643,0.09628478257028135
129,10,LMM-1,4,9.786123574992375,0.2676000766331951,20.06825889629548,0.5480264594854787,0.8691827808059848,0.06500246944988058
129,10,LMM-2,4,9.222916666666666,0.2252602661367513,17.912558834661994,0.4964944545365017,0.7946718981083927,0.08985139111217662
130,4,LMM-1,4,12.269644681524554,0.5363068935695297,27.387104689486872,0.5160980648180061,0.6704358953637903,0.06979317689211637
130,4,LMM-2,4,10.633333333333333,0.5159941860137571,22.772388518272347,1.0929939089588772,0.6909807367857366,0.10436994179759669
130,6,LMM-1,4,11.10824004816132,0.3918422564646268,24.087637011461393,0.4499429672357638,0.6847727109524233,0.0826148789247364
130,6,LMM-2,4,10.165625,0.43439748143261625,21.43683373271716,0.7610569579881186,0.7102429803078806,0.10475707180609219
130,8,LMM-1,4,10.281436383106723,0.5261976033619873,21.544672616491802,0.6410875304362154,0.7431359853906294,0.055143156905255605
130,8,LMM-2,4,9.422916666666666,0.7093956494791887,19.380109388229215,1.3206121518564735,0.7456958039638952,0.08294819178295397
130,10,LMM-1,4,10.294506624124368,0.49773188979722605,21.156593012098355,0.8988072194443847,0.6963823832334961,0.09450517740198679
130,10,LMM-2,4,9.410416666666666,0.739307460285187,19.18456181892139,1.502690578445473,0.7498169005683359,0.0818438473503942
131,4,LMM-1,4,14.78371935386398,0.8838754401205334,30.97272181188145,1.3631985940043891,0.5873904090696384,0.12671370970297124
131,4,LMM-2,4,14.051041666666666,1.3133739649753229,29.245972326206054,2.5558068849883737,0.6073864871766343,0.1080626430395135
131,6,LMM-1,4,13.914239446936616,0.7586345152839417,28.209000368821528,0.9364730654268208,0.6455900628065486,0.10395353186728608
131,6,LMM-2,4,12.610416666666667,0.9527987829722142,25.236440557699158,1.6567571691888978,0.6714199002404387,0.10959723147680128
131,8,LMM-1,4,14.059876448057498,0.7187813504846849,28.59706074281787,0.7527164631461846,0.650964531998549,0.0958570225664358
131,8,LMM-2,4,12.909375,0.7115879579328191,25.85110302359599,1.159908870622659,0.6655805188281236,0.11125812318643291
131,10,LMM-1,4,13.506416284408651,1.1550581328822502,27.20874840096045,1.8818266930077514,0.6618531738422488,0.09843534121492181
131,10,LMM-2,4,12.303125,1.1986442536778792,24.543884210621524,2.1760638411835145,0.6848522964996543,0.09708200588986372
132,4,LMM-1,4,13.541666666666666,0.6574889099191459,29.270433595534858,1.6063369604926998,0.5637698731945138,0.1350990708465495
132,4,LMM-2,4,12.595833333333333,0.9609294545733662,26.812776413229713,2.3695244952430006,0.6353184936296963,0.0983575634599693
132,6,LMM-1,4,13.479166666666666,0.6465050270492876,28.428700183883983,1.5775241921128402,0.5914291351006017,0.12724026011268239
132,6,LMM-2,4,10.625,0.8547660498639377,21.929769845795352,2.0502312237788747,0.7254443963018418,0.07280691554136244
132,8,LMM-1,4,12.0625,0.9416574483324602,24.975976918107076,2.1873906857729812,0.634331064070551,0.11209680851779963
132,8,LMM-2,4,10.969791666666666,1.11379986093029,22.47041964493063,2.5766704802311438,0.7216744897662994,0.06770613659319721
132,10,LMM-1,4,8.662303671326416,0.496254637081681,18.13486982566596,1.1160450667347241,0.9076349127772503,0.05534242080964932
132,10,LMM-2,4,8.348958333333334,0.2715755055382087,16.352038232411083,0.47477040426514233,0.829041599755438,0.06841919832523327
133,4,LMM-1,4,17.25,0.5590169943749475,36.85436047679398,0.9950239818893978,0.4935911113334086,0.16119474635593875
133,4,LMM-2,4,12.936458333333334,0.618657926651177,26.90500210962071,1.0964830345196614,0.6687015894483833,0.1114257253053566
133,6,LMM-1,4,17.25,0.5590169943749475,36.85436047679398,0.9950239818893978,0.4935911113334086,0.16119474635593875
133,6,LMM-2,4,12.936458333333334,0.618657926651177,26.90500210962071,1.0964830345196614,0.6687015894483833,0.1114257253053566
133,8,LMM-1,4,14.4375,0.369754986443726,31.135607931224342,0.6484893406458533,0.5484413555723171,0.15383512506172595
133,8,LMM-2,4,11.529166666666667,0.5037877363864008,24.111926411083957,0.9082773322514934,0.6968230395012088,0.10660854597758262
133,10,LMM-1,4,14.25,0.5590169943749475,30.560325790701,0.9944659894098348,0.5577365676746235,0.1482172828225522
133,10,LMM-2,4,11.316666666666666,0.7560864148142504,23.556337482130328,1.4286022895167527,0.7086404390951466,0.09497273297143945
134,4,LMM-1,4,10.421188819370274,0.0912779053636929,22.76384601146628,0.18846431133014663,0.7976905598957156,0.09830902248717617
134,4,LMM-2,4,10.08125,0.18146538926197436,20.79568438168227,0.293564933672887,0.7507623735076616,0.09307119208681286
134,6,LMM-1,4,10.203456651962666,0.3230831702936533,21.798694002952406,0.6718418856906567,0.9266897836287835,0.06517786071309183
134,6,LMM-2,4,9.728125,0.33170664279601014,19.41531655798665,0.43934269248042235,0.7779797125569833,0.08225517168063669
134,8,LMM-1,4,10.053788140083112,0.23380056968502708,20.955709150976183,0.40826599993042323,0.9393633059166724,0.04717908756355169
134,8,LMM-2,4,9.29375,0.13272975363497025,18.172368875576407,0.24242428997331214,0.8090418207669349,0.07503438502400903
134,10,LMM-1,4,9.129845071800288,0.2730693931446905,18.815472344941796,0.559666246975336,0.9474191712449316,0.04166216810392348
134,10,LMM-2,4,8.263541666666667,0.4726125582423024,16.192608492939176,0.8907796594828851,0.8295395200248785,0.05832018015158178
135,4,LMM-1,4,11.84362304787746,0.6950302613245439,25.115066671664184,1.0152089741035866,0.6834536198218699,0.10038595474084726
135,4,LMM-2,4,10.852083333333333,1.0756841330830658,22.359131493569,1.8301780258463325,0.7167637491928317,0.09834068019167805
135,6,LMM-1,4,11.19217595350812,0.7895524376117579,23.439328326217673,0.950470995605312,0.7758995615540736,0.05726483211767536
135,6,LMM-2,4,10.484375,0.9933912481369057,21.415393459218727,1.5921024123049843,0.7175292228808234,0.09444771956493532
135,8,LMM-1,4,9.483095448320588,0.356709115362917,20.07257563820189,0.4443763965906291,0.8965889419130824,0.026183844017783457
135,8,LMM-2,4,9.138541666666667,0.41436211644124393,18.31170926743775,0.7840004202781103,0.7677954216324456,0.08298500413571923
135,10,LMM-1,4,8.0989953967016,0.42801809877810953,16.59463756960721,0.86716298145883,0.8819233906731808,0.05622224321721566
135,10,LMM-2,4,8.04375,0.9595531186442988,15.613945386604179,1.5218900156660031,0.8222251441802132,0.0564410005914031
136,4,LMM-1,4,11.039816071713961,0.29476104796856956,24.512297978973567,0.3470201539639223,0.8758403892224533,0.03545830758753723
136,4,LMM-2,4,10.447916666666668,0.25538471795835116,21.434291713167738,0.4872582804468086,0.7218208059935087,0.10259829552085216
136,6,LMM-1,4,10.439274841249286,0.7728048899906137,22.473886171106802,1.2221459005808304,0.8967097557650938,0.00912503949284901
136,6,LMM-2,4,10.030208333333334,0.7648380309200542,20.35235597464978,1.3991880811379767,0.743574901402207,0.07760165605387434
136,8,LMM-1,4,9.3853848423989,0.2861218768069919,19.287201215764952,0.5135276479259903,0.8984044244578717,0.04279571760288341
136,8,LMM-2,4,9.203125,0.6113749233285577,17.9042808845441,1.038495128430517,0.7886288819137319,0.08430298287133549
136,10,LMM-1,4,8.982665587910034,0.2787779322758331,18.184782537888402,0.483331577447199,0.9244610984870197,0.00549107762130881
136,10,LMM-2,4,8.583333333333334,0.4226651550971919,16.49540895887437,0.7692959908093183,0.8044055366536244,0.06704725376443471
137,4,LMM-1,4,12.773871462798057,0.5152799793962266,28.729583252157152,1.8479346100936285,0.6311543033744264,0.09603968855940602
137,4,LMM-2,4,11.423958333333333,0.5323426263930029,24.96543045915064,2.15981082561996,0.6801377486750488,0.09273420975457321
137,6,LMM-1,4,10.841062271819272,0.5114330114215315,22.946950308544945,0.7133538136714926,0.9015613405226952,0.009819057757118919
137,6,LMM-2,4,9.969791666666667,0.5311427587836753,19.835191234703842,0.9298866241702692,0.7680076752121031,0.07886429432038494
137,8,LMM-1,4,10.33985257061531,0.5019449001754576,21.759780769909817,0.761783059917006,0.914913475124614,0.008523273047519174
137,8,LMM-2,4,9.427083333333334,0.4902300692872005,18.56535981235283,0.8540017075441048,0.7909254762498489,0.08000052468502912
137,10,LMM-1,4,9.918232416350065,0.22744605684139194,20.674900284850604,0.3737353752056002,0.9167330878833925,0.008562960333747474
137,10,LMM-2,4,9.071875,0.36447468619233375,17.850509573592376,0.6646454262792891,0.7965566171199079,0.07287519610595046
138,4,LMM-1,4,13.999316538672314,0.7000370144857717,30.971206335125945,1.3017795651845907,0.7256839857746444,0.10403375238334527
138,4,LMM-2,4,13.04375,1.1686497283189685,27.163711365996825,2.3201483413555057,0.6349421770552912,0.10428261835482391
138,6,LMM-1,4,11.90887147172602,0.4195240349945376,26.166712440384615,0.5328886589198835,0.8318533065625732,0.055553361435967875
138,6,LMM-2,4,11.178125,0.5555385197040792,23.125924457159073,0.8302888414685163,0.6877550243160926,0.11052403003485806
138,8,LMM-1,4,11.525214843095695,0.2822432801758926,25.31111373887217,0.2992758414371978,0.8625723267281327,0.04891760165218246
138,8,LMM-2,4,10.969791666666666,0.22038821098612918,22.441090152856454,0.3000985045096115,0.694623785082795,0.11276455570037508
138,10,LMM-1,4,9.081648245462667,0.2950334408704888,18.72715970194998,0.380204589063177,0.8837258942152717,0.0419201809299943
138,10,LMM-2,4,9.163541666666667,0.243623097307432,18.173077623982557,0.5646808360519348,0.7895952825023024,0.08208962498007348
139,4,LMM-1,4,15.229166666666666,0.8607470108380667,30.964802744319755,1.3796960937758644,0.5912088709374818,0.12822706555036545
139,4,LMM-2,4,12.560416666666667,0.23609783459405143,24.93818968751023,0.38734335876688203,0.7000751534053917,0.11928373410666276
139,6,LMM-1,4,15.176554871300368,0.9231580862961635,30.813256080428477,1.542739496067821,0.5915507560370947,0.12784517324704986
139,6,LMM-2,4,12.478125,0.31577966507519134,24.75377929614926,0.4845977730706627,0.7062027806081722,0.11242007936133419
139,8,LMM-1,4,13.267871484197329,0.8182803132399273,26.222118607097592,1.3426878328183895,0.6441823268815315,0.11610331067050884
139,8,LMM-2,4,10.2,0.9478594305064441,19.76456045961114,1.7358591773544516,0.7925020654043553,0.0855879737795818
139,10,LMM-1,4,12.229166666666666,0.8607470108380667,23.838481712766086,1.42238150646938,0.6711810317446931,0.10681214602054619
139,10,LMM-2,4,9.097916666666666,0.2479341730513697,17.485173983036773,0.27063862237285713,0.8077477551769588,0.07810319855164671
140,4,LMM-1,4,14.177083333333334,0.6210814660734933,31.24454192705784,0.9413095865453109,0.550441377633245,0.15297363094069713
140,4,LMM-2,4,11.896875,1.0188218916351375,25.039790915967153,1.9751281657606563,0.6935253699879562,0.09306983606146056
140,6,LMM-1,4,13.375,0.5153882032022076,27.683165963939036,0.8252960700932055,0.5978363118974994,0.14179585230177624
140,6,LMM-2,4,12.485416666666666,0.49245611056553357,25.473868741671907,0.8083846488310328,0.6637448048261412,0.12587840495340488
140,8,LMM-1,4,13.416666666666666,0.4894725051862805,26.656425302654338,0.7307593006815235,0.631647350490731,0.13348602860238046
140,8,LMM-2,4,11.325,0.6169481339626529,22.40903420038769,0.938176417387974,0.7516961349682671,0.09218213925440444
140,10,LMM-1,4,13.09375,0.6695089151758922,25.788540201809226,1.1498511398345734,0.6454132260678084,0.12610534414717506
140,10,LMM-2,4,10.945833333333333,0.839921871366617,21.428858652201825,1.472147568796083,0.7743557133059442,0.07812885446326041
141,4,LMM-1,4,17.322916666666668,0.5003254149384511,36.83408402209389,0.9312345838774176,0.4997873958646807,0.15958319825614395
141,4,LMM-2,4,16.391666666666666,0.3848701079585161,34.453105519960204,0.6808485827750499,0.5646630389697657,0.14462429016422781
141,6,LMM-1,4,14.322916666666666,0.5003254149384512,29.355488469888883,0.930643973617922,0.5892619118428017,0.14011143685135946
141,6,LMM-2,4,13.066666666666666,0.9453835200594523,26.55743356560975,1.9435805558004657,0.6615812887414309,0.10231126498352254
141,8,LMM-1,4,14.322916666666666,0.5003254149384512,29.355488469888883,0.930643973617922,0.5892619118428017,0.14011143685135946
141,8,LMM-2,4,13.066666666666666,0.9453835200594523,26.55743356560975,1.9435805558004657,0.6615812887414309,0.10231126498352254
141,10,LMM-1,4,13.385416666666666,0.4180965050081142,27.131836508686415,0.7603069701949369,0.6190647100640664,0.1343631718388667
141,10,LMM-2,4,12.270833333333332,0.3735388199370984,24.731668343230805,0.6515918108594837,0.6742245472760281,0.11711014690071982
142,4,LMM-1,4,12.052083333333334,0.3428017223313402,26.606630312174794,0.6657022032176664,0.5914608185570097,0.14153256462160776
142,4,LMM-2,4,9.894791666666666,0.6788686398769154,21.156031755079646,1.5584556630779591,0.7263972045509473,0.08408394341276779
142,6,LMM-1,4,12.0625,0.2724311839712921,25.375728588545222,0.5487238042991347,0.6142142435140742,0.14060861283689227
142,6,LMM-2,4,10.634375,0.6845034126101933,21.73805978038551,1.560317350114751,0.7405373567953273,0.08401209104972177
142,8,LMM-1,4,11.354166666666666,0.2909216675785197,23.79880908100812,0.648445532925324,0.6317952024355064,0.14145448282139825
142,8,LMM-2,4,10.352083333333333,0.37584973171911834,21.014664030931474,0.8936331699103978,0.7457849476590463,0.10298855940297108
142,10,LMM-1,4,9.893369360037518,0.7553350506263188,19.52804213858248,1.279332066586066,0.7831459498267036,0.0710893736273522
142,10,LMM-2,4,9.238541666666666,0.6439042088760816,18.124325619756682,1.1228459401419368,0.7778418912240767,0.07934010672791138
143,4,LMM-1,4,13.07206373491775,0.4094633219808509,29.194357028974544,0.7428794262818919,0.8011888944194139,0.12438366728283744
143,4,LMM-2,4,12.108333333333334,0.35074325842891635,25.24406587484997,0.7348282364685376,0.6556192044901137,0.12537805619449077
143,6,LMM-1,4,13.07206373491775,0.4094633219808509,29.194357028974544,0.7428794262818919,0.8011888944194139,0.12438366728283744
143,6,LMM-2,4,12.332291666666666,0.4962391109216738,25.382387673753644,1.0715396541475586,0.6632557434302264,0.1252782277828028
143,8,LMM-1,4,10.606068086098938,0.4415082676768029,22.52651260199201,0.8817244729686269,0.9303000807735293,0.033666137043721255
143,8,LMM-2,4,9.591666666666667,0.5313112709765028,19.605399779348797,0.938947509287572,0.731507942817886,0.10714687642588744
143,10,LMM-1,4,10.168887882010726,0.657048106520493,21.40867945324909,1.2692615174790354,0.9347705016898773,0.03178743863122731
143,10,LMM-2,4,8.984375,0.7156386461581017,17.697493431541,1.2778304258399247,0.7788899216296308,0.07423860461978052
144,4,LMM-1,4,14.21875,0.5029211543572213,31.529252564800224,1.3884688083390926,0.5737207510159463,0.13331183380685513
144,4,LMM-2,4,12.109375,0.4461094841796124,26.158171050966565,1.1260598772294417,0.6377142583734484,0.11466418250634926
144,6,LMM-1,4,12.414103658828092,0.4116742543343491,27.161902670511605,1.142453033264863,0.6138632633674503,0.11115819143646316
144,6,LMM-2,4,10.25625,0.438881746601519,21.694716511184435,1.3311628432539337,0.7194927525744151,0.08919960552450308
144,8,LMM-1,4,10.441500254321685,0.47076040282738557,22.709268550513208,0.8898162438496247,0.8557917609525075,0.060456082090848795
144,8,LMM-2,4,9.197916666666668,0.6128931561319098,18.26770937212949,1.2122101197225144,0.8031854235744392,0.06553089601730204
144,10,LMM-1,4,9.52281662563972,0.6399474120042574,19.935118519177248,1.3122145647602785,0.8792702490899422,0.05069970035652053
144,10,LMM-2,4,8.764583333333334,0.5722875333548103,17.210445729057362,1.1442507829726873,0.807683265133525,0.06524296781544214
145,4,LMM-1,4,14.364583333333334,1.0620403417479016,29.926985788182456,1.8858063313752225,0.5795158488055617,0.13627121023252367
145,4,LMM-2,4,13.058333333333334,0.5888725102544123,26.845969568204982,0.8330227315425108,0.659036837069251,0.11796310887413194
145,6,LMM-1,4,14.322916666666666,1.0850847221146682,29.289670062664356,1.9448323966006942,0.5955358244882797,0.13166600796553057
145,6,LMM-2,4,12.670833333333333,0.8988708194173399,25.71993724394811,1.5032760801226592,0.6598023630985258,0.11269358002567596
145,8,LMM-1,4,14.364583333333334,1.0620403417479016,29.395393371815175,1.8856566768279868,0.5939800318406052,0.13250987430410635
145,8,LMM-2,4,12.704166666666666,0.8974791083919444,25.79941490014086,1.5096866014345016,0.656573622613697,0.11413343394799813
145,10,LMM-1,4,10.427083333333334,0.9923207751696692,20.781151837796305,1.7859709082778825,0.6981563962337629,0.1016888153266934
145,10,LMM-2,4,8.971875,0.8356497752497757,17.4162741631555,1.423100366833989,0.8131255471533336,0.060796648589601064
146,4,LMM-1,4,11.579070870314624,0.615828319211418,25.934126611193275,1.051645037994877,0.640637479987732,0.10164866377039854
146,4,LMM-2,4,11.010416666666668,0.7460398922533122,24.208513381752585,1.5646975624881878,0.6673855120633458,0.10477524932008653
146,6,LMM-1,4,11.796437854114883,0.4392478012686359,26.214542417400494,0.9541191624536505,0.7837627455337972,0.0758368688916357
146,6,LMM-2,4,11.288541666666667,0.5465117841440694,24.072978406324754,1.2339393596156978,0.6849561414051489,0.10078567170660903
146,8,LMM-1,4,9.27354922746613,0.7133462296038563,20.06039871730713,1.4470194334276827,0.9321459709984864,0.03336105570503454
146,8,LMM-2,4,9.014583333333333,0.5141867567658015,18.12949096258685,0.8417730584584746,0.7887343677257436,0.07023249507593579
146,10,LMM-1,4,7.527067353833272,0.14313613562829153,15.602507082781884,0.2680785990689346,0.9359708324816808,0.0046050100219685655
146,10,LMM-2,4,7.65,0.3297726489568234,15.193722303512684,0.7025322103562597,0.8260042374525179,0.05992818062963854
147,4,LMM-1,4,11.467141769650585,0.19521127866658158,25.458942873070647,0.2656672317566526,0.7892836046394431,0.09612913592838636
147,4,LMM-2,4,11.134375,0.42604421352131994,23.660571895314103,0.6845450461526186,0.6596280729091594,0.11481319344121643
147,6,LMM-1,4,10.944026920753466,0.330782185680125,23.34354330015999,0.6886127514892698,0.8128545388448033,0.0696170219746911
147,6,LMM-2,4,10.315625,0.2833084394701295,21.036543632037088,0.6177049119995666,0.7145918659331778,0.10750399685183167
147,8,LMM-1,4,10.550957730204303,0.4103173128669589,22.275589583676535,0.6695691333775328,0.8129651124107927,0.06616957120298823
147,8,LMM-2,4,10.077083333333334,0.4055763645726904,20.34774971501815,0.6832814306556189,0.7321533136792039,0.09869884650101675
147,10,LMM-1,4,9.009248860318133,0.23773297012513328,18.61128274572505,0.4848769133873972,0.8572390797808542,0.05585039998167004
147,10,LMM-2,4,8.492708333333333,0.25393389272603967,16.911875913237072,0.4514224476607345,0.7943694860335491,0.08802306052756673
148,4,LMM-1,4,13.776483042854256,0.18003454230500876,29.15396738318421,0.5350806455021315,0.5927700755034736,0.14238921733665558
148,4,LMM-2,4,11.569791666666667,0.5664933481883669,24.320058654322608,1.0545081299430321,0.6972219458394722,0.11069499067364577
148,6,LMM-1,4,12.805350651334674,0.4903579427887186,26.977316162189588,0.648357072095019,0.6965486769653841,0.08337975532990587
148,6,LMM-2,4,11.253125,0.740901846991219,23.153275389597614,1.435919440705675,0.7071654903675673,0.0941315535544315
148,8,LMM-1,4,12.71005902070837,0.541021603695584,26.656018262149303,0.8621193552277651,0.6847962649726569,0.10015183907730457
148,8,LMM-2,4,11.1125,0.7977507442804425,22.856446147022133,1.5583376782444638,0.7095921610661517,0.09578563017679644
148,10,LMM-1,4,11.57889698685012,0.33257632339795873,24.54895771368462,0.595155345525837,0.7372423109807011,0.11443218267788018
148,10,LMM-2,4,10.277083333333334,0.43650183752954164,21.119772997276055,0.7336860768693942,0.7338431346947962,0.0962590709343889
149,4,LMM-1,4,22.114583333333332,0.7054936953415437,47.03432452864526,1.2865355123734932,0.42669021114018274,0.16779886949285225
149,4,LMM-2,4,19.444791666666667,1.2938066110802646,40.94092861942591,2.6564048026867684,0.5068485612352458,0.1366158205586853
149,6,LMM-1,4,15.114583333333334,0.7054936953415435,31.205782063899985,1.2847566462841713,0.5674338274250561,0.1422449806475569
149,6,LMM-2,4,12.947916666666666,0.523621702663287,26.400175492713984,0.9336811701594487,0.6507828110070563,0.13011516396858044
149,8,LMM-1,4,13.177083333333334,0.6210814660734933,26.873668939156442,1.1256205921452667,0.623218113876658,0.1293067215054796
149,8,LMM-2,4,11.536458333333332,0.41524105072636197,23.265194652557028,0.6849190836360225,0.7006804115891753,0.11410251797903855
149,10,LMM-1,4,11.114583333333334,0.7054936953415435,22.661421253307637,1.2837002278707346,0.6703809626592692,0.11372743238846222
149,10,LMM-2,4,10.860416666666666,0.41572288947486785,21.766761106508365,0.7249398850431755,0.7425390241987572,0.09174247451098033
150,4,LMM-1,4,10.895602874010404,0.1090166736972715,23.24494962877422,0.23286837138559213,0.6889102043867524,0.12159377255593792
150,4,LMM-2,4,9.897916666666667,0.13998697856110276,20.603661467418966,0.3257290051595898,0.7358032951511561,0.10373584910190503
150,6,LMM-1,4,9.458519972704911,0.21638508269529502,19.776301150973673,0.32298720179387014,0.8315752488009723,0.07436974652471662
150,6,LMM-2,4,8.8875,0.2503123049312601,17.816534069450434,0.53083580142376,0.7841578454060585,0.08740019692975741
150,8,LMM-1,4,7.903639255144589,0.5555782970005457,16.488385890571074,1.196931207219069,0.8708017909104578,0.07930411592178678
150,8,LMM-2,4,7.613541666666666,0.5025229316906842,15.015703210078579,0.8559696537266231,0.860643538514861,0.058135623535297075
150,10,LMM-1,4,8.005174298776273,0.5192379368979425,16.063115807113206,1.0478945946003575,0.9024666133813475,0.055863147926747174
150,10,LMM-2,4,6.742708333333334,0.7657397873135497,13.027608124909332,1.5288932304584952,0.8759344112026497,0.042697943180287745
151,4,LMM-1,4,9.970068059837608,0.7315077467374381,21.860424628095203,1.7399160718289366,0.7901115531820195,0.1349365512757633
151,4,LMM-2,4,9.180208333333333,0.7728317282619374,19.110308341794635,1.320648707981745,0.7688321780771247,0.07854704003800173
151,6,LMM-1,4,10.1926041974655,0.5012181810477574,21.99053853757775,1.2448712986736983,0.8394666617871838,0.11941094550683762
151,6,LMM-2,4,9.433333333333334,0.4373213921133978,18.94875054265333,0.7846969551047964,0.7804352767969501,0.08760438492809768
151,8,LMM-1,4,9.347930137194366,0.9418652603813535,19.909713100986284,2.0146054290943187,0.9162738325793321,0.075205443856768
151,8,LMM-2,4,8.3,0.9374166629626338,16.662100462457403,1.708854483022391,0.8196789362164929,0.0603482608384711
151,10,LMM-1,4,8.982216634545228,0.5194817674502394,18.84897622534772,1.1270157345790106,0.9289708626683697,0.06137171591234624
151,10,LMM-2,4,8.778125,0.8679346443569352,17.502845092494507,1.7270252152023677,0.7918596157240625,0.056602738296317956
152,4,LMM-1,4,11.729889125214767,0.48097950774128007,26.91572607236256,1.2293785223157634,0.8579558665412323,0.08048305533611282
152,4,LMM-2,4,11.282291666666666,0.9700210076118629,23.795611698380142,2.0140892552630865,0.6813626125469772,0.09618591240666464
152,6,LMM-1,4,11.540556566091078,0.2949363294746636,26.082548215401516,0.488443907439826,0.905357240240827,0.046347000010872545
152,6,LMM-2,4,11.170833333333334,0.3949551662319825,23.26833521995683,0.5962447389843133,0.6757091860475094,0.11664270277672528
152,8,LMM-1,4,10.430873143267911,0.34951044802121806,23.04723186927342,0.7836477721125313,0.9369247850763318,0.04395349587313627
152,8,LMM-2,4,10.397916666666667,0.6228400175807585,21.329546485644503,1.2931574840188707,0.7180547302540724,0.0961176280121756
152,10,LMM-1,4,8.717239409632775,0.2770476600903143,18.465389205601603,0.4285040608445096,0.9799656668254939,0.00858709671941153
152,10,LMM-2,4,9.664583333333333,0.5502011942613968,19.706114692473847,0.995635658894614,0.724294938557661,0.08881975520526848
153,4,LMM-1,4,11.735207655166102,0.17962498340890268,24.83056632437283,0.3686698640105777,0.6488919798181543,0.11795778110125445
153,4,LMM-2,4,11.058333333333334,0.4454632420301363,23.15310340361072,0.995442103735446,0.6770907986053957,0.11773449750443549
153,6,LMM-1,4,11.596764294502558,0.24059535978945343,24.386919299760475,0.477631510275651,0.6499168402783317,0.11709472668748357
153,6,LMM-2,4,10.69375,0.6280861306381474,22.13146628057923,1.4840368364236718,0.705287076797358,0.08796386180647199
153,8,LMM-1,4,9.381194096567013,0.4140935500714849,19.8130355894799,0.6213381440241942,0.8243130448126538,0.03349049462538327
153,8,LMM-2,4,9.285416666666666,0.497087873687004,18.88604851256062,0.9557631256842329,0.7513746046867409,0.08347684914265212
153,10,LMM-1,4,8.828752088644334,0.2675495217082072,18.11268844013653,0.7593082084816797,0.7784748916078309,0.07816297738266989
153,10,LMM-2,4,8.784375,0.666812321328123,17.627522966635595,1.3521737366237183,0.7828405968528591,0.08550448937853468
154,4,LMM-1,4,10.121072625307505,0.4049161271537871,22.194322987930608,0.8130484437095223,0.8233993892867206,0.08613305589423634
154,4,LMM-2,4,9.273958333333333,0.3115036198960348,19.310747986530725,0.5345706866220821,0.7384740332935528,0.09591975615742296
154,6,LMM-1,4,10.460203176628568,0.3019551936863722,22.43187838222744,0.5570216235780521,0.7851656523949413,0.10541374131295166
154,6,LMM-2,4,9.922916666666666,0.41871890431807995,20.37719232517873,0.8991573856047893,0.7395486024524758,0.09011756104748186
154,8,LMM-1,4,8.926449817929438,0.3217804844517514,18.399560843604046,0.5978161324978697,0.8319265782102598,0.10787782678781167
154,8,LMM-2,4,9.005208333333332,0.49542503322063397,18.498833558058607,1.1558723667632103,0.742576910329851,0.10606200279232798
154,10,LMM-1,4,8.847568166032637,0.3814095312387961,17.905015326255015,0.7793519618120166,0.860225045802568,0.07090666035344512
154,10,LMM-2,4,8.796875,0.4797765593221495,17.713769372086936,1.1463361941773789,0.7821403492710595,0.08306517530826131
155,4,LMM-1,4,17.90625,0.7973344263858171,36.4233281063898,1.4082146854257063,0.5254093398462248,0.15367752828812112
155,4,LMM-2,4,13.15625,0.30019524896307037,26.31523410882347,0.33992708397130994,0.681582710304795,0.12351705163389678
155,6,LMM-1,4,17.90625,0.7973344263858171,36.4233281063898,1.4082146854257063,0.5254093398462248,0.15367752828812112
155,6,LMM-2,4,13.15625,0.30019524896307037,26.31523410882347,0.33992708397130994,0.681582710304795,0.12351705163389678
155,8,LMM-1,4,15.9375,0.10825317547305482,32.352843786094546,0.13548901777201028,0.5610908623182159,0.1547675062224062
155,8,LMM-2,4,12.43125,0.19951112124390424,24.864700826098485,0.5799906489156819,0.6944053765254649,0.12527425667179473
155,10,LMM-1,4,15.9375,0.10825317547305482,32.352843786094546,0.13548901777201028,0.5610908623182159,0.1547675062224062
155,10,LMM-2,4,12.43125,0.19951112124390424,24.864700826098485,0.5799906489156819,0.6944053765254649,0.12527425667179473
156,4,LMM-1,4,11.125,0.2795084971874737,24.18477441099435,0.48003263873695934,0.630677808883931,0.13541039942525962
156,4,LMM-2,4,10.240625,0.17079204277424584,21.82606140084654,0.1859090454709361,0.7245721636581115,0.11354134815268112
156,6,LMM-1,4,10.178563788945613,0.5115034786561921,21.877497856073955,0.745224520282166,0.8769137069691733,0.03768526195105628
156,6,LMM-2,4,9.830208333333333,0.5170812768559698,20.219732633924423,0.9242471075900537,0.7358718547234714,0.0869484525764316
156,8,LMM-1,4,9.682706237516033,0.3818649526451317,19.89313384746884,0.7360452486748208,0.8108961417460062,0.036326279820268495
156,8,LMM-2,4,8.674999999999999,0.32161700825671535,17.129541453025624,0.6201997032462463,0.8094480885058288,0.07864987516192415
156,10,LMM-1,4,9.090359747110554,0.3787990962223618,18.55797918349524,0.6402438184177283,0.8871346203083587,0.04260687302503122
156,10,LMM-2,4,8.026041666666668,0.395618088407242,15.616604608315686,0.8080248529676138,0.8380411745544638,0.07525091531446264
157,4,LMM-1,4,15.339342699601659,0.8524502197787286,32.07132558062753,1.377157544768672,0.5612457369132413,0.13151135672601633
157,4,LMM-2,4,14.098958333333334,0.586571185115953,28.980159829219204,0.9397129322831055,0.6215470260641425,0.13120903991064933
157,6,LMM-1,4,13.979166666666666,0.854674645698584,28.315773541766525,1.5012351994687643,0.6042853055689483,0.1213277347342363
157,6,LMM-2,4,11.5,0.7907670326967358,22.986963526180027,1.4737013067771187,0.6980507934343163,0.09372127651864445
157,8,LMM-1,4,11.979166666666666,0.854674645698584,24.217467481141874,1.546971647988833,0.6492738944351673,0.10902225777519453
157,8,LMM-2,4,9.608333333333334,1.0961105479527753,19.092503994828874,2.1409985379508423,0.7630985432336174,0.06113318769026912
157,10,LMM-1,4,11.270833333333334,0.9416574483324601,23.082285841101534,2.0716959438120406,0.7453537620953268,0.10866422693523574
157,10,LMM-2,4,9.748958333333333,1.3162063244574032,19.28615935826237,2.6346772306440944,0.7686823850792333,0.0565320958407188
158,4,LMM-1,4,13.496429392736092,0.7574607485998128,27.91683843988295,1.0763375170601481,0.6641597832878963,0.09772668188354246
158,4,LMM-2,4,12.526041666666666,1.0221775800751713,25.40756408274276,1.896005835217929,0.6527172515550336,0.11192936814744661
158,6,LMM-1,4,13.549253990032598,0.683032290906259,28.038621988744467,0.8958209204075245,0.6640432110104835,0.0978401404180605
158,6,LMM-2,4,12.557291666666668,0.9908188559006801,25.48615070499321,1.8198328201163694,0.6511372499923976,0.11356461447187569
158,8,LMM-1,4,13.13680568500976,0.5965383025994783,27.027720111935334,0.835070420307967,0.6798784407556486,0.09385869280074824
158,8,LMM-2,4,12.264583333333334,0.8829475376072278,24.64596879516832,1.6244595519988223,0.6715096079968468,0.11235677262366842
158,10,LMM-1,4,13.13680568500976,0.5965383025994783,27.027720111935334,0.835070420307967,0.6798784407556486,0.09385869280074824
158,10,LMM-2,4,12.264583333333334,0.8829475376072278,24.64596879516832,1.6244595519988223,0.6715096079968468,0.11235677262366842
159,4,LMM-1,4,21.604166666666668,1.0161456998547664,43.923209669639085,2.3149474071056244,0.46424083446008446,0.15163182058276858
159,4,LMM-2,4,15.448958333333334,1.9387638686909936,30.13474284945027,4.373017618317696,0.6740886752161384,0.08990476558348681
159,6,LMM-1,4,18.604166666666668,1.0161456998547664,36.78275550406377,2.3138072231974056,0.5334711989760232,0.13714612028452625
159,6,LMM-2,4,14.655208333333334,1.4368759968098619,28.195391763924682,3.1932092821351477,0.6867539193403371,0.078063495750026
159,8,LMM-1,4,18.604166666666668,1.0161456998547664,36.23250588594074,2.3136482160151504,0.5489057633222125,0.13336032526541586
159,8,LMM-2,4,13.563541666666666,1.9687607473251636,25.660869810734884,4.266900724224237,0.7467398802943561,0.05454934585231
159,10,LMM-1,4,11.369745653992533,0.4757099624648511,23.3346738470138,1.1680425628239408,0.9060818566256231,0.010379982083737724
159,10,LMM-2,4,10.248958333333333,0.40710247097628866,19.580001099776652,0.645517085287267,0.7673253706232389,0.09961315483351761
160,4,LMM-1,4,12.0,0.30618621784789724,25.550558221886472,0.5151698613995229,0.6002742756604122,0.1429158121987157
160,4,LMM-2,4,11.761458333333334,0.7508176966092812,24.507094504575154,1.2588588282873054,0.6693484361665191,0.11689796501667418
160,6,LMM-1,4,11.645833333333334,0.5601804024895313,23.04892374264112,0.8847871599974265,0.6639514157930432,0.1229305697516482
160,6,LMM-2,4,9.492708333333333,0.6317165149086522,18.75108753476024,1.0066776410868683,0.7822296464697267,0.0822156037362024
160,8,LMM-1,4,11.614583333333334,0.597575396219311,22.95931806117679,0.9878222047487102,0.6665297512103394,0.1200957980972391
160,8,LMM-2,4,9.489583333333332,0.6467164660807705,18.71545326850498,1.0643160640481462,0.7831759686821717,0.08138281138802177
160,10,LMM-1,4,11.614583333333334,0.597575396219311,22.95931806117679,0.9878222047487102,0.6665297512103394,0.1200957980972391
160,10,LMM-2,4,9.489583333333332,0.6467164660807705,18.71545326850498,1.0643160640481462,0.7831759686821717,0.08138281138802177
161,4,LMM-1,4,16.052083333333332,0.5932015010376602,34.72201651900506,1.8716270126659225,0.5109009481924259,0.1484071686076002
161,4,LMM-2,4,15.075,1.0278922608911896,32.39464468120389,2.7132741081701233,0.5599665494895758,0.1217923748864411
161,6,LMM-1,4,13.322916666666666,0.5003254149384512,28.131962520958766,1.4462396282745942,0.5841942912738461,0.1333460061419254
161,6,LMM-2,4,12.25,0.5024937810560447,25.43900410956843,1.4656521592136973,0.672859801862936,0.10765967659858033
161,8,LMM-1,4,10.267569912556564,0.4445280294386611,21.83738067885144,0.8648929925463448,0.8996963609189118,0.05720070908479375
161,8,LMM-2,4,9.621875,0.23591162937634136,18.912033330511356,0.37954414396061026,0.7846069538332697,0.08084718535470138
161,10,LMM-1,4,8.708677604287269,0.525055642097558,17.746994207935188,1.029326105810585,0.9408890297287111,0.04931238570984874
161,10,LMM-2,4,7.859375,0.554059944297546,15.180877748397265,0.9315783965122487,0.8555263078117804,0.04761850160323876
162,4,LMM-1,4,12.353564989807156,0.3529784358372832,28.647230995240555,0.7217123672953356,0.6538628625495875,0.15772242707947254
162,4,LMM-2,4,12.013541666666667,0.356674637274646,26.99079893387071,1.0382861908765626,0.6106698421423884,0.14598687715957065
162,6,LMM-1,4,10.268004728919248,0.33487933242908385,23.156421558316623,0.7441999011908329,0.8068046484333371,0.1420353121323792
162,6,LMM-2,4,9.988541666666666,0.31346206076918937,21.447370236051533,0.6859468370729755,0.6920193908422272,0.11702996134754733
162,8,LMM-1,4,9.645518635649111,0.4011286538068385,21.605804828457554,0.8484890767077273,0.9229531131254434,0.037585215809399275
162,8,LMM-2,4,9.177083333333334,0.4929846388749517,19.08154813958046,0.9286008852390297,0.7434440054870649,0.09819484665071436
162,10,LMM-1,4,8.832197546294616,0.7144514930157565,18.902248310227886,1.2898905026817158,0.8715665770857925,0.02886888663350397
162,10,LMM-2,4,9.192708333333334,0.6289070587468921,18.809236621388767,1.2045727325842712,0.7591984360674002,0.09698614750735209
163,4,LMM-1,4,11.270894504180408,0.5662384918230864,25.090338173272965,1.4577764502400432,0.6890887716173392,0.14211196964897652
163,4,LMM-2,4,10.183333333333334,0.806161170817184,21.680593231288846,1.7535687810119034,0.7161986465760938,0.08040272230236996
163,6,LMM-1,4,9.978749395203486,0.4311176528010116,21.729675774987115,0.9294184787765353,0.7851955546318914,0.09342038813238682
163,6,LMM-2,4,9.346875,0.6620502600822691,19.30112577532811,1.255816756860731,0.7561311242830446,0.08104554331480973
163,8,LMM-1,4,11.026187437430373,0.45088882169402816,23.512102518762404,0.9400997141336009,0.7764092058122997,0.09609514194049308
163,8,LMM-2,4,10.084375,0.6155139493748298,20.602954542616743,1.2216546438100895,0.7349613242979838,0.0914210396079541
163,10,LMM-1,4,8.141141425421079,0.480141842856487,16.7504735966341,0.9375395116965759,0.8416073689020979,0.07109975172999357
163,10,LMM-2,4,7.164583333333333,0.6419473141673441,14.160060662284923,1.2492186113913506,0.8427864664117424,0.0551116227077295
164,4,LMM-1,4,11.079042465843056,0.3395877791958999,24.16272575883538,1.0834976502968026,0.7704321023661964,0.15223594026391846
164,4,LMM-2,4,10.242708333333333,0.42217581867629506,21.141672217930534,0.7628451028753512,0.7389267253329164,0.10110390201160893
164,6,LMM-1,4,10.377882556008409,0.5681885027933959,22.24875305564632,1.268330572216336,0.8637233634445971,0.09686095273503435
164,6,LMM-2,4,9.855208333333334,0.6919011587948576,19.89136987087792,1.2529870117070103,0.7674590941246876,0.07725931302663543
164,8,LMM-1,4,10.046092404263275,0.37471103244793474,21.462319209453714,0.894129063518474,0.8479256380790435,0.10604791501758494
164,8,LMM-2,4,9.076041666666667,0.7902090473676364,17.97452187704084,1.5018751751602886,0.7930022837603419,0.07231095440858742
164,10,LMM-1,4,9.3957966845869,0.09502311298812566,19.42200456129071,0.23705646177737252,0.8477145542494225,0.11748625550949764
164,10,LMM-2,4,8.517708333333333,0.3701817191709141,16.808067219315472,0.5798152019011126,0.8195764477379912,0.0713353426989307
165,4,LMM-1,4,12.3854037692361,1.009729036359722,26.434593540559025,1.722133237212927,0.7192921195043757,0.09884509730986808
165,4,LMM-2,4,11.372916666666667,0.2690889335641038,23.457555605572896,0.17556439735162235,0.6837850568117081,0.11980358535173606
165,6,LMM-1,4,11.633627764717307,0.8398972637819823,24.4375319368742,1.4303069885799575,0.7646300612797801,0.029420996162008495
165,6,LMM-2,4,10.771875,0.14587425021229763,21.819877405850924,0.19905000680672968,0.6956256852688247,0.1250900539565734
165,8,LMM-1,4,10.478677608974598,0.1485813257604209,22.016656707832198,0.6410305763051076,0.7800341680858783,0.06407836666026004
165,8,LMM-2,4,10.344791666666667,0.9193114072726755,20.6456967109919,1.7132124659396106,0.744570957040489,0.07943223425832292
165,10,LMM-1,4,9.145567037849041,0.619861184180749,18.624040880188318,0.9999157430878962,0.8249647882659235,0.024284151623707777
165,10,LMM-2,4,8.435416666666667,0.29932650094281144,16.55334804801538,0.4242956389790634,0.8064938392421563,0.08148138103518582
166,4,LMM-1,4,11.155867180974829,0.3469249238248484,23.982469433619023,0.588001301796835,0.7343769121612219,0.1099027155675378
166,4,LMM-2,4,9.803125,0.3187346810044371,20.035857888877132,0.5749893711784827,0.7544620289227914,0.0948206749168383
166,6,LMM-1,4,10.807459653962876,0.31261108011448535,23.11595948907227,0.425808046832264,0.8324911125598293,0.052787639052344
166,6,LMM-2,4,10.059375,0.46497437765429656,20.321899990291026,0.8889484437506662,0.7530359887316573,0.08482460933258845
166,8,LMM-1,4,10.246030676829289,0.3309911274328812,21.649391110062,0.5134243960376578,0.8896730292337656,0.040545805383228044
166,8,LMM-2,4,9.902083333333334,0.29723114602387635,19.99975224170116,0.4606750220291963,0.7478618517087674,0.09760513856860269
166,10,LMM-1,4,9.278046235702455,0.18022842576023343,18.986989166261825,0.28475650901118293,0.8998755040149808,0.04785331971357318
166,10,LMM-2,4,9.394791666666666,0.49542503322063425,18.464332049279314,0.9666160369874007,0.7812635686774543,0.08629217200799563
167,4,LMM-1,4,12.163037589630104,0.2109683291359896,26.95944536453399,1.2292312877870504,0.6737920668646257,0.14355618949695856
167,4,LMM-2,4,12.245833333333334,0.6425453939865519,25.933653758620363,1.6804844379709063,0.6604859028477286,0.0996756626102284
167,6,LMM-1,4,10.552083333333334,0.3428017223313402,21.98047663396712,0.5787890168919938,0.6617758107666342,0.11409878496067026
167,6,LMM-2,4,9.441666666666666,0.6759252917297891,19.03242997571241,1.348326885405396,0.7723315142179528,0.06832203619430217
167,8,LMM-1,4,8.612822230431647,0.2769467826569146,17.213664917950425,0.4354829529321338,0.7432331432988988,0.09024695919076638
167,8,LMM-2,4,7.088541666666667,0.16402529340013403,13.824327219699754,0.5120076670069912,0.8452768057549503,0.06811991302610296
167,10,LMM-1,4,8.547920680551751,0.3480238542381934,16.799186222438625,0.5825095731665579,0.748926724089734,0.08812876778356163
167,10,LMM-2,4,6.742708333333333,0.32460412588515675,12.980369480198288,0.6065730593532175,0.8890633134073668,0.04451260557298457
168,4,LMM-1,4,12.232611993723532,0.5648070928703849,26.482788529525916,0.5736550778820332,0.7211284799658452,0.054540267164709826
168,4,LMM-2,4,11.901041666666666,0.5343932745413249,24.5538532139946,0.9617391595455232,0.7112201603619186,0.10767808484197114
168,6,LMM-1,4,11.005119863699907,0.7310216110634371,22.93555195161576,1.1379302433339937,0.708425467988028,0.09532844092949208
168,6,LMM-2,4,10.594791666666666,0.5280941805603117,21.561870104088502,0.7774288464331889,0.7176164468997719,0.10534134315527449
168,8,LMM-1,4,10.123272954083944,0.3772969286889755,20.464369244087308,0.43933986683619153,0.7803484496281973,0.05166925112442294
168,8,LMM-2,4,9.3,0.47269176002972585,18.088355561601443,0.8525011066538687,0.8040075244537666,0.08834087473914333
168,10,LMM-1,4,9.226263677121796,0.1809086138943286,18.393404923862622,0.2077080638578587,0.8062015893708007,0.04726359639373397
168,10,LMM-2,4,8.319791666666667,0.39254528003148886,15.974964396022756,0.6135449361551459,0.8416802054969684,0.0698274151435141
169,4,LMM-1,4,11.541666666666666,0.6574889099191459,24.470537774146422,1.36514505745642,0.6339114221223844,0.12417749604208222
169,4,LMM-2,4,10.245833333333334,1.035037237655406,21.370948663212605,2.27792926625194,0.7390755679989387,0.06696640501240388
169,6,LMM-1,4,10.863993407444063,0.4389157458374825,23.165783763732296,0.5437981335903292,0.712015472825597,0.09359297697933985
169,6,LMM-2,4,10.266666666666666,0.251661147842358,20.936877511987696,0.4584301409936902,0.7380445221568039,0.11150470814346312
169,8,LMM-1,4,11.131995244297288,0.37398976376222287,23.36419544720432,0.4177956395063503,0.7234598825332866,0.06061258260830694
169,8,LMM-2,4,10.528125,0.28234163149454256,21.438033244146204,0.47023561378617246,0.7176492278603306,0.10444759808017096
169,10,LMM-1,4,9.633430721609606,0.5752875076633922,19.538026424813324,0.8911187626141843,0.7756720269797343,0.046957419482120115
169,10,LMM-2,4,8.873958333333334,0.587591415760135,17.42305268880029,1.1303290575012654,0.7920383086358941,0.07308692788713364
170,4,LMM-1,4,12.885416666666666,0.4180965050081142,28.393099785661175,0.7602560200018708,0.5717523510382694,0.1457158664455967
170,4,LMM-2,4,11.786458333333334,0.5799408419902271,25.57539523012603,1.1480894957639796,0.6602302318102126,0.11337556765452413
170,6,LMM-1,4,12.115792345562594,0.24305650711107238,25.747889171267136,0.5594482383203212,0.634887781635354,0.12224214899240231
170,6,LMM-2,4,11.497916666666667,0.2487730307596329,24.057204630066195,0.6373223051068542,0.6813697161375738,0.12283605506435205
170,8,LMM-1,4,11.356045624716971,0.21619113022150596,24.049977575851862,0.5438044838832721,0.693449321859099,0.15762121502551185
170,8,LMM-2,4,10.56875,0.4255052144216335,21.884975349515468,0.8126209612021542,0.7106822347784394,0.11774670645000149
170,10,LMM-1,4,8.942695750356386,0.38437084773849034,18.617590875449324,0.5542870368739666,0.8854474639559757,0.03795022282421668
170,10,LMM-2,4,8.415625,0.33158885969676377,16.610320209729196,0.5402872187555432,0.8388523843627702,0.06261644585665561
171,4,LMM-1,4,16.447916666666668,1.3589259315724314,35.39198225029275,3.1926592043224646,0.5135834545417884,0.13588348256577348
171,4,LMM-2,4,12.738541666666666,1.3813218778432252,26.801596605196217,3.216110012055041,0.66493011511132,0.08975228535233462
171,6,LMM-1,4,15.447916666666666,1.3589259315724314,32.784120219089374,3.1919690694861287,0.5418434726210819,0.12899042294550941
171,6,LMM-2,4,11.752083333333333,1.6680866346905772,24.436175690097073,3.841283326074977,0.7078652700204381,0.061993116625044836
171,8,LMM-1,4,15.385416666666666,1.4335316602131023,32.61614563385267,3.3932200826313186,0.5447911147494778,0.12553934487450674
171,8,LMM-2,4,11.852083333333333,1.5659170968370797,24.65563675865547,3.6165254138388736,0.6991605308254637,0.07297051348200148
171,10,LMM-1,4,8.906204127295611,0.24130396148888214,18.623748248595042,0.6036850457345524,0.8611007325741475,0.05762722490238413
171,10,LMM-2,4,8.863541666666666,0.08464463090867995,17.871531219797337,0.2397618845649359,0.7693957321973142,0.09042792796419878
172,4,LMM-1,4,11.281200937297454,0.47187633663255957,24.249456022463484,1.4331842487196247,0.7178774181571237,0.08131098928990947
172,4,LMM-2,4,10.689583333333333,0.42733732284929177,22.188756162400455,1.0924075840796983,0.7208100253982703,0.1145457256258657
172,6,LMM-1,4,9.518815526782506,0.2897603271902708,20.45334556262867,0.22568636483227836,0.8422580987409606,0.006377815760875459
172,6,LMM-2,4,8.889583333333334,0.2906753988558374,18.14067294859205,0.5956961317404776,0.7726714839664912,0.08283316015376756
172,8,LMM-1,4,9.476677152239247,0.1833578114078281,19.98542037943948,0.2653710511304637,0.895999105499371,0.043056719339916394
172,8,LMM-2,4,8.775,0.4461642074393688,17.66842374345011,0.6908232892032017,0.7835095472895764,0.08312000729085676
172,10,LMM-1,4,9.090509321510032,0.5382600154717149,19.058126294411945,0.8267178851240918,0.9243326391352595,0.006688284932820615
172,10,LMM-2,4,8.688541666666667,0.4994039415893713,17.255058756908163,0.8473142172782703,0.7992932725822905,0.08043531710462337
173,4,LMM-1,4,12.489583333333334,1.0993902192427703,27.720028466023344,2.5919454725031024,0.583804723340784,0.12052064719041938
173,4,LMM-2,4,11.859375,1.0661472327380497,25.81104822569444,2.3309281498971894,0.6527680493314258,0.10354675428882343
173,6,LMM-1,4,11.745160896302746,0.8683049538561644,24.7763411154137,1.0828936964301639,0.696977549419029,0.07106092967379016
173,6,LMM-2,4,11.073958333333334,0.8297546857605965,22.455560003450618,1.4629565874719415,0.7370603500144537,0.0873747038979567
173,8,LMM-1,4,11.791242544635164,0.8325503432485258,23.492215600903933,1.0523397856096746,0.7297299952197023,0.06375372879605598
173,8,LMM-2,4,10.780208333333333,1.0307400885811775,20.885688673118036,1.8556945957293178,0.7409158026524967,0.07381846018714254
173,10,LMM-1,4,11.28682095987369,1.1348901549028054,22.20609686379607,1.843444993089474,0.7263309082086269,0.06624358773047075
173,10,LMM-2,4,10.238541666666666,1.2397824594964229,19.803057895296014,2.256157482816549,0.761246823771232,0.06630852306793512
174,4,LMM-1,4,13.020833333333334,0.3835823466567076,28.47942993125975,1.1403285454147758,0.5709130267679655,0.1369526422121886
174,4,LMM-2,4,12.194791666666667,0.3936714538059202,26.552231701376044,1.0797574543069182,0.628535535926076,0.11726427273050082
174,6,LMM-1,4,11.167192130663404,0.5132793973621957,23.386627355576525,0.7205694652074356,0.6836449054895553,0.08871720889815055
174,6,LMM-2,4,10.127083333333333,0.22386868360715398,20.41986471335513,0.5141409672846435,0.7531464762207045,0.1024154255728092
174,8,LMM-1,4,10.70285690932216,0.5923170939687781,22.394258847543806,0.7471461968718163,0.9023033155168972,0.009050805156970246
174,8,LMM-2,4,9.945833333333333,0.5791966419101553,19.404909608263157,0.8184656279588866,0.7616866436527749,0.08588431413942055
174,10,LMM-1,4,9.70797889566317,0.7126204216276726,19.81626578351426,1.1356447063191932,0.9020237347896048,0.029045266931865973
174,10,LMM-2,4,9.260416666666666,0.6160293722705107,17.754577982623026,0.9939495815485978,0.7953569501586468,0.07006320606894463
175,4,LMM-1,4,10.910310506302697,0.3872450199811691,23.854021306781082,0.3574713364801581,0.7586441080734618,0.08311687505363258
175,4,LMM-2,4,10.338541666666668,0.45228370175698324,21.652194820431298,0.7009384525013803,0.7252116553789445,0.09962536274844597
175,6,LMM-1,4,10.935628706303305,0.3299649914301864,23.53895152457632,0.3269261767351749,0.7708612901240639,0.0617192182290761
175,6,LMM-2,4,10.317708333333332,0.06417038679692233,21.311368231829285,0.11750315510473983,0.7333872623649398,0.10418485162930781
175,8,LMM-1,4,9.84251137401608,0.1416231216172534,20.856840834093926,0.28260681743790317,0.799544675346559,0.05584244461915297
175,8,LMM-2,4,9.194791666666667,0.19196930364427175,18.73893403744765,0.3500540979715502,0.7820730464623491,0.08905087635046113
175,10,LMM-1,4,9.02175811731184,0.3048338111079351,18.648203487696364,0.29247194760687334,0.8298901826456473,0.047623157247578374
175,10,LMM-2,4,8.203125,0.3621091643068427,16.29968387007572,0.5830843207774281,0.810859914149826,0.07308821365241318
176,4,LMM-1,4,13.385416666666666,0.4180965050081142,29.75299216095504,1.3281709538516118,0.5529549340919993,0.13798031966540691
176,4,LMM-2,4,12.025,0.9432324739956738,26.164945147643262,2.6098671845184844,0.6749792942839218,0.08237982419585303
176,6,LMM-1,4,10.92950945355687,0.4399509443198678,23.674933768850405,0.9294074498438026,0.7440373942347847,0.12355213188924223
176,6,LMM-2,4,10.610416666666667,0.5015730463584875,22.166376553972107,0.7613125819448822,0.6974119786754658,0.10724564240983075
176,8,LMM-1,4,10.169926690832341,0.563966766477279,20.79925513346707,1.0531702743277591,0.8020369091014732,0.09000147265798158
176,8,LMM-2,4,9.286458333333332,0.7894672023217092,18.43017731160142,1.5654486329855044,0.7584928126953068,0.0694196280783041
176,10,LMM-1,4,10.232426690832341,0.5829120236680618,20.91695114776691,1.102068037772756,0.7999960961341624,0.08884536942139533
176,10,LMM-2,4,9.095833333333333,0.6702378309227257,18.000872014943006,1.2906385279021315,0.7726367323556231,0.07226516570883801
177,4,LMM-1,4,14.020833333333334,1.2252763293777176,29.177593138764145,2.477510729603242,0.587358385094753,0.12580859256421442
177,4,LMM-2,4,12.547916666666667,1.2425664385322286,25.76311157580333,2.405801766829302,0.655315420121522,0.10866533544248431
177,6,LMM-1,4,12.75,1.479019945774904,25.936037446341988,3.008526982331187,0.634222196173178,0.10662924946950972
177,6,LMM-2,4,11.123958333333334,1.4396372246304507,22.190118608299905,2.794869191294088,0.7282977077005358,0.07780871606682681
177,8,LMM-1,4,11.802083333333334,1.4004510062238282,23.808823117820566,2.779321872930853,0.661995755393443,0.10205749254575844
177,8,LMM-2,4,11.345833333333333,1.4873249196684184,22.701099884805505,2.8851128819990244,0.7168971423994926,0.0772045223049003
177,10,LMM-1,4,11.645833333333334,1.574950396044269,23.12173849094846,3.110960425518958,0.6862522718472515,0.08359777774471917
177,10,LMM-2,4,9.51875,1.2909994916730214,18.405579247625106,2.4322214737196153,0.8033585875683847,0.052529914201106094
178,4,LMM-1,4,17.114583333333332,0.5975753962193112,36.52831153163639,1.3692081570546453,0.5034767559538867,0.15219544892847645
178,4,LMM-2,4,13.820833333333333,0.8384323168867005,28.766542636771767,1.9227788943491613,0.6141579840567312,0.1555830519613941
178,6,LMM-1,4,15.114583333333334,0.597575396219311,31.70512532169098,1.368754202497987,0.5603825229042516,0.13980684078998631
178,6,LMM-2,4,11.739583333333334,0.33836694209097934,23.787472801460105,0.6494716744690271,0.708964940065625,0.10575059179949751
178,8,LMM-1,4,13.114583333333334,0.597575396219311,26.779911091159093,1.3683674258333667,0.6013547600778555,0.12934517111553456
178,8,LMM-2,4,11.689583333333333,0.503024705324368,23.31303493406055,1.0733711380266988,0.7090459996857452,0.10220386015768351
178,10,LMM-1,4,12.114583333333334,0.597575396219311,24.597194533785057,1.3680972773542794,0.6414721467690607,0.11797890134867384
178,10,LMM-2,4,10.169791666666667,0.2652202799089846,20.185413833826363,0.5432543021154672,0.7530356426242837,0.08990219890963454
179,4,LMM-1,4,14.802083333333334,0.9001229661366643,30.19621488413815,1.5860860059204211,0.5918106602472866,0.13586769457214573
179,4,LMM-2,4,12.153125,0.6779089517590102,24.354115116186037,1.0983968654842964,0.7132385758824138,0.09804087828271443
179,6,LMM-1,4,14.739583333333334,0.9844163351109799,30.051739269642155,1.7784506046334363,0.5935973232021984,0.13370127858756947
179,6,LMM-2,4,12.1,0.7518726620911284,24.216192885768944,1.2855816176753039,0.7172850141639412,0.09297096983313033
179,8,LMM-1,4,14.739583333333334,0.9844163351109799,30.051739269642155,1.7784506046334363,0.5935973232021984,0.13370127858756947
179,8,LMM-2,4,12.071875,0.7925618568130821,24.14379338170468,1.3901973628921094,0.7174615076478241,0.09275558173724367
179,10,LMM-1,4,13.15625,0.5821230003186612,26.639684085631718,0.9835842007379696,0.6319704596411496,0.13090035312683893
179,10,LMM-2,4,11.238541666666666,0.5531426550854668,22.397754864943337,0.9184059777225037,0.7402755173398663,0.08822940938876635
180,4,LMM-1,4,12.034913945363884,0.17696135587623624,26.441608876616144,0.5374626811474955,0.652515423686618,0.1213284455179695
180,4,LMM-2,4,11.723958333333334,0.1817253106797912,25.18396920257461,0.5112219422116342,0.6274850219860086,0.1394570296123657
180,6,LMM-1,4,11.309994952576767,0.2546047920963679,25.072176242005668,0.5479308858970969,0.791849427981498,0.13507411753676118
180,6,LMM-2,4,10.410416666666666,0.14109873906830891,21.818508552879024,0.3894737320713461,0.7050484629343151,0.11144072499205347
180,8,LMM-1,4,9.969883829408413,0.20068535490983588,21.768045621424896,0.4212022874325335,0.9748654988588458,0.010598270121903246
180,8,LMM-2,4,9.728125,0.33335123649838194,20.031337118588702,0.5369156431694043,0.7295797383728808,0.09620133308038141
180,10,LMM-1,4,9.37970581598706,0.19513212504507882,20.072063001781878,0.35304546757735517,0.9800865176355621,0.008244954336280941
180,10,LMM-2,4,8.86875,0.5348408057543852,17.900753104194635,1.057406762722979,0.7719965749798278,0.07351406312408576
181,4,LMM-1,4,11.430359539668192,0.2621248778375819,24.671866781617076,0.8450834073895065,0.6876698195245188,0.11254195510484347
181,4,LMM-2,4,10.060416666666667,0.3781981678520754,20.983408783771843,1.0265971783398744,0.7214168349838456,0.12205716524811143
181,6,LMM-1,4,10.258265700383213,0.42887126111312873,21.661620444474398,0.5109548793406418,0.7798098261553688,0.06979691527786333
181,6,LMM-2,4,9.1625,0.3043948915471483,18.654395417044828,0.778859080612089,0.7601807753460283,0.10804827349465834
181,8,LMM-1,4,9.329320894153685,0.7140397900223974,19.738854546061113,1.134686564720076,0.9124673281567293,0.007767791547770521
181,8,LMM-2,4,8.239583333333334,0.403258214423463,16.503901606707043,0.5880733229025833,0.7951168500956797,0.0729960992025304
181,10,LMM-1,4,8.769555777964207,0.5503991531891897,18.1638019609051,0.7778028660038798,0.8687026908058637,0.0322575801423696
181,10,LMM-2,4,8.361458333333333,0.4749760136487597,16.747547081407635,0.7734308090637598,0.7835318648688234,0.07811251452497517
182,4,LMM-1,4,13.385416666666666,0.4180965050081142,27.27569402509218,0.6391242101999547,0.5973055901562632,0.14190688426796946
182,4,LMM-2,4,11.158333333333333,0.34535609641836845,22.478293417858744,0.4510481081299258,0.6993028939941954,0.11842230052959353
182,6,LMM-1,4,13.385416666666666,0.4180965050081142,27.27569402509218,0.6391242101999547,0.5973055901562632,0.14190688426796946
182,6,LMM-2,4,11.158333333333333,0.34535609641836845,22.478293417858744,0.4510481081299258,0.6993028939941954,0.11842230052959353
182,8,LMM-1,4,13.385416666666666,0.4180965050081142,27.27569402509218,0.6391242101999547,0.5973055901562632,0.14190688426796946
182,8,LMM-2,4,11.158333333333333,0.34535609641836845,22.478293417858744,0.4510481081299258,0.6993028939941954,0.11842230052959353
182,10,LMM-1,4,12.716268132933083,0.5316432232384314,25.990877519659833,0.9473452184045001,0.6501021286890233,0.12120985057043235
182,10,LMM-2,4,10.101041666666667,0.6496819133558105,20.134012079307322,1.267565125795154,0.7428846151591422,0.0916682522244212
183,4,LMM-1,4,12.25415365667684,0.42605409255541876,25.754124183780153,0.7636440952485366,0.6468663573192202,0.120105650318294
183,4,LMM-2,4,11.314583333333333,0.5760972321000453,23.273938564584206,1.0061478432018327,0.7166433731948172,0.0965849655542786
183,6,LMM-1,4,11.827928578986342,0.5436305132211302,24.97998014645928,1.0483202944244,0.674725991488488,0.09470066595982413
183,6,LMM-2,4,11.046875,0.6652287552977549,22.756419323373443,1.513311831084177,0.7114803112169241,0.10786203477123385
183,8,LMM-1,4,11.480675587557657,0.3675283962036699,23.777783654630852,0.44680665367606476,0.7713068853482774,0.06550116806061052
183,8,LMM-2,4,10.521875,0.5743457555123046,20.97066078731233,0.9730905133254902,0.7419466184036163,0.0929853528288721
183,10,LMM-1,4,9.877386089171704,0.27222644123944034,20.046201853499316,0.4914356609474349,0.7920616412203534,0.07885785941686374
183,10,LMM-2,4,9.794791666666667,0.29673242190285415,19.294592705950073,0.5069019201762794,0.7701775231075295,0.0899141458180106
184,4,LMM-1,4,13.385416666666666,0.4180965050081142,29.485176388245335,1.2245977871052542,0.561757016008231,0.13870963634162883
184,4,LMM-2,4,10.828125,0.3549180143004861,23.053774682310852,0.9685352550379985,0.7183577269384893,0.09304246089066547
184,6,LMM-1,4,12.385416666666666,0.4180965050081142,26.936835293074893,1.2592218841597187,0.5832937216870832,0.13174803439818483
184,6,LMM-2,4,11.585416666666665,0.4180965050081142,24.702863249622666,1.2165359487721834,0.6883919244072203,0.10061683846479567
184,8,LMM-1,4,13.25,0.5590169943749475,27.8295576824962,1.3304936531764477,0.6207469579616633,0.10194252757904326
184,8,LMM-2,4,12.31875,0.5688186771722601,25.66924705892996,1.3877281977346883,0.6730489155631465,0.10559291505419777
184,10,LMM-1,4,13.10553045335541,0.7182509146280213,26.912852588657813,1.8061259552807953,0.6246507275564699,0.10824773100866021
184,10,LMM-2,4,12.26875,0.6730005107724656,25.168677976192093,1.7079710082604018,0.6882778640773307,0.1013533985787076
185,4,LMM-1,4,11.620578258076877,0.6500130272867746,25.98804837266678,1.287374519345279,0.7480302494638048,0.09829967724825536
185,4,LMM-2,4,11.005208333333332,0.7868569629915804,23.58756865138163,1.5187276547764748,0.6774614781939989,0.10652901106856218
185,6,LMM-1,4,10.16597413580686,0.48638897720647206,22.060357529631624,1.1452023275494918,0.7530199775225385,0.10090042180849113
185,6,LMM-2,4,9.675,0.546008241696039,19.84906619372212,1.0840085719468555,0.7598132375593097,0.07940807602213387
185,8,LMM-1,4,9.90593406209755,0.4140168494416099,21.113074536734366,0.7822903494454954,0.7905604506290107,0.08734495787961365
185,8,LMM-2,4,9.870833333333334,0.5259416158979371,20.374059082578906,1.075757259832634,0.7404567439998574,0.08695909394120692
185,10,LMM-1,4,8.270149295520463,0.4163524436982841,17.143864957074275,0.7800181173898291,0.847523829140109,0.06703895226777126
185,10,LMM-2,4,7.373958333333333,0.17708026958133985,14.576408982266738,0.275062901404593,0.8499435089113279,0.06421849314520651
186,4,LMM-1,4,13.21875,0.6019175088830695,27.097033380920916,0.9101962170151454,0.6082804414360925,0.13895845582648966
186,4,LMM-2,4,12.469791666666667,0.4759071655358145,25.313540575587126,0.7473765009469098,0.6760835227117824,0.12071195943150362
186,6,LMM-1,4,12.377664279084653,1.2121208645154418,25.21483843219253,2.2039662945379708,0.6566128910117953,0.09599467131134422
186,6,LMM-2,4,10.704166666666666,1.3102758933395158,21.289222440226773,2.4063261686970883,0.7484016876272772,0.08313284081890154
186,8,LMM-1,4,12.407142359018774,1.175340096444801,25.279531108861867,2.1244382482884614,0.6565454985143904,0.09605128434249002
186,8,LMM-2,4,10.610416666666666,1.3746637846518446,21.076358644057542,2.553055483614059,0.7550645629914514,0.07862256306927497
186,10,LMM-1,4,10.5,1.118033988749895,20.79073188707394,1.94845927253163,0.7125580686418602,0.08430208845143503
186,10,LMM-2,4,9.852083333333333,1.1787230467049217,19.259577840841278,2.0888936132273277,0.7973059366723143,0.06302750023915438
187,4,LMM-1,4,9.916666666666666,0.38188130791298674,21.26053343331662,0.34920103967188565,0.6532431445313798,0.13201001681378316
187,4,LMM-2,4,8.633333333333333,0.9019077003773727,18.018173829669095,1.6380777075119872,0.7816091754862189,0.06284643575066108
187,6,LMM-1,4,9.479126572348877,0.36454858968402293,20.77968064968999,0.7341083817026723,0.9295279664286197,0.06249731365920645
187,6,LMM-2,4,9.196875,0.3082682222918868,18.681558890785908,0.443089417442837,0.7495520358177405,0.09315027466896962
187,8,LMM-1,4,8.368349248059236,0.24271196771277062,17.793793128398733,0.5489908867162366,0.9627165336048809,0.040648441173886884
187,8,LMM-2,4,8.314583333333333,0.21508840236826693,16.595765541508303,0.4734365680378467,0.7939658561237426,0.091753679437451
187,10,LMM-1,4,8.181352012415369,0.07502153760812855,16.87657835940824,0.09661548939689435,0.9534132890483265,0.038225189006905656
187,10,LMM-2,4,7.823958333333333,0.09630206924914245,15.378787753383275,0.2673835225469479,0.8204392130867041,0.07304222410283998
188,4,LMM-1,4,11.95303682476283,0.7602700561541846,26.560923449932467,1.4072632068379227,0.8149851029971571,0.14538517997622571
188,4,LMM-2,4,11.49375,0.5233232151357324,23.676193392077728,1.0584929308935627,0.6727975198600288,0.12528158291486116
188,6,LMM-1,4,10.230206523262,0.274484700735034,22.012390630642955,0.39240254759591225,0.8547450907568024,0.03838471765911811
188,6,LMM-2,4,10.1625,0.19162137145944907,20.565069988711826,0.4118411774757635,0.7259511010301418,0.10626896220402686
188,8,LMM-1,4,9.391053849107635,0.22678884176675262,19.936107594230588,0.2582182740651949,0.8814204961619416,0.042047413862882126
188,8,LMM-2,4,9.194791666666667,0.186184622194387,18.38291380496392,0.34013552410084336,0.768357414377252,0.08887886941975544
188,10,LMM-1,4,8.224581819542589,0.28036772557188994,16.927522133104787,0.4539834312241846,0.8939081404299225,0.028189602239189857
188,10,LMM-2,4,8.051041666666666,0.18071941015932216,15.724269179046594,0.3755076377542464,0.83441558385639,0.060003284241767575
189,4,LMM-1,4,12.506488466716384,0.30207806499492323,27.38339773132618,0.40735939980955854,0.6130062133604532,0.12322614993636336
189,4,LMM-2,4,12.058333333333334,0.8841780552204032,25.561005654352346,1.697290658675468,0.6541904323344959,0.11709812906296309
189,6,LMM-1,4,11.96875,0.7201074138626821,25.316343435833808,1.275068762813715,0.6639907049654556,0.11389029799518523
189,6,LMM-2,4,11.115625,0.8880005190736097,22.849655096180353,1.692757448739512,0.7074234838654307,0.0909132391356302
189,8,LMM-1,4,11.197786442699435,0.5844490422086216,23.412499447447974,1.0113566124724251,0.6935758933504932,0.09841033164163732
189,8,LMM-2,4,10.430208333333333,0.5982423256576996,21.08463759626363,0.9392837800431867,0.7372291890524406,0.10057259017493801
189,10,LMM-1,4,9.188673767041154,0.7058781391321052,18.513868628285508,1.232442084597994,0.7643458127949525,0.0818164549998967
189,10,LMM-2,4,8.741666666666667,1.1400840612282352,17.143207502509092,2.2019712279244006,0.8082544223418942,0.04615132728797105
190,4,LMM-1,4,11.290314153659214,0.7459055631020027,24.86686003239739,1.2083111568563956,0.6456720731177487,0.11004700421429953
190,4,LMM-2,4,10.4,0.8483439750478577,22.55575519753487,1.3745917566277066,0.7052819035091702,0.10984027898206791
190,6,LMM-1,4,10.26823928362265,0.7411708173236785,22.15754841640884,1.1738435712216369,0.6930040002034932,0.10957936782504193
190,6,LMM-2,4,9.671875,0.8111707877352341,20.55569979931986,1.3714159766774758,0.7265445399581306,0.08955117525077756
190,8,LMM-1,4,10.785096515680534,0.5044139808074058,22.022919340464988,0.6086448597128591,0.730177546044398,0.07212090072587025
190,8,LMM-2,4,9.864583333333334,0.3214752776912508,19.703996313668753,0.48952340529840327,0.7789019037025875,0.09351435735131337
190,10,LMM-1,4,10.732487708226309,0.6205505796529001,21.893006787090478,1.1408871854336082,0.7164288237474657,0.1034859960744357
190,10,LMM-2,4,9.403125,0.7223212906145021,18.652426841084257,1.6600444147479136,0.786526472310958,0.11342104879335113
191,4,LMM-1,4,14.251381804219077,0.7860637485070223,30.16393198777319,1.3807482779773785,0.6129160369645321,0.12763948466229033
191,4,LMM-2,4,12.801041666666666,0.886562371489827,26.53238902757888,1.7592377335958431,0.6524968795981931,0.11212800946652599
191,6,LMM-1,4,12.29925257863124,0.8446714783404475,25.33360099021615,1.462997076174948,0.6893399323534449,0.09481736114836375
191,6,LMM-2,4,11.366666666666667,0.7681145747868607,22.92604888474222,1.4735674108794101,0.7133055401113708,0.09036834634928523
191,8,LMM-1,4,12.261392366662156,0.8040684328776946,25.1484032684458,1.4741323938486248,0.690412092444725,0.09480483929603054
191,8,LMM-2,4,11.058333333333334,0.9136123357310801,22.159014557734665,1.8661545421631058,0.7307324822043171,0.0840411069296165
191,10,LMM-1,4,12.261524644952885,0.8039968802561086,25.173222455907453,1.460889476419997,0.690361343824069,0.09483156937217563
191,10,LMM-2,4,11.133333333333333,0.8829991506224683,22.3189295800912,1.796984505655229,0.7226146651304257,0.08373461317339993
192,4,LMM-1,4,13.377734172937835,0.42757957775272276,26.504459105116233,0.5370269908722248,0.6398632705812111,0.12103611658950562
192,4,LMM-2,4,11.516666666666666,0.3588175023601829,22.788414050761936,0.7353844162886118,0.7108365214809721,0.11216480299282232
192,6,LMM-1,4,12.197916666666666,0.18487749322186303,24.152080852707446,0.46423050008396666,0.6535040969470602,0.13224224743825422
192,6,LMM-2,4,10.859375,0.43690808172314666,21.549470296518475,0.962194184372314,0.7260085344030734,0.10828891823155912
192,8,LMM-1,4,11.633300108644786,0.32258659809047185,22.97892666096763,0.47249578180532265,0.6806554333219947,0.11194464433521185
192,8,LMM-2,4,9.754166666666666,0.515236596138124,19.241382282162505,0.8867220922344545,0.7752276128185536,0.07974998530907984
192,10,LMM-1,4,11.548235916465497,0.4622623565472428,22.80826239872166,0.8115146404565425,0.6820295080782747,0.10948178330206691
192,10,LMM-2,4,9.65625,0.5690933029829113,18.91114572989175,0.9597395744586052,0.7887290115561537,0.07988669952396138
193,4,LMM-1,4,12.922135724601057,0.3938962512519564,26.611203821043024,0.23469129316745196,0.6630469141753018,0.10131752513663649
193,4,LMM-2,4,11.442708333333334,0.29887484316181573,23.117441779078106,0.3358780277439156,0.6960694738044461,0.12071232812190721
193,6,LMM-1,4,12.854166666666666,0.4578596036632482,26.349909343275478,0.4801162370827323,0.6818310531326661,0.1058607818713924
193,6,LMM-2,4,11.488541666666666,0.3866632430703323,22.980575194923663,0.4633090028823742,0.7033256495641277,0.11116706640110159
193,8,LMM-1,4,12.75776485330692,0.5513931395874059,26.04287113573471,0.7051892196606445,0.6653726179077544,0.09920098590392937
193,8,LMM-2,4,11.2625,0.4435298749802543,22.589928046585555,0.6063705336590905,0.7090201274843322,0.10794643632586703
193,10,LMM-1,4,12.022213962508655,0.34194445773426524,24.358564500190816,0.3938865041992189,0.6948869641609638,0.10674588574988195
193,10,LMM-2,4,10.710416666666665,0.3954329115033293,21.30529876155398,0.578901437149872,0.7337920137979308,0.10182499616894988
194,4,LMM-1,4,15.875,0.960143218483576,33.882480009759746,2.1224785965559847,0.5336853510966111,0.13954088417421914
194,4,LMM-2,4,15.06875,1.275413535877678,31.825247195024318,2.843741901589814,0.5868767548814444,0.11215385724105882
194,6,LMM-1,4,15.875,0.960143218483576,33.882480009759746,2.1224785965559847,0.5336853510966111,0.13954088417421914
194,6,LMM-2,4,15.06875,1.275413535877678,31.825247195024318,2.843741901589814,0.5868767548814444,0.11215385724105882
194,8,LMM-1,4,10.30305364809464,0.3597638408484115,22.45852443491661,0.5684901399516266,0.8715179455421949,0.07781811948373893
194,8,LMM-2,4,10.107291666666667,0.2717672200155863,20.87759625858905,0.4407561023993398,0.7158885074554499,0.09829078937074283
194,10,LMM-1,4,9.493941323661288,0.354478358335512,20.03522658274853,0.5778185999878441,0.853404018079556,0.06911429240159078
194,10,LMM-2,4,8.839583333333334,0.367299406706119,17.61771692044549,0.7434067743848027,0.7760228512582554,0.09685067854299317
195,4,LMM-1,4,9.346103231110167,0.47627074521423657,19.66843384785743,0.7653284972932836,0.7375636863515664,0.07209547370122243
195,4,LMM-2,4,8.792708333333334,0.5679395553592539,17.977209193417345,1.1470950550728,0.7826807544393569,0.07129786345678792
195,6,LMM-1,4,8.852206470370392,0.3854029270150325,18.484079712485705,0.7253683003594111,0.7527820389564311,0.06508333155277123
195,6,LMM-2,4,8.452083333333334,0.6612901689122563,17.144633505998918,1.377144992804531,0.8024374203612612,0.06723778084526837
195,8,LMM-1,4,9.05220613433771,0.40731081908917655,18.76112730368093,0.7601717161817991,0.7508679804406702,0.06621469015356671
195,8,LMM-2,4,8.280208333333334,0.1988983330121194,16.713056342543336,0.2787756797893358,0.7972718257867493,0.08584676482744866
195,10,LMM-1,4,7.181795541151779,0.22942008625639757,14.389358869577222,0.37341340772866105,0.8162396542199449,0.051311942829352336
195,10,LMM-2,4,6.739583333333333,0.14829763147130834,13.168657885134555,0.3161317331864197,0.8887170785378773,0.05415064134679022
196,4,LMM-1,4,12.489583333333334,0.3232525135246437,27.66261149002821,0.9871602096009844,0.569625641918507,0.13717461358428357
196,4,LMM-2,4,10.346875,0.11052961989892131,22.508475421985246,0.37576942974467376,0.6908961599450225,0.10741909827503722
196,6,LMM-1,4,13.145833333333334,0.5601804024895313,28.85707211534981,1.449986338973345,0.6123129828204391,0.12022886553314849
196,6,LMM-2,4,12.255208333333332,0.48167256880755277,26.24453748871897,1.324997440855379,0.6549361623997918,0.11118843301958425
196,8,LMM-1,4,9.915606913990958,0.44925211793157144,21.201853316253978,0.6500079311920401,0.8656764842715873,0.04423717122941156
196,8,LMM-2,4,9.726041666666667,0.4794779333208847,19.51396289435703,0.8582568421761835,0.7701771413149032,0.09080892719538464
196,10,LMM-1,4,7.913412868335612,0.4812537191698997,16.254914585460476,0.9049833008484672,0.9420598493618233,0.0339664784586307
196,10,LMM-2,4,7.154166666666667,0.33672751100358095,13.799803897643873,0.5366574584206892,0.8678055874357354,0.04935890455366747
197,4,LMM-1,4,13.791666666666666,0.37500000000000006,28.945746870962928,0.7821824773850762,0.5808740640411825,0.14726248538341957
197,4,LMM-2,4,12.909375,0.5970876584514205,26.805172565763478,1.1907980816010701,0.6573904000429761,0.11393200234044527
197,6,LMM-1,4,13.625,0.414578098794425,27.871288598855628,0.7750788745537254,0.598087912706328,0.14220008452182656
197,6,LMM-2,4,11.965625,0.6200664656913809,24.31900989787607,1.1266116832797677,0.6904404042809313,0.10437886676550129
197,8,LMM-1,4,12.091574182986847,0.6432225190150851,25.54332314361252,1.223030568255423,0.7625288421840466,0.10425602995995446
197,8,LMM-2,4,10.694791666666667,1.2230333384151881,21.676675004823238,2.370165042814262,0.7324490330787763,0.08686130847824096
197,10,LMM-1,4,10.312249139799967,0.7008521884679466,21.361175518268457,1.3591225074232296,0.8028476007715994,0.08268475520632876
197,10,LMM-2,4,9.169791666666667,0.9635157654176355,18.058540699702313,1.88532960172256,0.8049809862335017,0.056148670484764
198,4,LMM-1,4,14.802083333333334,0.7989658028768606,31.986154385990105,1.7536542012284746,0.5471953289056707,0.14004881823626616
198,4,LMM-2,4,13.913541666666667,1.225033215961238,29.47667220333438,3.042399010076163,0.6169185298813055,0.10012937627601656
198,6,LMM-1,4,13.802083333333334,0.7989658028768606,29.47715896962965,1.7532762988762391,0.5739658004441126,0.13349293447486502
198,6,LMM-2,4,12.60625,0.70408961610011,25.927053771752284,1.4460177340829803,0.6841307843228319,0.101958235950745
198,8,LMM-1,4,13.802083333333334,0.7989658028768606,27.721896420087766,1.7529404092249181,0.6105859154239691,0.12366925878818698
198,8,LMM-2,4,12.786458333333334,1.255582585976858,25.569389709377543,2.7059350458602784,0.68107264451298,0.0862542030600441
198,10,LMM-1,4,13.802083333333334,0.7989658028768606,27.721896420087766,1.7529404092249181,0.6105859154239691,0.12366925878818698
198,10,LMM-2,4,12.704166666666667,1.3178462543104188,25.36236932260526,2.8529791469465433,0.6824312101631095,0.08140565999153318
199,4,LMM-1,4,10.406985019245216,0.5909461375291869,22.707814306360596,0.8806936082259755,0.8838523435733605,0.031045428429705937
199,4,LMM-2,4,9.4875,0.7604480587127563,19.628281086526567,1.2903229367111522,0.7572449409987263,0.07667498458897885
199,6,LMM-1,4,9.46207737823794,0.6075735687280712,20.398114658458766,0.8102099848261264,0.8693474190616249,0.06385074080806866
199,6,LMM-2,4,8.938541666666666,0.7251997749183786,18.261195196706275,1.2311902938012504,0.7779078316350581,0.07188437186265625
199,8,LMM-1,4,8.588476386211989,0.5821770426023166,17.913758546849778,0.9738672893316273,0.9264406171737748,0.005817021501845127
199,8,LMM-2,4,8.586458333333333,0.29141916582190197,16.999409688937956,0.4689592928663415,0.7935620029690006,0.0811479448268434
199,10,LMM-1,4,8.060433066304162,0.6728057733546909,16.366773378364805,1.1059841856927082,0.9224226812064841,0.01662304567772733
199,10,LMM-2,4,7.945833333333334,0.4699844855595413,15.448704435574662,0.8155191770533231,0.8375434608717571,0.06997379047059182
200,4,LMM-1,4,12.8125,0.8172935519138763,28.01093289153014,1.9214250669168331,0.5968122675779841,0.10807253356434648
200,4,LMM-2,4,11.383333333333333,0.5138701197773615,24.21262076430213,1.307681754598462,0.6954317429444316,0.10653839154741947
200,6,LMM-1,4,9.401320133617435,0.13529683342012927,20.26009595912287,0.3586879729521819,0.8895629868374134,0.047239846309211075
200,6,LMM-2,4,9.2625,0.10231690964840562,18.916218175259086,0.2728511996078211,0.7385181413298179,0.09789037096401276
200,8,LMM-1,4,8.295286202465537,0.26979106290381655,17.509141612519887,0.4014805484189804,0.881540683068611,0.04497689151134415
200,8,LMM-2,4,8.413541666666667,0.1485279329789521,17.10616213036382,0.21917178807476753,0.7688023859545473,0.0864708125456002
200,10,LMM-1,4,7.27072546049011,0.17668236975904894,14.656054375761563,0.33696159938037357,0.9306429105384679,0.024279553259736616
200,10,LMM-2,4,7.419791666666667,0.15951790978340527,14.338107477108373,0.3585893068026085,0.8342015520014971,0.06125844525801989
