iteration,num_users,lmm,samples,avg_hops,avg_hops_std,avg_delay,avg_delay_std,avg_success_rate,avg_success_rate_std
1,2,LMM-1,4,11.317565766692564,0.9444463645084155,24.93823348646566,3.481892499269025,0.8989392685598839,0.06318664891044477
1,2,LMM-2,4,10.8875,1.3235251225420699,22.930616351324012,3.6761466975571415,0.8582807564389505,0.0424266936983282
1,4,LMM-1,4,10.971082898777068,1.1864161937936208,24.103761991535748,3.949701951291342,0.8037672774821615,0.09278290493699226
1,4,LMM-2,4,10.56875,1.7761769865359704,22.274382598647254,4.541560554054079,0.7500558292213613,0.07992570087062123
1,6,LMM-1,4,10.708456223218143,1.0064646953724585,23.552119662496736,3.1690985645089085,0.7467060371639168,0.13421040267656317
1,6,LMM-2,4,10.183333333333334,1.4752589226603203,21.484073638834143,3.8309890383429708,0.6592977328735639,0.08788980254777443
1,8,LMM-1,4,10.75058321012314,1.378554962210359,23.688117664314,3.9232719255943946,0.6503743060747256,0.16855630634071664
1,8,LMM-2,4,9.76875,1.6314894460277705,20.764829613477634,4.207018122534335,0.5915006167200362,0.10352056340023902
2,2,LMM-1,4,18.5,3.0,37.481351620921146,6.211977598226017,0.7498667778679416,0.038384976753238154
2,2,LMM-2,4,18.325,3.175,37.087603943165576,6.723961874689987,0.7600436696539161,0.051601157550178134
2,4,LMM-1,4,17.75,3.0,36.19832740963528,6.211231158441263,0.5705736517747129,0.058235828321020255
2,4,LMM-2,4,17.0375,2.6375,34.58205285474969,5.58811565737672,0.6098210927265981,0.06809957402017214
2,6,LMM-1,4,17.333333333333336,1.833333333333334,35.509449129868436,3.8534044848477844,0.4347509414877674,0.04238095400750044
2,6,LMM-2,4,16.083333333333336,1.7666666666666675,32.84264473657831,3.708160844789754,0.49848365573112635,0.05491132389150971
2,8,LMM-1,4,16.133205504061895,1.664060908903929,33.51657645744449,3.4213160783142014,0.3962574384722782,0.056539930491809665
2,8,LMM-2,4,15.00625,1.4155525643719482,30.81698572169244,3.022021172345252,0.4233561816796214,0.04935598107786388
3,2,LMM-1,4,11.583566628339806,2.0563628756987535,25.135456314129264,4.674803017584157,0.9326927665969875,0.09703455636680337
3,2,LMM-2,4,11.0625,1.758328396517556,22.693477093833813,4.362309548805891,0.85124886084666,0.03217362932830035
3,4,LMM-1,4,11.695823138613006,1.720576400572368,25.533979158157756,4.265835053381309,0.8789066248425756,0.17117664240550431
3,4,LMM-2,4,10.94375,1.4366165763696312,22.44175028878166,3.9815066647024233,0.7460493003995052,0.055141008500167385
3,6,LMM-1,4,11.932568867539631,1.5842422771678797,25.953174851269438,3.8973723807680134,0.7901102751736954,0.19861461560600335
3,6,LMM-2,4,10.745833333333334,0.945264145916661,21.912604912543483,2.778960927812227,0.6724845810108326,0.05866634222354555
3,8,LMM-1,4,11.863205718560799,1.5915638255035451,25.780967227865734,3.8431631845684726,0.6944861149608359,0.20047252913054717
3,8,LMM-2,4,10.784375,0.9851385927243945,22.14881664920721,2.7001804311598643,0.5831361807096109,0.06440871220739684
4,2,LMM-1,4,11.216731091731685,0.37211442096286856,23.19270104805178,1.2481221045800512,0.9108714011905621,0.003639317431355308
4,2,LMM-2,4,10.6375,0.5029599884682678,20.94322168693998,1.3120451811048708,0.8751741224983351,0.02206964975031563
4,4,LMM-1,4,11.064837147480004,0.42507517028058134,23.345246699763024,1.4633753483251177,0.9006535643248903,0.006137173201939067
4,4,LMM-2,4,10.45,0.5960809508783181,20.616894385624967,1.4915586711754374,0.774943020490829,0.04192897070122319
4,6,LMM-1,4,10.550281152516757,0.29090973403553255,22.336830809670538,1.0150681475516148,0.8277675406951153,0.052234801841703773
4,6,LMM-2,4,9.829166666666666,0.13037073205968341,19.548497733331914,0.576990126058444,0.70523637336307,0.0354200922754712
4,8,LMM-1,4,10.287907475783479,0.4153590832020714,21.790535793981967,1.162725145623612,0.7654466407193344,0.09122464874076971
4,8,LMM-2,4,9.828125,0.49775864821718596,19.64243870263584,0.9826293637759549,0.6261260860726519,0.0411698843827494
5,2,LMM-1,4,12.625,3.416412592179112,25.753363749692188,7.755268799175672,0.8230226782182797,0.05358065649376501
5,2,LMM-2,4,11.5125,2.712557603075002,23.161789299862523,6.16627321119154,0.8674922321623328,0.0507884145547991
5,4,LMM-1,4,12.110563212957542,3.4526442490928733,25.24669813764042,7.3581535340614845,0.7763692291322944,0.1316586736813331
5,4,LMM-2,4,11.368749999999999,3.070595168285783,22.949029831737725,6.835013022040437,0.7559005178109212,0.0967926457639697
5,6,LMM-1,4,12.028489986756751,2.8755111289232365,25.25333701687963,5.916547136683532,0.7415057434975789,0.1785544400523412
5,6,LMM-2,4,10.908333333333333,2.5351555946112843,21.857004963754967,5.567611956500941,0.6882288991928228,0.1014780249425569
5,8,LMM-1,4,11.87512718328275,2.3387442982763105,24.887490723747362,4.744611869030037,0.6728493627506398,0.197965355775446
5,8,LMM-2,4,11.203125,1.829048911832322,22.382949030130277,4.051790273664442,0.5971185691241814,0.08868852900498665
6,2,LMM-1,4,10.797851479054767,1.5815419224672003,23.696107013722674,4.613474980892442,0.9378693026977909,0.055457556795324346
6,2,LMM-2,4,10.2,1.4304719500919967,21.19851869974208,3.9134739849867457,0.873038937048727,0.030770060495290782
6,4,LMM-1,4,10.524976492055242,1.2233610124606011,22.805361471944735,3.320782894815577,0.8759993591075081,0.11650791250202738
6,4,LMM-2,4,9.75625,1.034615719723995,20.02164481531465,2.910733377575621,0.7881869228677503,0.0472285706602584
6,6,LMM-1,4,10.141464434528359,0.9598990604358274,22.082662456890432,2.6744532928141225,0.805611203715504,0.15354465503309384
6,6,LMM-2,4,9.429166666666667,0.9273899305757715,19.616017475872667,2.5670034326939413,0.7016505809039775,0.05785982691836646
6,8,LMM-1,4,10.177711429243018,0.7822909364169074,22.133930882581346,2.2317430662959894,0.7507417498153747,0.18451594276515532
6,8,LMM-2,4,9.30625,0.8631564530836805,19.2889642459955,2.477055775666922,0.6357223192556043,0.07048174781217766
7,2,LMM-1,4,11.75,0.4330127018922193,23.292409811219336,1.397407337270871,0.8419212997268549,0.014296503113188938
7,2,LMM-2,4,10.625,1.1002840542332695,20.874247729182684,2.65888056483698,0.8773167162241468,0.022956399287388716
7,4,LMM-1,4,11.25,0.4330127018922193,22.426805110724178,1.3972776063549333,0.7135148142060596,0.024311926278431997
7,4,LMM-2,4,9.6125,1.1630375101431594,18.897368225063957,2.820138308317525,0.8091037111375434,0.04594477425970153
7,6,LMM-1,4,10.75432982390507,0.7485929001617707,21.758189574275594,2.109999592182472,0.6286744765555174,0.06033765166181251
7,6,LMM-2,4,9.395833333333334,1.2909608286509358,18.800111677850552,3.1242119359303935,0.724701874065554,0.06066328688890437
7,8,LMM-1,4,10.215342710217996,0.9793389419184776,20.91528812691287,2.5155749985735048,0.5819008474043884,0.07915229931721858
7,8,LMM-2,4,9.171875,1.494844656435912,18.501861932360022,3.5008839220313552,0.6617423268379546,0.07985316631507858
8,2,LMM-1,4,10.75,1.299038105676658,21.80216549330492,2.634779511981294,0.849076936724307,0.019155151410876984
8,2,LMM-2,4,10.1625,0.5616660484665248,20.131651350911373,1.2911017733841388,0.8935403640286648,0.014416408687455935
8,4,LMM-1,4,10.170216238798435,1.0938258296579937,21.03352889088769,2.401760986317799,0.7886786771879689,0.028285651128582296
8,4,LMM-2,4,9.6375,0.7276889788913942,19.36912800116857,1.6742962900714033,0.8014695807155419,0.02427532154612909
8,6,LMM-1,4,9.848579849527777,0.9851230062008828,20.6101556767147,2.231147961562506,0.7268791343671425,0.034187122845925066
8,6,LMM-2,4,9.1375,0.943131235713131,18.526968577372028,2.094980832253763,0.7220047349365635,0.04347352998986118
8,8,LMM-1,4,9.44309428220137,1.0886145948044454,19.910118330646664,2.442932362323349,0.6767294947075398,0.042155495754192675
8,8,LMM-2,4,8.54375,0.8976749481298893,17.37725916828721,1.949173315399142,0.6789866812158147,0.050833675507581035
9,2,LMM-1,4,12.125,0.8926785535678563,23.832439356863745,2.409430073240239,0.8439671107618041,0.017873235156641788
9,2,LMM-2,4,11.025,1.2636751956100112,21.392660243148807,3.0129389862888685,0.8830363275152197,0.020895224367340013
9,4,LMM-1,4,11.489956773266423,0.8133875070689683,23.119776694561974,2.36057977383325,0.7749701580716082,0.027313026377566746
9,4,LMM-2,4,10.3375,1.3067732205704248,20.21273664813042,3.035051545791718,0.7982596818086315,0.04930423782285974
9,6,LMM-1,4,11.059425364811526,0.9972182911259626,22.60838745803981,2.669467656410868,0.6646182920407155,0.06207207854204169
9,6,LMM-2,4,9.945833333333333,1.3552559721322022,19.77042998111571,3.242914882557502,0.7151906079367252,0.06345350583658875
9,8,LMM-1,4,10.782287665676142,0.9703940364032335,22.366912909478327,2.4550766019494388,0.615181623193109,0.08872951819204442
9,8,LMM-2,4,9.9125,1.2269436111737164,19.92557151546859,2.974225048539557,0.630513430685051,0.07290203169583472
10,2,LMM-1,4,13.625,0.81967981553775,28.002690146374164,1.9686723810123188,0.8032138487018976,0.016066747919472695
10,2,LMM-2,4,12.85,0.26220221204253735,26.323083379508333,0.8060442284367584,0.8302150226121503,0.007812179139977478
10,4,LMM-1,4,12.805736715981308,0.71531379517092,26.683444020197765,1.6356937827252784,0.7096769094010766,0.05237349378247518
10,4,LMM-2,4,11.90625,0.5236217026632877,24.41472212271979,1.2993511949999126,0.7182657902447472,0.013194738595231443
10,6,LMM-1,4,12.599988757944574,0.6432169209769072,26.24088373020328,1.5545653766339604,0.5777947795444494,0.04937684266779688
10,6,LMM-2,4,11.691666666666666,0.5454992616351049,24.013379494949838,1.424739677142354,0.6220507931082128,0.02616607031472929
10,8,LMM-1,4,12.543806309953656,0.639564354022391,26.223048492301462,1.5444112902700273,0.4673192381854086,0.04627389906667489
10,8,LMM-2,4,11.596875,0.3939359679884537,23.98342360395617,1.1045692681059336,0.5307370714980916,0.02224841215250603
11,2,LMM-1,4,10.404092563652341,1.1719650785701763,21.610230374774204,3.054031902726342,0.917974975968451,0.013003501009832585
11,2,LMM-2,4,9.7375,0.7309026953021861,19.045107473493953,1.7682650317610957,0.8954636688171437,0.013866084256007924
11,4,LMM-1,4,10.014968194820593,1.645382385643553,20.75873688203038,3.884121671060571,0.8314467856221016,0.046934040568096275
11,4,LMM-2,4,9.425,1.1834800378544625,18.621054499503874,2.6519227470709317,0.8107484421820955,0.035626018543594845
11,6,LMM-1,4,9.825633886546324,1.3745919043287502,20.546745167168147,3.4584913537524082,0.7789601663044105,0.03489757470411146
11,6,LMM-2,4,9.2375,0.8890049837380616,18.48531644230531,2.062468986006615,0.7325162956830831,0.037280237186484606
11,8,LMM-1,4,9.644358156358809,1.2456694982404795,20.270833967937005,3.182941635480718,0.7310510025656971,0.045441278270309776
11,8,LMM-2,4,9.065624999999999,0.9930372837285616,18.216975026492484,2.3125480322818768,0.6618380398426686,0.046771484690697834
12,2,LMM-1,4,11.070442721348106,0.9216428195277756,22.97769648874415,1.7446443286681306,0.8988407870701622,0.042346864594682385
12,2,LMM-2,4,10.525,0.7717674520216566,20.956413798405045,1.790537298269058,0.8755029160670244,0.008303365697068795
12,4,LMM-1,4,10.656790098341165,0.9045726574483126,22.2501754416057,2.1876275163166614,0.8296802423579921,0.0407120194695779
12,4,LMM-2,4,9.91875,1.0993428434751373,19.865596331406877,2.4301639436664817,0.7876299378931932,0.025691794711231602
12,6,LMM-1,4,10.153507335433448,0.9952172005138366,21.40919585252605,2.402460468425408,0.7808009211569539,0.030770849173842738
12,6,LMM-2,4,9.366666666666667,1.3187746838132233,18.89258847790405,2.936966330484429,0.7201458284767586,0.045541839075518384
12,8,LMM-1,4,9.760602919107162,0.8907053781908677,20.69865611800026,2.1016733126289724,0.7341493579607661,0.07557806416858405
12,8,LMM-2,4,9.25,1.1689672258023314,18.82191121766261,2.6564978424028887,0.6483891663682059,0.04969407953196049
13,2,LMM-1,4,11.933494902605894,1.0726240574725876,26.95084080172579,3.150322508061007,0.9824349356058001,0.004348625303037033
13,2,LMM-2,4,11.525,1.1535271995059324,24.155316356722327,2.5757638365130315,0.837684751261424,0.024773361469210383
13,4,LMM-1,4,11.420573232742232,1.1149940512445005,25.493604928371532,3.255142105387529,0.8933755155055002,0.021055175926607616
13,4,LMM-2,4,11.2875,1.2242982683970438,23.46898144149904,3.003496981487238,0.7187879143182813,0.05118214904957194
13,6,LMM-1,4,11.465702622514579,0.8694099310937959,25.479774939377254,2.5076599663889274,0.844446981631132,0.08274991700283199
13,6,LMM-2,4,11.125,0.7753583400954398,23.117767260529774,2.1980701444838022,0.6153816619366408,0.05779693572620579
13,8,LMM-1,4,11.22590921725142,0.5690749759676211,24.87288804982719,1.6987742545957916,0.7540979196108846,0.12089909040005752
13,8,LMM-2,4,10.634375,0.3129215906181611,22.082420578000495,1.1142326914531782,0.5559190329299315,0.04682509817352694
14,2,LMM-1,4,10.625,0.81967981553775,21.918995988101816,2.0090178060832673,0.8404391821676545,0.015349146013141935
14,2,LMM-2,4,9.7,1.1773911839316618,19.4107778055189,2.843644258487381,0.8914013003197971,0.030599626372012842
14,4,LMM-1,4,10.5625,1.2670709332945809,22.25639822110951,2.9122206140867206,0.7312076809151502,0.04788192481268999
14,4,LMM-2,4,10.15625,1.1508658425290064,20.791173697025464,2.7116424981012317,0.7663976746323432,0.04726976680108177
14,6,LMM-1,4,10.309161487625225,1.3810370304367727,22.041403981945567,3.217889516240922,0.661827334467779,0.10496179476345285
14,6,LMM-2,4,9.720833333333333,1.4428162564928357,20.20652693639397,3.472351434388663,0.6824317955481851,0.0758860294020982
14,8,LMM-1,4,9.864370317671884,1.195823110347224,21.366390776134427,2.904146154177049,0.6340096666252384,0.1275138836201455
14,8,LMM-2,4,9.44375,1.3059210112024389,19.685674638622302,3.2476684971786627,0.6146887219906946,0.09384837865480997
15,2,LMM-1,4,11.365137813420588,3.6488937521783713,24.646582499073585,8.896299210579718,0.8746086515255842,0.09584482681183258
15,2,LMM-2,4,10.425,2.9373670182665292,21.951103802450103,7.359124879735584,0.8734380681718809,0.06836678236890213
15,4,LMM-1,4,11.22916117028109,3.1125461313674556,24.574121126419726,7.370932297078341,0.8243546114529706,0.16942614492685282
15,4,LMM-2,4,10.30625,2.5858614981278483,21.559370630899814,6.5120519172309015,0.7769653048724258,0.10202187809901393
15,6,LMM-1,4,11.131096980287404,2.6627562114608607,24.440214135846297,6.258119986662296,0.7631326166929067,0.20940210973069728
15,6,LMM-2,4,10.104166666666668,2.262968030166479,21.145447897851795,5.678082568272145,0.6938781061870078,0.11595754160040804
15,8,LMM-1,4,10.956329599301977,2.3146335540143395,24.130027455553737,5.4058441578022505,0.7364999776840637,0.24130157206053301
15,8,LMM-2,4,9.975,1.8826925532332677,20.811960028113752,4.7285422686832,0.6280792943904376,0.11027127878860868
16,2,LMM-1,4,12.125,2.011684617428885,25.882109876110192,5.6935158262413665,0.8093473791628162,0.052269751408590616
16,2,LMM-2,4,10.5,1.4581666571417684,22.238613125631673,4.220311348565937,0.8565703668014145,0.046376668373755245
16,4,LMM-1,4,11.625,2.011684617428885,24.71488384938702,5.33427630787059,0.6725966091502933,0.07481387372616294
16,4,LMM-2,4,9.5,1.238572767341508,19.97447154985451,3.2811515552258115,0.777525053134166,0.054709028275768366
16,6,LMM-1,4,10.997440785721265,1.9706725661549223,23.375082662450218,4.898879091230511,0.5965718099437314,0.1046997958127236
16,6,LMM-2,4,9.408333333333333,1.1716856328479162,19.65962718676823,3.12891539732263,0.6949835974897858,0.07408473351939501
16,8,LMM-1,4,10.668693496002179,2.1063964284364936,22.719674820321497,5.203632691171918,0.5255518982418288,0.1337812966488288
16,8,LMM-2,4,9.05,1.2224143630537072,18.946207503803528,3.1931253502619517,0.6327322719627123,0.08876039925526634
17,2,LMM-1,4,12.5,2.1213203435596424,25.514667350428894,5.374779136415454,0.8248899926508766,0.04097618143804367
17,2,LMM-2,4,10.8875,1.6187861965065056,21.66177379619568,3.9190927938695346,0.890696617326796,0.03334380021458296
17,4,LMM-1,4,11.950529935187419,1.9479984599151843,24.66008117701841,4.818034328065878,0.7337078186701831,0.08271293684114116
17,4,LMM-2,4,10.45625,1.2851769090284813,20.84974925875322,3.0764078250305644,0.804735258613769,0.04479617592437261
17,6,LMM-1,4,11.441007680166729,1.88829068606969,23.834021408813697,4.644184469546053,0.6719054900154076,0.08506858807934485
17,6,LMM-2,4,10.233333333333334,1.4645818515876814,20.46373046708438,3.3820579239632433,0.721915840452796,0.07032305419081962
17,8,LMM-1,4,10.775545332275044,2.14697639023463,22.706817462397776,5.0268450125657,0.643632517013777,0.12997982585935436
17,8,LMM-2,4,9.703125,1.6967886718371852,19.46490451454758,3.85846869014986,0.6695126699311398,0.09408868027634167
18,2,LMM-1,4,16.125,1.243734296383275,34.54132770122217,2.910618139956916,0.7600875771459059,0.020170814868705138
18,2,LMM-2,4,14.625,1.1643131022195017,30.957596750963273,2.7222515011966144,0.8023420817378325,0.022200101808094303
18,4,LMM-1,4,14.835241505263163,1.5948887744818074,32.07260970802719,3.923109269112583,0.6324919163601326,0.03228483601536547
18,4,LMM-2,4,13.3625,1.5797052731443295,28.31063439721442,3.71319145188405,0.6754117355252962,0.05650086340505854
18,6,LMM-1,4,14.152347435166414,1.7945923829418777,30.815516312492846,4.343863672137058,0.5603904827685147,0.04448590800044402
18,6,LMM-2,4,12.933333333333334,1.7937778259552914,27.394980818805394,4.176832221977399,0.5658421089742341,0.0800994819745522
18,8,LMM-1,4,13.777610051507066,1.8785425323429659,30.017577697337853,4.468054124548192,0.47255777920180525,0.06338006252034804
18,8,LMM-2,4,12.228125,1.5516215056755946,25.860295679020467,3.6343390537777283,0.5013566509284788,0.07903628618640238
19,2,LMM-1,4,20.5,3.4641016151377544,43.52775090672921,7.674443382908821,0.7067147521357362,0.04962171836712426
19,2,LMM-2,4,17.8,2.251666049839541,37.08098332020096,4.990558584651118,0.7685729039789271,0.03656275095472358
19,4,LMM-1,4,19.75,3.4641016151377544,42.28527015028607,7.673546156085902,0.5069302756291012,0.073679877367625
19,4,LMM-2,4,16.075,1.6887495373796555,33.595359304430204,3.70529630939653,0.6330537141755611,0.040988538039722466
19,6,LMM-1,4,19.5,3.4641016151377544,41.8746367259935,7.673247080478258,0.36562647647149704,0.08225882583407104
19,6,LMM-2,4,15.979166666666668,1.7392676859337488,33.54471378194827,3.7954212322971332,0.5024591156585757,0.04818933473323106
19,8,LMM-1,4,18.875,3.4641016151377544,40.74619941400272,7.672499391459166,0.27105381706950127,0.0835943567141598
19,8,LMM-2,4,15.1625,1.7970027128527095,31.961877360312734,3.990741408877967,0.43265933449039934,0.06554554465837173
20,2,LMM-1,4,11.377166372275562,0.9608435999556713,23.973253162413414,2.109612367818608,0.8873368535463594,0.04949141002405293
20,2,LMM-2,4,11.025,0.9463746615373849,22.471550544364707,2.3627504982518897,0.852578234062194,0.015947258698180807
20,4,LMM-1,4,11.301074197505809,0.7310064724970822,24.068619983626157,1.6920599134516296,0.8412392404530088,0.11149768503895481
20,4,LMM-2,4,10.5625,0.6160610765175804,21.44467929715649,1.7168645375263993,0.7510372215139,0.0218655356911213
20,6,LMM-1,4,11.378640472848044,0.5048956695639735,24.441109257600957,1.344821575523154,0.7574758400174262,0.1548431914193872
20,6,LMM-2,4,10.441666666666666,0.6215460115264557,21.30677049580876,1.9181732547411197,0.6581668680097044,0.04212209158327323
20,8,LMM-1,4,10.838814368776736,0.5084829958534222,23.514064815954285,1.5754274549649403,0.6991111938486918,0.15046248500388726
20,8,LMM-2,4,10.196875,0.7463125497236399,20.965457896036042,2.305726509330651,0.5802368695090433,0.06188701515426468
21,2,LMM-1,4,12.25,0.4330127018922193,24.901297162597224,1.8343686644725365,0.8269195015546288,0.018724282436415305
21,2,LMM-2,4,10.8125,0.5560744104883804,21.423283071584603,1.7548580014017456,0.888911939205024,0.022286042393131738
21,4,LMM-1,4,11.75,0.6123724356957945,23.866766822400415,2.0156004687238953,0.6932228045086258,0.03013080462278569
21,4,LMM-2,4,10.36875,0.7996825542051045,20.660110918771082,2.151353987948194,0.7933970355442438,0.04128558918250116
21,6,LMM-1,4,10.899538272513324,0.9718407190904081,22.637198905078183,2.9221787668945094,0.6382230773832283,0.03833547194734001
21,6,LMM-2,4,9.754166666666666,1.0705252475096305,19.56745389113277,2.638359730185323,0.7224990548364958,0.06267216776472062
21,8,LMM-1,4,10.364798721609109,1.091782889868465,21.8472377172951,2.9269316265128795,0.5916892854042771,0.08831399380836902
21,8,LMM-2,4,9.131250000000001,1.2459152007660874,18.50557597801838,2.9730574603421562,0.6731680926218429,0.08408624773088996
22,2,LMM-1,4,14.25,2.5860201081971503,30.576313128025234,6.543047341983054,0.7728048664661921,0.04995439697614174
22,2,LMM-2,4,10.6,1.007472083980494,21.547909811390912,2.548346861433389,0.8709462904763969,0.020187608045603576
22,4,LMM-1,4,13.400217214515521,2.3960296155277865,28.722077288292088,6.049043829783522,0.634952622889803,0.09762465255057172
22,4,LMM-2,4,10.64375,1.095926406060188,21.845809160289026,2.861102123377804,0.7535461510295877,0.04162971066863241
22,6,LMM-1,4,13.274149549528977,2.5511032869642962,28.656878174382342,6.400437068571451,0.5022229873325291,0.11393105698704459
22,6,LMM-2,4,9.679166666666667,0.7782079663488988,19.77879551887077,2.03146866978427,0.702060058007806,0.035914216558970154
22,8,LMM-1,4,12.952862043879275,2.6436794704723505,28.07909429811526,6.627939827558095,0.405576030574183,0.12207518387572933
22,8,LMM-2,4,9.76875,1.263597913697233,20.215521708640367,3.1933108572815283,0.6085187884840524,0.06744822849162797
23,2,LMM-1,4,9.853272395933,2.2295769848874043,20.910737165999183,5.164257362438766,0.9601640162948519,0.055892285862382124
23,2,LMM-2,4,9.4375,2.2741413214661925,18.8120041541839,5.250583799668311,0.8944124147258394,0.054066321964055634
23,4,LMM-1,4,9.567004528982473,1.3593757346308386,20.196905878661347,3.4300146056128846,0.9030071998641861,0.07061266285747503
23,4,LMM-2,4,8.8375,1.32104362153564,17.571931500602194,3.1508667257286165,0.8153657890067332,0.058217567002694794
23,6,LMM-1,4,10.012464609014458,1.539667055009347,21.1335630967775,3.5473066230280703,0.8323700734826217,0.12297099247677065
23,6,LMM-2,4,9.504166666666666,1.5085117297816708,18.928716076243447,3.563346943006134,0.7172086328725125,0.0893528734764219
23,8,LMM-1,4,9.806395010019381,1.5891416849412496,20.83375288977293,3.6940428392834677,0.8093528882428921,0.15120462003302979
23,8,LMM-2,4,9.28125,1.540000507305111,18.545169562081945,3.5885045135658,0.6569562188407783,0.1077286882616614
24,2,LMM-1,4,13.0,1.224744871391589,27.623215937363153,2.8459711903294673,0.7996562092775608,0.02110575817687554
24,2,LMM-2,4,11.9375,1.3744885412399774,25.10857448655124,3.3419883420542904,0.8327713691745867,0.03285149544974128
24,4,LMM-1,4,12.453231071345098,1.1081278553870493,26.431773683279356,2.6308892290176975,0.6901352431824671,0.05170503444184545
24,4,LMM-2,4,11.86875,0.8586644790021304,24.571861846972034,2.0024363751189593,0.7099542747783342,0.02913732034738284
24,6,LMM-1,4,12.069064132382467,1.2035633140782358,25.531063953637343,2.8493336195892742,0.6043487724336054,0.04106665583125607
24,6,LMM-2,4,11.554166666666667,1.098507510215565,23.87922819480332,2.70179743613401,0.619144844380622,0.06264948338192802
24,8,LMM-1,4,11.598425923171142,1.2323663256211983,24.64970548309383,2.9006587516935514,0.5304563559865644,0.0584922529933559
24,8,LMM-2,4,11.1,0.9989447557297645,22.96041412197338,2.356156351912492,0.5475124605387622,0.05971917586054501
25,2,LMM-1,4,13.25,1.0897247358851685,26.268610306686455,3.1639309425529025,0.823517095388607,0.028600478648554195
25,2,LMM-2,4,9.3875,0.5941117319158074,18.24139474756035,2.000102569957186,0.9096337419442871,0.023323777342876426
25,4,LMM-1,4,12.5,1.2747548783981961,24.86771832085302,3.4292547545103758,0.6884539246293705,0.046649635955646904
25,4,LMM-2,4,9.6625,1.762677296047124,18.94930865855732,4.1379589137744865,0.8134368478072902,0.06269275450351647
25,6,LMM-1,4,11.658084220657363,1.5287071658315672,23.39997923891456,3.758113316592045,0.6077164594266629,0.08002476254858965
25,6,LMM-2,4,9.629166666666666,1.7420603622020552,19.088723563688944,4.027141730697117,0.7266561148592163,0.07910431006036729
25,8,LMM-1,4,10.892193463131878,1.7001376316228352,21.942139135808233,3.8705723639847136,0.5585034350504658,0.1172596807230547
25,8,LMM-2,4,9.36875,1.5648856787318366,18.583926352379496,3.515235521100437,0.668871950629457,0.08550755741802225
26,2,LMM-1,4,11.125,1.192424001771182,23.817454106246526,2.9632020144565936,0.8214251174285528,0.023777730172329287
26,2,LMM-2,4,10.4875,1.1126404405736832,22.234656840332857,2.656759870403268,0.8513301489698899,0.02519394410033788
26,4,LMM-1,4,10.6875,1.095088466745952,22.780026776352464,2.7799297850694744,0.6898374302032101,0.038092618587063094
26,4,LMM-2,4,9.8625,1.0983652625606835,20.775716993239456,2.596970013767579,0.7498248492904266,0.049661933258349514
26,6,LMM-1,4,10.458333333333332,1.0825317547305482,22.203454876076854,2.84902145583323,0.5939523577012629,0.060807322488851887
26,6,LMM-2,4,9.479166666666666,0.9952229649681522,19.783979415191308,2.54395238750224,0.678165219886183,0.06256705015818698
26,8,LMM-1,4,10.331719036453068,1.256734602047041,22.23813733241914,3.4729553236866613,0.531290414098392,0.06346865842616442
26,8,LMM-2,4,9.409375,1.1938113531354104,19.78712400277363,3.1274025078676693,0.5997749947576688,0.08321242986167504
27,2,LMM-1,4,11.25,1.479019945774904,23.9597585391384,4.417082406458928,0.9120239243011944,0.019996562490115857
27,2,LMM-2,4,10.65,1.1330269193624662,21.531589289274127,3.0866807922565576,0.8765440335311872,0.029386947421156186
27,4,LMM-1,4,11.104518887562303,1.2169691422436055,23.838379202608085,3.311027570125148,0.8432682462350077,0.08951843212732682
27,4,LMM-2,4,10.6,0.9359153273667441,21.450307463537122,2.669869884148063,0.7664588409889854,0.03771615455016624
27,6,LMM-1,4,10.6063892085011,1.1709349506082218,22.877797502061885,3.246686319009802,0.7631669797118542,0.12017413339294623
27,6,LMM-2,4,10.066666666666666,1.0168032695113092,20.619757023711706,2.926468410763644,0.6866948836962414,0.058834568026168224
27,8,LMM-1,4,10.259846019183607,1.1412278143580765,22.238841270305933,3.328065517882408,0.6988586147352169,0.1167341149762436
27,8,LMM-2,4,9.81875,1.1147274050188234,20.27296487265393,3.1457690128088758,0.6069176560439367,0.07183467055997246
28,2,LMM-1,4,10.519019411605228,0.7141705188655318,22.285798352437777,2.174882471842531,0.9204829244652188,0.009860402440022583
28,2,LMM-2,4,10.1375,0.8967824429592721,20.532864972405214,2.426700715574369,0.8755447821864873,0.025818272166886497
28,4,LMM-1,4,10.176275960009791,0.3686503442025626,21.492834825598656,1.3540184529527133,0.8156716493168162,0.04159780380326478
28,4,LMM-2,4,9.55625,0.37390465027865083,19.43982279831136,1.1654437257246346,0.7923522375592733,0.02728752966625404
28,6,LMM-1,4,10.075299691130684,0.47954965556378165,21.655125105899398,1.6855148400928572,0.7906506339672443,0.03312483325734618
28,6,LMM-2,4,9.6875,0.5094080169940186,19.741413987558353,1.3650120404499497,0.7015016406815747,0.03330688350290657
28,8,LMM-1,4,10.141714077171697,0.6071307969157569,22.114423967093998,2.036445062579175,0.7821081669405088,0.033686806093163366
28,8,LMM-2,4,9.778125,0.5073194722016888,19.98057469647955,1.424427501869027,0.6170349934101547,0.03812572471757981
29,2,LMM-1,4,11.173467532792154,0.7687696701692451,24.230004790988417,2.090237259353305,0.9663960320457379,0.03809861217245881
29,2,LMM-2,4,10.625,1.2750000000000001,21.57537153036614,3.1027301646643455,0.8713757552232401,0.036469177422422755
29,4,LMM-1,4,10.620507423238744,0.9390658545789816,23.255681680567946,2.421524748543351,0.9362799242735562,0.07208687101336357
29,4,LMM-2,4,10.10625,0.9890612657970178,20.649336111211213,2.4494903195587283,0.7752050251175904,0.04671464615314672
29,6,LMM-1,4,10.502365075750266,1.1144587709578773,23.03106140598437,2.6700593649742594,0.868079073263111,0.1209629458458356
29,6,LMM-2,4,9.8625,1.032282732050134,20.25987607805041,2.436828162022977,0.6862616385456268,0.05955072964192111
29,8,LMM-1,4,10.500074638505218,0.9030687360033918,23.0662959644429,2.2482401922184656,0.7829818680445642,0.11535201992396818
29,8,LMM-2,4,9.84375,0.9697575405739316,20.296773332204378,2.324430431609872,0.6105740768969543,0.07109134144157428
30,2,LMM-1,4,18.5,0.0,38.65474863021715,0.0,0.7316317195303711,0.0
30,2,LMM-2,4,17.0,0.0,35.43599323472454,0.0,0.758619055837041,0.0
30,4,LMM-1,4,17.75,0.0,37.3635072418113,0.0,0.5407592742725902,0.0
30,4,LMM-2,4,15.05,0.0,31.532161231186297,0.0,0.6235581784358879,0.0
30,6,LMM-1,4,17.166666666666668,0.0,36.34360565636955,0.0,0.40492267640289425,0.0
30,6,LMM-2,4,15.25,0.0,32.23830459682345,0.0,0.4878427177887611,0.0
30,8,LMM-1,4,16.75,0.0,35.61502560902706,0.0,0.30434451495028403,0.0
30,8,LMM-2,4,15.1125,0.0,32.10901202013386,0.0,0.3892278730388593,0.0
31,2,LMM-1,4,10.477615942167063,1.284090026426552,22.917683490030388,2.8749470256285345,0.9204021580184693,0.08024277768964315
31,2,LMM-2,4,9.8,1.031988372027515,20.225327153711174,2.7771936492734004,0.8822740891896501,0.025372713727136387
31,4,LMM-1,4,10.440229592228597,1.2440597777214721,22.70293794092147,2.9944556352639053,0.7837040980164761,0.10596434172861167
31,4,LMM-2,4,9.64375,0.638938328401106,20.299937878087974,1.7914772453569758,0.7779145360774097,0.019579031470624307
31,6,LMM-1,4,10.340584137444301,1.0666912650649962,22.644091043388322,2.6301958608928775,0.705097746813282,0.12725505798319417
31,6,LMM-2,4,9.350000000000001,0.6935216090521066,19.679217576587902,1.903106135469116,0.707037479207675,0.031539299052052105
31,8,LMM-1,4,9.997420028981736,1.2238226220742177,22.14783480690278,2.8525895751580306,0.6625815525256173,0.16118957009041796
31,8,LMM-2,4,9.15625,0.7431194806355162,19.4973617257184,2.0024349319730654,0.6301644547063475,0.04365920875417945
32,2,LMM-1,4,10.847675811608324,2.585199765108117,22.95437979860216,6.121281282916418,0.8867316622491219,0.07716782373323555
32,2,LMM-2,4,9.8,2.5522049290760336,19.87434000445437,6.074506336077466,0.8950277324681446,0.05704228964648193
32,4,LMM-1,4,10.256814277083249,1.6838853172459476,21.565364313695433,3.9221000274258415,0.8378532056857879,0.08167331166768228
32,4,LMM-2,4,9.55625,1.5436740872023473,19.240697986516796,3.5918245806828497,0.8137181198295182,0.05812549202790878
32,6,LMM-1,4,9.678501373344776,1.6570140297342983,20.483453468088726,3.852513276035922,0.8149848356416396,0.11214089089423238
32,6,LMM-2,4,8.875,1.5105876340020792,17.862944824364913,3.4546720304679055,0.7651340030363903,0.06996549342976152
32,8,LMM-1,4,9.441506108655549,1.7336697550636289,20.10870368299412,3.9312855183019986,0.7795948370343369,0.1618409103597483
32,8,LMM-2,4,8.725,1.5043686383330384,17.646766215219824,3.4246397646476896,0.6991651739105217,0.08522429003057201
33,2,LMM-1,4,15.0,1.0,30.68283069801521,2.3224723648251757,0.7874834249182173,0.014892323901464999
33,2,LMM-2,4,13.05,0.75,26.371902440341174,1.7080309321316136,0.8282693649220589,0.010942384107963388
33,4,LMM-1,4,14.5,1.0,29.719805662216984,2.322273479297733,0.6288201505628095,0.0237685686725006
33,4,LMM-2,4,12.350000000000001,0.7000000000000002,24.926503991776087,1.5845905973188632,0.7103196792945983,0.016265768241041867
33,6,LMM-1,4,14.166666666666668,0.833333333333333,29.380349421638456,1.979203392124525,0.5012129218296091,0.02521236056663123
33,6,LMM-2,4,12.425,0.7250000000000005,25.587533870850052,1.664677830992332,0.5893386957491222,0.02299001699922787
33,8,LMM-1,4,13.4375,0.9416574483324602,28.0098133418605,2.2155604764113694,0.41365642320766327,0.030431247751957154
33,8,LMM-2,4,11.51875,0.6757807984102538,23.94129913566035,1.5317623476304603,0.5236503809634092,0.022211263151280056
34,2,LMM-1,4,12.046741407042111,1.897657986873336,25.117436638093466,4.5203203764558895,0.8535016176180943,0.08342076294941896
34,2,LMM-2,4,11.5125,1.5669935385954852,23.552769191098378,4.032190762646677,0.8565591604553704,0.03237813394095506
34,4,LMM-1,4,11.343294417920879,1.7102112125516056,23.762304713713586,3.8246498413783345,0.7788599062825114,0.12908289812929186
34,4,LMM-2,4,10.45,1.1268041089736933,21.28051651781913,2.816717927768564,0.7700471739962297,0.04835366247378587
34,6,LMM-1,4,11.012482977618047,1.626077311644032,23.199970370914098,3.7829628425650346,0.7270576535368384,0.1625961376198945
34,6,LMM-2,4,10.345833333333333,1.1241895228711805,20.97877561984271,2.6827472797766996,0.6876499972411928,0.06346746964599137
34,8,LMM-1,4,10.725957509599128,1.4609019488483368,22.65414219107108,3.3124887377532812,0.6620068002543285,0.19913651166619314
34,8,LMM-2,4,9.94375,0.9648712673201538,20.19458987702746,2.274508594375103,0.6208828716173767,0.05823710357100904
35,2,LMM-1,4,11.46573580126244,2.0731466213271132,24.065174081552367,5.545010385055781,0.8595904504545285,0.021226083117102345
35,2,LMM-2,4,11.25,2.928523518771874,22.945352139614663,7.028380543781086,0.862692743218219,0.06958394687063262
35,4,LMM-1,4,10.715368850868689,2.08722854667433,22.565625734986376,5.117433824143236,0.7700327777295553,0.05342876583455417
35,4,LMM-2,4,10.01875,2.1514076060802614,20.38951844769044,4.967989987514048,0.7828359780213479,0.08437508098485934
35,6,LMM-1,4,10.10575171054867,2.0649420758406825,21.624243112869305,5.366182340040547,0.7280911214495726,0.042110330415117414
35,6,LMM-2,4,9.441666666666666,2.0097159832507008,19.246997454766372,4.6113759866684605,0.7172053738450056,0.097751852663303
35,8,LMM-1,4,10.009500936308804,2.192981878004073,21.433698114323157,5.450876519665673,0.6613006593826405,0.09677199546549993
35,8,LMM-2,4,9.415625,1.9322787510799262,19.294899768148625,4.417581021958058,0.6360443718305341,0.10585626319358608
36,2,LMM-1,4,9.811544677208127,0.876687853429687,20.853478558724504,2.3679880861829528,0.9202521498645708,0.01002348300900157
36,2,LMM-2,4,9.425,0.7163274390947201,19.147344368499763,1.52634857009016,0.8860613498149758,0.014141351224074524
36,4,LMM-1,4,9.172535548472444,0.8573747916019995,19.636190705480455,2.2975997495227616,0.8553328306558705,0.019300267881866534
36,4,LMM-2,4,8.88125,0.658923127155209,18.081100372087615,1.5071286141079068,0.7971462580619016,0.026869576206451192
36,6,LMM-1,4,9.089393222278044,1.4058523232760618,19.68299583092394,3.4926162177606597,0.8038403631907564,0.09639321626011559
36,6,LMM-2,4,8.566666666666666,1.2543812108853598,17.76701023751426,2.937340063678387,0.7135754791280245,0.05682823123134325
36,8,LMM-1,4,8.779686743676411,1.275281182088351,19.225602225896314,3.233566778969993,0.7976654583446393,0.09738783279169184
36,8,LMM-2,4,8.409375,1.055172342262154,17.51096893692292,2.4924694353837746,0.6451897430201541,0.06390604842376707
37,2,LMM-1,4,11.5,1.4577379737113252,23.144786682883982,3.548295823055798,0.8457312043171475,0.02748254233501691
37,2,LMM-2,4,10.925,1.444169311403618,21.63049604085349,3.5373275169260503,0.8829607672803996,0.03545385072816464
37,4,LMM-1,4,10.875,1.4630874888399532,22.272892107735693,3.567716461528275,0.7177468323809814,0.047136221773486496
37,4,LMM-2,4,9.775,1.357847561400027,19.652612582386546,3.26305557071161,0.8031745736771438,0.04968505801896452
37,6,LMM-1,4,10.541666666666668,1.3037073205968346,21.800169967295858,3.2893606521265495,0.610393254663232,0.055990995326731706
37,6,LMM-2,4,9.325,1.2635103218151142,18.83138769845301,3.1058699942800536,0.7416476335082922,0.06528530052459647
37,8,LMM-1,4,10.104718519095679,1.2393844434728214,21.108749816168775,3.1101873107798266,0.543776482688235,0.0726559299112736
37,8,LMM-2,4,9.059375,1.1641243691612162,18.506429793760685,2.9188232140098354,0.6678651101664026,0.07948914266035241
38,2,LMM-1,4,10.25,0.75,21.38389289716648,2.0128236041531458,0.8947668626772707,0.04673197041860129
38,2,LMM-2,4,9.8375,1.188157712595428,19.893645085297628,2.990233221641549,0.8851575099160297,0.02927607409797814
38,4,LMM-1,4,9.773152118192533,0.7608797763023376,20.483218332406913,2.154403605954984,0.8129579016147612,0.045689720613003165
38,4,LMM-2,4,8.94375,0.9111076706405229,17.957487334074678,1.9344932784109263,0.8092436816343824,0.03487000314588959
38,6,LMM-1,4,9.513563401623935,0.7486859303004924,20.020460591138516,1.9702535283321534,0.7648488218255498,0.0554747865245605
38,6,LMM-2,4,8.8375,0.5882383067733316,17.83139143839702,1.3057574161367842,0.7339625096436916,0.0314873346267222
38,8,LMM-1,4,9.12487083185255,0.6601944131368173,19.474634643688063,1.7526878020072165,0.7339059413075887,0.09833241624538552
38,8,LMM-2,4,8.5375,0.5212664865498258,17.391711017149905,1.1668958707529034,0.6722466922077611,0.036068526219719545
39,2,LMM-1,4,11.080769827124048,1.1420738535904493,23.29438592091763,2.45699744958553,0.8931800166692087,0.04933436843416507
39,2,LMM-2,4,10.675,0.9522998477370452,21.54147420662266,2.279203664963913,0.8655882809363774,0.02066585225969284
39,4,LMM-1,4,10.260941653780842,1.3276289775041163,21.709831464172932,2.95936710278129,0.8251738732829491,0.05571561198552307
39,4,LMM-2,4,9.6375,0.9997655975277401,19.367705975891514,2.256034943567495,0.8005036876269198,0.036860911093965526
39,6,LMM-1,4,10.228080873220536,1.6143239086337111,21.999476653715007,3.6638346060278115,0.7766999125139133,0.12810867380798804
39,6,LMM-2,4,9.545833333333333,1.2975069578062215,19.516878407155897,3.111631770121545,0.7097384422157844,0.07269221131977842
39,8,LMM-1,4,10.314590390897909,1.4913479865699861,22.282258274493223,3.4285460525430196,0.7031050727050067,0.15570010335175707
39,8,LMM-2,4,9.534374999999999,1.1958056580711596,19.623591123299907,2.88314792828061,0.6322856695628891,0.07843308037364567
40,2,LMM-1,4,11.193093637330529,0.9007902177069536,22.77986210448122,2.38795594868397,0.8766522658653703,0.05361308186021644
40,2,LMM-2,4,10.4125,1.0841903661258014,20.510746320093283,2.7667370383795227,0.890853315682252,0.022105153406736053
40,4,LMM-1,4,10.721345506989131,1.0362148773888713,22.04249799352177,2.822604819365878,0.7571260697786507,0.08624420895903516
40,4,LMM-2,4,9.775,1.3215757640029568,19.632582385637786,3.3483058757156,0.8018050922226331,0.04945405164344595
40,6,LMM-1,4,10.797213962555155,0.6679915111898108,22.32675930578091,2.0873410888972415,0.6424825085392432,0.09086716230279478
40,6,LMM-2,4,9.8375,0.8902539431720217,19.96852307178174,2.500318273071815,0.7085627384150316,0.05342430166072833
40,8,LMM-1,4,10.41198600801258,0.7693570532024737,21.66534760808761,2.2857243196017114,0.5671716197915877,0.11009555864465748
40,8,LMM-2,4,9.503125,0.9105018791166771,19.406591516791146,2.568841146812346,0.6424496728101028,0.06820530101111598
41,2,LMM-1,4,15.5,0.0,31.125303571633946,0.3706052165271727,0.7915778723199867,0.0037934474226458998
41,2,LMM-2,4,11.3625,0.6278684177437177,22.358478561075735,1.521011388072203,0.8798853924432104,0.009309554547771314
41,4,LMM-1,4,14.75,0.0,29.661704439359802,0.37052847953939544,0.6389494175002858,0.006105966955053474
41,4,LMM-2,4,12.20625,0.18403039830419352,24.221104576200716,0.670969639127883,0.7560478838811732,0.011594101960609114
41,6,LMM-1,4,13.666666666666666,0.0,27.73245577495112,0.38465952311838364,0.5325225700589665,0.007725063079708824
41,6,LMM-2,4,11.433333333333334,0.18066236157232352,22.978989341272943,0.3403392652001367,0.6737682253870292,0.007390319495475686
41,8,LMM-1,4,12.822637779797109,0.19813072564093884,26.20123622201972,0.6171485294775175,0.468314660982858,0.026937687867010274
41,8,LMM-2,4,10.95625,0.41594207829937063,22.124017210710406,0.9432855998114159,0.6059672757782409,0.020920833104280705
42,2,LMM-1,4,15.0,1.7320508075688772,29.397495857659518,3.4833897915582335,0.8121035691661342,0.01984735212814546
42,2,LMM-2,4,13.862499999999999,1.4505925513389346,26.94078646023377,2.892760915266153,0.8396554078180885,0.017477388386898808
42,4,LMM-1,4,14.5,1.299038105676658,28.62272927877987,2.6444485289390034,0.6613047462626148,0.02547627453717212
42,4,LMM-2,4,12.775,1.299038105676658,25.046523505563872,2.6167049246699063,0.7315547704488105,0.031674943154120706
42,6,LMM-1,4,13.833333333333334,0.8660254037844386,27.544044026270477,1.7841853022005296,0.5461109111119281,0.021920590346376015
42,6,LMM-2,4,11.645833333333332,1.161917416744122,23.09277880558948,2.3549224372653326,0.6561196566676709,0.04044796559580585
42,8,LMM-1,4,12.980645394380268,1.126506135513733,26.147390162090602,2.192274463655249,0.479071106403022,0.06114816847683382
42,8,LMM-2,4,11.046875,0.8521743787952083,22.19587066044336,1.7779037070012633,0.5779656655341987,0.030219716583174325
43,2,LMM-1,4,10.866153005075825,1.3074742727091253,23.690766877824757,3.4733039224261533,0.9355173636792087,0.09359407326590619
43,2,LMM-2,4,10.7,1.054158432115401,22.12226937842624,3.3415748294157734,0.8525165394803291,0.027852082524796807
43,4,LMM-1,4,11.038943205220654,0.9303164794676355,23.64984594529698,2.780837590361899,0.8142772221581925,0.11842812566374464
43,4,LMM-2,4,10.40625,0.760627824563367,21.397188722286142,2.5966795533017697,0.755382283164185,0.0401504569202167
43,6,LMM-1,4,10.954615998606645,0.7486351918138715,23.31658010446384,2.270078798883447,0.706882858738842,0.12204139411669629
43,6,LMM-2,4,10.370833333333334,0.6244302959053509,21.33690573629188,2.1715129619287947,0.6621085028653844,0.044785106295628485
43,8,LMM-1,4,10.669898405852804,0.7926546935536732,22.702905697986097,2.074619915324626,0.6353396422879195,0.13135659194415705
43,8,LMM-2,4,10.1,0.7358562189721572,20.758734127013035,2.1802234026103653,0.5960006491289617,0.050699458318411564
44,2,LMM-1,4,10.715590054066467,1.4099172679980125,24.32141261888757,4.291348192774467,0.9853689719943516,0.00488559607889622
44,2,LMM-2,4,10.8625,1.4297617808572167,23.281984408839243,3.5819763311206034,0.8462501511409981,0.03626456155332227
44,4,LMM-1,4,10.590049671279669,1.442713193278769,23.368382193283026,4.027309577867627,0.8500949293071702,0.054081921890203596
44,4,LMM-2,4,9.83125,1.2939009573765687,20.52984717087161,3.238610644412819,0.7763737349925112,0.04806232151259547
44,6,LMM-1,4,10.103386876603128,1.2001651690501351,22.313826263041985,3.557277000288011,0.7864234672836866,0.05601541731559431
44,6,LMM-2,4,9.4,0.9301284260191646,19.713604161123353,2.507556051173989,0.7026926929535215,0.05343495535373608
44,8,LMM-1,4,9.645755720895583,1.215649031982785,21.46856873330279,3.6098012403416675,0.7799635480298819,0.05751840462047875
44,8,LMM-2,4,9.1375,0.8920219307842155,19.166175156420362,2.489679546648726,0.6397662711664827,0.06919915458131577
45,2,LMM-1,4,17.75,3.031088913245535,35.88931994143469,6.3320745838741415,0.7563746210537454,0.04154812911575255
45,2,LMM-2,4,16.3,2.592537367136681,32.71744223683698,5.411286207109521,0.7860760653231538,0.041564732204395716
45,4,LMM-1,4,17.0,3.031088913245535,34.529694858637,6.331294636847571,0.5862826232232347,0.06622153761250708
45,4,LMM-2,4,15.05625,2.1946223336829505,30.258651494490053,4.527347236577406,0.6556974334851071,0.05691140312304485
45,6,LMM-1,4,16.375,2.5259074277046123,33.486812147354996,5.377629059875631,0.45665194515463964,0.06877815307488523
45,6,LMM-2,4,13.670833333333334,1.7588022676431438,27.640983208610727,3.675872694822994,0.5688474216132242,0.05868889672229645
45,8,LMM-1,4,15.6875,2.2733166849341515,32.29794065441814,4.896345057581083,0.361797326232529,0.0680438690661773
45,8,LMM-2,4,12.9875,1.839497213914715,26.541273326393533,3.936826112502839,0.4859819360556962,0.07285129334423959
46,2,LMM-1,4,10.132266302993221,1.0424661750590796,21.12712275719113,2.5872342336376155,0.9018762339446286,0.04648047390174762
46,2,LMM-2,4,9.4125,0.8568656545806936,18.554195817195662,2.2440065030800205,0.9016932030185789,0.022372102410384818
46,4,LMM-1,4,10.20268563474704,1.2784350715987587,21.6917800363096,3.1931986764321074,0.8522803245291384,0.08912900949315382
46,4,LMM-2,4,9.56875,1.0604207596515636,19.238082972867865,2.6613452899319032,0.7941965095227851,0.03835363017085779
46,6,LMM-1,4,9.652131394061854,1.2188962589069372,20.683645267457052,3.0618790813687258,0.8041801589571383,0.12293996409527713
46,6,LMM-2,4,9.075,1.0597103902062626,18.3716694975739,2.625665301765194,0.7212242107001409,0.052712743557322875
46,8,LMM-1,4,9.553590245768723,1.11724954497646,20.50922945331834,2.7426767211561724,0.7236567628649502,0.15306615009429766
46,8,LMM-2,4,8.878125,1.0790756678171372,18.13219484030254,2.6078417068256803,0.6537358798678985,0.06781427800782375
47,2,LMM-1,4,12.179292166131303,3.1388314303331124,26.7518477677123,7.510341748088208,0.9198344984192806,0.119109292728692
47,2,LMM-2,4,12.1875,2.6782398604307267,25.539918567277056,7.010748465083403,0.8375570361581903,0.06498302544786999
47,4,LMM-1,4,11.584282938954805,2.626820192131356,25.476657340932483,6.23155956884379,0.8702411886531172,0.18766622819553616
47,4,LMM-2,4,11.01875,1.5995482760767172,23.12123974302601,4.317381357947819,0.7382416463417698,0.07818290874487324
47,6,LMM-1,4,11.060803504411325,2.3763700132882684,24.397015034167634,5.5122759024243395,0.8360250211348486,0.2309704626520675
47,6,LMM-2,4,10.3625,1.6645142351115205,21.83147846220176,4.283061603606929,0.6645834235719028,0.09395698053409463
47,8,LMM-1,4,10.847210412014768,2.0824815157144867,23.963278350788755,4.839004299547662,0.8082637273454696,0.2630901218182463
47,8,LMM-2,4,10.006250000000001,1.590216671557684,21.064639262302848,4.051234658906509,0.59758033791386,0.10233898094258197
48,2,LMM-1,4,10.271893218561186,0.9856178631052865,21.508296397177748,2.172968184974196,0.9311214618876784,0.06952934285214854
48,2,LMM-2,4,9.85,0.9585144756340411,19.51666026252486,2.385127414929392,0.8956613057357621,0.025830763928118824
48,4,LMM-1,4,10.403381671990939,1.0887259182168945,21.98743709120935,2.640085911528119,0.8688317456272943,0.09510698403000811
48,4,LMM-2,4,10.0375,1.2038350177661385,20.08631343272716,2.82513296608306,0.7921596817251481,0.056656394058362224
48,6,LMM-1,4,10.210926770026166,1.315127803762692,21.795655395385246,3.2536285114660837,0.7710543119563817,0.14620801813270023
48,6,LMM-2,4,9.670833333333333,1.3876626531289546,19.772977638040047,3.4541103448666783,0.7089167040213943,0.08005203766772347
48,8,LMM-1,4,9.991657617963785,1.2409313167326301,21.50977018562636,3.1406926669630524,0.717804933552028,0.15631721955919
48,8,LMM-2,4,9.5375,1.3464362684509057,19.72292235408045,3.269515934911574,0.628457735925255,0.09673591643680642
49,2,LMM-1,4,9.743260389628729,1.4458365244176365,20.377219488098817,3.4391770460061424,0.965595754636995,0.04739356868465461
49,2,LMM-2,4,9.35,1.3157697366940773,18.767495079572456,2.9315930189272428,0.9004100461965879,0.03664224090084554
49,4,LMM-1,4,9.119730653430956,1.2476765052965726,19.190605157298585,3.0837851082929877,0.9286873732115913,0.07088595145341124
49,4,LMM-2,4,8.53125,1.1429642109445073,17.015161252381365,2.4613653391263526,0.8405255346926493,0.05274321919102313
49,6,LMM-1,4,9.01349356085202,1.0416754095556382,18.914647910566497,2.547106625413827,0.8656889748600587,0.0813014875142885
49,6,LMM-2,4,8.433333333333334,0.9181049322744471,16.884109289771907,1.9967187797579702,0.759506908890051,0.05067925117787545
49,8,LMM-1,4,9.00547832536974,1.1295697444894375,18.971149138973566,2.8284163269169147,0.8115114983705682,0.07777280789893591
49,8,LMM-2,4,8.3,0.9036817055800125,16.640412722712522,1.944760452114988,0.7068004993715407,0.05593920728976362
50,2,LMM-1,4,9.5,1.118033988749895,19.557581887423552,2.756204504081664,0.8566551121116536,0.025325712513878038
50,2,LMM-2,4,8.925,1.3367404385294852,17.923624331559452,3.107980050286702,0.9047180462967783,0.0337475077559642
50,4,LMM-1,4,9.440446413482581,1.3802551340498395,19.510531758845485,3.1253717745309655,0.7458990581426727,0.061966184029758856
50,4,LMM-2,4,8.75,1.0486598590582168,17.698661803239,2.516044685528292,0.8169017140899201,0.05415682806085956
50,6,LMM-1,4,9.005278270408962,1.0680095488233945,18.866441799685347,2.6465972821922232,0.6821918634583136,0.0456732951125804
50,6,LMM-2,4,8.245833333333334,0.8843056755318143,16.787663578783686,2.1064054461118373,0.7551792554969172,0.058764653435729244
50,8,LMM-1,4,8.861493095577663,1.080677033613013,18.883848171732268,2.6769634963215356,0.6661288258616749,0.06303800012414042
50,8,LMM-2,4,8.203125,0.8667186232422837,16.828658995029915,2.142336231855851,0.6822644300365414,0.07224335227054389
51,2,LMM-1,4,16.375,2.2741756748325317,33.56794437307572,5.063053467379848,0.7720716962239075,0.033472334665173846
51,2,LMM-2,4,12.8625,3.447349525360026,25.745370506994433,7.544730870635446,0.8544476200047763,0.0517540906638519
51,4,LMM-1,4,15.3125,2.2733166849341515,31.43154088361429,5.064183735152589,0.6186122892331833,0.05265706090391022
51,4,LMM-2,4,12.875,2.9994791214475884,25.92796550766653,6.695630508197398,0.7272187644293645,0.08469612274324843
51,6,LMM-1,4,14.708333333333332,2.2310155883712586,30.31548969035788,4.969278144034783,0.49837132625737907,0.06113552335278172
51,6,LMM-2,4,12.270833333333332,2.3881470909007634,24.79474954319579,5.359456465846336,0.6364506100136227,0.09043749716461127
51,8,LMM-1,4,14.125,2.1812410458268934,29.2673591018223,4.857911766202173,0.4067303632618298,0.0637341408470596
51,8,LMM-2,4,11.8375,2.0340269479532465,23.99828630404063,4.614648154963709,0.5600643846019513,0.09360823763035615
52,2,LMM-1,4,12.0,1.224744871391589,24.840608501293936,3.360427100645849,0.8250174196989433,0.029794116364395804
52,2,LMM-2,4,11.125,1.2023414656411047,22.702841009540656,3.2087317294416384,0.8694305347107829,0.03169499823785026
52,4,LMM-1,4,11.625,1.243734296383275,24.137439949170492,3.321569696567897,0.6868344798036465,0.04775413545779388
52,4,LMM-2,4,10.95625,1.0039570147670664,22.353492878520846,2.6200409019274,0.7584648995435885,0.044333344110632236
52,6,LMM-1,4,11.41313394290724,1.2098722504704227,23.976620659257637,3.228031307459115,0.5950832454279134,0.10005969893309047
52,6,LMM-2,4,10.579166666666666,1.0058423087144421,21.73412326612876,2.6842148591127515,0.6707573357371345,0.06334940131750552
52,8,LMM-1,4,11.055472967214865,1.262591075008377,23.277590634988005,3.222310213745963,0.5294265719474232,0.1204011316782086
52,8,LMM-2,4,10.103125,1.335552758926056,20.818226648666453,3.325296654343905,0.6085241789483993,0.09339511846246638
53,2,LMM-1,4,10.185653402679186,1.030137892335785,22.047907204672434,2.62781163318244,0.9532690448789826,0.03780775844299448
53,2,LMM-2,4,9.7625,0.9691329888101018,20.05301258718704,2.253981932551415,0.8710646015707569,0.019916521699048062
53,4,LMM-1,4,10.107576830589144,1.0318032314659416,22.015687937936566,2.717719450101659,0.9105133470692363,0.017439611574269855
53,4,LMM-2,4,9.43125,1.0943569744375008,19.337367142512264,2.6074873167257726,0.7836927510407087,0.043768186056095
53,6,LMM-1,4,10.043767710987883,1.0265179672314828,22.158032844367167,2.728561450123528,0.9017447621992728,0.019945580740934405
53,6,LMM-2,4,9.504166666666666,0.8334479087901451,19.692625114235078,1.978187377655067,0.6924829094590313,0.03915567465289467
53,8,LMM-1,4,9.755691638690191,1.044300921405774,21.72281613994246,2.7682737879013994,0.8935147055246829,0.022006121425687166
53,8,LMM-2,4,9.21875,0.9917826437783632,19.175786024510064,2.3257647518212043,0.6282051823376033,0.05879961964236504
54,2,LMM-1,4,13.520245079538899,2.175893846897022,28.74033827518859,4.660308661438983,0.8153169160343359,0.06503453924643493
54,2,LMM-2,4,13.475,1.7573061770789977,28.229118488771253,4.361292790074288,0.8161140616016921,0.044255140707798915
54,4,LMM-1,4,13.753858300097004,2.43678646144115,29.610458014622544,5.389760781878601,0.6553836426416618,0.11793735806535173
54,4,LMM-2,4,13.225,1.533989895664245,28.039669358599145,4.140909164015083,0.6721144718542675,0.06493867172123385
54,6,LMM-1,4,13.636887177750634,2.6168769714558864,29.380933470686678,5.781028354456237,0.5218277734391502,0.1280114267586375
54,6,LMM-2,4,12.458333333333332,1.727252957090472,26.468365543758026,4.339267320205586,0.5820436800589393,0.08450088639624614
54,8,LMM-1,4,13.530346111544098,2.276084331314323,29.23319591844262,5.231469497385723,0.4259541048602973,0.11031396045890296
54,8,LMM-2,4,12.309375,1.8599683927085968,26.311378461407656,4.501866913401783,0.49235660760775174,0.09710657979562531
55,2,LMM-1,4,10.135617367454717,1.5368068852821488,21.34711028373166,3.617012959342746,0.9474033659793135,0.045490190987391245
55,2,LMM-2,4,10.0125,1.3390178303517846,20.08631847623598,3.1039025969335903,0.8725429891959748,0.019280518662095753
55,4,LMM-1,4,10.415667718403258,1.679611020165886,22.126351083957694,4.092313166519948,0.8890165014853573,0.09738696332831703
55,4,LMM-2,4,10.125,1.576289154945881,20.47776257885878,3.7668964472927,0.7712011059706341,0.04490416477839275
55,6,LMM-1,4,10.356975911079868,1.9957754300630974,22.035125292018595,4.699133154206886,0.7762944145908101,0.1475513976787017
55,6,LMM-2,4,9.929166666666667,2.055830968786642,20.27515111929546,4.806980181339295,0.6920104831400252,0.08020397385306395
55,8,LMM-1,4,9.964205261891959,1.9999753800693971,21.279991941843342,4.6782221552238,0.7348921515461636,0.18432880048100694
55,8,LMM-2,4,9.371875,2.1352029872766196,19.193994185652915,4.945083290650929,0.6404287913686488,0.10523527053311207
56,2,LMM-1,4,11.5,1.5,23.164989469046553,3.7727863550362786,0.8445025129921657,0.02932152454619624
56,2,LMM-2,4,11.2125,1.415262784785921,22.238084353229397,3.543759694803897,0.8762595404113489,0.030993862518318028
56,4,LMM-1,4,10.75,1.5,21.918845205929106,3.7723293355054777,0.7213555888131122,0.04940004925637556
56,4,LMM-2,4,10.4125,1.3079683673545013,20.87431232752519,3.1798259219944778,0.7774431089772889,0.03497717567279012
56,6,LMM-1,4,10.144863185242027,2.054200276588337,21.190596908754358,4.999639813400215,0.6855288934036501,0.11539629331148339
56,6,LMM-2,4,9.762500000000001,1.583876003494101,19.78875219728601,3.9052172993223553,0.7067797099884798,0.07582938581134242
56,8,LMM-1,4,9.776286047470434,2.0239324789059117,20.663364419579402,4.9419055303119075,0.6510441209293238,0.13341624890963918
56,8,LMM-2,4,9.48125,1.8780080038434341,19.47115448455526,4.481042366120451,0.6338825043717804,0.1050311103951274
57,2,LMM-1,4,14.25,1.299038105676658,29.112939732133597,2.8570655112645325,0.8016521031016589,0.019026291626247124
57,2,LMM-2,4,13.775,1.003431612019474,28.047552230591073,2.184563748000631,0.815543606034042,0.014513967695681237
57,4,LMM-1,4,13.75,1.299038105676658,28.051741379489926,2.8568255675147363,0.655476890387068,0.030673482625948868
57,4,LMM-2,4,12.65,0.934745954791996,25.538319159329028,2.0530545511930596,0.7119727353590672,0.026781139349749468
57,6,LMM-1,4,13.083333333333334,1.299038105676658,26.743233148610326,2.856505642537552,0.5438965449035172,0.03762415801339328
57,6,LMM-2,4,12.058333333333334,0.8901076713896281,24.41108309249592,1.9440322311472646,0.6163838803078562,0.032530657486468245
57,8,LMM-1,4,12.4375,1.229519723306625,25.569247904535803,2.743938749014895,0.45686951133762416,0.04081997604248316
57,8,LMM-2,4,11.153125,0.7350794493624484,22.656139099679603,1.673410509674229,0.5616950571506689,0.0320250946061561
58,2,LMM-1,4,9.573415414799896,1.2368404873678747,19.98306535122972,3.249740336834111,0.9308473967011661,0.01339927706683684
58,2,LMM-2,4,8.9125,1.0303973748025566,17.748225915748755,2.4247664126579767,0.9018018074257405,0.028977586074117212
58,4,LMM-1,4,9.166551135756222,1.292102183061614,19.52261221830048,3.4815021404602176,0.9234318317273873,0.01653698532699719
58,4,LMM-2,4,8.925,0.7185053931599957,17.780289865290122,1.7234263921089985,0.8228107744631481,0.03140425207377544
58,6,LMM-1,4,9.171772319212725,1.4983933089345427,19.599556298722156,3.683238816722562,0.8761707042426028,0.08327201821102821
58,6,LMM-2,4,8.825,0.8584951303815811,17.64195223339463,1.9523462294876566,0.7469353754227699,0.04505256390247051
58,8,LMM-1,4,8.950044631813888,1.4264902452143802,19.367995422958423,3.6196312191220197,0.8687484306230164,0.08545504265388067
58,8,LMM-2,4,8.446874999999999,0.7688452684870993,17.01080304401041,1.776795804508596,0.6830152370618119,0.0509550871282111
59,2,LMM-1,4,10.300718484574517,0.8915480086598524,21.03256493223799,2.3549352990581727,0.8839388480807459,0.04757591450484912
59,2,LMM-2,4,10.0125,0.6318375978050059,19.835075176910262,1.7252197828991118,0.8926405097130398,0.018082629266758847
59,4,LMM-1,4,10.260662998514874,1.0331916495033324,21.388073012941966,2.6299197816755306,0.8468587175729253,0.07839633608263341
59,4,LMM-2,4,9.84375,0.7355641967224887,19.599290002709637,1.8246972324661468,0.7988135360527605,0.028996902939250547
59,6,LMM-1,4,10.175527793246804,0.8399187741327728,21.449162016126387,2.3299895432235664,0.8097875032508433,0.08030073537722433
59,6,LMM-2,4,9.720833333333333,0.6735452430568006,19.59084911259221,1.6173374343123819,0.7075594273184915,0.029994226483723657
59,8,LMM-1,4,10.0688112771543,1.1152880763344084,21.307053431264645,2.8201293619290406,0.7528231093071963,0.10604079014809524
59,8,LMM-2,4,9.284375,0.8329810453275632,18.696105496809665,1.9830407246980488,0.6630868354444188,0.04266419817504807
60,2,LMM-1,4,16.875,1.243734296383275,35.07016693039358,2.748843895240071,0.7586153107168669,0.0202717565753246
60,2,LMM-2,4,16.4125,1.5653973137833095,33.99425442057586,3.5060647265245017,0.7784934432806088,0.029636818228186677
60,4,LMM-1,4,16.375,1.243734296383275,34.13501618294213,2.748568974733641,0.5833937292834225,0.031328821804719464
60,4,LMM-2,4,15.18125,1.6205106255436896,31.428096555454626,3.5911569177619302,0.6434616680440908,0.045233915343946024
60,6,LMM-1,4,15.458333333333334,1.2767961205037142,32.24869025840875,2.8310386318770946,0.4660330532246576,0.038602974392778336
60,6,LMM-2,4,14.129166666666666,1.3033277386921704,29.23482611070468,2.8375468912323076,0.5482743904582539,0.03968805792923389
60,8,LMM-1,4,14.65625,1.282011968547876,30.606635276578995,2.850581933376945,0.3805732984395329,0.04237742836949945
60,8,LMM-2,4,13.065625,1.276236379702052,27.017660993911516,2.801610148109858,0.4908362788131302,0.048632230835074
61,2,LMM-1,4,15.5,1.118033988749895,31.925295216319764,2.872295127900053,0.7787969434107699,0.021246851763464174
61,2,LMM-2,4,15.0625,1.0145041892471418,30.84207908259475,2.5494413918860697,0.795356206713167,0.026345393991447072
61,4,LMM-1,4,14.5,1.479019945774904,29.85786053854265,3.3031577623661286,0.6291337529899302,0.03562448963997218
61,4,LMM-2,4,13.94375,1.3525872199233582,28.480462755868444,3.167648386336994,0.6693035735537011,0.050019348047084
61,6,LMM-1,4,13.708333333333334,1.587166412895076,28.500487823804765,3.5071129140672492,0.5118106421808374,0.04576391140885916
61,6,LMM-2,4,12.875,1.5000231479695378,26.552022325729233,3.4416977765934047,0.5796595291173721,0.06641225551006845
61,8,LMM-1,4,13.3125,1.4100642715848097,28.01123723307153,3.1508331400226814,0.4108698979270321,0.044590856216676036
61,8,LMM-2,4,12.246875,1.1927965760660952,25.58046623015113,2.7537436581401598,0.4991474803027139,0.058233252335028136
62,2,LMM-1,4,14.125,1.6723860200324565,28.144350077307266,4.638870994044621,0.8214772726156525,0.0371668639800965
62,2,LMM-2,4,13.1875,1.4223110595084325,26.04509984331391,3.8126610557981264,0.8470748604844015,0.024389407212458244
62,4,LMM-1,4,13.3789666087997,1.7418469287962952,27.326079800087165,4.777902067306881,0.709669263596947,0.07680191530754431
62,4,LMM-2,4,12.25625,1.9493889266895923,24.705605537229953,5.051446117255235,0.730205783714253,0.07104177676915542
62,6,LMM-1,4,12.818146210887843,1.6401115079462414,26.46637238125624,4.953178506531307,0.6054635205707284,0.06368616180536478
62,6,LMM-2,4,11.520833333333334,2.00729139638469,23.373341064291196,5.146476504548924,0.6519348808178868,0.09759831906071681
62,8,LMM-1,4,12.202303169191119,2.0094179147269364,25.497969339082434,5.55958303122068,0.5451246909502618,0.10179374729425361
62,8,LMM-2,4,10.834375,1.757225596465918,22.007282701914583,4.525143297757827,0.6001582464077909,0.09551059837976004
63,2,LMM-1,4,13.25,1.25,27.369128836062806,2.757441496364555,0.8077652344958499,0.01950693651125649
63,2,LMM-2,4,10.8625,0.31893377055432687,21.62987835978913,0.7192210128520005,0.878090528934815,0.005697776403905913
63,4,LMM-1,4,12.6875,1.242162932146987,26.416027545783933,2.821626363845362,0.6584057929865654,0.03328651860845459
63,4,LMM-2,4,10.58125,1.0871946410371973,21.323395291468948,2.5063243727447215,0.7751676969916541,0.03560970256634195
63,6,LMM-1,4,12.25,1.304372986874877,25.689860900157722,2.9985655341605377,0.5400861761500086,0.043983449144165715
63,6,LMM-2,4,10.383333333333333,1.4750706197783656,21.136864841849537,3.4166957216924905,0.67905792186007,0.06831741721573027
63,8,LMM-1,4,11.78125,1.3357318920726569,24.880150680181977,3.0804617779384924,0.45909872541684127,0.06658504688505693
63,8,LMM-2,4,9.69375,1.5563754969479566,19.766358715484184,3.5301342586993374,0.630708721307335,0.0968906968228922
64,2,LMM-1,4,12.638172221041998,3.981612909582126,26.72883797122022,9.235974652750421,0.8473050745652733,0.10418759178621728
64,2,LMM-2,4,12.212499999999999,3.7336937140049393,25.446116905898467,8.818033095899652,0.8305920214787594,0.06570627110568551
64,4,LMM-1,4,12.223741814512469,3.653022706367091,26.16564811733283,8.1022519315394,0.7966731118405893,0.17376685834838682
64,4,LMM-2,4,11.83125,2.8029211882427227,24.25275409691639,6.720223453867306,0.7196986566069015,0.07893551863189527
64,6,LMM-1,4,12.048359131862535,2.9679930762049165,25.68926276217699,6.525638171505076,0.7384489970077689,0.2107174462767747
64,6,LMM-2,4,11.583333333333332,2.3726157623086706,23.63575790098308,5.6603637497323325,0.6317788892047239,0.08756376752258985
64,8,LMM-1,4,11.756392007774078,2.5097650897132544,24.940563798269164,5.530736168921757,0.6728860238161849,0.21212371260200177
64,8,LMM-2,4,11.29375,2.0235430715702596,23.024775796476263,4.780069046583251,0.5557972781742033,0.08348342258613342
65,2,LMM-1,4,9.648592239476377,1.2655246714518058,20.043913375695237,2.9963089367263986,0.9246879829621746,0.011151008343570206
65,2,LMM-2,4,9.4125,1.1070089204699305,18.58664004312071,2.5016444572308387,0.9057437615102486,0.019779344218732436
65,4,LMM-1,4,9.307507530008088,0.7415608410386054,19.658106202627714,1.9098768862119149,0.8856431992870146,0.04338991573529914
65,4,LMM-2,4,8.69375,1.010627125848104,17.645639254825088,2.3021412264992787,0.8254040498801538,0.034492315989122176
65,6,LMM-1,4,9.208378248379628,0.852595744172732,19.603705572830016,2.1644912443038926,0.8632160029487638,0.06513802247013065
65,6,LMM-2,4,8.9875,0.918435792832333,18.359050716153845,2.324512561077515,0.7306842690536194,0.045597457105933076
65,8,LMM-1,4,9.318385587814886,0.8532151491364924,19.942206673080726,2.228283727135611,0.8078409937003231,0.12248065937302843
65,8,LMM-2,4,9.053125000000001,0.7093887663862463,18.646985012913017,2.0163485106586236,0.6474883289493019,0.05884652077954226
66,2,LMM-1,4,12.0,0.7071067811865476,24.1151706245368,2.433029159308433,0.8383940316140711,0.023630979996325713
66,2,LMM-2,4,11.225,0.9384162189561729,22.384525083720373,2.622075028181367,0.8728247952502215,0.02290041726051819
66,4,LMM-1,4,12.066411486796444,0.9351691039314722,24.88222852581738,2.7223530624989927,0.6988996282909442,0.06400115376123498
66,4,LMM-2,4,11.1875,1.1443475215160817,22.900958512307238,3.0717984503401885,0.7507509524878575,0.04816059879265899
66,6,LMM-1,4,11.4990641972095,1.0356478234709108,23.694685039863696,2.8120542491637397,0.6071306147672593,0.08952626094525094
66,6,LMM-2,4,10.441666666666666,1.2475253281775263,21.30533261950222,3.3157968061276537,0.6871549821050946,0.0702108821425031
66,8,LMM-1,4,11.394487059772759,0.9562263289798582,23.64326570205911,2.684279648060718,0.5030987685652629,0.08934551376639355
66,8,LMM-2,4,10.318750000000001,1.15361185521821,21.234894699758016,3.0967031689751052,0.6062239794622986,0.082996929808699
67,2,LMM-1,4,12.5,1.5,24.79525937335437,3.523198144582748,0.8269725939184414,0.025500234455382784
67,2,LMM-2,4,11.549999999999999,1.4071247279470287,22.681054560388773,3.305794057637197,0.8617774136167085,0.028640696993520565
67,4,LMM-1,4,12.5,1.5,24.82006327987594,3.5231981445827483,0.6880701895210259,0.04179472570469906
67,4,LMM-2,4,11.175,1.641835862685427,21.981254336334864,3.8654371847929117,0.7595956951084142,0.06716836296714679
67,6,LMM-1,4,12.0,1.5,24.02094437028819,3.5228906471125585,0.5794327945388178,0.05196926657496738
67,6,LMM-2,4,10.6375,1.201929871775665,21.06781790299203,2.8555382673397895,0.6804001742041458,0.05984255240046882
67,8,LMM-1,4,11.53125,1.761956919876306,23.23846222573272,4.054708796294802,0.49214783366024717,0.06490898547981742
67,8,LMM-2,4,10.3125,1.6152108995422236,20.621940219775404,3.722996747884001,0.6042124013265779,0.08567983560258567
68,2,LMM-1,4,11.607954315246175,1.7856673388530777,25.641740254563672,5.3134715070376455,0.9674652969935583,0.027628519074460855
68,2,LMM-2,4,11.3875,2.072551265952184,23.27908109774281,4.882792045283203,0.8559576268987443,0.04477798383456662
68,4,LMM-1,4,11.053338953116123,1.3934358671551244,24.13811219756677,3.6126333514236735,0.8961839279014301,0.06896475083113514
68,4,LMM-2,4,10.524999999999999,1.4424371736751656,21.491043502919112,3.3867982323089576,0.7607115902822649,0.05273049929006432
68,6,LMM-1,4,10.948853204280582,1.5037134326580572,23.78721592724161,3.7520573352942432,0.8049054147896714,0.09787965741763578
68,6,LMM-2,4,10.541666666666666,1.59288783869633,21.62778183367411,3.6596974838722374,0.6573049802909633,0.0734492582889413
68,8,LMM-1,4,10.902081339967694,1.899742081506976,23.775168596388543,4.672483508401802,0.7090593854138347,0.10966756857446575
68,8,LMM-2,4,10.53125,1.892099115400671,21.929447595276034,4.364618871787028,0.5592655820420802,0.09966974149461877
69,2,LMM-1,4,13.25,1.0307764064044151,26.795588481606703,2.5662295849533048,0.8154855059119437,0.023347686980334407
69,2,LMM-2,4,13.0375,0.8010734985006056,26.27100278022712,2.212522911491456,0.8299831591144115,0.027513465545798706
69,4,LMM-1,4,12.98526409462939,1.0441221036288688,26.414442642422415,2.2127405416493726,0.7001939048333887,0.060982632823519796
69,4,LMM-2,4,12.26875,0.9989643074204406,24.593254987542483,2.341660064837309,0.7185836853997077,0.0361863316453289
69,6,LMM-1,4,12.505225160741777,0.8589515866175155,25.85352783922179,1.700809551792772,0.6360754967589212,0.11558173683520326
69,6,LMM-2,4,11.637500000000001,0.6602161893400275,23.488686369412147,1.6991422017551512,0.6316484008982903,0.0425923258031473
69,8,LMM-1,4,12.029763991777724,1.0791286923285437,24.871779268793443,2.230576083750928,0.5292627842598013,0.10455109438836487
69,8,LMM-2,4,11.071874999999999,0.6694432738290824,22.485993811728985,1.564388910887612,0.5610766997745648,0.03463565875245317
70,2,LMM-1,4,12.10388391183425,0.5324594358093513,25.977745998254747,1.4835880958504657,0.8973776886423889,0.007744465215959835
70,2,LMM-2,4,11.3,1.007472083980494,23.317140156430415,2.083787243809656,0.8505340489295911,0.016699532308230763
70,4,LMM-1,4,11.834098587532381,0.7301171432778637,25.32505958660782,1.6500220879782,0.7876936250206208,0.06741657451103883
70,4,LMM-2,4,10.70625,0.6408917127721346,22.201004639884506,1.4781931143380627,0.7344706687037896,0.02170757037916476
70,6,LMM-1,4,11.5110503082798,0.8023595401646214,25.273591943137085,2.32311619958104,0.7568392441034066,0.045839274454550584
70,6,LMM-2,4,10.8375,0.922434505353452,22.779948066411762,2.032077135001272,0.6208280549197842,0.031108812766851707
70,8,LMM-1,4,11.522044679510458,0.9560285153288977,25.24847635729409,2.6451372380014737,0.6717090488888882,0.05107311324182356
70,8,LMM-2,4,10.83125,0.8491033874034423,22.806535253007517,1.9204674326736924,0.5290134189088451,0.037558315618251924
71,2,LMM-1,4,10.691071761980396,1.0799771273260954,22.868237542054842,2.5561875083983145,0.967151316270271,0.03949409340000908
71,2,LMM-2,4,10.475,0.8947765084086637,21.064278841766313,2.155850592826061,0.8743292949540684,0.03104261352936952
71,4,LMM-1,4,10.698335535196783,0.9574052803179776,22.584371565964616,2.3376965879249365,0.8695404893394427,0.06728373403470488
71,4,LMM-2,4,10.64375,0.9670145746057812,21.425338231326787,2.179334251099252,0.7761546634622973,0.03959954303808777
71,6,LMM-1,4,10.295441947468484,0.85966538225685,21.696022900886465,2.0607058118928965,0.7664042015413414,0.08459731496824861
71,6,LMM-2,4,9.9125,0.9400336134652011,20.04577713624245,2.1547699929549036,0.7071741918457245,0.0509203217463569
71,8,LMM-1,4,9.753536033195656,0.8892721638357877,20.77606668645473,2.127943442704976,0.7377710197301695,0.09650443254662414
71,8,LMM-2,4,9.4375,0.8941214263174773,19.19439679284571,2.0413640740001076,0.6499488560916031,0.057781259805789416
72,2,LMM-1,4,17.25,3.031088913245535,35.49511298267348,6.348668963557581,0.7653929565297838,0.04110306911202959
72,2,LMM-2,4,15.825000000000001,2.5547749411640943,32.32138181930704,5.445794374338194,0.7979112508311734,0.045366211345586493
72,4,LMM-1,4,16.5,3.031088913245535,34.13524036405296,6.3478842924456,0.5963204123222602,0.06581222627311487
72,4,LMM-2,4,14.93125,1.4181165986970183,30.5954615147755,3.103620387559676,0.6591378613548096,0.042178588004092
72,6,LMM-1,4,15.664475161128058,1.8270105861211685,33.1990522730495,4.302359527867066,0.5059904411439979,0.03139701913791771
72,6,LMM-2,4,14.341666666666665,1.3712068893253602,29.937327688290587,3.122264674430101,0.5279862800406943,0.056813875222098666
72,8,LMM-1,4,14.721330232562028,1.76379280765636,31.596650800141354,4.277376896515757,0.4446072118878645,0.032922736903636216
72,8,LMM-2,4,14.2625,1.1041823898251595,30.01658823611536,2.5627620251339476,0.4195823523505309,0.05094953674843117
73,2,LMM-1,4,15.0,1.7320508075688772,31.11645534320215,3.9266054751186807,0.7824044987578133,0.028985287293815415
73,2,LMM-2,4,14.0625,1.6463501298326548,28.524603002438393,3.709651776838867,0.8216589363870078,0.03876402237494389
73,4,LMM-1,4,14.3125,1.6237976320958225,29.955568640028815,3.670881735892726,0.6185393863024473,0.04412087994539711
73,4,LMM-2,4,12.86875,1.2701347123435376,26.23476407878904,2.867623341436488,0.7121955339294954,0.0484362740366949
73,6,LMM-1,4,13.600598266979159,1.506409721794134,28.81595427509837,3.523935633602852,0.5403084883214216,0.02691696272391883
73,6,LMM-2,4,12.229166666666668,1.1700768611980625,25.07956268635432,2.6171271356788406,0.6209244738295194,0.05405298565281463
73,8,LMM-1,4,13.081390453179775,1.4570240250311708,28.089376713364203,3.5047610496504684,0.49889711793546826,0.05242832188107264
73,8,LMM-2,4,11.834375,1.1513706166456568,24.41711346366658,2.6034447078104437,0.5392753350341598,0.061881188628213096
74,2,LMM-1,4,12.75,1.0897247358851685,26.952351702905275,2.884631488956511,0.809350221325148,0.02613205072192815
74,2,LMM-2,4,11.825,1.2774486291041216,24.416897283586387,2.938579613011597,0.853688190616332,0.019132786511827937
74,4,LMM-1,4,12.125,1.0680004681646913,25.889092708149846,2.8950621653363475,0.6620703062253341,0.04320264803156343
74,4,LMM-2,4,10.96875,1.0385348754375079,22.911087303100167,2.5155534057514815,0.7398015148522527,0.037471509933319574
74,6,LMM-1,4,11.875,1.1388041973930372,25.461956525058994,2.9849439851522055,0.5419305841344544,0.052223575122610354
74,6,LMM-2,4,10.695833333333333,0.9623015668466698,22.446657886831527,2.262747656764946,0.6479598870840749,0.03962370018473543
74,8,LMM-1,4,11.625,1.0897247358851685,25.021073382204925,2.882387357975922,0.44617474123483014,0.05512625721815042
74,8,LMM-2,4,10.403125,1.2827696780307054,21.9477985858218,3.0276187764290117,0.5723730947614537,0.06218831651412013
75,2,LMM-1,4,12.5,1.5,25.848827140604097,3.2500888425979633,0.8208862663801981,0.024748104879006458
75,2,LMM-2,4,12.0,1.758905909933786,24.708327484721227,3.9454094438132126,0.8391694017458733,0.03755928269951325
75,4,LMM-1,4,11.865524546052779,1.4254230810614725,24.88021335841293,3.045450071456283,0.711164461206259,0.06524686051583396
75,4,LMM-2,4,11.29375,0.9923732601697807,23.322413808766584,2.263150150007406,0.718958743763125,0.028350085120305044
75,6,LMM-1,4,11.45206427031637,1.3293077427870732,24.174898627622298,2.878553890548899,0.5944742661706613,0.06939411185431865
75,6,LMM-2,4,10.575,0.968998624010031,22.11075058054732,2.1645125757922545,0.6290902814622691,0.03463097836292988
75,8,LMM-1,4,11.120331852156369,1.2935634646699292,23.59335326295318,2.8093665703351136,0.4995768166218593,0.07062255324666276
75,8,LMM-2,4,10.1375,1.178087698348472,21.333544314782554,2.652188008891805,0.5587339428101097,0.05879077791607368
76,2,LMM-1,4,13.0,0.8660254037844386,27.42996667819124,1.8156609968616164,0.8004049456493917,0.012298920359193522
76,2,LMM-2,4,11.899999999999999,1.2124355652982144,24.523461670642853,2.932556291317566,0.8461477300973013,0.0338873288776836
76,4,LMM-1,4,12.625,1.5155444566227676,27.077371961431254,3.4194704003586063,0.640024183084889,0.03748347600803197
76,4,LMM-2,4,11.15625,1.800726849774835,23.4424831213367,4.416071451718157,0.7329595926994881,0.06653371340971345
76,6,LMM-1,4,11.8929185890869,1.3254331797719368,25.657970713419942,2.809010613023619,0.5933622591947181,0.07895833645138206
76,6,LMM-2,4,10.4125,1.2428894985297594,22.34516482965713,2.7838216307891424,0.6211166496668914,0.04535562922505943
76,8,LMM-1,4,11.302254984529794,1.3986319908713964,24.674086563379063,2.931909686950001,0.5554508526332435,0.11097821706904476
76,8,LMM-2,4,9.9875,1.2695963925594618,21.536255513941214,2.95702476728749,0.5516521555620125,0.06115136738999998
77,2,LMM-1,4,15.0,0.8660254037844386,30.699902560930724,2.2283376382338753,0.7898900801254007,0.018218247288714358
77,2,LMM-2,4,11.725,1.8619546181365427,23.456644096722847,4.372388575820369,0.8645244858818506,0.04115265693184136
77,4,LMM-1,4,14.5,0.8660254037844386,29.72176980720664,2.228191145714053,0.6363138746875157,0.02894179401616045
77,4,LMM-2,4,11.35,1.5588457268119902,22.71673013983163,3.629050442573382,0.765995668126006,0.05087434447079405
77,6,LMM-1,4,13.666666666666666,0.8660254037844386,28.2408850568877,2.2279469915143553,0.5213019859795707,0.03505611546840297
77,6,LMM-2,4,11.2875,1.1619174167441226,22.968757475111907,2.727741728097132,0.6691590169676547,0.052408561650739725
77,8,LMM-1,4,13.125,0.8660254037844386,27.28541832390272,2.227788291284547,0.4305874402516121,0.03804756512494307
77,8,LMM-2,4,11.184375,1.1637216363353395,23.016279225109823,2.776897241707963,0.5820234193917497,0.06848686282810819
78,2,LMM-1,4,11.392536725189537,0.8145097699614205,23.953007667143652,1.895167540815058,0.8926302526789572,0.03275497162959148
78,2,LMM-2,4,10.6625,0.8018533219984816,21.529276488263037,1.8430772220279887,0.8803831468036563,0.014941553854989324
78,4,LMM-1,4,10.701015592404373,0.42371807435826625,22.855691842049065,1.2668432726619605,0.8331157435837837,0.0067240001559808705
78,4,LMM-2,4,9.80625,0.48617608692735986,19.969452704610436,1.1742427240068265,0.7906111999649873,0.018828789444630976
78,6,LMM-1,4,10.018643802246606,0.5419104061650211,21.48588051051049,1.3064215307504903,0.7465738425821546,0.036470784199242635
78,6,LMM-2,4,8.966666666666667,0.6393355926272204,18.38917737860317,1.4039306597361079,0.7295397207558066,0.03326328205839063
78,8,LMM-1,4,9.557454255946848,0.4569427930576998,20.598204805830346,1.0355468336348643,0.6981464786259148,0.07810139424378106
78,8,LMM-2,4,8.428125,0.4956352457957365,17.406569735500298,1.1108405240050174,0.675904455607887,0.03511946929098133
79,2,LMM-1,4,10.463868989086517,0.7556996397952861,21.91941580162218,1.9889565565720622,0.9895546213505387,0.002067949975211453
79,2,LMM-2,4,10.2,0.9027735042633894,19.858860307282605,2.0326031113588354,0.8912535586049959,0.026480086068164498
79,4,LMM-1,4,10.138917642648936,0.7157522175524923,21.383890520329253,1.9383507103400415,0.9801188742478693,0.0040031128332677045
79,4,LMM-2,4,9.45,0.8575036443071248,18.478319935410926,1.8608193868091425,0.8239352556309008,0.03768853623951864
79,6,LMM-1,4,10.076037877264653,0.43928455228099816,21.170812210225677,1.3368639603682049,0.9022536474254736,0.012522498263291054
79,6,LMM-2,4,9.420833333333334,0.6285316884082562,18.60008511093719,1.5713903161535188,0.732536908253306,0.04451232970816567
79,8,LMM-1,4,9.919854125895615,0.37275194252466903,20.740183190518877,0.6926386376459566,0.8196788324257775,0.04005316301670602
79,8,LMM-2,4,9.18125,0.6532670300114648,18.22163735930107,1.3456861917503018,0.6675558643189574,0.038365531461177625
80,2,LMM-1,4,14.0,0.0,27.789214008303833,0.5972803665985962,0.8137685024033198,0.006901285373220051
80,2,LMM-2,4,13.1,0.47565743976101127,25.761836469230072,1.4973438457115915,0.8445464022123381,0.02244031594882648
80,4,LMM-1,4,13.0,0.0,26.092104874238558,0.5970937935063987,0.6728999548216464,0.011354156654590724
80,4,LMM-2,4,11.725,0.7903717479768619,23.231995880067338,2.0921895972844915,0.7549654284355297,0.04591201532659464
80,6,LMM-1,4,12.004415602678081,0.49558451272201554,24.346918358765485,1.3442450489538298,0.5913810948282338,0.04050295664685722
80,6,LMM-2,4,11.0125,0.9401813507096503,22.041957845029415,2.3050480268396867,0.6711249708828892,0.061250893897802215
80,8,LMM-1,4,11.23688190465711,0.9490300568261082,23.131662476004102,2.2909366222360594,0.5640914677286383,0.07129382346786896
80,8,LMM-2,4,10.6375,0.9618910411268005,21.39658141878256,2.3059655677116426,0.5980859283666179,0.0671367754782654
81,2,LMM-1,4,11.75,1.299038105676658,24.367348014778095,3.6629665352592897,0.8349477218303618,0.03059771677771695
81,2,LMM-2,4,10.75,1.4568802284333464,22.001197798512788,3.9556679213574744,0.8779704429987254,0.0359659916123811
81,4,LMM-1,4,10.882925063486933,1.4120530736454264,23.115456176133645,3.7562297716057924,0.7810191995355067,0.08502003228699932
81,4,LMM-2,4,10.0,1.4220363919393906,20.62279254833365,3.6312060570035967,0.7824045035804034,0.052622409692676744
81,6,LMM-1,4,10.100035066111547,1.5272270891626003,21.602446664612255,3.760525061705203,0.7268424791554154,0.11704572420906235
81,6,LMM-2,4,9.366666666666667,1.630311831112891,19.347998133640353,4.0336875595601525,0.7333722978015869,0.09071578365863159
81,8,LMM-1,4,9.807931668275025,1.533390874921897,21.123523914300947,3.679542657749659,0.6873374362009885,0.15552265559353817
81,8,LMM-2,4,9.115625,1.5432913033108815,18.933436641596092,3.814535977217696,0.6676721682489967,0.10142643680966167
82,2,LMM-1,4,16.0,4.123105625617661,33.841623038637515,9.304832091767976,0.7631136140658128,0.060485466349164255
82,2,LMM-2,4,14.5875,2.80186879600027,30.496216647231286,6.462748967482937,0.8042939936595376,0.048768312193846156
82,4,LMM-1,4,15.5,4.123105625617661,32.98427867991224,9.3040785170351,0.5913351680742593,0.08992764724671112
82,4,LMM-2,4,13.975,2.7241397724786443,29.409891834697934,6.340868579635016,0.6599135528977187,0.08165511478887386
82,6,LMM-1,4,15.333333333333332,4.1231056256176615,33.00155907060809,9.385807121236745,0.45564408973723447,0.10602021159803711
82,6,LMM-2,4,13.858333333333333,2.3070092472000763,29.61158401139098,5.550728503495936,0.5329769211982198,0.08413931753909089
82,8,LMM-1,4,15.75,3.7645550865938993,34.064389637451285,8.681765161405288,0.34020874395866485,0.10279982547955277
82,8,LMM-2,4,13.55,2.003064059135403,29.24375786264838,4.818662530713998,0.44439276533216676,0.08890610275631686
83,2,LMM-1,4,11.657271194746691,1.419064859541148,24.06676489174112,3.499747622503183,0.8566112167377484,0.029522828388149455
83,2,LMM-2,4,10.95,1.2088217403736579,21.894358343261615,2.7254204903632413,0.8745768112034928,0.029632084225780377
83,4,LMM-1,4,11.472318644970008,1.3204747559629018,23.922439384805887,3.090066358449729,0.7612970155142517,0.03146489187398967
83,4,LMM-2,4,10.70625,1.1655705416232858,21.544084754582208,2.6475516214885593,0.7690101249160337,0.048428988394686685
83,6,LMM-1,4,11.085440758966788,1.6125950242762963,23.36279107350345,3.7875468372512966,0.6845735277929961,0.035744014262818063
83,6,LMM-2,4,10.220833333333333,1.3640409227324843,20.712203466726145,3.0138967753720114,0.6920060694941086,0.0699846505943271
83,8,LMM-1,4,10.933049982113678,1.349592853963877,23.18376054884734,3.350526888298273,0.6113031096101638,0.04252569545510402
83,8,LMM-2,4,9.8125,0.9819066274346046,19.950780253847704,2.1974382913186603,0.6363975074746939,0.06383305036735412
84,2,LMM-1,4,17.563841506548414,3.9520179810063247,36.37639267465653,7.614799997070863,0.7953991450460021,0.11188056791891363
84,2,LMM-2,4,11.725000000000001,1.1143944544011333,23.114153573739145,2.054513470612848,0.8821924523354948,0.002176743368086158
84,4,LMM-1,4,17.152437773636393,2.9398803231582944,35.12157148992742,5.671380422467739,0.6390039320510654,0.14006371144987714
84,4,LMM-2,4,11.6,0.8160499371974734,22.65245548479139,1.395959423504046,0.7844761201981946,0.005984531494427312
84,6,LMM-1,4,16.356320505599083,2.590630685092193,33.407522333402156,4.779456770255384,0.5502931716789743,0.18566788541636137
84,6,LMM-2,4,11.608333333333333,0.5978549619728483,22.60993471141049,0.9511512893141656,0.6889314927419211,0.012047765152838522
84,8,LMM-1,4,15.407329450886868,1.8656082518629948,31.5423808930254,3.2490820165552328,0.492384968544185,0.21233245805092593
84,8,LMM-2,4,11.378125,0.15869954906993283,22.24246601579233,0.3729385282052386,0.6178289167091293,0.03307918042381835
85,2,LMM-1,4,20.5,2.598076211353316,44.01760095589098,5.719482792769391,0.6952518748106333,0.034383634469479105
85,2,LMM-2,4,19.9,3.117691453623979,42.6194347578674,6.938879728476556,0.7091457138149894,0.04536841939665996
85,4,LMM-1,4,18.75,2.449489742783178,39.749093398873775,5.391429226698422,0.5276326871942673,0.049551792852012375
85,4,LMM-2,4,17.60625,2.6350032613831806,37.23364392980642,5.850051272448182,0.5666427220865227,0.0614252947887793
85,6,LMM-1,4,17.833333333333332,2.4664414311581235,37.7534513735197,5.430876285096003,0.40618438584330374,0.057727986131689224
85,6,LMM-2,4,15.9875,2.5653507178465014,33.6440706361359,5.701857248212476,0.48431487484517305,0.07526908923562059
85,8,LMM-1,4,17.125,2.48746859276655,36.27167336699709,5.475232878477431,0.31675044972929844,0.06055192096369971
85,8,LMM-2,4,15.1,2.2760986358240274,31.747928537384684,5.084973880766547,0.4108297912421656,0.077161961574362
86,2,LMM-1,4,11.0,0.5,22.53043663823353,1.9661803350169123,0.8416977773958785,0.021950171160358276
86,2,LMM-2,4,10.149999999999999,0.9912113800799507,20.38586484601238,2.5730400175794643,0.8826629283288734,0.026645338655466564
86,4,LMM-1,4,10.25,0.7905694150420949,21.176841265100798,2.574746636635392,0.7212780596064754,0.044598515071535116
86,4,LMM-2,4,9.425,0.7764100076634769,19.08099411019041,2.122987349805386,0.8005687282892697,0.040547513802164474
86,6,LMM-1,4,10.120225336580912,1.1374350345277437,21.11517996546549,3.0338342388609827,0.6359075921556663,0.08182914092110165
86,6,LMM-2,4,9.1125,0.923111811573586,18.594137353046115,2.2587083337987637,0.7307554261915719,0.0499198087367589
86,8,LMM-1,4,9.936168515387195,1.0807630096987881,20.902596726452018,2.9031314138390463,0.5575322178188117,0.1031533620138251
86,8,LMM-2,4,9.11875,0.7812999984001029,18.763433490248207,2.0214792079178605,0.6519732653184169,0.05945061597741454
87,2,LMM-1,4,13.954926829155076,4.58658405676756,31.421197357100624,11.521732354118358,0.8211481085393317,0.14068793028388393
87,2,LMM-2,4,13.075,3.875322567219406,28.532740647364665,10.15332597614484,0.8055806887952417,0.08526782484296536
87,4,LMM-1,4,13.617927272995704,4.4455236890999235,30.67929757114661,11.229819743841446,0.6839268973425964,0.20554140664218173
87,4,LMM-2,4,12.0,2.9971340477195874,25.972400183606915,7.881235406722061,0.6997706391297835,0.11015935052843023
87,6,LMM-1,4,12.99343946366156,4.251289506231358,29.249398505695122,10.773359294141063,0.5757385550429255,0.22354774572260167
87,6,LMM-2,4,11.575,3.426500077014121,25.256915280232736,8.844963545989446,0.5933597804054287,0.1483746255399785
87,8,LMM-1,4,12.529337638796264,4.069590908232467,28.05987025004532,10.20309467499841,0.49711393316153063,0.22563117364414634
87,8,LMM-2,4,11.034375,3.2159074220000488,23.9683722412781,8.25353551265585,0.5303032266884997,0.1623504680689629
88,2,LMM-1,4,17.5,3.640054944640259,38.01007563417901,8.63222585039234,0.730048224144497,0.05796904360887741
88,2,LMM-2,4,16.6125,3.045154963216158,35.87538205112438,7.191824666722836,0.7505734092895643,0.04622712440327634
88,4,LMM-1,4,16.75,3.640054944640259,36.41842606380524,8.631145916719847,0.5506628707394619,0.08870318103574323
88,4,LMM-2,4,15.9625,3.550066020512858,34.479541140390126,8.404832097380794,0.5825508626627944,0.09806434885645825
88,6,LMM-1,4,16.166666666666668,3.64005494464026,35.30367080693365,8.630305968419815,0.4235930239509169,0.1036222540560876
88,6,LMM-2,4,14.616666666666667,3.2351584196140997,31.57256759856814,7.678986163427307,0.500404484589325,0.12020384240972702
88,8,LMM-1,4,15.46875,3.682066972163869,34.08574412531316,8.723978716716616,0.33212631012374266,0.11101093385529726
88,8,LMM-2,4,13.875,3.261350372161813,30.273326890149796,7.748947906418989,0.4206295506656064,0.13730271118897022
89,2,LMM-1,4,11.441320821005318,1.0436323772610223,24.93699898746771,2.5536787990733854,0.9073531783895804,0.08779098593749306
89,2,LMM-2,4,10.9625,0.6561011736005358,22.76291034120981,1.6580015834561852,0.8536633736606667,0.0186651768135809
89,4,LMM-1,4,10.865417232498855,0.8157718878852825,23.482281565119948,2.1283475530289544,0.8202872187292992,0.10433045306752958
89,4,LMM-2,4,10.1625,0.5412658773652747,21.055025246402085,0.9464577516042245,0.7507376211695472,0.019047695697152412
89,6,LMM-1,4,10.300411857735192,1.019584288191469,22.12952478958303,2.533339188575697,0.7196114424110005,0.10776966404135004
89,6,LMM-2,4,9.395833333333332,0.5035119716109592,19.377387813544654,1.2539474897353537,0.6985309405194049,0.01775792653346249
89,8,LMM-1,4,9.954310166308039,1.1889156886634442,21.496047420067892,2.788187287094374,0.6756089898742798,0.13554143794623397
89,8,LMM-2,4,9.396875,0.40402032359152384,19.361800807596843,0.8715928556370957,0.62047293129681,0.016410139706516554
90,2,LMM-1,4,11.5,1.118033988749895,23.29972861356244,2.7825157044494557,0.8390339315579358,0.02215100437884018
90,2,LMM-2,4,10.3875,0.6636781976229141,20.556916437197298,1.7389149928733212,0.8883158919435682,0.019908356430633996
90,4,LMM-1,4,10.771223950668636,1.137249422559048,22.51326331429415,3.1414241928963054,0.7430336232899655,0.012270509133640379
90,4,LMM-2,4,9.8625,0.6241243866409966,19.631368507736468,1.5539599881818338,0.8039744115723365,0.02804984888969876
90,6,LMM-1,4,10.342182306502206,1.1353222530855422,21.720075970404746,2.9475764505398967,0.6564042945597958,0.045003958910701254
90,6,LMM-2,4,9.345833333333333,0.6321672378941096,18.76477447373377,1.5436431535597754,0.7299124012076436,0.028405047725938562
90,8,LMM-1,4,10.621651454810479,1.498896496134474,22.514784465822412,3.6398151684062703,0.586691963604636,0.11416726778069762
90,8,LMM-2,4,9.56875,1.0601260243480495,19.636852320737837,2.565056594722188,0.6253891553555726,0.06360546166099244
91,2,LMM-1,4,12.375,1.243734296383275,26.431166096055804,3.8427490804261177,0.8123987219095303,0.037122233236028646
91,2,LMM-2,4,11.662500000000001,1.1733365885371512,24.66088768430506,3.691736325753685,0.8473645846129999,0.04767628232782785
91,4,LMM-1,4,11.8125,1.5039011769394957,25.46442621549373,4.287870909002541,0.6679201675160233,0.062394012808182964
91,4,LMM-2,4,10.993749999999999,1.4413941818600486,23.34151131110727,4.236518795895921,0.7464248574240026,0.08308891367222196
91,6,LMM-1,4,11.49322301189207,1.5320796812796769,24.851972155611264,4.130306241003053,0.5839654255361615,0.08004193976663283
91,6,LMM-2,4,10.4,1.259794956861366,22.00306466737355,3.5822779134685034,0.6743723209598884,0.0847232953809249
91,8,LMM-1,4,10.90120963735338,1.6431198088035692,23.608608709698196,4.182797280232251,0.49921742128363344,0.08286323421735589
91,8,LMM-2,4,9.746875,1.291661206305663,20.616218771047865,3.486484307128878,0.625652984940525,0.09090275035327612
92,2,LMM-1,4,11.75,1.4361406616345072,24.827552614561036,3.5414644412336536,0.8633846343558691,0.04636498533272268
92,2,LMM-2,4,11.0125,1.523718724043253,22.615759099589557,3.7851094872837585,0.8667243035695663,0.041938050601565774
92,4,LMM-1,4,11.3125,1.429324578253659,23.969168469398667,3.546472145695622,0.7195505847693024,0.061021443043242106
92,4,LMM-2,4,10.33125,1.3667222422643162,21.44071840870319,3.460060589020676,0.7671442710503572,0.06567287879044294
92,6,LMM-1,4,11.036234792309198,1.2722872622217531,23.5672347773099,3.1891122926093765,0.6714390961440589,0.07537809875858237
92,6,LMM-2,4,9.891666666666666,1.387969139906696,20.342760946659755,3.3963924738599878,0.6960725273074306,0.08117058028877208
92,8,LMM-1,4,10.777272225933256,1.3175100441843113,23.139047362340854,3.2611180458170614,0.5961697719595757,0.1002503115858189
92,8,LMM-2,4,9.646875,1.464138371833414,19.927556345911565,3.57049628770819,0.626935440825238,0.0919008098963851
93,2,LMM-1,4,13.75,2.277608394786075,28.60571392056191,5.219506070638548,0.8018031282767586,0.03668015315244439
93,2,LMM-2,4,13.325,1.6406934509529805,27.253040566295837,4.152707485852762,0.8371652831472486,0.03962728702385101
93,4,LMM-1,4,13.5625,2.2733166849341515,28.17791236408337,5.033206508563085,0.6512168250198314,0.05536157839414808
93,4,LMM-2,4,12.69375,2.031884516280392,26.166278343897634,4.696737082833654,0.7119133998015383,0.06699981132282425
93,6,LMM-1,4,13.25,2.200063130407348,27.49385083018954,4.77455415805446,0.5347543014452396,0.06328950672494824
93,6,LMM-2,4,11.391666666666666,1.44185933202006,23.322448834352397,3.2764143448614798,0.652894212990878,0.06053387733186159
93,8,LMM-1,4,12.999458371182303,2.1867929310549443,27.10390931842663,4.71193081820589,0.4598047187957115,0.0873932423318816
93,8,LMM-2,4,11.440625,1.6575201497643999,23.583230851851745,3.7818056619123777,0.5514247419929481,0.08409110897735234
94,2,LMM-1,4,11.722425580908752,1.3152581874648042,24.1552375030071,3.2731963764965926,0.8707443902867978,0.05821159648896249
94,2,LMM-2,4,11.1375,1.4410824924340728,22.379434522581494,3.766580633816101,0.8685542350148725,0.03499415529310028
94,4,LMM-1,4,10.808974250418569,1.2716835270160818,22.520861644373067,2.9117838865399475,0.7890725258482699,0.08883252924603458
94,4,LMM-2,4,10.2625,1.3478570955409181,20.66084953731535,3.3463053171557235,0.7800498757394294,0.05356177966518499
94,6,LMM-1,4,10.86961423533303,1.156225560396185,22.653249155693544,2.5838234270431304,0.7229245772917677,0.10499770204036905
94,6,LMM-2,4,10.0875,1.3721624762072135,20.175299892167935,3.233289949490293,0.7058683237534273,0.0743359169095318
94,8,LMM-1,4,10.867965173891015,1.1964664951452948,22.755759007422736,2.534482595554006,0.6751990257309125,0.1237523379799921
94,8,LMM-2,4,10.309375,1.2973944742733419,20.74731341802317,2.9737398813436697,0.6089060060365352,0.07605905927627842
95,2,LMM-1,4,16.0,0.8660254037844386,32.27455043384256,3.032754365834856,0.7779010711316069,0.02831908546320702
95,2,LMM-2,4,14.3375,1.7375899257304646,28.881216050693197,4.815978018983952,0.8154722313595246,0.047363540901907364
95,4,LMM-1,4,15.0,0.8660254037844386,30.547876300303322,3.0322098992901028,0.6148697755351946,0.04375747161645184
95,4,LMM-2,4,12.56875,2.1733740330417124,25.6924974285346,5.6965461472574335,0.7062273996848443,0.09352082122797103
95,6,LMM-1,4,13.761413097391078,0.9798365268687542,28.75086673171863,3.2805553790155386,0.5549308653305037,0.04944018918385676
95,6,LMM-2,4,11.7375,2.082779092942888,24.163896497790574,5.443887321960671,0.6155116209290583,0.11018170750545431
95,8,LMM-1,4,13.084136807640274,1.002824854546674,27.622889751993018,3.1045845714185285,0.4887656646158521,0.06906323022717493
95,8,LMM-2,4,11.359375,1.4782373107437785,23.48677886210417,4.0122544572341505,0.5348766156462215,0.08787565087348652
96,2,LMM-1,4,11.75,0.82915619758885,23.87279595861231,1.8102788469112472,0.8360243549642564,0.014930151433126258
96,2,LMM-2,4,10.825,1.0917302780449025,21.455416816708013,2.5107362472487322,0.8917590912074065,0.03129569632781802
96,4,LMM-1,4,12.5,0.9185586535436918,25.57309729589757,2.035068420824179,0.6778592765528523,0.0251832459400768
96,4,LMM-2,4,11.4,0.5777110004145674,22.88635362604906,1.3153647400376578,0.762372423038933,0.02025465460735215
96,6,LMM-1,4,12.490341710629584,1.181805912934172,25.986341332636023,2.5952400772570505,0.5845276839066036,0.054000791542576185
96,6,LMM-2,4,11.7625,0.6680584430522023,24.00753854871679,1.549740344668651,0.6389731666193776,0.028102133424424768
96,8,LMM-1,4,11.984876627694975,1.448639338924663,25.57958066942509,3.5246918257274604,0.5431238684751621,0.05312914739723231
96,8,LMM-2,4,11.9125,0.9338679644360866,24.73211848907704,2.142198293285376,0.5340801918488377,0.043853735140271875
97,2,LMM-1,4,13.125,0.960143218483576,27.71681741065039,2.729347503963299,0.8011724301426976,0.02366417787713205
97,2,LMM-2,4,13.1,1.0505950694725346,27.519862668680684,3.1103018726877525,0.8177069268881759,0.03282899854334244
97,4,LMM-1,4,12.670808314566724,0.8966574481730419,26.984806252965967,2.5323614780544874,0.7039194255263925,0.060785306376894485
97,4,LMM-2,4,12.33125,1.2761483798916173,25.687188277653163,3.327521060279431,0.6988578756901266,0.04759949700666024
97,6,LMM-1,4,12.236023621371741,0.9535147576123532,26.29633657335274,2.6444584414975094,0.6212073665892589,0.08707242776588466
97,6,LMM-2,4,11.7375,1.2716117834377672,24.5214673128016,3.33143610569415,0.6112513193103745,0.06715489660349662
97,8,LMM-1,4,11.938125605361954,1.026168495156613,26.056853496930014,2.8171218554670543,0.6023530137633784,0.10742985182638867
97,8,LMM-2,4,11.178125,1.100687817628141,23.426765234244762,2.923980637080352,0.5338924621352226,0.06607380609569503
98,2,LMM-1,4,12.297733587634792,3.091839763224193,25.926980939020236,7.568607375624737,0.8680388658935589,0.08927014607149811
98,2,LMM-2,4,11.6875,2.774070790372877,23.913849617379814,7.144590149065621,0.8501022912352068,0.06631334922122906
98,4,LMM-1,4,11.69569907957897,2.1116971587470648,24.526981314254616,4.868812840729697,0.7395303185886245,0.09972466128151504
98,4,LMM-2,4,10.9,1.9109061986397977,22.395458932850403,4.626482279953426,0.7387285640185823,0.069513115724636
98,6,LMM-1,4,11.289559752268703,2.4414508512097766,23.804979638971353,5.57694232650139,0.659743133682836,0.13710010364678127
98,6,LMM-2,4,10.395833333333332,1.6936718411650924,21.341317940312756,3.972482670192018,0.6630598503140163,0.07622297184796792
98,8,LMM-1,4,10.97741847250288,2.241241261665371,23.335920548354448,5.067272682078367,0.6197777698339286,0.1600183790459365
98,8,LMM-2,4,10.2125,1.8479507230984271,21.135748646294466,4.35918327289987,0.5755361124659829,0.0947670004585854
99,2,LMM-1,4,10.058586229398495,0.8486214247100797,21.290446487102184,2.382715843984229,0.91670711786755,0.014967501739712556
99,2,LMM-2,4,9.8625,0.8946891918426197,20.025895761163525,2.5282745711298773,0.877931865093813,0.026320482016448928
99,4,LMM-1,4,10.48069227702399,0.5984279597540475,21.94748092398629,1.4894136764514256,0.81630772357259,0.06851753956070593
99,4,LMM-2,4,10.1,0.5934538735234609,20.548412614425885,1.7295800328217283,0.7650647860857679,0.03488547545506393
99,6,LMM-1,4,10.073981153400096,0.6633245278050165,21.261745185156833,1.6461794251739001,0.7635726447923822,0.09371165438737174
99,6,LMM-2,4,9.683333333333334,0.6397699239223081,19.70570587632534,1.739060583700475,0.6805729493936653,0.04914720402935083
99,8,LMM-1,4,9.77886388211549,0.5450687028891373,20.855236003229024,1.5100028699554962,0.746175237474408,0.1035377709577963
99,8,LMM-2,4,9.28125,0.6079229494763299,19.020364658438766,1.6592407988434557,0.6208019997789943,0.05373277836871951
100,2,LMM-1,4,10.875,0.8926785535678563,22.26179972986331,2.1675763713631966,0.8431460501139724,0.017905967204812145
100,2,LMM-2,4,10.325,0.8066132902450838,20.725178011203738,2.06801934508719,0.8792559882237011,0.02446178577472485
100,4,LMM-1,4,11.0,1.3693063937629153,22.79155541282376,3.1700483152596064,0.7132203002575708,0.05831552503248854
100,4,LMM-2,4,10.137500000000001,1.4893895561605097,20.68965974092762,3.4234495684751756,0.7780285133435861,0.06329316718215064
100,6,LMM-1,4,11.08762850460498,1.8397615068154098,23.13395612819648,4.038137412745843,0.6141169366660424,0.1149105925355766
100,6,LMM-2,4,10.354166666666666,1.6273433957766192,21.20371459672594,3.7342101794391063,0.6778928548780679,0.08315038950684965
100,8,LMM-1,4,10.246924676555846,1.6929163722098153,21.69894131540334,3.802929123695607,0.6125601789530257,0.11485222801956836
100,8,LMM-2,4,9.5875,1.4682578962838921,19.648283821047652,3.3702536121813362,0.6299843918820776,0.0864634628160164
101,2,LMM-1,4,10.176583156622012,1.2920403128572666,21.163461480540303,3.1155053119491845,0.9272313045017413,0.013473796397762361
101,2,LMM-2,4,9.5875,1.204872918610091,19.04539942462449,2.6054778964184804,0.8945165970832005,0.02076924042340004
101,4,LMM-1,4,9.968676027570814,0.9409531529225927,21.084316285094523,2.3742684879501135,0.8833943757468532,0.05194876305452945
101,4,LMM-2,4,9.46875,0.8784530081341855,19.211427986320246,2.028020360941382,0.8017473235173351,0.03420758237713611
101,6,LMM-1,4,9.729066341800204,0.33495705332251374,20.6157660719865,1.1532528570078693,0.7771033759715296,0.058573100512794164
101,6,LMM-2,4,8.979166666666666,0.33878356742255966,18.35869162999314,0.9645491244417985,0.7347192455473309,0.022624350883982087
101,8,LMM-1,4,9.34872344835401,0.5319595412448742,19.94550584520633,1.473405094205354,0.7212371656176919,0.10926069478535376
101,8,LMM-2,4,8.471875,0.39640720462045087,17.467437669291538,1.0305310606692237,0.6802903232841417,0.030916914458526446
102,2,LMM-1,4,13.280516371481747,4.7981719126804565,27.424877331094642,10.16271058137677,0.8681604245606309,0.09364553725026123
102,2,LMM-2,4,12.5875,4.675384342489931,25.10217266124447,10.118314162845458,0.8675531128373746,0.0719460763571997
102,4,LMM-1,4,13.249181636892132,4.248580556852275,27.547452799661404,8.798312080738967,0.8141428635852173,0.17017195612010888
102,4,LMM-2,4,12.13125,3.7558028019985286,24.082034563765784,8.009746415670325,0.7780075592030857,0.09576250074718536
102,6,LMM-1,4,13.475173139349883,3.5649158425131673,27.667200995960002,7.413513341059749,0.7017995024832878,0.1788120416782691
102,6,LMM-2,4,12.591666666666667,3.2453064399050042,24.783694849652473,6.974943907190313,0.6749538086351222,0.10755850015076814
102,8,LMM-1,4,13.622235347726722,2.9061314261275886,27.929566880029533,6.045701908582339,0.6392492097382984,0.188216395101099
102,8,LMM-2,4,12.740625,2.7322062828188876,25.045281975306352,5.850684023547425,0.5765317776363039,0.09453400786029799
103,2,LMM-1,4,12.375,0.8926785535678563,26.129087275946027,2.141253536271306,0.8567286638721185,0.05750094227025548
103,2,LMM-2,4,11.725,0.6914658342969668,23.943891065883562,1.804870881819428,0.8498816503286653,0.015270758957972912
103,4,LMM-1,4,11.946683323490383,0.9829746732688038,26.20639928968454,2.829275378310716,0.830751204994725,0.04220799977370993
103,4,LMM-2,4,11.125,0.6227459353540576,22.880038260761832,1.6684828951403203,0.7400110568002748,0.030313108550297053
103,6,LMM-1,4,11.45964182093303,0.8308784882873899,25.300896722616528,2.45399722196189,0.7700903159784247,0.0596274640743574
103,6,LMM-2,4,10.541666666666666,0.5528336096873994,21.851440102167583,1.4837114312428898,0.6526815168467378,0.032184448376908155
103,8,LMM-1,4,11.228000597332409,0.8735579290367071,25.056371677964915,2.5308303228591664,0.7413593155140124,0.07914113747690353
103,8,LMM-2,4,10.3125,0.5689903338370523,21.55681720454156,1.621622836594775,0.5672664031504998,0.04464141790013178
104,2,LMM-1,4,12.25,1.0897247358851685,24.936075268333703,2.858824555608628,0.8291487337219425,0.021643481907290315
104,2,LMM-2,4,11.2125,1.2556746194775144,22.31504095191486,2.9426146899584027,0.8721735677811474,0.01795277683662509
104,4,LMM-1,4,11.755543109502645,1.0961067247058953,24.363838205797574,2.9358680484636968,0.705185417100975,0.024156542072881655
104,4,LMM-2,4,10.60625,1.2445349281960714,21.502033642974318,3.0942397141306386,0.7714634152645563,0.052729174314119644
104,6,LMM-1,4,11.087013327033167,1.13806392531321,23.194973961384036,3.0569360776631718,0.6081888315937278,0.05077687254621837
104,6,LMM-2,4,9.725,1.2430640905976387,19.866942228327108,3.0692681435355857,0.7057748584384498,0.06762273899848932
104,8,LMM-1,4,10.350624650769944,1.240136183396094,21.913194074498826,3.267301731535302,0.5826462873614504,0.0828087978738581
104,8,LMM-2,4,9.3,1.0860263003261015,19.205399152440847,2.736009011942671,0.6378523684356847,0.06603268489369689
105,2,LMM-1,4,11.564064135015986,1.7161352613177325,24.23142519983376,4.297214844988861,0.8591851797323995,0.06952892783893987
105,2,LMM-2,4,10.7875,1.205391533900915,22.048286226373655,3.261504372415961,0.860683651666129,0.031121639208859266
105,4,LMM-1,4,11.618027921410107,1.1460117360905258,24.43057604818185,2.954637026510615,0.7375474943301609,0.09880180657039578
105,4,LMM-2,4,10.41875,0.6736966583708127,21.19832473960917,1.9193586686255282,0.7640287549626296,0.027006738721954256
105,6,LMM-1,4,11.038556366875856,1.4996765732985737,23.41981341758587,3.611492789151015,0.672199240189035,0.15985491890633777
105,6,LMM-2,4,9.683333333333334,1.107361729517505,19.888947636327728,2.7339681563222737,0.6901659956552915,0.05241498373113297
105,8,LMM-1,4,10.77277330477307,1.579848891737644,23.137081501388703,3.946109820744864,0.6298936486502321,0.19547752370792043
105,8,LMM-2,4,9.565625,0.9006670704955304,19.76749440279411,2.448068860043968,0.6157023341958099,0.05671087683193966
106,2,LMM-1,4,13.25,0.82915619758885,27.663196403741505,1.8011678541117226,0.8076172539115235,0.01256869921700575
106,2,LMM-2,4,12.2375,0.44773736721430785,24.990655017470267,0.825293016129746,0.854726248645207,0.0059992071589866375
106,4,LMM-1,4,12.75,0.82915619758885,26.81352599180257,1.8066053454766673,0.6561217262430104,0.020524531790844715
106,4,LMM-2,4,11.68125,0.5674435544615871,24.042313110423933,1.1645956057233646,0.7342429154458435,0.01906650319195326
106,6,LMM-1,4,12.583333333333334,0.8858454843945546,26.328785427429352,1.8416818252772649,0.5398507851589559,0.022551141819386066
106,6,LMM-2,4,11.325,0.5756035479776374,23.31941416164684,1.1914163792967507,0.6408457279587583,0.029484334264805952
106,8,LMM-1,4,12.110176311944631,0.6411487031973493,25.782865654749443,1.4310058431971018,0.5377692659717681,0.024653627787228884
106,8,LMM-2,4,10.8,0.5894250376426166,22.430948205774893,1.204746394258391,0.5593155514939074,0.025399544610077835
107,2,LMM-1,4,10.447167733321427,0.030514520894930452,21.91064364697447,0.628586521837295,0.9210846906803076,0.003825802153207675
107,2,LMM-2,4,9.9875,0.16345871038277532,19.881340226599526,0.6017570033995377,0.8796942526839943,0.009984606125260455
107,4,LMM-1,4,10.06238941037053,0.25324606710901676,21.4551524400249,0.9704132374764104,0.8909286338801172,0.04138907789489901
107,4,LMM-2,4,9.275,0.49149008128343713,18.717181067306125,1.4245664061600871,0.7853870634800232,0.017804860008395207
107,6,LMM-1,4,10.050283640884711,0.5239247406567505,21.526957332058867,1.2915233796286933,0.8413517727540653,0.07040389490089745
107,6,LMM-2,4,9.129166666666666,0.5834970008491899,18.428019678825414,1.5071712851118249,0.7122937665161078,0.032862158718105904
107,8,LMM-1,4,10.115927639599185,0.36097952281523626,21.784465279416242,1.0477312702678432,0.8093993000979884,0.060877453633370195
107,8,LMM-2,4,9.384375,0.2298734366450377,19.022906704343242,0.876593084459593,0.628492760462856,0.025496830154012246
108,2,LMM-1,4,15.5,5.049752469181039,32.78883847671378,10.746296668607055,0.7708283172973576,0.07108422085346945
108,2,LMM-2,4,15.5875,4.237831845413407,32.74147221788219,9.219929865017116,0.7849888953243336,0.07407940822071217
108,4,LMM-1,4,15.9375,4.559930783465907,34.02205203228381,9.879000542820348,0.5804258317527037,0.10376705656975811
108,4,LMM-2,4,13.59375,2.9233635913960483,28.955174080383202,6.5368226127116085,0.6657525860849522,0.0925064377955453
108,6,LMM-1,4,16.037342411834135,3.5569806853880728,34.43998713594362,7.8995244686394885,0.4466595202507104,0.0923218368830032
108,6,LMM-2,4,13.458333333333332,2.209905101029354,28.847170942454838,5.052934386172483,0.5465209629877049,0.08533849156087223
108,8,LMM-1,4,15.276957400124827,3.2135705322335912,33.09687455185839,6.983454390216032,0.3887656510472992,0.12184999581133127
108,8,LMM-2,4,13.209375,2.1006579140533566,28.51966273114244,4.816637341774283,0.45059078399757124,0.08775810387164666
109,2,LMM-1,4,13.375,1.3863170633011772,27.876851255483103,3.639363054961903,0.8041396966279168,0.028609386600087012
109,2,LMM-2,4,11.2125,1.27934309315367,22.920971985445473,3.4370641689733126,0.8677339207109943,0.030638661821632406
109,4,LMM-1,4,12.8125,1.3390178303517843,26.464303197618413,3.379057541991371,0.665754657013218,0.043623352122988165
109,4,LMM-2,4,11.15,1.500416608812366,22.70855447762009,3.737058627485212,0.7531403714450791,0.05638951515299111
109,6,LMM-1,4,12.375,1.3090231727004176,25.673179762907832,3.344488833972025,0.5521760061379435,0.052726324216109656
109,6,LMM-2,4,10.920833333333334,1.4646944599851228,22.41642473247768,3.5951361979016436,0.6558306203365609,0.06441904243645369
109,8,LMM-1,4,11.927893023847863,1.3038642216887182,25.040011809790894,3.343308301180161,0.46761480395310073,0.07553296003633678
109,8,LMM-2,4,10.553125,1.1764743077836421,21.881347161192664,2.98623623461435,0.5736619182460329,0.058603891002394555
110,2,LMM-1,4,17.5,1.0,34.685352199180215,2.477866868063238,0.7763051615975505,0.017481422023909177
110,2,LMM-2,4,11.75,0.4499999999999993,22.247833462144747,1.0811798773254147,0.8935116324886311,0.007978003249617394
110,4,LMM-1,4,16.25,1.0,32.51393929264165,2.6226773447192326,0.6172480378842775,0.03158734582540146
110,4,LMM-2,4,12.46875,0.9765012480790796,24.25472036662316,2.41443201966436,0.7613059425122366,0.035518801306141164
110,6,LMM-1,4,15.458333333333332,1.1388041973930365,31.14697280956844,2.9336514068526514,0.49656651948364994,0.04196347827944419
110,6,LMM-2,4,12.1625,1.0836137457599913,23.912212950933736,2.655055788335557,0.6678450412733188,0.05274390199312545
110,8,LMM-1,4,14.71875,1.2573999711706694,29.82467223289232,3.166256198013579,0.40575104162440523,0.047719261152994304
110,8,LMM-2,4,12.00625,1.3124851189632587,23.861579096011436,3.105332356701022,0.5790467780613827,0.06880510076559294
111,2,LMM-1,4,17.25,4.656984002549289,37.57482600379752,11.123808394352606,0.7402897998799447,0.0738589450746422
111,2,LMM-2,4,16.4125,4.09410780879058,35.372765591441066,9.817786222840626,0.7718319707019591,0.07878421744501485
111,4,LMM-1,4,16.74083662977273,4.669292669120519,36.57937087585486,10.922136503446774,0.5785960653073243,0.1324727906183875
111,4,LMM-2,4,14.95,3.465995527983266,31.955792326481795,8.149231742711864,0.6444468972318331,0.09938395651337299
111,6,LMM-1,4,16.076866443271378,4.6656683966796955,35.24460068993757,10.678494669995798,0.48173358197525074,0.18505084120089377
111,6,LMM-2,4,14.320833333333333,3.4452538811465763,30.59914900644166,7.963764506179973,0.5469239480418124,0.1184699288778796
111,8,LMM-1,4,15.562987985261111,4.236025569407514,33.97114357285279,9.643414730693266,0.3989349929128902,0.1806782793079231
111,8,LMM-2,4,13.5,2.653918094063945,28.66369214090165,6.126192741504799,0.47605477502440247,0.10256316313646556
112,2,LMM-1,4,15.5,3.2210246816812815,31.587586003467003,6.825432213284872,0.787263795815849,0.044134778513060885
112,2,LMM-2,4,14.425,3.1467244874631137,29.18796383587004,6.780002993955882,0.8256485354519116,0.05242871024221359
112,4,LMM-1,4,15.375,3.466356155965512,31.64962242861838,7.320634806431049,0.6156698223387105,0.07672066618198178
112,4,LMM-2,4,13.962499999999999,2.539777303229557,28.489424183344376,5.575335738055272,0.6884432971886438,0.07732268879595826
112,6,LMM-1,4,14.764902855928925,3.004689886030729,30.93337010309848,6.222046356148719,0.5417723657472427,0.12440488096872257
112,6,LMM-2,4,13.5125,2.062878753102082,27.858625165538346,4.541796398595073,0.5778509845688664,0.07257426041677821
112,8,LMM-1,4,14.21644927316507,2.3046180347586396,30.14182405201111,4.9712812303994385,0.47252678347213006,0.10902956987165492
112,8,LMM-2,4,13.4,1.7278961195627471,27.834997212028494,3.844272628994937,0.47614775407088056,0.06301080234695579
113,2,LMM-1,4,11.707755530828408,0.7029777038604401,25.55147401589979,2.140912490418118,0.9623792973029016,0.04181799031880859
113,2,LMM-2,4,11.175,0.8257572282456869,22.69102110115013,2.002163703794556,0.8702152048544908,0.020330995170400393
113,4,LMM-1,4,11.382136385697642,0.5725302640659006,24.504706162339314,1.7492288394660411,0.8567526567990229,0.07452666289538817
113,4,LMM-2,4,10.59375,0.598533363731714,21.39375791979812,1.5607181831511354,0.774061764829675,0.020261915612157958
113,6,LMM-1,4,10.914638359146744,0.704186948287012,23.38296196180564,1.8006204288741292,0.7766950244559014,0.11022599684502704
113,6,LMM-2,4,9.941666666666666,0.8022970494496134,20.27223746306136,2.0226104392081634,0.6868309904666317,0.04087871278476017
113,8,LMM-1,4,10.69770393133017,1.0437006880311024,23.104004284378206,2.5944948331172313,0.7072560896815404,0.11896969909150969
113,8,LMM-2,4,10.071875,0.8353692577986099,20.78017902313907,2.1398464594833597,0.5901219601997842,0.04699435827707253
114,2,LMM-1,4,11.064333917082513,1.4385460741366611,23.46128378564103,3.32535639412265,0.8875498678904415,0.056892391794991684
114,2,LMM-2,4,10.537500000000001,1.5043167053516358,21.63823702803097,3.6971012734525197,0.8707954118007507,0.030275562385966265
114,4,LMM-1,4,10.293141539452991,1.5036083895727819,22.023808320690854,3.6311528444350265,0.784018364311693,0.09679432728130642
114,4,LMM-2,4,9.53125,1.176246014871039,19.663539185090055,3.034133286336012,0.790162768767212,0.046543332246422514
114,6,LMM-1,4,10.264845962645833,1.3051131025063014,21.990089804150394,3.1752375116009874,0.6993985385330359,0.11524519830504645
114,6,LMM-2,4,9.375,1.16645831472882,19.318966352997613,3.070274085063497,0.7193209525376543,0.06316594991398923
114,8,LMM-1,4,9.96016381708271,1.332766544780526,21.456102510176343,3.2554246222349597,0.6328250896460105,0.14196765862211702
114,8,LMM-2,4,9.040625,1.102071026238781,18.756871603920565,2.8475436165728008,0.6566728010806844,0.0705669381328955
115,2,LMM-1,4,11.849363423697403,1.2191787477365554,26.672123283866114,3.839785572674827,0.9842493326368454,0.005319701593719273
115,2,LMM-2,4,11.7875,1.486764524058871,24.512636294658854,3.724988241235962,0.841852833973171,0.03340595673548134
115,4,LMM-1,4,11.165730179350945,1.2734089414273206,24.94024671031595,3.5870751339557527,0.9151767479434308,0.04213200277944043
115,4,LMM-2,4,10.756250000000001,1.5494328599523115,22.40341840159189,3.785300947172192,0.7468961307813606,0.063554610144869
115,6,LMM-1,4,11.246966364596409,1.1367651387389848,25.149688822556975,3.4967311723657115,0.8442951243314814,0.03902728694227699
115,6,LMM-2,4,10.6875,1.386911787229295,22.310048350947184,3.4979708899588675,0.6557220842891289,0.08171604249612247
115,8,LMM-1,4,11.155635315781321,1.1477804585267048,24.915636692090313,3.3796511185702736,0.7705579961461955,0.043887661374222564
115,8,LMM-2,4,10.365625,1.320019383143672,21.678601722692974,3.306753733612682,0.5893417802741764,0.09085011389481797
116,2,LMM-1,4,14.5,0.5,29.175905688365184,1.1369453303587047,0.8120626280281864,0.009014950474710293
116,2,LMM-2,4,11.4,0.9000000000000004,22.69774768807507,1.882871057932256,0.8760192792889553,0.01610726262239892
116,4,LMM-1,4,14.25,0.5,28.353818038762064,1.1368913245395635,0.6715079997923677,0.014905331604202599
116,4,LMM-2,4,10.225,0.375,19.93234851193202,0.7900339537534542,0.8308218728543822,0.014736617397741902
116,6,LMM-1,4,13.833333333333334,0.5,27.58974830980354,1.1368013148409908,0.5571288466580524,0.01854173674956655
116,6,LMM-2,4,10.225,0.8916666666666675,20.019162448965236,1.8443115715828213,0.7544400115732015,0.034525878709386004
116,8,LMM-1,4,13.25,0.5,26.513341945090808,1.1366753012629882,0.47158259096354727,0.020913721397492396
116,8,LMM-2,4,10.2375,0.7124999999999995,20.165503805568683,1.4687597970748012,0.6840799825995483,0.02740347665155657
117,2,LMM-1,4,13.827472411332511,2.896902760632751,29.0757399613685,6.310138689750778,0.8216182415720006,0.09880414925673828
117,2,LMM-2,4,13.725,2.612828926661675,28.533698761988436,6.238874490393835,0.8018370105045032,0.049292431822689754
117,4,LMM-1,4,13.042449971472756,1.8181947295135208,27.37836773598677,4.218778174035831,0.7082059789833417,0.10565786698366146
117,4,LMM-2,4,12.3875,1.3419319095989932,25.434966353839904,3.4118937971503316,0.7008678119775004,0.04616203229971463
117,6,LMM-1,4,11.698319177308473,1.5503802863731764,24.43892362499396,3.6027943189982916,0.6618702184706942,0.12652516907672223
117,6,LMM-2,4,11.0,0.8780502390081233,22.341251786455253,2.3520562327719214,0.6477643748012945,0.04226078035225339
117,8,LMM-1,4,11.44891216169362,1.5781052909447673,24.02000115135865,3.772073019285785,0.590928659390098,0.17011209502982036
117,8,LMM-2,4,10.69375,0.806928009490314,21.814731864489083,2.2355166447217893,0.5639004498208191,0.043607425849835756
118,2,LMM-1,4,13.75,1.6393596310755,28.866799029354553,3.4336802734405114,0.797765537973974,0.022241125484947274
118,2,LMM-2,4,11.0,0.9460443964212246,22.519015037548805,2.147955396842319,0.8738030559120725,0.019648228563014927
118,4,LMM-1,4,13.5625,1.6524130083002857,28.528018146779512,3.6444406044025963,0.6386697808497741,0.04080963747003826
118,4,LMM-2,4,10.9,0.7895805848676877,22.447547036699333,1.8341834854593533,0.7674149194529646,0.031399685856294025
118,6,LMM-1,4,13.063198834052024,1.4283121340111258,27.794849299337113,3.1958507968485237,0.5528633968773796,0.054792020772783515
118,6,LMM-2,4,10.420833333333333,0.9691329888101013,21.656521506800203,2.2376444784919594,0.6824595388379032,0.05028072330909328
118,8,LMM-1,4,12.852310548228115,1.2385302833232628,27.690203465047492,2.8759007354645227,0.4845229503429398,0.048364498135932826
118,8,LMM-2,4,10.528125,0.48905001980881246,22.03442329047437,1.1782213410878084,0.5887926224553156,0.027565118687905822
119,2,LMM-1,4,13.0,1.8708286933869707,27.839182014165264,5.02197224379253,0.7983607874477575,0.04042349750621356
119,2,LMM-2,4,11.475,1.3117259622344906,23.839997018568855,3.5715498992948063,0.857254090396144,0.03408908760546905
119,4,LMM-1,4,12.371562923245238,1.7237183915745504,25.995912080162103,4.395800411260984,0.6792420273383012,0.07736988689962303
119,4,LMM-2,4,11.03125,0.9593902686081406,22.46165610399417,2.4328721762037886,0.7654617644364917,0.03399160373787712
119,6,LMM-1,4,12.081068261153597,1.823450928499173,25.433980826244042,4.608996089449326,0.5641774124481703,0.09034996889581917
119,6,LMM-2,4,10.779166666666667,1.3118781595695368,22.14794724581313,3.1699974221659977,0.6709820084430541,0.06029788774755413
119,8,LMM-1,4,11.941711867872447,1.7201558495225466,25.125450090550377,4.2717055439505796,0.47802979304384846,0.09942635473080756
119,8,LMM-2,4,10.68125,1.2129670492226898,21.92425736260452,2.921189291321575,0.5987429976810819,0.0669394667427859
120,2,LMM-1,4,18.0,0.0,36.862260274327824,0.0,0.7614559916755081,0.0
120,2,LMM-2,4,16.95,0.0,34.5813935340635,0.0,0.7829017837525053,0.0
120,4,LMM-1,4,17.25,0.0,35.57865177281878,0.0,0.5844063048933308,0.0
120,4,LMM-2,4,14.05,0.0,28.5162252530101,0.0,0.693706978880247,0.0
120,6,LMM-1,4,16.166666666666668,0.0,33.68591276516777,0.0,0.4583561915962305,0.0
120,6,LMM-2,4,13.383333333333335,0.0,27.64221038842116,0.0,0.578790464754017,0.0
120,8,LMM-1,4,15.125,0.125,31.66226036101781,0.31085078699079816,0.3728428000919489,0.004963552467305649
120,8,LMM-2,4,12.79375,0.19375000000000053,26.656151595929316,0.4347300679589239,0.49893037373689475,0.011452665955379984
121,2,LMM-1,4,14.0,1.6583123951777,29.72621288015928,3.9112748312114425,0.7871139655566777,0.02837336824081301
121,2,LMM-2,4,13.6125,0.8034106982110708,28.158335352931147,1.8469497387340648,0.8190644237823659,0.011662015445550133
121,4,LMM-1,4,13.75,1.1319231422671772,29.149990792541686,2.704833370340296,0.6254947773665079,0.033138715563191375
121,4,LMM-2,4,12.66875,0.6723036423373001,26.447491989153306,1.6834075975474525,0.6951186717788692,0.030376625157788318
121,6,LMM-1,4,13.064034775945487,1.2526352253475723,28.49196133049311,3.026054562287567,0.5883853107094721,0.05335687384377781
121,6,LMM-2,4,12.508333333333333,0.8121901118443741,26.34844266925116,1.967941678184984,0.5730371319138496,0.03777713976982949
121,8,LMM-1,4,12.761398830197052,1.274612429989775,27.888769688694527,3.092881455346995,0.49859059460835187,0.043967497583046584
121,8,LMM-2,4,11.934375,0.6404572951220093,25.193611644228117,1.509414417592893,0.5033117761567039,0.03316102135515271
122,2,LMM-1,4,13.0,1.118033988749895,27.651789404235593,2.9301743124772814,0.7975982138874745,0.02430098625148128
122,2,LMM-2,4,12.425,1.450215501227318,25.727723605414894,3.978938263963768,0.8342123105237653,0.04293238800632451
122,4,LMM-1,4,12.5625,1.150747039970123,26.578770538253494,2.6120531730799996,0.6491739387253421,0.02979508348227946
122,4,LMM-2,4,11.4625,1.0399068467896533,23.539689155178756,2.5896871697796797,0.7339133854745112,0.04276401330626578
122,6,LMM-1,4,12.169973921558434,1.2710442943127083,25.819531744035007,2.757441914550345,0.5724745851441836,0.05435152207210076
122,6,LMM-2,4,11.370833333333334,0.9247653606305887,23.446055344849114,2.245841713321279,0.6265447264413996,0.05211326605827195
122,8,LMM-1,4,11.790400594048371,1.2848323348665485,25.126214635031396,2.826232717179391,0.48517979084017876,0.06644985284478912
122,8,LMM-2,4,10.953125,1.0425095548123289,22.70699998710429,2.5163174071694248,0.5601187179686127,0.06187677002956031
123,2,LMM-1,4,11.365085504531864,0.5336447997741504,23.49506329013762,1.6692353273859002,0.8821568463167343,0.030401504204399493
123,2,LMM-2,4,10.0,1.0271319292087069,19.826345214805606,2.25073647727497,0.901776160537354,0.026037357436178705
123,4,LMM-1,4,11.038306724664467,0.5186035046539805,23.057892884244325,1.5532847856925587,0.8131839866554973,0.021132623038203024
123,4,LMM-2,4,9.88125,0.7366255408957797,19.636177516198664,1.777864155631685,0.8101014700938399,0.04049527648841327
123,6,LMM-1,4,10.796561598398819,0.4186069638026641,22.88325095735654,1.2012103934233829,0.7727037699427245,0.02074511383787501
123,6,LMM-2,4,9.525,0.3891764809611873,19.11538876225123,1.0356728071552193,0.735441689282504,0.032133169594365
123,8,LMM-1,4,10.723290224025764,0.38175584930341844,22.787876479238815,1.1099973521241322,0.6993294554297611,0.020100265465534794
123,8,LMM-2,4,9.553125,0.5404262640499627,19.266835851679076,1.3309137624376053,0.6629752735980328,0.036748572297959824
124,2,LMM-1,4,11.925875540867523,2.91088163643663,25.714955571962104,6.876995436606814,0.8721319191125412,0.1203820946091144
124,2,LMM-2,4,11.0875,2.10427392465905,23.068641035106335,5.337294471060681,0.8551821498319967,0.05263040598747188
124,4,LMM-1,4,11.344724098569943,1.6756886256339785,24.395198980216907,4.346350712431143,0.8447052717138801,0.14515570709449796
124,4,LMM-2,4,10.4625,1.0151200667901314,21.260214071821817,2.98597415814259,0.7635134206909748,0.050710364791917456
124,6,LMM-1,4,10.795252643467334,1.4078388364607268,23.23580977477788,3.6877325083497032,0.7966264846916575,0.18134609891052864
124,6,LMM-2,4,10.083333333333334,0.758928338001831,20.481503947893767,2.428664684545783,0.6911527631446589,0.05990342525682631
124,8,LMM-1,4,10.634922176779295,1.4233870406038032,22.941615831209102,3.6553224087628413,0.7339344999889099,0.19579792940023713
124,8,LMM-2,4,9.68125,0.8580728771497206,19.770174135008226,2.5752513136379713,0.6303534488933469,0.07447032337733421
125,2,LMM-1,4,14.375,2.3284920012746446,30.264954585746246,5.119537430249914,0.7848826058954278,0.037521076013389706
125,2,LMM-2,4,13.2875,1.8433580091778154,27.685402000592816,4.036435345381866,0.8162989740402975,0.03197586620574983
125,4,LMM-1,4,14.0625,2.064393070614218,29.769609981993867,4.696537743197549,0.6175281794518774,0.05526280847223066
125,4,LMM-2,4,11.30625,1.6609838010950015,23.47368405705889,3.727769667358908,0.7220568787335022,0.05456210985140753
125,6,LMM-1,4,14.041666666666666,2.011684617428886,29.878524640081228,4.650438884486057,0.4805023526031197,0.0622349932971029
125,6,LMM-2,4,11.625,1.4607123452465094,24.3317866872286,3.3759910355705913,0.5996524236825759,0.05407073886951665
125,8,LMM-1,4,13.6875,2.1093171288357757,29.237721599062983,4.86716053208002,0.3841453577784286,0.06815555796884183
125,8,LMM-2,4,11.48125,1.8266580652930093,24.17039550365017,4.234151094857615,0.5150088342040446,0.080813634383805
126,2,LMM-1,4,15.595803503103971,5.567286491995669,33.6841871971775,13.365658324402922,0.7916954868904371,0.13197616599599704
126,2,LMM-2,4,13.95,4.3849173310337335,29.161517467960344,10.492281610094231,0.8255282016019084,0.08915903869200181
126,4,LMM-1,4,15.045827358271147,5.294270841708678,32.54051205220765,12.725114120762692,0.6552745068719864,0.21224254666084638
126,4,LMM-2,4,13.15625,3.83391016946146,27.50530444669873,9.147276496056941,0.7036992853213776,0.12708091794666346
126,6,LMM-1,4,14.301499256145846,4.678496198725331,30.802680048721435,11.22787526889813,0.5860822112324429,0.2563723136580347
126,6,LMM-2,4,12.654166666666667,3.5099338194140746,26.374338109813984,8.60237408384192,0.6204853598852254,0.1595722796761367
126,8,LMM-1,4,13.465920038288903,4.494150279591739,29.077833100296175,10.76604038774379,0.5329600574152599,0.28778220011656286
126,8,LMM-2,4,12.01875,3.3739060727145325,25.112257560959506,8.338565288954976,0.5546496616464219,0.17919517759667558
127,2,LMM-1,4,15.0,0.5,30.34814187856344,1.3866970208304223,0.7983921418110499,0.01567519625906699
127,2,LMM-2,4,13.3875,0.9085531079689291,26.705985779464292,2.2412353592787486,0.8420149490810809,0.02451697736473387
127,4,LMM-1,4,14.25,0.5,29.110625080294138,1.3864967034896858,0.6416392442847292,0.025176982673551097
127,4,LMM-2,4,12.7375,0.9785991263024911,25.670648066413726,2.362471784643933,0.7212275205275702,0.03663885170943243
127,6,LMM-1,4,13.291666666666666,0.649519052838329,27.484504714117392,1.7578079184668727,0.5276350572517852,0.03611343998851216
127,6,LMM-2,4,11.625,1.2949420836469874,23.769589138856833,3.084439531592939,0.6461285665565615,0.06767930010807915
127,8,LMM-1,4,12.28125,0.8766725086940961,25.584843769881264,2.2526582436266644,0.4491546112326767,0.047440674694811835
127,8,LMM-2,4,10.884375,1.4336190818606598,22.475656511912746,3.3659523905966218,0.5830012188212661,0.08530789613989512
128,2,LMM-1,4,10.878139207420725,1.7226719193869655,23.12858862245525,4.290845994295824,0.8982820589798043,0.0767698363832214
128,2,LMM-2,4,10.2875,1.5757438719538144,21.157044652639197,4.2059396805006,0.8652628965148034,0.04163760734036728
128,4,LMM-1,4,10.648442537627343,1.2618627538865372,22.61197726040828,3.441545381897275,0.8038175043459334,0.11083845163051091
128,4,LMM-2,4,9.9,1.2166809359893824,20.378975698732585,3.5402673129245312,0.7670607005947507,0.06187489167366103
128,6,LMM-1,4,10.149811253969773,1.4526646954860887,21.55941404814061,3.9173862971912463,0.7142572138384191,0.10875207771535281
128,6,LMM-2,4,9.433333333333334,1.5818853027672746,19.57941140605454,4.197058670913175,0.6895173950390209,0.09103697306464514
128,8,LMM-1,4,9.752196930550161,1.5370373747484685,20.748404472135025,4.009833012452752,0.6517241201200362,0.14492386926060163
128,8,LMM-2,4,9.175,1.4920361507014503,19.0619226989773,4.011063961508047,0.6276964946076636,0.10700685971880124
129,2,LMM-1,4,10.540623762145653,0.7407451288137465,21.741534274581745,1.7115234070556835,0.9007934831043687,0.046542351286804416
129,2,LMM-2,4,9.8375,0.5920040118107308,19.384133965140425,1.457314432784675,0.8962479068408199,0.014612414639665288
129,4,LMM-1,4,11.422786029274075,1.7619531846451741,23.8242022197146,3.611301873462344,0.8232771159568394,0.08133709795523648
129,4,LMM-2,4,10.7375,1.4642084038824525,21.33289251971793,3.137001195267501,0.7724087253147999,0.04997353717415096
129,6,LMM-1,4,11.667827416516833,1.5866312105705613,24.38357530732626,3.656651878135917,0.7162096760675238,0.0995681362445629
129,6,LMM-2,4,10.795833333333334,1.3157367496746617,21.631727934476977,3.049492634556951,0.6730657091020722,0.07113011533257625
129,8,LMM-1,4,11.69394585890052,1.4240103063427212,24.66421065015934,3.4692523827317867,0.6728818683593218,0.10535462275704703
129,8,LMM-2,4,10.9625,1.1578198802058977,21.98480473253551,2.8041760479861577,0.585628215076254,0.08083374272376874
130,2,LMM-1,4,11.625,0.81967981553775,24.395554212816712,2.330081290877065,0.8218830237506156,0.019428054806152055
130,2,LMM-2,4,10.9,0.36742346141747684,22.65550349701408,1.2365285589930999,0.8505794016852865,0.012457021653245356
130,4,LMM-1,4,11.1875,0.8904879280484379,23.591431558338375,2.548385129736875,0.6851817680945923,0.036640142844930904
130,4,LMM-2,4,9.71875,0.5906498010665882,20.188568795394428,1.651692595715983,0.7685906907524462,0.022324891050204305
130,6,LMM-1,4,10.773859156316377,0.7545991584372254,23.358719689764094,2.4443450395714015,0.6542615496468758,0.037972723608390116
130,6,LMM-2,4,9.691666666666666,0.47029836865074875,20.25303644807211,1.347669300686834,0.6726467078795679,0.02360715613659573
130,8,LMM-1,4,10.36746858060059,0.8320300010213943,22.830301868619244,2.69818718445691,0.6334006334482554,0.043400449426122666
130,8,LMM-2,4,9.321875,0.6818159919472413,19.6767847176595,1.801864437171542,0.6049196213085477,0.04270651599688338
131,2,LMM-1,4,15.25,0.4330127018922193,30.437662152758108,1.4010843061379472,0.7981249517250978,0.013610605043526985
131,2,LMM-2,4,14.575,0.8227241335952169,29.12729960273836,2.2737890482466794,0.8077155295010785,0.022205060487372807
131,4,LMM-1,4,14.5,0.4330127018922193,29.21532704183333,1.400871052695982,0.6427582186524465,0.02169429966980032
131,4,LMM-2,4,13.0875,0.7144709581221612,26.282605177193922,1.9509854274830314,0.6942985937983838,0.030993711551413138
131,6,LMM-1,4,13.321447549533236,0.7001982899883078,27.594199830445742,1.722381484243949,0.5945901314480467,0.04094166283863834
131,6,LMM-2,4,12.183333333333334,0.9331100923494737,24.798041717432238,2.323991143367681,0.6033743688563451,0.049528794056458936
131,8,LMM-1,4,13.192803983733508,0.5353246967668727,27.74034229944412,1.4707397216538725,0.5103248758913936,0.054006232531494294
131,8,LMM-2,4,12.028125,0.41035188786576804,24.669453620758205,1.0803318775774446,0.5238507105890435,0.01983960397594439
132,2,LMM-1,4,12.998246273845902,2.0645302879214333,27.75963326244919,4.633677499732453,0.8301250978143909,0.0938868681432406
132,2,LMM-2,4,11.8375,1.9135617967549412,24.720918159691983,4.818918579000248,0.8399812523361015,0.051749201871743214
132,4,LMM-1,4,12.006756915593472,2.087843039735196,25.288030086381305,4.5883814128589,0.7101965659246934,0.1256261505963861
132,4,LMM-2,4,10.8125,1.6402648414204335,22.22951796093609,3.9504996385357742,0.7481224036831235,0.06878333681343629
132,6,LMM-1,4,11.570031402661462,1.927304812685264,24.329687209082948,4.2991814580373084,0.6098866700481399,0.14746679515492733
132,6,LMM-2,4,10.095833333333333,1.4167830834519293,20.679652793070698,3.4463549671136504,0.6882477924961355,0.08063182548846375
132,8,LMM-1,4,11.170602412558914,1.8673105423577439,23.432629965278434,4.075614747075001,0.5469566513556925,0.18143579533499604
132,8,LMM-2,4,9.79375,1.1471602165783117,19.93491522266801,2.7931157725299545,0.6351275309379147,0.07762287324904359
133,2,LMM-1,4,16.5,1.5,35.082260200032295,3.0904671155905805,0.7521384605000929,0.020314227707819942
133,2,LMM-2,4,13.0,0.75,26.829515859783143,1.5033674526849523,0.8403346111057749,0.009511067395479213
133,4,LMM-1,4,16.0,1.5,34.236302538628266,3.090220896975331,0.5694521572134938,0.03073360851191011
133,4,LMM-2,4,12.5,0.75,25.99078478829678,1.5033156171221915,0.7166661301664576,0.014537773442865633
133,6,LMM-1,4,15.5,1.5,33.32077654165633,3.089974678361058,0.4367962901946823,0.03531367266768983
133,6,LMM-2,4,11.825,0.8083333333333336,24.697686490651932,1.643204105460145,0.6309523818248353,0.020583914185806528
133,8,LMM-1,4,15.1875,1.3390178303517843,32.76531539519641,2.8034233043265417,0.3349732380054887,0.03366155805451969
133,8,LMM-2,4,11.39375,0.7790468936463328,23.960280973723847,1.637052650312056,0.5549135343960544,0.027309230053637307
134,2,LMM-1,4,10.102118420121005,0.5163663065059222,21.393205140763847,1.5231840921634743,0.9730233338916398,0.030898165383277262
134,2,LMM-2,4,9.7375,0.5079062413477509,19.33303467691954,1.3242685693101404,0.8963821357746478,0.010762019400919946
134,4,LMM-1,4,10.036687132897281,0.44506229671024483,21.310290534567812,1.3064990731354793,0.9485466713853035,0.05873458949200689
134,4,LMM-2,4,9.33125,0.8105505459254225,18.508874824303547,1.9192835237992998,0.8260765814975579,0.03350959384266056
134,6,LMM-1,4,9.942814891287519,0.5291482538308053,21.025976606077606,1.4923991883331316,0.8710432561525454,0.05844468254643033
134,6,LMM-2,4,9.241666666666667,0.7016349953263924,18.514016963065252,1.7468658220803674,0.7532705509310287,0.0360163446081936
134,8,LMM-1,4,9.726658238910534,0.621553639860893,20.604249228927404,1.6815220690673942,0.8185495592566144,0.09934762337990743
134,8,LMM-2,4,9.05625,0.7677330672180277,18.22005184389617,1.8464451095141423,0.6915941586532239,0.043385182191318636
135,2,LMM-1,4,11.0,1.8371173070873836,22.44070970494601,3.677200905342759,0.8751059779277135,0.05459252300144584
135,2,LMM-2,4,10.8625,1.4596125342021424,21.393752197088393,3.2675120356817278,0.8766157420521956,0.026091667847866196
135,4,LMM-1,4,10.22167553302641,1.2987446490722478,21.49035938180792,2.931736504492707,0.8536748853752995,0.07506829848877754
135,4,LMM-2,4,9.86875,0.9451149070351181,19.923502257703248,2.2446908259482763,0.7769361795566225,0.03333066345991339
135,6,LMM-1,4,9.825684210905525,1.2648095879536196,20.806254672395177,2.978313911793129,0.7823468632311693,0.10693799873337492
135,6,LMM-2,4,9.1,0.9674565738172555,18.49714325120461,2.3513035122883092,0.7181141053053989,0.046741395615439864
135,8,LMM-1,4,9.570530102475832,1.4807727305140157,20.48428444654185,3.5253483699685324,0.7267377874280243,0.1146981947713121
135,8,LMM-2,4,8.6875,1.2298691495439669,17.8857819008334,2.9242083732188986,0.6526475109720971,0.07160809424453113
136,2,LMM-1,4,10.33300148418804,1.06669345489664,21.391670424325667,2.8556190315459675,0.9194221016127206,0.011785680410495209
136,2,LMM-2,4,10.15,0.949341877302376,20.089011934726713,2.275900973061487,0.879246550111395,0.02289528572280306
136,4,LMM-1,4,10.29423761448182,0.8603370970658124,21.761854341802394,2.579171818885873,0.9111014829449356,0.013072827213163928
136,4,LMM-2,4,9.875,0.6405563987659477,19.589787565284208,1.8656862198035624,0.7935075072543127,0.029466415871634438
136,6,LMM-1,4,9.58675418391168,0.7804577375151042,20.558234162820185,2.4894007035940406,0.9042015371323473,0.01553470610800946
136,6,LMM-2,4,9.083333333333334,0.7450764315752372,18.139597286981953,1.937419879935484,0.7320951249057213,0.03549936181853318
136,8,LMM-1,4,9.633148060690642,0.7352876613530891,20.746408974785478,2.3413658003699926,0.860690546242435,0.042226908604439284
136,8,LMM-2,4,9.15625,0.7675295189763064,18.367940744243118,2.001489860860619,0.6535809436916429,0.050703006724222656
137,2,LMM-1,4,11.480221213174506,1.2829467596320434,24.517185107277278,4.286633207041966,0.8805581732128468,0.07410832852697279
137,2,LMM-2,4,10.600000000000001,1.0529719844326344,21.899486561218453,3.982627479234819,0.8716496138440123,0.04619064238923586
137,4,LMM-1,4,11.252687673587813,1.0471183019029686,24.036311894318096,2.9375531589988833,0.8597354060559739,0.095926468877152
137,4,LMM-2,4,10.15625,0.8411998499167725,20.482424002520155,2.4223008557429284,0.7911128241673713,0.0342666181555325
137,6,LMM-1,4,10.753993149881346,1.0284171964092987,23.124571007187015,2.6666264678141376,0.8211772746034484,0.14830685858797812
137,6,LMM-2,4,9.745833333333334,0.7885795070180867,19.77142317896488,2.286142007651533,0.715544229931277,0.04517559373711998
137,8,LMM-1,4,10.386116684939042,1.0376742507011996,22.43314660668013,2.5672797383708605,0.8028913530328589,0.16708581894974023
137,8,LMM-2,4,9.390625,0.9477924598112186,19.063157337096204,2.517080754485525,0.6573208493142482,0.06295541048675568
138,2,LMM-1,4,12.239280557024802,1.9540226305907245,26.105720039939932,4.829189941605783,0.8985821667892515,0.02143326071177417
138,2,LMM-2,4,11.75,2.028854356527348,23.759372183355627,4.611377897477971,0.8487283656255955,0.04117519203845958
138,4,LMM-1,4,11.693086998377929,1.8817179331805856,25.48727421826068,4.640606138333123,0.8640264733208894,0.059587630719266586
138,4,LMM-2,4,11.35,1.4451427265152739,23.225345412411656,3.329672728751262,0.7325721556433703,0.05735691682980676
138,6,LMM-1,4,11.336443671909421,1.4673553729933257,24.862823968157226,3.797399997430259,0.7973859183818757,0.07414387042539441
138,6,LMM-2,4,10.633333333333333,1.032526566782236,21.954100157694334,2.4561080165231686,0.6536884517829188,0.06254671971892208
138,8,LMM-1,4,11.246239871644544,1.7054080034342616,24.72037398997487,4.223855299732238,0.7438409547886053,0.09505980679742004
138,8,LMM-2,4,10.621875,1.0635794149357156,21.964985846533295,2.5037411939377083,0.5719272959045963,0.06601440565780071
139,2,LMM-1,4,15.25,1.299038105676658,30.104425027389667,3.0762615298083285,0.8033976759828976,0.020306806091764905
139,2,LMM-2,4,11.6125,1.2905304142095995,22.375501198967612,2.758114209800258,0.8866283378345914,0.021733422673958485
139,4,LMM-1,4,14.25,1.299038105676658,28.352655713132386,3.075765514387196,0.6577262691335384,0.033286224824213805
139,4,LMM-2,4,11.075,1.8530380460206428,21.63919903557176,3.94701462000518,0.7905044063852918,0.05117022208150621
139,6,LMM-1,4,13.416666666666666,1.299038105676658,26.88356238974637,3.075352168237998,0.5481978790365778,0.04164930891420438
139,6,LMM-2,4,10.870833333333334,1.499971064535728,21.426747339303983,3.2422148632960432,0.7072889320811244,0.05793747670144778
139,8,LMM-1,4,12.986093022164365,1.2307656709962018,26.498016014343488,2.975950097470139,0.4888011614477874,0.04285196222249462
139,8,LMM-2,4,10.778125,1.4823011829162793,21.50025585246405,3.2435795417533244,0.6221060782938704,0.07005515832225509
140,2,LMM-1,4,14.25,0.4330127018922193,28.87399635676084,2.0429257173407436,0.8076941236808796,0.020828916680464743
140,2,LMM-2,4,12.712499999999999,0.5366271983416421,25.340384948958977,1.8510216700813622,0.8596137987632892,0.024008875355518867
140,4,LMM-1,4,13.8125,0.44633927678392815,28.443478701816034,2.2530375232358644,0.6493627987020252,0.03800192302554516
140,4,LMM-2,4,11.88125,0.7157546279976117,24.01202207105768,2.0152358937484083,0.7545513745248222,0.04635099662850665
140,6,LMM-1,4,13.25,0.34359213546813866,27.42582226683418,1.8599040879450452,0.531625568283598,0.03843435357119658
140,6,LMM-2,4,11.3125,0.5051643022049582,22.978567079590775,1.4215967875425932,0.6697069425712009,0.04528517091469275
140,8,LMM-1,4,12.75,0.4419417382415922,26.62937607004938,2.206519401297227,0.4366557754227811,0.04967499027729519
140,8,LMM-2,4,10.746875,0.748037797758242,22.020578410621145,1.9315276210045225,0.5994499072289964,0.06641279248953465
141,2,LMM-1,4,15.5,1.5,31.917222121913696,3.70610739419855,0.7823046781820785,0.02860608176183205
141,2,LMM-2,4,14.675,1.4901761640826225,30.023403161935335,3.553143321937228,0.807954528717453,0.026116831296269342
141,4,LMM-1,4,15.0,1.5,30.941326982813017,3.7057145731246384,0.6207015207647888,0.04458044334228715
141,4,LMM-2,4,13.88125,1.561787337475881,28.404586256158204,3.6750632285044365,0.6779188230066375,0.03747618492670102
141,6,LMM-1,4,14.666666666666666,1.5000000000000007,30.327803198943503,3.705457828586872,0.49541001997774636,0.05239951505849685
141,6,LMM-2,4,13.270833333333332,1.738668671714079,27.142757879010066,4.0712345304553486,0.5824741977315041,0.05293233489444433
141,8,LMM-1,4,14.1875,1.4402148277253641,29.490545166887856,3.5794567824533523,0.398959710689737,0.05336747455648644
141,8,LMM-2,4,12.96875,1.667274628697984,26.728893697306905,3.951632884922959,0.4937026142730607,0.06401213818954288
142,2,LMM-1,4,11.625,0.649519052838329,24.19714064281491,2.3488606165222348,0.8275071202394548,0.024061962885975004
142,2,LMM-2,4,10.75,0.6955213871621779,21.997503191272024,2.081292811785927,0.8640979124845464,0.02648687194173228
142,4,LMM-1,4,11.621574029009489,0.9819850393722119,24.30959194962144,2.8401837792287172,0.6931959214096132,0.06457678269573304
142,4,LMM-2,4,10.15625,0.5961792410844245,20.61108570926272,1.5148889513035873,0.7834918619797583,0.017853931794566222
142,6,LMM-1,4,10.971941328472308,1.243041475096474,23.17384136444049,3.2900436245676272,0.6052978887796693,0.1151993597031517
142,6,LMM-2,4,9.541666666666668,0.6775671348451177,19.48425132879431,1.6709549208969896,0.714555805932892,0.02777912093965152
142,8,LMM-1,4,11.14360400255572,0.8384741016072693,23.62863616343377,2.4827660120654858,0.49461528390455656,0.10047212470714222
142,8,LMM-2,4,9.671875,0.6321698125306203,19.940240956824255,1.3326383608007293,0.6284158198322009,0.02231969959868293
143,2,LMM-1,4,11.980009081843022,0.6726108858014871,26.227372021420724,2.477554235359318,0.9849475036654272,0.003504868734235308
143,2,LMM-2,4,11.1375,0.9581068572972431,22.51338717944025,2.3103638649354226,0.8561956368604831,0.01816330665694747
143,4,LMM-1,4,11.897311966218496,1.7628436243893817,25.81165725766857,4.504006539898759,0.8763991138969226,0.045164596054470055
143,4,LMM-2,4,10.825,1.9898963540848054,22.192650844912425,4.38315972732115,0.7437211517824077,0.05537275467288406
143,6,LMM-1,4,11.347701332076364,1.4039389346760727,24.760066402247862,3.658093369920118,0.8332491314316605,0.0809346094376892
143,6,LMM-2,4,10.241666666666667,1.5184741976368543,21.017870524112332,3.4435409423162104,0.6671705173308313,0.057615928856535596
143,8,LMM-1,4,11.69406105780728,1.5797205524493876,25.524810431853034,3.9228773589485364,0.7728526223082242,0.1332030221413897
143,8,LMM-2,4,10.8125,1.5395058054453712,22.205438211028408,3.5633575514098523,0.5621855063941348,0.07646837174379842
144,2,LMM-1,4,12.3436247140143,1.8145207488916821,26.966580823914427,4.765154432262989,0.8407116034795514,0.08305063925054101
144,2,LMM-2,4,10.675,1.0871407452579451,22.33626835645308,3.381386882534152,0.8625114056983081,0.04231576818533558
144,4,LMM-1,4,11.849423423948855,1.6765031254792162,25.71477529349957,3.9750695581174638,0.7794789323586641,0.13415721034454625
144,4,LMM-2,4,10.375,1.4067915623858427,21.373940735820774,3.6979158871375657,0.7667500953430286,0.06684270480388488
144,6,LMM-1,4,11.39640661545995,1.8943454714076884,24.753808834405614,4.49638674225959,0.6933340805308693,0.15886274662096714
144,6,LMM-2,4,9.7625,1.2623487258105646,20.030169032403855,3.3218896321753646,0.7000861623643417,0.07409771386808528
144,8,LMM-1,4,11.007715785366393,1.8793212944233315,23.900377353182673,4.424779019696666,0.6091214080567616,0.17769501995159365
144,8,LMM-2,4,9.515625,1.4621093228192619,19.59066453866015,3.706576403075007,0.6387280362501492,0.09893912269458136
145,2,LMM-1,4,15.0,1.7320508075688772,30.250920804434138,3.851292436707449,0.7975889613003029,0.02638527096780641
145,2,LMM-2,4,13.0375,1.5816822531722352,25.817806743613442,3.543674587464064,0.8440661405304061,0.030413587265588463
145,4,LMM-1,4,13.5,1.7320508075688772,27.589279139134838,3.8503450975561653,0.6591151702838307,0.04431222715610355
145,4,LMM-2,4,12.06875,1.7495870048385698,24.394254222125603,3.976415117292898,0.7274490259055586,0.06317404373914898
145,6,LMM-1,4,12.791666666666668,1.7093492913971677,26.334200653257568,3.7978498112010164,0.5480206232267137,0.05531228335790459
145,6,LMM-2,4,11.395833333333332,1.7479104588685948,23.208836709018126,3.9710048944660126,0.6461910097892027,0.08150534002007719
145,8,LMM-1,4,12.1875,1.6237976320958225,25.21880046363175,3.700388884699755,0.4624633465573622,0.06357922198836408
145,8,LMM-2,4,10.903125,1.620724543799779,22.360698200692276,3.7400142763193456,0.57083219370964,0.09309985840896608
146,2,LMM-1,4,10.738079802968796,2.039839484329768,23.26172684921441,5.036108816063251,0.8983704837842817,0.07297102168374406
146,2,LMM-2,4,10.4875,1.7540577955130214,21.94533824028152,4.485275478056727,0.865210956318444,0.04029876145017823
146,4,LMM-1,4,10.117282701826841,1.6882149561953672,22.01961531239631,4.257547338604447,0.8398150603520051,0.1138840609342049
146,4,LMM-2,4,9.881250000000001,1.4294202277496983,20.612128689470634,3.7448259152637213,0.7653751455656832,0.06018361463647711
146,6,LMM-1,4,9.751836504878872,1.7781862453566077,21.439919094748486,4.478467355191427,0.7919819621660511,0.1424131890074113
146,6,LMM-2,4,9.466666666666667,1.5215580465065697,19.903878201397305,3.9008896637992976,0.6944000562973875,0.07894086625765503
146,8,LMM-1,4,9.568926296054402,1.576840655002835,21.090313572323574,3.9789936116944724,0.7623495226993584,0.16585785966498648
146,8,LMM-2,4,9.128124999999999,1.2929609610792585,19.14335992302742,3.436916363447481,0.6420941004652414,0.09093807090349028
147,2,LMM-1,4,10.518513039819783,0.9921825045911046,22.31790407886279,2.544228083026582,0.9180619900362479,0.01275941608014709
147,2,LMM-2,4,10.1375,1.1892092961291554,20.60725105952818,2.8620404342423793,0.8697050420627399,0.03135542890723223
147,4,LMM-1,4,10.44204472581107,1.0991905655270409,22.18067671849841,2.6673568249493185,0.8397801479611887,0.024800775780956488
147,4,LMM-2,4,9.95625,1.14474000869193,20.347216886451932,2.6141238450560254,0.7631361546757902,0.047124152116839055
147,6,LMM-1,4,10.585147943676123,0.8207702421047562,22.673225847327878,2.360128897540101,0.7803990122866654,0.024757890014165812
147,6,LMM-2,4,10.104166666666666,0.8450324615724015,20.69323839060882,2.272435360596076,0.6698390100210536,0.060834022709262706
147,8,LMM-1,4,10.425669571619512,0.9203661099049965,22.51755185794314,2.558133354903396,0.7341011853917914,0.06058651748901596
147,8,LMM-2,4,9.821875,0.8080346043796641,20.309034819017473,2.097186154336616,0.5980625317955064,0.05494921030275819
148,2,LMM-1,4,13.020605751646983,1.1374756192617423,27.085230536366304,2.1152557369739773,0.8338167260687285,0.0477348394732161
148,2,LMM-2,4,11.975,0.7386643351347081,24.63921238022448,1.6797878809099676,0.8506117983841679,0.011403083092358856
148,4,LMM-1,4,12.82171212048313,0.5520907796678864,26.977634909522216,1.1520888743580164,0.7155359842426735,0.040728606319737626
148,4,LMM-2,4,11.225,0.30822070014844916,23.03967653524597,0.7484218396233953,0.7472591237680719,0.009495715691497425
148,6,LMM-1,4,12.661337508696516,0.7427575295250548,26.851540747733925,1.555506471641015,0.6204680382267084,0.07132381437681615
148,6,LMM-2,4,10.6125,0.44133242069392087,22.009571140315114,1.0496607951860684,0.6676991244110533,0.016518794057222445
148,8,LMM-1,4,12.36713432092079,0.8501896191028966,26.42185332758527,1.9962177915112762,0.5415365798841053,0.06979618563917592
148,8,LMM-2,4,10.4,0.5234351679052527,21.76109313243285,1.3320779760082329,0.5822526854046942,0.023088318467897714
149,2,LMM-1,4,16.25,4.14578098794425,33.57670838913094,9.239337618278064,0.7732638935310875,0.05905867014248983
149,2,LMM-2,4,14.712499999999999,4.001620765389944,30.05235123490864,8.952867569521157,0.8118233610904578,0.06554764130995706
149,4,LMM-1,4,15.75,4.14578098794425,32.55213461667608,9.238583143913921,0.6152377240978429,0.09077296057931208
149,4,LMM-2,4,13.71875,3.4256101190152974,27.918682513367333,7.643674084593181,0.7027226475631775,0.08850222583049472
149,6,LMM-1,4,15.083333333333334,4.145780987944249,31.388930901344953,9.237577178175787,0.4946696763034158,0.10559053181710361
149,6,LMM-2,4,13.395833333333332,3.1506034474895976,27.521441485263306,7.0300630764180765,0.5858619147736468,0.09921779382748615
149,8,LMM-1,4,14.4375,4.113145845943224,30.25742287785735,9.171709102993326,0.4045518211688197,0.11049706520031918
149,8,LMM-2,4,12.9625,3.044628979859451,26.880584637666015,6.820511310906417,0.5004428846029523,0.10599064354333253
150,2,LMM-1,4,9.576636022514773,0.9150268802707425,19.845884196491568,2.0992675257954763,0.9386526071208594,0.0639839198262435
150,2,LMM-2,4,8.8125,0.7351657976266304,17.55483293237639,1.8954499816343133,0.9114783271338305,0.019234776753682972
150,4,LMM-1,4,9.062898326825097,1.1081447800325133,18.8676113805829,2.7144115595142915,0.857625632607462,0.053000873804845965
150,4,LMM-2,4,8.2,1.2426031144335672,16.27944948264167,2.951657737246003,0.8496944379872834,0.04955242913580651
150,6,LMM-1,4,8.942228953738653,1.4111180449997527,18.640879799638967,3.377805180325362,0.7679366399845525,0.0860231217151613
150,6,LMM-2,4,8.229166666666668,1.5118226215032267,16.568630016496908,3.5465887946389887,0.7731707380468186,0.0821576308502315
150,8,LMM-1,4,8.681173097557654,1.460907843372991,18.218377100718733,3.4040476261555868,0.7295389777666561,0.12543879984544395
150,8,LMM-2,4,7.9,1.3813772565812714,16.060594440342342,3.1701132158255807,0.7221955871067927,0.0785688456378125
151,2,LMM-1,4,10.216656587316892,0.6974229599789593,22.11224798667106,1.952631081375983,0.9895773346037274,0.0021045516485213383
151,2,LMM-2,4,9.5,0.5086747487343947,19.06908400981301,1.1810120453366935,0.896526367446781,0.014650902336422906
151,4,LMM-1,4,10.191472863587109,0.4002962309368361,21.841720615472134,1.0893151579579294,0.9277430561835922,0.06311358255559624
151,4,LMM-2,4,9.60625,0.2079475594951762,19.318166461012055,0.5364115447770624,0.8035697884377075,0.01668861586215776
151,6,LMM-1,4,9.437922252505267,0.4370936111850467,20.164893295552424,1.1441698059712648,0.8169030088855183,0.07296759129584353
151,6,LMM-2,4,8.729166666666666,0.6763232913662254,17.70961427731729,1.459370706739011,0.7514259746886567,0.026296493746454604
151,8,LMM-1,4,8.646767325633432,0.6114788833706779,18.490790594311328,1.4816590358620636,0.7405995105440674,0.0911793426946696
151,8,LMM-2,4,7.856249999999999,0.6493085264340824,16.12713969125752,1.465602176829742,0.7092838762414848,0.037337484673320966
152,2,LMM-1,4,11.053160082433351,1.2681811517334296,24.60819323750578,3.7087215567848015,0.9859915267415434,0.004006452653092719
152,2,LMM-2,4,11.6,0.8085480814398115,23.91517236480403,2.034418014301812,0.8407544642391415,0.015119513184110613
152,4,LMM-1,4,10.80999046401537,1.236334681449971,23.967436213236923,3.2634159066195223,0.9320086067416861,0.046948446224404895
152,4,LMM-2,4,10.75625,0.7298062671010708,22.214119458840088,1.7718423705977087,0.7339592837290301,0.019068006335361782
152,6,LMM-1,4,10.385754277211806,1.1376222130376799,23.113114187550792,3.099856314410232,0.8866729684338356,0.06510539229215323
152,6,LMM-2,4,10.15,0.6088468152535943,21.08298490506686,1.5311636991234738,0.6517487368212669,0.027496908552693173
152,8,LMM-1,4,10.169653420546005,1.1577514702725866,22.822151724345606,3.2198380958056574,0.8755304567668198,0.06731410830059154
152,8,LMM-2,4,10.009375,0.6016497501661583,20.887331367744345,1.4847553554135846,0.5729589826167816,0.03251899734556845
153,2,LMM-1,4,10.625,1.4737282653189494,22.057042067874534,3.344257910603875,0.8397083281977548,0.024467897195891423
153,2,LMM-2,4,10.85,0.900694176732591,22.346626290431256,2.300952820917764,0.8529696603378285,0.026777923193347642
153,4,LMM-1,4,10.312549363485628,1.219161088554207,21.570163541458278,2.7576990661821097,0.7548038318538224,0.0780081467764
153,4,LMM-2,4,9.6875,0.9705829433902081,19.808122870304242,2.290524398775577,0.7732755918221763,0.03735087963567057
153,6,LMM-1,4,10.228158376576218,1.300651237832324,21.540706716433604,2.8574283995456495,0.7018401926521425,0.09813524141598454
153,6,LMM-2,4,9.6125,1.0322827320501344,19.6887999671125,2.39596833729891,0.6869085293862678,0.04904597404407107
153,8,LMM-1,4,10.376210394818159,1.2715056816278638,21.97529732798332,2.7525837748878335,0.6052444038132512,0.11734696803141029
153,8,LMM-2,4,9.671875,0.9887008126197733,19.954592035538163,2.3164504629148217,0.6034392953960811,0.05613479802422408
154,2,LMM-1,4,9.675919278138092,0.9453898959688396,20.313710997777335,2.442495496880579,0.9219717339700639,0.01133650522979171
154,2,LMM-2,4,9.175,0.9370832406995656,18.617627182336534,2.1499445617006563,0.8890233025020446,0.020943231216192428
154,4,LMM-1,4,9.674368785713973,0.7815565394623436,20.541689979094027,2.249668383122601,0.8971042605305594,0.03919857826830625
154,4,LMM-2,4,9.525,0.27099354235848483,19.706714647279096,0.5188970284894237,0.7713495314262545,0.007004598271037079
154,6,LMM-1,4,9.575624110945103,0.4116450764600318,20.15031006746082,1.5596692538639958,0.7878386322806711,0.01512188364439951
154,6,LMM-2,4,9.220833333333333,0.10696248044161193,18.884977366373665,0.2741332750804263,0.7065524558234244,0.015958674469413864
154,8,LMM-1,4,9.42938161110098,0.905757140600781,19.925066495684923,2.3950230791552283,0.6938020389131954,0.05462900912082815
154,8,LMM-2,4,9.078125,0.6260849957274173,18.691224045865702,1.386457827073268,0.6358146055952154,0.036732723883586255
155,2,LMM-1,4,17.5,1.5,35.35723721848689,2.9876223812355285,0.7678291634945302,0.016469109756274802
155,2,LMM-2,4,12.825,0.6749999999999998,25.262011510088243,1.3038559025261307,0.866386867686256,0.007117132361018186
155,4,LMM-1,4,17.125,1.125,34.71412719589253,2.3240796229305793,0.5916723840995703,0.021428084376254874
155,4,LMM-2,4,12.875,0.375,25.601176133668474,0.7551442078858983,0.7349064634265938,0.007380060283175727
155,6,LMM-1,4,16.75,0.75,34.11823142319432,1.6048823039009683,0.45710521622039313,0.018402003017698926
155,6,LMM-2,4,12.95,0.25,26.068224640539537,0.5225440605604916,0.6106186757933293,0.006668014016812163
155,8,LMM-1,4,16.3125,0.5625,33.362747947394965,1.2243843325234387,0.3563936405143878,0.015063847793753554
155,8,LMM-2,4,12.525,0.15000000000000036,25.428457585547662,0.31952239447745256,0.5400641667543405,0.0044801257803336325
156,2,LMM-1,4,10.366151954911102,0.8865944999516764,21.444480414894077,2.5873239237651924,0.8865940929061978,0.043295807100253006
156,2,LMM-2,4,9.45,1.0253048327204939,19.032043871161086,2.6682806760713116,0.9000981916090125,0.02795565739967776
156,4,LMM-1,4,10.1167148730629,0.9349168169288847,21.25278338873807,2.3418233896898095,0.828866129320945,0.09830866334586412
156,4,LMM-2,4,9.29375,1.1154280288301883,18.7983625831617,2.8504458695990293,0.8116285994341332,0.05224879520706549
156,6,LMM-1,4,9.979087091673266,0.6205120837747944,21.206578749329132,1.8230345183921353,0.7587950723686001,0.11882659190931918
156,6,LMM-2,4,9.15,0.7545233962943462,18.697530859340652,2.243551968877434,0.7305850640408239,0.053298479939698364
156,8,LMM-1,4,9.61467585392493,0.7162017754456791,20.609542745071103,1.969884235309124,0.7313669833117262,0.15744517657120471
156,8,LMM-2,4,8.878125,0.8051288231550282,18.264002782448838,2.322400528402804,0.6656214263579059,0.06523234698003486
157,2,LMM-1,4,14.25,1.6007810593582121,29.108356852710386,3.3264555823793676,0.8184818333159845,0.0559707997397563
157,2,LMM-2,4,12.475,1.4855554516745582,24.988538079955358,3.2420238526029945,0.8406557588254557,0.021004890068113815
157,4,LMM-1,4,13.625,1.58607219255619,27.691832628988173,3.4498123544815,0.6695466939073245,0.06695052614819497
157,4,LMM-2,4,11.78125,1.6859136061791544,23.545128126553777,3.713287097018227,0.7303285772920596,0.04327346821669957
157,6,LMM-1,4,12.75,1.5833333333333333,26.01860996518263,3.523281371003073,0.558578977102083,0.07371979610146955
157,6,LMM-2,4,10.625,1.9633623370806184,21.34960564745778,4.334427152886662,0.6712916206159966,0.07361728532015573
157,8,LMM-1,4,11.943509366268325,1.6795447021260983,24.86805299775628,3.945090737885581,0.5135511946872916,0.07730103321466412
157,8,LMM-2,4,10.075,2.1383222102854376,20.462514854523562,4.785740740947695,0.6091027910777974,0.10132303362837684
158,2,LMM-1,4,14.25,0.25,28.731336510432506,0.453945614080709,0.8039022303911473,0.003015388501185101
158,2,LMM-2,4,13.524999999999999,0.3250000000000002,27.07569643104049,0.7508133506877552,0.830352178582187,0.011453988456241182
158,4,LMM-1,4,13.489415015705559,0.2605849842944412,27.762607363939033,0.6961787654841896,0.7228921617979143,0.010269913045010293
158,4,LMM-2,4,13.037500000000001,0.11249999999999982,26.25698670114906,0.37974699634902365,0.6865926543070016,0.007846684081196154
158,6,LMM-1,4,13.159680546318704,0.17365278701462916,27.289698063742506,0.4610639823403879,0.5822835885758517,0.008316653204172297
158,6,LMM-2,4,11.912500000000001,0.07300589778306393,24.13621189637427,0.07400849019277851,0.6027541752697332,0.00609171391327702
158,8,LMM-1,4,12.420199190763949,0.11530711221964568,26.227258714384043,0.3362830637893954,0.5788818950447636,0.00995329784196555
158,8,LMM-2,4,11.1375,0.18936571759428947,22.71675734950879,0.5255764596089229,0.5271747093822031,0.01389867509409685
159,2,LMM-1,4,18.430914177571154,4.61525794393062,37.1307967562707,9.43626245114423,0.7729783212144806,0.08750339544388382
159,2,LMM-2,4,15.5875,3.4068634768654884,30.72775770518551,6.905273948216169,0.8190867576756564,0.046827082395471516
159,4,LMM-1,4,17.776951484131292,4.040523989746651,35.489341811690316,7.910229659578405,0.6439523651178696,0.15724494536650965
159,4,LMM-2,4,13.06875,1.9284364618778602,24.904469797839234,3.7771391661289715,0.7652311487888435,0.04032011941871607
159,6,LMM-1,4,17.34562258577833,3.3835786725913963,34.55583054189412,6.54666727954131,0.5503033928962482,0.20558424774287185
159,6,LMM-2,4,12.816666666666666,1.6141303127897288,24.342544487088112,3.2447791905603056,0.6786594782033122,0.04794301260673903
159,8,LMM-1,4,16.628757406511756,3.0635408665172803,33.097175796802276,5.8957067774525616,0.485465574155345,0.23824031276801885
159,8,LMM-2,4,12.44375,1.2305200882147354,23.596233533773628,2.5758356663046635,0.6119304608062586,0.04328885506379503
160,2,LMM-1,4,12.5,0.0,24.91477240579036,0.8546746143441112,0.8286450860736891,0.014840077098015055
160,2,LMM-2,4,11.125,1.0825317547305484,21.93358792475239,2.694277684381753,0.8773215094146825,0.026314080803680886
160,4,LMM-1,4,11.75,0.0,23.646064720428775,0.8545467157200856,0.6965679314612931,0.02468287097126244
160,4,LMM-2,4,9.99375,0.9851038968047984,19.95565578351135,2.540699523179013,0.7980060335264414,0.04716878029634153
160,6,LMM-1,4,11.5,0.28867513459481264,23.308133956134828,1.2888590899645573,0.5805330199679739,0.03388845717423769
160,6,LMM-2,4,9.808333333333334,0.8518362518700411,19.844200987332307,2.2217073050172127,0.7018123712679873,0.052828587152594655
160,8,LMM-1,4,11.125,0.3644344934278313,22.649147004527208,1.4447181902532023,0.49153915637117784,0.0400071490672719
160,8,LMM-2,4,9.306249999999999,1.0142923949729687,18.95564388074931,2.555682933295834,0.640790105791478,0.070307890622481
161,2,LMM-1,4,12.592007361931595,3.1391889722924997,27.241808218204955,7.580586360403973,0.8683511852237243,0.12464810557636685
161,2,LMM-2,4,11.8,3.3137969159258995,24.745242785703944,8.334547368185907,0.8435031473513399,0.07757384368347854
161,4,LMM-1,4,12.388879709444652,2.5693340303492773,25.86703813923196,5.609339976173077,0.7760944609984456,0.17532126336476503
161,4,LMM-2,4,11.56875,2.5215555095020212,23.307745280320987,5.947277531161675,0.7526198841249424,0.09301782116935232
161,6,LMM-1,4,12.013495183684118,2.7277720693440073,25.236086386300954,6.122035039635281,0.67113023852726,0.20494796446052546
161,6,LMM-2,4,10.9,2.705780848479788,22.231074389716955,6.307836063836398,0.6708947396047973,0.13361125886822958
161,8,LMM-1,4,11.356865261783469,2.875217787141347,24.09342118301258,6.424392466113643,0.6201047453644651,0.25091330211561114
161,8,LMM-2,4,10.5375,2.398844122697429,21.64249741393906,5.690509084037008,0.6059418419164825,0.14609059083566922
162,2,LMM-1,4,10.60395856141251,0.673586755548038,23.770791598837818,2.3049826009960626,0.9461207695745272,0.042094462323111086
162,2,LMM-2,4,10.425,0.6087897830942955,21.947183675229734,2.0149169662696518,0.8577443512340364,0.016978733618885255
162,4,LMM-1,4,10.14070826419461,1.4378894252921548,22.651930129191303,3.8412490487418807,0.8370281601396272,0.09436527385508334
162,4,LMM-2,4,9.74375,1.5913216794539062,20.901385454929574,4.310182372623469,0.7490206879511649,0.06915447205885655
162,6,LMM-1,4,10.159343911360951,1.6127790157532178,22.87481090843233,4.163823258883067,0.7649534871982999,0.12171644751758141
162,6,LMM-2,4,10.05,1.366209273053648,21.608850497109096,3.687898447595134,0.6444861133358598,0.07564825957410051
162,8,LMM-1,4,10.19527516370206,1.5614763780856826,23.01417305578117,3.996595986161543,0.7070847842817064,0.1756774389173648
162,8,LMM-2,4,10.153125,1.0980584783494007,21.871534303623065,3.186888753351351,0.5540805220180195,0.07098065303793934
163,2,LMM-1,4,10.82327669858066,1.220055548866663,23.36359119354622,3.292910793761176,0.9073227488231106,0.012835980646991827
163,2,LMM-2,4,10.1625,1.1491165084533423,20.8128104669659,2.8057395840190797,0.8753530027567872,0.024904256232528274
163,4,LMM-1,4,10.209535064381003,1.298802547839345,21.999597867072417,3.252268695151417,0.813207605461441,0.053196725024301866
163,4,LMM-2,4,9.39375,1.42799849002021,19.435375800481964,3.3939960531950475,0.7799195653144473,0.0552615477673144
163,6,LMM-1,4,9.850595064729474,1.2504805463476785,21.22485368687359,3.113985735481004,0.7370555510360559,0.07663301928814614
163,6,LMM-2,4,8.816666666666666,1.2740464844127335,18.139272022111843,2.9523346467642604,0.7270464911249592,0.061539801166018704
163,8,LMM-1,4,9.53356593454421,1.1677621460873513,20.49454731616436,2.8939427046873774,0.6347149956430205,0.07861157397599937
163,8,LMM-2,4,8.40625,1.0338981151448143,17.357275921958916,2.439857916517997,0.6677585023726709,0.05552834070556999
164,2,LMM-1,4,10.62153255715982,0.7551145987198353,22.95737355506853,2.2000441292971358,0.9886241899055545,0.0026121293110363685
164,2,LMM-2,4,10.175,0.6712860791048776,20.267954065568787,1.6973938501486583,0.8879608506443737,0.010641255740554391
164,4,LMM-1,4,10.455634367228043,0.7196383362765829,22.26500949310286,1.8712212370433299,0.8884218219153575,0.03609853504579426
164,4,LMM-2,4,9.6875,0.8445597965804438,19.411053468422136,2.0236837128460436,0.8057301216084434,0.035715209081102914
164,6,LMM-1,4,10.002611949915318,0.4988998784896675,21.2473680989089,1.384286919654457,0.7779342609333979,0.053277730979935205
164,6,LMM-2,4,8.916666666666666,0.7691987172809558,17.97284943586021,1.8995357446048982,0.7550810934897829,0.047327615531143834
164,8,LMM-1,4,9.81903523639846,0.5461417988843381,20.826051438145832,1.4571878833994347,0.6748153853849497,0.058407593873445816
164,8,LMM-2,4,8.9125,0.5559338989484273,18.163774215313634,1.365846490716872,0.670192485213337,0.038253185448170836
165,2,LMM-1,4,11.875,1.6723860200324565,24.273620694017666,3.8111513641048176,0.8312487645002513,0.026876704321083782
165,2,LMM-2,4,10.8,1.1900630235411902,21.397236068381044,2.616532858557203,0.877554863950244,0.027456067563563526
165,4,LMM-1,4,10.990122327877554,1.0393592402406657,22.953694812242304,2.556486550941498,0.8023490493759736,0.030970242281961897
165,4,LMM-2,4,10.375,1.1007099981375656,20.78500191604016,2.588194424274855,0.7685149412935421,0.040609831921886365
165,6,LMM-1,4,10.366241499288773,1.0680270518212929,21.966855238714054,2.615981137162,0.7517124073573609,0.03623465619294114
165,6,LMM-2,4,10.012500000000001,1.0301951675936618,20.33713347501042,2.4157606859086775,0.6759965662206533,0.05448305921881529
165,8,LMM-1,4,10.41191235361072,1.2774063307984769,22.31865232047972,3.05637917349451,0.7036109159023716,0.09230038517738974
165,8,LMM-2,4,9.7375,1.2398021515548359,19.957106310999475,2.946804406022879,0.6084091668987386,0.07747394856218531
166,2,LMM-1,4,10.679666701093337,0.7778163684137882,22.207077144398028,2.1191140633501875,0.9172787421923214,0.01007420837550462
166,2,LMM-2,4,10.350000000000001,0.2761340254296816,20.61659859827457,0.6936035109212416,0.8854165733226789,0.008509632873361046
166,4,LMM-1,4,10.590027626631242,0.8243597046195618,22.317188417024568,2.090466639749282,0.8535186169927933,0.0750832389080295
166,4,LMM-2,4,9.8625,0.3986304679775491,19.839888361641776,1.116910369834887,0.7928942723802053,0.013588914136377996
166,6,LMM-1,4,10.06835763746318,0.7007928007255193,21.479000980148836,1.850204454381406,0.8337908665535897,0.09549134481104282
166,6,LMM-2,4,9.462499999999999,0.2890057188976638,19.099473328437455,0.8491730645439367,0.7174822222776556,0.020538013131000184
166,8,LMM-1,4,10.149351782281691,0.5631628940852728,21.731542657443683,1.574010784732186,0.7518283322310932,0.08508241562421652
166,8,LMM-2,4,9.484375,0.23424996664887685,19.265881881794833,0.7247171142854759,0.6408303700601304,0.01839898839910584
167,2,LMM-1,4,10.338364599829024,1.421337752580441,21.712527758129198,4.5264100942471455,0.8673958345759811,0.020992771720090817
167,2,LMM-2,4,9.2625,2.7516756258687183,18.759088567841864,6.5922993652339095,0.8896880495346784,0.05992115133188109
167,4,LMM-1,4,10.148890387680346,1.508350555909344,21.05619849805788,4.221473944173557,0.7400076032901686,0.03507008632832004
167,4,LMM-2,4,9.1125,2.1184088958461254,18.347413447800577,5.032935356419754,0.8141210285154837,0.08079130371889622
167,6,LMM-1,4,9.779012296096868,1.577100865219788,20.241783203105328,4.060404340522243,0.6411246337530212,0.04926230934745261
167,6,LMM-2,4,8.6125,2.011507691868079,17.385269201008462,4.645053991581777,0.7652307943460749,0.09649137938294489
167,8,LMM-1,4,9.609596550340596,1.501894137908165,19.94226367959775,3.7193810502493725,0.5791996734007218,0.06458014466240022
167,8,LMM-2,4,8.53125,1.9810528293056702,17.27900921757991,4.466967021915939,0.6981176638317614,0.11034582505434999
168,2,LMM-1,4,11.25,1.346291201783626,22.770660106454493,3.221220678075051,0.8425317550089806,0.02749088299304002
168,2,LMM-2,4,10.325,1.7498214194597113,20.444400608742512,3.9943874036317393,0.8996789313315537,0.0323492794498786
168,4,LMM-1,4,10.885573541027302,1.189839539558223,22.416046282172907,3.162636381362068,0.7759112882881172,0.038823210954503674
168,4,LMM-2,4,10.26875,1.328106617519844,20.46229187895445,3.250529584762295,0.8033988264594281,0.05404558826570373
168,6,LMM-1,4,10.39309626332803,1.0285002406835753,21.767689361956478,3.021106133500916,0.7148030524942948,0.04489391258707353
168,6,LMM-2,4,9.9125,1.2031425864515535,19.884522644947698,3.0082995262894467,0.7186690171470059,0.06454456416457058
168,8,LMM-1,4,10.05859868427385,0.9200201469852267,21.321718898507733,2.7220964458614594,0.6828578911614787,0.06594317773116945
168,8,LMM-2,4,9.609375,1.2694233127192045,19.387828143062645,3.0487066603171784,0.6527775622744378,0.07364467087911161
169,2,LMM-1,4,11.5,0.7071067811865476,23.82889735868503,1.9621488111898715,0.8311320472941996,0.016465942374281665
169,2,LMM-2,4,10.75,0.7441438033068607,21.838438995185957,2.0952942077566963,0.8686745865366304,0.022613552390755815
169,4,LMM-1,4,11.009309156851316,0.77072042998992,22.840856238213032,2.021326206923452,0.7188140938550932,0.03420008129602676
169,4,LMM-2,4,10.01875,0.8099720288380338,20.226669598825154,1.9577628352278251,0.7871044725152266,0.0279457369915005
169,6,LMM-1,4,10.47169025645049,0.6933980574710469,22.117128990848357,1.7584889820082656,0.675241573564355,0.06537150821027776
169,6,LMM-2,4,9.783333333333333,0.5639641438562879,19.950231772884337,1.41738589935705,0.6939785633930933,0.02591505362127929
169,8,LMM-1,4,10.19008662671582,0.729814566567121,21.751660822149947,1.8323666833445598,0.6198710897473544,0.10271251602990807
169,8,LMM-2,4,9.3625,0.8330572459321143,19.153571741251344,1.995367477203195,0.6370500042070169,0.054078076665256505
170,2,LMM-1,4,11.61571660172033,1.431591559775614,24.50262071427476,3.6009738383449577,0.8601563572338545,0.06061244530477507
170,2,LMM-2,4,10.912500000000001,1.483818974807911,22.50984971266264,3.7143621553750603,0.8682886598527486,0.03708823930637983
170,4,LMM-1,4,11.37758908725266,1.5465848525209194,24.27428824741147,3.700229843386649,0.7368661328941413,0.11834617388951002
170,4,LMM-2,4,10.65625,1.300645873210691,22.171547420205012,3.451213499144438,0.7634979310914453,0.0649167566893872
170,6,LMM-1,4,11.269985003388623,1.483870015119127,24.21229520202198,3.5758448475985123,0.6349304161870044,0.13196654151352746
170,6,LMM-2,4,10.4625,1.3382915622373008,21.903516321398435,3.3930169857842767,0.6678329136392738,0.08293523963846762
170,8,LMM-1,4,11.036659694941005,1.5324010326272859,23.819353244521288,3.6014237499365365,0.5535840121736978,0.17264397196049544
170,8,LMM-2,4,10.2375,1.319120208699723,21.542981965170803,3.3206171466454424,0.5915150625055281,0.09708706656501792
171,2,LMM-1,4,15.540704500721587,3.991880203492431,33.366645051025095,8.94912144990341,0.7780120148950995,0.08981462892117918
171,2,LMM-2,4,13.125,2.3941334549268554,27.649366594016158,5.570724618067113,0.8215232473614802,0.040700002369440234
171,4,LMM-1,4,14.253163746195584,3.196127159503911,30.282479712363124,7.045577617397625,0.6454281634214285,0.1317163201932036
171,4,LMM-2,4,11.4125,1.536381707128798,23.59808016080964,3.562798482039286,0.7392908740347088,0.040753397529415036
171,6,LMM-1,4,13.475481176586788,2.6719168391793686,28.57692902771589,5.773592469070698,0.5595324168735156,0.17775787001621413
171,6,LMM-2,4,10.612499999999999,1.255287428351681,21.89458310046482,2.857983142503582,0.6678040707045249,0.04642236723494576
171,8,LMM-1,4,12.918104703791652,2.142087479079581,27.18994256072572,4.5772569505468805,0.47834617929645207,0.1704479363133695
171,8,LMM-2,4,10.05625,0.7961087001785621,20.622910418455476,1.746780197127454,0.6127334560538221,0.03275196349709677
172,2,LMM-1,4,10.01312796878001,0.3155866282130116,20.725361782710834,0.6834655368512221,0.8884027978354617,0.04197246285315525
172,2,LMM-2,4,9.5125,0.35421568288261884,19.043706571634857,0.7827557930418164,0.8951989031878379,0.005684108560757451
172,4,LMM-1,4,9.987241139917332,0.9699890854688036,21.188958734588102,2.2295322958088017,0.8575546375347123,0.07722704396138062
172,4,LMM-2,4,9.4125,1.018040397037367,19.09867721675685,2.4076066800200424,0.8034681534236151,0.03520905108074574
172,6,LMM-1,4,9.693744097723215,1.1660681085019127,20.85924669573828,2.641406094179759,0.8310236444538281,0.11017621494402118
172,6,LMM-2,4,9.108333333333333,1.0933193596668,18.65058796339339,2.5434960186217492,0.7218578724412655,0.04084279272456743
172,8,LMM-1,4,9.67308973140868,1.0014189826579536,20.972781045906363,2.4434048012478686,0.8034861817087127,0.09893610704006953
172,8,LMM-2,4,9.009375,0.9634481936642989,18.459939859565676,2.272412987580973,0.6557594001839101,0.04152883111160458
173,2,LMM-1,4,13.25,0.4330127018922193,26.91233135243682,2.4459722524718024,0.8132989525186113,0.02745296477017547
173,2,LMM-2,4,12.5125,0.5128047874191507,25.094247538139083,2.3654640210325004,0.8468233346015642,0.022576952150904644
173,4,LMM-1,4,12.125,0.5448623679425842,24.946280154561848,2.6666699400976284,0.6789675152312752,0.04748694752754977
173,4,LMM-2,4,11.24375,0.6476821654947745,22.766953857506977,2.455579409373178,0.7439815842618533,0.03900896112317783
173,6,LMM-1,4,11.333522289747458,0.39914913139156305,23.793154067708656,1.7356781247817095,0.643920344474329,0.07128785359191982
173,6,LMM-2,4,10.495833333333334,0.6863121050626716,21.33348685338309,2.306192486367321,0.6732396900111309,0.05184879601382104
173,8,LMM-1,4,10.604285444397476,0.4318972380305249,22.542916471429724,1.6322727291437065,0.6006563639639267,0.09344282996774389
173,8,LMM-2,4,9.7,0.5933222143152908,19.76066654852996,2.083729995375048,0.6279464168950597,0.05579281051971731
174,2,LMM-1,4,11.84433914625739,0.9891166553578218,24.583388494677816,3.264148527865216,0.8603098052676035,0.06393616055972628
174,2,LMM-2,4,10.9125,0.982582693720992,21.89253795124087,3.4359019272223255,0.8687985047630853,0.04015894845174412
174,4,LMM-1,4,11.38262799910386,1.3266729776231008,23.94996888387812,3.310823781142693,0.7779607922633378,0.1354514147912914
174,4,LMM-2,4,10.59375,1.1715874647246787,21.35499143704528,3.5228000870693723,0.7694996326227043,0.05899201617094426
174,6,LMM-1,4,10.93246105273159,1.2402987681806081,23.228473424819803,3.0542731602673547,0.7302894786907154,0.18018035809479652
174,6,LMM-2,4,10.2375,1.1847629275278855,20.85968656767748,3.4410941412300753,0.679098386410613,0.08022797831381734
174,8,LMM-1,4,10.439433070889224,1.2975854996046288,22.314751114518604,3.077023637745245,0.6903249063423661,0.19630438619572363
174,8,LMM-2,4,9.784375,1.128445245404047,20.024368049653727,3.062366768054283,0.6213290821617997,0.0766567172321573
175,2,LMM-1,4,10.625,0.8926785535678563,21.88715579882495,2.284421815643407,0.8468409756226611,0.018521337709456177
175,2,LMM-2,4,9.7875,0.959410626374338,19.827816015577913,2.3421351820599985,0.8942675390514034,0.019738829144166185
175,4,LMM-1,4,10.130655618503521,0.8104469260192095,21.816822569336,2.174681574823363,0.8427326544809136,0.018599723712574928
175,4,LMM-2,4,9.6875,0.7657716696248299,19.827908531906957,1.9054776926220944,0.7932892440154073,0.03261882118495081
175,6,LMM-1,4,10.0152886246045,0.8453362287876158,21.62994224326927,2.2153220035152925,0.7740545374071587,0.028275844456940032
175,6,LMM-2,4,9.391666666666666,0.9690702875551507,19.331033769435006,2.296754081086733,0.714729970018073,0.03833382484184533
175,8,LMM-1,4,9.9392644608259,0.6911812398654422,21.56409654171747,1.875759994853641,0.6953120886789986,0.04914905369893438
175,8,LMM-2,4,9.1875,0.9221239070753995,19.015422642864078,2.1981845111090026,0.6492451252711756,0.051662404507973866
176,2,LMM-1,4,11.905711740634601,1.235585216633183,25.354632120996403,3.8680155450570086,0.8728329696159094,0.06900557304163703
176,2,LMM-2,4,11.35,1.2504999000399797,23.495765143301035,3.936507813589112,0.8449032212417539,0.02889275042477199
176,4,LMM-1,4,11.30673560659152,1.2929312358259444,24.15818587527641,3.565893692467062,0.7790121040462825,0.10735885046245336
176,4,LMM-2,4,10.4375,1.305337600010051,21.67568214847938,3.5690533100021997,0.7489141134998619,0.041163129354060156
176,6,LMM-1,4,10.954421952691437,1.304599675448805,23.222190863111056,3.4962411504184985,0.6604338107257093,0.10770138651795186
176,6,LMM-2,4,9.670833333333334,1.1466360824409618,19.922061052515392,3.0419717244452635,0.6905448150353856,0.04637738936303738
176,8,LMM-1,4,10.55041020197066,1.4073547458060192,22.409123351655555,3.606567880813875,0.5867464491745183,0.12600189520737579
176,8,LMM-2,4,9.559375,1.0558384923249389,19.66886268386399,2.8348076744712003,0.6191586682333162,0.05445482367442001
177,2,LMM-1,4,14.75,0.82915619758885,29.894770287858492,2.1496981468002803,0.7965638360958338,0.017734152297152257
177,2,LMM-2,4,13.2625,1.1299197980387812,26.360231162431262,2.7610347773011594,0.8419370424403532,0.027501275896268024
177,4,LMM-1,4,12.75,0.82915619758885,25.96073518541538,2.1490006330422866,0.6720303212703597,0.02972595003420519
177,4,LMM-2,4,11.19375,0.985262496748963,22.37736500329221,2.3740116773402615,0.750662189145165,0.04221836731840303
177,6,LMM-1,4,11.75,1.0307764064044151,23.838380376974214,2.4879401946156743,0.5825728450326821,0.040877533490114616
177,6,LMM-2,4,10.458333333333332,1.0515530841992187,20.961800944494012,2.5344529505261337,0.6765107679087128,0.062197126026097956
177,8,LMM-1,4,10.96875,1.1193434180357698,22.350306343627075,2.6806605365957883,0.5186616061097499,0.06001135189824294
177,8,LMM-2,4,9.621875000000001,1.2321340417645317,19.360512206316358,2.92674555028585,0.6347588582957042,0.08012577198908194
178,2,LMM-1,4,15.25,1.920286436967152,32.03883701010513,4.611686091108284,0.7704024205740913,0.030872501383024577
178,2,LMM-2,4,11.5375,0.814996165635152,23.390799683411977,1.8684975104015351,0.8610094966779192,0.0149930846472491
178,4,LMM-1,4,14.5,1.920286436967152,30.032405422698538,4.611159583394988,0.6226134420274899,0.04953443494251067
178,4,LMM-2,4,12.11875,1.3828610514075523,24.437480510337753,3.2888809678361093,0.7365728807387458,0.046886840122403704
178,6,LMM-1,4,14.083333333333334,1.9202864369671515,29.184878033372513,4.610867079220914,0.5033861785997086,0.059617689010474366
178,6,LMM-2,4,12.329166666666667,1.6237976320958223,25.030842605408754,3.830509128520983,0.6202566370307673,0.06995837085567341
178,8,LMM-1,4,13.625,1.920286436967152,28.354422012095334,4.610545324721105,0.41028414450376477,0.06427229485509751
178,8,LMM-2,4,11.434375,1.449336459168471,23.193341406960297,3.478154420423822,0.567365551984953,0.07570510612478373
179,2,LMM-1,4,15.5,0.8660254037844386,31.290695912239876,1.836375127138025,0.7962701669976129,0.01232937678979236
179,2,LMM-2,4,12.75,0.5196152422706637,25.277938059928186,1.0788859111896703,0.8538319781728375,0.007380901490940048
179,4,LMM-1,4,14.75,0.8660254037844386,29.882128618076376,1.8361601366211597,0.6462222375166893,0.02017778164788903
179,4,LMM-2,4,12.2375,0.41136206679760806,24.263676926036496,0.8456640817644091,0.7580116740158753,0.009299396047261752
179,6,LMM-1,4,14.0,0.5773502691896261,28.586036499745678,1.268929362563022,0.528282320344329,0.018120660765251637
179,6,LMM-2,4,11.691666666666666,0.274241377865072,23.481186966321268,0.5876153524082367,0.6685980308327727,0.009289991764839824
179,8,LMM-1,4,13.1875,0.480071609241788,27.180516478992253,1.0779368931541737,0.4402010414342018,0.017118399619636893
179,8,LMM-2,4,10.884375,0.3231165376067897,22.089054296317045,0.7398316718755265,0.6078189320125598,0.017446191813807035
180,2,LMM-1,4,10.696674766760443,0.9219345951762349,23.25345821777253,2.055781842029262,0.9443373200854142,0.07752938563512408
180,2,LMM-2,4,10.375,0.8870597499605085,21.430477007469257,2.240654450431878,0.8606465292872851,0.02115259443663524
180,4,LMM-1,4,10.732519793904807,0.9667004642172383,23.380834531751617,2.394641308220456,0.8709563048279175,0.11277854633068658
180,4,LMM-2,4,10.325,0.8694466631139603,21.46315067298785,2.2543628935819187,0.741282258287041,0.03852656732964444
180,6,LMM-1,4,10.625240280304723,1.21455361309703,23.289815892664063,2.9210034570753596,0.8225250248739399,0.1697936477058304
180,6,LMM-2,4,10.05,1.289595113031821,21.07722480685043,3.211327636621863,0.6520392793899843,0.06884641675495833
180,8,LMM-1,4,10.640063702366154,1.155405506349778,23.42978509964037,2.8547272876543865,0.7614982183752524,0.20629015505532924
180,8,LMM-2,4,9.98125,1.2203515118604147,20.963715490929435,3.1170835603085343,0.5801417313087219,0.08378164325125875
181,2,LMM-1,4,10.482447619508727,0.6131266249175054,21.60340418180065,1.5641880122485103,0.8797254710658234,0.044194660097978365
181,2,LMM-2,4,9.1375,0.3149900792088538,18.24602062503616,0.9181826978562956,0.8975069958162357,0.0037543413017761935
181,4,LMM-1,4,9.928951129138854,0.9572611804092022,20.962275160895643,2.293079484585374,0.8399050639067854,0.06073262540028491
181,4,LMM-2,4,8.962499999999999,0.6639135862444749,18.137055966719434,1.667665989514836,0.8022207546529986,0.01942178386579134
181,6,LMM-1,4,9.8634856952935,1.1674860458773897,21.13136141466508,2.8102964013830514,0.7920792230202669,0.09795560275360135
181,6,LMM-2,4,8.970833333333333,0.9830772971756705,18.38743625575048,2.3515130520465597,0.7147324745072308,0.04489916121871604
181,8,LMM-1,4,9.51261746822822,1.411590118527835,20.539102975696313,3.197611767842292,0.7369399066496047,0.14767553782567772
181,8,LMM-2,4,8.753125,1.0826896124351613,18.118740041425276,2.5185629321797522,0.645786100317912,0.055552194673391446
182,2,LMM-1,4,13.875,0.21650635094610965,27.936003349428216,0.3450174201531071,0.8031451247915232,0.0003692064352922398
182,2,LMM-2,4,11.35,0.6928203230275508,22.439291354804297,1.3598027958588073,0.8678729428948088,0.010779011277624116
182,4,LMM-1,4,13.325846008108844,0.30164356229642253,27.24601198459687,0.5870747213641218,0.6618899960939351,0.03408673876746065
182,4,LMM-2,4,10.95625,0.11907849302036047,22.035756613130523,0.38116111466194524,0.7477996360991299,0.0062747169534758136
182,6,LMM-1,4,13.008842160251005,0.2733600637914061,26.6188615244861,0.5435341568183133,0.5379088081493588,0.028628985028573792
182,6,LMM-2,4,10.779166666666667,0.1804219591217578,21.767162722412845,0.45291539526488955,0.6538243898222478,0.0038243018781164476
182,8,LMM-1,4,12.662829964573234,0.36748928120284646,26.017082736425188,0.7497411674763816,0.43907497012299584,0.028361356971181733
182,8,LMM-2,4,10.490625,0.8389621099161749,21.32668164253588,1.866535079820994,0.571296328325542,0.05460772522977125
183,2,LMM-1,4,11.625,0.960143218483576,23.386047195218033,2.1754089101570204,0.8410815563759791,0.01781439787922734
183,2,LMM-2,4,11.15,0.5667892024377313,22.028032856552205,1.2389652417154078,0.8765685254045413,0.00993213862251432
183,4,LMM-1,4,11.606685240997468,1.095696016599852,24.257502696017944,2.5992935527575574,0.7533504416497478,0.09633486774887969
183,4,LMM-2,4,10.9125,0.9718699758712579,22.233278480914286,2.606332480174262,0.7639068493555272,0.03366909316087225
183,6,LMM-1,4,11.424754259959924,0.8016473572167605,24.051947551438964,2.080651365598002,0.6813800803851112,0.05770388146669048
183,6,LMM-2,4,10.65,0.6135054106435314,21.628918032902206,1.7052135746041657,0.6782297332489176,0.03631265348489033
183,8,LMM-1,4,10.783704411435153,0.8276252358255421,22.862592395694662,2.0700251856384786,0.6091487969655008,0.0815236801700406
183,8,LMM-2,4,9.965625,0.33147103474511896,20.405382010851362,1.0529426072364085,0.6215427179139008,0.018601702532534046
184,2,LMM-1,4,13.75,0.4330127018922193,29.609067872903886,0.9444449719407998,0.7812222882815256,0.009673204592222005
184,2,LMM-2,4,12.45,0.708872343937891,26.408063165988906,1.1470622747703654,0.8390328148294971,0.008013032773824617
184,4,LMM-1,4,13.25,0.4330127018922193,28.572098926388694,0.9443568949724035,0.6193219472645876,0.015327772989512989
184,4,LMM-2,4,11.9125,0.8117304047527104,25.26842024241577,1.3977219148258437,0.719578133668298,0.01944552229581387
184,6,LMM-1,4,12.791666666666666,0.37960139913101254,27.030297474650304,1.0724317069742078,0.527941654593977,0.030477238146908843
184,6,LMM-2,4,11.516666666666666,0.47871355387816894,23.94384619017869,0.724464809367147,0.639920760399211,0.01667879597250812
184,8,LMM-1,4,12.334697120022078,0.38439717272376644,25.952957678531355,1.2975338631722397,0.46196253307335716,0.05261655425528236
184,8,LMM-2,4,11.121875,0.4368186658958153,22.974233368472206,0.7384386211245455,0.5695447220891808,0.021828995733610093
185,2,LMM-1,4,10.720351628328174,1.291861594242883,23.052813343612303,3.408511650222367,0.9094870998212075,0.016169331654290728
185,2,LMM-2,4,10.0875,1.6395025922516866,20.74105437194963,3.979513542824217,0.8795490761673258,0.03783775759909162
185,4,LMM-1,4,9.955343889283679,1.4154410573082228,21.522793162954105,3.6153547293634136,0.8229137664570783,0.039786647279833
185,4,LMM-2,4,9.6625,1.4828709485319347,19.941478850823554,3.512891410976648,0.7831654616833852,0.057678118939564316
185,6,LMM-1,4,9.684028967453775,1.2036088488358423,20.817842419403547,3.0696586312828313,0.7143735207207675,0.06574423471686434
185,6,LMM-2,4,9.3125,1.2940770520593692,19.29523162435055,3.0954451692855773,0.7087660714574839,0.07642102147098462
185,8,LMM-1,4,9.602911266436124,0.8714538586609885,20.911896470137087,2.537110842019977,0.6923601197564098,0.04031437570017784
185,8,LMM-2,4,8.8625,0.8969131089464576,18.40933806282566,2.413504931574332,0.6561943593562991,0.0761354530569071
186,2,LMM-1,4,13.5,0.8660254037844386,26.95978765815822,2.0510338309315275,0.8187106551975964,0.015316964151370425
186,2,LMM-2,4,12.5,0.6062177826491072,24.53207547480654,1.4254316813337502,0.8667405348929449,0.01610807001258427
186,4,LMM-1,4,12.625,0.960143218483576,25.49730416959336,2.2601109910467003,0.6784381642015965,0.0276856964241023
186,4,LMM-2,4,11.125,1.0309279800257631,22.030682209425336,2.347232183176875,0.7768123103971135,0.03703277443843149
186,6,LMM-1,4,11.583333333333332,1.0639287779003086,23.667941845366883,2.531698392899152,0.5779382729711271,0.03983239910419797
186,6,LMM-2,4,10.295833333333334,1.2424983232718405,20.741436085860638,2.874133434428022,0.693242224131277,0.05755500538484808
186,8,LMM-1,4,10.795223304770095,1.198820399302496,22.25710113593079,2.669296873768422,0.5589098072338183,0.07244080913168006
186,8,LMM-2,4,9.715625,1.2467888441412203,19.634505730620205,2.772081830168422,0.6400606405814899,0.06904553532594106
187,2,LMM-1,4,9.301171327725566,0.9310118476137268,19.598702352399847,2.1595838297015715,0.9538971598767967,0.06613946820823077
187,2,LMM-2,4,8.9875,0.9037249304960004,17.953663450898873,2.1658452305217613,0.8941999381884719,0.02224606774016314
187,4,LMM-1,4,8.999140345183235,0.8616473903663896,19.115428539607784,2.146377715737554,0.9144602278573819,0.12195067218571409
187,4,LMM-2,4,8.51875,0.5842663669081085,17.118347923130074,1.4259416329895522,0.8203209475319512,0.024043450350287605
187,6,LMM-1,4,8.739565436723272,0.6251112555252679,18.790248667805955,1.6951398826879853,0.8490305210830846,0.15551068574401067
187,6,LMM-2,4,8.1875,0.3830388361511142,16.656013825588012,0.9466591129282228,0.752754597749369,0.03328569854239578
187,8,LMM-1,4,8.905617389858076,0.5611159185577067,19.206206011,1.6156074692449736,0.7815130247959438,0.17266206000823733
187,8,LMM-2,4,8.275,0.5174305508954804,16.946260815729627,1.0799364149985513,0.6782907970446139,0.03471604883553603
188,2,LMM-1,4,10.146678548159887,1.2058676543860767,21.741659405051227,3.448233116754881,0.9432360921928404,0.024493317754885096
188,2,LMM-2,4,9.975,1.3059957886608975,20.069608941168173,2.974141499827076,0.8750418525987574,0.025301621127100615
188,4,LMM-1,4,9.853870809476643,1.0699049729521426,21.137541816345607,2.892525437100232,0.8835179195532421,0.027870182942093525
188,4,LMM-2,4,9.4375,1.1197795541980573,18.987568842245828,2.6201880459073448,0.7950387832208659,0.04967961098527294
188,6,LMM-1,4,9.748513509569253,1.2634129401486076,20.96605296705292,3.240558649128058,0.8371835853451702,0.029344989906262546
188,6,LMM-2,4,9.520833333333334,1.176823348869508,19.191806474166356,2.74437961288925,0.7115242763880483,0.07250188378826679
188,8,LMM-1,4,10.04981614946927,1.9672426167415789,21.591689619461043,4.516019678503446,0.7811212332545707,0.11123778185007527
188,8,LMM-2,4,9.96875,1.479983635889262,20.099462107219708,3.3677601025167645,0.619916706916141,0.08977311714572556
189,2,LMM-1,4,12.0,1.224744871391589,24.90871109530881,3.2075279861094548,0.8226840142554083,0.027210616045973676
189,2,LMM-2,4,11.875,1.1986972094736856,24.086354888459667,3.064854013263487,0.8526484695239501,0.0267015594521536
189,4,LMM-1,4,11.485986376593603,1.0901302184154726,24.20951125715762,2.8858463226179802,0.7310909000068533,0.06323647733865041
189,4,LMM-2,4,10.7875,1.0854866420182236,21.957063184841928,2.783658924709463,0.7584430991853244,0.04709167048839926
189,6,LMM-1,4,10.85752331143493,1.2934335587840435,23.04750336463282,3.4103568651675795,0.6355666878749484,0.058507841753365354
189,6,LMM-2,4,10.120833333333334,1.1369656864752873,20.765880155568894,2.898693007882265,0.6779404737464562,0.059926090297589156
189,8,LMM-1,4,10.518188988428442,1.4586563190424051,22.46038352579422,3.6826938536182663,0.5455770223341445,0.07349758025477188
189,8,LMM-2,4,9.5625,1.4927166928121354,19.829207620434932,3.6292604608972976,0.6180654851385309,0.09508871301143791
190,2,LMM-1,4,11.75,0.4330127018922193,24.163317491112117,1.6128780081394793,0.8305593547588666,0.01494719537033841
190,2,LMM-2,4,10.6125,0.8575947469521958,21.521527141824304,2.4266318693046327,0.8838927299054559,0.02726039075764803
190,4,LMM-1,4,10.515599186155658,0.6223361845921854,22.15010101320871,1.6893667305825566,0.734320753664822,0.04602103061387577
190,4,LMM-2,4,9.5625,0.7867059488779783,19.740489867677663,2.2651886040829736,0.79885957770614,0.047293433803629416
190,6,LMM-1,4,10.46023694604008,0.36000771788440933,22.376599290908675,1.1988760373765424,0.6504172520732641,0.04048342478392662
190,6,LMM-2,4,9.645833333333334,0.2965952629426169,20.15539916315073,1.1521227915196899,0.6971550276027312,0.0427988404299791
190,8,LMM-1,4,10.350301528992967,0.5174204029990809,22.25031678113219,0.9828936556861101,0.5699850826161531,0.05141562418238184
190,8,LMM-2,4,9.51875,0.5283006364751037,20.05046197895505,0.8682333604180708,0.6173474842665192,0.02995994278910841
191,2,LMM-1,4,14.0,0.8660254037844386,28.638002790956904,2.1147164760021533,0.8043833897022057,0.017883638318471135
191,2,LMM-2,4,13.0125,0.714470958122162,26.371125529495252,1.7707616688528336,0.8291557898155925,0.012122674274673867
191,4,LMM-1,4,12.831231309651242,0.8380508907137585,26.613273384381486,2.154918193836447,0.7314576648820097,0.024674021769789906
191,4,LMM-2,4,11.49375,0.708293503782154,23.141566820570137,1.8105433502268482,0.7455340456942834,0.027834395524766867
191,6,LMM-1,4,12.470696397611745,0.7950717806439562,25.90358576423586,2.051585825046106,0.6042636479587195,0.03233511155181841
191,6,LMM-2,4,11.075,0.7900861415764183,22.42942652750159,1.9778982352733188,0.6634626847645559,0.0428629874441141
191,8,LMM-1,4,11.771623687202371,0.9328299061378538,24.66429676276834,2.2565508111197086,0.5429247030438362,0.05871518881369183
191,8,LMM-2,4,10.778125,0.6360507423743806,21.994263172579984,1.6078010303590293,0.5809970467698751,0.04114389228464272
192,2,LMM-1,4,12.5,0.8660254037844386,24.472097736415762,1.6124356452177553,0.8401451852587178,0.010251495442219424
192,2,LMM-2,4,10.675,0.49180788932265024,20.75156457241884,0.9653757145554392,0.894083664418907,0.011166633165393984
192,4,LMM-1,4,12.375,0.7180703308172536,24.481240513951125,1.4814802853274307,0.6986164259330239,0.01845004136939172
192,4,LMM-2,4,10.91875,0.9498971983851725,21.598310955998393,2.0130524822930296,0.7698544865695128,0.03353634936956003
192,6,LMM-1,4,12.166666666666666,0.6123724356957945,24.064019841031907,1.2293820600284655,0.5881706981111197,0.018044250175293732
192,6,LMM-2,4,10.295833333333333,0.7647961783667887,20.42326780081768,1.5870042121725432,0.6960963320961038,0.03412355756988223
192,8,LMM-1,4,11.715520198048118,0.818949389510652,23.426370926114167,1.7464991084520023,0.5291199996256795,0.031805930196871515
192,8,LMM-2,4,9.896875,0.9997021040665066,19.717269030099754,2.056634873312698,0.6407671971742293,0.053755035049280246
193,2,LMM-1,4,13.25,0.4330127018922193,26.393504518977846,0.9256104222370272,0.8247137085411125,0.0060490861052933925
193,2,LMM-2,4,11.725,0.303108891324554,22.99395449248414,0.6059805432167429,0.8663308420755144,0.005887298404729302
193,4,LMM-1,4,12.758394301888748,0.418473344526836,25.89925043533529,0.9742072431604138,0.7125339472956846,0.03824021372559566
193,4,LMM-2,4,11.3,0.33587572106361047,22.47742127908277,0.7636114356070944,0.7548434825765169,0.013582678974249493
193,6,LMM-1,4,12.49420169426553,0.28805917236424305,25.86534883539789,0.7761071687652348,0.6105407811657964,0.005544395959016181
193,6,LMM-2,4,11.191666666666666,0.29214246904930224,22.72623880353879,0.6944013046211828,0.6457805878184633,0.015464532909561702
193,8,LMM-1,4,12.05368521092902,0.3316756571658826,25.204445010533007,0.9518263545298501,0.5573491123740927,0.005968538560695009
193,8,LMM-2,4,10.6875,0.37322496567084057,21.795629207035603,0.9238697344502295,0.5752523521803423,0.023797889011330668
194,2,LMM-1,4,13.407032487650167,3.593801583659209,28.73407902140805,7.675423667299415,0.8491926693821654,0.10773164450404103
194,2,LMM-2,4,13.025,3.583556194620088,27.353317050901552,7.985267325326938,0.8178010546168585,0.05792664558734231
194,4,LMM-1,4,13.09959593166538,3.4357141738880497,28.07332234958454,7.264776151735617,0.7346376341549525,0.16905442376076632
194,4,LMM-2,4,12.6375,3.3665867358498276,26.333223432152455,7.562692201606566,0.6977568618033599,0.10114745006931339
194,6,LMM-1,4,12.747766282074952,2.792388102875876,27.200226530333683,5.928542946805684,0.6353153072952874,0.1840465855221367
194,6,LMM-2,4,11.925,2.5293142461061566,24.712663429280003,5.714199920129813,0.6100585335625319,0.0910839263469973
194,8,LMM-1,4,12.292600270365428,2.2224868838069853,26.25108313585837,4.684044925045189,0.5731470549825678,0.20063757534911694
194,8,LMM-2,4,11.496875,1.891600987754817,23.746603656749162,4.359005771885471,0.5400484184938439,0.07990671961726876
195,2,LMM-1,4,9.0,0.8660254037844386,18.605029369263157,2.0875895185925684,0.8680779289464606,0.01783987726670122
195,2,LMM-2,4,8.6125,1.1041823898251597,17.32239713216903,2.5488790144373543,0.9083531264058964,0.02961326288338048
195,4,LMM-1,4,8.8125,1.0058423087144426,18.03326440581115,2.3288468267698588,0.7649279922479554,0.03285234899675569
195,4,LMM-2,4,8.0625,0.9375,16.166578089734458,2.108399035551373,0.8515472534316232,0.041871614850065124
195,6,LMM-1,4,8.508091073260774,0.8297027773640981,17.604360835152058,1.992481155846076,0.7133566253406756,0.03567553786692064
195,6,LMM-2,4,7.9208333333333325,0.7179615240387192,15.963252206560247,1.6851015987911555,0.7876782416149596,0.05151986938415225
195,8,LMM-1,4,8.111720303709273,0.7265200045650524,17.060345123374915,1.8179788000767614,0.7110908134335212,0.036187827266761584
195,8,LMM-2,4,7.66875,0.4611890203593316,15.551329498630423,1.1720341077451586,0.7235284576727655,0.049077565911057386
196,2,LMM-1,4,11.516592076255527,2.143044968840447,24.920404983465872,5.47308254943238,0.8609792622101462,0.09698445984923004
196,2,LMM-2,4,10.3375,1.8945233569423205,21.538739077783195,4.898979400376757,0.8690810816929667,0.044761557808693175
196,4,LMM-1,4,11.007571462125291,1.9884111890817662,23.833103471689327,4.978759591228979,0.7844554560575707,0.1412441060071327
196,4,LMM-2,4,9.825,1.8504222491096456,20.37352610218248,4.681771717347878,0.7831484561224782,0.0787741984032258
196,6,LMM-1,4,10.623749763854969,2.106949018655401,22.945600441150503,5.040891648268718,0.7010143805798684,0.18490117903087916
196,6,LMM-2,4,9.741666666666667,1.805412387486274,20.23703385287631,4.4125496945017755,0.7013410095863835,0.09663935214174768
196,8,LMM-1,4,10.31652314675745,2.1252835232708076,22.277342610786768,4.902317940129746,0.6432258595247713,0.21747402185555637
196,8,LMM-2,4,9.578125,1.8181243554484936,19.91748066986313,4.350514166508704,0.6302445036936247,0.10892028021398384
197,2,LMM-1,4,13.110095963232345,1.0923613735597009,26.903953211046574,2.1332594222664807,0.8523801854641789,0.04681746869130077
197,2,LMM-2,4,12.375,1.0090218035305287,24.797319007577414,2.2813626294268343,0.8486495585667175,0.01752332098035579
197,4,LMM-1,4,12.722167827554031,1.520750152642684,26.636623611705346,3.282561544705071,0.7251889115854105,0.10258319462577316
197,4,LMM-2,4,11.3375,1.637595417067354,23.167487902056934,3.892913909424321,0.7505960089696282,0.05704356102404415
197,6,LMM-1,4,12.214431996003066,1.4894071254668273,25.517110013960735,3.067475783796572,0.6356564303648232,0.12543724012872473
197,6,LMM-2,4,10.745833333333334,1.700954593096999,21.873065862625005,3.878011895393872,0.6780030692017157,0.07814831776415698
197,8,LMM-1,4,11.773794202664039,1.532890960111668,24.66384729498688,3.2381545454362475,0.5311128922887438,0.1170935468375602
197,8,LMM-2,4,10.28125,1.4167938055694622,21.021525395905748,3.2259289953960386,0.6080121868981241,0.07268738458653703
198,2,LMM-1,4,15.25,0.4330127018922193,31.945820178627727,1.747309162866401,0.7719525087142671,0.01577271105215861
198,2,LMM-2,4,14.787500000000001,0.7955933320484782,30.637564554785186,2.341936862865629,0.7960047588329063,0.027758442881938378
198,4,LMM-1,4,14.25,0.4330127018922193,29.484395480386564,1.7469405634469592,0.6311955480391984,0.025679455797671363
198,4,LMM-2,4,12.98125,0.49097320446232046,26.360064699023937,1.6089091146894114,0.705136267718111,0.023568512820412866
198,6,LMM-1,4,13.583333333333334,0.4330127018922193,28.188475751093993,1.7466948306655385,0.5148837520437327,0.03127888614400363
198,6,LMM-2,4,12.504166666666666,0.4732240190673146,25.46975658344116,1.4928667771560067,0.6085042397075087,0.03168141292182517
198,8,LMM-1,4,13.125,0.4330127018922193,27.288414785687003,1.7465258894548563,0.42430115140052327,0.03420777851319344
198,8,LMM-2,4,11.7375,0.5469374964289799,23.86809916981918,1.6518424660939621,0.554907902621701,0.03623684631502515
199,2,LMM-1,4,9.985682501877683,0.9359556963874807,20.445986377703097,2.4648821277012254,0.9239330552331849,0.011484086564719312
199,2,LMM-2,4,9.45,0.9340770846134697,18.5607402394872,2.3067683679498607,0.8991036820371008,0.03248980707381525
199,4,LMM-1,4,9.232282409218389,0.7794976907796767,19.71016175297145,2.15480841794727,0.9168064879028,0.013331162817268701
199,4,LMM-2,4,8.89375,0.5778124154948558,17.957164144741213,1.6377288452158505,0.8159270600395196,0.029271805441150562
199,6,LMM-1,4,8.955268042812802,0.8970156240475905,19.215185921972548,2.435995608455107,0.9102814258515162,0.015702193941394448
199,6,LMM-2,4,8.595833333333333,0.3381680630823809,17.4056218485048,1.0072026035435908,0.7473474631887017,0.024478900610839932
199,8,LMM-1,4,8.34473889609043,1.0050178267983216,18.015126837386845,2.6750121790614734,0.8510420920277434,0.06196057480618282
199,8,LMM-2,4,8.01875,0.5225014952131716,16.414064175012246,1.446732148391504,0.7038800312092199,0.041189354390504265
200,2,LMM-1,4,9.832877852578862,2.528983418251226,20.758905431986783,6.163946802161551,0.8915929826284003,0.07345077976035932
200,2,LMM-2,4,9.3875,1.766131011561713,19.2769295236655,4.379026936702633,0.8805511477322371,0.027524503748763886
200,4,LMM-1,4,9.423322793226408,2.1788695537096543,20.051174243888365,5.14195496256405,0.8509782154150093,0.13522764182030525
200,4,LMM-2,4,8.9375,1.3958084574897804,18.207836852433033,3.46115850016214,0.7975916306150787,0.04481531044190847
200,6,LMM-1,4,9.406151811238454,1.8986374990616957,20.078100921430913,4.477742852384039,0.7977173218346035,0.1744659781173406
200,6,LMM-2,4,9.141666666666667,1.404580799463749,18.67589640850555,3.4617431581431934,0.7108968990847135,0.0584723394941387
200,8,LMM-1,4,9.117479339529357,1.7815166351548708,19.548044241628396,4.222208551623199,0.7582703281444633,0.15063993702726527
200,8,LMM-2,4,9.0125,1.3029114033578797,18.41244576242933,3.1883795269727604,0.6479141447982646,0.07260541520818727
