iteration,seed,num_publishers,num_users,lmm,avg_hops,avg_delay,avg_success_rate
1,100,4,2,LMM-1,12.893011431672818,30.74296228594617,0.8738292276285747
1,100,4,2,LMM-2,13.15,29.172427702403887,0.7890065606264856
1,100,4,4,LMM-1,12.92196103312585,30.59346829550442,0.767235457028503
1,100,4,4,LMM-2,13.5,29.65953185170121,0.6333708296113219
1,100,4,6,LMM-1,12.404713728608602,28.733507826628635,0.6176235656061484
1,100,4,6,LMM-2,12.533333333333333,27.39970602718545,0.5439821334626149
1,100,4,8,LMM-1,13.131643417680433,30.34385396525305,0.4565506087540627
1,100,4,8,LMM-2,12.525,27.726647638775823,0.4345926611518001
1,100,6,2,LMM-1,11.0,23.831527477051704,0.8174064310077384
1,100,6,2,LMM-2,10.45,22.00606524946237,0.858728309711266
1,100,6,4,LMM-1,10.75,23.207626217992303,0.6777593951576553
1,100,6,4,LMM-2,10.35,22.058530907810496,0.7252814962244503
1,100,6,6,LMM-1,10.379718355439275,22.69377597392876,0.6153853519686276
1,100,6,6,LMM-2,10.0,21.344765967673645,0.640635946513898
1,100,6,8,LMM-1,10.03461024096609,22.050738660052097,0.5165045272367816
1,100,6,8,LMM-2,9.1375,19.565956264071552,0.601501715775816
1,100,8,2,LMM-1,11.0,23.71592476096853,0.9134938348194362
1,100,8,2,LMM-2,10.1,20.500663080003317,0.8886673245742408
1,100,8,4,LMM-1,10.479973066952585,22.692115553358665,0.8402457681472395
1,100,8,4,LMM-2,9.6,19.74250488819758,0.7951150598214686
1,100,8,6,LMM-1,10.281086382953598,22.664341685217494,0.8308781689908731
1,100,8,6,LMM-2,9.733333333333333,20.4679197266735,0.6619531144771459
1,100,8,8,LMM-1,10.047137180019806,22.178053553662846,0.7669734879141856
1,100,8,8,LMM-2,9.15,19.347261770256175,0.604311290096976
1,100,10,2,LMM-1,10.377251635097434,21.46251942189623,0.9910275807837865
1,100,10,2,LMM-2,9.85,20.043309373426474,0.8967208308438097
1,100,10,4,LMM-1,9.732397495029836,19.921837899287603,0.9298284895952482
1,100,10,4,LMM-2,8.825,17.636962746879725,0.8464559312282042
1,100,10,6,LMM-1,9.768306425871092,20.11685316421206,0.922937062090018
1,100,10,6,LMM-2,8.466666666666667,16.723902833803983,0.7906197370405967
1,100,10,8,LMM-1,9.788942001826232,20.17982447828801,0.8614686003938725
1,100,10,8,LMM-2,8.2625,16.41945278080698,0.7255967998555525
2,101,4,2,LMM-1,21.5,43.69332921914716,0.7114818011147035
2,101,4,2,LMM-2,21.5,43.811565817855566,0.708442512103738
2,101,4,4,LMM-1,20.75,42.40955856807655,0.5123378234536926
2,101,4,4,LMM-2,19.675,40.17016851212641,0.5417215187064259
2,101,4,6,LMM-1,19.166666666666668,39.36285361471622,0.39236998748026697
2,101,4,6,LMM-2,17.85,36.55080558136806,0.44357233183961664
2,101,4,8,LMM-1,17.771339221221243,36.88553834120033,0.34322011464667357
2,101,4,8,LMM-2,16.4,33.780725893152436,0.37529675760769016
2,101,6,2,LMM-1,21.5,43.69332921914716,0.7114818011147035
2,101,6,2,LMM-2,21.5,43.811565817855566,0.708442512103738
2,101,6,4,LMM-1,20.75,42.40955856807655,0.5123378234536926
2,101,6,4,LMM-2,19.675,40.17016851212641,0.5417215187064259
2,101,6,6,LMM-1,19.166666666666668,39.36285361471622,0.39236998748026697
2,101,6,6,LMM-2,17.85,36.55080558136806,0.44357233183961664
2,101,6,8,LMM-1,17.771339221221243,36.88553834120033,0.34322011464667357
2,101,6,8,LMM-2,16.4,33.780725893152436,0.37529675760769016
2,101,8,2,LMM-1,15.5,31.269374022695125,0.7882517546211798
2,101,8,2,LMM-2,15.15,30.363642068475592,0.8116448272040943
2,101,8,4,LMM-1,14.75,29.98709625119402,0.6288094800957331
2,101,8,4,LMM-2,14.4,28.99393719737297,0.6779206667467702
2,101,8,6,LMM-1,15.5,31.656044645020653,0.47713189549526785
2,101,8,6,LMM-2,14.316666666666666,29.134483891788552,0.5533949796226361
2,101,8,8,LMM-1,14.908875202180536,30.99082217983506,0.42158894985945683
2,101,8,8,LMM-2,13.9625,28.688537310250762,0.45552191983338186
2,101,10,2,LMM-1,15.5,31.269374022695125,0.7882517546211798
2,101,10,2,LMM-2,15.15,30.363642068475592,0.8116448272040943
2,101,10,4,LMM-1,14.75,29.98709625119402,0.6288094800957331
2,101,10,4,LMM-2,14.4,28.99393719737297,0.6779206667467702
2,101,10,6,LMM-1,15.5,31.656044645020653,0.47713189549526785
2,101,10,6,LMM-2,14.316666666666666,29.134483891788552,0.5533949796226361
2,101,10,8,LMM-1,14.081268371624555,29.304406967542246,0.4770005747363088
2,101,10,8,LMM-2,13.2625,27.01795379021413,0.48730929166972353
3,102,4,2,LMM-1,15.0,32.75046275468536,0.76464631882233
3,102,4,2,LMM-2,13.85,29.682690782733136,0.8046032582949716
3,102,4,4,LMM-1,14.5,32.3754893305687,0.5824704573476126
3,102,4,4,LMM-2,13.125,28.74638947620598,0.6574937869047577
3,102,4,6,LMM-1,14.333333333333334,31.73755167018094,0.4539130355368508
3,102,4,6,LMM-2,12.216666666666665,26.282534015966757,0.58994248719804
3,102,4,8,LMM-1,14.0,30.934675515523498,0.3588497776710876
3,102,4,8,LMM-2,11.9875,25.744197933993984,0.5145255782535915
3,102,6,2,LMM-1,10.997691778136652,24.168942308003675,0.9867978544880568
3,102,6,2,LMM-2,10.9,22.115349207731064,0.8521629732120786
3,102,6,4,LMM-1,11.383283516604056,25.00308851143607,0.973969046972228
3,102,6,4,LMM-2,11.15,22.60527958707496,0.7493968865578481
3,102,6,6,LMM-1,12.214626508937675,26.738358677130623,0.8468793080869293
3,102,6,6,LMM-2,10.733333333333333,21.976764555444028,0.6758613926253325
3,102,6,8,LMM-1,12.358179006830294,26.974931466812357,0.7514951095280853
3,102,6,8,LMM-2,11.0625,22.643246683674278,0.5779858983162569
3,102,8,2,LMM-1,10.83657473522257,23.598867051389355,0.9881576866363299
3,102,8,2,LMM-2,10.5,21.274638976558382,0.8526875522405067
3,102,8,4,LMM-1,11.073027652216336,24.080040767712863,0.9765264582849282
3,102,8,4,LMM-2,10.3,20.372947640529336,0.7702325891374401
3,102,8,6,LMM-1,11.137646884446156,24.2657287990447,0.9651775519118594
3,102,8,6,LMM-2,10.433333333333334,20.68539058018841,0.6684278604102856
3,102,8,8,LMM-1,11.51124958006512,24.946669389363414,0.7788517867368154
3,102,8,8,LMM-2,10.8375,22.057035600012014,0.5524161253999221
3,102,10,2,LMM-1,9.5,20.02355314243866,0.9911692064412334
3,102,10,2,LMM-2,9.0,17.701229408312667,0.8955416596390828
3,102,10,4,LMM-1,9.826981385631633,20.677298022913398,0.9826605367655337
3,102,10,4,LMM-2,9.2,18.042384451316362,0.8070739389979751
3,102,10,6,LMM-1,10.044668743441362,21.07106025872148,0.8944712051591418
3,102,10,6,LMM-2,9.6,18.705730498574734,0.7557065838096723
3,102,10,8,LMM-1,9.583394287347783,20.267592539763665,0.888747785907355
3,102,10,8,LMM-2,9.25,18.150786379148563,0.687617120868673
4,103,4,2,LMM-1,11.414248336199588,24.356786525620368,0.9065990841663769
4,103,4,2,LMM-2,10.75,21.676439678136706,0.8534062342234474
4,103,4,4,LMM-1,11.622029733472212,25.234076254723554,0.8929309875204124
4,103,4,4,LMM-2,10.725,21.520087943218346,0.7389695596782638
4,103,4,6,LMM-1,10.943043316971387,23.54697036937502,0.7543926656816076
4,103,4,6,LMM-2,9.85,19.95432771044015,0.6720659220380105
4,103,4,8,LMM-1,10.332609028793247,22.248262888161687,0.6416329430892066
4,103,4,8,LMM-2,9.2625,19.056288842719994,0.6104932957761682
4,103,6,2,LMM-1,11.461183284183644,23.932750208692354,0.9080660052739656
4,103,6,2,LMM-2,11.25,22.375773876241546,0.8586643720747403
4,103,6,4,LMM-1,11.105937954920048,23.751016085835253,0.8972543538581365
4,103,6,4,LMM-2,11.175,22.26062170667378,0.7386649019070239
4,103,6,6,LMM-1,10.58857213917199,22.7918022831652,0.8238459933314661
4,103,6,6,LMM-2,10.033333333333333,20.203843074592342,0.6800997956003387
4,103,6,8,LMM-1,10.92292351977358,23.37181499440798,0.7388334360024561
4,103,6,8,LMM-2,10.55,21.325307519773542,0.5728021287352885
4,103,8,2,LMM-1,11.418498157012358,23.362151234896274,0.9134593170149042
4,103,8,2,LMM-2,10.7,20.847948766013136,0.8789950417101025
4,103,8,4,LMM-1,11.106002994601901,23.246982883522158,0.903246320557118
4,103,8,4,LMM-2,10.35,20.377355604061915,0.7809704945982094
4,103,8,6,LMM-1,10.546747697604347,22.23356234375781,0.8308680457647253
4,103,8,6,LMM-2,9.7,19.313247514617736,0.7062265203530009
4,103,8,8,LMM-1,10.112123448640842,21.32735437009764,0.7861829164406255
4,103,8,8,LMM-2,9.4875,18.887649433684178,0.634967646128248
4,103,10,2,LMM-1,10.572994589531145,21.119116222998123,0.9153611983070015
4,103,10,2,LMM-2,9.85,18.87272442736854,0.9096308419850505
4,103,10,4,LMM-1,10.425377906925855,21.148911574971137,0.9091825953638942
4,103,10,4,LMM-2,9.55,18.309512288545825,0.8411671257798188
4,103,10,6,LMM-1,10.122761456319305,20.77498824238412,0.9019634580026622
4,103,10,6,LMM-2,9.733333333333334,18.72257263367743,0.7625532554609296
4,103,10,8,LMM-1,9.783973905926246,20.214710923260558,0.8951372673450496
4,103,10,8,LMM-2,10.0125,19.300509014365645,0.6862412736509029
5,104,4,2,LMM-1,18.5,39.04618187572929,0.7321708867015854
5,104,4,2,LMM-2,16.2,33.78668206422101,0.7830027295641352
5,104,4,4,LMM-1,18.0,37.74519822794102,0.5491240739957799
5,104,4,4,LMM-2,16.65,34.70162436461964,0.5907176181274101
5,104,4,6,LMM-1,17.0,35.45328263601353,0.4329018025063177
5,104,4,6,LMM-2,15.283333333333335,31.481926503918864,0.513005236225783
5,104,4,8,LMM-1,15.75,32.697007289178515,0.35953655012864105
5,104,4,8,LMM-2,14.2375,29.144760797834362,0.4477815091103053
5,104,6,2,LMM-1,11.0,22.233293155053797,0.844379593182795
5,104,6,2,LMM-2,10.1,20.18008955852497,0.8841371320768501
5,104,6,4,LMM-1,10.584525840085952,22.19975842870668,0.8432915889011937
5,104,6,4,LMM-2,9.6,19.169377037641915,0.8013926956680425
5,104,6,6,LMM-1,10.421458351241231,22.217362891745005,0.8346359972267937
5,104,6,6,LMM-2,9.583333333333332,19.029483523296324,0.7350606976277023
5,104,6,8,LMM-1,11.603761668333368,24.30024962554033,0.6471319556410248
5,104,6,8,LMM-2,11.0,21.86427653480384,0.6139950953466079
5,104,8,2,LMM-1,11.0,22.233293155053797,0.844379593182795
5,104,8,2,LMM-2,10.1,20.08303256416038,0.8840813512681818
5,104,8,4,LMM-1,10.68686294103457,22.310799340353345,0.8430146493299683
5,104,8,4,LMM-2,10.125,20.11937756579303,0.7938666413487032
5,104,8,6,LMM-1,10.587017431608269,22.414603171054626,0.8350534937209255
5,104,8,6,LMM-2,9.1,18.09990891476996,0.7473075402948918
5,104,8,8,LMM-1,10.459371295018373,22.423378403010283,0.8271316163180854
5,104,8,8,LMM-2,9.5375,18.954374377186486,0.6561603183983342
5,104,10,2,LMM-1,10.0,19.500686812931868,0.8711606398059436
5,104,10,2,LMM-2,9.65,18.597353012543728,0.9187477157401641
5,104,10,4,LMM-1,9.170864070709648,18.731036553560635,0.8700466043022359
5,104,10,4,LMM-2,9.1,17.805740358896312,0.8376251160995289
5,104,10,6,LMM-1,10.105484164177508,20.928099368705357,0.8634316805362788
5,104,10,6,LMM-2,9.666666666666666,18.816700913034722,0.7575421226229142
5,104,10,8,LMM-1,9.687375769779257,20.129327577260312,0.8575973289148081
5,104,10,8,LMM-2,10.0375,19.56838441069642,0.6705373536414779
6,105,4,2,LMM-1,13.168920918297568,30.446687209422198,0.8674376805981978
6,105,4,2,LMM-2,12.5,27.27431872679288,0.8246887868914051
6,105,4,4,LMM-1,12.33435741217411,27.594392680645235,0.7079428240209256
6,105,4,4,LMM-2,11.325,24.430192696216764,0.7265081531114148
6,105,4,6,LMM-1,11.682114421526496,26.24944131006115,0.5765011721589952
6,105,4,6,LMM-2,10.8,23.678609030503885,0.6193873653812824
6,105,4,8,LMM-1,11.386465014480303,25.46375996097664,0.4756964892187371
6,105,4,8,LMM-2,10.5625,23.170053930276612,0.5392824172756014
6,105,6,2,LMM-1,11.0,24.814454432110203,0.8997972973740518
6,105,6,2,LMM-2,10.15,21.713156468564502,0.8682886310619138
6,105,6,4,LMM-1,10.95766399909371,24.175359501754947,0.8267006546264648
6,105,6,4,LMM-2,9.825,20.634732003251283,0.765074121435018
6,105,6,6,LMM-1,10.138569985183072,22.5493301028511,0.7612627756354705
6,105,6,6,LMM-2,9.216666666666667,19.52141914884367,0.6820375756391631
6,105,6,8,LMM-1,10.282925198958615,22.81976491270195,0.7040086593447044
6,105,6,8,LMM-2,9.225,19.34486226517772,0.6061519532736808
6,105,8,2,LMM-1,10.22941370575491,21.679397201933295,0.990454854145417
6,105,8,2,LMM-2,9.5,18.990493747756705,0.9025093400277022
6,105,8,4,LMM-1,9.481193357333906,20.13319255230628,0.9838513367917143
6,105,8,4,LMM-2,8.45,16.653536349875637,0.852818648349826
6,105,8,6,LMM-1,9.11796143341243,19.380865364663627,0.9072983862866637
6,105,8,6,LMM-2,8.2,16.639060041227207,0.775498836424614
6,105,8,8,LMM-1,9.283550429181265,19.737638682250438,0.8542723958671534
6,105,8,8,LMM-2,8.125,16.391141752591004,0.7283614880993897
6,105,10,2,LMM-1,8.793071292166594,17.843889211424997,0.9937873786734972
6,105,10,2,LMM-2,8.65,16.81610585585424,0.8966689902138872
6,105,10,4,LMM-1,9.326691199619237,19.318501153072482,0.9855026209909277
6,105,10,4,LMM-2,9.425,18.36811821191493,0.8083467685747424
6,105,10,6,LMM-1,9.627211897991442,20.15101304998585,0.9773824807808866
6,105,10,6,LMM-2,9.5,18.624981682915898,0.7296785461708506
6,105,10,8,LMM-1,9.75790507435189,20.514559974396366,0.9689894548309039
6,105,10,8,LMM-2,9.3125,18.24979903593667,0.6690934183737454
7,106,4,2,LMM-1,12.0,24.666067411146468,0.8249616303351651
7,106,4,2,LMM-2,11.5,23.261636404611952,0.8637979953403155
7,106,4,4,LMM-1,11.5,23.800339316532398,0.6848635786783966
7,106,4,4,LMM-2,11.0,22.4040045404833,0.7517860629311209
7,106,4,6,LMM-1,11.666666666666666,24.40993836834142,0.5565604742561249
7,106,4,6,LMM-2,11.116666666666667,22.996244390910743,0.6428964006679305
7,106,4,8,LMM-1,11.449029189275373,24.193454492659335,0.4973885275340898
7,106,4,8,LMM-2,11.2875,23.462968775393918,0.5482269284888703
7,106,6,2,LMM-1,12.0,24.020631295619914,0.8348115016948336
7,106,6,2,LMM-2,11.3,22.466632071236795,0.8645931879517136
7,106,6,4,LMM-1,11.5,23.1549394645358,0.7013152639089325
7,106,6,4,LMM-2,10.4,20.66203158407845,0.782231684224081
7,106,6,6,LMM-1,11.166666666666666,22.894310815218955,0.585080671397912
7,106,6,6,LMM-2,10.1,20.477881654182575,0.6935474303253744
7,106,6,8,LMM-1,10.632866751320226,22.03881363696415,0.5387805710479013
7,106,6,8,LMM-2,9.75,19.882848827665505,0.6302853049718926
7,106,8,2,LMM-1,12.0,23.50337349242219,0.8442166607664182
7,106,8,2,LMM-2,10.95,21.346471516156836,0.8638012750838534
7,106,8,4,LMM-1,11.5,22.637766697508916,0.7172045660864166
7,106,8,4,LMM-2,9.025,17.381737397518517,0.8300760511847534
7,106,8,6,LMM-1,10.517319295620288,20.939398796868176,0.6669384427746727
7,106,8,6,LMM-2,8.55,16.690503261183725,0.7627776045576916
7,106,8,8,LMM-1,10.012979902231198,20.059124366298484,0.5828139830531807
7,106,8,8,LMM-2,8.325,16.42488328231689,0.7105397053616074
7,106,10,2,LMM-1,11.0,20.979567045688775,0.8636954061110027
7,106,10,2,LMM-2,8.75,16.422250924725155,0.9170744065207046
7,106,10,4,LMM-1,10.5,20.1141749643196,0.7506758481504926
7,106,10,4,LMM-2,8.025,15.141699378175563,0.8723210462102184
7,106,10,6,LMM-1,9.666666666666666,18.78911031667382,0.7061183177933601
7,106,10,6,LMM-2,7.816666666666667,15.035817405125158,0.7995860607112195
7,106,10,8,LMM-1,8.766494998045186,17.369760011729518,0.708620307982382
7,106,10,8,LMM-2,7.325,14.236746844063768,0.7579173685294484
8,107,4,2,LMM-1,12.0,24.346469615664546,0.8311368283858572
8,107,4,2,LMM-2,10.55,21.033090226972853,0.8891524394659956
8,107,4,4,LMM-1,11.231756558652858,23.344869373177904,0.7619114736777455
8,107,4,4,LMM-2,10.275,20.872562879195232,0.7856750149153231
8,107,4,6,LMM-1,10.722846386961695,22.571841538194626,0.6957843654751489
8,107,4,6,LMM-2,10.083333333333332,20.666539477467502,0.6777674553749051
8,107,4,8,LMM-1,10.356510068611643,21.95650794788717,0.6390807850156955
8,107,4,8,LMM-2,9.4125,19.33042941181744,0.6301826707788717
8,107,6,2,LMM-1,12.0,24.346469615664546,0.8311368283858572
8,107,6,2,LMM-2,10.55,21.033090226972853,0.8891524394659956
8,107,6,4,LMM-1,11.231756558652858,23.344869373177904,0.7619114736777455
8,107,6,4,LMM-2,9.925,20.056092735325315,0.8013534157616062
8,107,6,6,LMM-1,10.72284745468373,22.571889372206158,0.6958418160495217
8,107,6,6,LMM-2,9.766666666666666,19.9163476488752,0.6973626345981687
8,107,6,8,LMM-1,10.451680571658363,22.1432402462619,0.6386094084637615
8,107,6,8,LMM-2,9.1,18.534885326124837,0.6557474826855115
8,107,8,2,LMM-1,10.0,20.22593121315731,0.8575225900095893
8,107,8,2,LMM-2,10.35,20.537386328597496,0.8785077346612278
8,107,8,4,LMM-1,9.481736490300374,19.645401287975456,0.8025156930730917
8,107,8,4,LMM-2,9.95,20.01776162445289,0.7779518824906096
8,107,8,6,LMM-1,9.616378858002669,20.151586590973466,0.7377630130407274
8,107,8,6,LMM-2,9.066666666666666,18.315055499863846,0.7202267721513167
8,107,8,8,LMM-1,9.203794793428408,19.43469736708652,0.6884669831670926
8,107,8,8,LMM-2,8.5875,17.434871663003786,0.665920372216428
8,107,10,2,LMM-1,9.0,18.28979152873328,0.8765115001159242
8,107,10,2,LMM-2,9.2,17.923038621102286,0.91734884252144
8,107,10,4,LMM-1,8.73561534758765,17.798975529219497,0.8283760683232929
8,107,10,4,LMM-2,8.4,16.53009476570083,0.8408980096946287
8,107,10,6,LMM-1,8.332246698463013,17.145305205484558,0.7781273429031719
8,107,10,6,LMM-2,7.633333333333333,15.209931683281564,0.7926620776218632
8,107,10,8,LMM-1,7.7603916951070655,16.10602776135107,0.7407608021836098
8,107,10,8,LMM-2,7.075,14.20885027220277,0.7640961991824478
9,108,4,2,LMM-1,13.5,27.356951495709968,0.8184998179513073
9,108,4,2,LMM-2,12.5,24.842061433815104,0.861037091757399
9,108,4,4,LMM-1,12.540706879977263,26.203300399488217,0.7374363547701085
9,108,4,4,LMM-2,11.725,23.472459942679215,0.7492567038306086
9,108,4,6,LMM-1,11.791420523913965,25.06309635222751,0.6123111952961774
9,108,4,6,LMM-2,10.65,21.825944864147523,0.6766036314138235
9,108,4,8,LMM-1,11.22826798882562,24.135011336726755,0.5577892719262194
9,108,4,8,LMM-2,10.325,21.155827922596245,0.6152069828817014
9,108,6,2,LMM-1,12.0,23.883843726653424,0.841151518065703
9,108,6,2,LMM-2,10.8,21.06439153259593,0.8948182964684467
9,108,6,4,LMM-1,11.690073596759017,23.76204768825458,0.7703885233319907
9,108,6,4,LMM-2,10.4,20.623926955876033,0.7976553048952711
9,108,6,6,LMM-1,11.626654301041857,23.935534656998787,0.6343904533607401
9,108,6,6,LMM-2,10.783333333333333,21.745727916573877,0.6807770374735197
9,108,6,8,LMM-1,11.457799370695776,23.90604426546358,0.5633802069404426
9,108,6,8,LMM-2,10.6625,21.777914495277837,0.5844552949609813
9,108,8,2,LMM-1,12.0,23.52822559653096,0.8475886017984152
9,108,8,2,LMM-2,11.7,22.949331757955363,0.8649990739327322
9,108,8,4,LMM-1,11.464498465270227,22.904293066546238,0.7777607917780547
9,108,8,4,LMM-2,11.0,21.484808992340326,0.7678749115621446
9,108,8,6,LMM-1,11.476635719570144,23.321888051010163,0.6412482731285369
9,108,8,6,LMM-2,10.75,21.347746660630115,0.678316495256961
9,108,8,8,LMM-1,11.33567172628425,23.277047487562946,0.5709028237641274
9,108,8,8,LMM-2,10.85,21.96813452341194,0.568945032383478
9,108,10,2,LMM-1,11.0,20.560736608560624,0.8686285052317908
9,108,10,2,LMM-2,9.1,16.714856248228827,0.9112908479023007
9,108,10,4,LMM-1,10.264548151059183,19.60946562395886,0.8142949624062789
9,108,10,4,LMM-2,8.225,15.269750701626108,0.8782518069465015
9,108,10,6,LMM-1,9.342990914720136,18.113030771922787,0.7705232463774079
9,108,10,6,LMM-2,7.6,14.162300483111334,0.8250652676025967
9,108,10,8,LMM-1,9.107411576898922,18.14954854816002,0.7686541901416465
9,108,10,8,LMM-2,7.8125,14.800409120588338,0.7534464125140432
10,109,4,2,LMM-1,15.0,31.31984015213511,0.7760356301566368
10,109,4,2,LMM-2,13.2,27.537827335292455,0.8216378290378303
10,109,4,4,LMM-1,14.0,29.41135383312878,0.619400200673804
10,109,4,4,LMM-2,12.8,26.66335940937544,0.6966746062850021
10,109,4,6,LMM-1,13.666666666666666,28.80968788208085,0.49314189277785037
10,109,4,6,LMM-2,12.633333333333333,26.464849672224368,0.5768813844892697
10,109,4,8,LMM-1,13.625,28.824632119297508,0.38786658375717686
10,109,4,8,LMM-2,12.275,25.857764157749,0.49290543536647685
10,109,6,2,LMM-1,13.5,27.637975999218202,0.806765442169582
10,109,6,2,LMM-2,13.0,26.56514490550443,0.8232172900087896
10,109,6,4,LMM-1,12.706785337498529,26.451181682966865,0.7315523621405
10,109,6,4,LMM-2,11.475,23.603067002434003,0.7304403194768102
10,109,6,6,LMM-1,12.471597127539663,25.96627515499261,0.5957259094918198
10,109,6,6,LMM-2,11.333333333333332,23.314174466117912,0.6365508370309759
10,109,6,8,LMM-1,12.353760286279725,25.800448806957256,0.4851201665094921
10,109,6,8,LMM-2,11.4125,23.643691111710616,0.5377046136760191
10,109,8,2,LMM-1,13.0,26.588699444227508,0.8160720222600771
10,109,8,2,LMM-2,12.55,25.552898905583483,0.8383864764175485
10,109,8,4,LMM-1,12.331514577577677,25.650574581117304,0.7424377592192688
10,109,8,4,LMM-2,11.625,23.749342042792627,0.7273140154443594
10,109,8,6,LMM-1,12.304677848207243,25.518558074097605,0.6067535396156262
10,109,8,6,LMM-2,11.45,23.34427628200519,0.6344004102408772
10,109,8,8,LMM-1,12.228618219073706,25.465227716154025,0.49396001290928504
10,109,8,8,LMM-2,11.4,23.40874802774413,0.5427128279023705
10,109,10,2,LMM-1,13.0,26.46424498991583,0.8139823002212943
10,109,10,2,LMM-2,12.65,25.636462371652964,0.8376184949844326
10,109,10,4,LMM-1,12.184646948849025,25.220665983578108,0.745317315570734
10,109,10,4,LMM-2,11.725,23.6431200362771,0.7186342197728174
10,109,10,6,LMM-1,11.957013389364723,24.66901380964205,0.6155577762925011
10,109,10,6,LMM-2,11.35,22.930217559451883,0.640370540671728
10,109,10,8,LMM-1,11.967846734461189,24.80188532679706,0.5023301895656804
10,109,10,8,LMM-2,11.3,23.02349111862093,0.5496254090474999
11,110,4,2,LMM-1,12.0,25.700696303100216,0.9008023996122503
11,110,4,2,LMM-2,10.8,21.655656910035088,0.873870989682362
11,110,4,4,LMM-1,12.479716598106931,26.522686206237996,0.7994146518264988
11,110,4,4,LMM-2,11.35,22.947172614432056,0.7527561325889354
11,110,4,6,LMM-1,11.764975067907494,25.279110028680172,0.7277640680344147
11,110,4,6,LMM-2,10.566666666666666,21.510879408160218,0.6855150696612122
11,110,4,8,LMM-1,11.54201477475022,24.84258214631362,0.6535138055813059
11,110,4,8,LMM-2,10.5375,21.650608042058256,0.595655363233633
11,110,6,2,LMM-1,11.0,23.355423092585934,0.9114543971094731
11,110,6,2,LMM-2,10.0,19.62691844093127,0.8945550548802357
11,110,6,4,LMM-1,10.5,22.045776182959166,0.7727737959507138
11,110,6,4,LMM-2,9.35,18.512225416372335,0.8113474074223657
11,110,6,6,LMM-1,10.461349469661519,22.406472022538004,0.768176496372071
11,110,6,6,LMM-2,9.483333333333334,19.234272062821653,0.7075371420685258
11,110,6,8,LMM-1,9.919633848459892,21.5692621240237,0.7608810044543638
11,110,6,8,LMM-2,9.3875,18.965026466128755,0.6429503306632443
11,110,8,2,LMM-1,9.616370254609365,19.19408740853645,0.9244240530128215
11,110,8,2,LMM-2,9.25,17.808086047880842,0.901772164812696
11,110,8,4,LMM-1,8.830156181175445,17.784514894334052,0.8661005242396728
11,110,8,4,LMM-2,8.2,16.00700325470901,0.8452065408208658
11,110,8,6,LMM-1,8.734796153943535,17.61329551318317,0.7996231672255508
11,110,8,6,LMM-2,8.233333333333333,16.30086006663919,0.7767406657750529
11,110,8,8,LMM-1,8.848645534546952,17.930803628841193,0.7444211626397624
11,110,8,8,LMM-2,8.35,16.512691024181503,0.6903213714650367
11,110,10,2,LMM-1,9.0,18.190714694874217,0.9352190541392593
11,110,10,2,LMM-2,8.9,17.089768495128617,0.9116564658932811
11,110,10,4,LMM-1,8.25,16.681970244590303,0.8874981704715209
11,110,10,4,LMM-2,8.8,17.0178167125021,0.8336836878962153
11,110,10,6,LMM-1,8.341414854672749,16.888103104271245,0.8202769335856053
11,110,10,6,LMM-2,8.666666666666668,16.89525423160018,0.7602723052275412
11,110,10,8,LMM-1,8.26713846767817,16.740687972569503,0.7653880375873561
11,110,10,8,LMM-2,7.9875,15.73957457360143,0.7184250940087606
12,111,4,2,LMM-1,12.5,25.45695078540287,0.8263755843349487
12,111,4,2,LMM-2,11.8,23.848314706027374,0.8634815249054408
12,111,4,4,LMM-1,11.996622560125857,25.47709583066686,0.8174127690559733
12,111,4,4,LMM-2,11.675,23.678912075016733,0.7456329753133785
12,111,4,6,LMM-1,11.565997177359842,24.723542928101647,0.7400494476638343
12,111,4,6,LMM-2,11.283333333333333,23.10041350485391,0.6540678954446404
12,111,4,8,LMM-1,10.921986907584989,23.355518943981263,0.6286249602572976
12,111,4,8,LMM-2,10.6375,22.011362567833324,0.5907294631595323
12,111,6,2,LMM-1,11.158970020657105,23.682624842508574,0.912651724257892
12,111,6,2,LMM-2,10.45,21.047863448554967,0.8779476608952953
12,111,6,4,LMM-1,10.786307009592859,22.6458266207655,0.7685405829152676
12,111,6,4,LMM-2,9.95,20.198755522379514,0.7883011949051525
12,111,6,6,LMM-1,10.534664899366936,22.490211167188,0.7623842294783856
12,111,6,6,LMM-2,9.883333333333333,20.16337213053675,0.7023307823635183
12,111,6,8,LMM-1,10.321920117885343,22.132445933136452,0.6964325556852657
12,111,6,8,LMM-2,10.1375,20.82153200446493,0.6115135440471153
12,111,8,2,LMM-1,10.622800864735323,21.866229708861816,0.9258313906781233
12,111,8,2,LMM-2,10.05,19.429730715594477,0.886593493884407
12,111,8,4,LMM-1,10.358914750443686,21.44183261804497,0.8615350104114551
12,111,8,4,LMM-2,9.3,18.224671236037658,0.804963313263977
12,111,8,6,LMM-1,9.582900549930766,20.00969048099496,0.8060787509412567
12,111,8,6,LMM-2,8.316666666666666,16.448940885350062,0.7552530436447257
12,111,8,8,LMM-1,9.01257669692915,18.95888668810182,0.8018203526784529
12,111,8,8,LMM-2,8.4,16.772171037235147,0.6766162227886723
12,111,10,2,LMM-1,10.0,20.904980618203343,0.9305044490096848
12,111,10,2,LMM-2,9.8,19.499746323443357,0.8739889845829542
12,111,10,4,LMM-1,9.485316073202256,19.435946696945464,0.8712326070492724
12,111,10,4,LMM-2,8.75,17.360046492193597,0.8116222680902648
12,111,10,6,LMM-1,8.930466715076246,18.41333883381959,0.814691256544339
12,111,10,6,LMM-2,7.9833333333333325,15.857627390875473,0.76893159245415
12,111,10,8,LMM-1,8.785927954029168,18.34777290678151,0.809719563222048
12,111,10,8,LMM-2,7.825,15.682579261117032,0.7146974354775035
13,112,4,2,LMM-1,13.32886769567779,31.185510649963685,0.9763180087923308
13,112,4,2,LMM-2,13.1,27.70677818423825,0.8037545721582383
13,112,4,4,LMM-1,12.903735807962963,29.930265326961955,0.8626861958562397
13,112,4,4,LMM-2,12.975,27.735261891029417,0.6400536799746726
13,112,4,6,LMM-1,12.081090933258455,27.421653915045862,0.7031473745271141
13,112,4,6,LMM-2,11.933333333333334,25.639984984926702,0.5455044760464662
13,112,4,8,LMM-1,11.644983562995776,26.3039636960576,0.57291035200924
13,112,4,8,LMM-2,10.675,22.886543308827402,0.526925389473139
13,112,6,2,LMM-1,12.5,28.408066383305034,0.9807375325538008
13,112,6,2,LMM-2,12.05,25.399985928009738,0.8243456240584294
13,112,6,4,LMM-1,11.937132090549328,26.8448756368727,0.8913392875287928
13,112,6,4,LMM-2,11.675,24.259700794254893,0.712938876466191
13,112,6,6,LMM-1,12.316133163025022,27.79793079917954,0.8751961419554233
13,112,6,6,LMM-2,11.75,24.64397343755853,0.5791381504841315
13,112,6,8,LMM-1,11.72669939296389,26.187391500738254,0.7340731820926847
13,112,6,8,LMM-2,11.025,23.10490874932234,0.5113645776009823
13,112,8,2,LMM-1,11.405111914745785,25.4170203115962,0.9847909200655718
13,112,8,2,LMM-2,10.9,22.418581026602233,0.8592584912563572
13,112,8,4,LMM-1,10.924100912137831,24.035577958953564,0.8976589591511231
13,112,8,4,LMM-2,10.9,22.43563487733888,0.7428039703132304
13,112,8,6,LMM-1,11.383656924390621,25.211845742152136,0.8861500904859467
13,112,8,6,LMM-2,10.816666666666666,22.198157920126192,0.6407406687201814
13,112,8,8,LMM-1,11.238150566978693,24.9140180101552,0.8047378855725125
13,112,8,8,LMM-2,10.6875,22.065136567004988,0.5524440636528759
13,112,10,2,LMM-1,10.5,22.792765862038234,0.9878932810114971
13,112,10,2,LMM-2,10.05,21.09592028803909,0.8633803175726715
13,112,10,4,LMM-1,9.917324120318808,21.163700790697916,0.9218176194858451
13,112,10,4,LMM-2,9.6,19.445328203372966,0.7793551305190312
13,112,10,6,LMM-1,10.081929469384217,21.487669301131476,0.9132943195560438
13,112,10,6,LMM-2,10.0,19.988952699507674,0.6961433524957841
13,112,10,8,LMM-1,10.293803346067325,22.086178992357702,0.904670258769101
13,112,10,8,LMM-2,10.15,20.27309368684725,0.632942100992729
14,113,4,2,LMM-1,12.0,25.29596314796971,0.8156974533922933
14,113,4,2,LMM-2,11.6,23.95388945093844,0.847513066185886
14,113,4,4,LMM-1,11.25,24.31588442138692,0.7440231842760543
14,113,4,4,LMM-2,10.75,22.54483418104018,0.7361860083749006
14,113,4,6,LMM-1,11.5,25.387352036870276,0.5833204261487476
14,113,4,6,LMM-2,10.983333333333334,23.810508830479204,0.6014372660746085
14,113,4,8,LMM-1,11.176528944307517,24.992407925932188,0.5173945093956945
14,113,4,8,LMM-2,10.7125,23.401849183565524,0.5051386078904786
14,113,6,2,LMM-1,10.5,21.55063998864159,0.8409514454278251
14,113,6,2,LMM-2,9.75,19.64160385030443,0.8780568768630419
14,113,6,4,LMM-1,12.25,25.779750415918265,0.6519783790765864
14,113,6,4,LMM-2,11.625,24.05639265582311,0.7117756447689476
14,113,6,6,LMM-1,11.833333333333334,24.994052212120682,0.5342412570246282
14,113,6,6,LMM-2,11.316666666666666,23.50008046366741,0.6120905527420545
14,113,6,8,LMM-1,10.892217986952767,23.261408124144875,0.4965321481623201
14,113,6,8,LMM-2,10.7125,22.26000461641354,0.5402120156421375
14,113,8,2,LMM-1,10.0,20.613620398358375,0.8482856554841047
14,113,8,2,LMM-2,8.85,17.382184499923973,0.9187313056340983
14,113,8,4,LMM-1,9.75,20.382742405333666,0.7805978923109089
14,113,8,4,LMM-2,9.7,19.522794968722803,0.7819534496454653
14,113,8,6,LMM-1,9.269631400137811,19.805778159263568,0.778823957071077
14,113,8,6,LMM-2,8.516666666666667,17.307632011568653,0.7519557577074033
14,113,8,8,LMM-1,9.013683486081208,19.54295875718626,0.7724238355068398
14,113,8,8,LMM-2,8.6125,17.532150921756262,0.6873484491753552
14,113,10,2,LMM-1,10.0,20.215760417437593,0.8568221743663946
14,113,10,2,LMM-2,8.6,16.665433420908755,0.9213039525961622
14,113,10,4,LMM-1,9.0,18.54721564179919,0.7482312679970511
14,113,10,4,LMM-2,8.55,17.040672982515765,0.8356755957400595
14,113,10,6,LMM-1,8.633681217029759,17.978433519527744,0.7509236976266632
14,113,10,6,LMM-2,8.066666666666666,16.207886439860612,0.7642436056686741
14,113,10,8,LMM-1,8.375050853346046,17.668788297274382,0.749688173436099
14,113,10,8,LMM-2,7.7375,15.54869383275388,0.726055815254807
15,114,4,2,LMM-1,17.5,39.542105234214844,0.7097757224014388
15,114,4,2,LMM-2,15.15,33.977807644261695,0.7629692144304111
15,114,4,4,LMM-1,16.5,36.90155280012759,0.5318615622645397
15,114,4,4,LMM-2,14.525,32.20674806463003,0.6118422465765573
15,114,4,6,LMM-1,15.5,34.5503922747496,0.4131645262060829
15,114,4,6,LMM-2,13.75,30.32444778155436,0.5103148021397124
15,114,4,8,LMM-1,14.75,32.74673524754895,0.3299317607270202
15,114,4,8,LMM-2,12.9375,28.275480865716094,0.45900668826243196
15,114,6,2,LMM-1,10.46055125368235,22.95773887523198,0.914301684816562
15,114,6,2,LMM-2,10.25,21.25413441283693,0.8752065943454916
15,114,6,4,LMM-1,10.187510972249555,22.88794579144647,0.9034401623333006
15,114,6,4,LMM-2,10.075,21.039810808412167,0.7750062925116963
15,114,6,6,LMM-1,10.720845125622617,23.98314108768242,0.7911124819857968
15,114,6,6,LMM-2,9.933333333333334,20.81075962570439,0.6831713599838816
15,114,6,8,LMM-1,10.702480338662031,24.175588899458212,0.7819755995409303
15,114,6,8,LMM-2,10.0875,21.11751508860942,0.6079076412960627
15,114,8,2,LMM-1,9.5,19.566328900178224,0.9279727554746513
15,114,8,2,LMM-2,9.1,18.1990960817516,0.9107340273797184
15,114,8,4,LMM-1,9.80085335963528,20.970415283325906,0.9200405116688751
15,114,8,4,LMM-2,9.0,18.029141596628186,0.8462553197891587
15,114,8,6,LMM-1,9.948641168653534,21.56819815341199,0.9119154960168523
15,114,8,6,LMM-2,9.116666666666667,18.379418228996567,0.7675178275594187
15,114,8,8,LMM-1,9.781638547356575,21.39973965388117,0.903891117033851
15,114,8,8,LMM-2,9.0125,18.242654112466493,0.6932066520334399
15,114,10,2,LMM-1,8.0,16.520156986669292,0.9463844434096845
15,114,10,2,LMM-2,7.2,14.373377070950184,0.9448424365319024
15,114,10,4,LMM-1,8.428280349239524,17.536570630778947,0.9420762095451669
15,114,10,4,LMM-2,7.625,14.961782053928872,0.8747573606122909
15,114,10,6,LMM-1,8.354901626873467,17.659125027541183,0.9363379625628949
15,114,10,6,LMM-2,7.616666666666667,15.067165955151873,0.814508435065019
15,114,10,8,LMM-1,8.591199511189302,18.19804602132662,0.9302014334344534
15,114,10,8,LMM-2,7.8625,15.61219004566301,0.7521961959698162
16,115,4,2,LMM-1,15.0,33.68514702196067,0.741885170821295
16,115,4,2,LMM-2,11.5,25.627337993724417,0.8093406201670756
16,115,4,4,LMM-1,14.5,32.13374927707758,0.5744369150337174
16,115,4,4,LMM-2,9.5,20.639351430188675,0.7527998729883135
16,115,4,6,LMM-1,13.833333333333334,30.355395079184877,0.4615859257806658
16,115,4,6,LMM-2,10.816666666666666,23.390638747348582,0.6091205069177408
16,115,4,8,LMM-1,13.625,29.94396100650389,0.36134934883374714
16,115,4,8,LMM-2,10.0875,21.813650187889785,0.5479369494744987
16,115,6,2,LMM-1,13.0,28.812291428456803,0.7767671378332939
16,115,6,2,LMM-2,12.25,26.94290715466259,0.8134098601591306
16,115,6,4,LMM-1,12.5,27.261304415359767,0.6297109138642951
16,115,6,4,LMM-2,11.425,24.804318762937278,0.7050171073298843
16,115,6,6,LMM-1,11.833333333333334,25.48349785984847,0.5297645104819033
16,115,6,6,LMM-2,10.233333333333334,21.827372629906883,0.6424339251794112
16,115,6,8,LMM-1,11.625,25.07223492541167,0.43420247233495124
16,115,6,8,LMM-2,10.2375,21.893200037102325,0.5540796851187102
16,115,8,2,LMM-1,10.5,21.653513139803177,0.8468858138101008
16,115,8,2,LMM-2,9.7,19.754440954601687,0.8871966185118426
16,115,8,4,LMM-1,10.0,20.881312328595044,0.721130062589409
16,115,8,4,LMM-2,9.075,18.67595579378545,0.799907726095584
16,115,8,6,LMM-1,9.32309647621839,19.70347440540649,0.6774241967394891
16,115,8,6,LMM-2,8.7,17.96388571142715,0.7307145691823778
16,115,8,8,LMM-1,9.180939606223594,19.46883587518843,0.6107301134056122
16,115,8,8,LMM-2,8.65,17.906257554489226,0.6655709106425878
16,115,10,2,LMM-1,10.0,19.377487914220126,0.871851394186575
16,115,10,2,LMM-2,8.55,16.629766399537992,0.9163343683676091
16,115,10,4,LMM-1,9.5,18.583169376515706,0.7651085451137514
16,115,10,4,LMM-2,8.0,15.778260212506629,0.852375506122882
16,115,10,6,LMM-1,9.0,17.95796330536104,0.7175126067728672
16,115,10,6,LMM-2,7.883333333333335,15.456611658390306,0.7976653886796132
16,115,10,8,LMM-1,8.243834377785122,16.393667474182003,0.6959256583930045
16,115,10,8,LMM-2,7.225,14.171722235732783,0.7633415426150526
17,116,4,2,LMM-1,15.5,33.14202512661351,0.7663147131891185
17,116,4,2,LMM-2,13.45,27.93568826902554,0.8362098926752306
17,116,4,4,LMM-1,14.75,31.53221190564712,0.6015141493108954
17,116,4,4,LMM-2,12.175,25.098990505435744,0.7442007192812021
17,116,4,6,LMM-1,14.166666666666666,30.46783069146686,0.5409356054729243
17,116,4,6,LMM-2,12.233333333333334,25.062305272084963,0.6352211439985058
17,116,4,8,LMM-1,14.0,30.035043232893223,0.42947428728339954
17,116,4,8,LMM-2,12.1,24.865998745835636,0.5445642348808533
17,116,6,2,LMM-1,13.5,28.004392608061078,0.8066311506917249
17,116,6,2,LMM-2,11.1,21.99161255619229,0.8908084746391965
17,116,6,4,LMM-1,12.78780472629231,26.809213586100167,0.7257189918807826
17,116,6,4,LMM-2,11.175,22.410159493953664,0.7794207391556058
17,116,6,6,LMM-1,12.226853772111426,25.868722144316234,0.6519298249138659
17,116,6,6,LMM-2,11.033333333333333,22.342848647590227,0.6702391988221115
17,116,6,8,LMM-1,11.407151125966063,24.56270040173768,0.6496382524617121
17,116,6,8,LMM-2,10.45,21.27464315548839,0.612983022948548
17,116,8,2,LMM-1,10.5,20.456125833520495,0.8633070533613315
17,116,8,2,LMM-2,9.6,18.64413168492505,0.9176524515464888
17,116,8,4,LMM-1,10.25,20.547742203279803,0.8030355229788512
17,116,8,4,LMM-2,9.525,18.43999117911592,0.8433875687639152
17,116,8,6,LMM-1,9.844097691141645,20.02646930441187,0.7463196385425687
17,116,8,6,LMM-2,8.933333333333334,17.442868633696055,0.7943854490241803
17,116,8,8,LMM-1,9.169536496053947,19.051662861056585,0.7449272300286973
17,116,8,8,LMM-2,8.5,16.60315948842935,0.752009760756138
17,116,10,2,LMM-1,10.5,20.456125833520495,0.8633070533613315
17,116,10,2,LMM-2,9.4,18.075662674639837,0.9181156504462678
17,116,10,4,LMM-1,10.014315014457363,19.751157013046548,0.8045626105102033
17,116,10,4,LMM-2,8.95,17.44985585650756,0.8519320072543529
17,116,10,6,LMM-1,9.52641259074718,18.97306349505983,0.7484368911322712
17,116,10,6,LMM-2,8.733333333333333,17.00689931496627,0.7878175699663865
17,116,10,8,LMM-1,8.525493707080162,17.177863353903618,0.7504902982812989
17,116,10,8,LMM-2,7.7625,15.115816668436944,0.76849366113902
18,117,4,2,LMM-1,18.0,38.88584294361421,0.7309222881973184
18,117,4,2,LMM-2,16.5,35.31944482554866,0.7687120389673601
18,117,4,4,LMM-1,16.571748370487747,36.58218167608139,0.6220388964359881
18,117,4,4,LMM-2,15.15,32.46050926475387,0.6211658694202071
18,117,4,6,LMM-1,16.096855753582247,35.728761501194555,0.5336466515005907
18,117,4,6,LMM-2,14.733333333333334,31.559251998020223,0.4967000186293709
18,117,4,8,LMM-1,15.946614970478361,35.23570631312413,0.40301753431412246
18,117,4,8,LMM-2,13.825,29.583119586559974,0.4349710644590964
18,117,6,2,LMM-1,16.0,34.298724623497975,0.7607420455678127
18,117,6,2,LMM-2,14.35,30.347743369609304,0.804763798420604
18,117,6,4,LMM-1,15.5,33.3011761689468,0.5855294587119562
18,117,6,4,LMM-2,14.05,29.969197119326964,0.6423416455006197
18,117,6,6,LMM-1,15.151372298559764,32.99189228523075,0.5047289094756084
18,117,6,6,LMM-2,14.15,30.308144991536544,0.5043496186199875
18,117,6,8,LMM-1,14.476782296644823,31.71288875164379,0.4533548967139683
18,117,6,8,LMM-2,13.0,27.703623320935918,0.45270315307896736
18,117,8,2,LMM-1,16.0,34.298724623497975,0.7607420455678127
18,117,8,2,LMM-2,14.35,30.347743369609304,0.804763798420604
18,117,8,4,LMM-1,15.0192176505649,32.61340956365121,0.6510449527913253
18,117,8,4,LMM-2,13.4,28.432130203728185,0.669465745397557
18,117,8,6,LMM-1,14.053695954035893,30.547033832182912,0.5827887249430124
18,117,8,6,LMM-2,12.766666666666667,26.931241525714444,0.5657030925767461
18,117,8,8,LMM-1,13.894173573251958,30.156220207162324,0.4580826708627696
18,117,8,8,LMM-2,12.4,26.246240672094036,0.48273246802730585
18,117,10,2,LMM-1,14.5,30.682018614278526,0.7879439292506801
18,117,10,2,LMM-2,13.3,27.815455439085827,0.831128691142762
18,117,10,4,LMM-1,12.25,25.793671423429345,0.6713543575012609
18,117,10,4,LMM-2,10.85,22.380701001048678,0.7686736817828009
18,117,10,6,LMM-1,11.307465734487753,23.99437763136317,0.6203976451548471
18,117,10,6,LMM-2,10.083333333333332,20.781284759950367,0.6966157060708321
18,117,10,8,LMM-1,10.792869365653122,22.965495517421168,0.5757760149163607
18,117,10,8,LMM-2,9.6875,19.908199136491934,0.6350199181485456
19,118,4,2,LMM-1,22.5,47.95859285973216,0.6780656396788252
19,118,4,2,LMM-2,19.1,39.96228366245588,0.7474633898729042
19,118,4,4,LMM-1,21.75,46.71559408914128,0.46439117859704426
19,118,4,4,LMM-2,17.05,35.734613126087616,0.6093889707046382
19,118,4,6,LMM-1,21.5,46.30478799346613,0.3181343212329736
19,118,4,6,LMM-2,16.983333333333334,35.73600125210304,0.47463699027827577
19,118,4,8,LMM-1,20.875,45.175919003018905,0.2227905927178475
19,118,4,8,LMM-2,16.2,34.26593298699461,0.3948165966377078
19,118,6,2,LMM-1,22.5,47.95859285973216,0.6780656396788252
19,118,6,2,LMM-2,19.1,39.96228366245588,0.7474633898729042
19,118,6,4,LMM-1,21.75,46.71559408914128,0.46439117859704426
19,118,6,4,LMM-2,17.05,35.734613126087616,0.6093889707046382
19,118,6,6,LMM-1,21.5,46.30478799346613,0.3181343212329736
19,118,6,6,LMM-2,16.983333333333334,35.73600125210304,0.47463699027827577
19,118,6,8,LMM-1,20.875,45.175919003018905,0.2227905927178475
19,118,6,8,LMM-2,16.2,34.26593298699461,0.3948165966377078
19,118,8,2,LMM-1,22.5,47.95859285973216,0.6780656396788252
19,118,8,2,LMM-2,19.1,39.96228366245588,0.7474633898729042
19,118,8,4,LMM-1,21.75,46.71559408914128,0.46439117859704426
19,118,8,4,LMM-2,17.05,35.734613126087616,0.6093889707046382
19,118,8,6,LMM-1,21.5,46.30478799346613,0.3181343212329736
19,118,8,6,LMM-2,16.983333333333334,35.73600125210304,0.47463699027827577
19,118,8,8,LMM-1,20.875,45.175919003018905,0.2227905927178475
19,118,8,8,LMM-2,16.2,34.26593298699461,0.3948165966377078
19,118,10,2,LMM-1,14.5,30.235225047720355,0.7926620895064691
19,118,10,2,LMM-2,13.9,28.437082293436198,0.8319014462969958
19,118,10,4,LMM-1,13.75,28.994298333720423,0.6345475667252719
19,118,10,4,LMM-2,13.15,27.177597839457963,0.7040479445883301
19,118,10,6,LMM-1,13.5,28.5841829235756,0.5081029421870674
19,118,10,6,LMM-2,12.966666666666665,26.970851371483953,0.5859254917994755
19,118,10,8,LMM-1,12.875,27.457040646954148,0.41584349012446253
19,118,10,8,LMM-2,12.05,25.04971048026709,0.546187548048474
20,119,4,2,LMM-1,13.0,27.521078051020275,0.801864494714129
20,119,4,2,LMM-2,12.65,26.545344778849017,0.8254984406880628
20,119,4,4,LMM-1,12.5,26.699647086101454,0.648300311555279
20,119,4,4,LMM-2,11.325,23.7232874009302,0.7295636656888995
20,119,4,6,LMM-1,12.0,25.980366910312647,0.5263482052486195
20,119,4,6,LMM-2,10.783333333333333,22.967878191782933,0.6269296093203872
20,119,4,8,LMM-1,11.612075076823722,25.848887178415858,0.47367795840209076
20,119,4,8,LMM-2,10.3875,22.45178252024272,0.5452360418152946
20,119,6,2,LMM-1,11.081345855299997,23.585491888265274,0.9108702749148524
20,119,6,2,LMM-2,10.5,21.36549028313361,0.863367794462514
20,119,6,4,LMM-1,11.27269435274992,24.397660929067946,0.8987949676191098
20,119,6,4,LMM-2,11.0,22.473103114045994,0.7288433403262506
20,119,6,6,LMM-1,11.749905337549874,25.570220436985142,0.7063232970758355
20,119,6,6,LMM-2,11.15,23.27056836143254,0.6122788053718348
20,119,6,8,LMM-1,10.850545050509192,23.894201474272723,0.6510479051514895
20,119,6,8,LMM-2,11.2375,23.826062954595557,0.49951264333566947
20,119,8,2,LMM-1,10.92731963380225,22.5822135509921,0.9151411499326251
20,119,8,2,LMM-2,10.65,21.219489978664434,0.8565493493536941
20,119,8,4,LMM-1,10.799957134254825,22.731228907185418,0.9054281704230244
20,119,8,4,LMM-2,10.075,19.981629686860053,0.7712427332349812
20,119,8,6,LMM-1,10.921709079234565,23.229150025288,0.8948715899160767
20,119,8,6,LMM-2,10.35,20.36947585526545,0.6739101927998834
20,119,8,8,LMM-1,10.699344715798834,22.72512997308113,0.8322929555003185
20,119,8,8,LMM-2,10.0,19.63620212836754,0.6170945410276648
20,119,10,2,LMM-1,10.5,22.204229159376005,0.9214714946238309
20,119,10,2,LMM-2,10.3,20.75587713681177,0.8648973517445052
20,119,10,4,LMM-1,10.631645303018493,22.44594301214981,0.9124335122146219
20,119,10,4,LMM-2,9.85,19.600696986789714,0.7744991468054685
20,119,10,6,LMM-1,10.84294747460774,22.984699657818034,0.9023602678291729
20,119,10,6,LMM-2,9.483333333333333,18.619159574754114,0.7195488645467119
20,119,10,8,LMM-1,10.193292631975197,21.588040638047424,0.8394259563408687
20,119,10,8,LMM-2,9.1625,17.947783980938347,0.6591042518575443
21,120,4,2,LMM-1,13.0,27.874227289877645,0.798668793492257
21,120,4,2,LMM-2,11.5,24.03136116130235,0.8600332831469183
21,120,4,4,LMM-1,12.75,26.951111460943594,0.6495764698502896
21,120,4,4,LMM-2,11.625,24.040328650530103,0.7282009603427237
21,120,4,6,LMM-1,12.5,27.32145148609424,0.5821955825271516
21,120,4,6,LMM-2,11.433333333333334,23.848085693345528,0.6213829422487384
21,120,4,8,LMM-1,12.25,26.84310262860666,0.4673969258100287
21,120,4,8,LMM-2,11.15,23.484067560220097,0.5312120117424761
21,120,6,2,LMM-1,12.0,24.967112938086625,0.8213195617791685
21,120,6,2,LMM-2,10.55,21.19452434418319,0.8767110611449196
21,120,6,4,LMM-1,11.75,24.38058547632884,0.6807968022010354
21,120,6,4,LMM-2,10.225,20.601296406143604,0.788819002568361
21,120,6,6,LMM-1,10.833333333333334,22.83390036947923,0.6233492309257838
21,120,6,6,LMM-2,9.166666666666668,18.59297629615391,0.7246421908471153
21,120,6,8,LMM-1,9.875,20.990563840605216,0.5490980801279227
21,120,6,8,LMM-2,8.15,16.687490341758718,0.6990253249323047
21,120,8,2,LMM-1,12.0,23.381924211212315,0.8438448254735448
21,120,8,2,LMM-2,11.15,21.381038796667816,0.9005055205028851
21,120,8,4,LMM-1,11.25,22.06768517616461,0.7212589729915891
21,120,8,4,LMM-2,10.225,19.884876754349403,0.8207907658377748
21,120,8,6,LMM-1,10.26481975671996,20.55986446949384,0.6721535425628155
21,120,8,6,LMM-2,9.85,19.16037542981406,0.7548929109955808
21,120,8,8,LMM-1,9.651306322849308,19.84362489279909,0.6729194533637183
21,120,8,8,LMM-2,9.175,17.991061975522474,0.7122123656448192
21,120,10,2,LMM-1,12.0,23.381924211212315,0.8438448254735448
21,120,10,2,LMM-2,10.05,19.08620798418506,0.9183978920253729
21,120,10,4,LMM-1,11.25,22.06768517616461,0.7212589729915891
21,120,10,4,LMM-2,9.4,18.11394186406122,0.8357774134281157
21,120,10,6,LMM-1,10.0,19.833579295245418,0.6751939535171619
21,120,10,6,LMM-2,8.566666666666666,16.66837814521759,0.7890781752545488
21,120,10,8,LMM-1,9.682888563587127,19.711659507169436,0.6773426823154389
21,120,10,8,LMM-2,8.05,15.85968403457224,0.7502226681677712
22,121,4,2,LMM-1,17.5,38.72246629404627,0.7136071254562367
22,121,4,2,LMM-2,12.2,25.572804281694903,0.8374124325325327
22,121,4,4,LMM-1,16.25,35.94632292979727,0.5373125369523344
22,121,4,4,LMM-2,11.975,25.3228023102823,0.7064144723970127
22,121,4,6,LMM-1,16.5,36.70525036246141,0.38232840557341013
22,121,4,6,LMM-2,10.716666666666667,22.4629585196679,0.6588192648913134
22,121,4,8,LMM-1,16.375,36.58560342185332,0.27584926438123053
22,121,4,8,LMM-2,11.75,25.166506660753605,0.5041540646579218
22,121,6,2,LMM-1,15.5,33.66990848584172,0.7480294553443153
22,121,6,2,LMM-2,10.7,21.787288906693618,0.8728764981713777
22,121,6,4,LMM-1,14.75,31.975248571608024,0.5784134809403065
22,121,6,4,LMM-2,11.4,23.75135935503363,0.7187756693454544
22,121,6,6,LMM-1,14.5,31.65326332719942,0.4403464194202146
22,121,6,6,LMM-2,10.133333333333333,20.95047620763068,0.6743940929513925
22,121,6,8,LMM-1,14.125,30.966038945481603,0.3406227238585793
22,121,6,8,LMM-2,9.95,20.729989321278374,0.5943587604737343
22,121,8,2,LMM-1,13.5,28.965787753144987,0.7806020550516182
22,121,8,2,LMM-2,9.9,19.975770588935834,0.8856261999311519
22,121,8,4,LMM-1,12.75,27.271689286382877,0.6298643412885973
22,121,8,4,LMM-2,9.975,20.280843863380504,0.7859016572724504
22,121,8,6,LMM-1,12.5,26.949891191131467,0.5003795290488874
22,121,8,6,LMM-2,9.05,18.34893385863358,0.7397792498664127
22,121,8,8,LMM-1,12.125,26.262947533149447,0.40389265878788433
22,121,8,8,LMM-2,8.9,18.216424125147956,0.6614371225072359
22,121,10,2,LMM-1,10.5,20.94708997906796,0.848980830012598
22,121,10,2,LMM-2,9.6,18.855775468239298,0.8878700312705252
22,121,10,4,LMM-1,9.850868858062087,19.695048365380178,0.7942201323779741
22,121,10,4,LMM-2,9.225,18.02823111245967,0.803092805103433
22,121,10,6,LMM-1,9.596598198115904,19.319107816737066,0.6858375952876042
22,121,10,6,LMM-2,8.816666666666666,17.352813489550915,0.7352476243221056
22,121,10,8,LMM-1,9.186448175517103,18.50178729197666,0.6019394752690379
22,121,10,8,LMM-2,8.475,16.749166727381525,0.6741252062973174
23,122,4,2,LMM-1,13.5,29.16962481816812,0.8634082540925616
23,122,4,2,LMM-2,13.25,27.60835359254952,0.8030917591119758
23,122,4,4,LMM-1,11.811571318706147,25.608261254846365,0.7874178085668391
23,122,4,4,LMM-2,11.075,22.91407287543871,0.7186210685026945
23,122,4,6,LMM-1,12.512956508120194,26.623003835914243,0.6211716445787673
23,122,4,6,LMM-2,11.966666666666667,24.704323579996895,0.5777311436761556
23,122,4,8,LMM-1,12.259754673200574,26.192416281880725,0.5492445622505837
23,122,4,8,LMM-2,11.5375,23.817388552677773,0.5048188735516559
23,122,6,2,LMM-1,9.834507896801151,21.396299777449315,0.9894101378029585
23,122,6,2,LMM-2,9.1,18.055400233903008,0.9053274433863615
23,122,6,4,LMM-1,9.372844329959756,20.646798104280244,0.9792201989921658
23,122,6,4,LMM-2,8.45,16.816085347144,0.8343853398505786
23,122,6,6,LMM-1,9.97700482965626,21.60430341225796,0.8769372017890925
23,122,6,6,LMM-2,9.183333333333334,18.334705226448968,0.7278404278136269
23,122,6,8,LMM-1,10.099133445251095,22.115548729032824,0.8675320571198029
23,122,6,8,LMM-2,9.75,19.569419157853922,0.6284322795808268
23,122,8,2,LMM-1,7.994448586156122,16.522466555521735,0.9939465832362275
23,122,8,2,LMM-2,7.7,14.853588768808043,0.9337387957756107
23,122,8,4,LMM-1,8.214885570499598,16.820345405121934,0.9226120995408426
23,122,8,4,LMM-2,7.675,15.072610797635502,0.8340385846874361
23,122,8,6,LMM-1,9.088485217938393,19.206112568731136,0.9130915479431879
23,122,8,6,LMM-2,9.0,17.689731877699998,0.7365308565358935
23,122,8,8,LMM-1,8.769715079365534,18.55699983555501,0.9069634178344064
23,122,8,8,LMM-2,8.4,16.58884967998885,0.691864644052457
23,122,10,2,LMM-1,8.084133100774732,16.55455751285756,0.99389109004766
23,122,10,2,LMM-2,7.7,14.73067402147503,0.9354916606294097
23,122,10,4,LMM-1,8.86871689676439,17.71221875039684,0.922778692356897
23,122,10,4,LMM-2,8.15,15.484956982190564,0.8744181629862233
23,122,10,6,LMM-1,8.471411880342988,17.10083257020667,0.9182798996194392
23,122,10,6,LMM-2,7.866666666666667,14.986103620827928,0.8267321034643741
23,122,10,8,LMM-1,8.09697684226032,16.470046712623162,0.9136715157667753
23,122,10,8,LMM-2,7.4375,14.205020857807241,0.8027090781781734
24,123,4,2,LMM-1,14.0,30.09014420495164,0.7808063312504364
24,123,4,2,LMM-2,13.9,30.043391681089314,0.7813099077665813
24,123,4,4,LMM-1,13.25,28.388747005775826,0.6290616266687549
24,123,4,4,LMM-2,12.15,25.410682910701592,0.6916358434456366
24,123,4,6,LMM-1,13.136717244386194,28.16699024331833,0.5679804916766997
24,123,4,6,LMM-2,12.833333333333334,27.174699123252527,0.5335895968631661
24,123,4,8,LMM-1,12.602604008069651,27.08784014318378,0.4662778091349621
24,123,4,8,LMM-2,12.1,25.4640282499313,0.47638643599316266
24,123,6,2,LMM-1,14.0,29.97193213306668,0.7823123044709229
24,123,6,2,LMM-2,10.2,21.061124253692952,0.8694722904042063
24,123,6,4,LMM-1,13.58115547591649,29.19801196029415,0.6980278911897723
24,123,6,4,LMM-2,13.025,27.123811450720446,0.6794939899648778
24,123,6,6,LMM-1,13.054126882936847,27.89097891468033,0.5707124265079931
24,123,6,6,LMM-2,12.283333333333333,25.50306179209798,0.5984657502557946
24,123,6,8,LMM-1,12.694834647516586,27.32177825003861,0.5161308682307222
24,123,6,8,LMM-2,12.0125,24.958374567965276,0.5083080213407879
24,123,8,2,LMM-1,13.0,27.360246780048413,0.8024121714625625
24,123,8,2,LMM-2,12.4,25.996724351215484,0.8298388653738835
24,123,8,4,LMM-1,12.25,25.659213169911407,0.6643460838980388
24,123,8,4,LMM-2,11.65,24.11629007358309,0.7126312136372511
24,123,8,6,LMM-1,11.930739310756456,24.966829881686145,0.6090072116506572
24,123,8,6,LMM-2,11.116666666666667,22.761607012633768,0.6382793866365056
24,123,8,8,LMM-1,11.458678742939854,24.03286146694228,0.5136734402542533
24,123,8,8,LMM-2,10.55,21.661959379532135,0.5745421736982005
24,123,10,2,LMM-1,11.0,23.070540631385875,0.833094029926321
24,123,10,2,LMM-2,11.25,23.333057660207206,0.8504644131536757
24,123,10,4,LMM-1,10.731768809463903,22.481122597136043,0.7691053709733026
24,123,10,4,LMM-2,10.65,21.63666295288301,0.7560560520655714
24,123,10,6,LMM-1,10.154673091450372,21.099456774864574,0.6696949598990714
24,123,10,6,LMM-2,9.983333333333334,20.077544851229007,0.7062446437670218
24,123,10,8,LMM-1,9.637586294158474,20.15634207221065,0.62574330632632
24,123,10,8,LMM-2,9.7375,19.757294290464802,0.630813211122898
25,124,4,2,LMM-1,14.5,30.160049383223686,0.7879243201899244
25,124,4,2,LMM-2,10.1,20.747635255509053,0.8758823782089002
25,124,4,4,LMM-1,14.0,29.084306102284803,0.6310796692144947
25,124,4,4,LMM-2,11.15,22.85231183852123,0.739406580305185
25,124,4,6,LMM-1,13.5,28.077417277671792,0.5105208061143537
25,124,4,6,LMM-2,11.4,23.414723088708616,0.629130644326114
25,124,4,8,LMM-1,13.0,26.922191822113682,0.422008975296887
25,124,4,8,LMM-2,11.175,22.77564449782493,0.5553468406609113
25,124,6,2,LMM-1,13.5,27.433515400194885,0.8111920855749108
25,124,6,2,LMM-2,9.5,19.208044945850066,0.9008872963078005
25,124,6,4,LMM-1,13.0,26.35800515918487,0.6688950015968799
25,124,6,4,LMM-2,10.7,21.547767273038406,0.7805340944198542
25,124,6,6,LMM-1,12.5,25.35134937450073,0.5570795017462098
25,124,6,6,LMM-2,10.716666666666665,21.583071570656095,0.6906984943555626
25,124,6,8,LMM-1,12.0,24.196356958871487,0.47407924451418343
25,124,6,8,LMM-2,10.425,20.835397796319235,0.6299258655118176
25,124,8,2,LMM-1,13.5,26.059729696523412,0.8286991279042694
25,124,8,2,LMM-2,9.5,17.678725809079438,0.9255297225608091
25,124,8,4,LMM-1,12.5,24.333157500076645,0.6947410133009316
25,124,8,4,LMM-2,10.125,19.26024114815633,0.8254237325078261
25,124,8,6,LMM-1,11.22303958984248,22.187579181567052,0.6450437396461568
25,124,8,6,LMM-2,9.566666666666666,18.56618446794192,0.7418373471068447
25,124,8,8,LMM-1,9.885096683907568,19.717046273763906,0.6197762560554598
25,124,8,8,LMM-2,8.75,17.098786618883675,0.7049971461705757
25,124,10,2,LMM-1,11.5,21.421146746803835,0.8662528478853231
25,124,10,2,LMM-2,8.45,15.331172979802847,0.9362355706996388
25,124,10,4,LMM-1,10.5,19.69540452186576,0.7591000144051759
25,124,10,4,LMM-2,6.675,12.136914374513324,0.9083829839962954
25,124,10,6,LMM-1,9.40929729278697,17.983571121918676,0.718221790199931
25,124,10,6,LMM-2,6.833333333333333,12.790915127449148,0.8449579736483439
25,124,10,8,LMM-1,8.683677168619948,16.932961488483866,0.7181492643353332
25,124,10,8,LMM-2,7.125,13.625876496490147,0.7852179501745236
26,125,4,2,LMM-1,12.5,27.433366729298164,0.7923432491105101
26,125,4,2,LMM-2,11.3,24.34472282764336,0.8333558257485022
26,125,4,4,LMM-1,12.25,27.05639926364296,0.62914338883755
26,125,4,4,LMM-2,10.875,23.530804040289024,0.707926513502581
26,125,4,6,LMM-1,12.166666666666666,26.780774280158663,0.5024556207801599
26,125,4,6,LMM-2,10.766666666666666,23.18288936853881,0.606496566995216
26,125,4,8,LMM-1,12.341220480517476,27.805224144200714,0.4330220071166135
26,125,4,8,LMM-2,11.225,24.58541127908778,0.47463902243113
26,125,6,2,LMM-1,10.5,22.575021002332228,0.8305461129409106
26,125,6,2,LMM-2,10.3,22.119128565832806,0.8417012344232069
26,125,6,4,LMM-1,10.25,22.198281656885392,0.6912647020654961
26,125,6,4,LMM-2,9.95,21.494653450268483,0.715233197681072
26,125,6,6,LMM-1,10.166666666666666,21.92273271347056,0.5786761954406042
26,125,6,6,LMM-2,9.733333333333333,20.83147947993657,0.6316027590124951
26,125,6,8,LMM-1,10.103373852177349,22.134175260176754,0.5308865014878077
26,125,6,8,LMM-2,9.4125,20.20107026995675,0.5792300049293935
26,125,8,2,LMM-1,9.5,19.65690382103992,0.8552105529177805
26,125,8,2,LMM-2,8.75,17.93748825522256,0.894645981540463
26,125,8,4,LMM-1,9.25,19.280273424547868,0.7329265129548059
26,125,8,4,LMM-2,8.05,16.505405111910214,0.8327230537972155
26,125,8,6,LMM-1,9.166666666666666,19.00476079745129,0.6317682923265084
26,125,8,6,LMM-2,7.9833333333333325,16.266238057020363,0.7634034332294577
26,125,8,8,LMM-1,8.875,18.42964760227786,0.5524474492926057
26,125,8,8,LMM-2,7.8875,16.098421384374532,0.6950281328574853
26,125,10,2,LMM-1,12.0,25.60452487231579,0.80760055474501
26,125,10,2,LMM-2,11.6,24.5372877126327,0.8356175541673873
26,125,10,4,LMM-1,11.0,22.585152760333635,0.7060151169549883
26,125,10,4,LMM-2,10.575,21.572005370490103,0.7434166321808379
26,125,10,6,LMM-1,10.333333333333334,21.105551713226898,0.6629093222577788
26,125,10,6,LMM-2,9.433333333333334,18.85531075526949,0.7111581203075631
26,125,10,8,LMM-1,10.007281813117448,20.58350232302123,0.6088056984965408
26,125,10,8,LMM-2,9.1125,18.26359307767546,0.6502028188126665
27,126,4,2,LMM-1,13.5,30.698783641208582,0.8817172585417902
27,126,4,2,LMM-2,12.4,26.213194625622606,0.8376552868128251
27,126,4,4,LMM-1,13.0,28.895524317080024,0.7030879690602724
27,126,4,4,LMM-2,12.1,25.640151130295543,0.7138104394175795
27,126,4,6,LMM-1,12.333333333333334,27.527913654960408,0.5688024036060731
27,126,4,6,LMM-2,11.6,25.02768608802249,0.6077476915139025
27,126,4,8,LMM-1,12.0,27.18531146639507,0.5090674272064966
27,126,4,8,LMM-2,11.5625,25.14600814729716,0.5069264752448481
27,126,6,2,LMM-1,11.5,24.83936701535672,0.9083992206395834
27,126,6,2,LMM-2,10.8,22.063004250973822,0.8618454721820165
27,126,6,4,LMM-1,11.185851084828261,24.336117462731465,0.8282859379823462
27,126,6,4,LMM-2,10.45,21.465551526822306,0.751940339921354
27,126,6,6,LMM-1,10.938496372499083,24.069035215253876,0.7589905821666862
27,126,6,6,LMM-2,10.133333333333333,21.002350394345775,0.6594518399220052
27,126,6,8,LMM-1,10.453955436004145,23.143995880983308,0.698301790297579
27,126,6,8,LMM-2,9.7125,20.3555702360112,0.5833130761845877
27,126,8,2,LMM-1,10.5,21.340506610393824,0.9222018014052289
27,126,8,2,LMM-2,10.05,20.002755472078448,0.891292178133788
27,126,8,4,LMM-1,10.546633177649063,22.201286046115715,0.9124380844217314
27,126,8,4,LMM-2,10.325,20.376456227802706,0.7850140557207955
27,126,8,6,LMM-1,9.945562187988678,20.972145986668256,0.8509701325704933
27,126,8,6,LMM-2,9.766666666666667,19.49061201608854,0.7149605847916604
27,126,8,8,LMM-1,9.662242336007742,20.286797744958015,0.7804269849309964
27,126,8,8,LMM-2,9.5375,19.12759123070236,0.6337333185794121
27,126,10,2,LMM-1,9.5,18.960376889594464,0.9357774166181752
27,126,10,2,LMM-2,9.35,17.847402808421627,0.9153831969961193
27,126,10,4,LMM-1,9.685591287771887,19.920588984505134,0.9292609934756811
27,126,10,4,LMM-2,9.525,18.319070969227926,0.8150705288962129
27,126,10,6,LMM-1,9.208164940183304,18.942095151365,0.8739048005041642
27,126,10,6,LMM-2,8.766666666666667,16.958379596390024,0.7646194185573979
27,126,10,8,LMM-1,8.92318630472254,18.339259988887342,0.8076382565057958
27,126,10,8,LMM-2,8.4625,16.462689876604994,0.703697754166899
28,127,4,2,LMM-1,11.5,25.342413774595187,0.9040164289970848
28,127,4,2,LMM-2,11.6,24.565837150802864,0.8315236095483023
28,127,4,4,LMM-1,10.75,23.47489264040437,0.755253129843193
28,127,4,4,LMM-2,10.125,21.372140183361235,0.7486980242647895
28,127,4,6,LMM-1,10.3845275665464,23.194803245952222,0.7475869695601391
28,127,4,6,LMM-2,10.083333333333334,21.285171645994307,0.6498555304415617
28,127,4,8,LMM-1,10.752939742348117,24.39817974938238,0.7357352144714167
28,127,4,8,LMM-2,10.4625,22.06761056276133,0.5534590682189783
28,127,6,2,LMM-1,10.87124166357595,23.265768862678748,0.922533550444458
28,127,6,2,LMM-2,10.05,20.096358551399522,0.8901860429294391
28,127,6,4,LMM-1,10.206934636099561,22.012452801048678,0.8518547592307781
28,127,6,4,LMM-2,9.525,19.248897921635155,0.7982365316670588
28,127,6,6,LMM-1,10.609126279395898,23.331696472835702,0.8399496162443775
28,127,6,6,LMM-2,10.166666666666668,20.62278076701199,0.7007638745926953
28,127,6,8,LMM-1,10.737804806136758,23.868826303283004,0.8300522513305802
28,127,6,8,LMM-2,10.0,20.370891362491882,0.624114354717989
28,127,8,2,LMM-1,10.032778441212148,20.752377550102818,0.9254941618423015
28,127,8,2,LMM-2,9.7,19.2971354414866,0.8838116180720208
28,127,8,4,LMM-1,9.749839193820645,20.295461789616006,0.8566702876716453
28,127,8,4,LMM-2,9.075,18.29847031187235,0.8239815772465052
28,127,8,6,LMM-1,9.957011943004165,20.75770786457208,0.7810249079955082
28,127,8,6,LMM-2,9.616666666666667,19.351172297593756,0.713595818326014
28,127,8,8,LMM-1,9.629444636368897,20.361432718867878,0.7746561385532884
28,127,8,8,LMM-2,9.55,19.261162929782326,0.6373354122676527
28,127,10,2,LMM-1,9.672057541632814,19.78263322237435,0.9298875565770313
28,127,10,2,LMM-2,9.2,18.17212874593187,0.8966578581961873
28,127,10,4,LMM-1,9.99833001011896,20.188532071325575,0.7989084205216485
28,127,10,4,LMM-2,9.5,18.8397827763767,0.7984928170587396
28,127,10,6,LMM-1,9.350532975576273,19.33629284023759,0.7940410420689525
28,127,10,6,LMM-2,8.883333333333333,17.706531239633357,0.7417913393660279
28,127,10,8,LMM-1,9.446667123833018,19.82925709684273,0.7879890634067496
28,127,10,8,LMM-2,9.1,18.222633930882655,0.6532311384359986
29,128,4,2,LMM-1,11.831575851422285,26.022237034494403,0.9004955880680547
29,128,4,2,LMM-2,11.7,24.709066001149388,0.8392930140152807
29,128,4,4,LMM-1,11.581578576715945,25.54864597730015,0.8116607167511429
29,128,4,4,LMM-2,11.1,23.37463531138543,0.7366374229070514
29,128,4,6,LMM-1,11.13760796037954,24.40404306699089,0.6782787047353225
29,128,4,6,LMM-2,10.266666666666667,21.573085198553468,0.660029658717354
29,128,4,8,LMM-1,10.94718918230402,24.253834789035736,0.6068311617870911
29,128,4,8,LMM-2,10.175,21.50037044545048,0.5675787884303836
29,128,6,2,LMM-1,11.952483521054848,26.313067669260107,0.9855388074068847
29,128,6,2,LMM-2,11.85,24.050655894154943,0.8420499228602587
29,128,6,4,LMM-1,11.490781831723494,25.624010441970842,0.9711359173814778
29,128,6,4,LMM-2,10.95,22.438684302996776,0.7311050011405044
29,128,6,6,LMM-1,11.869222189408728,26.329677382547516,0.8478525382717874
29,128,6,6,LMM-2,11.25,23.309265764997193,0.6106157369554006
29,128,6,8,LMM-1,11.566582414355834,25.638805444353892,0.7529695738363097
29,128,6,8,LMM-2,11.15,23.22259217106606,0.5262526961637837
29,128,8,2,LMM-1,10.836606582735483,23.391484996017233,0.9884401668260775
29,128,8,2,LMM-2,10.25,20.61890029449753,0.8742844449988854
29,128,8,4,LMM-1,9.995893163157147,21.853645822380763,0.978665192168479
29,128,8,4,LMM-2,9.7,19.652958108682576,0.7858811116481332
29,128,8,6,LMM-1,10.089549432733715,22.250738367142112,0.9686656548609456
29,128,8,6,LMM-2,9.5,19.346073445623528,0.7012479225430923
29,128,8,8,LMM-1,10.367465390440787,22.786475039499592,0.8814290666583584
29,128,8,8,LMM-2,9.575,19.472389383161744,0.6345306602462826
29,128,10,2,LMM-1,10.073204175956002,21.19322946418192,0.9911095658819347
29,128,10,2,LMM-2,8.7,16.922863931662697,0.9298756390185355
29,128,10,4,LMM-1,9.41377612135839,19.996424480620036,0.9836578707931249
29,128,10,4,LMM-2,8.675,17.131066721780062,0.8471965647746726
29,128,10,6,LMM-1,8.913080720479083,19.139786807256968,0.9775193951843884
29,128,10,6,LMM-2,8.433333333333334,16.811079903027448,0.7731532359666602
29,128,10,8,LMM-1,9.11906156692023,19.586068584882376,0.8906976698964975
29,128,10,8,LMM-2,8.475,16.99174132913923,0.7139341627473672
30,129,4,2,LMM-1,18.5,38.65474863021715,0.7316317195303711
30,129,4,2,LMM-2,17.0,35.43599323472454,0.758619055837041
30,129,4,4,LMM-1,17.75,37.3635072418113,0.5407592742725902
30,129,4,4,LMM-2,15.05,31.532161231186297,0.6235581784358879
30,129,4,6,LMM-1,17.166666666666668,36.34360565636955,0.40492267640289425
30,129,4,6,LMM-2,15.25,32.23830459682345,0.4878427177887611
30,129,4,8,LMM-1,16.75,35.61502560902706,0.30434451495028403
30,129,4,8,LMM-2,15.1125,32.10901202013386,0.3892278730388593
30,129,6,2,LMM-1,18.5,38.65474863021715,0.7316317195303711
30,129,6,2,LMM-2,17.0,35.43599323472454,0.758619055837041
30,129,6,4,LMM-1,17.75,37.3635072418113,0.5407592742725902
30,129,6,4,LMM-2,15.05,31.532161231186297,0.6235581784358879
30,129,6,6,LMM-1,17.166666666666668,36.34360565636955,0.40492267640289425
30,129,6,6,LMM-2,15.25,32.23830459682345,0.4878427177887611
30,129,6,8,LMM-1,16.75,35.61502560902706,0.30434451495028403
30,129,6,8,LMM-2,15.1125,32.10901202013386,0.3892278730388593
30,129,8,2,LMM-1,18.5,38.65474863021715,0.7316317195303711
30,129,8,2,LMM-2,17.0,35.43599323472454,0.758619055837041
30,129,8,4,LMM-1,17.75,37.3635072418113,0.5407592742725902
30,129,8,4,LMM-2,15.05,31.532161231186297,0.6235581784358879
30,129,8,6,LMM-1,17.166666666666668,36.34360565636955,0.40492267640289425
30,129,8,6,LMM-2,15.25,32.23830459682345,0.4878427177887611
30,129,8,8,LMM-1,16.75,35.61502560902706,0.30434451495028403
30,129,8,8,LMM-2,15.1125,32.10901202013386,0.3892278730388593
30,129,10,2,LMM-1,18.5,38.65474863021715,0.7316317195303711
30,129,10,2,LMM-2,17.0,35.43599323472454,0.758619055837041
30,129,10,4,LMM-1,17.75,37.3635072418113,0.5407592742725902
30,129,10,4,LMM-2,15.05,31.532161231186297,0.6235581784358879
30,129,10,6,LMM-1,17.166666666666668,36.34360565636955,0.40492267640289425
30,129,10,6,LMM-2,15.25,32.23830459682345,0.4878427177887611
30,129,10,8,LMM-1,16.75,35.61502560902706,0.30434451495028403
30,129,10,8,LMM-2,15.1125,32.10901202013386,0.3892278730388593
31,130,4,2,LMM-1,12.5,27.26829100433188,0.7948182114467318
31,130,4,2,LMM-2,11.4,24.52753728859606,0.840531607283336
31,130,4,4,LMM-1,12.5,27.549669893339683,0.6262583468465233
31,130,4,4,LMM-2,10.6,22.915588533914836,0.7445782820770998
31,130,4,6,LMM-1,12.0,26.53591276187816,0.5072672837216988
31,130,4,6,LMM-2,10.133333333333335,22.00150583567767,0.6627119319265166
31,130,4,8,LMM-1,12.0,26.64665540019998,0.40187185053491714
31,130,4,8,LMM-2,10.0125,21.91386277657076,0.5721547105345206
31,130,6,2,LMM-1,10.5,23.239090485866207,0.9061526479865801
31,130,6,2,LMM-2,9.9,20.60037692965477,0.884837085459551
31,130,6,4,LMM-1,10.25,22.554320231978707,0.758930020586132
31,130,6,4,LMM-2,9.575,20.135051747599956,0.7904065539821339
31,130,6,6,LMM-1,10.438046083839218,23.232561383204626,0.6874131558416305
31,130,6,6,LMM-2,9.8,20.7047721804241,0.6939366858095716
31,130,6,8,LMM-1,9.970761542505688,22.526848494114798,0.6814586130537895
31,130,6,8,LMM-2,9.575,20.488080481748973,0.6103586936034987
31,130,8,2,LMM-1,9.910463768668247,21.82994175334031,0.9888123140756022
31,130,8,2,LMM-2,9.3,18.681418453327513,0.9072757916608575
31,130,8,4,LMM-1,9.792082684189104,21.165675633739273,0.8366773211232623
31,130,8,4,LMM-2,9.6,20.29226323916138,0.7833992225053519
31,130,8,6,LMM-1,9.812039049844723,21.4389906589821,0.7804331133646031
31,130,8,6,LMM-2,9.15,19.10947931160202,0.7259111295529216
31,130,8,8,LMM-1,9.127351545659186,20.075930879882094,0.7271023740610267
31,130,8,8,LMM-2,9.0125,19.100160686035693,0.6485846377728017
31,130,10,2,LMM-1,9.0,19.33341071658316,0.991825458564963
31,130,10,2,LMM-2,8.6,17.091975943266345,0.896451872354856
31,130,10,4,LMM-1,9.218835684725285,19.54208600462821,0.912950703509987
31,130,10,4,LMM-2,8.8,17.856847991675725,0.7932740857450531
31,130,10,6,LMM-1,9.112251416093265,19.3688993694884,0.8452774343251953
31,130,10,6,LMM-2,8.316666666666666,16.901112978647816,0.7455901695416902
31,130,10,8,LMM-1,8.891567027762068,19.341904453414237,0.8398933724527359
31,130,10,8,LMM-2,8.025,16.487342958518177,0.6895597769145692
32,131,4,2,LMM-1,15.0,32.628851626924906,0.7548069119356474
32,131,4,2,LMM-2,14.0,29.94008198000421,0.800559448335107
32,131,4,4,LMM-1,12.960692488862312,27.67135955559586,0.7027306752475615
32,131,4,4,LMM-2,12.15,25.24892947262624,0.7141231928878976
32,131,4,6,LMM-1,12.390374113376678,26.665211603282394,0.6255646582717912
32,131,4,6,LMM-2,11.383333333333333,23.576976231736378,0.647260968125172
32,131,4,8,LMM-1,12.282169805449188,26.4052960855174,0.5027275659940782
32,131,4,8,LMM-2,11.25,23.384698948351105,0.5571657739174312
32,131,6,2,LMM-1,10.335302417322092,22.148059257623295,0.9145540445591536
32,131,6,2,LMM-2,8.45,17.0504190080862,0.9204971583125101
32,131,6,4,LMM-1,10.020401035663086,21.022371317064444,0.8531266543056317
32,131,6,4,LMM-2,8.775,17.535361658810093,0.839954985740343
32,131,6,6,LMM-1,9.415189962664417,19.94931298392824,0.846463848102478
32,131,6,6,LMM-2,8.15,16.369735429734924,0.7893633280721162
32,131,6,8,LMM-1,9.045532849784959,19.475136224425786,0.8385001988339373
32,131,6,8,LMM-2,7.9,16.014680754309573,0.7321133962897572
32,131,8,2,LMM-1,10.168771786037436,21.376238903739033,0.9282325888071938
32,131,8,2,LMM-2,9.5,18.711358729553037,0.9064845744096465
32,131,8,4,LMM-1,9.705298308751448,20.842984146905444,0.920237061855449
32,131,8,4,LMM-2,9.175,18.38160181467608,0.8400032547922944
32,131,8,6,LMM-1,8.984064567756132,19.228115538564325,0.9158492532497504
32,131,8,6,LMM-2,8.583333333333334,17.158154125923858,0.7930482360587666
32,131,8,8,LMM-1,8.854779702281975,18.970798889855732,0.9096814390310202
32,131,8,8,LMM-2,8.4,16.797184624699057,0.7232176284921461
32,131,10,2,LMM-1,7.886629043073772,15.66436940612142,0.949333103694493
32,131,10,2,LMM-2,7.25,13.795500300174036,0.9525697488153151
32,131,10,4,LMM-1,8.340865275056148,16.724742235215988,0.8753184313345097
32,131,10,4,LMM-2,8.125,15.796898999954768,0.8607910458975379
32,131,10,6,LMM-1,7.924376849581877,16.091173746579948,0.8720615829425388
32,131,10,6,LMM-2,7.383333333333333,14.346913510064491,0.8308634798895065
32,131,10,8,LMM-1,7.583542077106072,15.583583532177556,0.8674701442783116
32,131,10,8,LMM-2,7.35,14.390500533519557,0.7841638969427522
33,132,4,2,LMM-1,16.0,33.00530306284038,0.7725911010167523
33,132,4,2,LMM-2,13.8,28.079933372472787,0.8173269808140955
33,132,4,4,LMM-1,15.5,32.04207914151472,0.6050515818903089
33,132,4,4,LMM-2,13.05,26.51109458909495,0.6940539110535564
33,132,4,6,LMM-1,15.0,31.35955281376298,0.47600056126297785
33,132,4,6,LMM-2,13.15,27.252211701842384,0.5663486787498944
33,132,4,8,LMM-1,14.25,29.935667147424027,0.3864868998970437
33,132,4,8,LMM-2,12.05,25.146949461922524,0.508135975534365
33,132,6,2,LMM-1,16.0,33.00530306284038,0.7725911010167523
33,132,6,2,LMM-2,13.8,28.079933372472787,0.8173269808140955
33,132,6,4,LMM-1,15.5,32.04207914151472,0.6050515818903089
33,132,6,4,LMM-2,13.05,26.51109458909495,0.6940539110535564
33,132,6,6,LMM-1,15.0,31.35955281376298,0.47600056126297785
33,132,6,6,LMM-2,13.15,27.252211701842384,0.5663486787498944
33,132,6,8,LMM-1,14.5,30.49725133480589,0.3801296841699035
33,132,6,8,LMM-2,12.325,25.767577857956486,0.49563116993803263
33,132,8,2,LMM-1,14.0,28.36035833319003,0.8023757488196823
33,132,8,2,LMM-2,12.3,24.66387150820956,0.8392117490300223
33,132,8,4,LMM-1,13.5,27.397532182919253,0.6525887192353101
33,132,8,4,LMM-2,11.65,23.341913394457222,0.7265854475356401
33,132,8,6,LMM-1,13.333333333333334,27.40114602951393,0.5264252823962403
33,132,8,6,LMM-2,11.7,23.92285603985772,0.6123287127483501
33,132,8,8,LMM-1,12.5,25.803167442606046,0.44400455438185293
33,132,8,8,LMM-2,10.85,22.4253346113812,0.5454171891906195
33,132,10,2,LMM-1,14.0,28.36035833319003,0.8023757488196823
33,132,10,2,LMM-2,12.3,24.66387150820956,0.8392117490300223
33,132,10,4,LMM-1,13.5,27.397532182919253,0.6525887192353101
33,132,10,4,LMM-2,11.65,23.341913394457222,0.7265854475356401
33,132,10,6,LMM-1,13.333333333333334,27.40114602951393,0.5264252823962403
33,132,10,6,LMM-2,11.7,23.92285603985772,0.6123287127483501
33,132,10,8,LMM-1,12.5,25.803167442606046,0.44400455438185293
33,132,10,8,LMM-2,10.85,22.4253346113812,0.5454171891906195
34,133,4,2,LMM-1,14.5,31.07799252416304,0.7773956369986711
34,133,4,2,LMM-2,13.9,29.585239901853527,0.8092844113256209
34,133,4,4,LMM-1,13.5,28.544983356216864,0.6319751158398883
34,133,4,4,LMM-2,11.95,24.962698807896015,0.7142463404433874
34,133,4,6,LMM-1,13.028951695396307,27.97156581503051,0.5671231172781359
34,133,4,6,LMM-2,11.916666666666666,24.782189881199294,0.5975766261460256
34,133,4,8,LMM-1,12.521646218017969,26.8367368779858,0.4664316233879567
34,133,4,8,LMM-2,11.075,23.096887137033484,0.5436766605918029
34,133,6,2,LMM-1,12.5,26.608880524330726,0.8076439788400013
34,133,6,2,LMM-2,11.35,23.8057955083729,0.8524489596803926
34,133,6,4,LMM-1,11.852000311743524,25.304824508270354,0.7381729525910421
34,133,6,4,LMM-2,11.125,23.068844238955744,0.7301994121299552
34,133,6,6,LMM-1,11.512472012513488,24.524418883508414,0.605020906815002
34,133,6,6,LMM-2,10.133333333333333,21.15200929500128,0.663286169266965
34,133,6,8,LMM-1,11.040584015450623,23.465296691271746,0.5165391299286293
34,133,6,8,LMM-2,9.675,20.06499847061098,0.598914564349626
34,133,8,2,LMM-1,12.0,24.238751590803645,0.8354154527138711
34,133,8,2,LMM-2,11.3,22.510709581640292,0.8646253477108496
34,133,8,4,LMM-1,11.28277572282835,23.17403411527768,0.7590072529829138
34,133,8,4,LMM-2,9.425,18.634079279343432,0.8240521935385093
34,133,8,6,LMM-1,10.998057694796703,22.81090199943217,0.7550740730592435
34,133,8,6,LMM-2,10.566666666666666,20.777306082338022,0.7241594894360057
34,133,8,8,LMM-1,10.892834085512415,22.733067584008698,0.6892526216223792
34,133,8,8,LMM-2,10.5125,20.858783851698796,0.6372658927448526
34,133,10,2,LMM-1,9.186965628168444,18.54412191307646,0.9935514019198338
34,133,10,2,LMM-2,9.5,18.309331772526797,0.8998779231046182
34,133,10,4,LMM-1,8.73840163711164,18.025376875089442,0.9862843037162016
34,133,10,4,LMM-2,9.3,18.456443745081337,0.8116907498730669
34,133,10,6,LMM-1,8.510450507765691,17.492994785685305,0.9810125169949723
34,133,10,6,LMM-2,8.766666666666667,17.20359722083225,0.7655777041157747
34,133,10,8,LMM-1,8.448765719415507,17.581467611018077,0.9758038260783488
34,133,10,8,LMM-2,8.5125,16.757690048766584,0.703674368783225
35,134,4,2,LMM-1,14.362943205049763,32.4698487499597,0.8746927386681591
35,134,4,2,LMM-2,15.75,33.87068081396463,0.7591795389550917
35,134,4,4,LMM-1,13.851623903156113,30.378813672769116,0.6905436842756081
35,134,4,4,LMM-2,13.175,27.75086715249853,0.6650373406429584
35,134,4,6,LMM-1,13.379627147681854,30.20425005463209,0.6799627906252266
35,134,4,6,LMM-2,12.616666666666665,26.4790636383701,0.5720149096642746
35,134,4,8,LMM-1,13.59896724414512,30.373907258528703,0.5213438831006105
35,134,4,8,LMM-2,12.475,26.286515055938526,0.478388678591476
35,134,6,2,LMM-1,11.5,23.74739830185356,0.8360917105108798
35,134,6,2,LMM-2,11.0,22.492121726854172,0.8581197546656731
35,134,6,4,LMM-1,10.51759699919268,22.155505500376357,0.7704450218945847
35,134,6,4,LMM-2,9.85,20.21529789459417,0.7794290394073683
35,134,6,6,LMM-1,9.708144592683993,20.74559390445905,0.7131661015664185
35,134,6,6,LMM-2,9.333333333333332,19.274078397265363,0.7028990728895843
35,134,6,8,LMM-1,9.406275227725057,20.108833124070465,0.6586210757194453
35,134,6,8,LMM-2,9.3875,19.328666800591304,0.6167083916875378
35,134,8,2,LMM-1,11.5,23.148228766051695,0.8415775717891176
35,134,8,2,LMM-2,10.7,21.11458470223272,0.8793828315238625
35,134,8,4,LMM-1,10.51765011818225,21.70448848520683,0.7781604390571075
35,134,8,4,LMM-2,9.95,19.851808178440304,0.7832594708236675
35,134,8,6,LMM-1,9.678342930543925,20.133612191212404,0.723797657590097
35,134,8,6,LMM-2,8.733333333333333,17.40740026041604,0.7510345413939816
35,134,8,8,LMM-1,9.390941092030362,19.647025697720853,0.6706041981790728
35,134,8,8,LMM-2,8.6,17.281919484268204,0.6802120579444683
35,134,10,2,LMM-1,8.5,16.895220508344515,0.8859997808499577
35,134,10,2,LMM-2,7.55,14.304021315407127,0.9540888477282488
35,134,10,4,LMM-1,7.974604382943717,16.02369528159321,0.8409819656909207
35,134,10,4,LMM-2,7.1,13.740100565228747,0.903618061211397
35,134,10,6,LMM-1,7.656892171284911,15.413516301173681,0.7954379360165481
35,134,10,6,LMM-2,7.083333333333334,13.827447523013992,0.8428729714321819
35,134,10,8,LMM-1,7.641820181334673,15.605026376972614,0.7946334805314333
35,134,10,8,LMM-2,7.2,14.282497731796468,0.7688683590986541
36,135,4,2,LMM-1,11.286742150000842,24.810046640905504,0.9032092567852391
36,135,4,2,LMM-2,10.6,21.639871056268923,0.8730952443487496
36,135,4,4,LMM-1,10.350948653089922,23.01335309403628,0.8315837585167488
36,135,4,4,LMM-2,9.7,19.92811967396296,0.7769029944479064
36,135,4,6,LMM-1,11.400879439462836,25.431891077484146,0.6387992452270213
36,135,4,6,LMM-2,10.6,22.493077359253967,0.6296343697702766
36,135,4,8,LMM-1,10.852293127114892,24.504949054748476,0.6310964861624578
36,135,4,8,LMM-2,10.125,21.522058836923144,0.5546852581844371
36,135,6,2,LMM-1,9.577943800595758,20.31244258401619,0.9233586242636669
36,135,6,2,LMM-2,9.35,18.98718111389063,0.8736431643176926
36,135,6,4,LMM-1,9.619458094134593,20.40812949343838,0.8419464299592002
36,135,6,4,LMM-2,9.175,18.747086418587536,0.7696456102025307
36,135,6,6,LMM-1,9.003561871658828,19.405041584054082,0.8360896785792207
36,135,6,6,LMM-2,8.516666666666666,17.68752578406172,0.7004070808631869
36,135,6,8,LMM-1,8.729176653053837,19.000840743343584,0.8295681909698664
36,135,6,8,LMM-2,8.375,17.502747681225586,0.6218268024027153
36,135,8,2,LMM-1,9.381492758235911,19.715532477333447,0.925694158692667
36,135,8,2,LMM-2,9.05,18.405814674242485,0.8899387655248014
36,135,8,4,LMM-1,8.484589289446921,18.065238597425957,0.8685496074029555
36,135,8,4,LMM-2,8.75,17.84271630143723,0.8039583104249133
36,135,8,6,LMM-1,8.17477990797383,17.539479445828015,0.8642701859280102
36,135,8,6,LMM-2,7.883333333333333,16.27271622984935,0.7399587797718907
36,135,8,8,LMM-1,8.053843063327532,17.449102227647714,0.8576823283167091
36,135,8,8,LMM-2,7.7875,16.121591425283622,0.6784998654054446
36,135,10,2,LMM-1,9.0,18.575892532642868,0.9287465597167103
36,135,10,2,LMM-2,8.7,17.556510629597007,0.9075682250686592
36,135,10,4,LMM-1,8.235146157218342,17.0580416370212,0.8792515267445775
36,135,10,4,LMM-2,7.9,15.80647909436274,0.8380781171722562
36,135,10,6,LMM-1,7.77835167001668,16.355571216329512,0.8762023430287732
36,135,10,6,LMM-2,7.2666666666666675,14.614721576892004,0.784301686106744
36,135,10,8,LMM-1,7.483434131209381,15.947516877845482,0.872314827929524
36,135,10,8,LMM-2,7.35,14.897477804259333,0.7257470460880195
37,136,4,2,LMM-1,13.5,28.04790848346271,0.8061746035116746
37,136,4,2,LMM-2,13.0,26.824986938811293,0.8268357579071038
37,136,4,4,LMM-1,13.0,27.47119709324383,0.6483537682562377
37,136,4,4,LMM-2,11.975,24.897680720531703,0.7211299813674108
37,136,4,6,LMM-1,12.5,26.746105435358466,0.5264218274121463
37,136,4,6,LMM-2,11.25,23.623592345176775,0.6337028324495056
37,136,4,8,LMM-1,11.875,25.61241374434071,0.43730923878928973
37,136,4,8,LMM-2,10.6875,22.655028465646023,0.5574427561081353
37,136,6,2,LMM-1,12.0,24.142623022879555,0.8414404378202208
37,136,6,2,LMM-2,11.25,22.303668778218317,0.8791828534493578
37,136,6,4,LMM-1,11.25,23.058050234682653,0.710025831998085
37,136,6,4,LMM-2,9.675,19.574563659630762,0.8073659236685847
37,136,6,6,LMM-1,10.833333333333334,22.444205137828458,0.6003775948332319
37,136,6,6,LMM-2,9.533333333333333,19.219157037173897,0.7531802937908398
37,136,6,8,LMM-1,10.367159743565045,21.73704953782664,0.551664422570596
37,136,6,8,LMM-2,9.375,19.301457020996274,0.6392992293117212
37,136,8,2,LMM-1,11.0,22.18361386736629,0.8522158242225512
37,136,8,2,LMM-2,10.45,20.33984838147563,0.9070201701786772
37,136,8,4,LMM-1,10.25,20.920465218693955,0.7335113993848609
37,136,8,4,LMM-2,9.125,17.997610227215468,0.835210122726848
37,136,8,6,LMM-1,9.833333333333334,20.183876544494684,0.6353451793282944
37,136,8,6,LMM-2,8.683333333333334,17.25482509965511,0.7723045004243846
37,136,8,8,LMM-1,9.75,20.099493025228053,0.5437756518632998
37,136,8,8,LMM-2,8.7125,17.4515603982853,0.701261272995019
37,136,10,2,LMM-1,9.5,18.20500135782738,0.8830939517141436
37,136,10,2,LMM-2,9.0,17.053480064908726,0.9188042875864599
37,136,10,4,LMM-1,9.0,17.64185588432234,0.779096329884742
37,136,10,4,LMM-2,8.325,16.140595722168243,0.8489922669457319
37,136,10,6,LMM-1,9.0,17.826492751501824,0.6794284170792556
37,136,10,6,LMM-2,7.833333333333333,15.227976311806259,0.8074029073684386
37,136,10,8,LMM-1,8.426714332817667,16.9860429572797,0.6423566175297541
37,136,10,8,LMM-2,7.4625,14.61767329011514,0.7734571822507347
38,137,4,2,LMM-1,11.0,23.867033488332844,0.8151982928520818
38,137,4,2,LMM-2,11.45,24.35137663155464,0.8354754762633814
38,137,4,4,LMM-1,10.51754766522772,23.114495285851056,0.7342719807122557
38,137,4,4,LMM-2,8.525,17.809794393590643,0.8105392262294556
38,137,4,6,LMM-1,10.373566091690687,22.59277228980816,0.6760664688087287
38,137,4,6,LMM-2,8.75,18.096624924220354,0.7382875769417282
38,137,4,8,LMM-1,9.883872250488567,21.753378035278054,0.5679458679191494
38,137,4,8,LMM-2,8.3,17.494425766788908,0.6646883599467375
38,137,6,2,LMM-1,10.5,21.76642859464252,0.9147228330531016
38,137,6,2,LMM-2,10.0,19.949876392467694,0.8934815903064249
38,137,6,4,LMM-1,10.016090561554014,20.90008207590067,0.84270664863515
38,137,6,4,LMM-2,9.85,19.808182904273213,0.7762599370363772
38,137,6,6,LMM-1,9.677369608539276,20.309332929518373,0.7756346089377234
38,137,6,6,LMM-2,9.516666666666667,19.23999538271564,0.6944343037620756
38,137,6,8,LMM-1,9.101431256007322,19.424221404391037,0.7703746784110355
38,137,6,8,LMM-2,8.95,18.288160266753454,0.6408459127982986
38,137,8,2,LMM-1,10.5,21.65215210378658,0.9138661746696718
38,137,8,2,LMM-2,9.8,19.325378563441394,0.9016222768269818
38,137,8,4,LMM-1,10.058970245988396,20.806151631589604,0.8436037325786195
38,137,8,4,LMM-2,9.75,19.350096165827846,0.7846403365721597
38,137,8,6,LMM-1,9.691439012211058,20.12840263361047,0.7786534924675017
38,137,8,6,LMM-2,9.15,18.29151358119459,0.7218572344618469
38,137,8,8,LMM-1,9.42651820126062,19.878645702250445,0.772002608463462
38,137,8,8,LMM-2,9.1,18.32970474894617,0.65048481978522
38,137,10,2,LMM-1,9.0,18.24995740190397,0.9352801501342276
38,137,10,2,LMM-2,8.1,15.947948753726783,0.9100506962673307
38,137,10,4,LMM-1,8.5,17.112144336286327,0.8312492445330198
38,137,10,4,LMM-2,7.65,14.86187587260701,0.8655352266995371
38,137,10,6,LMM-1,8.311878894054718,17.051334511617064,0.8290407170882454
38,137,10,6,LMM-2,7.933333333333333,15.697431865457494,0.7812709234091156
38,137,10,8,LMM-1,8.087661619653696,16.84229343283272,0.8253006104367078
38,137,10,8,LMM-2,7.8,15.45455328611109,0.7329676763007884
39,138,4,2,LMM-1,13.0,27.255379361951377,0.8077817866087944
39,138,4,2,LMM-2,12.2,25.102777569487376,0.8388729479924903
39,138,4,4,LMM-1,12.5,26.637373841169243,0.7288652113075456
39,138,4,4,LMM-2,11.2,22.81731676441196,0.7565978617599853
39,138,4,6,LMM-1,13.0,28.249645089026977,0.5549341033239173
39,138,4,6,LMM-2,11.566666666666666,24.37954135522564,0.6033615237096321
39,138,4,8,LMM-1,12.75,27.850343345467888,0.44156535259107066
39,138,4,8,LMM-2,11.075,23.481960055434417,0.5373484255383421
39,138,6,2,LMM-1,10.576937654208638,22.499046982529837,0.9193309344515208
39,138,6,2,LMM-2,10.6,21.548389817772904,0.8580523916539875
39,138,6,4,LMM-1,9.681800890901233,20.581929623499985,0.8524694651264486
39,138,6,4,LMM-2,9.575,19.281201852863294,0.7939888611932316
39,138,6,6,LMM-1,9.474876602740506,20.460560231334846,0.8452137619944775
39,138,6,6,LMM-2,9.633333333333333,19.66859649323697,0.6989864650216732
39,138,6,8,LMM-1,9.936940313942744,21.442593905205612,0.7546028907342721
39,138,6,8,LMM-2,9.95,20.446425186141603,0.6008260403491086
39,138,8,2,LMM-1,10.746141654287552,22.897861452864948,0.9214491561428739
39,138,8,2,LMM-2,10.3,20.687433156411736,0.8694617592984881
39,138,8,4,LMM-1,9.833441130066982,20.873012619851494,0.8569319500910385
39,138,8,4,LMM-2,9.35,18.868572595842775,0.7925958807608597
39,138,8,6,LMM-1,9.479212959205734,20.406713377951515,0.8494512346007654
39,138,8,6,LMM-2,8.95,18.125145461958233,0.7305842776987543
39,138,8,8,LMM-1,9.879616584292611,21.355428068374785,0.7642156721189
39,138,8,8,LMM-2,9.35,19.117283829841604,0.6379683734120658
39,138,10,2,LMM-1,10.0,20.525255886324356,0.9241581894736454
39,138,10,2,LMM-2,9.6,18.827296282818615,0.8959660248005437
39,138,10,4,LMM-1,9.028524594155153,18.747009772171005,0.8624288666067639
39,138,10,4,LMM-2,8.425,16.50373269044803,0.8588321467936024
39,138,10,6,LMM-1,8.958233930935904,18.880987916546697,0.8572005501364932
39,138,10,6,LMM-2,8.033333333333333,15.894230318202741,0.806021502433078
39,138,10,8,LMM-1,8.691804665356283,18.480667778924605,0.852036375375784
39,138,10,8,LMM-2,7.7625,15.448695421782006,0.7529998389520401
40,139,4,2,LMM-1,12.5,26.401159925577055,0.8088036632729338
40,139,4,2,LMM-2,11.6,23.996938320370727,0.8591507115838268
40,139,4,4,LMM-1,11.75,25.379592630170357,0.6579547258587096
40,139,4,4,LMM-2,10.85,23.062769492338806,0.7401813767732923
40,139,4,6,LMM-1,11.5,25.048327656992928,0.5325546522341555
40,139,4,6,LMM-2,10.75,23.11616036025746,0.6316322629750057
40,139,4,8,LMM-1,11.375,24.8437670760439,0.4329294628344747
40,139,4,8,LMM-2,10.6625,23.003587812978093,0.5403401089663389
40,139,6,2,LMM-1,11.5,23.261306906095363,0.8398220833556046
40,139,6,2,LMM-2,10.8,21.390128572183293,0.8918985433239032
40,139,6,4,LMM-1,11.75,24.193086614796012,0.6864909344103827
40,139,6,4,LMM-2,11.075,22.401754777253938,0.7704672188476787
40,139,6,6,LMM-1,11.333333333333334,23.435251453241086,0.5748206000566186
40,139,6,6,LMM-2,10.433333333333334,21.189449254109935,0.6943490616274371
40,139,6,8,LMM-1,10.875,22.629210424083123,0.48631385934723104
40,139,6,8,LMM-2,9.875,20.195742167887055,0.6293516129766938
40,139,8,2,LMM-1,10.65198847179931,21.45219616523749,0.9235726666506746
40,139,8,2,LMM-2,10.6,20.34827702455009,0.8907148410245309
40,139,8,4,LMM-1,9.869389662137124,20.023165185653546,0.8580114292503878
40,139,8,4,LMM-2,9.4,18.29274361413197,0.8298151018112302
40,139,8,6,LMM-1,10.521327217666496,21.265427024859445,0.7140142074226737
40,139,8,6,LMM-2,9.733333333333333,19.210058860628386,0.7302322087101285
40,139,8,8,LMM-1,10.022302566832094,20.396549771238014,0.6548317975548389
40,139,8,8,LMM-2,9.3125,18.481488019871886,0.6738472652758574
40,139,10,2,LMM-1,10.120386077522804,20.004785421014983,0.9344106501822681
40,139,10,2,LMM-2,8.65,16.307641363269017,0.9216491667967471
40,139,10,4,LMM-1,9.515992365819399,18.57414754346717,0.8260471895951227
40,139,10,4,LMM-2,7.775,14.773061658826427,0.8667566714583312
40,139,10,6,LMM-1,9.834195299220788,19.558031088030177,0.7485405744435248
40,139,10,6,LMM-2,8.433333333333334,16.35842381213118,0.778037420347555
40,139,10,8,LMM-1,9.375641465218227,18.791863160985404,0.6946113594298062
40,139,10,8,LMM-2,8.1625,15.945548066427554,0.726259704021521
41,140,4,2,LMM-1,15.5,31.767210636209075,0.7850074286481228
41,140,4,2,LMM-2,12.45,24.992947564107652,0.8637607709706365
41,140,4,4,LMM-1,14.75,30.30347859157328,0.6283735725047965
41,140,4,4,LMM-2,12.525,25.383258081506366,0.7359663102172642
41,140,4,6,LMM-1,13.666666666666666,28.397853746926938,0.5191453824878869
41,140,4,6,LMM-2,11.283333333333333,23.15827077515621,0.6656600275856946
41,140,4,8,LMM-1,13.0,27.10030237034406,0.43248317501601113
41,140,4,8,LMM-2,11.15,23.00635502484367,0.5813915392958153
41,140,6,2,LMM-1,15.5,30.911334550108904,0.793768020210608
41,140,6,2,LMM-2,11.0,21.48032222673176,0.8852602662674016
41,140,6,4,LMM-1,14.75,29.44777972195531,0.6424746991654489
41,140,6,4,LMM-2,12.1,23.83372007443217,0.7627417417691428
41,140,6,6,LMM-1,13.666666666666666,27.494779248102695,0.5371155076858082
41,140,6,6,LMM-2,11.666666666666666,23.271240419396122,0.6713913518342745
41,140,6,8,LMM-1,12.7701629271516,26.096399965832926,0.493424237350239
41,140,6,8,LMM-2,11.2125,22.45752693648037,0.6014512413262639
41,140,8,2,LMM-1,15.5,30.911334550108904,0.793768020210608
41,140,8,2,LMM-2,11.0,21.48032222673176,0.8852602662674016
41,140,8,4,LMM-1,14.75,29.44777972195531,0.6424746991654489
41,140,8,4,LMM-2,12.1,23.83372007443217,0.7627417417691428
41,140,8,6,LMM-1,13.666666666666666,27.542410856672156,0.5367138823763629
41,140,8,6,LMM-2,11.55,23.085713436673167,0.6722245055111451
41,140,8,8,LMM-1,13.0,26.24501700585123,0.4521037565000598
41,140,8,8,LMM-2,11.225,22.498503618757105,0.6017621869743046
41,140,10,2,LMM-1,15.5,30.911334550108904,0.793768020210608
41,140,10,2,LMM-2,11.0,21.48032222673176,0.8852602662674016
41,140,10,4,LMM-1,14.75,29.44777972195531,0.6424746991654489
41,140,10,4,LMM-2,12.1,23.83372007443217,0.7627417417691428
41,140,10,6,LMM-1,13.666666666666666,27.494779248102695,0.5371155076858082
41,140,10,6,LMM-2,11.233333333333333,22.400732733866267,0.6857970166170024
41,140,10,8,LMM-1,12.520388192036837,25.36322554605066,0.49524747506512207
41,140,10,8,LMM-2,10.2375,20.533683262760484,0.6392641355165798
42,141,4,2,LMM-1,16.0,31.40863189150806,0.8006446950722481
42,141,4,2,LMM-2,14.7,28.610922753363912,0.8295648329281808
42,141,4,4,LMM-1,15.25,30.149502348820914,0.6465960123006297
42,141,4,4,LMM-2,13.525,26.55727879821186,0.7132672334922128
42,141,4,6,LMM-1,14.333333333333334,28.574143890780128,0.5334550523746524
42,141,4,6,LMM-2,12.316666666666666,24.452393908665307,0.6327670128427597
42,141,4,8,LMM-1,13.375,26.843122598987726,0.452189345739503
42,141,4,8,LMM-2,11.325,22.73742258345873,0.5617799589907891
42,141,6,2,LMM-1,16.0,31.40863189150806,0.8006446950722481
42,141,6,2,LMM-2,14.7,28.610922753363912,0.8295648329281808
42,141,6,4,LMM-1,15.25,30.149502348820914,0.6465960123006297
42,141,6,4,LMM-2,13.525,26.55727879821186,0.7132672334922128
42,141,6,6,LMM-1,14.333333333333334,28.574143890780128,0.5334550523746524
42,141,6,6,LMM-2,12.316666666666666,24.452393908665307,0.6327670128427597
42,141,6,8,LMM-1,13.75,27.675161034909884,0.4397393739847327
42,141,6,8,LMM-2,11.6375,23.4443814831832,0.5598959545454609
42,141,8,2,LMM-1,16.0,31.40863189150806,0.8006446950722481
42,141,8,2,LMM-2,14.7,28.610922753363912,0.8295648329281808
42,141,8,4,LMM-1,15.25,30.149502348820914,0.6465960123006297
42,141,8,4,LMM-2,13.525,26.55727879821186,0.7132672334922128
42,141,8,6,LMM-1,14.333333333333334,28.574143890780128,0.5334550523746524
42,141,8,6,LMM-2,12.316666666666666,24.452393908665307,0.6327670128427597
42,141,8,8,LMM-1,13.75,27.675161034909884,0.4397393739847327
42,141,8,8,LMM-2,11.6375,23.4443814831832,0.5598959545454609
42,141,10,2,LMM-1,12.0,23.364087756113896,0.8464801914477924
42,141,10,2,LMM-2,11.35,21.930377580843345,0.8699271324878115
42,141,10,4,LMM-1,12.25,24.04241006865674,0.7054309481485702
42,141,10,4,LMM-2,10.525,20.5142576276199,0.7864173813186035
42,141,10,6,LMM-1,12.333333333333334,24.45374443274153,0.5840784873237552
42,141,10,6,LMM-2,9.633333333333333,19.01393349636199,0.7261775881424046
42,141,10,8,LMM-1,11.047581577521068,22.396115979554907,0.5846163319031197
42,141,10,8,LMM-2,9.5875,19.157297091948323,0.6302907940550837
43,142,4,2,LMM-1,13.0,29.249225966013874,0.7734312023537596
43,142,4,2,LMM-2,12.5,27.8613484118835,0.8060711092718034
43,142,4,4,LMM-1,12.5,27.949541705911457,0.6135142548792551
43,142,4,4,LMM-2,11.675,25.83980090332313,0.6872325182930148
43,142,4,6,LMM-1,12.166666666666666,26.88779125070417,0.5006707300229309
43,142,4,6,LMM-2,11.45,25.07559310955422,0.58508431267653
43,142,4,8,LMM-1,11.875,25.96739058321313,0.41453316735170737
43,142,4,8,LMM-2,11.225,24.348368801110382,0.5107991480497306
43,142,6,2,LMM-1,10.836833860332018,23.88421819535834,0.9872056120665755
43,142,6,2,LMM-2,10.35,20.846734897166517,0.8585990946419475
43,142,6,4,LMM-1,11.192321470675942,24.208966430758636,0.8922762511575376
43,142,6,4,LMM-2,10.25,20.46646961658336,0.7832627503206009
43,142,6,6,LMM-1,10.9620232858131,23.489927756528203,0.7431583464798447
43,142,6,6,LMM-2,10.066666666666666,20.4323317684133,0.6813229007808318
43,142,6,8,LMM-1,10.165433728472594,21.914803405435112,0.6881350415261702
43,142,6,8,LMM-2,9.4875,19.335344873695004,0.6337846401356161
43,142,8,2,LMM-1,10.0,21.439004371614608,0.989727913121909
43,142,8,2,LMM-2,10.1,20.15399094709698,0.8795608371326601
43,142,8,4,LMM-1,10.215250297507563,21.62552041149437,0.9086423230964445
43,142,8,4,LMM-2,9.675,19.324034619266843,0.7859024434084219
43,142,8,6,LMM-1,10.465630674034177,22.084055445845905,0.8173249255003976
43,142,8,6,LMM-2,10.016666666666667,20.07754722581578,0.6960092963586092
43,142,8,8,LMM-1,10.849204977722724,22.663044283231574,0.6783482128365025
43,142,8,8,LMM-2,10.2875,20.612540621444317,0.6043698409081885
43,142,10,2,LMM-1,9.627778159971282,20.190618978312205,0.9917047271745906
43,142,10,2,LMM-2,9.85,19.627003257557966,0.8658351168749057
43,142,10,4,LMM-1,10.248201052699109,20.815355233023453,0.842676059499533
43,142,10,4,LMM-2,10.025,19.958449749971237,0.7651314206347023
43,142,10,6,LMM-1,10.224143367912637,20.804545964777077,0.766377432952195
43,142,10,6,LMM-2,9.95,19.76215084138422,0.6860175016455663
43,142,10,8,LMM-1,9.789954917215894,20.266384520064566,0.7603421474372978
43,142,10,8,LMM-2,9.4,18.738682211802445,0.6350489674223116
44,143,4,2,LMM-1,12.329198338641064,29.37538752888176,0.9795977070903481
44,143,4,2,LMM-2,12.0,25.7198263104302,0.8268765578885976
44,143,4,4,LMM-1,12.225945987095574,28.10614139583002,0.7951139167806465
44,143,4,4,LMM-2,11.15,23.95949454073503,0.7331777631024134
44,143,4,6,LMM-1,11.51203021686287,26.58188343476387,0.7203319391684466
44,143,4,6,LMM-2,10.316666666666666,22.275245165615484,0.6546540691268887
44,143,4,8,LMM-1,11.195395005661382,26.099090370491933,0.7108507901538645
44,143,4,8,LMM-2,10.1,22.047102227473335,0.557943164935951
44,143,6,2,LMM-1,11.73270796437461,27.200280028084563,0.9827593745440956
44,143,6,2,LMM-2,10.95,23.264635097511203,0.8446041581132541
44,143,6,4,LMM-1,11.553325104019336,25.967288398721006,0.8226384633308079
44,143,6,4,LMM-2,10.55,22.15876386207974,0.7536430113348694
44,143,6,6,LMM-1,11.033899739266925,24.933491600140442,0.758450746217144
44,143,6,6,LMM-2,10.1,21.37293788133948,0.6702310809916072
44,143,6,8,LMM-1,10.45991697915867,23.818397721300748,0.7515842819891448
44,143,6,8,LMM-2,9.7375,20.534090498672207,0.6141828849213329
44,143,8,2,LMM-1,10.053237720187777,22.400369623025057,0.9863782656517083
44,143,8,2,LMM-2,12.0,26.67876814515526,0.8084820156471298
44,143,8,4,LMM-1,10.11015344179982,21.7932389651375,0.8437496122343122
44,143,8,4,LMM-2,9.9,20.715708762312964,0.760941811208779
44,143,8,6,LMM-1,9.230144407090867,19.8232643971702,0.794879023801327
44,143,8,6,LMM-2,9.233333333333333,19.464251204832156,0.6938532589895094
44,143,8,8,LMM-1,8.62694025076513,18.60949786868187,0.7906361829748654
44,143,8,8,LMM-2,8.9375,18.71458880132402,0.6385309867490097
44,143,10,2,LMM-1,8.747216193062416,18.30961329555891,0.9927405406912545
44,143,10,2,LMM-2,8.5,17.46470808226031,0.9050378729150111
44,143,10,4,LMM-1,8.470774152203948,17.606860013443583,0.9388777248829141
44,143,10,4,LMM-2,7.725,15.285421518358703,0.8577323543239826
44,143,10,6,LMM-1,8.637473143191851,17.916665620093433,0.8720321599478289
44,143,10,6,LMM-2,7.95,15.741982392706294,0.7920323627060806
44,143,10,8,LMM-1,8.30077064799715,17.34728897273661,0.8667829370016527
44,143,10,8,LMM-2,7.775,15.368919098211885,0.7484080480596369
45,144,4,2,LMM-1,19.5,39.545144906963216,0.7323867975244404
45,144,4,2,LMM-2,18.4,37.13373020117716,0.7520912773081978
45,144,4,4,LMM-1,18.75,38.18506952153978,0.5480496006565028
45,144,4,4,LMM-2,16.5,33.24347175824764,0.6182702408486158
45,144,4,6,LMM-1,17.833333333333332,36.591587732676146,0.41694285996248936
45,144,4,6,LMM-2,15.166666666666666,30.783857295508263,0.5180350782493993
45,144,4,8,LMM-1,17.0,35.13786728568617,0.32240680289369206
45,144,4,8,LMM-2,14.6375,30.083687565772244,0.4210909207305221
45,144,6,2,LMM-1,19.5,39.545144906963216,0.7323867975244404
45,144,6,2,LMM-2,18.4,37.13373020117716,0.7520912773081978
45,144,6,4,LMM-1,18.75,38.18506952153978,0.5480496006565028
45,144,6,4,LMM-2,16.5,33.24347175824764,0.6182702408486158
45,144,6,6,LMM-1,17.833333333333332,36.591587732676146,0.41694285996248936
45,144,6,6,LMM-2,15.166666666666666,30.783857295508263,0.5180350782493993
45,144,6,8,LMM-1,17.0,35.13786728568617,0.32240680289369206
45,144,6,8,LMM-2,14.6375,30.083687565772244,0.4210909207305221
45,144,8,2,LMM-1,19.5,39.545144906963216,0.7323867975244404
45,144,8,2,LMM-2,16.35,32.723465666163655,0.7862182427177208
45,144,8,4,LMM-1,18.75,38.18506952153978,0.5480496006565028
45,144,8,4,LMM-2,15.95,32.08791909731887,0.6324927358857713
45,144,8,6,LMM-1,17.833333333333332,36.591587732676146,0.41694285996248936
45,144,8,6,LMM-2,13.483333333333334,27.19417386220191,0.5781268296038504
45,144,8,8,LMM-1,17.0,35.09876072051445,0.3227231468243648
45,144,8,8,LMM-2,12.4875,25.427809970310385,0.504044176637205
45,144,10,2,LMM-1,12.5,24.921845044849125,0.8283380916416606
45,144,10,2,LMM-2,12.05,23.87884287882995,0.8539034639584988
45,144,10,4,LMM-1,11.75,23.563570869928665,0.7009816909234303
45,144,10,4,LMM-2,11.275,22.45974336414607,0.7537565163574255
45,144,10,6,LMM-1,12.0,24.172485391391547,0.5757792007310905
45,144,10,6,LMM-2,10.866666666666667,21.802044381224476,0.6611927003502476
45,144,10,8,LMM-1,11.75,23.817267325785778,0.47965255231836706
45,144,10,8,LMM-2,10.1875,20.569908203719255,0.5977017261245355
46,145,4,2,LMM-1,11.5,24.079244114280026,0.8227551464886671
46,145,4,2,LMM-2,10.75,22.20036323636041,0.8636947437609661
46,145,4,4,LMM-1,12.25,26.774073395720706,0.7123741528194263
46,145,4,4,LMM-2,11.325,23.64661189893341,0.7286851325153941
46,145,4,6,LMM-1,11.527310534653143,25.480997168390033,0.6476042874621151
46,145,4,6,LMM-2,10.833333333333332,22.743594234797328,0.6303776512514514
46,145,4,8,LMM-1,11.155833901746224,24.53893386481564,0.5372728860058016
46,145,4,8,LMM-2,10.525,22.20101013879382,0.5489480202928327
46,145,6,2,LMM-1,10.786308216023437,23.319281263205163,0.9150193728902989
46,145,6,2,LMM-2,9.5,18.321122231435183,0.9165461456134747
46,145,6,4,LMM-1,10.312968393390793,22.02551289198678,0.8376750690531798
46,145,6,4,LMM-2,9.4,18.96560239467282,0.8102695858055335
46,145,6,6,LMM-1,9.931439089479426,21.15645090895371,0.720438194556101
46,145,6,6,LMM-2,8.966666666666667,18.09343300427104,0.7482148069884642
46,145,6,8,LMM-1,9.459174833071156,20.303828108195837,0.6205592502406703
46,145,6,8,LMM-2,8.5,17.36330190313792,0.6903475383645572
46,145,8,2,LMM-1,9.07296204430995,18.6616056219651,0.9308462288422914
46,145,8,2,LMM-2,8.95,17.54363591211544,0.907362844183084
46,145,8,4,LMM-1,9.180073626465914,19.28236176908976,0.924437979792522
46,145,8,4,LMM-2,8.525,16.803852515835523,0.8263938515537544
46,145,8,6,LMM-1,8.692395419679993,18.4815811257083,0.9192455601466559
46,145,8,6,LMM-2,8.133333333333335,16.269192947046825,0.7462910092144166
46,145,8,8,LMM-1,9.599711802742245,20.399263823239604,0.8116118910964488
46,145,8,8,LMM-2,8.95,18.000811183835403,0.6445215615488655
46,145,10,2,LMM-1,9.1697949516395,18.448360029314237,0.938884187557257
46,145,10,2,LMM-2,8.45,16.151661888871615,0.9191690785167909
46,145,10,4,LMM-1,9.067700519131453,18.68517208844115,0.9346340964514253
46,145,10,4,LMM-2,9.025,17.536265082029697,0.8114374682164582
46,145,10,6,LMM-1,8.457380532434858,17.615551866776176,0.9294325936636815
46,145,10,6,LMM-2,8.366666666666667,16.380457804180406,0.7600133753462314
46,145,10,8,LMM-1,7.999640445515264,16.794892017022285,0.9251830241168799
46,145,10,8,LMM-2,7.5375,14.963656135443008,0.7311263992653383
47,146,4,2,LMM-1,17.5,39.312479798653655,0.7135688490122631
47,146,4,2,LMM-2,16.7,37.333454337244156,0.7326704068748521
47,146,4,4,LMM-1,16.0,35.74198651706686,0.5452864567884188
47,146,4,4,LMM-2,13.45,29.71261439204785,0.6291985807255583
47,146,4,6,LMM-1,15.0,33.26529758451625,0.4361520082734268
47,146,4,6,LMM-2,12.883333333333335,28.266743649156428,0.541727761775834
47,146,4,8,LMM-1,14.25,31.56046181522506,0.3528381699391173
47,146,4,8,LMM-2,12.3125,26.898345033782114,0.4762819942542088
47,146,6,2,LMM-1,11.458489145127233,25.75470701176912,0.9848715650873829
47,146,6,2,LMM-2,11.6,24.060535891563838,0.8382396672502065
47,146,6,4,LMM-1,11.14141645369249,25.19353208528643,0.9712422779236022
47,146,6,4,LMM-2,11.2,23.627240486553895,0.7096379660663928
47,146,6,6,LMM-1,10.872415843498771,24.77498403439408,0.9580170415313422
47,146,6,6,LMM-2,10.8,23.054137127625285,0.6095069436473193
47,146,6,8,LMM-1,10.840860061264513,24.76830685262531,0.9455640646932395
47,146,6,8,LMM-2,10.55,22.500849625175576,0.5287380389862133
47,146,8,2,LMM-1,9.879339483512878,20.969487738561334,0.990448843853709
47,146,8,2,LMM-2,10.6,21.416147415018873,0.874488887293509
47,146,8,4,LMM-1,9.68235188587464,20.6436662283676,0.9820801515711466
47,146,8,4,LMM-2,10.375,21.25637239230731,0.7733871714667225
47,146,8,6,LMM-1,9.212742838080796,19.823197836158833,0.974875993894264
47,146,8,6,LMM-2,9.166666666666668,18.760486092851973,0.7275225760643664
47,146,8,8,LMM-1,9.148990793397278,19.762172367652326,0.9673263373747607
47,146,8,8,LMM-2,9.05,18.680549995447677,0.645939922735628
47,146,10,2,LMM-1,9.879340035885102,20.970716521865093,0.9904487357237672
47,146,10,2,LMM-2,9.85,19.34953662528135,0.9048291832141935
47,146,10,4,LMM-1,9.513363416252094,20.327444533009036,0.9823558683293012
47,146,10,4,LMM-2,9.05,17.888731701194992,0.8407428671084057
47,146,10,6,LMM-1,9.158055336065734,19.724580681601374,0.9750550408403612
47,146,10,6,LMM-2,8.6,17.244546979173343,0.7795764128000913
47,146,10,8,LMM-1,9.148990793397278,19.762172367652326,0.9673263373747607
47,146,10,8,LMM-2,8.1125,16.178812394806027,0.73936139567939
48,147,4,2,LMM-1,11.5,23.93681245734177,0.8227079244677571
48,147,4,2,LMM-2,10.9,22.227607959291692,0.8667178450209369
48,147,4,4,LMM-1,11.542715591771909,24.78643140392474,0.7381824714789069
48,147,4,4,LMM-2,11.5,23.34086161433148,0.7332570255395152
48,147,4,6,LMM-1,11.694889772959815,25.465510647544,0.5871608081297967
48,147,4,6,LMM-2,11.216666666666667,23.52294485123182,0.6294749970757252
48,147,4,8,LMM-1,11.083520986824645,24.763698018486608,0.5814340092374543
48,147,4,8,LMM-2,10.8875,23.089017724565977,0.5289256545109928
48,147,6,2,LMM-1,10.95965746334152,23.298610911978766,0.9178324077733844
48,147,6,2,LMM-2,10.55,21.213675708778705,0.8758744833873771
48,147,6,4,LMM-1,11.432591035692118,24.354188003977885,0.822467791886665
48,147,6,4,LMM-2,10.95,22.433773308922,0.7378059762566951
48,147,6,6,LMM-1,11.289111458865474,24.42645488349218,0.6688975328222706
48,147,6,6,LMM-2,10.833333333333332,22.79112695802256,0.6285759950041065
48,147,6,8,LMM-1,11.216656830431813,24.189415687348436,0.5510118389956815
48,147,6,8,LMM-2,10.75,22.682441032238266,0.5356521297875259
48,147,8,2,LMM-1,9.5,20.064080668146854,0.9911172982515664
48,147,8,2,LMM-2,9.5,18.498250866642618,0.9087936613276877
48,147,8,4,LMM-1,9.446884868789093,20.146815638112244,0.9827908955881675
48,147,8,4,LMM-2,8.9,17.54183057999543,0.8476837748403321
48,147,8,6,LMM-1,9.298170549543784,19.67156517281209,0.9010041369673877
48,147,8,6,LMM-2,8.7,17.29675552875836,0.781649337225143
48,147,8,8,LMM-1,9.458896901244868,19.971900782991675,0.8175742227163679
48,147,8,8,LMM-2,8.8375,17.713998425829757,0.7102227377171678
48,147,10,2,LMM-1,9.127915410903226,18.7336815512436,0.992828217058006
48,147,10,2,LMM-2,8.45,16.127106515386412,0.931259233207047
48,147,10,4,LMM-1,9.191335191710635,18.662313318822534,0.9318858235554378
48,147,10,4,LMM-2,8.8,17.028788227659735,0.8498919502640497
48,147,10,6,LMM-1,8.561535298735595,17.619090877692717,0.9271547699060723
48,147,10,6,LMM-2,7.933333333333333,15.481083214147446,0.7959664867806026
48,147,10,8,LMM-1,8.20755575335381,17.114066253678708,0.9211996632586082
48,147,10,8,LMM-2,7.675,15.406232233687797,0.7390304216853334
49,148,4,2,LMM-1,12.0,25.407544264899645,0.8835713562812328
49,148,4,2,LMM-2,11.55,23.746294203886237,0.843488824510732
49,148,4,4,LMM-1,10.93529936681544,23.462795241696305,0.8164273875639706
49,148,4,4,LMM-2,10.375,21.01051191680167,0.7608681140493301
49,148,4,6,LMM-1,10.374629945154092,22.126443452067697,0.7577296623141297
49,148,4,6,LMM-2,9.75,19.68988010862776,0.6874455966105631
49,148,4,8,LMM-1,10.494741280616209,22.657880813525733,0.7485837559467416
49,148,4,8,LMM-2,9.5875,19.37247635156992,0.6273501615980465
49,148,6,2,LMM-1,9.663441721114111,20.84894706153562,0.9902203962568746
49,148,6,2,LMM-2,9.15,18.016265180707926,0.8937236559727486
49,148,6,4,LMM-1,9.499218016072886,20.353714796069223,0.9193002280021897
49,148,6,4,LMM-2,8.525,16.916814621572303,0.8274640532252171
49,148,6,6,LMM-1,9.66627211583749,20.56070626054634,0.8349410339733945
49,148,6,6,LMM-2,8.8,17.77341958811629,0.7379615790663683
49,148,6,8,LMM-1,9.499713572562548,20.170039293022008,0.7202697098437107
49,148,6,8,LMM-2,8.625,17.37616937086279,0.6840471246775361
49,148,8,2,LMM-1,9.323019919505198,19.449483021047193,0.9930997079515163
49,148,8,2,LMM-2,8.5,16.863463482670333,0.9266050272264007
49,148,8,4,LMM-1,8.45657034419171,17.82633046305603,0.9872931291169079
49,148,8,4,LMM-2,7.875,15.644352112519869,0.8743733048747988
49,148,8,6,LMM-1,8.13617375091601,17.236220044596887,0.9809731326889924
49,148,8,6,LMM-2,7.8,15.514851396404017,0.7954610292284023
49,148,8,8,LMM-1,8.594421070866861,18.11512386013426,0.8921565810384442
49,148,8,8,LMM-2,7.8125,15.651477285190683,0.742672319566742
49,148,10,2,LMM-1,7.986579917895604,15.802903604912803,0.9954915580583561
49,148,10,2,LMM-2,8.2,16.44395745102532,0.9378226770764704
49,148,10,4,LMM-1,7.587834886643783,15.119580128372775,0.991728748163297
49,148,10,4,LMM-2,7.35,14.488966358631624,0.8993966666212513
49,148,10,6,LMM-1,7.876898431500486,15.735221885055068,0.889112070463718
49,148,10,6,LMM-2,7.383333333333333,14.558286065939551,0.8171594306548704
49,148,10,8,LMM-1,7.433037377433346,14.941552589212256,0.8850359466533766
49,148,10,8,LMM-2,7.175,14.161527883226691,0.7731323916438378
50,149,4,2,LMM-1,11.0,23.20496862516452,0.8261725265358283
50,149,4,2,LMM-2,10.4,21.552104860035747,0.8714101939516109
50,149,4,4,LMM-1,10.75,22.72830833811394,0.6909923421485585
50,149,4,4,LMM-2,9.575,19.960905444592107,0.775063371377869
50,149,4,6,LMM-1,10.179835950689597,21.961006157046636,0.632596595894258
50,149,4,6,LMM-2,9.016666666666667,18.74367908425159,0.7229421988302973
50,149,4,8,LMM-1,9.904338587587056,21.62902991061646,0.5782749648722303
50,149,4,8,LMM-2,9.0125,18.986012746984912,0.630049601025494
50,149,6,2,LMM-1,10.0,20.864877110164507,0.8412182211599829
50,149,6,2,LMM-2,9.8,19.80194510765746,0.8803582425038176
50,149,6,4,LMM-1,10.5,21.725713259961612,0.7032674520265899
50,149,6,4,LMM-2,9.7,19.750698534957248,0.7764378825541056
50,149,6,6,LMM-1,9.833333333333334,20.67813389726441,0.6492931161799784
50,149,6,6,LMM-2,9.0,18.47467737003324,0.7025045876290277
50,149,6,8,LMM-1,9.686987265877622,20.79685771850699,0.6426342567631899
50,149,6,8,LMM-2,8.9375,18.50510577583827,0.62413390736769
50,149,8,2,LMM-1,9.0,18.325183796328044,0.8665041282476643
50,149,8,2,LMM-2,8.6,17.011659231285574,0.9091594086433725
50,149,8,4,LMM-1,9.25,18.92151164511401,0.7409552393348536
50,149,8,4,LMM-2,8.65,17.370020294362497,0.8082669820680299
50,149,8,6,LMM-1,8.5,17.663048679613098,0.6969856086409767
50,149,8,6,LMM-2,8.116666666666667,16.456103996151864,0.74109182004263
50,149,8,8,LMM-1,8.68796033676164,18.37402888368008,0.6951044854278134
50,149,8,8,LMM-2,7.9875,16.243065575101006,0.6715477537926503
50,149,10,2,LMM-1,8.0,15.835298018037133,0.8927255725031389
50,149,10,2,LMM-2,6.9,13.328788127259028,0.9579443400883123
50,149,10,4,LMM-1,7.261785653930323,14.666593792192382,0.8483811990606887
50,149,10,4,LMM-2,7.075,13.713022939044134,0.9078386203596759
50,149,10,6,LMM-1,7.507943797612914,15.163578464817245,0.7498921331180413
50,149,10,6,LMM-2,6.85,13.476193864698052,0.8541784154857142
50,149,10,8,LMM-1,7.166686192084332,14.735476174125546,0.7485015963834657
50,149,10,8,LMM-2,6.875,13.58045188219547,0.8033264579603312
51,150,4,2,LMM-1,20.0,41.70337387573021,0.7180388092258584
51,150,4,2,LMM-2,18.7,38.50137030605151,0.7696008017671474
51,150,4,4,LMM-1,19.0,39.6573645944874,0.5334687919794944
51,150,4,4,LMM-2,17.95,37.22989080579449,0.5907531515194508
51,150,4,6,LMM-1,18.333333333333332,38.38462648866136,0.4002648041873188
51,150,4,6,LMM-2,16.25,33.693570230029856,0.49956433899100194
51,150,4,8,LMM-1,17.625,37.10449804350438,0.3052287743357869
51,150,4,8,LMM-2,15.225,31.677372832080323,0.41097254675090156
51,150,6,2,LMM-1,16.5,33.59644793326452,0.7735630711011401
51,150,6,2,LMM-2,11.95,23.765513888641728,0.8611823868052045
51,150,6,4,LMM-1,15.25,31.1848002472833,0.6220154037135097
51,150,6,4,LMM-2,11.85,23.60633117388495,0.7454520175325763
51,150,6,6,LMM-1,14.666666666666666,30.17606779967382,0.49875360997311924
51,150,6,6,LMM-2,11.7,23.453485583277526,0.6432631566991759
51,150,6,8,LMM-1,14.25,29.37891938261378,0.4033381877700514
51,150,6,8,LMM-2,11.2375,22.550499338850866,0.5879481881113783
51,150,8,2,LMM-1,15.0,30.716244983638052,0.7888686350122165
51,150,8,2,LMM-2,10.9,21.58079015342698,0.8790319895811189
51,150,8,4,LMM-1,14.0,28.672017149940928,0.6438408238753031
51,150,8,4,LMM-2,11.55,23.15239829474736,0.7492608809418302
51,150,8,6,LMM-1,13.333333333333334,27.40046667581202,0.5306479145719838
51,150,8,6,LMM-2,11.216666666666667,22.651324959556128,0.64918109252672
51,150,8,8,LMM-1,12.625,26.121600089333235,0.4444678518377215
51,150,8,8,LMM-2,11.0875,22.415755280859607,0.5721996891706682
51,150,10,2,LMM-1,14.0,28.255710699670082,0.8078162695564151
51,150,10,2,LMM-2,9.9,19.133807679857515,0.9079753018656342
51,150,10,4,LMM-1,13.0,26.21198154274553,0.6751241373644262
51,150,10,4,LMM-2,10.15,19.723241756239325,0.8234090077236006
51,150,10,6,LMM-1,12.5,25.300797797284307,0.5638189762970944
51,150,10,6,LMM-2,9.916666666666666,19.38061739991964,0.7537938518375931
51,150,10,8,LMM-1,12.0,24.464418891837802,0.4738866391037595
51,150,10,8,LMM-2,9.8,19.349517764371722,0.6691371143748571
52,151,4,2,LMM-1,13.0,28.068225878214697,0.7964861725097452
52,151,4,2,LMM-2,12.25,26.15880256455565,0.8283716167260551
52,151,4,4,LMM-1,12.75,27.48132061708831,0.640085940438204
52,151,4,4,LMM-2,11.525,24.461041461728552,0.7093844905009515
52,151,4,6,LMM-1,12.833333333333334,28.060682844031653,0.5009733888571644
52,151,4,6,LMM-2,11.25,24.160425498415055,0.6033646560755872
52,151,4,8,LMM-1,12.5,27.33172652199314,0.40864502602259345
52,151,4,8,LMM-2,11.1875,24.120957403918386,0.5073023762188223
52,151,6,2,LMM-1,13.0,27.36394274117314,0.8037897132245305
52,151,6,2,LMM-2,12.1,25.037194988775088,0.8518825708504408
52,151,6,4,LMM-1,12.75,26.77676999171151,0.6518866347457182
52,151,6,4,LMM-2,11.875,24.5523856917211,0.7310823603210179
52,151,6,6,LMM-1,12.166666666666666,25.648539487754835,0.5384099273764349
52,151,6,6,LMM-2,11.45,23.777666875697395,0.630762640493238
52,151,6,8,LMM-1,11.75,24.71096126839932,0.4512336071291382
52,151,6,8,LMM-2,11.0875,22.97377785985692,0.5557374641971242
52,151,8,2,LMM-1,12.0,24.399103658999085,0.8270043960496194
52,151,8,2,LMM-2,10.9,21.682127357734892,0.8863415874117553
52,151,8,4,LMM-1,11.25,23.156343832793745,0.6932015003968648
52,151,8,4,LMM-2,11.15,22.310822810628498,0.7668651788848765
52,151,8,6,LMM-1,11.0,22.77794687036632,0.5793390536920107
52,151,8,6,LMM-2,10.716666666666665,21.592912802529966,0.6789251320673959
52,151,8,8,LMM-1,10.857651904161079,22.532111553366242,0.5354045216543115
52,151,8,8,LMM-2,10.2625,20.713922696502255,0.6148213295592686
52,151,10,2,LMM-1,10.0,19.531161726788813,0.8727893970118779
52,151,10,2,LMM-2,9.25,17.93323912709699,0.9111263638548805
52,151,10,4,LMM-1,9.75,19.13532535508841,0.7621638436337994
52,151,10,4,LMM-2,9.275,18.089721550005244,0.826527568467508
52,151,10,6,LMM-1,9.652535771628958,19.41931343487774,0.7616106117860437
52,151,10,6,LMM-2,8.9,17.405487887872617,0.7699769143123167
52,151,10,8,LMM-1,9.114239964698383,18.535563196193316,0.7224231329836497
52,151,10,8,LMM-2,7.875,15.464248634388255,0.7562355458183821
53,152,4,2,LMM-1,11.5,25.27418543944199,0.9041154655478835
53,152,4,2,LMM-2,11.3,23.681509010996255,0.8431435424227974
53,152,4,4,LMM-1,11.330846478090743,25.448317009949687,0.8908361375646295
53,152,4,4,LMM-2,10.775,22.60351350490469,0.7346747868768506
53,152,4,6,LMM-1,11.50711047978978,26.1198568833348,0.878333391229965
53,152,4,6,LMM-2,10.75,22.631340781627443,0.631420287598079
53,152,4,8,LMM-1,11.160881866139814,25.51732542013188,0.8668144567937304
53,152,4,8,LMM-2,10.475,22.10400970151237,0.5529778969700887
53,152,6,2,LMM-1,10.83294113708623,23.948669723754005,0.98777282298181
53,152,6,2,LMM-2,9.8,20.07521413990122,0.8613365611761508
53,152,6,4,LMM-1,10.836857214510058,23.681389483351744,0.89682035096069
53,152,6,4,LMM-2,9.675,19.92007547384639,0.7660206351630179
53,152,6,6,LMM-1,10.371457997766639,22.943887513177238,0.8870834628027227
53,152,6,6,LMM-2,9.55,19.899125903416067,0.6908653894021117
53,152,6,8,LMM-1,10.180845014624783,22.76473052644239,0.8787331688556919
53,152,6,8,LMM-2,9.2625,19.40426496197804,0.6224725369661657
53,152,8,2,LMM-1,9.5,19.962159299765492,0.9289410389007251
53,152,8,2,LMM-2,9.25,18.723375785903674,0.891253644711143
53,152,8,4,LMM-1,9.533798592740572,20.46402062699281,0.9206760201216213
53,152,8,4,LMM-2,9.55,19.508394178456832,0.7801340746888338
53,152,8,6,LMM-1,9.573870650592422,20.83213111171957,0.9135875357010501
53,152,8,6,LMM-2,9.3,19.12699642282977,0.7090411135703248
53,152,8,8,LMM-1,9.356205708523824,20.622552684007214,0.9057317741933467
53,152,8,8,LMM-2,9.4375,19.600887299410395,0.6193885038000186
53,152,10,2,LMM-1,8.909672473630518,19.006614355728242,0.9922468520855116
53,152,10,2,LMM-2,8.7,17.731951411947016,0.8885246579729367
53,152,10,4,LMM-1,8.728805037015203,18.469024631452026,0.9337208796300043
53,152,10,4,LMM-2,7.725,15.317485412841151,0.8539415074341324
53,152,10,6,LMM-1,8.722631715802686,18.736255869237063,0.9279746590633534
53,152,10,6,LMM-2,8.416666666666668,17.113037349067024,0.7386048472656099
53,152,10,8,LMM-1,8.32483396547234,17.98665592918836,0.9227794222559627
53,152,10,8,LMM-2,7.7,15.593982135139445,0.7179817916141401
54,153,4,2,LMM-1,16.0,33.65432675136309,0.766453522827353
54,153,4,2,LMM-2,15.8,33.323012205950405,0.7687413200247142
54,153,4,4,LMM-1,16.25,35.01601051045485,0.5649289618514282
54,153,4,4,LMM-2,14.75,31.690268121212075,0.6205437768956025
54,153,4,6,LMM-1,16.166666666666668,34.88460046928695,0.4230220422140958
54,153,4,6,LMM-2,14.5,31.183095350726187,0.5023643550745244
54,153,4,8,LMM-1,16.125,34.96202292854424,0.3143854443282879
54,153,4,8,LMM-2,13.85,29.84066725423611,0.4220099164847501
54,153,6,2,LMM-1,13.5,28.666134979833867,0.7960977878768052
54,153,6,2,LMM-2,13.05,27.58627891185056,0.8102177891484039
54,153,6,4,LMM-1,15.0,32.32612769355772,0.5914499390914116
54,153,6,4,LMM-2,14.05,30.323747746137325,0.6320978729256373
54,153,6,6,LMM-1,15.333333333333334,33.047907807401835,0.4440510110305354
54,153,6,6,LMM-2,12.85,27.527811824815394,0.5492812367740866
54,153,6,8,LMM-1,15.045506645665872,32.94706504432316,0.37744598106387306
54,153,6,8,LMM-2,14.025,30.428656239488646,0.408510300594857
54,153,8,2,LMM-1,14.5,31.370661428104647,0.7724057750663718
54,153,8,2,LMM-2,14.1,30.46546108278995,0.7972714682528648
54,153,8,4,LMM-1,14.0,30.3782059003917,0.6071796143827584
54,153,8,4,LMM-2,13.4,29.099391310398214,0.6530500299787889
54,153,8,6,LMM-1,13.666666666666666,29.689168405655778,0.4794568304295056
54,153,8,6,LMM-2,12.766666666666667,27.782188423693395,0.552189448564025
54,153,8,8,LMM-1,12.75,27.53497160364327,0.4033674831124768
54,153,8,8,LMM-2,11.95,25.836555790712186,0.4862300603793382
54,153,10,2,LMM-1,10.080980318155593,21.270229941452772,0.9263105783668134
54,153,10,2,LMM-2,10.95,21.541721754494095,0.8882256689807855
54,153,10,4,LMM-1,9.765433200388017,20.721487954085905,0.8579760552410493
54,153,10,4,LMM-2,10.7,21.045270256648966,0.7827662076170412
54,153,10,6,LMM-1,9.380882044335868,19.902057200402144,0.7407812100824641
54,153,10,6,LMM-2,9.716666666666665,19.380366575797133,0.7243396798231212
54,153,10,8,LMM-1,10.200877800510522,21.48872409725981,0.6086175109365515
54,153,10,8,LMM-2,9.4125,19.13963456119368,0.6526761529720616
55,154,4,2,LMM-1,12.5,26.951605961775677,0.8935997922983047
55,154,4,2,LMM-2,12.0,24.584352736591505,0.8556081722253559
55,154,4,4,LMM-1,12.624565007338294,27.658077409972037,0.781979264237045
55,154,4,4,LMM-2,12.2,25.452479996174752,0.7204559302334979
55,154,4,6,LMM-1,12.513083101410384,27.24242995709911,0.629877636333406
55,154,4,6,LMM-2,12.216666666666667,25.602423953067238,0.6149415156494618
55,154,4,8,LMM-1,12.475196093641257,27.404386650065085,0.5562315433357508
55,154,4,8,LMM-2,12.0625,25.48324198902304,0.5133210041889321
55,154,6,2,LMM-1,10.5,22.11053321314572,0.9110707064513892
55,154,6,2,LMM-2,10.3,20.82436825229354,0.8598558055533874
55,154,6,4,LMM-1,11.459941689314842,24.43162285779217,0.8017896475970687
55,154,6,4,LMM-2,11.1,22.75381032618305,0.7366917600753643
55,154,6,6,LMM-1,12.154390642280006,26.113814098736544,0.6284047025473928
55,154,6,6,LMM-2,11.633333333333333,24.300032988892173,0.6189613287656438
55,154,6,8,LMM-1,11.365784055055904,24.193409139951218,0.5456421524758345
55,154,6,8,LMM-2,10.8,22.40561243059185,0.5698853266024744
55,154,8,2,LMM-1,8.74953521143899,18.340282177478926,0.9921020597163863
55,154,8,2,LMM-2,9.4,18.891569756605627,0.8700267063233806
55,154,8,4,LMM-1,8.896496551930472,18.634797291540046,0.9851190433677092
55,154,8,4,LMM-2,8.725,17.373451446475475,0.7955882802508201
55,154,8,6,LMM-1,8.725042838421226,18.246777012418214,0.9081462737321508
55,154,8,6,LMM-2,8.566666666666666,17.033877786917564,0.7271497511979794
55,154,8,8,LMM-1,8.2028659265079,17.355147347077395,0.9031289279337826
55,154,8,8,LMM-2,7.8,15.629528591178396,0.6966394553219037
55,154,10,2,LMM-1,8.792934258379876,17.986019782526306,0.992840905451174
55,154,10,2,LMM-2,8.35,16.04498315945326,0.9046812726817753
55,154,10,4,LMM-1,8.681667625029423,17.78090677652653,0.9871780507396062
55,154,10,4,LMM-2,8.475,16.33130854660185,0.8320684533228542
55,154,10,6,LMM-1,8.035387062207857,16.537480099820513,0.9387490457502905
55,154,10,6,LMM-2,7.3,14.164269748304871,0.806989336947016
55,154,10,8,LMM-1,7.812974972362772,16.167024630279677,0.9345659824392867
55,154,10,8,LMM-2,6.825,13.257593731818375,0.7818693793612853
56,155,4,2,LMM-1,14.0,29.348028703804978,0.7969775440669019
56,155,4,2,LMM-2,13.1,27.05044093110171,0.829880453351211
56,155,4,4,LMM-1,13.25,28.101136646231133,0.6417011716966947
56,155,4,4,LMM-2,11.75,24.22073147191595,0.737436003389079
56,155,4,6,LMM-1,13.5,29.242430021391705,0.4883776773362027
56,155,4,6,LMM-2,12.233333333333334,25.9050562273214,0.5835283907699149
56,155,4,8,LMM-1,12.905782882934215,28.175485299571257,0.4383322030096731
56,155,4,8,LMM-2,12.2125,25.95062613650564,0.48284850460762485
56,155,6,2,LMM-1,11.0,22.32469338639813,0.8491709446139728
56,155,6,2,LMM-2,11.9,23.846973819839764,0.8686823499344097
56,155,6,4,LMM-1,10.25,21.07866470624531,0.7284697103029621
56,155,6,4,LMM-2,11.575,23.59192992331084,0.7505115858191143
56,155,6,6,LMM-1,9.594184938988414,20.31483545006672,0.7298096122414999
56,155,6,6,LMM-2,9.666666666666668,19.596358256363796,0.7226948742145435
56,155,6,8,LMM-1,10.119134061996068,21.706994272913654,0.6399412146610797
56,155,6,8,LMM-2,10.125,21.02762320599131,0.593807608574491
56,155,8,2,LMM-1,11.0,21.858744927960487,0.8549706519257594
56,155,8,2,LMM-2,10.5,20.418401582726688,0.8937929827757438
56,155,8,4,LMM-1,10.25,20.612738285244426,0.7384557688303113
56,155,8,4,LMM-2,9.7,19.16042412869829,0.7981189518553736
56,155,8,6,LMM-1,9.575181676637708,19.680855605824398,0.742584519720306
56,155,8,6,LMM-2,9.316666666666666,18.560340176629783,0.7304838275965968
56,155,8,8,LMM-1,8.51198549799646,17.721184076176623,0.7431599997743227
56,155,8,8,LMM-2,8.3125,16.799409787205697,0.7025337435701281
56,155,10,2,LMM-1,10.0,19.12849085802261,0.8768909113620289
56,155,10,2,LMM-2,9.35,17.636521079249423,0.912682375584031
56,155,10,4,LMM-1,9.25,17.88284118599556,0.7767957044224807
56,155,10,4,LMM-2,8.625,16.524163786175684,0.8237058948455888
56,155,10,6,LMM-1,7.910086125341985,15.524266557734611,0.7813437643165919
56,155,10,6,LMM-2,7.833333333333333,15.093254128829063,0.7904117473728642
56,155,10,8,LMM-1,7.568241746954991,15.049794029656079,0.7827430662722197
56,155,10,8,LMM-2,7.275,14.106958808518396,0.7563401607348779
57,156,4,2,LMM-1,16.5,34.055469949029344,0.7688532895829743
57,156,4,2,LMM-2,15.5,31.762801417300317,0.7925433141337392
57,156,4,4,LMM-1,16.0,32.99385706084367,0.6026134347881611
57,156,4,4,LMM-2,14.25,29.02199486749827,0.6662430051328554
57,156,4,6,LMM-1,15.333333333333334,31.684796115908075,0.4790715236742842
57,156,4,6,LMM-2,13.6,27.777457499249344,0.5602330531769864
57,156,4,8,LMM-1,14.5,30.154300987628904,0.389130201957441
57,156,4,8,LMM-2,12.2125,25.02372589801996,0.513470397676751
57,156,6,2,LMM-1,13.5,27.696109933122045,0.8095684717483124
57,156,6,2,LMM-2,13.4,27.484992353582605,0.8136441169405424
57,156,6,4,LMM-1,13.0,26.635019893099702,0.668105365718413
57,156,6,4,LMM-2,12.35,25.049801573715616,0.7198838547432744
57,156,6,6,LMM-1,12.333333333333334,25.32665607904853,0.5592192105042774
57,156,6,6,LMM-2,11.533333333333333,23.35764308250484,0.6395044214176587
57,156,6,8,LMM-1,12.25,25.22030833091349,0.46035426032517535
57,156,6,8,LMM-2,11.45,23.39807764473959,0.5521891664179545
57,156,8,2,LMM-1,13.5,27.350089523191496,0.8140933255376746
57,156,8,2,LMM-2,13.1,26.471207575740685,0.8279934965309431
57,156,8,4,LMM-1,13.0,26.289044282008167,0.6755943805208491
57,156,8,4,LMM-2,12.0,24.04074009805111,0.7308820407800697
57,156,8,6,LMM-1,12.333333333333334,24.98074019974235,0.5686477227177538
57,156,8,6,LMM-2,11.55,23.254615894114753,0.6328990233183898
57,156,8,8,LMM-1,11.5,23.45119114980041,0.4889967915339401
57,156,8,8,LMM-2,10.6,21.425950728107182,0.587394989890583
57,156,10,2,LMM-1,13.5,27.350089523191496,0.8140933255376746
57,156,10,2,LMM-2,13.1,26.471207575740685,0.8279934965309431
57,156,10,4,LMM-1,13.0,26.289044282008167,0.6755943805208491
57,156,10,4,LMM-2,12.0,24.04074009805111,0.7308820407800697
57,156,10,6,LMM-1,12.333333333333334,24.98074019974235,0.5686477227177538
57,156,10,6,LMM-2,11.55,23.254615894114753,0.6328990233183898
57,156,10,8,LMM-1,11.5,23.45119114980041,0.4889967915339401
57,156,10,8,LMM-2,10.35,20.776802127851674,0.5937256746173871
58,157,4,2,LMM-1,11.329628649096964,24.630948900614037,0.9134418667378987
58,157,4,2,LMM-2,10.15,20.67120857229947,0.8768131536799855
58,157,4,4,LMM-1,11.038471256830324,24.598771259267004,0.9015538705143327
58,157,4,4,LMM-2,9.625,19.496246798042044,0.799239813675953
58,157,4,6,LMM-1,11.415492277490412,24.967634189964862,0.7335263293726271
58,157,4,6,LMM-2,9.583333333333332,19.481927740196063,0.7123484805981974
58,157,4,8,LMM-1,11.122676826658765,24.772825575777645,0.7227251259217177
58,157,4,8,LMM-2,9.325,19.103967981530424,0.6351738077230318
58,157,6,2,LMM-1,9.92321171140854,20.782810618017958,0.9243404837224677
58,157,6,2,LMM-2,9.25,18.576802138430573,0.8857009550034393
58,157,6,4,LMM-1,9.549967211971458,20.54067539614523,0.9153334872040364
58,157,6,4,LMM-2,9.425,19.031411915114074,0.7960187808952843
58,157,6,6,LMM-1,9.4005781520127,20.458190147328747,0.9063729181020597
58,157,6,6,LMM-2,9.15,18.574574135055517,0.7124667549974912
58,157,6,8,LMM-1,9.081390078871856,19.97213372639272,0.8982474220689367
58,157,6,8,LMM-2,8.475,17.371125410512697,0.6492626173063643
58,157,8,2,LMM-1,9.109824391634861,18.865878651668726,0.9362093915262675
58,157,8,2,LMM-2,8.95,17.77645611953674,0.8937899679660655
58,157,8,4,LMM-1,8.530690264237304,17.722460038996466,0.9313358575794627
58,157,8,4,LMM-2,8.875,17.515192143853035,0.8215036362012466
58,157,8,6,LMM-1,8.5825823635231,18.117995582307447,0.9235683818517284
58,157,8,6,LMM-2,9.2,18.146113992567283,0.7405347634496672
58,157,8,8,LMM-1,8.409512641323015,17.90881013438118,0.9163264060028833
58,157,8,8,LMM-2,8.7625,17.38203337249974,0.6812162084370332
58,157,10,2,LMM-1,7.930996907059219,15.652623234618162,0.9493978448180304
58,157,10,2,LMM-2,7.3,13.968436832728239,0.9509031530534717
58,157,10,4,LMM-1,7.547075809985808,15.22854217879323,0.9455041116117172
58,157,10,4,LMM-2,7.775,15.078308604151335,0.8744808670801083
58,157,10,6,LMM-1,7.2884364838246825,14.85440527528757,0.941215187643996
58,157,10,6,LMM-2,7.366666666666667,14.365193065759655,0.8223915026457235
58,157,10,8,LMM-1,7.18659898040192,14.818212255282138,0.9376947684985282
58,157,10,8,LMM-2,7.225,14.186085411498777,0.7664083147808183
59,158,4,2,LMM-1,11.5,24.401520744233572,0.8203307077980428
59,158,4,2,LMM-2,11.05,22.70332564549495,0.8614150242721778
59,158,4,4,LMM-1,11.678805793827877,25.122960033389163,0.7519674866950112
59,158,4,4,LMM-2,10.8,22.004431352143293,0.7653052253571666
59,158,4,6,LMM-1,11.273205972789968,24.740222602496438,0.7458346315386455
59,158,4,6,LMM-2,10.716666666666667,22.002274653678224,0.6626399124188066
59,158,4,8,LMM-1,11.829709879528062,25.694404686170817,0.5941296740607845
59,158,4,8,LMM-2,10.45,21.478934123625002,0.6062178365835645
59,158,6,2,LMM-1,10.5,21.254194068274813,0.8562154065204639
59,158,6,2,LMM-2,9.9,19.488168517806162,0.9049936902904449
59,158,6,4,LMM-1,10.627703059995573,22.007887758103024,0.7872084509566459
59,158,6,4,LMM-2,10.125,20.306872243491682,0.7856346627364459
59,158,6,6,LMM-1,10.196568089912011,21.403014338840574,0.724904256744708
59,158,6,6,LMM-2,9.7,19.6792372791027,0.7017719488796625
59,158,6,8,LMM-1,10.010173961685341,21.277506993156734,0.7195384822941215
59,158,6,8,LMM-2,9.5,19.215119912334938,0.6461411682405693
59,158,8,2,LMM-1,10.202873938298065,20.70998223604006,0.9237498580178839
59,158,8,2,LMM-2,9.75,19.010144545034805,0.9010250044126422
59,158,8,4,LMM-1,9.88317040902599,20.598282421561834,0.9178086746001458
59,158,8,4,LMM-2,9.675,19.088915384365954,0.8000557100359675
59,158,8,6,LMM-1,10.319996870191412,21.502633036309323,0.8428437319623889
59,158,8,6,LMM-2,9.65,19.2115172444178,0.7214727059564199
59,158,8,8,LMM-1,9.677257072284284,20.366610355155135,0.837424960786797
59,158,8,8,LMM-2,9.05,18.109422481654658,0.6772412116124669
59,158,10,2,LMM-1,9.0,17.764562680403507,0.9354594199865929
59,158,10,2,LMM-2,9.35,18.13866199930513,0.9031283198768942
59,158,10,4,LMM-1,8.852972731210055,17.823161838713848,0.9304502580398983
59,158,10,4,LMM-2,8.775,16.996941030837625,0.8442585460814621
59,158,10,6,LMM-1,8.912340240093823,18.15077808685921,0.9255673927576306
59,158,10,6,LMM-2,8.816666666666666,17.470367273170123,0.744353142019077
59,158,10,8,LMM-1,8.75810419511951,17.889691690575894,0.8601993200870822
59,158,10,8,LMM-2,8.1375,15.980945469624066,0.7227471253410748
60,159,4,2,LMM-1,18.0,37.583155461042836,0.7400068366832515
60,159,4,2,LMM-2,17.8,37.15445259735438,0.7499419487335349
60,159,4,4,LMM-1,17.5,36.64764891852444,0.5547395242171245
60,159,4,4,LMM-2,16.35,34.0534755855341,0.6105384488999286
60,159,4,6,LMM-1,16.666666666666668,34.95027927842115,0.42926461585642467
60,159,4,6,LMM-2,15.133333333333335,31.429673176693086,0.5181986823659567
60,159,4,8,LMM-1,15.875,33.34415018544227,0.3399679542476958
60,159,4,8,LMM-2,14.0875,29.2801199568127,0.4531940073872011
60,159,6,2,LMM-1,18.0,37.583155461042836,0.7400068366832515
60,159,6,2,LMM-2,17.8,37.15445259735438,0.7499419487335349
60,159,6,4,LMM-1,17.5,36.64764891852444,0.5547395242171245
60,159,6,4,LMM-2,16.35,34.0534755855341,0.6105384488999286
60,159,6,6,LMM-1,16.666666666666668,34.95027927842115,0.42926461585642467
60,159,6,6,LMM-2,15.133333333333335,31.429673176693086,0.5181986823659567
60,159,6,8,LMM-1,15.875,33.34415018544227,0.3399679542476958
60,159,6,8,LMM-2,14.0875,29.2801199568127,0.4531940073872011
60,159,8,2,LMM-1,16.5,34.13263478138358,0.7658511149856934
60,159,8,2,LMM-2,16.05,32.981444122157924,0.7958063299228758
60,159,8,4,LMM-1,16.0,33.1980154760699,0.5941352791757711
60,159,8,4,LMM-2,15.6,32.267913899726345,0.6325176160506782
60,159,8,6,LMM-1,14.833333333333334,30.74392745980777,0.4861718997700333
60,159,8,6,LMM-2,14.3,29.583330658970283,0.5417278723773334
60,159,8,8,LMM-1,14.0,28.993246234908856,0.40402915527608724
60,159,8,8,LMM-2,13.125,27.091994218253443,0.48493194812379425
60,159,10,2,LMM-1,15.0,30.98172201810508,0.7885964545152716
60,159,10,2,LMM-2,14.0,28.68666836543673,0.8182835457324893
60,159,10,4,LMM-1,14.5,30.04675141864975,0.6299605895236698
60,159,10,4,LMM-2,12.425,25.33752115102396,0.7202521583258277
60,159,10,6,LMM-1,13.666666666666666,28.350275016984927,0.5194310814157479
60,159,10,6,LMM-2,11.95,24.496627430462272,0.6149723247237687
60,159,10,8,LMM-1,12.875,26.74499450052259,0.43832812998665266
60,159,10,8,LMM-2,10.9625,22.418409843767215,0.5720251523543244
61,160,4,2,LMM-1,17.0,36.07471442661377,0.748494949950611
61,160,4,2,LMM-2,16.1,33.81919462588524,0.7696906634043412
61,160,4,4,LMM-1,16.75,34.87807389343552,0.577827743920339
61,160,4,4,LMM-2,15.95,33.20367275967193,0.5998781094114252
61,160,4,6,LMM-1,16.166666666666668,33.91568368644317,0.44478873273398306
61,160,4,6,LMM-2,15.216666666666665,31.91952172320604,0.48310964542432283
61,160,4,8,LMM-1,15.5,32.88923028704388,0.3454280006129584
61,160,4,8,LMM-2,14.1875,30.058924906014823,0.40590762137671127
61,160,6,2,LMM-1,16.0,32.63745195364951,0.7735143224459722
61,160,6,2,LMM-2,16.0,32.805687502881014,0.7683598810446325
61,160,6,4,LMM-1,14.75,30.279349292786698,0.6211008853977653
61,160,6,4,LMM-2,14.275,29.28593064474755,0.6445858141788873
61,160,6,6,LMM-1,13.833333333333334,28.755405871252727,0.5024373280034204
61,160,6,6,LMM-2,13.083333333333334,27.07254344394006,0.5549989725006095
61,160,6,8,LMM-1,13.375,28.196288895449793,0.4013243953631599
61,160,6,8,LMM-2,12.2125,25.521339772080538,0.4952316575036625
61,160,8,2,LMM-1,15.0,30.80942356275333,0.785948161495935
61,160,8,2,LMM-2,14.4,29.10460659254311,0.822726661097087
61,160,8,4,LMM-1,13.75,28.45176212067566,0.6412101191290028
61,160,8,4,LMM-2,13.25,26.689610922253898,0.70784861656376
61,160,8,6,LMM-1,13.0,27.03198468214415,0.5290388490314641
61,160,8,6,LMM-2,11.933333333333334,24.302903976255134,0.6267306771965984
61,160,8,8,LMM-1,12.75,26.7176015120376,0.42876686064963454
61,160,8,8,LMM-2,11.525,23.87432761003441,0.5394843108025549
61,160,10,2,LMM-1,14.0,28.179590922262452,0.8072303397505612
61,160,10,2,LMM-2,13.75,27.638827609069647,0.820647621306607
61,160,10,4,LMM-1,12.75,25.822256847272723,0.6763962635126137
61,160,10,4,LMM-2,12.3,24.742636696800396,0.7249017540607319
61,160,10,6,LMM-1,11.833333333333334,24.298877055379013,0.570977658954482
61,160,10,6,LMM-2,11.266666666666667,22.913120159515703,0.6537988213479574
61,160,10,8,LMM-1,11.625,24.241828237754845,0.4679603350823756
61,160,10,8,LMM-2,11.0625,22.86727263247476,0.555966331527927
62,161,4,2,LMM-1,17.0,35.90533820459173,0.7600883126248904
62,161,4,2,LMM-2,15.65,32.575003761387975,0.8060059686417602
62,161,4,4,LMM-1,16.25,34.667581718216596,0.5822573566316552
62,161,4,4,LMM-2,15.35,32.346897143212445,0.6348000782507014
62,161,4,6,LMM-1,15.42880344576135,33.96664963845011,0.509319902314506
62,161,4,6,LMM-2,14.516666666666666,30.67055587931486,0.5254988603997399
62,161,4,8,LMM-1,15.350306079011881,33.860552067342255,0.38411070311151907
62,161,4,8,LMM-2,13.2375,27.85454929340804,0.4941833477640996
62,161,6,2,LMM-1,13.5,27.51795158241182,0.8236701154350676
62,161,6,2,LMM-2,12.3,24.79678880649976,0.8514370798658735
62,161,6,4,LMM-1,13.25,28.467648793034595,0.7386296189313526
62,161,6,4,LMM-2,12.5,26.174434436565956,0.689328901438256
62,161,6,6,LMM-1,13.0,27.893133277651515,0.5941811375559132
62,161,6,6,LMM-2,12.166666666666668,25.734763817024408,0.5900202027901604
62,161,6,8,LMM-1,12.5,27.15495704206749,0.5395726007162995
62,161,6,8,LMM-2,11.775,24.955628033494996,0.5157222642175537
62,161,8,2,LMM-1,13.0,24.577055261112758,0.8510753312013261
62,161,8,2,LMM-2,12.4,23.404303402683954,0.8654281967149862
62,161,8,4,LMM-1,12.25,23.340782942700006,0.7299529718226596
62,161,8,4,LMM-2,10.575,20.03989279197195,0.8063500828313221
62,161,8,6,LMM-1,11.5,22.009874065620036,0.6359101457949081
62,161,8,6,LMM-2,9.483333333333333,18.056897891202357,0.762606291948605
62,161,8,8,LMM-1,10.808141866901527,21.10525785324287,0.5999524248146143
62,161,8,8,LMM-2,9.3875,18.023618095510876,0.6947188571990522
62,161,10,2,LMM-1,13.0,24.577055261112758,0.8510753312013261
62,161,10,2,LMM-2,12.4,23.404303402683954,0.8654281967149862
62,161,10,4,LMM-1,11.765866435198799,22.828305746397454,0.787837107002121
62,161,10,4,LMM-2,10.6,20.261197777169464,0.7903440723367327
62,161,10,6,LMM-1,11.343781397790025,21.9958325433033,0.6824428966175862
62,161,10,6,LMM-2,9.916666666666668,19.03114666962315,0.7296141681330417
62,161,10,8,LMM-1,10.150764730851064,19.871110393677128,0.6568630351586147
62,161,10,8,LMM-2,8.9375,17.19533538524442,0.6960085164504579
63,162,4,2,LMM-1,15.0,31.195493953978577,0.7819310576138453
63,162,4,2,LMM-2,11.25,22.594646911250344,0.872803325687301
63,162,4,4,LMM-1,14.5,30.52104626718126,0.6118992878096035
63,162,4,4,LMM-2,12.075,24.785482162979953,0.7280501448178505
63,162,4,6,LMM-1,14.166666666666666,30.104725581205752,0.47793308719127064
63,162,4,6,LMM-2,12.2,25.42029377445152,0.5951657845473157
63,162,4,8,LMM-1,13.75,29.451726116662815,0.3769554701370703
63,162,4,8,LMM-2,11.225,23.34323585885244,0.5369398334457778
63,162,6,2,LMM-1,13.0,27.155805019098267,0.8051204584739698
63,162,6,2,LMM-2,10.5,20.855351865713494,0.8840248343238976
63,162,6,4,LMM-1,12.5,26.258606291222964,0.6539678362211899
63,162,6,4,LMM-2,10.925,22.13368720849279,0.7704057060541877
63,162,6,6,LMM-1,12.0,25.392077581528817,0.5360037684079143
63,162,6,6,LMM-2,11.233333333333333,23.06361716373553,0.647473421984081
63,162,6,8,LMM-1,11.5,24.49592555244299,0.4443490381474414
63,162,6,8,LMM-2,10.625,21.824277393836688,0.5875803157798797
63,162,8,2,LMM-1,13.5,27.7074069682025,0.8071359959127044
63,162,8,2,LMM-2,11.1,22.044830753849688,0.8720016177463364
63,162,8,4,LMM-1,12.75,26.33677075094779,0.6620634680493426
63,162,8,4,LMM-2,10.25,20.482856060751196,0.7738703625134548
63,162,8,6,LMM-1,12.333333333333334,25.620125956245477,0.5443514361954175
63,162,8,6,LMM-2,9.8,19.66761116876469,0.6922643430292028
63,162,8,8,LMM-1,11.875,24.804283350788282,0.4524312916659263
63,162,8,8,LMM-2,9.775,19.859532069519034,0.605540781969905
63,162,10,2,LMM-1,11.5,23.417809402971884,0.8368734259828804
63,162,10,2,LMM-2,10.6,21.024683908343004,0.883532337981725
63,162,10,4,LMM-1,11.0,22.547686873783725,0.705692579866126
63,162,10,4,LMM-2,9.075,17.89155573365185,0.8283445745811235
63,162,10,6,LMM-1,10.5,21.642514481650842,0.602056412805432
63,162,10,6,LMM-2,8.3,16.395937260446406,0.7813281378796803
63,162,10,8,LMM-1,10.0,20.768667700833824,0.562659101716927
63,162,10,8,LMM-2,7.15,14.038389539728575,0.7927739540337775
64,163,4,2,LMM-1,19.5,42.63416550241489,0.6981714718113593
64,163,4,2,LMM-2,18.65,40.61395927313781,0.7179581272674203
64,163,4,4,LMM-1,18.5,40.02599786184811,0.5128835414908091
64,163,4,4,LMM-2,16.65,35.76977808802502,0.5859433363942378
64,163,4,6,LMM-1,17.0,36.52701242822832,0.40321246533408306
64,163,4,6,LMM-2,15.516666666666666,33.05161522506106,0.48995774488658883
64,163,4,8,LMM-1,15.875,33.86912023967462,0.32977941280850037
64,163,4,8,LMM-2,14.575,30.7962797934768,0.42632286049543977
64,163,6,2,LMM-1,11.0,23.005927873169966,0.8363637585907316
64,163,6,2,LMM-2,10.6,22.078537218937694,0.8528743299062145
64,163,6,4,LMM-1,10.666521070166251,23.010427940162575,0.8325096340061794
64,163,6,4,LMM-2,10.425,21.12438767890967,0.7576508997688702
64,163,6,6,LMM-1,10.651064226438754,23.235672592661512,0.822652599182107
64,163,6,6,LMM-2,10.833333333333334,21.941855000707523,0.6473789858452436
64,163,6,8,LMM-1,11.31938102584872,24.526086585652312,0.7073167392092928
64,163,6,8,LMM-2,11.0125,22.403037109597133,0.5511307283809909
64,163,8,2,LMM-1,10.0,20.348008455533893,0.8631253887879267
64,163,8,2,LMM-2,9.6,19.50299699584054,0.8772936468576926
64,163,8,4,LMM-1,10.326440104644572,22.082204390732134,0.8565460064374679
64,163,8,4,LMM-2,10.575,21.289747177946957,0.7452027491356954
64,163,8,6,LMM-1,11.377545868350513,23.91708243392653,0.748586035455842
64,163,8,6,LMM-2,10.833333333333332,21.62098014641843,0.6606317343299619
64,163,8,8,LMM-1,10.710796167702291,22.447112321265628,0.7452549139070506
64,163,8,8,LMM-2,10.5125,21.039521241844717,0.590497819916164
64,163,10,2,LMM-1,10.052688884167996,20.92725005376213,0.9915596790710752
64,163,10,2,LMM-2,10.0,19.58897413567783,0.8742419818837103
64,163,10,4,LMM-1,9.402006083239053,19.54396227658849,0.9847532654279008
64,163,10,4,LMM-2,9.675,18.827103442783912,0.7899976411288023
64,163,10,6,LMM-1,9.16482643266087,19.077283593891607,0.9793448880590436
64,163,10,6,LMM-2,9.15,17.928581231745305,0.7291470917571015
64,163,10,8,LMM-1,9.1203908375453,18.91993604648409,0.9091930293398957
64,163,10,8,LMM-2,9.075,17.860265040986402,0.6552377039042188
65,164,4,2,LMM-1,11.462529282334922,24.208803540124443,0.9092227456196076
65,164,4,2,LMM-2,10.9,21.836791970572975,0.883934471221329
65,164,4,4,LMM-1,10.265288146244881,22.086008430995083,0.8351795144513744
65,164,4,4,LMM-2,10.1,20.815012808034645,0.7814972631495534
65,164,4,6,LMM-1,10.151626557285473,21.95698034809215,0.7662690430125538
65,164,4,6,LMM-2,10.0,20.99344263912612,0.6852299902673504
65,164,4,8,LMM-1,10.363884804681415,22.632253896315348,0.6178316355616603
65,164,4,8,LMM-2,10.05,21.50888299396685,0.5714020085061184
65,164,6,2,LMM-1,10.033794935790791,21.014443167579174,0.9209241929899505
65,164,6,2,LMM-2,9.8,19.495157828796756,0.8967920948317021
65,164,6,4,LMM-1,9.79484367606743,20.91501640762558,0.8503786837993536
65,164,6,4,LMM-2,9.15,18.715487315525888,0.805066756381861
65,164,6,6,LMM-1,9.950471057622657,21.416591186149677,0.8417715458641265
65,164,6,6,LMM-2,9.8,20.304445299665655,0.6887516409985109
65,164,6,8,LMM-1,9.809304514606385,21.10578687748142,0.7827951602614241
65,164,6,8,LMM-2,9.3625,19.476232335722365,0.6173274477260479
65,164,8,2,LMM-1,9.073118862582632,18.9656599686885,0.9288636308572968
65,164,8,2,LMM-2,9.1,18.087928631865143,0.9047536243231354
65,164,8,4,LMM-1,8.567222510459025,18.22009153720797,0.922766766156405
65,164,8,4,LMM-2,8.05,16.241714611037345,0.8442253926613128
65,164,8,6,LMM-1,8.519121443382549,18.307132460551877,0.9151658059723984
65,164,8,6,LMM-2,8.183333333333334,16.517282152347185,0.7560223434415845
65,164,8,8,LMM-1,8.996015052696524,19.402025272396667,0.9066844079887943
65,164,8,8,LMM-2,8.5875,17.336322289043572,0.6731473053930626
65,164,10,2,LMM-1,8.024925877197163,15.986746826388828,0.9397413623818434
65,164,10,2,LMM-2,7.85,14.926681741247966,0.9374948556648277
65,164,10,4,LMM-1,8.602675787261015,17.41130843468223,0.9342478327409255
65,164,10,4,LMM-2,7.475,14.81034228470248,0.870826787327888
65,164,10,6,LMM-1,8.21229393522783,16.73411829652637,0.9296576169459764
65,164,10,6,LMM-2,7.966666666666666,15.621032773476424,0.7927331015070318
65,164,10,8,LMM-1,8.104337979275218,16.628760646129475,0.9240527709894139
65,164,10,8,LMM-2,8.2125,16.266502432919278,0.7280765541719788
66,165,4,2,LMM-1,13.0,27.740007732154755,0.8029060250065335
66,165,4,2,LMM-2,12.35,26.088272974259564,0.8369952342829199
66,165,4,4,LMM-1,13.0,27.99293641823026,0.6371250842159657
66,165,4,4,LMM-2,12.35,26.360271239200422,0.69307832120196
66,165,4,6,LMM-1,12.666666666666666,27.26866684163635,0.5162637537196495
66,165,4,6,LMM-2,12.0,25.594623164774692,0.58971473671111
66,165,4,8,LMM-1,12.375,26.93266973920516,0.4123576970156968
66,165,4,8,LMM-2,11.7375,25.33156211948875,0.4930480027033604
66,165,6,2,LMM-1,12.0,24.699366920319026,0.8315912441110778
66,165,6,2,LMM-2,11.3,22.825958450622956,0.8833910856194018
66,165,6,4,LMM-1,12.25,26.12563348223528,0.6607326770816354
66,165,6,4,LMM-2,11.375,23.946302116791298,0.7396739670443733
66,165,6,6,LMM-1,11.666666666666666,24.749384101817675,0.557352166513723
66,165,6,6,LMM-2,10.833333333333334,22.646604838521366,0.6655906334044601
66,165,6,8,LMM-1,11.5,24.586992121673937,0.4544872797115234
66,165,6,8,LMM-2,10.4,21.86102520422245,0.5950943985256841
66,165,8,2,LMM-1,12.0,22.829132113120775,0.8554308584612347
66,165,8,2,LMM-2,11.5,21.892635902306587,0.8716145359735565
66,165,8,4,LMM-1,12.5,24.81977797009827,0.6935638255481553
66,165,8,4,LMM-2,11.725,23.344760049754214,0.7434983288028941
66,165,8,6,LMM-1,11.833333333333334,23.255513547210402,0.6018405266625088
66,165,8,6,LMM-2,10.4,20.481205521875243,0.710067645239376
66,165,8,8,LMM-1,11.875,23.545479028810696,0.4965389144187471
66,165,8,8,LMM-2,10.6125,21.113043526173385,0.6096598258863059
66,165,10,2,LMM-1,11.0,21.19217573255264,0.8636479988774386
66,165,10,2,LMM-2,9.75,18.731233007692385,0.8992983251250075
66,165,10,4,LMM-1,10.51564594718577,20.590566232705704,0.8041769263180203
66,165,10,4,LMM-2,9.3,17.952500643483017,0.8267531929022027
66,165,10,6,LMM-1,9.82959012217133,19.505175668790354,0.753066012173156
66,165,10,6,LMM-2,8.533333333333333,16.49889695283758,0.7832469130654321
66,165,10,8,LMM-1,9.827948239091034,19.50792191854665,0.6490111831150845
66,165,10,8,LMM-2,8.525,16.633947949147473,0.7270936907338438
67,166,4,2,LMM-1,15.0,30.667644846533157,0.784285077699934
67,166,4,2,LMM-2,13.95,28.278538925980893,0.8152252995202328
67,166,4,4,LMM-1,15.0,30.69244875305473,0.6182818336631303
67,166,4,4,LMM-2,13.9,28.348846779098494,0.6584266833071256
67,166,4,6,LMM-1,14.5,29.892817581102037,0.4928860404506614
67,166,4,6,LMM-2,12.7,25.89884703748744,0.5886390963764072
67,166,4,8,LMM-1,14.5,30.06262623716638,0.3834547370670519
67,166,4,8,LMM-2,13.075,26.91845230295501,0.4743402303795632
67,166,6,2,LMM-1,12.0,23.62008257124093,0.8358567406627195
67,166,6,2,LMM-2,10.95,21.383457970263528,0.8692150538814397
67,166,6,4,LMM-1,12.0,23.644886477762498,0.7022655400742689
67,166,6,4,LMM-2,10.65,20.83381102488869,0.7662402204938707
67,166,6,6,LMM-1,11.5,22.845869600120672,0.5966191098300656
67,166,6,6,LMM-2,10.083333333333332,19.957131160116838,0.6882652194559675
67,166,6,8,LMM-1,10.875,21.745871285972278,0.5148360125475935
67,166,6,8,LMM-2,9.6,19.179024591959468,0.61365272894912
67,166,8,2,LMM-1,12.0,23.62008257124093,0.8358567406627195
67,166,8,2,LMM-2,10.95,21.383457970263528,0.8692150538814397
67,166,8,4,LMM-1,12.0,23.644886477762498,0.7022655400742689
67,166,8,4,LMM-2,10.65,20.83381102488869,0.7662402204938707
67,166,8,6,LMM-1,11.5,22.845869600120672,0.5966191098300656
67,166,8,6,LMM-2,10.083333333333332,19.957131160116838,0.6882652194559675
67,166,8,8,LMM-1,10.875,21.745871285972278,0.5148360125475935
67,166,8,8,LMM-2,9.6,19.179024591959468,0.61365272894912
67,166,10,2,LMM-1,11.0,21.273227504402463,0.8518918166483923
67,166,10,2,LMM-2,10.35,19.67876337504714,0.8934542471837215
67,166,10,4,LMM-1,11.0,21.298031410924036,0.7294678442724359
67,166,10,4,LMM-2,9.5,17.908548516463586,0.8474756561387895
67,166,10,6,LMM-1,10.5,20.499220699809378,0.6316069180444783
67,166,10,6,LMM-2,9.683333333333334,18.458162254247,0.756431161528241
67,166,10,8,LMM-1,9.875,19.39948009381995,0.5554645724787497
67,166,10,8,LMM-2,8.975,17.21125939222767,0.7152039170285087
68,167,4,2,LMM-1,13.96798901256219,32.59689203458196,0.9757637863216406
68,167,4,2,LMM-2,13.8,29.143260790728924,0.8001837969377948
68,167,4,4,LMM-1,12.982271119234795,28.945917000365405,0.7904486955411969
68,167,4,4,LMM-2,12.7,26.617364625366747,0.6760058154803233
68,167,4,6,LMM-1,12.988323242036547,28.97515264204373,0.6958005914162662
68,167,4,6,LMM-2,12.566666666666666,26.3946172448114,0.5575483877729506
68,167,4,8,LMM-1,13.251768361631443,29.62216306097818,0.5936363755473706
68,167,4,8,LMM-2,12.8,27.25648720724804,0.4361570439885446
68,167,6,2,LMM-1,12.616505302627157,28.80276910336796,0.9811316339641547
68,167,6,2,LMM-2,13.0,26.85457850742186,0.8238204284299634
68,167,6,4,LMM-1,11.712232627293972,26.082566016878967,0.898585072675219
68,167,6,4,LMM-2,10.95,22.374210096707262,0.7567568079361476
68,167,6,6,LMM-1,11.784517184448632,25.589551813265107,0.7189367806517425
68,167,6,6,LMM-2,11.633333333333333,23.965793057201402,0.6166395779676228
68,167,6,8,LMM-1,12.232039217201057,26.88034460887343,0.6136482013350445
68,167,6,8,LMM-2,12.0,25.16553746212619,0.48641268250929104
68,167,8,2,LMM-1,10.420555705069422,21.886938645861218,0.920730402975728
68,167,8,2,LMM-2,9.95,19.90833400557467,0.8974054278690689
68,167,8,4,LMM-1,10.122270764420149,21.882717690130868,0.9124965112855078
68,167,8,4,LMM-2,9.35,19.104962023184548,0.804346729872567
68,167,8,6,LMM-1,9.675063814452766,21.218545888916854,0.9028970573717039
68,167,8,6,LMM-2,8.983333333333334,18.3447128597065,0.7350973086715028
68,167,8,8,LMM-1,9.496061587037914,20.608332776868046,0.7729036038121
68,167,8,8,LMM-2,8.7875,18.23370266367799,0.6632683376980297
68,167,10,2,LMM-1,9.426767240725928,19.280361234443543,0.9922353647127101
68,167,10,2,LMM-2,8.8,17.210151087245784,0.9024208543581501
68,167,10,4,LMM-1,9.396581301515578,19.641248082891842,0.9832054321037969
68,167,10,4,LMM-2,9.1,17.867637266417898,0.8057370078400217
68,167,10,6,LMM-1,9.347508576184378,19.365613364740756,0.9019872297189728
68,167,10,6,LMM-2,8.983333333333333,17.80600417297714,0.7199346467517771
68,167,10,8,LMM-1,8.62845619400036,17.989833938834515,0.8560493609608241
68,167,10,8,LMM-2,8.5375,17.062063048051915,0.6512242639724553
69,168,4,2,LMM-1,14.0,28.907862926748663,0.7940366875769583
69,168,4,2,LMM-2,13.5,27.863671883227436,0.8110114095761881
69,168,4,4,LMM-1,14.0,28.545538645483663,0.6403012048691565
69,168,4,4,LMM-2,13.0,26.368119219105818,0.6936300896550947
69,168,4,6,LMM-1,13.333333333333334,27.44166145254629,0.5210814980692133
69,168,4,6,LMM-2,12.166666666666668,24.907769274962174,0.597686358087208
69,168,4,8,LMM-1,13.0,26.79547273737027,0.4265552560805955
69,168,4,8,LMM-2,11.45,23.423915230992343,0.5449808408144886
69,168,6,2,LMM-1,14.0,28.907862926748663,0.7940366875769583
69,168,6,2,LMM-2,13.5,27.863671883227436,0.8110114095761881
69,168,6,4,LMM-1,14.0,28.545538645483663,0.6403012048691565
69,168,6,4,LMM-2,13.0,26.368119219105818,0.6936300896550947
69,168,6,6,LMM-1,13.333333333333334,27.44166145254629,0.5210814980692133
69,168,6,6,LMM-2,12.166666666666668,24.907769274962174,0.597686358087208
69,168,6,8,LMM-1,13.0,26.79547273737027,0.4265552560805955
69,168,6,8,LMM-2,11.45,23.423915230992343,0.5449808408144886
69,168,8,2,LMM-1,13.5,26.74429969924352,0.8238911130346187
69,168,8,2,LMM-2,13.5,26.850274174672727,0.8207746493990802
69,168,8,4,LMM-1,12.318384509132548,25.125546770440632,0.7438541683149055
69,168,8,4,LMM-2,12.5,24.978589274065378,0.7064760168010699
69,168,8,6,LMM-1,11.999714826456119,25.126306251249936,0.7346063150029407
69,168,8,6,LMM-2,11.666666666666668,23.391184281641365,0.6292597665376976
69,168,8,8,LMM-1,11.727601067814375,24.54487827537203,0.6043263259999122
69,168,8,8,LMM-2,11.475,23.318731069791742,0.5338008587090776
69,168,10,2,LMM-1,11.5,22.622328373685967,0.8499775354592396
69,168,10,2,LMM-2,11.65,22.506393179780893,0.8771351679061894
69,168,10,4,LMM-1,11.622671869385009,23.441146508281705,0.7763190412803364
69,168,10,4,LMM-2,10.575,20.658192237892923,0.7805985454875717
69,168,10,6,LMM-1,11.354519149844322,23.404482200544642,0.7675326758943174
69,168,10,6,LMM-2,10.55,20.74802264608287,0.7019611208810475
69,168,10,8,LMM-1,10.391454899296523,21.3512933250612,0.659614298878102
69,168,10,8,LMM-2,9.9125,19.77741371513951,0.6205442587602041
70,169,4,2,LMM-1,12.835018291473428,28.27296578291855,0.8875880750077373
70,169,4,2,LMM-2,12.6,26.015733423497316,0.8355718907256999
70,169,4,4,LMM-1,13.044930408385468,28.169075854273917,0.7034470693972757
70,169,4,4,LMM-2,11.65,24.337273033778335,0.716966935080771
70,169,4,6,LMM-1,12.460893260439441,27.99711554568025,0.6908947573390616
70,169,4,6,LMM-2,12.3,25.72377300754072,0.5938941435475849
70,169,4,8,LMM-1,12.724818238803184,28.51510261142039,0.5967965261408359
70,169,4,8,LMM-2,12.0625,25.388311801923418,0.4924434985592698
70,169,6,2,LMM-1,11.5,24.9727795937951,0.9092143784414397
70,169,6,2,LMM-2,9.9,20.75231890548769,0.8679118654197524
70,169,6,4,LMM-1,11.5,24.51660927420427,0.7549622313447785
70,169,6,4,LMM-2,9.85,20.16686724056229,0.7716394291366833
70,169,6,6,LMM-1,12.082569796457317,26.952284983845395,0.7372823809108826
70,169,6,6,LMM-2,10.866666666666667,23.323152070489094,0.594459259500552
70,169,6,8,LMM-1,12.062772308822307,26.818333124298327,0.6526000183748615
70,169,6,8,LMM-2,11.0625,23.516196660281548,0.508467154967722
70,169,8,2,LMM-1,12.376950378370603,26.252881859283594,0.8953877280338812
70,169,8,2,LMM-2,11.8,24.57294382538259,0.8321983896452417
70,169,8,4,LMM-1,11.103997480412906,24.111691914052564,0.8859898320390179
70,169,8,4,LMM-2,10.575,22.27964371655175,0.7232927251658493
70,169,8,6,LMM-1,11.057790078126853,23.98411092513688,0.796542815923843
70,169,8,6,LMM-2,10.366666666666665,21.895645041581535,0.6247891604352026
70,169,8,8,LMM-1,11.09583492908234,24.086404156883724,0.7144312223511716
70,169,8,8,LMM-2,10.45,22.201683525961176,0.524016548693585
70,169,10,2,LMM-1,11.703566977492972,24.41235675702174,0.8973205730864974
70,169,10,2,LMM-2,10.9,21.927564471354064,0.8664540499276701
70,169,10,4,LMM-1,11.687466461331146,24.502861303900538,0.8063753673014112
70,169,10,4,LMM-2,10.75,22.02023456864565,0.725983585431855
70,169,10,6,LMM-1,10.44294809809559,22.160856317885823,0.8026370222398395
70,169,10,6,LMM-2,9.816666666666666,20.177222146035692,0.6701696561957973
70,169,10,8,LMM-1,10.204753241334,21.574065536573922,0.7230084286886834
70,169,10,8,LMM-2,9.75,20.119949023863935,0.5911264734148036
71,170,4,2,LMM-1,12.0,25.646317123933443,0.8988304646296312
71,170,4,2,LMM-2,11.7,24.17619222630569,0.8317623871532416
71,170,4,4,LMM-1,11.25,23.875259629267347,0.7558873834207015
71,170,4,4,LMM-2,11.15,22.919798189518275,0.7339156282621525
71,170,4,6,LMM-1,10.666666666666666,22.640334828169458,0.6392278259213866
71,170,4,6,LMM-2,10.333333333333332,21.356156774567793,0.6632929231203928
71,170,4,8,LMM-1,10.365061132029691,22.257447306392926,0.5869834240671664
71,170,4,8,LMM-2,9.65,20.038801011686044,0.6109425549785994
71,170,6,2,LMM-1,11.461204568121868,25.00159176183379,0.9868589215925876
71,170,6,2,LMM-2,10.95,21.970541295625033,0.861563651049412
71,170,6,4,LMM-1,11.943288296186894,25.61438629428141,0.883881264801623
71,170,6,4,LMM-2,11.55,23.439714132845545,0.7454354226626084
71,170,6,6,LMM-1,11.462536950967301,24.370864800884306,0.7421731047894685
71,170,6,6,LMM-2,11.083333333333332,22.536536937520328,0.6548204408472127
71,170,6,8,LMM-1,10.822421558222404,23.25142335095537,0.7350775580266906
71,170,6,8,LMM-2,10.6625,21.808675821961067,0.5802357554088514
71,170,8,2,LMM-1,9.965990995930596,21.3628787127009,0.9906268802531123
71,170,8,2,LMM-2,9.5,18.975874997112705,0.8887890103955863
71,170,8,4,LMM-1,10.114940955244672,21.339567382698185,0.9139886008803213
71,170,8,4,LMM-2,10.85,21.480741525737457,0.7916191355486296
71,170,8,6,LMM-1,9.895718111602275,20.979696268271148,0.8278999313803231
71,170,8,6,LMM-2,9.716666666666665,19.454181286749662,0.7321136283642167
71,170,8,8,LMM-1,9.256004604852095,19.78835667735622,0.7775652984166943
71,170,8,8,LMM-2,9.275,18.718041780679993,0.6812506533310677
71,170,10,2,LMM-1,9.337091483869118,19.462162569751232,0.9922889986057525
71,170,10,2,LMM-2,9.75,19.13450684802182,0.9152021312180338
71,170,10,4,LMM-1,9.485112889355568,19.50827295761153,0.9244047082551253
71,170,10,4,LMM-2,9.025,17.86109907720587,0.8336484673757989
71,170,10,6,LMM-1,9.156846060637694,18.79319570622095,0.8563159440741872
71,170,10,6,LMM-2,8.516666666666667,16.83623354613202,0.7784697750510758
71,170,10,8,LMM-1,8.570656837678435,17.8070394111144,0.8514577984101264
71,170,10,8,LMM-2,8.1625,16.21206855705573,0.7273664606478938
72,171,4,2,LMM-1,19.0,39.160518717779276,0.7416620885134337
72,171,4,2,LMM-2,17.3,35.465512667282546,0.7717190564986857
72,171,4,4,LMM-1,18.25,37.800193069081025,0.5583237057675088
72,171,4,4,LMM-2,15.75,32.38733758099549,0.6347860422166087
72,171,4,6,LMM-1,16.71930021483741,35.6830207046141,0.48786336369296934
72,171,4,6,LMM-2,15.133333333333331,31.739968038554064,0.4951847738875098
72,171,4,8,LMM-1,15.851265366487846,34.393541833646246,0.4248460992019318
72,171,4,8,LMM-2,14.9,31.496199581195395,0.39016662359373744
72,171,6,2,LMM-1,19.0,39.160518717779276,0.7416620885134337
72,171,6,2,LMM-2,17.3,35.465512667282546,0.7717190564986857
72,171,6,4,LMM-1,18.25,37.800193069081025,0.5583237057675088
72,171,6,4,LMM-2,15.75,32.38733758099549,0.6347860422166087
72,171,6,6,LMM-1,16.71930021483741,35.6830207046141,0.48786336369296934
72,171,6,6,LMM-2,15.133333333333331,31.739968038554064,0.4951847738875098
72,171,6,8,LMM-1,15.851265366487846,34.393541833646246,0.4248460992019318
72,171,6,8,LMM-2,14.9,31.496199581195395,0.39016662359373744
72,171,8,2,LMM-1,19.0,39.160518717779276,0.7416620885134337
72,171,8,2,LMM-2,17.3,35.465512667282546,0.7717190564986857
72,171,8,4,LMM-1,18.25,37.800193069081025,0.5583237057675088
72,171,8,4,LMM-2,15.75,32.38733758099549,0.6347860422166087
72,171,8,6,LMM-1,16.71930021483741,35.6830207046141,0.48786336369296934
72,171,8,6,LMM-2,15.133333333333331,31.739968038554064,0.4951847738875098
72,171,8,8,LMM-1,15.506707951128124,33.37651706008053,0.4271284257919821
72,171,8,8,LMM-2,14.9,31.496199581195395,0.39016662359373744
72,171,10,2,LMM-1,12.0,24.498895777356108,0.836585560578834
72,171,10,2,LMM-2,11.4,22.888989275380524,0.8764878338286369
72,171,10,4,LMM-1,11.25,23.14038224896877,0.7103105319865145
72,171,10,4,LMM-2,12.475,25.219833316115533,0.7321933187694121
72,171,10,6,LMM-1,12.5,25.747146978355694,0.5603716734970838
72,171,10,6,LMM-2,11.966666666666667,24.529406637500152,0.6263907985002477
72,171,10,8,LMM-1,11.6760822461443,24.223002473192402,0.5016082233556124
72,171,10,8,LMM-2,12.35,25.577754200875255,0.5078295386209113
73,172,4,2,LMM-1,16.0,33.38348207126338,0.7656698353361903
73,172,4,2,LMM-2,15.65,31.984922045344938,0.7895076431897666
73,172,4,4,LMM-1,15.25,32.09327192052316,0.5932822474708104
73,172,4,4,LMM-2,13.625,27.84141197537208,0.6905224305974278
73,172,4,6,LMM-1,14.666666666666666,31.32184693627991,0.5254252558776759
73,172,4,6,LMM-2,12.95,26.605696609899617,0.5941734583214209
73,172,4,8,LMM-1,14.125,30.863442902764877,0.5199772175865425
73,172,4,8,LMM-2,12.6875,26.367807016127454,0.4923052589835635
73,172,6,2,LMM-1,16.0,33.38348207126338,0.7656698353361903
73,172,6,2,LMM-2,14.65,29.923318882624756,0.8045901758546276
73,172,6,4,LMM-1,15.25,32.09327192052316,0.5932822474708104
73,172,6,4,LMM-2,13.275,27.138351427150962,0.6975337040503794
73,172,6,6,LMM-1,14.361663852628471,30.580119479833844,0.5263683878656941
73,172,6,6,LMM-2,12.583333333333334,25.86930922370315,0.6031109414786788
73,172,6,8,LMM-1,13.438052432829144,29.18571280542688,0.5228081327157847
73,172,6,8,LMM-2,11.975,24.77744454663679,0.5303178771697836
73,172,8,2,LMM-1,16.0,33.38348207126338,0.7656698353361903
73,172,8,2,LMM-2,14.65,29.923318882624756,0.8045901758546276
73,172,8,4,LMM-1,15.25,32.038196484807585,0.5926354269207824
73,172,8,4,LMM-2,13.875,28.609014614908983,0.6669615643484598
73,172,8,6,LMM-1,14.374062548621499,30.628330528525034,0.5225731311086474
73,172,8,6,LMM-2,13.15,27.220332982522184,0.5737050830182479
73,172,8,8,LMM-1,14.155369569287586,30.20053177917655,0.40944370709882544
73,172,8,8,LMM-2,12.7625,26.463650187483132,0.4915200244627106
73,172,10,2,LMM-1,12.0,24.315375159018465,0.8326084890226821
73,172,10,2,LMM-2,11.3,22.26685219915912,0.8879477506490094
73,172,10,4,LMM-1,11.5,23.597534234261357,0.6949576233473862
73,172,10,4,LMM-2,10.7,21.350278297724138,0.7937644367217148
73,172,10,6,LMM-1,11.0,22.7335201557547,0.5868671784336692
73,172,10,6,LMM-2,10.233333333333334,20.622911929292325,0.7127084124997299
73,172,10,8,LMM-1,10.607139810602371,22.10781936608851,0.5433594143407204
73,172,10,8,LMM-2,9.9125,20.05955210441894,0.6429581795205815
74,173,4,2,LMM-1,14.5,31.49152759778306,0.7701050727708271
74,173,4,2,LMM-2,13.6,28.46278860725325,0.8305550459750031
74,173,4,4,LMM-1,13.75,30.29226247396332,0.5983872994781769
74,173,4,4,LMM-2,12.6,26.9176435269005,0.6764624877081684
74,173,4,6,LMM-1,13.666666666666666,30.137526642107236,0.46330121601817237
74,173,4,6,LMM-2,12.133333333333333,25.8751835330795,0.5826659633645498
74,173,4,8,LMM-1,13.375,29.62234303174994,0.3621231095528218
74,173,4,8,LMM-2,12.45,26.82075909581481,0.46863141131430897
74,173,6,2,LMM-1,12.5,26.628832669190793,0.8076477363603617
74,173,6,2,LMM-2,11.7,24.4744140160118,0.8463459177029273
74,173,6,4,LMM-1,12.0,25.57554824200809,0.663263868994541
74,173,6,4,LMM-2,10.9,22.669847211405266,0.7534643491659564
74,173,6,6,LMM-1,11.666666666666666,25.016351263553208,0.5434689721109109
74,173,6,6,LMM-2,10.85,22.780649873629248,0.6516605782288142
74,173,6,8,LMM-1,11.375,24.423694650912406,0.45078331441588276
74,173,6,8,LMM-2,10.5,22.05995610337124,0.5798376013580925
74,173,8,2,LMM-1,12.5,26.20278163378622,0.8165933575613854
74,173,8,2,LMM-2,12.0,24.573074247939566,0.8545936422663395
74,173,8,4,LMM-1,12.0,25.52903643535615,0.6663292917691297
74,173,8,4,LMM-2,10.65,22.056180034928598,0.7550456350680732
74,173,8,6,LMM-1,11.666666666666666,24.86910107456447,0.5508724138145069
74,173,8,6,LMM-2,10.316666666666666,21.44161240308385,0.6714662452768096
74,173,8,8,LMM-1,11.375,24.37716189662656,0.4549600341890125
74,173,8,8,LMM-2,9.5375,19.94609469659521,0.6176096400175836
74,173,10,2,LMM-1,11.5,23.486264910861028,0.8430547186080176
74,173,10,2,LMM-2,10.0,20.157312263140934,0.8832581565210583
74,173,10,4,LMM-1,10.75,22.15952368127183,0.720300764659489
74,173,10,4,LMM-2,9.725,20.000678439166304,0.7742335874668125
74,173,10,6,LMM-1,10.5,21.824847120011064,0.6100797345942272
74,173,10,6,LMM-2,9.483333333333333,19.689185737533506,0.6860467614661261
74,173,10,8,LMM-1,10.375,21.661093949530795,0.5168325067816036
74,173,10,8,LMM-2,9.125,18.96438444750594,0.6234137263558297
75,174,4,2,LMM-1,15.0,31.206249498108974,0.7803607018573244
75,174,4,2,LMM-2,15.0,31.433780353982392,0.7744622771227696
75,174,4,4,LMM-1,14.25,29.932873226458117,0.6157326448233674
75,174,4,4,LMM-2,12.825,26.810168888436248,0.6729902671602148
75,174,4,6,LMM-1,13.666666666666666,28.946871565515675,0.49189163162193666
75,174,4,6,LMM-2,12.183333333333334,25.693681680194118,0.5693139300960287
75,174,4,8,LMM-1,13.25,28.21455629004641,0.3950313675417969
75,174,4,8,LMM-2,12.15,25.872064980585424,0.4575663064552661
75,174,6,2,LMM-1,12.0,24.996388646671218,0.8244354726789925
75,174,6,2,LMM-2,11.25,23.040751721207364,0.8612141192425262
75,174,6,4,LMM-1,11.25,23.72385468600035,0.6872152586047701
75,174,6,4,LMM-2,11.425,23.678441810819784,0.7182218888662768
75,174,6,6,LMM-1,11.166666666666666,23.583145768124915,0.5708518678936245
75,174,6,6,LMM-2,10.433333333333334,21.844873002317705,0.6461475148909711
75,174,6,8,LMM-1,11.0,23.302185660921396,0.47557648851232975
75,174,6,8,LMM-2,9.7375,20.390762192795894,0.6028261759273993
75,174,8,2,LMM-1,12.0,24.75310753537276,0.8319135138680208
75,174,8,2,LMM-2,11.25,23.03420969820403,0.8550335754848163
75,174,8,4,LMM-1,11.480116485125048,24.081398639695955,0.7603216545437153
75,174,8,4,LMM-2,10.775,22.036473831405523,0.7400123321185157
75,174,8,6,LMM-1,10.82018185229298,22.886434671354372,0.6471580188947244
75,174,8,6,LMM-2,10.033333333333333,20.859010360703092,0.6472408113011648
75,174,8,8,LMM-1,10.365206685930408,22.042852728715225,0.554299704720431
75,174,8,8,LMM-2,9.475,19.839590439685583,0.584304678162783
75,174,10,2,LMM-1,11.0,22.439562882263438,0.846835377116455
75,174,10,2,LMM-2,10.5,21.32456816549112,0.8659676351333813
75,174,10,4,LMM-1,10.481981699086063,21.782726881497293,0.7813882868531833
75,174,10,4,LMM-2,10.15,20.764570704404772,0.7446104869074927
75,174,10,6,LMM-1,10.154741895639166,21.283142505494233,0.6679955462723597
75,174,10,6,LMM-2,9.65,20.045437278974372,0.6536588695609118
75,174,10,8,LMM-1,9.866120722695067,20.81381837212969,0.5733997057128796
75,174,10,8,LMM-2,9.1875,19.231759646063313,0.5902386106949906
76,175,4,2,LMM-1,14.5,30.574783774076714,0.7791025907090252
76,175,4,2,LMM-2,14.0,29.602798163260633,0.7874531547483572
76,175,4,4,LMM-1,15.25,33.00006842983025,0.5751008981946886
76,175,4,4,LMM-2,14.275,31.09128247987864,0.6178000280105771
76,175,4,6,LMM-1,14.0,30.188859913183972,0.47047071788417155
76,175,4,6,LMM-2,12.55,27.160539909645298,0.5425948359563766
76,175,4,8,LMM-1,13.625,29.59091324947055,0.3699744915166378
76,175,4,8,LMM-2,12.1625,26.537826132973215,0.45465619943673435
76,175,6,2,LMM-1,12.5,26.38169431289608,0.8075057306295138
76,175,6,2,LMM-2,11.2,22.830349506436924,0.8657125885469492
76,175,6,4,LMM-1,11.75,25.103139805298255,0.6616652780482891
76,175,6,4,LMM-2,10.15,20.921628542427555,0.7753990660995675
76,175,6,6,LMM-1,10.9989865307436,23.83792974759698,0.6624395536374152
76,175,6,6,LMM-2,9.716666666666667,20.768872428599945,0.6457113431662723
76,175,6,8,LMM-1,10.364406608301236,22.897480255546093,0.6159531065256117
76,175,6,8,LMM-2,9.3625,20.34379274997389,0.5721719891873872
76,175,8,2,LMM-1,12.5,26.38169431289608,0.8075057306295138
76,175,8,2,LMM-2,11.2,22.830349506436924,0.8657125885469492
76,175,8,4,LMM-1,11.75,25.103139805298255,0.6616652780482891
76,175,8,4,LMM-2,10.1,20.8785107315203,0.7693196383439039
76,175,8,6,LMM-1,10.560974977986172,22.88017052719513,0.6627881165261663
76,175,8,6,LMM-2,9.483333333333333,20.525263447866543,0.6466853825871157
76,175,8,8,LMM-1,10.066201822593383,22.073837790461997,0.6591288740534532
76,175,8,8,LMM-2,9.4625,20.432842794635015,0.5566909607835007
76,175,10,2,LMM-1,12.5,26.38169431289608,0.8075057306295138
76,175,10,2,LMM-2,11.2,22.830349506436924,0.8657125885469492
76,175,10,4,LMM-1,11.75,25.103139805298255,0.6616652780482891
76,175,10,4,LMM-2,10.1,20.8785107315203,0.7693196383439039
76,175,10,6,LMM-1,12.011712847617824,25.72492266570368,0.5777506487311193
76,175,10,6,LMM-2,9.9,20.925983532516728,0.6494750369578008
76,175,10,8,LMM-1,11.15341150722456,24.13411495803762,0.576746938437271
76,175,10,8,LMM-2,8.9625,18.830560378182735,0.6230894728404278
77,176,4,2,LMM-1,16.5,34.55949656676983,0.7583351501964936
77,176,4,2,LMM-2,14.95,31.029843260477453,0.7932459932094499
77,176,4,4,LMM-1,16.0,33.58111008055849,0.5861852169893329
77,176,4,4,LMM-2,14.05,29.002429889599046,0.6778787187008298
77,176,4,6,LMM-1,15.166666666666666,32.09980244276079,0.4605830128722955
77,176,4,6,LMM-2,13.3,27.69334473810187,0.5783847254369676
77,176,4,8,LMM-1,14.625,31.14406083291461,0.364687124350925
77,176,4,8,LMM-2,13.2,27.826006335145888,0.46340069332246603
77,176,6,2,LMM-1,14.5,29.41337122565102,0.8004083901017032
77,176,6,2,LMM-2,10.65,20.932244375471313,0.8882839834393176
77,176,6,4,LMM-1,14.0,28.435323049422692,0.6530234272535766
77,176,6,4,LMM-2,10.45,20.621496889909157,0.7953679846010646
77,176,6,6,LMM-1,13.166666666666666,26.95457926159667,0.5415416436819958
77,176,6,6,LMM-2,10.616666666666665,21.393895054115255,0.6994171141445503
77,176,6,8,LMM-1,12.625,25.999204154232093,0.4525542122185078
77,176,6,8,LMM-2,10.5125,21.4130368550978,0.621564328081511
77,176,8,2,LMM-1,14.5,29.41337122565102,0.8004083901017032
77,176,8,2,LMM-2,10.65,20.932244375471313,0.8882839834393176
77,176,8,4,LMM-1,14.0,28.435323049422692,0.6530234272535766
77,176,8,4,LMM-2,10.45,20.621496889909157,0.7953679846010646
77,176,8,6,LMM-1,13.166666666666666,26.95457926159667,0.5415416436819958
77,176,8,6,LMM-2,10.616666666666665,21.393895054115255,0.6994171141445503
77,176,8,8,LMM-1,12.625,25.999204154232093,0.4525542122185078
77,176,8,8,LMM-2,10.5125,21.4130368550978,0.621564328081511
77,176,10,2,LMM-1,14.5,29.41337122565102,0.8004083901017032
77,176,10,2,LMM-2,10.65,20.932244375471313,0.8882839834393176
77,176,10,4,LMM-1,14.0,28.435323049422692,0.6530234272535766
77,176,10,4,LMM-2,10.45,20.621496889909157,0.7953679846010646
77,176,10,6,LMM-1,13.166666666666666,26.95457926159667,0.5415416436819958
77,176,10,6,LMM-2,10.616666666666665,21.393895054115255,0.6994171141445503
77,176,10,8,LMM-1,12.625,25.999204154232093,0.4525542122185078
77,176,10,8,LMM-2,10.5125,21.4130368550978,0.621564328081511
78,177,4,2,LMM-1,12.03946000198596,25.861055921911618,0.9026972130111905
78,177,4,2,LMM-2,11.65,23.979539316792614,0.8554813523927687
78,177,4,4,LMM-1,11.290483849458974,24.649864697674673,0.8242478290192532
78,177,4,4,LMM-2,10.0,20.60740878823224,0.7774790429905056
78,177,4,6,LMM-1,10.526658746613165,22.93121930656191,0.7042286398584168
78,177,4,6,LMM-2,8.8,18.28090349290877,0.7348000159707074
78,177,4,8,LMM-1,9.894880232296995,21.561809328574004,0.6100535819983777
78,177,4,8,LMM-2,8.4,17.559259885667355,0.6813134566264794
78,177,6,2,LMM-1,11.5,24.7363155987229,0.9080215073952369
78,177,6,2,LMM-2,10.55,21.388518771550043,0.8880262095982137
78,177,6,4,LMM-1,10.55654062989346,22.850494056450934,0.8350254402642333
78,177,6,4,LMM-2,9.85,20.26204753124828,0.786257269289462
78,177,6,6,LMM-1,9.704212075604202,21.056532717224304,0.7220518346935045
78,177,6,6,LMM-2,8.95,18.649450638575324,0.716609803253114
78,177,6,8,LMM-1,9.09227031674688,19.7714022460179,0.6332113669648638
78,177,6,8,LMM-2,8.325,17.50559286554524,0.6560575910151447
78,177,8,2,LMM-1,12.0,24.408818057411345,0.8373026833454931
78,177,8,2,LMM-2,11.0,21.939328551307565,0.8832874604661954
78,177,8,4,LMM-1,10.832632393895468,22.855706502819856,0.8304975800128798
78,177,8,4,LMM-2,10.35,21.01907356673042,0.7761831264451213
78,177,8,6,LMM-1,10.553905920423794,22.398709812228663,0.7614276819010614
78,177,8,6,LMM-2,9.95,20.287141708400508,0.6875404904687358
78,177,8,8,LMM-1,10.119717340834272,21.684779027758605,0.7557713548358539
78,177,8,8,LMM-2,9.1875,18.841332688557138,0.6361865829945448
78,177,10,2,LMM-1,10.030686898772188,20.80584109052875,0.9224996069639083
78,177,10,2,LMM-2,9.45,18.809719313401928,0.8947375647574471
78,177,10,4,LMM-1,10.124405496369588,21.066702111250798,0.8426921250387688
78,177,10,4,LMM-2,9.025,17.989280932230805,0.8225253611348602
78,177,10,6,LMM-1,9.289798466345264,19.55706020602709,0.7985872138756358
78,177,10,6,LMM-2,8.166666666666668,16.33921367452807,0.7792085733306694
78,177,10,8,LMM-1,9.122949133909241,19.37482862097087,0.7935496107045639
78,177,10,8,LMM-2,7.8,15.72009350223146,0.7300601917953793
79,178,4,2,LMM-1,11.33364495298675,24.105522236959388,0.9873801290710184
79,178,4,2,LMM-2,11.4,22.64507355753663,0.855752250887444
79,178,4,4,LMM-1,10.94020180077824,23.47388777001486,0.9758980903723165
79,178,4,4,LMM-2,10.475,20.849928511467244,0.7775217679388795
79,178,4,6,LMM-1,10.679704051918918,23.078758989116828,0.8963503653287539
79,178,4,6,LMM-2,10.5,21.283470162106816,0.6608719272814796
79,178,4,8,LMM-1,9.927574039455717,21.35487413539879,0.774482084397485
79,178,4,8,LMM-2,9.65,19.734770477066363,0.6128952983472067
79,178,6,2,LMM-1,10.78504798869887,22.968300978021983,0.9881983046828011
79,178,6,2,LMM-2,10.5,20.481137199355054,0.883170825300839
79,178,6,4,LMM-1,10.651039415700783,22.825874057735426,0.9775025728435699
79,178,6,4,LMM-2,9.7,18.975299115319835,0.8045573794344044
79,178,6,6,LMM-1,10.190165357406373,21.766654990936065,0.9073270164954511
79,178,6,6,LMM-2,9.183333333333334,18.126215938047956,0.7299852786643941
79,178,6,8,LMM-1,9.360870912276797,20.0037741009954,0.7970088399021689
79,178,6,8,LMM-2,8.3375,16.68723229498287,0.6992807657340845
79,178,8,2,LMM-1,10.466503011407303,21.83684440949944,0.9898529963575221
79,178,8,2,LMM-2,10.0,19.287484668524463,0.8967771727787784
79,178,8,4,LMM-1,9.857955522051002,20.70048147224117,0.980703097542764
79,178,8,4,LMM-2,9.525,18.434112702421245,0.8346077813104632
79,178,8,6,LMM-1,9.4555766467907,19.82132033944672,0.9194959575627346
79,178,8,6,LMM-2,8.95,17.421223970913747,0.7734502780127868
79,178,8,8,LMM-1,10.409154444024495,21.505116893551886,0.8257069913546667
79,178,8,8,LMM-2,9.9625,19.372292702003143,0.6504721045163028
79,178,10,2,LMM-1,9.270280003253143,18.766995582007908,0.9927870552908133
79,178,10,2,LMM-2,8.9,17.02174580371428,0.9293139854529222
79,178,10,4,LMM-1,9.106473832065717,18.535318781325564,0.9863717362328268
79,178,10,4,LMM-2,8.1,15.653939412435383,0.8790540938398559
79,178,10,6,LMM-1,9.978705452942624,20.016514521403096,0.885841250314955
79,178,10,6,LMM-2,9.05,17.569430372680237,0.7658401490545635
79,178,10,8,LMM-1,9.98181710782545,20.096967632129438,0.8815174140487896
79,178,10,8,LMM-2,8.775,17.092253963151897,0.7075752886782357
80,179,4,2,LMM-1,14.0,28.823733949615967,0.8018151254993707
80,179,4,2,LMM-2,13.55,27.93373147585574,0.8075881525304084
80,179,4,4,LMM-1,13.0,27.12630166147568,0.6532339786187991
80,179,4,4,LMM-2,12.6,26.165853386558762,0.6823357572823712
80,179,4,6,LMM-1,12.5,26.249153065730212,0.5365001789667099
80,179,4,6,LMM-2,12.016666666666667,25.10089362330249,0.5749977167847923
80,179,4,8,LMM-1,12.152649342432243,25.888512213145795,0.47725477879372685
80,179,4,8,LMM-2,11.675,24.388881879025487,0.496558127778032
80,179,6,2,LMM-1,14.0,27.444374027866456,0.8177529613713028
80,179,6,2,LMM-2,13.6,26.36974307221009,0.8456608390500046
80,179,6,4,LMM-1,13.0,25.747372611826183,0.6794552802225956
80,179,6,4,LMM-2,12.425,24.24819355968264,0.7491789982672851
80,179,6,6,LMM-1,12.5,24.97730093175151,0.5684757777480944
80,179,6,6,LMM-2,11.883333333333333,23.42981144107587,0.6619562073567553
80,179,6,8,LMM-1,12.217704638961832,24.893323405828404,0.5102673441191479
80,179,6,8,LMM-2,11.475,22.763631820466923,0.5923512166711483
80,179,8,2,LMM-1,14.0,27.444374027866456,0.8177529613713028
80,179,8,2,LMM-2,12.65,24.46634836756122,0.860930864178834
80,179,8,4,LMM-1,13.0,25.747372611826183,0.6794552802225956
80,179,8,4,LMM-2,10.975,21.44052163735912,0.7892460950912219
80,179,8,6,LMM-1,11.509309496037519,23.130733537924744,0.6301319183265406
80,179,8,6,LMM-2,10.15,20.02202329488843,0.7154499050131384
80,179,8,8,LMM-1,10.33019101554664,21.074178547605072,0.6337668402854151
80,179,8,8,LMM-2,9.9875,19.904383254380598,0.6206046307308966
80,179,10,2,LMM-1,14.0,27.444374027866456,0.8177529613713028
80,179,10,2,LMM-2,12.6,24.277522961293243,0.8640057530901055
80,179,10,4,LMM-1,13.0,25.747372611826183,0.6794552802225956
80,179,10,4,LMM-2,10.9,21.073414936668833,0.7991008631012406
80,179,10,6,LMM-1,11.508352914674806,23.030485899655467,0.63041650427159
80,179,10,6,LMM-2,10.0,19.615103020850867,0.7320960543768711
80,179,10,8,LMM-1,10.246982621687723,20.670635737437145,0.6350769077162635
80,179,10,8,LMM-2,9.4125,18.52942872125724,0.6828297382863948
81,180,4,2,LMM-1,13.5,29.259450150142676,0.7935616330773392
81,180,4,2,LMM-2,12.6,27.067535751295186,0.8321552595187441
81,180,4,4,LMM-1,12.75,28.255834008718786,0.7155088784850406
81,180,4,4,LMM-2,12.1,25.935498551598737,0.707237751307761
81,180,4,6,LMM-1,12.333333333333334,27.078732125176305,0.59077339058265
81,180,4,6,LMM-2,11.683333333333334,25.040957719294894,0.6089170779946081
81,180,4,8,LMM-1,12.0,26.28917922480946,0.4897377995096659
81,180,4,8,LMM-2,11.4125,24.552197982323854,0.5233390962191697
81,180,6,2,LMM-1,12.5,26.44932817564767,0.8187012058346091
81,180,6,2,LMM-2,11.7,24.521802622415883,0.85385454162718
81,180,6,4,LMM-1,11.75,25.12934167651229,0.6787732992520525
81,180,6,4,LMM-2,10.475,21.855065885126187,0.7651953813693312
81,180,6,6,LMM-1,10.689609750450954,23.09525521187335,0.6338606642119938
81,180,6,6,LMM-2,10.116666666666667,21.25929755867658,0.6844596823618737
81,180,6,8,LMM-1,10.485931093338595,22.85296231797048,0.583504215910083
81,180,6,8,LMM-2,9.6375,20.312276549572893,0.6213613909654343
81,180,8,2,LMM-1,10.5,21.616200447045184,0.8564371934198901
81,180,8,2,LMM-2,9.7,19.15301883524,0.9080154082162079
81,180,8,4,LMM-1,9.515888838543574,19.966160575994735,0.8579430894228665
81,180,8,4,LMM-2,8.975,18.239378178571663,0.8078123255717647
81,180,8,6,LMM-1,8.617306871419782,18.296616629030265,0.8148515845729127
81,180,8,6,LMM-2,7.833333333333333,15.777503497999117,0.8180985658419013
81,180,8,8,LMM-1,8.476962782933873,18.271806746836862,0.8107468333566704
81,180,8,8,LMM-2,7.7625,15.786664973531867,0.7631079369417296
81,180,10,2,LMM-1,10.5,20.14441328627685,0.8710908549896089
81,180,10,2,LMM-2,9.0,17.262433985100085,0.9178565626327696
81,180,10,4,LMM-1,9.515811415404162,19.110488443308764,0.871851530982067
81,180,10,4,LMM-2,8.45,16.461227578038006,0.8493725560727565
81,180,10,6,LMM-1,8.759890309242115,17.939182692369105,0.8678842772541053
81,180,10,6,LMM-2,7.833333333333333,15.314233758590817,0.8220138650079644
81,180,10,8,LMM-1,8.26883279682763,17.08014736758699,0.8653608960275347
81,180,10,8,LMM-2,7.65,15.082607060955755,0.7628802488696531
82,181,4,2,LMM-1,23.0,49.53482095217179,0.6630524941129885
82,181,4,2,LMM-2,19.3,41.3135717240945,0.7244838031504586
82,181,4,4,LMM-1,22.5,48.676207759768815,0.44367638448577457
82,181,4,4,LMM-2,18.5,39.86859235337361,0.5309147893355901
82,181,4,6,LMM-1,21.666666666666668,47.32706469462371,0.30282143534786865
82,181,4,6,LMM-2,17.216666666666665,37.56367313948948,0.4173774558820164
82,181,4,8,LMM-1,21.125,46.335909790658874,0.2089330317448536
82,181,4,8,LMM-2,16.4625,36.121055861843274,0.32868254734467606
82,181,6,2,LMM-1,15.0,32.01760013460871,0.7683693092493746
82,181,6,2,LMM-2,14.1,29.60406766440973,0.8083090686458343
82,181,6,4,LMM-1,14.5,31.16039826417988,0.595763736998012
82,181,6,4,LMM-2,13.725,29.082429650090752,0.6520824315585705
82,181,6,6,LMM-1,16.333333333333332,35.44709958411751,0.41206452697514206
82,181,6,6,LMM-2,14.466666666666665,31.347259240384783,0.4898169505748749
82,181,6,8,LMM-1,17.125,37.35008116587784,0.286195771181409
82,181,6,8,LMM-2,14.3375,31.333115527836753,0.38729664914712475
82,181,8,2,LMM-1,13.0,27.426204578636497,0.8034423524263408
82,181,8,2,LMM-2,12.35,25.497989200438475,0.8534865944077602
82,181,8,4,LMM-1,12.5,26.56936094153619,0.6513798137192156
82,181,8,4,LMM-2,11.775,24.42738182560173,0.7457499608679674
82,181,8,6,LMM-1,11.666666666666666,25.135038510422216,0.5393489292581468
82,181,8,6,LMM-2,12.816666666666666,27.01132262935321,0.5967137441633277
82,181,8,8,LMM-1,13.625,29.37550805027086,0.3830808339626415
82,181,8,8,LMM-2,11.925,25.472797286515117,0.5264747731952536
82,181,10,2,LMM-1,13.0,26.387866489133046,0.8175903004745473
82,181,10,2,LMM-2,12.6,25.56923799998243,0.8308965084340973
82,181,10,4,LMM-1,12.5,25.53114775416405,0.674520737094035
82,181,10,4,LMM-2,11.9,24.26116350972564,0.7109070298287465
82,181,10,6,LMM-1,11.666666666666666,24.09703349326892,0.5683414673677804
82,181,10,6,LMM-2,10.933333333333334,22.524081036336444,0.6279995341726601
82,181,10,8,LMM-1,11.125,23.196059542997553,0.4826253389457554
82,181,10,8,LMM-2,11.475,24.048062774398367,0.5351170916416126
83,182,4,2,LMM-1,13.0,26.728261999906028,0.8131589552765632
83,182,4,2,LMM-2,12.2,24.856306387483386,0.8391670762837566
83,182,4,4,LMM-1,12.5221868944831,26.43529260112324,0.7352936192856342
83,182,4,4,LMM-2,11.75,23.98350368316841,0.7225287699134781
83,182,4,6,LMM-1,12.514872136459038,26.7307651222116,0.6554749848865756
83,182,4,6,LMM-2,11.583333333333332,23.80664203462367,0.6176327190482764
83,182,4,8,LMM-1,12.261085915194448,26.105267411084363,0.5384316280495651
83,182,4,8,LMM-2,10.625,21.865422645783195,0.57744619733638
83,182,6,2,LMM-1,13.129084778986766,28.292121370029804,0.8962436466150849
83,182,6,2,LMM-2,12.1,24.335966843361845,0.8519070453333697
83,182,6,4,LMM-1,13.0231648654571,27.52197566782714,0.7255150968328772
83,182,6,4,LMM-2,11.975,24.363697103927002,0.7191483857152419
83,182,6,6,LMM-1,12.86264404812972,27.535009831474405,0.6473581161119021
83,182,6,6,LMM-2,11.583333333333332,23.637725123662786,0.626660524385626
83,182,6,8,LMM-1,12.299495499586214,26.93340031966382,0.6390494841265353
83,182,6,8,LMM-2,10.95,22.41319989560565,0.5680885745121262
83,182,8,2,LMM-1,10.0,20.210207792886646,0.8617043308746408
83,182,8,2,LMM-2,9.95,19.627245142675186,0.8982379072795821
83,182,8,4,LMM-1,9.965310609859943,20.518182167226204,0.7990788961969069
83,182,8,4,LMM-2,9.725,19.307274382283836,0.8103346884339733
83,182,8,6,LMM-1,9.310553742107485,19.273217097081506,0.6992906586924015
83,182,8,6,LMM-2,8.95,17.902357709682516,0.7580389740715762
83,182,8,8,LMM-1,9.474823783870905,19.679334841159672,0.6420963170930853
83,182,8,8,LMM-2,8.8125,17.706400458581843,0.7054902863569066
83,182,10,2,LMM-1,10.5,21.036468404142,0.8553379341847049
83,182,10,2,LMM-2,9.55,18.75791499952605,0.9089952159172627
83,182,10,4,LMM-1,10.378612210079886,21.214307103046963,0.7853004497415883
83,182,10,4,LMM-2,9.375,18.521863848949582,0.8240286556014418
83,182,10,6,LMM-1,9.65369310917091,19.91217224324628,0.7361703514811053
83,182,10,6,LMM-2,8.766666666666667,17.502088998935605,0.7656920604709555
83,182,10,8,LMM-1,9.696794729803145,20.01703962348149,0.6256350091714691
83,182,10,8,LMM-2,8.8625,17.818098015420123,0.6945649716933626
84,183,4,2,LMM-1,20.5,42.30132523209683,0.7200710226978486
84,183,4,2,LMM-2,12.5,24.592177777095497,0.8791648177269966
84,183,4,4,LMM-1,19.5,39.9121110407035,0.5418465138183627
84,183,4,4,LMM-2,12.25,23.856363171298398,0.7827533401418859
84,183,4,6,LMM-1,18.5,37.673926403348,0.423752665492325
84,183,4,6,LMM-2,12.166666666666668,23.631113914293923,0.6867863464255476
84,183,4,8,LMM-1,17.125,34.912134819301784,0.3477677585982638
84,183,4,8,LMM-2,11.65,22.76737208674465,0.6252519301999186
84,183,6,2,LMM-1,19.5,39.95620710432807,0.7363427324774421
84,183,6,2,LMM-2,12.3,24.147440922482907,0.8821425170715382
84,183,6,4,LMM-1,18.5,37.56739731527768,0.5666000377466044
84,183,6,4,LMM-2,11.975,23.239610128865035,0.7898687681562595
84,183,6,6,LMM-1,17.5,35.3296170802651,0.4531055684924633
84,183,6,6,LMM-2,11.833333333333332,22.878960193821307,0.6994313856088145
84,183,6,8,LMM-1,16.125,32.56838154944043,0.38023069902828677
84,183,6,8,LMM-2,11.3125,22.00707761735062,0.6392832284265617
84,183,8,2,LMM-1,19.5,39.95620710432807,0.7363427324774421
84,183,8,2,LMM-2,12.3,24.147440922482907,0.8821425170715382
84,183,8,4,LMM-1,18.5,37.56739731527768,0.5666000377466044
84,183,8,4,LMM-2,11.975,23.239610128865035,0.7898687681562595
84,183,8,6,LMM-1,17.5,35.3296170802651,0.4531055684924633
84,183,8,6,LMM-2,11.833333333333332,22.878960193821307,0.6994313856088145
84,183,8,8,LMM-1,16.125,32.51916009923694,0.382147808020216
84,183,8,8,LMM-2,11.25,21.79481424425459,0.6448907970767809
84,183,10,2,LMM-1,10.75536602619366,23.291831257873145,0.9888400925312754
84,183,10,2,LMM-2,9.8,19.569554672895272,0.8853199574719062
84,183,10,4,LMM-1,12.10975109454558,25.439380288450817,0.8809691388926904
84,183,10,4,LMM-2,10.2,20.274238510137092,0.7754136043383734
84,183,10,6,LMM-1,11.925282022396331,25.29692876973042,0.8712088842386455
84,183,10,6,LMM-2,10.6,21.05070454370541,0.6700768533245078
84,183,10,8,LMM-1,12.25431780354747,26.169847104122436,0.8593936085299736
84,183,10,8,LMM-2,11.3,22.40060011481947,0.5618897111332559
85,184,4,2,LMM-1,22.0,47.31974588592182,0.6754004741939619
85,184,4,2,LMM-2,21.7,46.62559883697778,0.6829522446636199
85,184,4,4,LMM-1,20.75,44.17639604947857,0.4878076400823607
85,184,4,4,LMM-2,19.7,41.90964043321154,0.5169829094402936
85,184,4,6,LMM-1,20.0,42.53612581853474,0.3570141762977868
85,184,4,6,LMM-2,18.1,38.35085863690104,0.42256084818137934
85,184,4,8,LMM-1,19.375,41.22817244774321,0.2641619777354225
85,184,4,8,LMM-2,17.075,36.16416801017624,0.3436486580951036
85,184,6,2,LMM-1,22.0,47.31974588592182,0.6754004741939619
85,184,6,2,LMM-2,21.7,46.62559883697778,0.6829522446636199
85,184,6,4,LMM-1,20.75,44.17639604947857,0.4878076400823607
85,184,6,4,LMM-2,19.7,41.90964043321154,0.5169829094402936
85,184,6,6,LMM-1,20.0,42.53612581853474,0.3570141762977868
85,184,6,6,LMM-2,18.1,38.35085863690104,0.42256084818137934
85,184,6,8,LMM-1,19.375,41.22817244774321,0.2641619777354225
85,184,6,8,LMM-2,17.075,36.16416801017624,0.3436486580951036
85,184,8,2,LMM-1,22.0,47.31974588592182,0.6754004741939619
85,184,8,2,LMM-2,21.7,46.62559883697778,0.6829522446636199
85,184,8,4,LMM-1,18.75,39.67299755706253,0.5257601133336729
85,184,8,4,LMM-2,17.775,37.529197806396574,0.5651758323585548
85,184,8,6,LMM-1,17.333333333333332,36.609579582405594,0.412580517349184
85,184,8,6,LMM-2,15.933333333333332,33.488617119859114,0.48521044301440297
85,184,8,8,LMM-1,16.375,34.60494386362966,0.3268892398458395
85,184,8,8,LMM-2,14.725,30.896457861313547,0.4243329277224362
85,184,10,2,LMM-1,16.0,34.11116616579846,0.7548060766606477
85,184,10,2,LMM-2,14.5,30.60094252053627,0.7877261212690978
85,184,10,4,LMM-1,14.75,30.97058393947542,0.6091553552786746
85,184,10,4,LMM-2,13.25,27.586097046406007,0.6674292371069488
85,184,10,6,LMM-1,14.0,29.331974274603727,0.49812867342845724
85,184,10,6,LMM-2,11.816666666666666,24.385948150882403,0.6069273600035305
85,184,10,8,LMM-1,13.375,28.025404708872298,0.4117886036005092
85,184,10,8,LMM-2,11.525,23.766920267872713,0.5316889210560192
86,185,4,2,LMM-1,11.5,25.136778449260447,0.8087584036134157
86,185,4,2,LMM-2,11.5,23.883665017906473,0.8489383019748745
86,185,4,4,LMM-1,11.25,24.896606734770792,0.6523666083991491
86,185,4,4,LMM-2,10.275,21.652050502886272,0.7524710194260302
86,185,4,6,LMM-1,11.166666666666666,24.52657957984288,0.5364753820098722
86,185,4,6,LMM-2,9.616666666666667,20.06203934338719,0.6989348386751647
86,185,4,8,LMM-1,10.875,24.09673155604174,0.43445758299793147
86,185,4,8,LMM-2,9.9,20.958006532531744,0.5814134871020584
86,185,6,2,LMM-1,11.5,23.728231880629973,0.8347784017803388
86,185,6,2,LMM-2,10.7,21.82368921057402,0.8642011703163165
86,185,6,4,LMM-1,10.75,22.185130421064567,0.7130055282272129
86,185,6,4,LMM-2,10.1,20.67793605146948,0.7683860277704532
86,185,6,6,LMM-1,11.333333333333334,23.72820287939698,0.5742778823810653
86,185,6,6,LMM-2,10.366666666666667,21.50823214526187,0.665922310903647
86,185,6,8,LMM-1,11.125,23.45603137416923,0.47673884937632716
86,185,6,8,LMM-2,9.9,20.604060680886946,0.6048552769238815
86,185,8,2,LMM-1,10.5,20.628368111521855,0.8616271520948796
86,185,8,2,LMM-2,9.2,17.91805257778452,0.9087561205121514
86,185,8,4,LMM-1,9.75,19.30613358932935,0.7509200866691217
86,185,8,4,LMM-2,8.85,17.298359801379398,0.8391572200083155
86,185,8,6,LMM-1,9.157156674524671,18.422524078388143,0.7084205520553348
86,185,8,6,LMM-2,8.366666666666665,16.68546920833409,0.7727144892595678
86,185,8,8,LMM-1,9.11107854572182,18.515065402223804,0.6521707112040016
86,185,8,8,LMM-2,8.325,16.749895359301227,0.7081022177370366
86,185,10,2,LMM-1,10.5,20.628368111521855,0.8616271520948796
86,185,10,2,LMM-2,9.2,17.91805257778452,0.9087561205121514
86,185,10,4,LMM-1,9.25,18.319494315238483,0.7688200151304179
86,185,10,4,LMM-2,8.475,16.695630085026483,0.84226064595228
86,185,10,6,LMM-1,8.823744671798979,17.783413324233955,0.7244565521763927
86,185,10,6,LMM-2,8.1,16.120808715201314,0.7854500659279081
86,185,10,8,LMM-1,8.633595515826958,17.542558573373306,0.6667617276969866
86,185,10,8,LMM-2,8.35,16.741771388272916,0.7135220795106914
87,186,4,2,LMM-1,21.0,49.26578618960531,0.6360615610470102
87,186,4,2,LMM-2,18.85,43.532600900385745,0.6870514411720979
87,186,4,4,LMM-1,20.5,48.15216625067622,0.41319704756279246
87,186,4,4,LMM-2,16.325,37.22490110011425,0.5571898258248386
87,186,4,6,LMM-1,19.666666666666668,46.23853579835726,0.2796808525091787
87,186,4,6,LMM-2,16.633333333333333,38.25425752068335,0.39478959048200263
87,186,4,8,LMM-1,19.0,44.40470225353974,0.1983273533211273
87,186,4,8,LMM-2,15.9625,36.61169925400811,0.3001533985480683
87,186,6,2,LMM-1,15.0,33.75515472385435,0.73940792386715
87,186,6,2,LMM-2,14.35,32.116859585381945,0.7624778197763018
87,186,6,4,LMM-1,14.5,32.6428172543181,0.5583369874865166
87,186,6,4,LMM-2,13.175,29.299723544077303,0.6333930138191824
87,186,6,6,LMM-1,13.666666666666666,30.731324250987207,0.43923949861939937
87,186,6,6,LMM-2,12.783333333333333,28.499047967522632,0.5078220163477416
87,186,6,8,LMM-1,13.0,28.899200665360127,0.36198489403432715
87,186,6,8,LMM-2,11.8375,26.029272772287452,0.45524326169692875
87,186,8,2,LMM-1,10.5,22.66190448495098,0.9182597215055942
87,186,8,2,LMM-2,9.9,20.198941025948002,0.8788835124956288
87,186,8,4,LMM-1,10.355841985538415,22.748875772612827,0.9084204667938878
87,186,8,4,LMM-2,9.85,20.179149421277167,0.7728393662694555
87,186,8,6,LMM-1,9.72236740707665,21.206365872063408,0.7865603798968772
87,186,8,6,LMM-2,8.816666666666666,18.04020546759382,0.7135662878327363
87,186,8,8,LMM-1,9.237967970650875,20.141152241813824,0.6827424721467092
87,186,8,8,LMM-2,8.25,16.98721066047246,0.6716999280518932
87,186,10,2,LMM-1,9.319707316620303,20.001944029991858,0.9908632277375723
87,186,10,2,LMM-2,9.2,18.28256107774297,0.8939099817369381
87,186,10,4,LMM-1,9.115867106444401,19.173331006979293,0.8557530875271885
87,186,10,4,LMM-2,8.65,17.185826668958946,0.8356603506056576
87,186,10,6,LMM-1,8.91805711423625,18.82136810137261,0.7974734891462465
87,186,10,6,LMM-2,8.066666666666666,16.234150165131133,0.7572612269592341
87,186,10,8,LMM-1,8.879382584534179,18.7944258394676,0.7454010131439588
87,186,10,8,LMM-2,8.0875,16.245306278344376,0.6941163184571086
88,187,4,2,LMM-1,22.0,48.62186476336367,0.6622692367429839
88,187,4,2,LMM-2,20.3,44.50012369866903,0.6969066767338544
88,187,4,4,LMM-1,21.25,47.0288867709466,0.45035801555703375
88,187,4,4,LMM-2,20.25,44.53248104404143,0.4779037108430744
88,187,4,6,LMM-1,20.666666666666668,45.913098296930215,0.31034956461415575
88,187,4,6,LMM-2,18.666666666666668,41.11683271932696,0.37098638613710844
88,187,4,8,LMM-1,19.875,44.488456063926684,0.21780332245583298
88,187,4,8,LMM-2,17.8125,39.576628409698586,0.2795869677430384
88,187,6,2,LMM-1,19.0,41.71033134726303,0.703667737607826
88,187,6,2,LMM-2,17.9,39.04213155116607,0.7294665814287995
88,187,6,4,LMM-1,18.25,40.11817793303574,0.5083985114267062
88,187,6,4,LMM-2,17.55,38.39380407935596,0.5303310966096799
88,187,6,6,LMM-1,17.666666666666668,39.00303079761142,0.37221779682254075
88,187,6,6,LMM-2,15.916666666666666,34.776947437482306,0.4379534529121485
88,187,6,8,LMM-1,17.25,38.400512265157566,0.2701676365573799
88,187,6,8,LMM-2,15.5125,34.24548465826676,0.3384706710994894
88,187,8,2,LMM-1,17.0,36.74226252830682,0.7340076897875181
88,187,8,2,LMM-2,16.3,35.125278590946536,0.7531275245971958
88,187,8,4,LMM-1,16.25,35.15083143338687,0.5531627165886637
88,187,8,4,LMM-2,15.5,33.35428324159104,0.5819750792459218
88,187,8,6,LMM-1,15.666666666666666,34.03624610186826,0.42242442060220287
88,187,8,6,LMM-2,14.116666666666665,30.357813559558913,0.49954081153107416
88,187,8,8,LMM-1,14.875,32.61323670511168,0.3284862196338121
88,187,8,8,LMM-2,13.1875,28.622400254151433,0.4230158142744888
88,187,10,2,LMM-1,12.0,24.96584389778253,0.8202482324396602
88,187,10,2,LMM-2,11.95,24.833994363715888,0.8227928543984075
88,187,10,4,LMM-1,11.25,23.37580811785175,0.6907322393854438
88,187,10,4,LMM-2,10.55,21.637596196572083,0.7399935639525014
88,187,10,6,LMM-1,10.666666666666666,22.262308031324714,0.5893803137647682
88,187,10,6,LMM-2,9.766666666666667,20.038676677904377,0.6931372877769689
88,187,10,8,LMM-1,9.875,20.840771467056715,0.5120480618479456
88,187,10,8,LMM-2,8.9875,18.648794238482406,0.6414447495454091
89,188,4,2,LMM-1,13.0,29.144045157137235,0.7766859380614702
89,188,4,2,LMM-2,11.05,23.98628155566018,0.8437445632517393
89,188,4,4,LMM-1,12.0,26.49304500230709,0.6404536035126838
89,188,4,4,LMM-2,9.7,20.887768854442726,0.7472936071439987
89,188,4,6,LMM-1,11.5,25.17830818005362,0.534670942554355
89,188,4,6,LMM-2,9.583333333333332,20.474895052728833,0.6865848994671442
89,188,4,8,LMM-1,11.125,24.393580092442747,0.4444441972367385
89,188,4,8,LMM-2,9.2375,19.717125909922746,0.6277250924998977
89,188,6,2,LMM-1,10.792015890001787,23.76650795790181,0.9869999039884778
89,188,6,2,LMM-2,10.45,21.309278654574218,0.8705720719492058
89,188,6,4,LMM-1,10.45981650402561,22.784250763973567,0.8966990337299675
89,188,6,4,LMM-2,9.75,19.984120927706705,0.7817377190147281
89,188,6,6,LMM-1,10.154102337754818,21.957125340070917,0.7574205391763317
89,188,6,6,LMM-2,9.416666666666668,19.496133964847054,0.6948920415031932
89,188,6,8,LMM-1,9.848051350762592,21.513062289516846,0.7499185550920751
89,188,6,8,LMM-2,9.4375,19.45785877621406,0.6147956535250112
89,188,8,2,LMM-1,10.247676418962426,22.322026074151093,0.9881352811743523
89,188,8,2,LMM-2,10.35,20.959749039017566,0.8723589587580773
89,188,8,4,LMM-1,11.188108022404524,24.042473377338883,0.869503651401501
89,188,8,4,LMM-2,11.05,22.580140195200006,0.7299338170687296
89,188,8,6,LMM-1,10.808927696347757,23.162125784670735,0.7938331840073958
89,188,8,6,LMM-2,9.983333333333333,20.24087218862676,0.6841425499106228
89,188,8,8,LMM-1,10.783301794340161,23.07626230029701,0.7206819069158736
89,188,8,8,LMM-2,10.0125,20.3196083266128,0.5974244778473656
89,188,10,2,LMM-1,11.72559097505706,24.515416760680708,0.8775915903340212
89,188,10,2,LMM-2,12.0,24.796332115587283,0.8279779006836445
89,188,10,4,LMM-1,9.813744403565282,20.60935711686026,0.8744925862730447
89,188,10,4,LMM-2,10.15,20.768071008258904,0.7439853414507326
89,188,10,6,LMM-1,8.73861739683819,18.220539853536852,0.7925211039059195
89,188,10,6,LMM-2,8.6,17.297650047975967,0.7285042711966592
89,188,10,8,LMM-1,8.060887520129404,17.001284998014967,0.787391300252432
89,188,10,8,LMM-2,8.9,17.952610217637762,0.6419465013149656
90,189,4,2,LMM-1,13.0,26.862962090559268,0.810935317255382
90,189,4,2,LMM-2,10.2,20.058782881335024,0.9051163720291646
90,189,4,4,LMM-1,12.293322919064511,26.588533824573215,0.7293537231959564
90,189,4,4,LMM-2,10.25,20.589613534105332,0.80059009615231
90,189,4,6,LMM-1,11.862107554224997,25.552784042708346,0.5996624939704013
90,189,4,6,LMM-2,9.666666666666668,19.569004903072237,0.7264693643001623
90,189,4,8,LMM-1,12.406853672667676,26.831991112703985,0.4605333697524129
90,189,4,8,LMM-2,10.6125,22.068884849240057,0.5743330677507047
90,189,6,2,LMM-1,12.0,24.762861735287963,0.8253496679991184
90,189,6,2,LMM-2,11.35,23.09431247164499,0.8558651233516263
90,189,6,4,LMM-1,11.291572883610034,24.191446866602256,0.7505324408946696
90,189,6,4,LMM-2,10.625,21.538284830623592,0.7604718905615524
90,189,6,6,LMM-1,10.86095450679369,23.256290186445394,0.6280512405957726
90,189,6,6,LMM-2,10.166666666666668,20.7413320705368,0.6852062720510596
90,189,6,8,LMM-1,11.666697164548305,25.019858829785267,0.4862467908470739
90,189,6,8,LMM-2,10.6125,22.202548004836167,0.5513841213100668
90,189,8,2,LMM-1,11.0,22.109421469813416,0.8524096421837399
90,189,8,2,LMM-2,10.5,20.82753517491843,0.8881536603887404
90,189,8,4,LMM-1,10.25,20.959211081754727,0.7330898491484051
90,189,8,4,LMM-2,9.575,18.90590465789456,0.8189306202775729
90,189,8,6,LMM-1,9.822025668106672,20.3182993495865,0.6838300398599968
90,189,8,6,LMM-2,9.066666666666666,18.119826368160073,0.7486146773977562
90,189,8,8,LMM-1,9.799209389076827,20.654061314585014,0.6848808876344508
90,189,8,8,LMM-2,8.7875,17.954027775336932,0.67610853942705
90,189,10,2,LMM-1,10.0,19.463669158589113,0.867441098793503
90,189,10,2,LMM-2,9.5,18.247035220890744,0.9041284120047413
90,189,10,4,LMM-1,9.25,18.3138614842464,0.7591584799208305
90,189,10,4,LMM-2,9.0,17.491671008322385,0.8359050392979107
90,189,10,6,LMM-1,8.823641496883468,17.752930302878745,0.7140734038130123
90,189,10,6,LMM-2,8.483333333333333,16.62893455316597,0.759359291081596
90,189,10,8,LMM-1,8.613845592949108,17.553226606215382,0.7151068061846066
90,189,10,8,LMM-2,8.2625,16.321948653538186,0.6997308929344688
91,190,4,2,LMM-1,14.0,32.17240697904739,0.7533057124355648
91,190,4,2,LMM-2,13.05,29.951194259974052,0.7745127189062152
91,190,4,4,LMM-1,14.0,32.16250271153711,0.5673371968310472
91,190,4,4,LMM-2,13.075,30.019505036035554,0.6118042692668503
91,190,4,6,LMM-1,13.666666666666666,30.958171515551054,0.44665907046714415
91,190,4,6,LMM-2,12.216666666666665,27.545247666479508,0.5427609923498459
91,190,4,8,LMM-1,13.375,29.994294301233346,0.3588905374816217
91,190,4,8,LMM-2,11.8125,26.30552787089107,0.47646319502815093
91,190,6,2,LMM-1,12.5,26.104751951019143,0.820150245608992
91,190,6,2,LMM-2,11.9,24.59053663109043,0.8533201201867759
91,190,6,4,LMM-1,11.75,24.74414801831163,0.6828162829878841
91,190,6,4,LMM-2,10.95,22.549131539910043,0.7673141328551297
91,190,6,6,LMM-1,11.48644602378414,24.573629144754932,0.6207021537923347
91,190,6,6,LMM-2,10.5,21.794777435064642,0.6811211652569306
91,190,6,8,LMM-1,10.73991927470676,23.09321479802506,0.5317935778871199
91,190,6,8,LMM-2,9.5875,19.983350314503603,0.6390772404660645
91,190,8,2,LMM-1,12.5,26.104751951019143,0.820150245608992
91,190,8,2,LMM-2,11.9,24.59053663109043,0.8533201201867759
91,190,8,4,LMM-1,11.75,24.74414801831163,0.6828162829878841
91,190,8,4,LMM-2,10.95,22.549131539910043,0.7673141328551297
91,190,8,6,LMM-1,11.48644602378414,24.573629144754932,0.6207021537923347
91,190,8,6,LMM-2,10.216666666666667,21.11747331833968,0.694674366538716
91,190,8,8,LMM-1,10.73991927470676,23.09321479802506,0.5317935778871199
91,190,8,8,LMM-2,9.325,19.326896102349117,0.6670848932350756
91,190,10,2,LMM-1,10.5,21.342753503137548,0.8559886839845726
91,190,10,2,LMM-2,9.8,19.511283215065323,0.9083053791722324
91,190,10,4,LMM-1,9.75,20.206906113814558,0.7387109072572777
91,190,10,4,LMM-2,9.0,18.24827712857344,0.8392668947189005
91,190,10,6,LMM-1,9.333333333333334,19.30245881738413,0.6477983240928322
91,190,10,6,LMM-2,8.666666666666668,17.554760249610375,0.7789327596940612
91,190,10,8,LMM-1,8.75,18.253710941509325,0.5743919918786722
91,190,10,8,LMM-2,8.2625,16.849100796447672,0.7199866110328089
92,191,4,2,LMM-1,14.0,29.505656661922405,0.7859306631988195
92,191,4,2,LMM-2,13.45,28.26334821734452,0.8137088122994426
92,191,4,4,LMM-1,13.5,29.25803588205563,0.6140650349803868
92,191,4,4,LMM-2,12.525,26.952431084144774,0.6734721237896928
92,191,4,6,LMM-1,13.016094625057386,28.57999288685345,0.5473984612412143
92,191,4,6,LMM-2,12.033333333333333,25.660625160375936,0.5744512367678849
92,191,4,8,LMM-1,12.887089844928514,28.33765719984975,0.4308690760912999
92,191,4,8,LMM-2,12.0875,25.897003403633686,0.4773482898505332
92,191,6,2,LMM-1,11.5,25.253554232151398,0.8990480314070437
92,191,6,2,LMM-2,10.6,22.069948699951297,0.8621742907660032
92,191,6,4,LMM-1,11.25,23.981745215643038,0.7521794131653798
92,191,6,4,LMM-2,10.35,21.542527411121778,0.7500963579802097
92,191,6,6,LMM-1,10.856408292709466,23.101051108555588,0.6876599163111438
92,191,6,6,LMM-2,10.066666666666666,20.64641825571658,0.6854208151960727
92,191,6,8,LMM-1,10.767416396725162,23.150413548169368,0.6087295502942773
92,191,6,8,LMM-2,9.4375,19.344647263067067,0.6375414794719713
92,191,8,2,LMM-1,11.5,25.021023354963837,0.8993568222895952
92,191,8,2,LMM-2,10.75,22.524643149124994,0.859821191512318
92,191,8,4,LMM-1,11.0,23.353750661131343,0.7609071023976407
92,191,8,4,LMM-2,9.55,19.567478489537756,0.7904329772471725
92,191,8,6,LMM-1,10.808013102992224,22.87524579078233,0.7001926847131372
92,191,8,6,LMM-2,9.183333333333334,18.524292398687265,0.72545728364633
92,191,8,8,LMM-1,10.106094435588016,21.519443823940016,0.6495887834804591
92,191,8,8,LMM-2,8.7375,17.740399061035824,0.6678221785904436
92,191,10,2,LMM-1,10.0,19.529976209206495,0.8692030205280178
92,191,10,2,LMM-2,9.25,17.605096331937414,0.9311929197005016
92,191,10,4,LMM-1,9.5,19.283142118764665,0.7510507885338027
92,191,10,4,LMM-2,8.9,17.70043665000845,0.8545756251843539
92,191,10,6,LMM-1,9.464423148477715,19.712649323048232,0.7505053223107405
92,191,10,6,LMM-2,8.283333333333333,16.53970797185924,0.7989607736194348
92,191,10,8,LMM-1,9.34848822649133,19.548674877404274,0.6954916779722664
92,191,10,8,LMM-2,8.325,16.72817565590968,0.725029815388004
93,192,4,2,LMM-1,16.0,33.73963456841884,0.7660164794317581
93,192,4,2,LMM-2,14.75,30.98793136522711,0.8020613420304394
93,192,4,4,LMM-1,15.75,33.03385691476483,0.5978610627952985
93,192,4,4,LMM-2,14.675,30.737171819029065,0.6466690435150481
93,192,4,6,LMM-1,15.333333333333334,32.03636614221173,0.4746838884025341
93,192,4,6,LMM-2,12.783333333333333,26.472766761939603,0.5954538254766127
93,192,4,8,LMM-1,15.0,31.42233995958219,0.37633523997116497
93,192,4,8,LMM-2,13.0125,27.163730865561256,0.4752975525859835
93,192,6,2,LMM-1,16.0,33.73963456841884,0.7660164794317581
93,192,6,2,LMM-2,14.75,30.98793136522711,0.8020613420304394
93,192,6,4,LMM-1,15.75,33.03385691476483,0.5978610627952985
93,192,6,4,LMM-2,14.675,30.737171819029065,0.6466690435150481
93,192,6,6,LMM-1,15.333333333333334,32.03636614221173,0.4746838884025341
93,192,6,6,LMM-2,12.783333333333333,26.472766761939603,0.5954538254766127
93,192,6,8,LMM-1,15.0,31.42233995958219,0.37633523997116497
93,192,6,8,LMM-2,13.0125,27.163730865561256,0.4752975525859835
93,192,8,2,LMM-1,12.0,24.803035101180136,0.826210023193716
93,192,8,2,LMM-2,13.05,26.085471400162493,0.8462678706478222
93,192,8,4,LMM-1,12.25,25.194383514334156,0.6836887657678952
93,192,8,4,LMM-2,11.35,23.122651750660587,0.7556101952026029
93,192,8,6,LMM-1,12.166666666666666,25.030721027513344,0.5666429069388887
93,192,8,6,LMM-2,10.533333333333333,21.445227850706797,0.6833178580279345
93,192,8,8,LMM-1,12.24783348472921,25.451355205952485,0.5066565813669419
93,192,8,8,LMM-2,10.6125,21.7244007927495,0.5770352877656195
93,192,10,2,LMM-1,11.0,22.14055144422983,0.848969531049802
93,192,10,2,LMM-2,10.75,20.950828134566642,0.8982705778802934
93,192,10,4,LMM-1,10.5,21.449552112469657,0.7254564087208333
93,192,10,4,LMM-2,10.075,20.06811798687182,0.7987053169734544
93,192,10,6,LMM-1,10.166666666666666,20.87195000882135,0.6230065220370015
93,192,10,6,LMM-2,9.466666666666667,18.899033962823584,0.7373513429823519
93,192,10,8,LMM-1,9.75,20.11960214858966,0.5798918138735741
93,192,10,8,LMM-2,9.125,18.281060883534963,0.6780685750342058
94,193,4,2,LMM-1,14.0,29.813651826801145,0.7861364940715012
94,193,4,2,LMM-2,13.6,28.79578139519112,0.8110013027633155
94,193,4,4,LMM-1,13.0,27.529992665906626,0.6450477486288106
94,193,4,4,LMM-2,12.45,26.148002109533582,0.6976065211211793
94,193,4,6,LMM-1,12.819583505042662,27.012864843800372,0.5867027984068294
94,193,4,6,LMM-2,12.366666666666667,25.576177059608753,0.5846382049935988
94,193,4,8,LMM-1,12.938018296557459,27.132055084074675,0.4777984921175224
94,193,4,8,LMM-2,12.525,25.78825507760512,0.484900945350924
94,193,6,2,LMM-1,11.0,22.135454764240315,0.8472502672959031
94,193,6,2,LMM-2,10.7,21.31832498943719,0.8699340751634372
94,193,6,4,LMM-1,10.291124137115164,21.293441330368083,0.7860969741067934
94,193,6,4,LMM-2,10.3,20.57465598124914,0.768175083798734
94,193,6,6,LMM-1,10.418076957470618,21.483198645747734,0.6633531676821427
94,193,6,6,LMM-2,9.783333333333333,19.397301411477464,0.7096318818699501
94,193,6,8,LMM-1,10.266751685382477,21.434306020215597,0.6622933452717511
94,193,6,8,LMM-2,9.875,19.916307499670953,0.6091039623835898
94,193,8,2,LMM-1,10.921097321365474,22.598850597385784,0.9241371188490038
94,193,8,2,LMM-2,10.15,19.940326410450712,0.8948503187075163
94,193,8,4,LMM-1,9.98226169029722,20.917512335601437,0.8605313316638309
94,193,8,4,LMM-2,9.2,18.17201274174471,0.8205162972983739
94,193,8,6,LMM-1,10.450939388774337,21.84670633085591,0.7832348873442535
94,193,8,6,LMM-2,9.483333333333333,18.68738835644538,0.748897915460284
94,193,8,8,LMM-1,10.153617366661594,21.483454700634688,0.778040691190298
94,193,8,8,LMM-2,9.575,19.0946023346921,0.6637907197241567
94,193,10,2,LMM-1,10.968605002269534,22.072992823601165,0.9254536809307832
94,193,10,2,LMM-2,10.1,19.46330529524695,0.8984312434252212
94,193,10,4,LMM-1,9.96251117426189,20.34250024561612,0.8646140489936449
94,193,10,4,LMM-2,9.1,17.74872731673397,0.8339016007394304
94,193,10,6,LMM-1,9.789857090044501,20.270226802370157,0.8584074557338452
94,193,10,6,LMM-2,8.716666666666667,17.040332741140148,0.7803052926898765
94,193,10,8,LMM-1,10.113473346962532,20.973220224765978,0.7826635743440784
94,193,10,8,LMM-2,9.2625,18.190088760124517,0.6778283966874702
95,194,4,2,LMM-1,17.5,37.527435082344866,0.7288509762854471
95,194,4,2,LMM-2,17.3,37.16836864540563,0.7341167675200332
95,194,4,4,LMM-1,16.5,35.79981790508709,0.5390796114847469
95,194,4,4,LMM-2,16.325,35.550370328722856,0.5444274571639888
95,194,4,6,LMM-1,15.351711465226836,34.190888380367916,0.46954549118464906
95,194,4,6,LMM-2,15.25,33.44166718617295,0.42791761417097113
95,194,4,8,LMM-1,14.638748132302089,32.56527717003568,0.3693258876805306
95,194,4,8,LMM-2,13.9125,30.41782124701505,0.38306100375889585
95,194,6,2,LMM-1,15.5,30.523588884341798,0.7942511027469935
95,194,6,2,LMM-2,13.6,26.56704675873786,0.8376196133758343
95,194,6,4,LMM-1,14.5,28.797229098708733,0.6401331635520104
95,194,6,4,LMM-2,11.5,22.6505008533887,0.7571220329183164
95,194,6,6,LMM-1,13.782205683548153,28.460932264626297,0.5773051303559297
95,194,6,6,LMM-2,11.333333333333332,22.6425222821977,0.6452027207531121
95,194,6,8,LMM-1,13.282360280767415,27.93118442318189,0.5225067340721089
95,194,6,8,LMM-2,10.675,21.626490001028273,0.5756139395244638
95,194,8,2,LMM-1,15.5,30.523588884341798,0.7942511027469935
95,194,8,2,LMM-2,13.6,26.56704675873786,0.8376196133758343
95,194,8,4,LMM-1,14.5,28.797229098708733,0.6401331635520104
95,194,8,4,LMM-2,11.35,22.552015536020495,0.7559749203761371
95,194,8,6,LMM-1,13.036583839786852,26.408822987883838,0.5857808909465392
95,194,8,6,LMM-2,10.283333333333333,20.47435817392061,0.6912773338349396
95,194,8,8,LMM-1,12.330818810350667,25.348768901103103,0.5305048914606958
95,194,8,8,LMM-2,10.4875,21.086401138265998,0.5879849714290921
95,194,10,2,LMM-1,15.5,30.523588884341798,0.7942511027469935
95,194,10,2,LMM-2,12.85,25.222402039891442,0.8525329311663967
95,194,10,4,LMM-1,14.5,28.797229098708733,0.6401331635520104
95,194,10,4,LMM-2,11.1,22.01710299600635,0.7673851882809346
95,194,10,6,LMM-1,12.875151401002466,25.94282329399648,0.587091948834897
95,194,10,6,LMM-2,10.083333333333334,20.09703834887103,0.6976488149572105
95,194,10,8,LMM-1,12.084620007140924,24.646328513651405,0.5327251452500731
95,194,10,8,LMM-2,10.3625,20.816403062107366,0.5928465478724342
96,195,4,2,LMM-1,13.0,26.588397022545315,0.8139446104105433
96,195,4,2,LMM-2,12.4,25.10541324420812,0.8413453457787547
96,195,4,4,LMM-1,14.0,28.891116222522847,0.6376568196736208
96,195,4,4,LMM-2,12.05,24.34750168952361,0.7372785289839585
96,195,4,6,LMM-1,14.333333333333334,29.92293318660051,0.49320017152872975
96,195,4,6,LMM-2,12.75,26.341919375218623,0.5947660764446517
96,195,4,8,LMM-1,13.8185955382577,30.15462015525237,0.48426423250762995
96,195,4,8,LMM-2,12.8375,26.944932133279366,0.4856226343834152
96,195,6,2,LMM-1,12.0,24.44538355215687,0.8306926051530816
96,195,6,2,LMM-2,11.2,22.28243303210283,0.8914281740416001
96,195,6,4,LMM-1,12.5,25.588701271831827,0.6753059921989942
96,195,6,4,LMM-2,11.9,24.046414988599143,0.7476602328096915
96,195,6,6,LMM-1,12.664941226933674,26.610829784859163,0.5965348298619244
96,195,6,6,LMM-2,11.983333333333333,24.45287300915092,0.6345075435589755
96,195,6,8,LMM-1,12.640385057182419,27.13303826412013,0.5185575988528719
96,195,6,8,LMM-2,12.5,26.017766164538347,0.5102091696317973
96,195,8,2,LMM-1,11.0,22.22870162987353,0.8497301021467004
96,195,8,2,LMM-2,10.2,19.987278968585034,0.9104787234529805
96,195,8,4,LMM-1,11.75,23.9062858446178,0.699237147169397
96,195,8,4,LMM-2,10.85,21.624081828943893,0.781137506515756
96,195,8,6,LMM-1,11.730765671693991,24.277035020888654,0.6200893543954427
96,195,8,6,LMM-2,11.283333333333333,22.836444911169096,0.6629976786055658
96,195,8,8,LMM-1,11.60740799104357,24.460885371434642,0.5415764121093819
96,195,8,8,LMM-2,11.9125,24.66915651172746,0.5373892838792957
96,195,10,2,LMM-1,11.0,22.22870162987353,0.8497301021467004
96,195,10,2,LMM-2,9.5,18.446542021936068,0.9237841215562905
96,195,10,4,LMM-1,11.75,23.9062858446178,0.699237147169397
96,195,10,4,LMM-2,10.8,21.527415997129598,0.7834134238463262
96,195,10,6,LMM-1,11.23232661055734,23.13456733819577,0.6282863798403174
96,195,10,6,LMM-2,11.033333333333335,22.39891689932853,0.6636213678683176
96,195,10,8,LMM-1,9.873117924296212,20.569778886893218,0.6280972304307649
96,195,10,8,LMM-2,10.4,21.296619146762986,0.6030996795008426
97,196,4,2,LMM-1,14.5,31.569244404104484,0.7691602131419046
97,196,4,2,LMM-2,14.15,30.805177142478186,0.7815095228187257
97,196,4,4,LMM-1,14.0,30.403033769848566,0.6032794398489475
97,196,4,4,LMM-2,14.1,30.315908796572664,0.6279944811837548
97,196,4,6,LMM-1,13.5,29.503804867657227,0.47656623851785385
97,196,4,6,LMM-2,13.383333333333335,28.984957879552688,0.5158981570121186
97,196,4,8,LMM-1,13.348697247877343,29.614375824225032,0.42155047368955206
97,196,4,8,LMM-2,12.6,27.35102170049737,0.4353451575101759
97,196,6,2,LMM-1,13.5,29.010345036255387,0.7878791217707745
97,196,6,2,LMM-2,14.1,30.313865957471553,0.7891856180777184
97,196,6,4,LMM-1,12.975513150961035,28.343286119694437,0.7084902004855718
97,196,6,4,LMM-2,12.975,27.31893591111184,0.6839505114935983
97,196,6,6,LMM-1,12.81684058459265,28.270116887530044,0.6292674765712389
97,196,6,6,LMM-2,12.566666666666666,26.473828758402114,0.5807548503204714
97,196,6,8,LMM-1,12.454928441554044,27.82878309024627,0.6212634115319308
97,196,6,8,LMM-2,11.8625,24.995462053783367,0.5120848920723999
97,196,8,2,LMM-1,12.0,24.99803327556405,0.82135700939013
97,196,8,2,LMM-2,12.4,25.379401529321203,0.8432472084132089
97,196,8,4,LMM-1,11.957720107305857,25.193614600449187,0.7491729734937543
97,196,8,4,LMM-2,11.3,23.107045512692245,0.7333561593386815
97,196,8,6,LMM-1,11.305091601089861,24.133679345053512,0.6869266741328552
97,196,8,6,LMM-2,10.433333333333334,21.51080297212259,0.6671834415358615
97,196,8,8,LMM-1,11.195688677936504,24.326866461210948,0.680749796510268
97,196,8,8,LMM-2,10.3875,21.471422157690856,0.5899954598604499
97,196,10,2,LMM-1,12.5,25.289646926677637,0.8262933762679813
97,196,10,2,LMM-2,11.75,23.58100604545179,0.8568853582430508
97,196,10,4,LMM-1,11.75,23.99929052187168,0.7547350882772964
97,196,10,4,LMM-2,10.95,22.0068628902359,0.7501303507444719
97,196,10,6,LMM-1,11.322162299804454,23.27774519317018,0.6920690771350875
97,196,10,6,LMM-2,10.566666666666666,21.116279641129015,0.6811688283730465
97,196,10,8,LMM-1,10.753188054079923,22.45738861203781,0.6858483733217625
97,196,10,8,LMM-2,9.8625,19.88915502500745,0.5981443390978647
98,197,4,2,LMM-1,17.5,38.68241577478095,0.7143524607428523
98,197,4,2,LMM-2,16.45,36.188037288470404,0.7372575169720983
98,197,4,4,LMM-1,15.25,32.769949839146996,0.5798770839288391
98,197,4,4,LMM-2,14.175,30.33144228834174,0.6202733472632642
98,197,4,6,LMM-1,15.333333333333334,33.09767484661562,0.4353320986521986
98,197,4,6,LMM-2,13.116666666666665,27.804555969458466,0.5458186697983014
98,197,4,8,LMM-1,14.75,31.82905785985788,0.34557268992440593
98,197,4,8,LMM-2,13.2875,28.410474767417448,0.4266269265419078
98,197,6,2,LMM-1,11.068886409791206,22.90967926770741,0.9076445205085545
98,197,6,2,LMM-2,10.4,20.513882152508316,0.8838767772755028
98,197,6,4,LMM-1,11.033140158618806,22.893830804910017,0.7520762373677146
98,197,6,4,LMM-2,10.225,20.67868563012348,0.7600889079236162
98,197,6,6,LMM-1,10.677231561403124,22.330409646557573,0.6888362961548564
98,197,6,6,LMM-2,10.2,20.734482709098025,0.6627578732272842
98,197,6,8,LMM-1,10.024020611817024,21.269024972362395,0.6862901535519306
98,197,6,8,LMM-2,9.6,19.653724740165337,0.5917198671440055
98,197,8,2,LMM-1,11.251827102667452,23.28439413844037,0.9155579993442624
98,197,8,2,LMM-2,10.4,20.61457072120113,0.8724745842700965
98,197,8,4,LMM-1,10.790167930622598,22.30899367538202,0.7723826518410937
98,197,8,4,LMM-2,9.75,19.70473570071197,0.7793172569565456
98,197,8,6,LMM-1,10.35750462517478,21.526723737755994,0.707881906072698
98,197,8,6,LMM-2,9.783333333333335,19.797322554709794,0.685873236718456
98,197,8,8,LMM-1,10.266901898273597,21.804358422128377,0.6986934594118536
98,197,8,8,LMM-2,9.6125,19.67365357511664,0.5935291170815222
98,197,10,2,LMM-1,9.370220838080508,18.83143457515222,0.9346004829785668
98,197,10,2,LMM-2,9.5,18.33890830733941,0.9068002864231293
98,197,10,4,LMM-1,9.709488229074477,20.135150937579432,0.8537853012168508
98,197,10,4,LMM-2,9.45,18.86697211222442,0.7952347439309031
98,197,10,6,LMM-1,8.790169489163576,18.265110324956222,0.8069222338515909
98,197,10,6,LMM-2,8.483333333333333,17.02891052798474,0.7577896215120236
98,197,10,8,LMM-1,8.868751379920898,18.44124093906914,0.7485547764475247
98,197,10,8,LMM-2,8.35,16.80514150247845,0.6902685390964961
99,198,4,2,LMM-1,11.205038237468083,24.827460513245267,0.8926025016567939
99,198,4,2,LMM-2,11.05,23.63106080503934,0.8384626903152121
99,198,4,4,LMM-1,11.123617184751476,23.892761559669847,0.7475562265245232
99,198,4,4,LMM-2,10.8,22.699274882566453,0.7231332092890101
99,198,4,6,LMM-1,10.651183261098415,23.204310634502214,0.6799606405178998
99,198,4,6,LMM-2,10.033333333333333,21.09928856462884,0.6501182358472798
99,198,4,8,LMM-1,10.381037704631767,23.030190518573043,0.6722416765425228
99,198,4,8,LMM-2,9.9,20.879476825627762,0.5719583278993243
99,198,6,2,LMM-1,10.5,22.037409290749803,0.9158468286107422
99,198,6,2,LMM-2,10.35,21.081967292213744,0.8719666949941551
99,198,6,4,LMM-1,10.25,21.65779572451993,0.7673845437147
99,198,6,4,LMM-2,10.075,21.05556434146809,0.7486051913100173
99,198,6,6,LMM-1,10.020430582033352,21.160240301923963,0.7005122469879576
99,198,6,6,LMM-2,9.95,20.572899841175804,0.6398655979697062
99,198,6,8,LMM-1,9.515225817152901,20.31637008759794,0.6480330299275411
99,198,6,8,LMM-2,9.2375,19.27982932827948,0.5966360261201687
99,198,8,2,LMM-1,9.5,19.63047922445852,0.9280258351206985
99,198,8,2,LMM-2,9.3,18.23962293023289,0.8921187317051021
99,198,8,4,LMM-1,10.938249396992019,22.46780783065007,0.8264896294224501
99,198,8,4,LMM-2,10.35,20.551670190726647,0.770448129860253
99,198,8,6,LMM-1,10.614296991864553,21.978439845275112,0.755044571339765
99,198,8,6,LMM-2,10.166666666666666,20.425678762537267,0.668482224658012
99,198,8,8,LMM-1,10.200771946728038,21.21218917085828,0.7516613350277686
99,198,8,8,LMM-2,9.675,19.580415031205956,0.6029287794219423
99,198,10,2,LMM-1,9.029306680125895,18.666436919955146,0.9303533060819653
99,198,10,2,LMM-2,8.75,17.150932017168124,0.9091793433607827
99,198,10,4,LMM-1,9.610902526352472,19.771558581105317,0.9238004946286866
99,198,10,4,LMM-2,9.175,17.887141042942357,0.818072613883791
99,198,10,6,LMM-1,9.010013778604065,18.703989958926048,0.9187731203239065
99,198,10,6,LMM-2,8.583333333333332,16.724956336959455,0.7638257390996632
99,198,10,8,LMM-1,9.018420059949252,18.862194235886825,0.9127649083997996
99,198,10,8,LMM-2,8.3125,16.341737448641872,0.7116848656745418
100,199,4,2,LMM-1,12.0,25.19921562092069,0.8173364013183642
100,199,4,2,LMM-2,11.2,23.12443662996467,0.8550236427289839
100,199,4,4,LMM-1,12.5,26.46999350661675,0.6518691670028055
100,199,4,4,LMM-2,11.55,24.0463092943978,0.7238626425418576
100,199,4,6,LMM-1,12.833333333333334,27.23278425983522,0.515241422814017
100,199,4,6,LMM-2,11.85,24.735160073534562,0.6070097485282364
100,199,4,8,LMM-1,12.0,25.895792434366506,0.5138188275024438
100,199,4,8,LMM-2,11.05,23.096926774549853,0.5467037641492293
100,199,6,2,LMM-1,11.5,23.487050631541017,0.8355358833291749
100,199,6,2,LMM-2,11.0,22.30935248274317,0.854572013518611
100,199,6,4,LMM-1,12.0,24.949557415179832,0.6751156945159151
100,199,6,4,LMM-2,11.425,23.6165464427914,0.7098562336303342
100,199,6,6,LMM-1,12.5,26.156133140641582,0.5356489891113851
100,199,6,6,LMM-2,11.833333333333334,24.599862827883918,0.5853819713622493
100,199,6,8,LMM-1,11.390606269806883,24.167179042877066,0.5325788608451374
100,199,6,8,LMM-2,10.9,22.6332416483424,0.5413077488362539
100,199,8,2,LMM-1,10.0,20.180466333495765,0.8598559579041751
100,199,8,2,LMM-2,9.85,19.406846860234943,0.9031630191226852
100,199,8,4,LMM-1,10.5,21.450822184712017,0.72146831139521
100,199,8,4,LMM-2,9.675,19.459023720829954,0.8172956796538378
100,199,8,6,LMM-1,10.833333333333334,22.213331581610632,0.5999323612362276
100,199,8,6,LMM-2,9.8,19.711794437912477,0.7405573407306864
100,199,8,8,LMM-1,10.0,20.80889747763959,0.6003184254804268
100,199,8,8,LMM-2,8.875,17.834287174385505,0.703316681074426
100,199,10,2,LMM-1,10.0,20.180466333495765,0.8598559579041751
100,199,10,2,LMM-2,9.25,18.060076071872178,0.9042652775245245
100,199,10,4,LMM-1,9.0,18.29584854478644,0.8044280281163525
100,199,10,4,LMM-2,7.9,15.636759505691321,0.861099497548315
100,199,10,6,LMM-1,8.183847351753254,16.933575530698484,0.8056449735025396
100,199,10,6,LMM-2,7.933333333333333,15.768041047572805,0.7786223588910995
100,199,10,8,LMM-1,7.5970924364165,15.923896306730189,0.8035246019840951
100,199,10,8,LMM-2,7.525,15.028679686912856,0.7286093734684013
101,200,4,2,LMM-1,11.915043271332475,25.49409567650392,0.9085684606347915
101,200,4,2,LMM-2,11.35,22.834365941911212,0.8637458114177757
101,200,4,4,LMM-1,11.289658101617897,24.563993928746193,0.8192589372454684
101,200,4,4,LMM-2,10.95,22.630926682859236,0.7440746403487465
101,200,4,6,LMM-1,10.291949500531128,22.56656827940263,0.7033733816033804
101,200,4,6,LMM-2,9.55,20.026781842464096,0.6958361186549747
101,200,4,8,LMM-1,9.823058602856548,21.73045256876753,0.595491894642565
101,200,4,8,LMM-2,8.7625,18.635539627283265,0.6399422491637867
101,200,6,2,LMM-1,10.92564907826153,22.733444110985594,0.9202610480543431
101,200,6,2,LMM-2,10.05,20.08846283868079,0.8872853008595915
101,200,6,4,LMM-1,10.380766193621898,21.843410658482345,0.8452793735166196
101,200,6,4,LMM-2,9.3,18.814487992366747,0.8157145303350737
101,200,6,6,LMM-1,9.630926939040581,20.364575155129085,0.7360026937912997
101,200,6,6,LMM-2,8.716666666666665,17.866162539703772,0.7462263470858784
101,200,6,8,LMM-1,9.348496764828464,19.92503300101756,0.6298696818403144
101,200,6,8,LMM-2,8.5125,17.62575192415229,0.6810076777825695
101,200,8,2,LMM-1,8.921946683777154,18.527490409959153,0.9394319709580177
101,200,8,2,LMM-2,8.55,16.76271692188124,0.9149725231724049
101,200,8,4,LMM-1,9.3521296116804,19.62849207996421,0.9338083472455759
101,200,8,4,LMM-2,8.85,17.82860697039722,0.8134924114546248
101,200,8,6,LMM-1,9.412069591088121,19.82471078891282,0.8329675644720463
101,200,8,6,LMM-2,8.733333333333333,17.719247657619967,0.7446382605554603
101,200,8,8,LMM-1,9.741962994675784,20.466934162575075,0.8264220969106612
101,200,8,8,LMM-2,8.8,17.798905765355578,0.6735572015286448
101,200,10,2,LMM-1,8.94369359311689,17.898815724712538,0.9406637383598128
101,200,10,2,LMM-2,8.4,16.496051996024725,0.9120627528830301
101,200,10,4,LMM-1,8.852150203363056,18.301368473185345,0.9352308449797487
101,200,10,4,LMM-2,8.775,17.57169029965777,0.8337077119308957
101,200,10,6,LMM-1,9.581319336540982,19.70721006450146,0.836069864019392
101,200,10,6,LMM-2,8.916666666666668,17.82257448018472,0.7521762558930102
101,200,10,8,LMM-1,8.481375431055241,17.659603648465158,0.8331649890772269
101,200,10,8,LMM-2,7.8125,15.80955336037502,0.7266541646615658
102,201,4,2,LMM-1,21.5,44.76077829219354,0.7065862638650356
102,201,4,2,LMM-2,20.55,42.334966942245096,0.7447392448636764
102,201,4,4,LMM-1,20.5,42.43488839069144,0.5199026835500943
102,201,4,4,LMM-2,18.5,37.70205141359042,0.613349120636069
102,201,4,6,LMM-1,19.5,40.08161540763956,0.39865041333111534
102,201,4,6,LMM-2,17.96666666666667,36.39865216214061,0.4964937681759139
102,201,4,8,LMM-1,18.5,37.905397035472284,0.31536951617016873
102,201,4,8,LMM-2,17.1125,34.50154095016718,0.4294565589888267
102,201,6,2,LMM-1,11.5,23.912507081108572,0.9107700112745112
102,201,6,2,LMM-2,10.5,20.694364314209935,0.9064413203005051
102,201,6,4,LMM-1,11.672741770699188,24.72480676147877,0.8986381527689012
102,201,6,4,LMM-2,10.8,21.18904123044829,0.8195797032668525
102,201,6,6,LMM-1,12.146611962214818,25.484654482129244,0.8061406668673132
102,201,6,6,LMM-2,11.616666666666667,22.56517261590728,0.7162286235623259
102,201,6,8,LMM-1,12.838259551109687,26.736392733507707,0.7212754134509878
102,201,6,8,LMM-2,12.375,24.13240698344393,0.5785240895101037
102,201,8,2,LMM-1,10.622065485926987,22.047311746877092,0.9213230845126097
102,201,8,2,LMM-2,10.75,21.02238421192612,0.8923745528287379
102,201,8,4,LMM-1,11.134118327112542,23.42012223070226,0.9112441592086228
102,201,8,4,LMM-2,10.45,20.333354746520232,0.8280167631402648
102,201,8,6,LMM-1,12.060697266056488,24.626594180624085,0.7495012372437398
102,201,8,6,LMM-2,11.533333333333333,22.390233226505785,0.7028411737135076
102,201,8,8,LMM-1,12.28090445839456,25.367674738076705,0.7398199204195957
102,201,8,8,LMM-2,11.875,23.028931940439403,0.6067229039714659
102,201,10,2,LMM-1,9.5,18.978912204199354,0.9339623385903671
102,201,10,2,LMM-2,8.55,16.356975176596727,0.926657333356579
102,201,10,4,LMM-1,9.689866449756794,19.609993815773144,0.926786458813251
102,201,10,4,LMM-2,8.775,17.1036908645042,0.8510846497691565
102,201,10,6,LMM-1,10.193383329128226,20.475939913447114,0.8529056924909829
102,201,10,6,LMM-2,9.25,17.78072139405622,0.7842516690887414
102,201,10,8,LMM-1,10.869777381402638,21.708803013061434,0.7805319889124414
102,201,10,8,LMM-2,9.6,18.51824802717489,0.6914235580748196
103,202,4,2,LMM-1,13.5,28.93590977865899,0.7866331502774151
103,202,4,2,LMM-2,12.55,26.461840825986524,0.828118248739625
103,202,4,4,LMM-1,13.225204798526235,29.78751402268511,0.7776553547800861
103,202,4,4,LMM-2,12.0,25.251562179572094,0.697403629113549
103,202,4,6,LMM-1,12.498396210074528,28.370559500023727,0.6945561209987972
103,202,4,6,LMM-2,11.483333333333333,24.404615997680224,0.5971995216274277
103,202,4,8,LMM-1,12.12193166936401,27.96111386814771,0.6817982249315269
103,202,4,8,LMM-2,11.2125,24.028982149448872,0.5028525276420848
103,202,6,2,LMM-1,12.5,26.035731202622845,0.8146905790871181
103,202,6,2,LMM-2,10.9,22.28648833216058,0.861235607973466
103,202,6,4,LMM-1,12.225443876109633,27.144365086736894,0.8062672115464403
103,202,6,4,LMM-2,10.775,22.365963953437355,0.7450474387751318
103,202,6,6,LMM-1,11.923257791906387,26.62031031630927,0.7316847783290972
103,202,6,6,LMM-2,10.066666666666666,21.027648121709994,0.6700301530500996
103,202,6,8,LMM-1,12.012713546324889,26.897544891841413,0.6466765363801983
103,202,6,8,LMM-2,10.3125,21.738938955267496,0.5620824748236161
103,202,8,2,LMM-1,12.5,26.612387875682636,0.9014402900870104
103,202,8,2,LMM-2,12.25,24.850200919285022,0.8433380096048569
103,202,8,4,LMM-1,11.853632773605561,25.959815765295538,0.8882241359925007
103,202,8,4,LMM-2,11.375,23.2783181771203,0.7350374927155199
103,202,8,6,LMM-1,11.12011636092168,24.389466476347646,0.8104739437406874
103,202,8,6,LMM-2,10.333333333333332,21.224312558520495,0.6674440493572384
103,202,8,8,LMM-1,10.726764206901747,23.808381972423582,0.8005182228413483
103,202,8,8,LMM-2,10.0625,20.882075465566775,0.5758596077078748
103,202,10,2,LMM-1,11.0,22.93232024681964,0.9241506360369304
103,202,10,2,LMM-2,11.2,22.177034186102123,0.8668347349967128
103,202,10,4,LMM-1,10.482451845720103,21.93390228402063,0.8508581176598728
103,202,10,4,LMM-2,10.35,20.624308732917576,0.7825556665968986
103,202,10,6,LMM-1,10.296796920829522,21.82325059778547,0.843646420845117
103,202,10,6,LMM-2,10.283333333333333,20.74918373075962,0.6760523433521854
103,202,10,8,LMM-1,10.050592966738993,21.558445979446958,0.8364442779029758
103,202,10,8,LMM-2,9.6625,19.577272247883094,0.6282710024284237
104,203,4,2,LMM-1,14.0,29.526394910773394,0.7946972184569577
104,203,4,2,LMM-2,13.05,26.447967991339556,0.8532336881345725
104,203,4,4,LMM-1,13.022172438010577,28.20854983157035,0.7107553373177751
104,203,4,4,LMM-2,12.125,25.325742326092268,0.7192291110891371
104,203,4,6,LMM-1,12.514719974799338,27.529329639209333,0.5698071498612314
104,203,4,6,LMM-2,11.35,24.048481695103092,0.6215728855097494
104,203,4,8,LMM-1,12.136034076421405,26.846646691886853,0.4635926319611718
104,203,4,8,LMM-2,10.9125,23.29399782012091,0.5535878668416984
104,203,6,2,LMM-1,12.0,24.49717893717949,0.8318157146999123
104,203,6,2,LMM-2,11.65,23.640349446667,0.8553606258664657
104,203,6,4,LMM-1,12.0,24.784157998158285,0.6824742005112246
104,203,6,4,LMM-2,11.5,23.672750890134473,0.7184699329508093
104,203,6,6,LMM-1,11.333333333333334,23.429678563639005,0.5813754429305573
104,203,6,6,LMM-2,10.383333333333333,21.30087412105816,0.6589219595218853
104,203,6,8,LMM-1,10.491789656018884,22.083839077034636,0.5805786684348914
104,203,6,8,LMM-2,9.675,20.09509433251047,0.5930870263278283
104,203,8,2,LMM-1,12.0,24.045835922572742,0.8356971998515886
104,203,8,2,LMM-2,10.35,20.257573674847357,0.8879663995575247
104,203,8,4,LMM-1,12.0,24.514255049383753,0.6851167679078456
104,203,8,4,LMM-2,9.7,19.21120055323788,0.8191636504897597
104,203,8,6,LMM-1,11.166666666666666,22.922849274769625,0.5860330416133828
104,203,8,6,LMM-2,9.083333333333332,18.1485722970188,0.7568371082324759
104,203,8,8,LMM-1,10.125,20.990111457834814,0.5888196164384154
104,203,8,8,LMM-2,8.3375,16.863017104576212,0.704864241558032
104,203,10,2,LMM-1,11.0,21.674891302809176,0.8543848018793112
104,203,10,2,LMM-2,9.8,18.914272694805533,0.8921335575660269
104,203,10,4,LMM-1,10.0,19.948389944077906,0.7423953626670551
104,203,10,4,LMM-2,9.1,17.798440802432655,0.8289909665285193
104,203,10,6,LMM-1,9.333333333333334,18.898038367918183,0.69553969196974
104,203,10,6,LMM-2,8.083333333333332,15.969840800128381,0.7857674804896885
104,203,10,8,LMM-1,8.649674870639487,17.732179071238992,0.6975942326113229
104,203,10,8,LMM-2,8.275,16.569487352555804,0.69987033901518
105,204,4,2,LMM-1,13.5,29.35224040637184,0.7796198040896948
105,204,4,2,LMM-2,11.8,25.20935913086869,0.8285374052465213
105,204,4,4,LMM-1,13.0,28.23916245771797,0.622596938016882
105,204,4,4,LMM-2,10.8,22.740108215368366,0.7443401431749942
105,204,4,6,LMM-1,12.833333333333334,28.00498595701732,0.490627754121859
105,204,4,6,LMM-2,10.183333333333334,21.510638073886295,0.6628331907783129
105,204,4,8,LMM-1,12.917167039541658,28.865390343077024,0.4176812896489713
105,204,4,8,LMM-2,10.8,23.32512972002474,0.5270913156963396
105,204,6,2,LMM-1,13.0,27.488293267674447,0.8004816398260296
105,204,6,2,LMM-2,12.1,25.285586315167386,0.8310332040497315
105,204,6,4,LMM-1,12.5,26.3756457795237,0.6563473269583173
105,204,6,4,LMM-2,11.325,23.452726680514033,0.7316656277162543
105,204,6,6,LMM-1,12.166666666666666,25.78121124870119,0.5356684839613367
105,204,6,6,LMM-2,11.233333333333333,23.4566944852636,0.6199873139902131
105,204,6,8,LMM-1,11.625,24.64523843005917,0.4519183973351938
105,204,6,8,LMM-2,10.05,20.728122365039958,0.6083208561944664
105,204,8,2,LMM-1,10.256256540063942,21.027848801611995,0.9275495324920229
105,204,8,2,LMM-2,10.05,19.74563774679647,0.8864692788319927
105,204,8,4,LMM-1,10.524321037190495,21.752007455817782,0.8344965464352834
105,204,8,4,LMM-2,9.675,19.11206383632156,0.7980468249920705
105,204,8,6,LMM-1,9.916691225844191,20.79626165366521,0.828904069693907
105,204,8,6,LMM-2,8.933333333333334,18.02720252280266,0.7221445596099465
105,204,8,8,LMM-1,9.565245011834785,20.231538218865246,0.8224001691101576
105,204,8,8,LMM-2,8.775,17.8126963879479,0.6504544196761026
105,204,10,2,LMM-1,9.5,19.057318323676768,0.9290897425218507
105,204,10,2,LMM-2,9.2,17.952561712662067,0.8966947185362708
105,204,10,4,LMM-1,10.447790648449933,21.35548849966795,0.8367491659101607
105,204,10,4,LMM-2,9.875,19.48840022623272,0.7820624239671993
105,204,10,6,LMM-1,9.237534241659235,19.096794810959764,0.8335966529790374
105,204,10,6,LMM-2,8.383333333333333,16.561255463358354,0.7556989182426932
105,204,10,8,LMM-1,8.983681167715838,18.806159013553376,0.8275747385066057
105,204,10,8,LMM-2,8.6375,17.204029138163847,0.676942745216331
106,205,4,2,LMM-1,14.0,29.560342167911664,0.7923869669886295
106,205,4,2,LMM-2,12.35,25.148122011023045,0.8613978111399139
106,205,4,4,LMM-1,13.5,28.701517173707337,0.6316590290125671
106,205,4,4,LMM-2,12.025,24.63813491511061,0.7394184326856302
106,205,4,6,LMM-1,13.333333333333334,28.041196505215634,0.515625114270902
106,205,4,6,LMM-2,11.066666666666666,22.56784716632294,0.6860101370618061
106,205,4,8,LMM-1,12.739822272731818,27.21698113760017,0.513179136832276
106,205,4,8,LMM-2,11.3625,23.607872108156307,0.5404084302245908
106,205,6,2,LMM-1,14.0,28.763299952969355,0.8064443783223944
106,205,6,2,LMM-2,12.8,26.086986600556532,0.8451218759675088
106,205,6,4,LMM-1,13.5,27.940629483614543,0.6534423298398313
106,205,6,4,LMM-2,12.425,25.656823633563498,0.71029337292599
106,205,6,6,LMM-1,13.333333333333334,27.610829161513855,0.5312102176207495
106,205,6,6,LMM-2,12.233333333333333,25.263381133963644,0.6047049667452755
106,205,6,8,LMM-1,12.530549618367607,26.607624135167008,0.5257329613591314
106,205,6,8,LMM-2,11.4125,23.66300910591178,0.5409172337859143
106,205,8,2,LMM-1,13.0,27.520241500684005,0.8043292822403958
106,205,8,2,LMM-2,12.25,24.960283188857375,0.85498693036293
106,205,8,4,LMM-1,12.5,26.661526619288697,0.6508370540778825
106,205,8,4,LMM-2,11.25,23.038880292802247,0.7620354652643616
106,205,8,6,LMM-1,12.5,26.332857481399923,0.5358807350358316
106,205,8,6,LMM-2,11.333333333333332,23.281390921564913,0.6430648878506954
106,205,8,8,LMM-1,12.094994421308526,25.85819863724091,0.5336001503647441
106,205,8,8,LMM-2,10.275,21.20491891883669,0.6023477936170967
106,205,10,2,LMM-1,12.0,24.808901993401,0.8273083880946744
106,205,10,2,LMM-2,11.55,23.76722826944411,0.857398377110475
106,205,10,4,LMM-1,11.5,23.9504306905997,0.6885484920417606
106,205,10,4,LMM-2,11.025,22.835413600219372,0.7252243909073923
106,205,10,6,LMM-1,11.166666666666666,23.330258561588003,0.5766870737083405
106,205,10,6,LMM-2,10.666666666666666,22.165037424735864,0.629602920177256
106,205,10,8,LMM-1,11.075338935370572,23.44865870898969,0.5785648153309211
106,205,10,8,LMM-2,10.15,21.2479926901948,0.553588748348028
107,206,4,2,LMM-1,10.5,22.965773907067376,0.9146313128492741
107,206,4,2,LMM-2,10.15,20.85981534160222,0.8701048343428003
107,206,4,4,LMM-1,10.5,23.08085118095382,0.8192731920468944
107,206,4,4,LMM-2,10.075,21.073680878027893,0.7563122393093533
107,206,4,6,LMM-1,10.320199043927083,22.736713862578178,0.7434270779039878
107,206,4,6,LMM-2,9.583333333333332,20.083774013796546,0.6731360957807966
107,206,4,8,LMM-1,10.244137782282175,22.864665704462702,0.734099294535872
107,206,4,8,LMM-2,9.7125,20.426857381744306,0.586376226938925
107,206,6,2,LMM-1,10.42817458635152,21.756120341667042,0.9230878593576565
107,206,6,2,LMM-2,9.8,19.345600692731974,0.8954239306541206
107,206,6,4,LMM-1,9.930394562989878,21.18632185304031,0.9141632175951575
107,206,6,4,LMM-2,9.25,18.56790649804873,0.7865544896561897
107,206,6,6,LMM-1,10.776091698578782,22.86848621686143,0.8055157701527687
107,206,6,6,LMM-2,9.816666666666666,19.755684257829728,0.6903799115838914
107,206,6,8,LMM-1,10.414884560880044,22.30790417478578,0.7989374833878908
107,206,6,8,LMM-2,9.3125,18.646321538011954,0.6548775523884636
107,206,8,2,LMM-1,10.430328473664712,21.59774522878843,0.9220878915117184
107,206,8,2,LMM-2,9.85,19.42974627729682,0.8811262518428418
107,206,8,4,LMM-1,9.930890260215438,21.032741342028523,0.9134679703648871
107,206,8,4,LMM-2,9.0,17.844069958501755,0.8033365379858732
107,206,8,6,LMM-1,9.588507010941267,20.529155688136996,0.9063077211047658
107,206,8,6,LMM-2,8.433333333333334,16.67974515171813,0.7576834861185398
107,206,8,8,LMM-1,10.304945605274309,21.89487160226833,0.8004768719726316
107,206,8,8,LMM-2,9.4375,18.97453454623014,0.6381820763149291
107,206,10,2,LMM-1,10.430167873269474,21.322935110375035,0.9245316990025814
107,206,10,2,LMM-2,10.15,19.890198594767092,0.8721219938962145
107,206,10,4,LMM-1,9.888272818276803,20.52069538407694,0.9168101555135297
107,206,10,4,LMM-2,8.775,17.38306693464612,0.7953449869686766
107,206,10,6,LMM-1,9.516336810091715,19.973473560658867,0.9101565218547389
107,206,10,6,LMM-2,8.683333333333334,17.192875291957254,0.7279755725812034
107,206,10,8,LMM-1,9.499742609960215,20.070419636148152,0.9040835504955596
107,206,10,8,LMM-2,9.075,18.04391335138657,0.6345351862091062
108,207,4,2,LMM-1,20.5,43.40060888857156,0.7008219817185354
108,207,4,2,LMM-2,19.75,41.85502065226574,0.7109118071756523
108,207,4,4,LMM-1,20.0,43.051734641694814,0.48689986987786626
108,207,4,4,LMM-2,16.675,36.03303079854338,0.5687905584503368
108,207,4,6,LMM-1,18.31603631400321,40.038775702064065,0.40778182147483716
108,207,4,6,LMM-2,16.0,34.70710776475788,0.4507973376924088
108,207,4,8,LMM-1,18.361283049383466,40.005846324242285,0.29112910929291724
108,207,4,8,LMM-2,15.725,34.19280006945096,0.35232070857444986
108,207,6,2,LMM-1,20.5,43.40060888857156,0.7008219817185354
108,207,6,2,LMM-2,19.75,41.85502065226574,0.7109118071756523
108,207,6,4,LMM-1,19.75,42.095579031465846,0.4977415279258712
108,207,6,4,LMM-2,16.075,34.166290162617756,0.5945505205449642
108,207,6,6,LMM-1,19.333333333333332,41.39483265602972,0.3551007068757418
108,207,6,6,LMM-2,15.166666666666666,32.533154623225954,0.4830951744680365
108,207,6,8,LMM-1,17.4591396410635,37.67731682965702,0.30584758469182227
108,207,6,8,LMM-2,14.575,31.565594354245953,0.39161101330047954
108,207,8,2,LMM-1,11.5,24.57424174055608,0.8233945018923066
108,207,8,2,LMM-2,10.3,21.65290902407043,0.8598951200641911
108,207,8,4,LMM-1,15.25,32.44904705922935,0.5911953983893526
108,207,8,4,LMM-2,12.05,25.823907444033296,0.6968307928222525
108,207,8,6,LMM-1,16.333333333333332,34.9121245793134,0.42330026043742175
108,207,8,6,LMM-2,12.083333333333332,26.152785835344492,0.5855955370577453
108,207,8,8,LMM-1,15.209352061174545,32.845658259479876,0.36354100133488554
108,207,8,8,LMM-2,12.25,26.741476022418727,0.4777057029175883
108,207,10,2,LMM-1,9.5,19.779894389155903,0.8582748038600532
108,207,10,2,LMM-2,12.55,25.602938542926847,0.8582368468818388
108,207,10,4,LMM-1,8.75,18.49184739674523,0.7458665308177246
108,207,10,4,LMM-2,9.575,19.797467916338384,0.8028384725222558
108,207,10,6,LMM-1,10.166666666666666,21.414215606367282,0.6004552922148408
108,207,10,6,LMM-2,10.583333333333332,21.99563554649102,0.6665958027326291
108,207,10,8,LMM-1,10.078054848877795,21.85867679405437,0.5945449088695719
108,207,10,8,LMM-2,10.2875,21.578780478454114,0.5807257111977673
109,208,4,2,LMM-1,14.0,30.554149387602045,0.7789661018060617
109,208,4,2,LMM-2,12.4,26.351807105221514,0.8519187970573998
109,208,4,4,LMM-1,13.5,28.945463508914365,0.6277826784016872
109,208,4,4,LMM-2,12.4,26.061901274282537,0.7234662956186647
109,208,4,6,LMM-1,13.166666666666666,28.332422890563407,0.5052857723726738
109,208,4,6,LMM-2,12.05,25.449828670116332,0.618790131912897
109,208,4,8,LMM-1,12.75,27.835588418901352,0.40245259305315945
109,208,4,8,LMM-2,11.35,24.225206593875605,0.5477351560143126
109,208,6,2,LMM-1,14.5,30.91243274201716,0.7800748137902855
109,208,6,2,LMM-2,12.15,25.646321599245134,0.8301370540963161
109,208,6,4,LMM-1,13.75,29.022373770451168,0.6317965736155643
109,208,6,4,LMM-2,12.35,25.816117902943102,0.6914870686012472
109,208,6,6,LMM-1,13.5,28.496252268679804,0.5094188786024423
109,208,6,6,LMM-2,12.316666666666666,25.79447524993924,0.5838889169858452
109,208,6,8,LMM-1,13.25,28.194294234847757,0.40473946461749755
109,208,6,8,LMM-2,11.825,24.966293984128946,0.5052853234994511
109,208,8,2,LMM-1,14.0,28.204644223847346,0.8081561965235133
109,208,8,2,LMM-2,11.15,21.976676121733647,0.8762074238973468
109,208,8,4,LMM-1,13.5,27.12865650466528,0.6668628529366835
109,208,8,4,LMM-2,11.15,22.132234170257057,0.754832000891772
109,208,8,6,LMM-1,12.666666666666666,25.64063944458352,0.5577882701496445
109,208,8,6,LMM-2,10.7,21.505678797175356,0.6649725895062564
109,208,8,8,LMM-1,11.875,24.21516184115437,0.4749560568671459
109,208,8,8,LMM-2,10.275,20.88797348906475,0.5764089410961903
109,208,10,2,LMM-1,11.0,21.83617866846586,0.849361674391807
109,208,10,2,LMM-2,9.15,17.7090831155816,0.9126724077929145
109,208,10,4,LMM-1,10.5,20.760719006442848,0.7365765230989371
109,208,10,4,LMM-2,8.7,16.82396456299766,0.8427761206686322
109,208,10,6,LMM-1,10.166666666666666,20.2234044478046,0.6362111034270135
109,208,10,6,LMM-2,8.616666666666667,16.915716212679794,0.755670842941245
109,208,10,8,LMM-1,9.836572095391453,19.915002744260093,0.5883111012746
109,208,10,8,LMM-2,8.7625,17.445914577701352,0.6652182523741774
110,209,4,2,LMM-1,18.5,37.16321906724345,0.7588237395736414
110,209,4,2,LMM-2,12.2,23.329013339470162,0.8855336292390137
110,209,4,4,LMM-1,17.25,35.40550607291925,0.5793743199032708
110,209,4,4,LMM-2,13.525,27.114254989087698,0.716917559380794
110,209,4,6,LMM-1,16.833333333333332,34.827843839544016,0.44197564042786974
110,209,4,6,LMM-2,13.466666666666665,27.31874449751073,0.5921917791128786
110,209,4,8,LMM-1,16.375,34.04475261909148,0.34200205177312093
110,209,4,8,LMM-2,13.6,27.779595741703623,0.48909105698595223
110,209,6,2,LMM-1,18.5,37.16321906724345,0.7588237395736414
110,209,6,2,LMM-2,12.2,23.329013339470162,0.8855336292390137
110,209,6,4,LMM-1,17.25,34.85316655802856,0.5926482131069026
110,209,6,4,LMM-2,13.35,26.15405347401972,0.7360400545319624
110,209,6,6,LMM-1,16.333333333333332,33.222556261634665,0.4695220384624532
110,209,6,6,LMM-2,13.0,25.68662214548683,0.6448487208907159
110,209,6,8,LMM-1,15.5,31.720026144925196,0.3774027663497156
110,209,6,8,LMM-2,13.0,26.02143064007757,0.5354698174355389
110,209,8,2,LMM-1,16.5,32.20748533111698,0.7937865836214597
110,209,8,2,LMM-2,11.3,21.166653584819333,0.9014896357382485
110,209,8,4,LMM-1,15.25,29.8985422698094,0.6484848092634682
110,209,8,4,LMM-2,11.65,22.199410216683766,0.7937052611070406
110,209,8,6,LMM-1,14.333333333333334,28.26874556854754,0.5373841995221385
110,209,8,6,LMM-2,11.116666666666667,21.429506924209836,0.7149835234143933
110,209,8,8,LMM-1,13.5,26.7669550837763,0.45179967418739214
110,209,8,8,LMM-2,10.8,21.03037341509305,0.6419339583907427
110,209,10,2,LMM-1,16.5,32.20748533111698,0.7937865836214597
110,209,10,2,LMM-2,11.3,21.166653584819333,0.9014896357382485
110,209,10,4,LMM-1,15.25,29.8985422698094,0.6484848092634682
110,209,10,4,LMM-2,11.35,21.551162786701454,0.7985608950291494
110,209,10,6,LMM-1,14.333333333333334,28.26874556854754,0.5373841995221385
110,209,10,6,LMM-2,11.066666666666666,21.213978236527552,0.7193561416752873
110,209,10,8,LMM-1,13.5,26.7669550837763,0.45179967418739214
110,209,10,8,LMM-2,10.625,20.6149165871715,0.6496922794332971
111,210,4,2,LMM-1,24.0,53.3386001652982,0.6392869980326588
111,210,4,2,LMM-2,22.25,48.945801633832104,0.6751263069695496
111,210,4,4,LMM-1,23.5,52.194839264268886,0.4173297055986226
111,210,4,4,LMM-2,19.625,42.6543818084342,0.5298942167123972
111,210,4,6,LMM-1,22.833333333333332,50.67853311173512,0.28043258447840475
111,210,4,6,LMM-2,18.98333333333333,41.18572923264155,0.4115799552386693
111,210,4,8,LMM-1,21.875,48.3411431865982,0.20163494283097774
111,210,4,8,LMM-2,17.4125,37.620399153234196,0.3368642268406618
111,210,6,2,LMM-1,18.0,39.88717818477552,0.7211064548924718
111,210,6,2,LMM-2,17.15,37.65126328866125,0.743293444389371
111,210,6,4,LMM-1,17.5,38.74449807181671,0.530956547443326
111,210,6,4,LMM-2,15.575,33.75711962075938,0.6097510654819953
111,210,6,6,LMM-1,16.833333333333332,37.229632970043625,0.4023877195025105
111,210,6,6,LMM-2,14.983333333333334,32.41233787857634,0.49773645374262604
111,210,6,8,LMM-1,16.125,35.47047399198276,0.3190974039205156
111,210,6,8,LMM-2,13.6875,29.28778817198206,0.44987212321541553
111,210,8,2,LMM-1,16.0,34.7713330895519,0.7555016220962243
111,210,8,2,LMM-2,15.45,33.38422387974998,0.7760660308985639
111,210,8,4,LMM-1,15.5,33.62905813280146,0.5828018950613638
111,210,8,4,LMM-2,14.725,31.6139366522209,0.635270775423673
111,210,8,6,LMM-1,14.833333333333334,32.11473323930621,0.46272078283045903
111,210,8,6,LMM-2,14.016666666666666,29.94208453471519,0.5433326226207543
111,210,8,8,LMM-1,14.125,30.35614823254054,0.3844113949689381
111,210,8,8,LMM-2,12.9375,27.309346511141012,0.4941537518532012
111,210,10,2,LMM-1,11.0,22.302192575564447,0.8452641244984239
111,210,10,2,LMM-2,10.8,21.509773563520916,0.892842100550352
111,210,10,4,LMM-1,10.463346519090925,21.749088034532395,0.783296113125985
111,210,10,4,LMM-2,9.875,19.797731224512695,0.8028715313092671
111,210,10,6,LMM-1,9.807465773085505,20.95550343866531,0.7813932410896287
111,210,10,6,LMM-2,9.3,18.85644437983357,0.7350467605652002
111,210,10,8,LMM-1,10.126951941044448,21.716808880289655,0.6905962299311292
111,210,10,8,LMM-2,9.9625,20.437234727249326,0.6233289981883313
112,211,4,2,LMM-1,19.5,40.091937629675414,0.7320144918084261
112,211,4,2,LMM-2,18.9,38.877976130028095,0.7453543338439735
112,211,4,4,LMM-1,18.5,38.32128189964934,0.5467038727654283
112,211,4,4,LMM-2,17.0,35.125479016666745,0.5933096777282676
112,211,4,6,LMM-1,18.0,37.47272052631357,0.4095881057396924
112,211,4,6,LMM-2,15.683333333333334,32.60145499386034,0.49484934405597575
112,211,4,8,LMM-1,16.71302193267024,35.408599755556885,0.3579892680452525
112,211,4,8,LMM-2,15.075,31.564502976363592,0.4108971699066097
112,211,6,2,LMM-1,16.0,32.623936848652434,0.7807752982207614
112,211,6,2,LMM-2,14.4,29.085222777360535,0.8324179912056859
112,211,6,4,LMM-1,16.75,34.50869312239046,0.5851133102453424
112,211,6,4,LMM-2,14.45,29.584498688102563,0.6757173094038746
112,211,6,6,LMM-1,15.779991471601486,33.328881545017495,0.5041300893150937
112,211,6,6,LMM-2,14.4,29.89248733566899,0.5536778249205446
112,211,6,8,LMM-1,15.275030593897839,32.70738881410212,0.4346713093915738
112,211,6,8,LMM-2,14.275,29.783421763061114,0.45142648446130196
112,211,8,2,LMM-1,16.0,32.623936848652434,0.7807752982207614
112,211,8,2,LMM-2,14.4,29.085222777360535,0.8324179912056859
112,211,8,4,LMM-1,16.75,34.50869312239046,0.5851133102453424
112,211,8,4,LMM-2,14.45,29.584498688102563,0.6757173094038746
112,211,8,6,LMM-1,15.431256493496836,32.22953119858875,0.507111071816362
112,211,8,6,LMM-2,13.833333333333334,28.527300905020695,0.5687835355547813
112,211,8,8,LMM-1,14.384640483031035,30.340305738986064,0.44531607963198694
112,211,8,8,LMM-2,13.725,28.551922264530923,0.4621201328989528
112,211,10,2,LMM-1,10.5,21.010532686887732,0.8554900950134474
112,211,10,2,LMM-2,10.0,19.70343365873099,0.892403825552301
112,211,10,4,LMM-1,9.5,19.259821570043243,0.7457487960987288
112,211,10,4,LMM-2,9.95,19.663220340505635,0.8090288922185584
112,211,10,6,LMM-1,9.84836345861738,20.702347142474096,0.746260196117823
112,211,10,6,LMM-2,10.133333333333333,20.413257427603362,0.6940932337441639
112,211,10,8,LMM-1,10.493104083061167,22.111001899399373,0.652130476819707
112,211,10,8,LMM-2,10.525,21.44014184415835,0.5801472290166577
113,212,4,2,LMM-1,12.6295545518201,28.398985769958234,0.8899919425378664
113,212,4,2,LMM-2,12.35,25.57351337209753,0.842206573349439
113,212,4,4,LMM-1,12.023765036268863,26.548867319485414,0.7277397192898565
113,212,4,4,LMM-2,11.55,23.973227748109043,0.7398651929730347
113,212,4,6,LMM-1,11.84904575064722,25.82882906198833,0.5950153393651039
113,212,4,6,LMM-2,11.033333333333333,23.26658728846061,0.6267833590266074
113,212,4,8,LMM-1,12.011472380151718,26.425150361292804,0.5145328080665956
113,212,4,8,LMM-2,11.125,23.794035173529966,0.522631839813583
113,212,6,2,LMM-1,11.999959227328015,26.47220673378977,0.9845728036303699
113,212,6,2,LMM-2,11.35,23.19092456758886,0.8662359196959537
113,212,6,4,LMM-1,11.748154609434147,25.60840254917914,0.8964848036578934
113,212,6,4,LMM-2,10.125,20.350685363538837,0.7873422540603242
113,212,6,6,LMM-1,11.33853257931452,24.374157249249436,0.8061582927786402
113,212,6,6,LMM-2,10.2,20.643307314720452,0.6757455122928874
113,212,6,8,LMM-1,11.276682689650675,24.443728727408768,0.7028659400937103
113,212,6,8,LMM-2,10.65,21.79944515224256,0.5715028451640457
113,212,8,2,LMM-1,11.491082799083252,24.734619328161315,0.986296138104566
113,212,8,2,LMM-2,10.05,20.062894111019254,0.8992756451741482
113,212,8,4,LMM-1,11.237360881341997,23.902364242345733,0.8993457855365694
113,212,8,4,LMM-2,10.05,19.984684199491905,0.7907512875049326
113,212,8,6,LMM-1,10.171370803401036,21.885227980033505,0.8924174386259673
113,212,8,6,LMM-2,8.816666666666666,17.695949580338286,0.7369871156269552
113,212,8,8,LMM-1,10.253721893178504,22.046141990286618,0.8021543809229682
113,212,8,8,LMM-2,9.1625,18.589690480734603,0.6437806062151743
113,212,10,2,LMM-1,10.710425545082265,22.60008423168984,0.9886563049388041
113,212,10,2,LMM-2,10.95,21.93675235389488,0.8731426811984223
113,212,10,4,LMM-1,10.519265015745564,21.95919053834697,0.9034403187117721
113,212,10,4,LMM-2,10.65,21.266434368052696,0.7782883247804089
113,212,10,6,LMM-1,10.299604303224204,21.4436335559513,0.8131890270538943
113,212,10,6,LMM-2,9.716666666666667,19.48310566872609,0.7078079749200766
113,212,10,8,LMM-1,9.248938762339781,19.500996058524628,0.8094712296428874
113,212,10,8,LMM-2,9.35,18.937545286049144,0.622572549606334
114,213,4,2,LMM-1,13.5,28.91621901298604,0.7906207021740519
114,213,4,2,LMM-2,13.05,27.776235277199635,0.8206132303282322
114,213,4,4,LMM-1,12.75,27.885732775020266,0.6309135292329706
114,213,4,4,LMM-2,11.375,24.47497226898395,0.7181050504236932
114,213,4,6,LMM-1,12.5,27.37789409708717,0.5062039417409887
114,213,4,6,LMM-2,11.333333333333332,24.475273846635254,0.6127357196387384
114,213,4,8,LMM-1,12.125,26.747196907530345,0.4102171380924891
114,213,4,8,LMM-2,10.6875,23.18635142427537,0.5530749462082472
114,213,6,2,LMM-1,10.5,22.845866848184233,0.9050218579501536
114,213,6,2,LMM-2,10.0,20.80368192356928,0.8758292400391146
114,213,6,4,LMM-1,10.0,21.470472636848196,0.7723836476666348
114,213,6,4,LMM-2,9.35,19.33387041338487,0.7983661481497697
114,213,6,6,LMM-1,9.666666666666666,20.722499309594628,0.7185496478416403
114,213,6,6,LMM-2,9.083333333333334,18.62854472617812,0.7382509585125765
114,213,6,8,LMM-1,9.25,19.84942286490663,0.6268039974393865
114,213,6,8,LMM-2,8.525,17.589593205261284,0.6909661886410606
114,213,8,2,LMM-1,10.5,22.133874312553438,0.9205806205525011
114,213,8,2,LMM-2,10.05,20.044691239965395,0.8861702465314465
114,213,8,4,LMM-1,9.75,20.780575214103823,0.8535322063608854
114,213,8,4,LMM-2,9.3,18.749718388198467,0.7959477444016821
114,213,8,6,LMM-1,9.69100696058752,20.70626616101124,0.7743924407313544
114,213,8,6,LMM-2,8.8,17.664847464615683,0.7490192965162131
114,213,8,8,LMM-1,9.887114444219739,21.19923460050906,0.6976770453420028
114,213,8,8,LMM-2,9.2625,18.876514905824944,0.6383690885617735
114,213,10,2,LMM-1,9.757335668330052,19.949174968840413,0.9339762908850595
114,213,10,2,LMM-2,9.05,17.92833967138958,0.9005689303042095
114,213,10,4,LMM-1,8.672566157811962,17.95845265679114,0.8792440739862813
114,213,10,4,LMM-2,8.1,16.095595669792935,0.8482321320937031
114,213,10,6,LMM-1,9.20171022332914,19.153699648908535,0.7984481238181604
114,213,10,6,LMM-2,8.283333333333333,16.507199374561395,0.7772778354830893
114,213,10,8,LMM-1,8.578540824111101,18.028555667759342,0.7966021777101634
114,213,10,8,LMM-2,7.6875,15.375026880320672,0.7442809809116564
115,214,4,2,LMM-1,13.911411618828566,32.94921883609173,0.9757417882609281
115,214,4,2,LMM-2,14.0,30.00478493174175,0.7913151298862113
115,214,4,4,LMM-1,13.225851966041665,30.668329038309047,0.8642878134213289
115,214,4,4,LMM-2,13.15,28.28335534184754,0.6463155260528535
115,214,4,6,LMM-1,12.945356853123576,30.451168070628263,0.8461170023400969
115,214,4,6,LMM-2,12.8,27.618799709491565,0.5338344127475898
115,214,4,8,LMM-1,13.103093823190141,30.575595458737023,0.7229027970096766
115,214,4,8,LMM-2,12.625,27.315315441917697,0.4376570198356829
115,214,6,2,LMM-1,11.588109688777458,26.6501066434381,0.9837713306794335
115,214,6,2,LMM-2,12.1,25.37865685485301,0.8411170916132447
115,214,6,4,LMM-1,11.16822533956175,25.22922472042683,0.9015180861887531
115,214,6,4,LMM-2,10.9,22.751235235190464,0.7407383502722236
115,214,6,6,LMM-1,11.61958533702415,26.10946726149919,0.7977105265881559
115,214,6,6,LMM-2,11.016666666666667,23.209868071975787,0.6286257768278294
115,214,6,8,LMM-1,10.813115100612531,24.251329319554756,0.7311524600016595
115,214,6,8,LMM-2,9.725,20.421930006775177,0.6043899661784289
115,214,8,2,LMM-1,10.90503067997874,23.616672578313818,0.9884103818586564
115,214,8,2,LMM-2,11.1,22.812622951283736,0.8502450250896058
115,214,8,4,LMM-1,10.374191378485419,22.41725184574154,0.9139767963475247
115,214,8,4,LMM-2,10.05,20.55976187697509,0.7878993189374552
115,214,8,6,LMM-1,10.234096549559805,22.39321555230463,0.9048682501889649
115,214,8,6,LMM-2,9.733333333333333,19.787788345714247,0.726964531261372
115,214,8,8,LMM-1,10.54260181450628,23.02339450782419,0.8073464357918855
115,214,8,8,LMM-2,9.825,20.11879167365586,0.6427355645296735
115,214,10,2,LMM-1,10.992901707204847,23.4724950776208,0.989073829748364
115,214,10,2,LMM-2,9.95,19.854480440756927,0.8847340893036222
115,214,10,4,LMM-1,9.894652033314943,21.44618123678638,0.9809242958161166
115,214,10,4,LMM-2,8.925,18.01932115235446,0.81263132786291
115,214,10,6,LMM-1,10.188826718678104,21.644904405795824,0.8284847182087078
115,214,10,6,LMM-2,9.2,18.623737276607137,0.7334636163197245
115,214,10,8,LMM-1,10.163730524816335,21.812227482245287,0.8208302917815604
115,214,10,8,LMM-2,9.2875,18.858369768423167,0.6725845705529201
116,215,4,2,LMM-1,15.0,30.312851018723887,0.8030476775534762
116,215,4,2,LMM-2,12.3,24.580618746007325,0.8599120166665564
116,215,4,4,LMM-1,14.75,29.49070936330163,0.6566026681881652
116,215,4,4,LMM-2,10.6,20.722382465685474,0.8160852554566403
116,215,4,6,LMM-1,14.333333333333334,28.72654962464453,0.5385871099084859
116,215,4,6,LMM-2,11.116666666666667,21.863474020548058,0.7199141328638154
116,215,4,8,LMM-1,13.75,27.650017246353798,0.45066886956605484
116,215,4,8,LMM-2,10.95,21.634263602643482,0.6566765059479917
116,215,6,2,LMM-1,15.0,30.312851018723887,0.8030476775534762
116,215,6,2,LMM-2,12.3,24.580618746007325,0.8599120166665564
116,215,6,4,LMM-1,14.75,29.49070936330163,0.6566026681881652
116,215,6,4,LMM-2,10.6,20.722382465685474,0.8160852554566403
116,215,6,6,LMM-1,14.333333333333334,28.72654962464453,0.5385871099084859
116,215,6,6,LMM-2,11.116666666666667,21.863474020548058,0.7199141328638154
116,215,6,8,LMM-1,13.75,27.650017246353798,0.45066886956605484
116,215,6,8,LMM-2,10.95,21.634263602643482,0.6566765059479917
116,215,8,2,LMM-1,14.0,28.038960358006477,0.8210775785028968
116,215,8,2,LMM-2,10.5,20.814876630142813,0.8921265419113542
116,215,8,4,LMM-1,13.75,27.216926714222502,0.6864133313965703
116,215,8,4,LMM-2,9.85,19.142314558178565,0.8455584902521242
116,215,8,6,LMM-1,13.333333333333334,26.45294699496255,0.575670583407619
116,215,8,6,LMM-2,9.333333333333332,18.174850877382415,0.7889658902825875
116,215,8,8,LMM-1,12.75,25.37666664382782,0.49249631236103963
116,215,8,8,LMM-2,9.525,18.69674400849388,0.7114834592511048
116,215,10,2,LMM-1,14.0,28.038960358006477,0.8210775785028968
116,215,10,2,LMM-2,10.5,20.814876630142813,0.8921265419113542
116,215,10,4,LMM-1,13.75,27.216926714222502,0.6864133313965703
116,215,10,4,LMM-2,9.85,19.142314558178565,0.8455584902521242
116,215,10,6,LMM-1,13.333333333333334,26.45294699496255,0.575670583407619
116,215,10,6,LMM-2,9.333333333333332,18.174850877382415,0.7889658902825875
116,215,10,8,LMM-1,12.75,25.37666664382782,0.49249631236103963
116,215,10,8,LMM-2,9.525,18.69674400849388,0.7114834592511048
117,216,4,2,LMM-1,15.5,33.64100601341976,0.7530238061214382
117,216,4,2,LMM-2,15.3,33.12726522640956,0.7646890165553186
117,216,4,4,LMM-1,15.0,32.5007067385173,0.5783157502571841
117,216,4,4,LMM-2,13.925,29.838233602344083,0.6327745401405012
117,216,4,6,LMM-1,13.680067926075631,29.49226695119317,0.5292763794305373
117,216,4,6,LMM-2,12.316666666666666,25.902579449160886,0.5826632080171162
117,216,4,8,LMM-1,13.759981408365672,29.895628282951712,0.4030241768993853
117,216,4,8,LMM-2,11.85,25.07244565527486,0.509565134455198
117,216,6,2,LMM-1,15.5,32.235197576137594,0.7705738250426941
117,216,6,2,LMM-2,15.2,31.613362160070153,0.7779820088983254
117,216,6,4,LMM-1,13.785718970722948,28.722426363001553,0.689859492692922
117,216,6,4,LMM-2,12.9,26.26318717061867,0.6950278345661522
117,216,6,6,LMM-1,12.190170392135123,25.093270161634397,0.6003762534837483
117,216,6,6,LMM-2,10.833333333333332,21.92039535330661,0.6574375409144356
117,216,6,8,LMM-1,11.642542968621276,23.941731772889046,0.5087604190198913
117,216,6,8,LMM-2,10.5875,21.52772767100219,0.5634770738375647
117,216,8,2,LMM-1,15.5,32.235197576137594,0.7705738250426941
117,216,8,2,LMM-2,15.2,31.613362160070153,0.7779820088983254
117,216,8,4,LMM-1,13.303199305725219,27.479862124905527,0.6916071592180918
117,216,8,4,LMM-2,12.475,25.349551475719384,0.7141714779286981
117,216,8,6,LMM-1,11.553792517255264,23.78362340228362,0.6497426912494905
117,216,8,6,LMM-2,11.0,22.24363619363973,0.650219411030801
117,216,8,8,LMM-1,11.046965011674976,22.79170257690273,0.5895407791709436
117,216,8,8,LMM-2,10.7625,21.891828724262375,0.5515641343854988
117,216,10,2,LMM-1,8.809889645330045,18.191558679779053,0.9923015100811758
117,216,10,2,LMM-2,9.2,17.780805501403876,0.8866950076660431
117,216,10,4,LMM-1,10.080881609442853,20.810475717522696,0.8730415137651691
117,216,10,4,LMM-2,10.25,20.28889316667748,0.76149739527465
117,216,10,6,LMM-1,9.369245873767877,19.386533984864666,0.8680855497190008
117,216,10,6,LMM-2,9.85,19.298396149713792,0.7007373392428247
117,216,10,8,LMM-1,9.346159258112559,19.450941972691105,0.8623892624701714
117,216,10,8,LMM-2,9.575,18.766925407416903,0.6309954566050149
118,217,4,2,LMM-1,15.0,31.39169578790284,0.781979521090048
118,217,4,2,LMM-2,11.7,24.067426358125992,0.8619262557495706
118,217,4,4,LMM-1,14.25,29.993474657088843,0.6227937714011066
118,217,4,4,LMM-2,10.7,22.174826247464093,0.7692369591441385
118,217,4,6,LMM-1,14.333333333333334,30.438217811680687,0.48150819410278684
118,217,4,6,LMM-2,11.483333333333333,24.14367909626275,0.6235915192832608
118,217,4,8,LMM-1,13.635090622123162,29.83404388301965,0.47810301933313637
118,217,4,8,LMM-2,10.9375,23.085868162841685,0.5610177579171761
118,217,6,2,LMM-1,15.0,31.39169578790284,0.781979521090048
118,217,6,2,LMM-2,11.7,24.067426358125992,0.8619262557495706
118,217,6,4,LMM-1,15.0,31.781541300637077,0.6013785290482744
118,217,6,4,LMM-2,12.125,25.289874461843375,0.7194141973550512
118,217,6,6,LMM-1,14.030897193510379,30.194353987464485,0.5377927523764747
118,217,6,6,LMM-2,11.25,23.516736733984924,0.643474624307032
118,217,6,8,LMM-1,14.023096214929144,30.170735633126924,0.42064355413677673
118,217,6,8,LMM-2,10.875,22.794685207479947,0.5798807169138886
118,217,8,2,LMM-1,14.0,29.63281599768726,0.7913944190422052
118,217,8,2,LMM-2,11.2,23.07589931100702,0.8635441607584353
118,217,8,4,LMM-1,14.25,29.993474657088843,0.6227937714011067
118,217,8,4,LMM-2,10.85,22.163312377325383,0.7736202951486815
118,217,8,6,LMM-1,13.19061151363841,28.047718410848326,0.5576363716718947
118,217,8,6,LMM-2,9.75,20.16548891951961,0.7183526083169902
118,217,8,8,LMM-1,12.934804737527836,27.790662782037902,0.4824993154530815
118,217,8,8,LMM-2,10.5875,22.184066666738115,0.5796085815058556
118,217,10,2,LMM-1,11.0,23.05098854392528,0.8357086906735949
118,217,10,2,LMM-2,9.4,18.865308122936206,0.9078155513907135
118,217,10,4,LMM-1,10.75,22.343581972303284,0.707713051548609
118,217,10,4,LMM-2,9.925,20.162175060164483,0.8073882261639872
118,217,10,6,LMM-1,10.69795329572597,22.49910698735495,0.634516269358362
118,217,10,6,LMM-2,9.2,18.800181277433524,0.7444194034443299
118,217,10,8,LMM-1,10.816250618332317,22.965371562005494,0.5568459124487645
118,217,10,8,LMM-2,9.7125,20.073073124837727,0.6346634334843422
119,218,4,2,LMM-1,15.0,33.5991353557549,0.7524881077274667
119,218,4,2,LMM-2,12.0,25.808745051578178,0.8379062673525846
119,218,4,4,LMM-1,14.5,31.71846433260392,0.5936115004777383
119,218,4,4,LMM-2,11.25,23.406874113744685,0.7524165060159893
119,218,4,6,LMM-1,14.333333333333334,31.51859404899144,0.45820759959821106
119,218,4,6,LMM-2,11.466666666666667,24.243205500658714,0.623947343478937
119,218,4,8,LMM-1,14.125,30.98546939013399,0.3615993133464146
119,218,4,8,LMM-2,11.5625,24.47558133970967,0.5297084257833453
119,218,6,2,LMM-1,14.0,30.134831028328087,0.7798082315077274
119,218,6,2,LMM-2,12.0,25.001287648679007,0.8578140701941356
119,218,6,4,LMM-1,13.0,27.068333603495983,0.6549681402642531
119,218,6,4,LMM-2,12.15,24.93486536816078,0.7414354371640355
119,218,6,6,LMM-1,12.833333333333334,26.884946431850672,0.5304401939589782
119,218,6,6,LMM-2,12.2,25.346625338498452,0.6185372568205176
119,218,6,8,LMM-1,12.625,26.34824444472497,0.4396827569137006
119,218,6,8,LMM-2,11.975,24.76950201159245,0.5431212607320611
119,218,8,2,LMM-1,13.0,27.68355008098713,0.7988525049835764
119,218,8,2,LMM-2,12.65,26.797186161374263,0.8213869900779447
119,218,8,4,LMM-1,12.25,25.785015729995774,0.6635433363276424
119,218,8,4,LMM-2,11.225,23.07864585873846,0.7440781253209843
119,218,8,6,LMM-1,11.833333333333334,24.62009445820633,0.561485635133777
119,218,8,6,LMM-2,10.766666666666667,21.905246622173724,0.6725940104539299
119,218,8,8,LMM-1,11.625,24.040839568398933,0.47624213851426883
119,218,8,8,LMM-2,10.325,20.801923538328992,0.6272006529550879
119,218,10,2,LMM-1,10.0,19.93921159159094,0.8622943055722597
119,218,10,2,LMM-2,9.25,17.752769212643972,0.911909033959911
119,218,10,4,LMM-1,9.736251692980952,19.41183465455274,0.804845132283571
119,218,10,4,LMM-2,9.5,18.426239075332752,0.8239169892449579
119,218,10,6,LMM-1,9.324273044614383,18.712288365927726,0.7065762211017149
119,218,10,6,LMM-2,8.683333333333334,17.096711521921623,0.7688494230188321
119,218,10,8,LMM-1,9.391847471489788,19.127246958943616,0.6345949634010098
119,218,10,8,LMM-2,8.8625,17.650022560786965,0.694941651253833
120,219,4,2,LMM-1,18.0,36.862260274327824,0.7614559916755081
120,219,4,2,LMM-2,16.95,34.5813935340635,0.7829017837525053
120,219,4,4,LMM-1,17.25,35.57865177281878,0.5844063048933308
120,219,4,4,LMM-2,14.05,28.5162252530101,0.693706978880247
120,219,4,6,LMM-1,16.166666666666668,33.68591276516777,0.4583561915962305
120,219,4,6,LMM-2,13.383333333333335,27.64221038842116,0.578790464754017
120,219,4,8,LMM-1,15.25,31.97311114800861,0.3678792476246433
120,219,4,8,LMM-2,12.9875,27.09088166388824,0.4874777077815148
120,219,6,2,LMM-1,18.0,36.862260274327824,0.7614559916755081
120,219,6,2,LMM-2,16.95,34.5813935340635,0.7829017837525053
120,219,6,4,LMM-1,17.25,35.57865177281878,0.5844063048933308
120,219,6,4,LMM-2,14.05,28.5162252530101,0.693706978880247
120,219,6,6,LMM-1,16.166666666666668,33.68591276516777,0.4583561915962305
120,219,6,6,LMM-2,13.383333333333335,27.64221038842116,0.578790464754017
120,219,6,8,LMM-1,15.0,31.351409574027013,0.3778063525592546
120,219,6,8,LMM-2,12.6,26.221421527970392,0.5103830396922747
120,219,8,2,LMM-1,18.0,36.862260274327824,0.7614559916755081
120,219,8,2,LMM-2,16.95,34.5813935340635,0.7829017837525053
120,219,8,4,LMM-1,17.25,35.57865177281878,0.5844063048933308
120,219,8,4,LMM-2,14.05,28.5162252530101,0.693706978880247
120,219,8,6,LMM-1,16.166666666666668,33.68591276516777,0.4583561915962305
120,219,8,6,LMM-2,13.383333333333335,27.64221038842116,0.578790464754017
120,219,8,8,LMM-1,15.25,31.97311114800861,0.3678792476246433
120,219,8,8,LMM-2,12.9875,27.09088166388824,0.4874777077815147
120,219,10,2,LMM-1,18.0,36.862260274327824,0.7614559916755081
120,219,10,2,LMM-2,16.95,34.5813935340635,0.7829017837525053
120,219,10,4,LMM-1,17.25,35.57865177281878,0.5844063048933308
120,219,10,4,LMM-2,14.05,28.5162252530101,0.693706978880247
120,219,10,6,LMM-1,16.166666666666668,33.68591276516777,0.4583561915962305
120,219,10,6,LMM-2,13.383333333333335,27.64221038842116,0.578790464754017
120,219,10,8,LMM-1,15.0,31.351409574027013,0.3778063525592546
120,219,10,8,LMM-2,12.6,26.221421527970392,0.5103830396922747
121,220,4,2,LMM-1,15.5,33.31632234038975,0.761166970786376
121,220,4,2,LMM-2,14.4,29.95346370902798,0.8076695500108307
121,220,4,4,LMM-1,14.75,31.546065899931847,0.5965304574461747
121,220,4,4,LMM-2,13.425,28.251027927612245,0.6709601120057134
121,220,4,6,LMM-1,14.149613592621233,30.956404620016666,0.5240565901389953
121,220,4,6,LMM-2,13.266666666666666,28.178491087046062,0.5373549123714196
121,220,4,8,LMM-1,13.611994449294148,30.126411604090144,0.46460017325154873
121,220,4,8,LMM-2,11.7625,24.97630379868901,0.5108920248267101
121,220,6,2,LMM-1,15.5,33.31632234038975,0.761166970786376
121,220,6,2,LMM-2,14.4,29.95346370902798,0.8076695500108307
121,220,6,4,LMM-1,14.75,31.546065899931847,0.5965304574461747
121,220,6,4,LMM-2,12.975,27.223761135771174,0.6812512345093726
121,220,6,6,LMM-1,14.260109485116748,31.706718503660284,0.586226140464684
121,220,6,6,LMM-2,13.366666666666665,28.425418818237667,0.5356579019118615
121,220,6,8,LMM-1,14.195103590000599,31.33802516620823,0.45464444641097757
121,220,6,8,LMM-2,12.9625,27.500446982087727,0.4704322427210383
121,220,8,2,LMM-1,13.5,28.33118194646574,0.7968251057009543
121,220,8,2,LMM-2,12.6,25.748817018812343,0.8339691283142173
121,220,8,4,LMM-1,13.5,28.52871011891092,0.6316888254074501
121,220,8,4,LMM-2,12.675,26.598493980254112,0.6810255728887922
121,220,8,6,LMM-1,12.652705287858215,27.08295913814136,0.5714562662390261
121,220,8,6,LMM-2,11.8,24.7078602320728,0.5959841564358428
121,220,8,8,LMM-1,12.364403332976618,26.656043984855962,0.5091960846313472
121,220,8,8,LMM-2,11.8125,25.03246347902965,0.47762043162217294
121,220,10,2,LMM-1,11.5,23.94102489339188,0.8292968149530046
121,220,10,2,LMM-2,13.05,26.977596974856294,0.8269494667935845
121,220,10,4,LMM-1,12.0,24.979121251392126,0.6772293691662321
121,220,10,4,LMM-2,11.6,23.71668491297569,0.7472377677115987
121,220,10,6,LMM-1,11.19371073818575,24.221763060154125,0.671802245995183
121,220,10,6,LMM-2,11.6,24.082000539648114,0.6231515569362748
121,220,10,8,LMM-1,10.874093948516846,23.43459799962377,0.565921674139534
121,220,10,8,LMM-2,11.2,23.265232317106083,0.5543024054568941
122,221,4,2,LMM-1,14.5,31.762740472652457,0.7631647945872135
122,221,4,2,LMM-2,14.25,31.2203938980149,0.7769692965804803
122,221,4,4,LMM-1,14.0,29.95317688878638,0.6108145769598621
122,221,4,4,LMM-2,12.625,26.633389312564695,0.6878133360326524
122,221,4,6,LMM-1,13.833333333333334,29.398660504982878,0.4871980853314584
122,221,4,6,LMM-2,12.366666666666667,25.88631905454916,0.5849329454353841
122,221,4,8,LMM-1,13.5,28.907593845745744,0.38516889790548864
122,221,4,8,LMM-2,12.0625,25.471389960873942,0.5008439487404076
122,221,6,2,LMM-1,13.5,28.792586756029618,0.788810712376057
122,221,6,2,LMM-2,13.4,27.707811389183814,0.8096494550458939
122,221,6,4,LMM-1,13.25,28.01349513555642,0.6341911715624806
122,221,6,4,LMM-2,12.325,25.41747254116537,0.6984887869261457
122,221,6,6,LMM-1,12.846562352900397,27.28932559653121,0.5692186359568112
122,221,6,6,LMM-2,11.983333333333333,24.94433261443071,0.5716223887393036
122,221,6,8,LMM-1,12.50994616163231,26.584412214065516,0.4648967439635868
122,221,6,8,LMM-2,11.5375,24.116823709615623,0.5083382367132399
122,221,8,2,LMM-1,12.5,26.11033162397502,0.810118922213271
122,221,8,2,LMM-2,11.35,22.802691479817764,0.8665547806065085
122,221,8,4,LMM-1,12.0,25.242466266160868,0.6611417264688528
122,221,8,4,LMM-2,10.75,21.88190968027198,0.7571858198128212
122,221,8,6,LMM-1,11.5,24.45646554965049,0.5992098097038653
122,221,8,6,LMM-2,11.183333333333334,22.92927336342637,0.6478326414195728
122,221,8,8,LMM-1,10.901656214561179,23.454744252234793,0.5479185842857496
122,221,8,8,LMM-2,10.925,22.488840480082807,0.577217266711712
122,221,10,2,LMM-1,11.5,23.94149876428527,0.8282984263733566
122,221,10,2,LMM-2,10.7,21.179997654643103,0.8836757098621785
122,221,10,4,LMM-1,11.0,23.10594386251031,0.690548279910173
122,221,10,4,LMM-2,10.15,20.22598508671298,0.7921655991264255
122,221,10,6,LMM-1,10.5,22.133675324975453,0.6342718095845996
122,221,10,6,LMM-2,9.95,20.02429634699022,0.7017909301713378
122,221,10,8,LMM-1,10.25,21.55810822807953,0.54273493720589
122,221,10,8,LMM-2,9.2875,18.750945797844786,0.6540754197090912
123,222,4,2,LMM-1,11.5,24.514676611736785,0.911430502924099
123,222,4,2,LMM-2,9.9,19.616409431855807,0.8986460884821461
123,222,4,4,LMM-1,11.479497814943647,24.52643726562771,0.8311419838744065
123,222,4,4,LMM-2,10.775,21.79532670029654,0.7658791772548913
123,222,4,6,LMM-1,11.31974014800715,24.339361515494875,0.7490451910548548
123,222,4,6,LMM-2,10.0,20.277549825747595,0.7112778558147476
123,222,4,8,LMM-1,11.23081499092405,24.201847116190155,0.674986879002486
123,222,4,8,LMM-2,10.375,21.18601431729463,0.6229190411731556
123,222,6,2,LMM-1,11.960342018127456,25.22662077351468,0.911755967192236
123,222,6,2,LMM-2,11.5,23.124864671066266,0.8636539522640598
123,222,6,4,LMM-1,11.480332524937321,24.36856344923728,0.8319162035933056
123,222,6,4,LMM-2,10.375,20.829995102189518,0.7805824254914924
123,222,6,6,LMM-1,10.917856760593954,23.395553485380653,0.7617681228827435
123,222,6,6,LMM-2,9.816666666666666,20.016229647728462,0.6965569566675744
123,222,6,8,LMM-1,10.685924005557492,23.012216805470445,0.6902693798573916
123,222,6,8,LMM-2,9.5875,19.669574362865784,0.6341094815409016
123,222,8,2,LMM-1,11.5,23.408472315464092,0.8419745527851387
123,222,8,2,LMM-2,10.0,19.793556036224334,0.9082991007423147
123,222,8,4,LMM-1,10.98122783353922,22.646619891881464,0.780008513719433
123,222,8,4,LMM-2,9.475,18.643391840324337,0.8244600079790085
123,222,8,6,LMM-1,10.794344794080772,22.75098008099077,0.775105547631634
123,222,8,6,LMM-2,9.116666666666665,18.097144762046536,0.7621343974363264
123,222,8,8,LMM-1,10.814897313377411,22.845277766120798,0.7021821693991228
123,222,8,8,LMM-2,9.375,18.62752487708714,0.6802756939605074
123,222,10,2,LMM-1,10.5,20.83048345983492,0.8634663623654637
123,222,10,2,LMM-2,8.6,16.770550720076017,0.9365055006608953
123,222,10,4,LMM-1,10.212168725237683,20.68995093023085,0.8096692454348441
123,222,10,4,LMM-2,8.9,17.275996421984267,0.8694842696499674
123,222,10,6,LMM-1,10.1543046909134,21.04710874755986,0.8048962182016657
123,222,10,6,LMM-2,9.166666666666668,18.070630813482317,0.7717975472113677
123,222,10,8,LMM-1,10.1615245862441,21.092164229173864,0.7298793934600438
123,222,10,8,LMM-2,8.875,17.584229849468745,0.7145968777175666
124,223,4,2,LMM-1,14.0,32.11198795543991,0.7428845748412065
124,223,4,2,LMM-2,12.8,28.819513939325667,0.7895545746551532
124,223,4,4,LMM-1,13.145778478947628,29.79908404293562,0.6503654714888407
124,223,4,4,LMM-2,11.375,24.924223924186553,0.6938751077305939
124,223,4,6,LMM-1,12.444054963069261,27.884865666716593,0.595051217228531
124,223,4,6,LMM-2,11.033333333333333,23.685647408639618,0.606335601121559
124,223,4,8,LMM-1,12.478988719160746,27.83031806659785,0.4703428508318326
124,223,4,8,LMM-2,11.075,23.8525687905315,0.5113826499452452
124,223,6,2,LMM-1,15.5,32.83900327179195,0.7609673615633766
124,223,6,2,LMM-2,13.5,27.901552021493266,0.8180795593067447
124,223,6,4,LMM-1,12.847692770349635,27.31159305577384,0.7591420040583973
124,223,6,4,LMM-2,11.425,23.15433077803124,0.7444675856662342
124,223,6,6,LMM-1,11.831615927183568,25.433517162570325,0.636741826661617
124,223,6,6,LMM-2,10.516666666666667,21.767426822404207,0.6678239525291501
124,223,6,8,LMM-1,11.332651989171772,24.487791165032053,0.631677827499175
124,223,6,8,LMM-2,9.6875,20.02493818757564,0.6262972452690987
124,223,8,2,LMM-1,9.759478898804819,20.699176643773328,0.9906031243437328
124,223,8,2,LMM-2,9.5,18.645380369146665,0.8988169604447034
124,223,8,4,LMM-1,10.060634851168306,21.508285121110973,0.9815890067234188
124,223,8,4,LMM-2,10.075,19.747076338696555,0.7839652574135098
124,223,8,6,LMM-1,9.96763860503914,21.31488646370079,0.97394329894367
124,223,8,6,LMM-2,9.75,19.128986269237362,0.7256333867601146
124,223,8,8,LMM-1,10.066288198619546,21.52023318066835,0.85990326234226
124,223,8,8,LMM-2,9.0875,18.043948507107114,0.6769506707416147
124,223,10,2,LMM-1,8.444023264665272,17.209654416843225,0.9940726157018487
124,223,10,2,LMM-2,8.55,16.90811781045974,0.9142775049213853
124,223,10,4,LMM-1,9.324790293814202,18.9618337010472,0.9877246045848634
124,223,10,4,LMM-2,8.975,17.21522524637292,0.8317457319535617
124,223,10,6,LMM-1,8.93770107857737,18.309969806123817,0.9807695959328122
124,223,10,6,LMM-2,9.033333333333335,17.343955291293877,0.7648181121678118
124,223,10,8,LMM-1,8.661759800165118,17.928120912538155,0.9738140592823719
124,223,10,8,LMM-2,8.875,17.159241054818647,0.7067832296174287
125,224,4,2,LMM-1,17.5,37.2668815178607,0.7356457964817518
125,224,4,2,LMM-2,15.6,32.86141553894456,0.7770275621203946
125,224,4,4,LMM-1,17.0,36.46550068611707,0.5437928892320288
125,224,4,4,LMM-2,13.4,28.22638383817695,0.6558018824813865
125,224,4,6,LMM-1,17.166666666666668,37.03890273323487,0.39103146677634026
125,224,4,6,LMM-2,13.733333333333334,29.18587906746547,0.5259120251664362
125,224,4,8,LMM-1,17.0,36.8181651111199,0.28597089487722416
125,224,4,8,LMM-2,14.35,30.80927570718971,0.3882987784756863
125,224,6,2,LMM-1,15.0,31.66753707743472,0.771761448008514
125,224,6,2,LMM-2,13.95,29.16795059657713,0.8010258323603408
125,224,6,4,LMM-1,14.5,30.866348080689015,0.59848899073549
125,224,6,4,LMM-2,12.1,25.31567738530619,0.6873949017254803
125,224,6,6,LMM-1,14.166666666666666,30.346218488743897,0.46486388327284833
125,224,6,6,LMM-2,12.05,25.396677453342573,0.5732371401966886
125,224,6,8,LMM-1,13.75,29.56502737101477,0.3676185643344789
125,224,6,8,LMM-2,11.65,24.638746907818152,0.5041744704647276
125,224,8,2,LMM-1,14.0,29.106262446132604,0.7927095194838675
125,224,8,2,LMM-2,13.1,27.003190053482804,0.8232395359129354
125,224,8,4,LMM-1,13.5,28.305326469077528,0.6314117552862967
125,224,8,4,LMM-2,10.825,22.158632074005496,0.747768644355707
125,224,8,6,LMM-1,13.166666666666666,27.785365556926166,0.5037381952936943
125,224,8,6,LMM-2,10.95,22.671501788526264,0.633244129387872
125,224,8,8,LMM-1,12.75,27.004385288939222,0.40916047020500823
125,224,8,8,LMM-2,10.45,21.656416179245348,0.5681075203135053
125,224,10,2,LMM-1,11.0,23.019137301556952,0.8394136596075779
125,224,10,2,LMM-2,10.5,21.709051813366766,0.8639029657675195
125,224,10,4,LMM-1,11.25,23.441264692091856,0.696419082553694
125,224,10,4,LMM-2,8.9,18.194042930746924,0.7972620863714348
125,224,10,6,LMM-1,11.666666666666666,24.343611781419977,0.5623758650695957
125,224,10,6,LMM-2,9.766666666666666,20.07308843958009,0.6662163999793066
125,224,10,8,LMM-1,11.25,23.563308625178035,0.47383150169700317
125,224,10,8,LMM-2,9.475,19.577143220347466,0.5994545675622593
126,225,4,2,LMM-1,23.5,53.17425934364966,0.630097084078901
126,225,4,2,LMM-2,19.5,42.74179626315747,0.7186142310653255
126,225,4,4,LMM-1,22.75,51.53890545398001,0.4082151822338382
126,225,4,4,LMM-2,18.0,39.39595994874324,0.5549781572372174
126,225,4,6,LMM-1,21.333333333333332,48.01206178880178,0.2893917851807234
126,225,4,6,LMM-2,17.833333333333336,39.27040865844934,0.39941374321291623
126,225,4,8,LMM-1,20.25,45.633863266345855,0.20774593259637397
126,225,4,8,LMM-2,17.125,37.89160404628819,0.30896211179908084
126,225,6,2,LMM-1,16.5,35.77966260621292,0.7453197895758746
126,225,6,2,LMM-2,15.3,32.60434533082956,0.7880408544771097
126,225,6,4,LMM-1,15.75,34.14640794606967,0.5710980011364315
126,225,6,4,LMM-2,14.175,30.133548454731066,0.6569753620706693
126,225,6,6,LMM-1,14.833333333333334,31.910019691151412,0.46071052555540265
126,225,6,6,LMM-2,12.833333333333334,26.90847315828271,0.6012038678679563
126,225,6,8,LMM-1,14.0,30.149141061282943,0.377104940122074
126,225,6,8,LMM-2,12.025,25.231810313415263,0.5348496638000867
126,225,8,2,LMM-1,14.5,29.867853366797398,0.7962353868944472
126,225,8,2,LMM-2,13.7,27.69204400028581,0.8324005811027277
126,225,8,4,LMM-1,13.75,28.235362292924606,0.6517696666677579
126,225,8,4,LMM-2,13.15,26.609662233350615,0.6984709590339626
126,225,8,6,LMM-1,12.666666666666666,26.06702046391547,0.6099027288213675
126,225,8,6,LMM-2,11.983333333333333,24.08779108475033,0.6317490919746336
126,225,8,8,LMM-1,11.769342595994702,24.32736118885318,0.5667272651847849
126,225,8,8,LMM-2,11.25,22.63835155814666,0.560021115814472
126,225,10,2,LMM-1,7.883214012415884,15.914973472050022,0.9951296870125258
126,225,10,2,LMM-2,7.3,13.607884277568536,0.9630571397624706
126,225,10,4,LMM-1,7.9333094330845855,16.24137251585632,0.9900151774499178
126,225,10,4,LMM-2,7.3,13.882047149969997,0.9043726629436609
126,225,10,6,LMM-1,8.37266369125005,17.221618251017084,0.984323805372278
126,225,10,6,LMM-2,7.966666666666667,15.230679537773558,0.8495747364853952
126,225,10,8,LMM-1,7.844337557160911,16.200966884702712,0.9802620917578067
126,225,10,8,LMM-2,7.675,14.687264325987915,0.8147657551720482
127,226,4,2,LMM-1,15.5,31.797545296790133,0.781489498678679
127,226,4,2,LMM-2,14.55,29.559604108781862,0.8140539252174657
127,226,4,4,LMM-1,14.75,30.559827595516072,0.614527342391818
127,226,4,4,LMM-2,13.95,28.58502514303501,0.6753120106482475
127,226,4,6,LMM-1,14.166666666666666,29.851845088416233,0.4816920311806161
127,226,4,6,LMM-2,13.533333333333335,28.335224524855995,0.5493071336632578
127,226,4,8,LMM-1,13.625,28.984803737751555,0.38301529658231476
127,226,4,8,LMM-2,13.1125,27.697008464690583,0.4519594737407383
127,226,6,2,LMM-1,15.5,31.67068133085066,0.7839944707517446
127,226,6,2,LMM-2,14.0,28.236046413850545,0.8212033186916505
127,226,6,4,LMM-1,14.75,30.43296461365596,0.6184745967982049
127,226,6,4,LMM-2,13.45,27.407238778637513,0.6952318181126016
127,226,6,6,LMM-1,13.666666666666666,28.50041279159608,0.5029296263977531
127,226,6,6,LMM-2,12.1,24.863266737433836,0.6160979412826828
127,226,6,8,LMM-1,12.5,26.25613015924601,0.42523058642927103
127,226,6,8,LMM-2,11.175,23.180408015322218,0.5623191303285019
127,226,8,2,LMM-1,14.5,28.96217044330648,0.8140422989068881
127,226,8,2,LMM-2,12.5,24.51414629761238,0.8664012762076038
127,226,8,4,LMM-1,13.75,27.72485405600226,0.6667775189744468
127,226,8,4,LMM-2,11.775,23.34516417199119,0.757183126674716
127,226,8,6,LMM-1,12.666666666666666,25.792880488228626,0.5629592857143857
127,226,8,6,LMM-2,10.433333333333334,20.93993264656875,0.7095545956401528
127,226,8,8,LMM-1,11.5,23.549220591263747,0.4941862809595605
127,226,8,8,LMM-2,9.625,19.51260478381909,0.658863135607912
127,226,10,2,LMM-1,14.5,28.96217044330648,0.8140422989068881
127,226,10,2,LMM-2,12.5,24.51414629761238,0.8664012762076038
127,226,10,4,LMM-1,13.75,27.72485405600226,0.6667775189744468
127,226,10,4,LMM-2,11.775,23.34516417199119,0.757183126674716
127,226,10,6,LMM-1,12.666666666666666,25.792880488228626,0.5629592857143857
127,226,10,6,LMM-2,10.433333333333334,20.93993264656875,0.7095545956401528
127,226,10,8,LMM-1,11.5,23.549220591263747,0.4941862809595605
127,226,10,8,LMM-2,9.625,19.51260478381909,0.658863135607912
128,227,4,2,LMM-1,13.5,29.793100514754467,0.7789719882540719
128,227,4,2,LMM-2,12.6,27.634913750201065,0.8010269738383491
128,227,4,4,LMM-1,12.75,28.358957036365865,0.6195127449861316
128,227,4,4,LMM-2,11.875,26.179204282591,0.668062419935061
128,227,4,6,LMM-1,12.529773422688033,28.047004211759486,0.5501451489554263
128,227,4,6,LMM-2,12.05,26.505191388216627,0.5421473477412179
128,227,4,8,LMM-1,12.147294075124666,27.255296451177827,0.44447064794425195
128,227,4,8,LMM-2,11.65,25.736025157025654,0.45493071283992476
128,227,6,2,LMM-1,10.837043795410029,23.17870573996766,0.9098124811237625
128,227,6,2,LMM-2,10.2,20.689520549249178,0.8742068387616554
128,227,6,4,LMM-1,10.211366674179311,21.76696183494466,0.8418499037752591
128,227,6,4,LMM-2,9.925,20.272053557565197,0.7616827963840291
128,227,6,6,LMM-1,9.641317183066842,20.55094024158086,0.7245565982669647
128,227,6,6,LMM-2,9.266666666666667,19.219019160087385,0.6894547958171612
128,227,6,8,LMM-1,9.23115298762512,19.56238610411372,0.634026497276917
128,227,6,8,LMM-2,8.8125,18.27205893366032,0.6258234094271661
128,227,8,2,LMM-1,10.5,21.599399595913912,0.9109507650324401
128,227,8,2,LMM-2,10.2,20.444929511699968,0.8684148878196856
128,227,8,4,LMM-1,10.25,21.06112940884307,0.8380426314434134
128,227,8,4,LMM-2,9.0,17.901793378388685,0.8149340817311789
128,227,8,6,LMM-1,9.833333333333334,20.098029963580444,0.7262018725311913
128,227,8,6,LMM-2,8.466666666666667,16.934187910911838,0.7464290393376738
128,227,8,8,LMM-1,9.733299063014105,19.878625696871218,0.6763275834174414
128,227,8,8,LMM-2,8.575,17.088017050208403,0.6962945314308439
128,227,10,2,LMM-1,8.675513034272871,17.943148639184958,0.9933930015089428
128,227,10,2,LMM-2,8.15,15.858814799406574,0.9174028856395235
128,227,10,4,LMM-1,9.382403476330062,19.260860761479535,0.9158647371789291
128,227,10,4,LMM-2,8.8,17.162851576385453,0.823563504328734
128,227,10,6,LMM-1,8.59482107679088,17.541681775641642,0.8561252356000942
128,227,10,6,LMM-2,7.95,15.659247165002316,0.7800383972600305
128,227,10,8,LMM-1,7.897041596436755,16.297309636377335,0.8520717518415347
128,227,10,8,LMM-2,7.6625,15.151589655014812,0.73373732473272
129,228,4,2,LMM-1,11.5,23.98610980611542,0.8204939610599205
129,228,4,2,LMM-2,10.45,21.00401793026051,0.8816555852120027
129,228,4,4,LMM-1,11.291821363778352,24.72316507644761,0.81547880896453
129,228,4,4,LMM-2,10.7,21.7727140124135,0.7489896456531887
129,228,4,6,LMM-1,13.013887626830288,28.351611999077953,0.6025435486153701
129,228,4,6,LMM-2,12.0,25.032835318686033,0.577899953600353
129,228,4,8,LMM-1,13.3265103283837,29.110022655642098,0.5190736243499877
129,228,4,8,LMM-2,12.3,25.648336309805565,0.4678922749959069
129,228,6,2,LMM-1,11.0,22.730733581607502,0.9208737148469057
129,228,6,2,LMM-2,10.4,20.626367661265768,0.8825016547512247
129,228,6,4,LMM-1,14.25,29.20708062865277,0.7003381493760719
129,228,6,4,LMM-2,13.0,26.015924576279435,0.7047746040759869
129,228,6,6,LMM-1,13.459206424138907,27.668460611707438,0.6389805488356448
129,228,6,6,LMM-2,12.2,24.250362150876132,0.6316068753911728
129,228,6,8,LMM-1,12.88914295061149,26.968867714032076,0.6316014605961249
129,228,6,8,LMM-2,11.8875,23.672492215186328,0.5564647975501198
129,228,8,2,LMM-1,10.0,20.610427182491186,0.9304839364236669
129,228,8,2,LMM-2,9.35,18.293687857680812,0.9053844027655883
129,228,8,4,LMM-1,10.696250212494874,21.834742801672554,0.8516189140411285
129,228,8,4,LMM-2,10.325,20.206223488517086,0.7989452319561974
129,228,8,6,LMM-1,10.35101565932063,21.325527205172037,0.7759471559199573
129,228,8,6,LMM-2,9.716666666666667,19.193783810244202,0.7333319448202364
129,228,8,8,LMM-1,10.378403401820588,21.66430495932723,0.768483627698968
129,228,8,8,LMM-2,10.1125,19.967255937620017,0.6412676621302353
129,228,10,2,LMM-1,9.662495048582612,19.638866528112867,0.9313223200869819
129,228,10,2,LMM-2,9.15,17.612462411354606,0.915449984634464
129,228,10,4,LMM-1,9.453072540823076,19.53182037208547,0.9256725914456272
129,228,10,4,LMM-2,8.925,17.33670800166171,0.8369254195738265
129,228,10,6,LMM-1,9.847199955777509,20.18870141334762,0.8473674508991229
129,228,10,6,LMM-2,9.266666666666667,18.049930458101535,0.7494240625965265
129,228,10,8,LMM-1,10.181726754786304,20.91364727163596,0.772368760792207
129,228,10,8,LMM-2,9.55,18.65113446753013,0.6768881256287537
130,229,4,2,LMM-1,13.0,28.234207187136082,0.7910246675452859
130,229,4,2,LMM-2,11.5,24.651462976566943,0.8291128110333315
130,229,4,4,LMM-1,12.5,27.21952789012737,0.6364553959832238
130,229,4,4,LMM-2,10.5,22.307520578952822,0.7419196505713913
130,229,4,6,LMM-1,12.01571309017395,27.258157681196547,0.6314634670331059
130,229,4,6,LMM-2,10.383333333333335,22.190843373032184,0.641295977834408
130,229,4,8,LMM-1,11.562865635924268,26.836525999487492,0.6228000508935458
130,229,4,8,LMM-2,10.15,21.939727144537436,0.5515945077038154
130,229,6,2,LMM-1,11.5,24.290767428085854,0.8195161747018405
130,229,6,2,LMM-2,10.9,22.722397596492115,0.8556871360816917
130,229,6,4,LMM-1,11.5,24.725994542672986,0.6635682389196251
130,229,6,4,LMM-2,10.075,21.2777644131169,0.7518767829218383
130,229,6,6,LMM-1,10.705122800284709,23.60781085719075,0.6615434215753055
130,229,6,6,LMM-2,9.85,20.826905105150537,0.6585950451892189
130,229,6,8,LMM-1,10.727837392360577,23.72597521789598,0.594463008612922
130,229,6,8,LMM-2,9.8375,20.920267816109096,0.5748129570387734
130,229,8,2,LMM-1,11.0,22.528621118022453,0.838495626377668
130,229,8,2,LMM-2,10.6,21.62407670749863,0.8587588298130614
130,229,8,4,LMM-1,10.5,21.514477522627956,0.7151198246367046
130,229,8,4,LMM-2,9.225,18.796562412000533,0.7847254185731265
130,229,8,6,LMM-1,10.041267401473513,21.39952148300786,0.7123910572248147
130,229,8,6,LMM-2,9.166666666666668,18.882804279239743,0.6983632940768375
130,229,8,8,LMM-1,9.584478130953379,20.736070342308945,0.7065374333233302
130,229,8,8,LMM-2,8.7,18.21699415417796,0.6409356733925557
130,229,10,2,LMM-1,11.0,22.528621118022453,0.838495626377668
130,229,10,2,LMM-2,10.6,21.62407670749863,0.8587588298130614
130,229,10,4,LMM-1,10.25,20.905726277925183,0.7255836128388158
130,229,10,4,LMM-2,9.075,18.372427777507458,0.7958409109434288
130,229,10,6,LMM-1,10.333333333333334,21.16938873766122,0.611648252754277
130,229,10,6,LMM-2,9.366666666666667,19.111593034865965,0.6923325144178075
130,229,10,8,LMM-1,9.594693163164141,20.022635914784562,0.6098020409632235
130,229,10,8,LMM-2,8.6,17.630149755813516,0.6523353470990461
131,230,4,2,LMM-1,16.0,32.86441135667642,0.7745506922679558
131,230,4,2,LMM-2,16.0,33.06561775999529,0.7692552365518087
131,230,4,4,LMM-1,15.25,31.64170687995527,0.6051825893897277
131,230,4,4,LMM-2,14.325,29.66181106242102,0.6406159106762018
131,230,4,6,LMM-1,13.862812479822503,29.438727221799923,0.5476723141064175
131,230,4,6,LMM-2,13.466666666666665,28.222835001342048,0.5234903151316803
131,230,4,8,LMM-1,14.022064935633413,29.946041789094192,0.42215604051445227
131,230,4,8,LMM-2,12.4125,26.033625481065855,0.4961844863468466
131,230,6,2,LMM-1,15.0,29.628745751452005,0.8059830382108117
131,230,6,2,LMM-2,14.1,27.814526883652718,0.8205356271508352
131,230,6,4,LMM-1,14.25,28.40653376245935,0.6552834284066862
131,230,6,4,LMM-2,12.675,25.15620321545156,0.7121928215057778
131,230,6,6,LMM-1,13.195322425381008,27.130698695696452,0.5988926714521783
131,230,6,6,LMM-2,11.516666666666667,23.21073251723849,0.6317902763505685
131,230,6,8,LMM-1,13.211635362365453,27.67002326567831,0.5222011131565182
131,230,6,8,LMM-2,12.15,24.76429961445386,0.5211608759545736
131,230,8,2,LMM-1,15.0,29.628745751452005,0.8059830382108117
131,230,8,2,LMM-2,14.1,27.814526883652718,0.8205356271508352
131,230,8,4,LMM-1,14.25,28.40653376245935,0.6552834284066862
131,230,8,4,LMM-2,12.675,25.15620321545156,0.7121928215057778
131,230,8,6,LMM-1,13.998676503112085,28.813616092065836,0.5736067861006641
131,230,8,6,LMM-2,12.65,25.562571181350574,0.6036232022596852
131,230,8,8,LMM-1,12.990829289117908,27.539347365294287,0.5689848752760338
131,230,8,8,LMM-2,12.2125,24.871110813929114,0.5259704243961961
131,230,10,2,LMM-1,15.0,29.628745751452005,0.8059830382108117
131,230,10,2,LMM-2,14.1,27.814526883652718,0.8205356271508352
131,230,10,4,LMM-1,14.25,28.40653376245935,0.6552834284066862
131,230,10,4,LMM-2,12.675,25.15620321545156,0.7121928215057778
131,230,10,6,LMM-1,12.228978789817344,24.993757312220758,0.6581887541329272
131,230,10,6,LMM-2,11.1,22.196028169797835,0.6545936816834466
131,230,10,8,LMM-1,12.546686347817264,25.805956777709685,0.5279574746185701
131,230,10,8,LMM-2,11.3375,23.00877857358398,0.5520870556585578
132,231,4,2,LMM-1,14.5,31.73139963463139,0.7585859167327074
132,231,4,2,LMM-2,14.0,30.38593375680756,0.7801404762414899
132,231,4,4,LMM-1,13.75,29.51598515275601,0.6103874214903565
132,231,4,4,LMM-2,12.9,27.325234115147488,0.6639276192485315
132,231,4,6,LMM-1,13.166666666666666,28.437754070950582,0.48627031638685675
132,231,4,6,LMM-2,12.033333333333333,25.505629779077044,0.579146169466292
132,231,4,8,LMM-1,12.75,27.396595523801444,0.3998358381681344
132,231,4,8,LMM-2,11.45,24.034308001886767,0.5180597095624715
132,231,6,2,LMM-1,14.5,30.875987806207785,0.7770554571874744
132,231,6,2,LMM-2,11.85,24.82173895282031,0.8367545910033798
132,231,6,4,LMM-1,13.5,28.619910324877885,0.6298178256342373
132,231,6,4,LMM-2,11.0,22.907785277298913,0.7266499510879093
132,231,6,6,LMM-1,13.166666666666666,27.582588205716412,0.5226544243401523
132,231,6,6,LMM-2,9.8,19.942803451427597,0.7044149053868001
132,231,6,8,LMM-1,12.75,26.636314398733855,0.4361888332405429
132,231,6,8,LMM-2,9.85,20.046751701634587,0.633958137729278
132,231,8,2,LMM-1,13.5,28.415367196410745,0.7935329575936556
132,231,8,2,LMM-2,12.7,26.537090509383717,0.8208600654696427
132,231,8,4,LMM-1,12.25,25.159166464915316,0.6768577842013132
132,231,8,4,LMM-2,11.05,22.45138271480347,0.7471416223799267
132,231,8,6,LMM-1,11.5,23.762267902845394,0.5706271952774145
132,231,8,6,LMM-2,10.466666666666667,21.402395149260478,0.6657113742865505
132,231,8,8,LMM-1,11.0,22.567106108256848,0.49630631920982077
132,231,8,8,LMM-2,9.6625,19.49081020627485,0.6529848969290779
132,231,10,2,LMM-1,9.492985095383608,20.01577841254683,0.9913260597437263
132,231,10,2,LMM-2,8.8,17.138909419756338,0.9221698766298939
132,231,10,4,LMM-1,8.527027662373891,17.857058402976016,0.9237232323728666
132,231,10,4,LMM-2,8.3,16.23366973649449,0.854770422016127
132,231,10,6,LMM-1,8.446792277312515,17.536138656819404,0.859994744188136
132,231,10,6,LMM-2,8.083333333333332,15.86778279251767,0.8037187208448996
132,231,10,8,LMM-1,8.182409650235654,17.130503830321587,0.855495614804272
132,231,10,8,LMM-2,8.2125,16.16779098087583,0.7355073795308316
133,232,4,2,LMM-1,18.0,38.171638096684035,0.731865346484385
133,232,4,2,LMM-2,13.75,28.332360613679988,0.8308461668983324
133,232,4,4,LMM-1,17.5,37.325434257462625,0.5387841721293359
133,232,4,4,LMM-2,13.25,27.493577715284705,0.7021646904460289
133,232,4,6,LMM-1,17.0,36.40966208267331,0.4015621270969233
133,232,4,6,LMM-2,12.633333333333333,26.340505160793192,0.6104005601288777
133,232,4,8,LMM-1,16.5,35.510707470355946,0.3021527996229903
133,232,4,8,LMM-2,12.1125,25.453564948724956,0.5313949403202943
133,232,6,2,LMM-1,18.0,38.171638096684035,0.731865346484385
133,232,6,2,LMM-2,13.75,28.332360613679988,0.8308461668983324
133,232,6,4,LMM-1,17.5,37.325434257462625,0.5387841721293359
133,232,6,4,LMM-2,13.25,27.493577715284705,0.7021646904460289
133,232,6,6,LMM-1,17.0,36.40966208267331,0.4015621270969233
133,232,6,6,LMM-2,12.633333333333333,26.340505160793192,0.6104005601288777
133,232,6,8,LMM-1,16.5,35.510707470355946,0.3021527996229903
133,232,6,8,LMM-2,12.1125,25.453564948724956,0.5313949403202943
133,232,8,2,LMM-1,15.0,32.10890992273436,0.7705847217733682
133,232,8,2,LMM-2,12.25,25.382730779042113,0.8488958773113232
133,232,8,4,LMM-1,14.5,31.263191643739606,0.5972813457071163
133,232,8,4,LMM-2,11.75,24.544050103852438,0.7297149152749014
133,232,8,6,LMM-1,14.0,30.34790502917693,0.46868105690465434
133,232,8,6,LMM-2,11.016666666666666,23.10519771692192,0.6498793046401136
133,232,8,8,LMM-1,14.25,30.822425129246476,0.3572182979041293
133,232,8,8,LMM-2,11.1,23.415727044519347,0.5588020607784973
133,232,10,2,LMM-1,15.0,31.87685468402676,0.7742384272582333
133,232,10,2,LMM-2,12.25,25.270611432730476,0.8507502333151116
133,232,10,4,LMM-1,14.5,31.03114999584822,0.6029589388881874
133,232,10,4,LMM-2,11.75,24.431933618765267,0.7326202244988714
133,232,10,6,LMM-1,14.0,30.115876972101763,0.47537984968022834
133,232,10,6,LMM-2,11.016666666666666,23.00453792409943,0.6531291024014719
133,232,10,8,LMM-1,13.5,29.21742151082726,0.3783690548718451
133,232,10,8,LMM-2,10.25,21.518266952926133,0.5980621961651318
134,233,4,2,LMM-1,10.5,22.92577120872786,0.919546760664638
134,233,4,2,LMM-2,10.2,21.026097371670424,0.889088812088841
134,233,4,4,LMM-1,10.478286248267864,22.801083480706268,0.8468720967043156
134,233,4,4,LMM-2,10.275,21.064630785302707,0.7721703777456963
134,233,4,6,LMM-1,10.438732264224786,22.88179157780838,0.770326418098946
134,233,4,6,LMM-2,10.05,20.763512460786394,0.7047989484817248
134,233,4,8,LMM-1,10.267736764988447,22.446737778622623,0.6540169641149629
134,233,4,8,LMM-2,9.8,20.328496908969562,0.6369913557143843
134,233,6,2,LMM-1,10.679938957566856,22.772196502203617,0.9891272907924206
134,233,6,2,LMM-2,10.25,20.16081544723193,0.8826692770863234
134,233,6,4,LMM-1,10.245618754543354,21.9956320759091,0.9799780484087689
134,233,6,4,LMM-2,9.775,19.268051301886477,0.8248332179814059
134,233,6,6,LMM-1,9.779480419390264,20.95460232956311,0.911006901796944
134,233,6,6,LMM-2,9.4,19.027625997249704,0.7370352227852244
134,233,6,8,LMM-1,10.10878847635019,21.4723451041338,0.8266468935170005
134,233,6,8,LMM-2,9.4875,19.204773485578496,0.6673811323749794
134,233,8,2,LMM-1,9.83602512795275,20.566473266337432,0.9908883751338065
134,233,8,2,LMM-2,9.45,18.450594951181,0.9077276441931321
134,233,8,4,LMM-1,10.124982201743967,21.162388707675387,0.9818928823056913
134,233,8,4,LMM-2,9.175,17.883874339656984,0.8480206734642298
134,233,8,6,LMM-1,10.405837994311966,21.52439703798974,0.8952281628804629
134,233,8,6,LMM-2,9.4,18.37035872327703,0.77009770375235
134,233,8,8,LMM-1,9.848307236323766,20.56957759190218,0.8894438033467289
134,233,8,8,LMM-2,9.15,17.984647488190614,0.7103212616580277
134,233,10,2,LMM-1,9.392509594964416,19.308379585786483,0.992530908975694
134,233,10,2,LMM-2,9.05,17.6946309375948,0.9060428097302943
134,233,10,4,LMM-1,9.297861327033942,19.28205787398049,0.9854436581224378
134,233,10,4,LMM-2,8.1,15.818942870368016,0.8592820567988998
134,233,10,6,LMM-1,9.147208887223059,18.74311547894919,0.907611541833829
134,233,10,6,LMM-2,8.116666666666667,15.89457067094788,0.8011503287048155
134,233,10,8,LMM-1,8.681800477979737,17.928336441051012,0.9040905760477653
134,233,10,8,LMM-2,7.7875,15.362289492846008,0.7516828848655044
135,234,4,2,LMM-1,13.0,26.78820621048908,0.8116875975875729
135,234,4,2,LMM-2,12.65,25.439941352261513,0.8446363837690946
135,234,4,4,LMM-1,11.770563795821356,24.934423678463705,0.7454812616101687
135,234,4,4,LMM-2,10.7,21.926129376082383,0.7598827935126071
135,234,4,6,LMM-1,11.263660625702578,24.07150016220998,0.6192924427504533
135,234,4,6,LMM-2,9.933333333333334,20.70820828959011,0.6853688235073336
135,234,4,8,LMM-1,11.340267769985903,24.666136635493977,0.5573531773392849
135,234,4,8,LMM-2,10.125,21.362246956341988,0.5771669959822916
135,234,6,2,LMM-1,12.5,24.977729494924965,0.8311088883983698
135,234,6,2,LMM-2,11.95,23.643790375927274,0.8618127526850602
135,234,6,4,LMM-1,11.119407738859712,23.472518922700157,0.8230374129503323
135,234,6,4,LMM-2,10.775,22.104335122137137,0.7327532473348403
135,234,6,6,LMM-1,10.661802507993471,22.727188211105137,0.7608474669910823
135,234,6,6,LMM-2,9.9,20.42753981149807,0.6686837706658293
135,234,6,8,LMM-1,10.487493567179298,22.579876676140433,0.6886044778765099
135,234,6,8,LMM-2,9.3125,19.48590852731243,0.6068671208375638
135,234,8,2,LMM-1,10.0,20.58775146609241,0.9189471573593252
135,234,8,2,LMM-2,9.5,19.097396068014017,0.8860965124306623
135,234,8,4,LMM-1,9.522291262568613,20.16789979817452,0.9117008290587059
135,234,8,4,LMM-2,9.525,18.9801040007324,0.7947903327733487
135,234,8,6,LMM-1,9.411945163904699,20.1729323384211,0.9034674761239195
135,234,8,6,LMM-2,9.016666666666666,17.995396399674597,0.7288127310306951
135,234,8,8,LMM-1,8.99814536680904,19.361718950119524,0.8522403051103786
135,234,8,8,LMM-2,8.5125,17.173940601329974,0.6614821102950765
135,234,10,2,LMM-1,8.5,17.409151648277586,0.9386802683655862
135,234,10,2,LMM-2,9.35,17.393880992150766,0.9139173193239655
135,234,10,4,LMM-1,8.47443933485596,17.3865951278933,0.9344800378819909
135,234,10,4,LMM-2,8.475,16.683440531861077,0.8203183446056939
135,234,10,6,LMM-1,7.965328546021351,16.2533979778445,0.8457800670592223
135,234,10,6,LMM-2,7.55,14.857428504055656,0.7895910960177375
135,234,10,8,LMM-1,7.456213705929086,15.329405524413456,0.8087531893859239
135,234,10,8,LMM-2,6.8,13.521031518349213,0.7650738167734561
136,235,4,2,LMM-1,11.293938460614374,24.475455808240405,0.905986177233905
136,235,4,2,LMM-2,10.65,21.79955818977688,0.8622029462088386
136,235,4,4,LMM-1,11.369832559388353,25.086987824671333,0.896555117207973
136,235,4,4,LMM-2,10.75,22.01529674682655,0.7600497073642427
136,235,4,6,LMM-1,10.789208165945787,24.29546120324229,0.8850360014210116
136,235,4,6,LMM-2,10.166666666666668,20.836694731516836,0.6824457102710548
136,235,4,8,LMM-1,10.706285100907332,24.191287079740242,0.8157842610269238
136,235,4,8,LMM-2,10.225,21.085617184550692,0.5825848601298985
136,235,6,2,LMM-1,11.462916908381416,23.918919987992307,0.9095019296224484
136,235,6,2,LMM-2,11.2,22.453951609987286,0.8513516918936697
136,235,6,4,LMM-1,10.9066393231165,23.448579493677308,0.8997412971321687
136,235,6,4,LMM-2,10.225,20.78932602645016,0.7687971710035444
136,235,6,6,LMM-1,9.768225199571003,21.33062924335205,0.8929836147089316
136,235,6,6,LMM-2,9.383333333333335,19.10657026917565,0.7157515503549525
136,235,6,8,LMM-1,9.619317933928228,21.197415959405543,0.8846121815968265
136,235,6,8,LMM-2,9.3125,19.059575992986026,0.6383991923566612
136,235,8,2,LMM-1,9.57515056775637,19.286031858175797,0.9296998719815386
136,235,8,2,LMM-2,10.1,19.446833374097466,0.8986796491361213
136,235,8,4,LMM-1,9.49558789805482,19.527578462793034,0.9221351284262951
136,235,8,4,LMM-2,9.3,17.901093803981304,0.8276555428957618
136,235,8,6,LMM-1,8.893116553087028,18.471734574363627,0.9170941828241634
136,235,8,6,LMM-2,8.4,16.52239426982465,0.7569951806326016
136,235,8,8,LMM-1,9.577684350697377,19.86345996772736,0.8246885145994899
136,235,8,8,LMM-2,9.0125,17.746802090272972,0.6711851549904427
136,235,10,2,LMM-1,9.0,17.88627404289417,0.9325004276129905
136,235,10,2,LMM-2,8.65,16.655704565045212,0.9047519132069501
136,235,10,4,LMM-1,9.40489067736761,18.984271586067898,0.9259743890133058
136,235,10,4,LMM-2,9.225,17.653433683878824,0.8175276077537019
136,235,10,6,LMM-1,8.896466817042898,18.13511163032278,0.9216923495752827
136,235,10,6,LMM-2,8.383333333333335,16.09272987741067,0.7731880583642761
136,235,10,8,LMM-1,8.629304857229632,17.733472892268768,0.9176772277465
136,235,10,8,LMM-2,8.075,15.579767709162784,0.7221545672895692
137,236,4,2,LMM-1,13.5,31.63446980112419,0.7525202764905409
137,236,4,2,LMM-2,12.3,28.6461443126459,0.7936783770878091
137,236,4,4,LMM-1,12.977109032022065,28.92717330869554,0.6938654592961664
137,236,4,4,LMM-2,11.4,24.34474825091279,0.7363020232252635
137,236,4,6,LMM-1,12.484723287453443,27.608089673665745,0.5645116429492608
137,236,4,6,LMM-2,11.033333333333333,23.58429965916921,0.6397417790284298
137,236,4,8,LMM-1,12.133653531716721,26.748600225143132,0.5137198347617372
137,236,4,8,LMM-2,10.9625,23.28652961387466,0.550828815358693
137,236,6,2,LMM-1,11.5,23.710308015862005,0.9147160462875681
137,236,6,2,LMM-2,10.65,21.00523835631781,0.8832760498505238
137,236,6,4,LMM-1,11.148854498392867,23.55963132089025,0.9060387503340657
137,236,6,4,LMM-2,10.3,20.440125814371292,0.7903700020663085
137,236,6,6,LMM-1,10.515868900013453,22.514528643054692,0.8970532026922913
137,236,6,6,LMM-2,9.616666666666667,19.22020763426631,0.7276557292499635
137,236,6,8,LMM-1,10.199525688870771,22.00333325437283,0.8884373627768556
137,236,6,8,LMM-2,9.3125,18.67519313385995,0.6707289196816166
137,236,8,2,LMM-1,10.92088485269802,22.4305043283983,0.9267965020060858
137,236,8,2,LMM-2,9.8,19.01114427877406,0.9125290794371349
137,236,8,4,LMM-1,10.652469250713839,22.38896617267679,0.918373154807924
137,236,8,4,LMM-2,9.85,19.364411116343483,0.810260433000766
137,236,8,6,LMM-1,10.187275261088608,21.67135442961144,0.9103813653838166
137,236,8,6,LMM-2,9.433333333333334,18.75079737256795,0.7363813352142354
137,236,8,8,LMM-1,9.598780917960774,20.548298148952746,0.9041028783006293
137,236,8,8,LMM-2,8.625,17.13508648172584,0.7045310573472591
137,236,10,2,LMM-1,10.0,20.293458283724615,0.9281998680671926
137,236,10,2,LMM-2,9.65,18.935419297136043,0.8971149490005814
137,236,10,4,LMM-1,10.232317913222479,21.269476775009807,0.9206642597857393
137,236,10,4,LMM-2,9.075,17.78041082845305,0.827518838377147
137,236,10,6,LMM-1,9.828105150969883,20.70431128241618,0.9127628873884248
137,236,10,6,LMM-2,8.9,17.53038804985605,0.7583980762324791
137,236,10,8,LMM-1,9.612506601207901,20.43235479825181,0.9053053362922133
137,236,10,8,LMM-2,8.6625,17.155820118924364,0.7031946048694242
138,237,4,2,LMM-1,15.0,32.77854215522031,0.8686472146720599
138,237,4,2,LMM-2,14.7,30.421872189704665,0.7899439119711718
138,237,4,4,LMM-1,14.295007410864821,31.607940852921462,0.7645223577643321
138,237,4,4,LMM-2,13.575,28.2587075474985,0.6506409469936538
138,237,4,6,LMM-1,13.226402473003185,29.504337932832573,0.683871226347698
138,237,4,6,LMM-2,11.8,24.638753216362648,0.5978523513797748
138,237,4,8,LMM-1,13.475856270821254,29.994004399529434,0.5856951443144875
138,237,4,8,LMM-2,12.1,25.335512510421488,0.5013314978765643
138,237,6,2,LMM-1,12.5,26.77817139273274,0.8942579013106517
138,237,6,2,LMM-2,11.95,24.238412237393558,0.8461835562604929
138,237,6,4,LMM-1,12.0,26.44139196243093,0.8797991027611409
138,237,6,4,LMM-2,11.4,23.492732703458326,0.7261351547180802
138,237,6,6,LMM-1,11.805993832792357,26.10700315354894,0.78228911178056
138,237,6,6,LMM-2,10.9,22.767840673927655,0.6275788629236119
138,237,6,8,LMM-1,11.329492054111721,25.34028325282585,0.7710671103979398
138,237,6,8,LMM-2,10.4625,22.004712213856756,0.5511225233621853
138,237,8,2,LMM-1,11.957122228099209,25.698740590738062,0.9027523960952564
138,237,8,2,LMM-2,11.35,22.921736025511226,0.8525708191831196
138,237,8,4,LMM-1,11.477340582646896,25.32195213477966,0.8893480753743249
138,237,8,4,LMM-2,10.85,22.13888874973835,0.741396428209667
138,237,8,6,LMM-1,11.165764081196414,24.858400550526476,0.8790884550298343
138,237,8,6,LMM-2,10.866666666666667,22.456675103755167,0.6295021072793474
138,237,8,8,LMM-1,11.500632480440261,25.365361679444483,0.7791003804131149
138,237,8,8,LMM-2,10.8125,22.24706073242108,0.5550257856590457
138,237,10,2,LMM-1,9.5,19.167426021068618,0.9286711550790379
138,237,10,2,LMM-2,9.0,17.455468280813054,0.9062151750875979
138,237,10,4,LMM-1,9.0,18.57781192291067,0.92243635738376
138,237,10,4,LMM-2,9.575,19.011052648951456,0.8121160926520803
138,237,10,6,LMM-1,9.147614300645731,18.98155423572091,0.8442948803694101
138,237,10,6,LMM-2,8.966666666666667,17.95313163673186,0.7598204855489412
138,237,10,8,LMM-1,8.678978681204939,18.18184662809972,0.839501184028879
138,237,10,8,LMM-2,9.1125,18.272657929433855,0.6802293767205903
139,238,4,2,LMM-1,16.5,33.07104542796042,0.7837123772302832
139,238,4,2,LMM-2,12.6,24.55448517822732,0.8687057469595837
139,238,4,4,LMM-1,15.5,31.318800920953674,0.6255050150163048
139,238,4,4,LMM-2,12.925,25.580031182914816,0.7397237386286719
139,238,4,6,LMM-1,14.666666666666666,29.84931160360977,0.5079408829059755
139,238,4,6,LMM-2,12.416666666666666,24.74734537857451,0.6470043477350889
139,238,4,8,LMM-1,14.25,29.62005302475515,0.4476772085973634
139,238,4,8,LMM-2,12.3,24.870897010324278,0.5448667802982226
139,238,6,2,LMM-1,16.5,33.07104542796042,0.7837123772302832
139,238,6,2,LMM-2,12.6,24.55448517822732,0.8687057469595837
139,238,6,4,LMM-1,15.5,31.318800920953674,0.6255050150163048
139,238,6,4,LMM-2,12.925,25.580031182914816,0.7397237386286719
139,238,6,6,LMM-1,14.666666666666666,29.84931160360977,0.5079408829059755
139,238,6,6,LMM-2,12.3,24.541274811655303,0.6518344824052754
139,238,6,8,LMM-1,14.03955281853481,29.013866369190048,0.44904474899581526
139,238,6,8,LMM-2,12.0875,24.339326011799606,0.5645471544391579
139,238,8,2,LMM-1,14.5,28.288933115473505,0.8160323879983873
139,238,8,2,LMM-2,11.8,22.587844387801656,0.8871657397573891
139,238,8,4,LMM-1,13.5,26.53743718031028,0.6781353645860084
139,238,8,4,LMM-2,9.375,18.010669296167382,0.8501974711328953
139,238,8,6,LMM-1,12.666666666666666,25.06857167283598,0.5733526107295869
139,238,8,6,LMM-2,9.65,18.76405213052999,0.7683061251664277
139,238,8,8,LMM-1,12.404819270122646,24.99353245977061,0.5092089442121436
139,238,8,8,LMM-2,9.975,19.695676023945527,0.6643389255607088
139,238,10,2,LMM-1,13.5,25.986676138164324,0.8301335614726366
139,238,10,2,LMM-2,9.45,17.805190051614158,0.9219361176618092
139,238,10,4,LMM-1,12.5,24.235583830311914,0.7017596819155352
139,238,10,4,LMM-2,9.075,17.386064480290024,0.8323726771509282
139,238,10,6,LMM-1,11.666666666666666,22.76705467892996,0.6035571396047733
139,238,10,6,LMM-2,9.116666666666665,17.654317036456128,0.7620107730177056
139,238,10,8,LMM-1,11.25,22.364612203658144,0.5492737439858273
139,238,10,8,LMM-2,8.75,17.09512436378679,0.7146714528773923
140,239,4,2,LMM-1,15.0,32.31353426951413,0.7749341117887891
140,239,4,2,LMM-2,13.45,28.07824453750174,0.826056895985046
140,239,4,4,LMM-1,14.5,32.01495884530182,0.5927390178263952
140,239,4,4,LMM-2,12.025,25.294520174336434,0.7271186028641361
140,239,4,6,LMM-1,13.833333333333334,30.565933626591328,0.4710327493213741
140,239,4,6,LMM-2,11.45,24.05837273885441,0.6432970361784378
140,239,4,8,LMM-1,13.375,30.083740966824074,0.3630596315964216
140,239,4,8,LMM-2,10.6625,22.728026213176033,0.5776289449242052
140,239,6,2,LMM-1,14.0,28.510761962033154,0.8043682570985897
140,239,6,2,LMM-2,13.0,26.00058097355145,0.8476436789800944
140,239,6,4,LMM-1,13.75,28.499611646372323,0.638726631642054
140,239,6,4,LMM-2,12.95,26.520841127310867,0.6940023896705114
140,239,6,6,LMM-1,13.0,26.96487361822748,0.5265079231823976
140,239,6,6,LMM-2,12.066666666666666,24.654435232770304,0.6101253422104262
140,239,6,8,LMM-1,12.75,26.757416629123185,0.42174243566695635
140,239,6,8,LMM-2,11.925,24.719617633055,0.5032078084435325
140,239,8,2,LMM-1,14.0,27.335844597748043,0.8257370629180697
140,239,8,2,LMM-2,12.2,23.64135714239136,0.8823773100440084
140,239,8,4,LMM-1,13.75,27.324763030771443,0.6731121424766401
140,239,8,4,LMM-2,11.55,22.864255691342752,0.7862027170087117
140,239,8,6,LMM-1,13.166666666666666,26.38225057383864,0.5593726894679888
140,239,8,6,LMM-2,11.0,21.995930310321363,0.7013390049764083
140,239,8,8,LMM-1,12.75,25.582843008259225,0.46836750710022523
140,239,8,8,LMM-2,10.55,21.13459365749529,0.6368655078439402
140,239,10,2,LMM-1,14.0,27.335844597748043,0.8257370629180697
140,239,10,2,LMM-2,12.2,23.64135714239136,0.8823773100440084
140,239,10,4,LMM-1,13.25,25.934581284818552,0.6928734028630112
140,239,10,4,LMM-2,11.0,21.368471291240667,0.8108817885559295
140,239,10,6,LMM-1,13.0,25.790231248679287,0.5695889111626314
140,239,10,6,LMM-2,10.733333333333333,21.205530036417024,0.7240663869195313
140,239,10,8,LMM-1,12.125,24.093503675991027,0.49345352732752124
140,239,10,8,LMM-2,9.85,19.500076138758256,0.6800973677043075
141,240,4,2,LMM-1,18.0,38.116151086478595,0.7345769121707642
141,240,4,2,LMM-2,16.9,35.40804117609047,0.7714839005756068
141,240,4,4,LMM-1,17.5,37.139664478667456,0.5465629256129588
141,240,4,4,LMM-2,16.55,34.68672597422794,0.6134791437037019
141,240,4,6,LMM-1,17.166666666666668,36.52575161190599,0.408571413630483
141,240,4,6,LMM-2,16.266666666666666,34.15999663058313,0.49084331071861387
141,240,4,8,LMM-1,16.625,35.55476891132353,0.3094383320445168
141,240,4,8,LMM-2,15.85,33.55765829893927,0.3828458008811399
141,240,6,2,LMM-1,15.0,30.63675606816208,0.7919425861030358
141,240,6,2,LMM-2,14.55,29.633289985143744,0.8074960709398258
141,240,6,4,LMM-1,14.5,29.66085983532559,0.6352412567796861
141,240,6,4,LMM-2,13.2,26.79427279702187,0.6957193127346131
141,240,6,6,LMM-1,14.166666666666666,29.04734055188056,0.5119180730461194
141,240,6,6,LMM-2,12.416666666666666,25.131367887208054,0.6115820321541013
141,240,6,8,LMM-1,13.625,28.076997424187304,0.4179457314423659
141,240,6,8,LMM-2,12.1,24.670803593065337,0.5315277391371831
141,240,8,2,LMM-1,15.0,30.63675606816208,0.7919425861030358
141,240,8,2,LMM-2,14.55,29.633289985143744,0.8074960709398258
141,240,8,4,LMM-1,14.5,29.66085983532559,0.6352412567796861
141,240,8,4,LMM-2,13.2,26.79427279702187,0.6957193127346131
141,240,8,6,LMM-1,14.166666666666666,29.04734055188056,0.5119180730461194
141,240,8,6,LMM-2,12.416666666666666,25.131367887208054,0.6115820321541013
141,240,8,8,LMM-1,13.625,28.076997424187304,0.4179457314423659
141,240,8,8,LMM-2,12.1,24.670803593065337,0.5315277391371831
141,240,10,2,LMM-1,14.0,28.279225264852034,0.8107566283514782
141,240,10,2,LMM-2,12.7,25.418991501363372,0.8453420724145537
141,240,10,4,LMM-1,13.5,27.303923781933435,0.6657606438868242
141,240,10,4,LMM-2,12.575,25.343073456361143,0.7067575228536219
141,240,10,6,LMM-1,13.166666666666666,26.690780080106908,0.5492325201882637
141,240,10,6,LMM-2,11.983333333333333,24.14829911104103,0.6158894158991999
141,240,10,8,LMM-1,12.875,26.25341690785329,0.45050904782969947
141,240,10,8,LMM-2,11.825,24.016309304157677,0.5289091779367369
142,241,4,2,LMM-1,12.5,27.59032441810309,0.7934361000516046
142,241,4,2,LMM-2,10.95,23.690339273102165,0.8403669129403752
142,241,4,4,LMM-1,12.25,26.835228016226075,0.640606393216353
142,241,4,4,LMM-2,9.925,20.972231949916363,0.7672756070086797
142,241,4,6,LMM-1,11.833333333333334,26.095091417675928,0.5177931806936964
142,241,4,6,LMM-2,9.616666666666665,20.478872265577692,0.6775330092901136
142,241,4,8,LMM-1,11.625,25.905877396694088,0.414007600266385
142,241,4,8,LMM-2,9.0875,19.482683531722362,0.6204132889646203
142,241,6,2,LMM-1,12.0,24.982655727119152,0.8212941410955601
142,241,6,2,LMM-2,11.8,24.42754476795448,0.8354282676877587
142,241,6,4,LMM-1,12.5,26.267585096126947,0.6538867660509882
142,241,6,4,LMM-2,10.45,21.04861337346756,0.7984580931322013
142,241,6,6,LMM-1,12.0,25.38137047527488,0.5365750893926797
142,241,6,6,LMM-2,10.15,20.61634841172445,0.7099427181572666
142,241,6,8,LMM-1,11.75,24.8713030556599,0.4451009775170685
142,241,6,8,LMM-2,10.1375,20.859732568395543,0.6183203482040824
142,241,8,2,LMM-1,11.0,22.884673644043154,0.8352984842103364
142,241,8,2,LMM-2,10.05,20.105272688767904,0.8952071502795629
142,241,8,4,LMM-1,11.75,24.517525844050873,0.6753209290196409
142,241,8,4,LMM-2,10.925,22.27799620957153,0.7642760669229882
142,241,8,6,LMM-1,11.166666666666666,23.50241511613664,0.5640379524381826
142,241,8,6,LMM-2,9.983333333333334,20.242427661708255,0.7150270438022058
142,241,8,8,LMM-1,11.5,24.29062171980181,0.45252344407386574
142,241,8,8,LMM-2,10.45,21.43295956367821,0.6086295296314287
142,241,10,2,LMM-1,11.0,21.33090878199425,0.8599997556003183
142,241,10,2,LMM-2,10.2,19.766856035263547,0.8853893190304886
142,241,10,4,LMM-1,9.986296116037956,19.618028842081863,0.8029695973514706
142,241,10,4,LMM-2,9.325,18.145501304095426,0.8039576808551641
142,241,10,6,LMM-1,8.887765313889235,17.716488448674518,0.8027853325941186
142,241,10,6,LMM-2,8.416666666666668,16.599356976166845,0.7557204524819822
142,241,10,8,LMM-1,9.699416010222883,19.446742481579292,0.666829113760907
142,241,10,8,LMM-2,9.0125,17.985588163500907,0.6663001125286719
143,242,4,2,LMM-1,12.65212272728878,28.7013752153832,0.9814928664541884
143,242,4,2,LMM-2,11.8,24.494183896448625,0.8369229350974964
143,242,4,4,LMM-1,13.659251507957611,30.310252632391336,0.8312450070068031
143,242,4,4,LMM-2,12.675,26.38921223379965,0.6886831206896591
143,242,4,6,LMM-1,12.728137473603338,28.37044793778515,0.7523409562338029
143,242,4,6,LMM-2,11.833333333333332,24.72387359851904,0.6029221621214134
143,242,4,8,LMM-1,13.248743230821267,29.395352330338493,0.6396767479828608
143,242,4,8,LMM-2,12.125,25.36899377063256,0.4939486000518857
143,242,6,2,LMM-1,12.65212272728878,28.7013752153832,0.9814928664541884
143,242,6,2,LMM-2,12.35,25.084011400684485,0.8403277548341344
143,242,6,4,LMM-1,13.659251507957611,30.310252632391336,0.8312450070068031
143,242,6,4,LMM-2,12.95,26.738217026802637,0.6881917268443736
143,242,6,6,LMM-1,12.728137473603338,28.37044793778515,0.7523409562338029
143,242,6,6,LMM-2,11.566666666666666,23.82740975653119,0.6343579938397387
143,242,6,8,LMM-1,13.248743230821267,29.395352330338493,0.6396767479828608
143,242,6,8,LMM-2,12.4625,25.87991251099627,0.4901454982026593
143,242,8,2,LMM-1,11.344464584713155,23.940895814371316,0.9875659751240246
143,242,8,2,LMM-2,10.25,20.718168101525347,0.8674823864785981
143,242,8,4,LMM-1,10.215205942583557,21.625198282533365,0.9201767268937597
143,242,8,4,LMM-2,8.85,18.24741574827278,0.7945729065815583
143,242,8,6,LMM-1,10.329040235198697,21.982502098646773,0.9112321772361136
143,242,8,6,LMM-2,9.366666666666667,19.27300743525642,0.6746920485026263
143,242,8,8,LMM-1,10.535561581900343,22.557454212416584,0.9022254438402195
143,242,8,8,LMM-2,9.9,20.183007832340643,0.5892844297087614
143,242,10,2,LMM-1,11.271326288081374,23.565841840545172,0.9892383066293071
143,242,10,2,LMM-2,10.15,19.75718531910254,0.8800494710317034
143,242,10,4,LMM-1,10.055538906375201,21.000925483358248,0.9229297146803243
143,242,10,4,LMM-2,8.825,17.395758370774633,0.8034368530140398
143,242,10,6,LMM-1,9.605490145900081,20.316867634774376,0.9170824360229224
143,242,10,6,LMM-2,8.2,16.24719130614268,0.7567098648595472
143,242,10,8,LMM-1,9.743196187686246,20.75108285431856,0.9098315494269557
143,242,10,8,LMM-2,8.7625,17.389838730144156,0.6753634976132329
144,243,4,2,LMM-1,15.0,33.79107849395768,0.7396156515881381
144,243,4,2,LMM-2,12.3,27.070833942742855,0.8088018877840975
144,243,4,4,LMM-1,14.25,31.36618856255592,0.6567739088043112
144,243,4,4,LMM-2,12.75,27.47439896483967,0.65740809008601
144,243,4,6,LMM-1,14.0,30.90796931878403,0.5025461927362512
144,243,4,6,LMM-2,11.65,24.93729068822375,0.590974797581324
144,243,4,8,LMM-1,13.625,30.051773883903273,0.39594725093508476
144,243,4,8,LMM-2,11.7375,25.150160608059988,0.4936722580423621
144,243,6,2,LMM-1,13.0,28.92576560727129,0.7781882943501499
144,243,6,2,LMM-2,11.0,23.982352463215058,0.8335022095699541
144,243,6,4,LMM-1,12.5,27.15930151481661,0.6345805361036269
144,243,6,4,LMM-2,9.975,20.90128917197356,0.7706485192940328
144,243,6,6,LMM-1,12.303592941284077,26.809738891756005,0.5706996125276997
144,243,6,6,LMM-2,10.15,21.18089655926167,0.6727670381521935
144,243,6,8,LMM-1,11.85282169402829,25.752804668202515,0.4719846104883249
144,243,6,8,LMM-2,9.9,20.714327850287457,0.6010532432814801
144,243,8,2,LMM-1,11.0,23.533403998455775,0.9164200964782492
144,243,8,2,LMM-2,9.9,19.501653762352923,0.9066146967058784
144,243,8,4,LMM-1,10.772101999224812,23.58162097801206,0.9050719529609523
144,243,8,4,LMM-2,9.675,19.403611228780374,0.8064001129764623
144,243,8,6,LMM-1,10.18402064195639,22.240404528705355,0.836019003987456
144,243,8,6,LMM-2,8.816666666666666,17.441140887571027,0.7696469858534591
144,243,8,8,LMM-1,9.809878376105539,21.481644696879634,0.7656559903833727
144,243,8,8,LMM-2,8.4,16.724431609813642,0.7300798987619571
144,243,10,2,LMM-1,10.374498856057198,21.616075195972964,0.9286223715016686
144,243,10,2,LMM-2,9.5,18.790233257501477,0.9011268287333026
144,243,10,4,LMM-1,9.875591696570604,20.751990118613694,0.921489331565766
144,243,10,4,LMM-2,9.1,17.716463577689503,0.8325436590156092
144,243,10,6,LMM-1,9.098012878599334,19.05712259837707,0.8640715128720704
144,243,10,6,LMM-2,8.433333333333334,16.561347994558965,0.7669558278703905
144,243,10,8,LMM-1,8.743163071331747,18.315286163745267,0.8028977804202639
144,243,10,8,LMM-2,8.025,15.773738086479508,0.7301067449147973
145,244,4,2,LMM-1,16.0,32.82547796083937,0.7767720348321661
145,244,4,2,LMM-2,13.85,27.829967887123,0.8301239773589165
145,244,4,4,LMM-1,14.5,30.163150371994647,0.6244976145205046
145,244,4,4,LMM-2,13.325,27.391742440468544,0.6950834180713393
145,244,4,6,LMM-1,13.833333333333334,29.01349034035912,0.5031539737590165
145,244,4,6,LMM-2,12.783333333333333,26.493083254560965,0.5981245506123188
145,244,4,8,LMM-1,13.125,27.705824479536695,0.4136397721105599
145,244,4,8,LMM-2,12.275,25.669084690667415,0.5128154022344291
145,244,6,2,LMM-1,16.0,32.293655083285344,0.7853492266919726
145,244,6,2,LMM-2,14.0,27.880586206073694,0.8247664803861479
145,244,6,4,LMM-1,14.5,29.63153887285394,0.6383628180862289
145,244,6,4,LMM-2,12.95,26.318206105283316,0.6889642947313485
145,244,6,6,LMM-1,13.666666666666666,28.059079550576616,0.5262246400751112
145,244,6,6,LMM-2,12.083333333333332,24.66235761548498,0.606860378019989
145,244,6,8,LMM-1,13.125,27.174406743941528,0.432206613099806
145,244,6,8,LMM-2,11.65,24.018599048950453,0.5186182992566177
145,244,8,2,LMM-1,16.0,32.293655083285344,0.7853492266919726
145,244,8,2,LMM-2,14.0,27.880586206073694,0.8247664803861479
145,244,8,4,LMM-1,14.5,29.63153887285394,0.6383628180862289
145,244,8,4,LMM-2,12.95,26.318206105283316,0.6889642947313485
145,244,8,6,LMM-1,13.833333333333334,28.48197278717989,0.5200014694844135
145,244,8,6,LMM-2,12.316666666666666,25.25318880695157,0.5926885445651788
145,244,8,8,LMM-1,13.125,27.174406743941528,0.432206613099806
145,244,8,8,LMM-2,11.55,23.745678482254853,0.519875170772113
145,244,10,2,LMM-1,12.0,23.59089509032649,0.8428853569851004
145,244,10,2,LMM-2,10.3,19.680086675183382,0.896607623990412
145,244,10,4,LMM-1,10.5,20.930888438836824,0.7352374304423603
145,244,10,4,LMM-2,9.05,17.548862237467237,0.8367840960881981
145,244,10,6,LMM-1,9.833333333333334,19.782259934914656,0.6427024095883139
145,244,10,6,LMM-2,8.4,16.426717159074986,0.787090565959324
145,244,10,8,LMM-1,9.375,18.82056388710725,0.571800387919277
145,244,10,8,LMM-2,8.1375,16.00943058089639,0.7320199025754001
146,245,4,2,LMM-1,12.5,27.57159406816994,0.7999861051134739
146,245,4,2,LMM-2,12.15,26.584808572384066,0.8243841271421125
146,245,4,4,LMM-1,11.75,26.088345435244634,0.650107286204911
146,245,4,4,LMM-2,11.175,24.584033694378057,0.6871996207909808
146,245,4,6,LMM-1,11.180745291424804,25.2766908537398,0.5844975979256154
146,245,4,6,LMM-2,10.516666666666667,23.163570301977924,0.6192214027630027
146,245,4,8,LMM-1,10.885538189833692,24.79987608761872,0.5279589307069278
146,245,4,8,LMM-2,10.2,22.501640958270293,0.5387368975572872
146,245,6,2,LMM-1,12.5,27.695794024825922,0.8614366134481161
146,245,6,2,LMM-2,12.05,25.884452283458813,0.828218439715221
146,245,6,4,LMM-1,11.679945686008086,25.96376091011938,0.8532032723943089
146,245,6,4,LMM-2,11.375,23.987407324603055,0.7271496230451442
146,245,6,6,LMM-1,11.71604463250787,26.159373203670746,0.7359774672709807
146,245,6,6,LMM-2,11.216666666666665,24.02005636785902,0.6159949015619375
146,245,6,8,LMM-1,11.289761097943577,25.03924153098593,0.6844336290217832
146,245,6,8,LMM-2,10.5125,22.39999764937813,0.568461601298293
146,245,8,2,LMM-1,10.42983243097372,22.424265736082585,0.9894813568438092
146,245,8,2,LMM-2,9.85,19.47723043467352,0.8894107831236857
146,245,8,4,LMM-1,9.29010213261262,20.04946075712474,0.9188715575047386
146,245,8,4,LMM-2,8.925,17.922354837750344,0.8151773142742375
146,245,8,6,LMM-1,8.759291615544091,18.98226135632219,0.9130818786855815
146,245,8,6,LMM-2,8.833333333333332,17.962012122893917,0.7453709404643577
146,245,8,8,LMM-1,8.614970730734093,18.785607019699004,0.9071490909598161
146,245,8,8,LMM-2,8.45,17.156366455029616,0.7049784330406935
146,245,10,2,LMM-1,7.522486780901465,15.355253567779187,0.9425778597317279
146,245,10,2,LMM-2,7.9,15.834861670609675,0.918830475292757
146,245,10,4,LMM-1,7.7490829886866575,15.976894147096496,0.9370781253040621
146,245,10,4,LMM-2,8.05,15.954718901151073,0.8319740241523703
146,245,10,6,LMM-1,7.35126448003872,15.341350965261205,0.9343709047820268
146,245,10,6,LMM-2,7.3,14.469874012858355,0.7970129804002524
146,245,10,8,LMM-1,7.485435165706244,15.736529650990647,0.9298564401089064
146,245,10,8,LMM-2,7.35,14.515434629431635,0.756199469964692
147,246,4,2,LMM-1,11.747460393527081,25.594587398453164,0.9025975537858004
147,246,4,2,LMM-2,11.8,24.738967301558517,0.8255782366569916
147,246,4,4,LMM-1,11.456724191331189,25.09803018803557,0.8151313485936946
147,246,4,4,LMM-2,11.075,23.447832665977327,0.7019812727029983
147,246,4,6,LMM-1,11.195590680899368,25.338890429055443,0.802684978309409
147,246,4,6,LMM-2,11.05,23.609537429535756,0.5846301348137491
147,246,4,8,LMM-1,11.4687918128447,25.804263476738413,0.6367205378688683
147,246,4,8,LMM-2,10.6125,22.845950184184808,0.5263226474628986
147,246,6,2,LMM-1,10.833750809724972,23.0054923998457,0.9153568322015238
147,246,6,2,LMM-2,10.3,20.82430437138161,0.8656861803174112
147,246,6,4,LMM-1,10.48074244011041,22.39883235983833,0.8383659116282066
147,246,6,4,LMM-2,9.875,20.13717080758458,0.7601713307257916
147,246,6,6,LMM-1,11.383103327218663,24.16830080594063,0.75302019606832
147,246,6,6,LMM-2,10.65,21.757394726360673,0.6477285382547145
147,246,6,8,LMM-1,11.07851110595982,23.8015476350153,0.7446752154811628
147,246,6,8,LMM-2,10.4375,21.427304622821477,0.5847814144347938
147,246,8,2,LMM-1,10.5,22.183094712899223,0.9161997086384371
147,246,8,2,LMM-2,10.0,20.19227132800878,0.8736492536031021
147,246,8,4,LMM-1,11.189523692593202,23.350157801815637,0.8253243084655264
147,246,8,4,LMM-2,10.75,21.49990622233911,0.755963592869861
147,246,8,6,LMM-1,10.46979920317825,22.056403154738767,0.7585263869200043
147,246,8,6,LMM-2,9.883333333333333,19.94731946440512,0.6980529885604418
147,246,8,8,LMM-1,10.044508025045761,21.512702665252505,0.7518100456192032
147,246,8,8,LMM-2,9.675,19.751501845319588,0.6009474196834106
147,246,10,2,LMM-1,8.992840956027079,18.488441804253068,0.9380938655192302
147,246,10,2,LMM-2,8.45,16.673461237163814,0.9139064976734549
147,246,10,4,LMM-1,8.641188579209473,17.87568652430411,0.8802990231573273
147,246,10,4,LMM-2,8.125,16.303957849906716,0.8344284224045101
147,246,10,6,LMM-1,9.292098563408214,19.129308999576676,0.8073644878489284
147,246,10,6,LMM-2,8.833333333333332,17.458701942133736,0.7489443784553087
147,246,10,8,LMM-1,9.110867342627765,18.95169365476635,0.803198942597931
147,246,10,8,LMM-2,8.5625,17.21138262374402,0.6801986456009224
148,247,4,2,LMM-1,14.0,29.301556614876734,0.7986667011492198
148,247,4,2,LMM-2,12.5,26.072635560306253,0.8449961048709413
148,247,4,4,LMM-1,13.5,28.28847054741521,0.645801940807133
148,247,4,4,LMM-2,11.525,23.994217766704235,0.7442013497815472
148,247,4,6,LMM-1,13.833333333333334,29.271382191754764,0.497736746023144
148,247,4,6,LMM-2,11.016666666666667,23.251399457533047,0.6546392435186938
148,247,4,8,LMM-1,13.772598838083686,29.754460178690124,0.42887491403439776
148,247,4,8,LMM-2,11.2375,23.961981832746904,0.5450510851867063
148,247,6,2,LMM-1,13.5,27.721698122035992,0.8102557075963885
148,247,6,2,LMM-2,12.35,25.35493908364048,0.8435573942826444
148,247,6,4,LMM-1,12.955552693318577,27.363091115067522,0.733444471784676
148,247,6,4,LMM-2,11.425,23.320999535734483,0.7384082192442445
148,247,6,6,LMM-1,12.606328560575516,26.82449577526964,0.6542437821506625
148,247,6,6,LMM-2,10.9,22.50009100908647,0.653460072628441
148,247,6,8,LMM-1,12.159521351444607,25.9999796363852,0.5882507463298094
148,247,6,8,LMM-2,10.3375,21.437071929929022,0.5932362753149393
148,247,8,2,LMM-1,13.5,27.721698122035992,0.8102557075963885
148,247,8,2,LMM-2,12.35,25.35493908364048,0.8435573942826444
148,247,8,4,LMM-1,12.869218648424061,27.130404951472524,0.7340737154355682
148,247,8,4,LMM-2,11.225,22.91498331019697,0.743161655688222
148,247,8,6,LMM-1,12.42403322979089,26.347710202288198,0.6552496729131579
148,247,8,6,LMM-2,10.65,21.89302652577919,0.6682040998638976
148,247,8,8,LMM-1,12.046984204618527,25.42425977280049,0.5396059639455129
148,247,8,8,LMM-2,10.225,21.262835668471883,0.5834454944298428
148,247,10,2,LMM-1,11.082423006587927,23.595969286516493,0.916088787932917
148,247,10,2,LMM-2,10.7,21.774335793310694,0.8703363001004416
148,247,10,4,LMM-1,11.962077140189887,25.12857302413361,0.7488238089433169
148,247,10,4,LMM-2,10.725,21.92850552834819,0.763265270358274
148,247,10,6,LMM-1,11.781654911086322,24.9625748216231,0.6746419518198691
148,247,10,6,LMM-2,9.883333333333333,20.39376756886174,0.6944930816331809
148,247,10,8,LMM-1,11.489432889536342,24.50871372246527,0.6094146952267013
148,247,10,8,LMM-2,9.8,20.3824830985836,0.6072778866872884
149,248,4,2,LMM-1,23.0,48.69934523503179,0.6776462002166397
149,248,4,2,LMM-2,21.5,45.25291228429937,0.7029751008727126
149,248,4,4,LMM-1,22.5,47.6735472808102,0.4697868857378539
149,248,4,4,LMM-2,19.55,40.95141489322456,0.5523173129664907
149,248,4,6,LMM-1,21.833333333333332,46.50871132312342,0.3273929380130479
149,248,4,6,LMM-2,18.616666666666667,39.160980700429626,0.43574176162821476
149,248,4,8,LMM-1,21.125,45.2556942756156,0.23193482059318943
149,248,4,8,LMM-2,18.1125,38.398406599750096,0.336360069473565
149,248,6,2,LMM-1,16.0,32.868568983851745,0.7740978140500169
149,248,6,2,LMM-2,13.7,27.72170223642749,0.8219981387712142
149,248,6,4,LMM-1,15.5,31.844032461969782,0.612992702165896
149,248,6,4,LMM-2,12.775,25.715147679268007,0.7250766357218764
149,248,6,6,LMM-1,14.833333333333334,30.680878414069202,0.48790961464871174
149,248,6,6,LMM-2,13.066666666666666,26.812946077367098,0.5650970272395701
149,248,6,8,LMM-1,14.125,29.42964839570921,0.3947351788355997
149,248,6,8,LMM-2,12.25,25.350905977793342,0.49095944229556443
149,248,8,2,LMM-1,14.0,28.416037748806463,0.8080802961386748
149,248,8,2,LMM-2,12.2,24.426422959313232,0.847627268326059
149,248,8,4,LMM-1,13.5,27.39186452694393,0.6679799510744393
149,248,8,4,LMM-2,11.5,22.92809745095834,0.7644530230045217
149,248,8,6,LMM-1,12.833333333333334,26.22919487906925,0.5549875878583689
149,248,8,6,LMM-2,11.383333333333333,23.046487396326814,0.6412329124611921
149,248,8,8,LMM-1,12.375,25.457578601806127,0.46182462043514905
149,248,8,8,LMM-2,11.0625,22.659770803629733,0.5494084425649284
149,248,10,2,LMM-1,12.0,24.322881588833756,0.8332312637190187
149,248,10,2,LMM-2,11.45,22.808367459594468,0.8746929363918454
149,248,10,4,LMM-1,11.5,23.299094196980395,0.7101913574131826
149,248,10,4,LMM-2,11.05,22.080070030018423,0.7690436185598213
149,248,10,6,LMM-1,10.833333333333334,22.136938989117933,0.6083885646935346
149,248,10,6,LMM-2,10.516666666666666,21.065351766929684,0.7013759577656105
149,248,10,8,LMM-1,10.125,20.88677023829846,0.5297126648113407
149,248,10,8,LMM-2,10.425,21.11325516949089,0.6250435840777515
150,249,4,2,LMM-1,11.0,23.111354582351815,0.8369054663985714
150,249,4,2,LMM-2,10.0,20.639049731790344,0.8822768180851988
150,249,4,4,LMM-1,10.730146796310638,22.979040228973425,0.7679333502941412
150,249,4,4,LMM-2,9.8,20.258995466375875,0.7800802719769856
150,249,4,6,LMM-1,10.986959848669148,23.600511618845463,0.6265099436925269
150,249,4,6,LMM-2,10.066666666666666,21.116437319657898,0.6672299610489004
150,249,4,8,LMM-1,10.865304851061826,23.288892084926168,0.5242920571617702
150,249,4,8,LMM-2,9.725,20.400163351851752,0.6136261294935395
150,249,6,2,LMM-1,9.75881811833462,20.217300547768,0.9311590215188982
150,249,6,2,LMM-2,8.8,17.49671606647352,0.9062132694744316
150,249,6,4,LMM-1,9.403308269024167,19.622849210895147,0.8706443321056536
150,249,6,4,LMM-2,8.825,17.541706414404654,0.8256914398334511
150,249,6,6,LMM-1,9.5149027497668,19.91351958822884,0.785355188872795
150,249,6,6,LMM-2,9.3,18.73535954044494,0.718975503335699
150,249,6,8,LMM-1,9.157050753694055,19.3515352570027,0.7391424527065424
150,249,6,8,LMM-2,8.625,17.492354256478613,0.6857511689806521
150,249,8,2,LMM-1,8.750924576158406,18.353766633776587,0.9928455530015841
150,249,8,2,LMM-2,8.4,16.413610406662066,0.9270554894381628
150,249,8,4,LMM-1,8.036743381360205,16.713264439814598,0.8895297223175301
150,249,8,4,LMM-2,7.7,15.015162540973574,0.8935525802472635
150,249,8,6,LMM-1,7.509564557152996,15.532052712161937,0.8016036064083746
150,249,8,6,LMM-2,7.216666666666667,14.30529894463552,0.8503093746571858
150,249,8,8,LMM-1,7.317324505906749,15.354459776531167,0.7992282819143425
150,249,8,8,LMM-2,7.1375,14.328740948043157,0.7716567097168315
150,249,10,2,LMM-1,8.796801395566066,17.70111502206986,0.993700387564384
150,249,10,2,LMM-2,8.05,15.66995552457962,0.9303677315375289
150,249,10,4,LMM-1,8.08139486060538,16.155291642648432,0.902395125712523
150,249,10,4,LMM-2,6.475,12.301933508812581,0.8994534598914333
150,249,10,6,LMM-1,7.757488659365663,15.517435279319633,0.8582778209645138
150,249,10,6,LMM-2,6.333333333333334,12.117424261249278,0.856168113145489
150,249,10,8,LMM-1,7.385012279567983,14.878621284414901,0.8554931192839691
150,249,10,8,LMM-2,6.1125,12.02111920499585,0.8177483402361473
151,250,4,2,LMM-1,10.880507651319432,24.245837902987148,0.986988833242649
151,250,4,2,LMM-2,10.2,20.766221255224938,0.8820632682779859
151,250,4,4,LMM-1,10.398220879318426,22.628758452432667,0.8299023939744453
151,250,4,4,LMM-2,9.575,19.92436060990311,0.7907216629284523
151,250,4,6,LMM-1,9.64156829377224,20.93762982275897,0.7191146734472529
151,250,4,6,LMM-2,8.783333333333333,18.38589375261302,0.7348079588848158
151,250,4,8,LMM-1,8.959975414940335,19.629472334202017,0.6244403120637307
151,250,4,8,LMM-2,8.1625,17.36475774943747,0.6677358222172449
151,250,6,2,LMM-1,10.883334599700857,23.727222726091505,0.9881350857736404
151,250,6,2,LMM-2,9.75,19.492970573491466,0.9024028756395348
151,250,6,4,LMM-1,10.336238821938919,22.334458616107554,0.9144202626666488
151,250,6,4,LMM-2,9.5,18.824487515527448,0.8219873357587286
151,250,6,6,LMM-1,10.057429456374638,21.621059835361322,0.7740891935295572
151,250,6,6,LMM-2,9.783333333333333,19.754448800658206,0.7177293847439398
151,250,6,8,LMM-1,9.493413911847579,20.27941297275061,0.6812221051788889
151,250,6,8,LMM-2,8.7,17.72309528093619,0.6796215110455972
151,250,8,2,LMM-1,9.847435560701543,20.967641864640633,0.9909552710633642
151,250,8,2,LMM-2,8.9,17.641262864351,0.9178199040902205
151,250,8,4,LMM-1,10.523389653844871,22.439834647824217,0.9818502910989502
151,250,8,4,LMM-2,9.4,18.74546462291098,0.818022391555424
151,250,8,6,LMM-1,9.017634100331604,19.18263670591856,0.8842874268664405
151,250,8,6,LMM-2,7.95,16.050629241941383,0.7832400010232347
151,250,8,8,LMM-1,8.003261233899444,17.048739185561722,0.8080023412885737
151,250,8,8,LMM-2,6.95,14.211045120626242,0.7596334481970926
151,250,10,2,LMM-1,9.255348537545737,19.508289452964963,0.992230148335256
151,250,10,2,LMM-2,9.15,18.375881346184634,0.8838194217793831
151,250,10,4,LMM-1,9.508042099246216,19.963830745524096,0.9847992769943243
151,250,10,4,LMM-2,9.95,19.778353095706677,0.7835477635082255
151,250,10,6,LMM-1,9.035057159542585,18.91824681817085,0.8901207416988223
151,250,10,6,LMM-2,8.4,16.647485314056546,0.7699265541026367
151,250,10,8,LMM-1,8.130418741846372,17.00553788473097,0.8487332836450762
151,250,10,8,LMM-2,7.6125,15.209660614030167,0.7301447235060048
152,251,4,2,LMM-1,12.406446573294733,28.837814924877403,0.9810965758403014
152,251,4,2,LMM-2,12.8,27.002801886482388,0.815158480170156
152,251,4,4,LMM-1,11.954024103130351,27.13888714981338,0.8780288305106009
152,251,4,4,LMM-2,11.45,24.01387432048836,0.7175848124255553
152,251,4,6,LMM-1,11.35627379083703,25.85337607855879,0.7929993122405072
152,251,4,6,LMM-2,10.516666666666666,22.196135371214414,0.6372220592328081
152,251,4,8,LMM-1,11.202812033596954,25.83282613620066,0.7796987475735196
152,251,4,8,LMM-2,10.3625,21.96963521533541,0.5554850983593893
152,251,6,2,LMM-1,11.910687587367175,26.827131340805067,0.9838578421947899
152,251,6,2,LMM-2,11.7,23.979114139135255,0.8446179054914117
152,251,6,4,LMM-1,11.720646474353563,26.16116393824534,0.8929276190207401
152,251,6,4,LMM-2,11.375,23.686112146115406,0.7123765357070863
152,251,6,6,LMM-1,11.381955478961363,25.836624933900218,0.8791280117573971
152,251,6,6,LMM-2,10.933333333333334,22.933695899296755,0.614253162788363
152,251,6,8,LMM-1,11.148936723682212,25.505272648655446,0.8655154879903806
152,251,6,8,LMM-2,10.675,22.4744186952799,0.5315891402031766
152,251,8,2,LMM-1,10.791123324815713,23.772753513838847,0.9871614213760734
152,251,8,2,LMM-2,11.35,23.352224610319908,0.8496000391972256
152,251,8,4,LMM-1,10.748334943321723,23.86713463832725,0.973778018508134
152,251,8,4,LMM-2,10.55,21.52683819426303,0.7527931689715859
152,251,8,6,LMM-1,10.211225500123941,22.452879980931023,0.8985487984526678
152,251,8,6,LMM-2,9.766666666666667,20.001913608751543,0.6829665964510755
152,251,8,8,LMM-1,9.972808804810267,22.09615934399656,0.8882109019684521
152,251,8,8,LMM-2,9.925,20.43720952924353,0.5868591163964026
152,251,10,2,LMM-1,9.10438284425578,18.99507317050181,0.991850267555009
152,251,10,2,LMM-2,10.55,21.326548823278564,0.8536414320977727
152,251,10,4,LMM-1,8.81695633525584,18.702559126561717,0.9832999589272692
152,251,10,4,LMM-2,9.65,19.62965317449355,0.753082617811893
152,251,10,6,LMM-1,8.593562338924892,18.309575756813135,0.9760157512847701
152,251,10,6,LMM-2,9.383333333333333,19.200194741004726,0.6725531288128209
152,251,10,8,LMM-1,8.354056120094588,17.854348768529757,0.9686966895349272
152,251,10,8,LMM-2,9.075,18.668062031118538,0.6179025755081575
153,252,4,2,LMM-1,12.0,25.151569965920764,0.8180124584105777
153,252,4,2,LMM-2,11.75,24.641839495753594,0.8267288765723215
153,252,4,4,LMM-1,11.5,24.22281395750527,0.6773588551228146
153,252,4,4,LMM-2,10.525,21.903553362730758,0.7437959536486748
153,252,4,6,LMM-1,11.680507386332987,24.85115798983563,0.6080796447407643
153,252,4,6,LMM-2,10.883333333333335,22.753060304627805,0.6199207423158892
153,252,4,8,LMM-1,11.76032323433142,25.096723384229644,0.49211696099846075
153,252,4,8,LMM-2,11.075,23.31396045133073,0.5179176218846973
153,252,6,2,LMM-1,12.0,25.151569965920764,0.8180124584105777
153,252,6,2,LMM-2,11.75,24.641839495753594,0.8267288765723215
153,252,6,4,LMM-1,11.5,24.22281395750527,0.6773588551228146
153,252,6,4,LMM-2,10.55,21.7812970962354,0.7393829008948611
153,252,6,6,LMM-1,11.364093763985888,23.841107546434895,0.6101049737744528
153,252,6,6,LMM-2,10.35,21.212032343686694,0.6658846027252978
153,252,6,8,LMM-1,11.52296341402434,24.332185729180974,0.4941910738054819
153,252,6,8,LMM-2,10.125,20.89069618664123,0.5891519269969516
153,252,8,2,LMM-1,10.0,20.755811725087973,0.8454062464056473
153,252,8,2,LMM-2,10.0,20.28110952044642,0.8716634661756173
153,252,8,4,LMM-1,9.51577697229928,19.983674379506926,0.8454810829639401
153,252,8,4,LMM-2,9.5,19.261266381393277,0.7770819857021933
153,252,8,6,LMM-1,9.02755670151191,19.313132704075766,0.8399277493780023
153,252,8,6,LMM-2,8.816666666666666,17.99928208644496,0.7106704946555847
153,252,8,8,LMM-1,8.981442712456863,19.199523549248934,0.7664371005030254
153,252,8,8,LMM-2,8.825,18.002536061957816,0.646082472213568
153,252,10,2,LMM-1,8.5,17.169216614568626,0.8774021495642165
153,252,10,2,LMM-2,9.9,19.821716649771417,0.8867574220310536
153,252,10,4,LMM-1,8.734420481643232,17.851351871315643,0.8190165342057203
153,252,10,4,LMM-2,8.175,16.286374640857538,0.8328415270429759
153,252,10,6,LMM-1,8.840475654474087,18.15742862538813,0.7492484027153503
153,252,10,6,LMM-2,8.4,16.790825133690547,0.7511582778482994
153,252,10,8,LMM-1,9.240112218460016,19.272756649273724,0.6682324799460366
153,252,10,8,LMM-2,8.6625,17.61117544222288,0.6606051604891076
154,253,4,2,LMM-1,10.5,22.719731806338608,0.9120139339545832
154,253,4,2,LMM-2,9.6,19.735558940819985,0.8765054020488989
154,253,4,4,LMM-1,10.480449943541988,23.164745083494495,0.9014314067578877
154,253,4,4,LMM-2,9.55,19.92872333783368,0.7665625350069704
154,253,4,6,LMM-1,9.987019575062801,21.838620837486797,0.7704779309999491
154,253,4,6,LMM-2,9.083333333333332,18.925376439950178,0.695181359178963
154,253,4,8,LMM-1,9.516820982625234,21.054194224402533,0.7096742854344623
154,253,4,8,LMM-2,8.8625,18.653333227519056,0.6156468369393787
154,253,6,2,LMM-1,10.703677112552366,22.76951787474356,0.9093928765423158
154,253,6,2,LMM-2,10.5,21.592810685495756,0.8623331411081837
154,253,6,4,LMM-1,10.412032234394534,22.3766774492344,0.8317811325408192
154,253,6,4,LMM-2,9.95,20.453808243608016,0.7692241580686769
154,253,6,6,LMM-1,9.985698837712231,21.554398613008686,0.7780041444107809
154,253,6,6,LMM-2,9.316666666666666,19.05453867390454,0.7128462118826332
154,253,6,8,LMM-1,10.73940452185514,23.0269195919231,0.621484456085849
154,253,6,8,LMM-2,9.925,20.407611697706606,0.6137908987504092
154,253,8,2,LMM-1,8.5,17.547738026603106,0.9344082886132659
154,253,8,2,LMM-2,8.15,16.497714569059525,0.900986092321675
154,253,8,4,LMM-1,8.73244561371946,18.140386305052736,0.9277118246959857
154,253,8,4,LMM-2,9.225,19.222466094117237,0.766292943171899
154,253,8,6,LMM-1,9.203570595157707,18.85605094074169,0.7928692786616445
154,253,8,6,LMM-2,9.333333333333332,19.13225518286203,0.6886349013257448
154,253,8,8,LMM-1,9.269783062840585,19.054068102018654,0.6727169208701435
154,253,8,8,LMM-2,9.3125,19.142898386195636,0.614393704500085
154,253,10,2,LMM-1,9.0,18.217856283424073,0.9320718367700908
154,253,10,2,LMM-2,8.45,16.64442453397087,0.9162685745294208
154,253,10,4,LMM-1,9.072547351199916,18.484951078594474,0.9274926781275449
154,253,10,4,LMM-2,9.375,19.22186091355745,0.7833184894574716
154,253,10,6,LMM-1,9.126207435847673,18.352169878606098,0.8100031750503099
154,253,10,6,LMM-2,9.15,18.427739168777915,0.7295473509063566
154,253,10,8,LMM-1,8.191517877082964,16.56508406439541,0.7713324932623264
154,253,10,8,LMM-2,8.2125,16.561052872041515,0.6994269821909886
155,254,4,2,LMM-1,19.0,38.34485959972241,0.7513600537382554
155,254,4,2,LMM-2,13.5,26.565867412614374,0.8592697353252378
155,254,4,4,LMM-1,18.25,37.038206818823106,0.5702442997233155
155,254,4,4,LMM-2,13.25,26.356320341554373,0.7275264031434181
155,254,4,6,LMM-1,17.5,35.72311372709529,0.4387032132026942
155,254,4,6,LMM-2,13.2,26.59076870110003,0.6039506617765171
155,254,4,8,LMM-1,16.875,34.5871322799184,0.3413297927206343
155,254,4,8,LMM-2,12.675,25.747979980025114,0.5355840409740069
155,254,6,2,LMM-1,19.0,38.34485959972241,0.7513600537382554
155,254,6,2,LMM-2,13.5,26.565867412614374,0.8592697353252378
155,254,6,4,LMM-1,18.25,37.038206818823106,0.5702442997233155
155,254,6,4,LMM-2,13.25,26.356320341554373,0.7275264031434181
155,254,6,6,LMM-1,17.5,35.72311372709529,0.4387032132026942
155,254,6,6,LMM-2,13.2,26.59076870110003,0.6039506617765171
155,254,6,8,LMM-1,16.875,34.5871322799184,0.3413297927206343
155,254,6,8,LMM-2,12.675,25.747979980025114,0.5355840409740069
155,254,8,2,LMM-1,16.0,32.369614837251355,0.784298273250805
155,254,8,2,LMM-2,12.15,23.958155607562112,0.8735040000472741
155,254,8,4,LMM-1,16.0,32.39004757296195,0.6131004684758252
155,254,8,4,LMM-2,12.5,24.846031925782576,0.7422865237097696
155,254,8,6,LMM-1,16.0,32.51334911929335,0.475507219238092
155,254,8,6,LMM-2,12.7,25.545680579979045,0.6172866898101415
155,254,8,8,LMM-1,15.75,32.13836361487152,0.3714574883081414
155,254,8,8,LMM-2,12.375,25.10893519107021,0.5445442925346742
155,254,10,2,LMM-1,16.0,32.369614837251355,0.784298273250805
155,254,10,2,LMM-2,12.15,23.958155607562112,0.8735040000472741
155,254,10,4,LMM-1,16.0,32.39004757296195,0.6131004684758252
155,254,10,4,LMM-2,12.5,24.846031925782576,0.7422865237097696
155,254,10,6,LMM-1,16.0,32.51334911929335,0.475507219238092
155,254,10,6,LMM-2,12.7,25.545680579979045,0.6172866898101415
155,254,10,8,LMM-1,15.75,32.13836361487152,0.3714574883081414
155,254,10,8,LMM-2,12.375,25.10893519107021,0.5445442925346742
156,255,4,2,LMM-1,11.5,24.91012854333841,0.8217738905378289
156,255,4,2,LMM-2,10.45,22.073558909911956,0.8769760580766542
156,255,4,4,LMM-1,11.25,24.221071319421092,0.6828158997447703
156,255,4,4,LMM-2,10.325,21.697845714874642,0.7802145417874472
156,255,4,6,LMM-1,11.0,24.032217482609152,0.5566337234173606
156,255,4,6,LMM-2,10.2,21.929883538593156,0.6629866517460167
156,255,4,8,LMM-1,10.75,23.57568029860875,0.46148772183576414
156,255,4,8,LMM-2,9.9875,21.602957440006417,0.5781114030223279
156,255,6,2,LMM-1,10.964607819644408,22.967900189338785,0.9190617010453723
156,255,6,2,LMM-2,10.5,21.29162425883655,0.868310695604157
156,255,6,4,LMM-1,10.23244396856943,22.052794260871828,0.9096958766092434
156,255,6,4,LMM-2,10.125,20.92187223505848,0.7491685496265292
156,255,6,6,LMM-1,9.949701923466275,21.56145727545284,0.8427898153965365
156,255,6,6,LMM-2,9.533333333333333,19.650038461260635,0.6938574639359945
156,255,6,8,LMM-1,9.567501444102342,20.92783969863236,0.8361074348255407
156,255,6,8,LMM-2,9.1625,19.015395580542027,0.632150709727205
156,255,8,2,LMM-1,9.5,18.944640015806776,0.87345351553003
156,255,8,2,LMM-2,8.45,16.570656732365414,0.9214923358995003
156,255,8,4,LMM-1,10.334386825903152,21.0096334671235,0.7956455270306438
156,255,8,4,LMM-2,9.225,18.153499885627404,0.8300571321772638
156,255,8,6,LMM-1,9.535528107543566,19.867120222297142,0.7898334601467014
156,255,8,6,LMM-2,8.45,16.710455801596872,0.7816319453179459
156,255,8,8,LMM-1,9.36091001661741,19.751141684647937,0.7846520642766496
156,255,8,8,LMM-2,8.575,17.083553392512805,0.7046109406286053
156,255,10,2,LMM-1,9.5,18.95525291109234,0.93208726451156
156,255,10,2,LMM-2,8.4,16.192335583530426,0.9336136768557385
156,255,10,4,LMM-1,8.650028697779018,17.72763450753586,0.9273072138991225
156,255,10,4,LMM-2,7.5,14.420232497086278,0.8870741741452928
156,255,10,6,LMM-1,9.431118335683223,19.365520016957397,0.8459232905138017
156,255,10,6,LMM-2,8.416666666666668,16.49974563591194,0.7838641951633386
156,255,10,8,LMM-1,8.780291954979973,18.183509298395364,0.8432207123089503
156,255,10,8,LMM-2,7.7875,15.3541047167341,0.7476126520534856
157,256,4,2,LMM-1,16.5,34.072706173916586,0.7610620989015089
157,256,4,2,LMM-2,14.9,30.336028075424053,0.8061106859452517
157,256,4,4,LMM-1,15.75,32.61556539379103,0.5933072506134682
157,256,4,4,LMM-2,14.4,29.37307337225546,0.6692375569795586
157,256,4,6,LMM-1,14.833333333333334,30.947576995789387,0.47121774266228555
157,256,4,6,LMM-2,13.683333333333334,28.17775141108384,0.5581177141018034
157,256,4,8,LMM-1,14.2740374650733,30.64945375901312,0.4193958554757028
157,256,4,8,LMM-2,13.4125,28.033786458113468,0.452722147229956
157,256,6,2,LMM-1,15.0,30.209441363643514,0.7885591103046896
157,256,6,2,LMM-2,12.4,24.667146223110674,0.8415688946485526
157,256,6,4,LMM-1,14.5,29.164677278322568,0.6343640022342317
157,256,6,4,LMM-2,12.125,24.166723267529356,0.7097928939522843
157,256,6,6,LMM-1,13.666666666666666,27.63273326612488,0.5199849846818709
157,256,6,6,LMM-2,11.0,21.99442793023227,0.654673599506609
157,256,6,8,LMM-1,12.75,26.256242258975142,0.4742331250550008
157,256,6,8,LMM-2,10.475,21.119556683847804,0.5861677856298194
157,256,8,2,LMM-1,13.0,26.143947684971085,0.8145916595747487
157,256,8,2,LMM-2,11.0,21.87837033878519,0.8590642339721344
157,256,8,4,LMM-1,12.5,25.09947465919121,0.6769267608907935
157,256,8,4,LMM-2,10.25,20.273494548486987,0.7695472852105155
157,256,8,6,LMM-1,11.666666666666666,23.568015746228646,0.5731593167012509
157,256,8,6,LMM-2,9.033333333333333,17.918931138314743,0.7269530077661563
157,256,8,8,LMM-1,10.75,22.058431834176556,0.5324178405738762
157,256,8,8,LMM-2,8.15,16.299219953728574,0.6968296459856632
157,256,10,2,LMM-1,12.5,26.007332188310357,0.9097144644829909
157,256,10,2,LMM-2,11.6,23.072607682501516,0.8558792207358843
157,256,10,4,LMM-1,11.75,23.88761318464788,0.7735887618908043
157,256,10,4,LMM-2,10.35,20.3672213179433,0.7727365730258801
157,256,10,6,LMM-1,10.833333333333334,21.926113852587605,0.669953864362925
157,256,10,6,LMM-2,8.783333333333333,17.307312110200264,0.7454221610894176
157,256,10,8,LMM-1,10.0,20.508084138860294,0.6281579576445867
157,256,10,8,LMM-2,8.2625,16.397496322404404,0.7006915854657508
158,257,4,2,LMM-1,14.5,29.185282124513215,0.8008868418899622
158,257,4,2,LMM-2,13.85,27.826509781728248,0.8188981901259458
158,257,4,4,LMM-1,13.75,28.45878612942322,0.7126222487529039
158,257,4,4,LMM-2,13.15,26.636733697498084,0.6787459702258054
158,257,4,6,LMM-1,13.333333333333334,27.750762046082894,0.5739669353716794
158,257,4,6,LMM-2,11.816666666666666,24.00943106772142,0.5975199962373846
158,257,4,8,LMM-1,12.402384237611034,26.272523459512477,0.5691631071370394
158,257,4,8,LMM-2,11.2875,23.157581784023293,0.5157048496309985
158,257,6,2,LMM-1,14.5,29.185282124513215,0.8008868418899622
158,257,6,2,LMM-2,13.85,27.826509781728248,0.8188981901259458
158,257,6,4,LMM-1,13.75,28.45878612942322,0.7126222487529039
158,257,6,4,LMM-2,13.15,26.636733697498084,0.6787459702258054
158,257,6,6,LMM-1,13.333333333333334,27.750762046082894,0.5739669353716794
158,257,6,6,LMM-2,11.866666666666667,24.1606236408019,0.5958614994806993
158,257,6,8,LMM-1,12.613682626797061,26.759657654958534,0.5686968180273881
158,257,6,8,LMM-2,11.3625,23.320735699944613,0.5110433401371401
158,257,8,2,LMM-1,14.0,28.277390896351797,0.8069176188923324
158,257,8,2,LMM-2,13.2,26.324883080352738,0.8418061670384281
158,257,8,4,LMM-1,13.228830031411118,27.06642859845484,0.7331620748429245
158,257,8,4,LMM-2,12.925,25.877239704800036,0.6944393383881977
158,257,8,6,LMM-1,12.986027759304076,26.828634081402118,0.590600241780024
158,257,8,6,LMM-2,11.983333333333334,24.18739643848688,0.6088176026804243
158,257,8,8,LMM-1,12.332364949323848,25.938426871532577,0.5888338275073135
158,257,8,8,LMM-2,10.95,22.194355957033622,0.540975323880337
158,257,10,2,LMM-1,14.0,28.277390896351797,0.8069176188923324
158,257,10,2,LMM-2,13.2,26.324883080352738,0.8418061670384281
158,257,10,4,LMM-1,13.228830031411118,27.06642859845484,0.7331620748429245
158,257,10,4,LMM-2,12.925,25.877239704800036,0.6944393383881977
158,257,10,6,LMM-1,12.986027759304076,26.828634081402118,0.590600241780024
158,257,10,6,LMM-2,11.983333333333334,24.18739643848688,0.6088176026804243
158,257,10,8,LMM-1,12.332364949323848,25.938426871532577,0.5888338275073135
158,257,10,8,LMM-2,10.95,22.194355957033622,0.540975323880337
159,258,4,2,LMM-1,23.0,47.23431319777332,0.6903782413009683
159,258,4,2,LMM-2,18.8,37.70106663388458,0.771503256825582
159,258,4,4,LMM-1,22.0,44.651101553261505,0.5042543360185157
159,258,4,4,LMM-2,14.375,27.62213321144107,0.7450667702256245
159,258,4,6,LMM-1,21.166666666666668,42.848685734375124,0.37482013917857626
159,258,4,6,LMM-2,14.483333333333334,27.891307916927367,0.6324712638995217
159,258,4,8,LMM-1,20.25,40.9587381931464,0.2875106213422778
159,258,4,8,LMM-2,14.1375,27.324463635548064,0.5473134099138255
159,258,6,2,LMM-1,20.0,40.0922903228195,0.7359198580759113
159,258,6,2,LMM-2,16.85,33.155109729293756,0.8008855166083769
159,258,6,4,LMM-1,19.0,37.51020252980273,0.5729426319664915
159,258,6,4,LMM-2,14.725,28.251781248795613,0.7146579051945169
159,258,6,6,LMM-1,18.166666666666668,35.70872325382889,0.45392440059523365
159,258,6,6,LMM-2,14.183333333333334,27.02966680476905,0.6312913538611358
159,258,6,8,LMM-1,17.25,33.81980590980396,0.3710979052664564
159,258,6,8,LMM-2,12.8625,24.345009272840308,0.6001809016973191
159,258,8,2,LMM-1,20.0,39.54182193623364,0.7454228386290345
159,258,8,2,LMM-2,16.85,32.81071348106463,0.8071917882434125
159,258,8,4,LMM-1,19.0,36.95989087286189,0.5878332000397948
159,258,8,4,LMM-2,13.325,25.040970586430216,0.7778327971654437
159,258,8,6,LMM-1,18.166666666666668,35.15854220492556,0.47173310707274985
159,258,8,6,LMM-2,12.066666666666666,22.419776124177083,0.740280915976195
159,258,8,8,LMM-1,17.25,33.26976852974188,0.39063390754727123
159,258,8,8,LMM-2,12.0125,22.3720190512676,0.6616540197923733
159,258,10,2,LMM-1,10.723656710284619,21.654761568256326,0.9201923468520083
159,258,10,2,LMM-2,9.85,19.244140976499075,0.8967664690252543
159,258,10,4,LMM-1,11.107805936525168,22.836172290835133,0.9107792924466764
159,258,10,4,LMM-2,9.85,18.70299414469004,0.8233671225697885
159,258,10,6,LMM-1,11.882490343113316,24.507370974446893,0.9007359247384331
159,258,10,6,LMM-2,10.533333333333333,20.02942710247895,0.7105943790763963
159,258,10,8,LMM-1,11.76502962604703,24.340390554516848,0.8926198624653747
159,258,10,8,LMM-2,10.7625,20.343442175438547,0.6385735118215164
160,259,4,2,LMM-1,12.5,26.395112261773697,0.8029413185516878
160,259,4,2,LMM-2,13.0,26.60021376380061,0.8317441845082343
160,259,4,4,LMM-1,11.75,25.126183049497083,0.6538159448623997
160,259,4,4,LMM-2,11.7,24.356276444423422,0.7163073095221241
160,259,4,6,LMM-1,12.0,25.540417520068235,0.5218570649040914
160,259,4,6,LMM-2,11.283333333333333,23.69205428851337,0.61032385371853
160,259,4,8,LMM-1,11.75,25.14052005620687,0.42248277432347014
160,259,4,8,LMM-2,11.0625,23.37983352156321,0.519018396917188
160,259,6,2,LMM-1,12.5,24.42132578712925,0.837213008581023
160,259,6,2,LMM-2,10.5,20.378045978402984,0.8925139510501652
160,259,6,4,LMM-1,11.75,23.152691944072675,0.7108185936609244
160,259,6,4,LMM-2,9.425,18.488782229873994,0.8252389415278805
160,259,6,6,LMM-1,11.333333333333334,22.582499037457232,0.5986265554173387
160,259,6,6,LMM-2,9.283333333333335,18.5196836568636,0.7308388444288225
160,259,6,8,LMM-1,11.0,22.03917820190532,0.5091475055128867
160,259,6,8,LMM-2,8.7625,17.61783827390039,0.6803268488720386
160,259,8,2,LMM-1,12.5,24.42132578712925,0.837213008581023
160,259,8,2,LMM-2,10.5,20.378045978402984,0.8925139510501652
160,259,8,4,LMM-1,11.75,23.152691944072675,0.7108185936609244
160,259,8,4,LMM-2,9.425,18.488782229873994,0.8252389415278805
160,259,8,6,LMM-1,11.333333333333334,22.55480963350692,0.6008242297752328
160,259,8,6,LMM-2,9.333333333333332,18.582533001976127,0.7330433934622985
160,259,8,8,LMM-1,10.875,21.708444879998318,0.5172631728241773
160,259,8,8,LMM-2,8.7,17.412451863766822,0.6819075886883426
160,259,10,2,LMM-1,12.5,24.42132578712925,0.837213008581023
160,259,10,2,LMM-2,10.5,20.378045978402984,0.8925139510501652
160,259,10,4,LMM-1,11.75,23.152691944072675,0.7108185936609244
160,259,10,4,LMM-2,9.425,18.488782229873994,0.8252389415278805
160,259,10,6,LMM-1,11.333333333333334,22.55480963350692,0.6008242297752328
160,259,10,6,LMM-2,9.333333333333332,18.582533001976127,0.7330433934622985
160,259,10,8,LMM-1,10.875,21.708444879998318,0.5172631728241773
160,259,10,8,LMM-2,8.7,17.412451863766822,0.6819075886883426
161,260,4,2,LMM-1,17.0,37.927448897505194,0.7193128582266688
161,260,4,2,LMM-2,16.6,36.812832791381176,0.72951211422224
161,260,4,4,LMM-1,16.0,33.86637906927352,0.5707844154354454
161,260,4,4,LMM-2,15.325,32.206583534644615,0.6125946262841065
161,260,4,6,LMM-1,15.833333333333334,33.896597534651804,0.4271813873653511
161,260,4,6,LMM-2,14.55,30.966853091859736,0.48848751735133167
161,260,4,8,LMM-1,15.375,33.19764057458971,0.32632513174223854
161,260,4,8,LMM-2,13.825,29.592309306930055,0.4092719401006251
161,260,6,2,LMM-1,14.0,30.486956645426922,0.7707782605225124
161,260,6,2,LMM-2,13.0,27.89885721263919,0.8163660771609541
161,260,6,4,LMM-1,13.5,27.93950942060024,0.6384872841393557
161,260,6,4,LMM-2,12.3,24.954256150944193,0.7286938608745526
161,260,6,6,LMM-1,13.166666666666666,27.522448771956494,0.5104059298438879
161,260,6,6,LMM-2,12.1,24.87345092676673,0.6104900785679576
161,260,6,8,LMM-1,12.625,26.578935245851405,0.41710569058962843
161,260,6,8,LMM-2,11.6,24.029452147923614,0.53588919084828
161,260,8,2,LMM-1,10.423049527783538,22.29058975743861,0.9897663595149474
161,260,8,2,LMM-2,9.65,18.929657928861495,0.9002494946127418
161,260,8,4,LMM-1,10.728242585052053,22.682278534359273,0.9083987563412588
161,260,8,4,LMM-2,9.925,19.44537666398824,0.8123500586979503
161,260,8,6,LMM-1,10.386228834666245,21.972663840074848,0.8535778263750611
161,260,8,6,LMM-2,9.65,18.900809142162508,0.7422609428077923
161,260,8,8,LMM-1,9.532758702724418,20.40399058353303,0.8470425014443801
161,260,8,8,LMM-2,9.2625,18.372289587033176,0.6835673192145946
161,260,10,2,LMM-1,8.944979919942838,18.2622375724491,0.9935472626307689
161,260,10,2,LMM-2,7.95,15.339623209933922,0.9278849034094238
161,260,10,4,LMM-1,9.327276252726557,18.979985532694805,0.9867073880777225
161,260,10,4,LMM-2,8.725,16.62476477170689,0.8568409906431601
161,260,10,6,LMM-1,8.667751900070225,17.552635398520664,0.8933558105247398
161,260,10,6,LMM-2,7.3,14.183184398078847,0.8423404196921076
161,260,10,8,LMM-1,7.894702344409454,16.193118328076178,0.8899456576816135
161,260,10,8,LMM-2,7.4625,14.575938613869397,0.7950389175024303
162,261,4,2,LMM-1,11.746384385996452,27.407985106895673,0.8899943320749681
162,261,4,2,LMM-2,11.45,25.29813516508551,0.8330164796321787
162,261,4,4,LMM-1,12.562426869059944,28.98455759806552,0.6766815762202734
162,261,4,4,LMM-2,12.4,28.084343813075684,0.6388254119893441
162,261,4,6,LMM-1,12.49460967558835,28.981515540231868,0.5940264553623017
162,261,4,6,LMM-2,12.216666666666667,27.479739076912246,0.5280932739401469
162,261,4,8,LMM-1,12.610839028583879,29.214865735769155,0.4547490865408067
162,261,4,8,LMM-2,11.9875,27.100977680409404,0.442744203007884
162,261,6,2,LMM-1,10.334361842030697,23.584471259408033,0.9865087750437063
162,261,6,2,LMM-2,10.3,21.748822429206786,0.8509913193601626
162,261,6,4,LMM-1,9.731502890843577,21.931440159042644,0.8991304742949084
162,261,6,4,LMM-2,9.475,20.270468280949665,0.747330692748905
162,261,6,6,LMM-1,10.654439486380586,23.88197908475084,0.7087260716536259
162,261,6,6,LMM-2,10.166666666666668,21.992133599905465,0.6266747959549781
162,261,6,8,LMM-1,10.351714696422132,23.227795730064976,0.632853272741108
162,261,6,8,LMM-2,10.0125,21.778056634144217,0.5430807553048631
162,261,8,2,LMM-1,10.33508801762289,23.053726093704533,0.9870244973882096
162,261,8,2,LMM-2,9.9,20.4019194234252,0.872977424448224
162,261,8,4,LMM-1,9.460664159868028,20.99726420006906,0.9109043549936553
162,261,8,4,LMM-2,8.825,18.278480184327833,0.7859323994471136
162,261,8,6,LMM-1,9.33584142338982,21.011963369278423,0.9017947435538206
162,261,8,6,LMM-2,8.633333333333335,18.14205193303369,0.7083692812823401
162,261,8,8,LMM-1,9.450480941715707,21.360265650778203,0.8920888565660879
162,261,8,8,LMM-2,9.35,19.503741017535113,0.6064969167705819
162,261,10,2,LMM-1,10.0,21.036983935343034,0.9209554737912246
162,261,10,2,LMM-2,10.05,20.339857683201444,0.8739921814955803
162,261,10,4,LMM-1,8.808239137006888,18.694458559587986,0.8613962350496717
162,261,10,4,LMM-2,8.275,16.97224954136511,0.8239942476192974
162,261,10,6,LMM-1,8.15248506008505,17.623785639468185,0.8552666782234513
162,261,10,6,LMM-2,9.183333333333334,18.82147737858498,0.714807102165974
162,261,10,8,LMM-1,8.368065988086524,18.253765106512343,0.8486479212788229
162,261,10,8,LMM-2,9.2625,19.10336188240353,0.6240002129887491
163,262,4,2,LMM-1,12.065820359195508,27.213244521239773,0.8977114066280807
163,262,4,2,LMM-2,11.25,23.914921496288702,0.8397831648932772
163,262,4,4,LMM-1,11.451687018934155,25.488103787294875,0.7286761804999818
163,262,4,4,LMM-2,10.625,22.795407036516036,0.7226678415523841
163,262,4,6,LMM-1,11.049397761819014,24.403851606142485,0.6144234500358494
163,262,4,6,LMM-2,9.683333333333334,20.483832283748605,0.6834705762261053
163,262,4,8,LMM-1,10.516672876772951,23.25615277841473,0.5155440493054446
163,262,4,8,LMM-2,9.175,19.528212108602048,0.6188730036326086
163,262,6,2,LMM-1,10.654913559783719,23.17322306683921,0.9029384534521891
163,262,6,2,LMM-2,10.35,21.13324056857985,0.8772801159235943
163,262,6,4,LMM-1,10.034424664793216,21.862699227739224,0.8287359480026029
163,262,6,4,LMM-2,9.525,19.780846439320506,0.7697592379527102
163,262,6,6,LMM-1,9.700458242003618,21.17693568028428,0.7599802985855084
163,262,6,6,LMM-2,8.85,18.302107354304994,0.7228620869319025
163,262,6,8,LMM-1,9.52520111423339,20.70584512508575,0.6491275184872649
163,262,6,8,LMM-2,8.6625,17.988308739107097,0.6546230563239716
163,262,8,2,LMM-1,11.665488684736346,24.837113070074032,0.8993287245480828
163,262,8,2,LMM-2,10.8,21.921649497646477,0.8742015478429709
163,262,8,4,LMM-1,11.19335707329176,23.8240767999577,0.8198509136568856
163,262,8,4,LMM-2,10.4,21.31104979152738,0.7563448340623333
163,262,8,6,LMM-1,10.783191665490545,23.10731851788926,0.7484675565642691
163,262,8,6,LMM-2,10.0,20.50483692415251,0.6731716030128722
163,262,8,8,LMM-1,10.462712326202839,22.279901687128625,0.6379896284799613
163,262,8,8,LMM-2,9.1375,18.674281957140597,0.6361273122737587
163,262,10,2,LMM-1,8.906884190607064,18.23078411603187,0.9293124106640898
163,262,10,2,LMM-2,8.25,16.28143030534857,0.9101471823673064
163,262,10,4,LMM-1,8.158671500504877,16.823511653297867,0.8755673796862938
163,262,10,4,LMM-2,7.025,13.854199934563937,0.8709063476903618
163,262,10,6,LMM-1,7.869332589604717,16.21130894317833,0.8253508989585969
163,262,10,6,LMM-2,6.7333333333333325,13.266311526241264,0.8286816983289569
163,262,10,8,LMM-1,7.629677420967662,15.736289674028333,0.7361987862994108
163,262,10,8,LMM-2,6.65,13.23830088298592,0.7614106372603444
164,263,4,2,LMM-1,11.576033210776343,25.871343655983242,0.9848793537960414
164,263,4,2,LMM-2,10.8,22.119135123531255,0.8847978583900776
164,263,4,4,LMM-1,11.20669557722768,24.317255670831184,0.8268781669206868
164,263,4,4,LMM-2,10.475,21.60202342599684,0.7719570331863336
164,263,4,6,LMM-1,10.80476227859746,23.323222862949546,0.6934565905067928
164,263,4,6,LMM-2,9.983333333333334,20.67447821657892,0.6849424998530251
164,263,4,8,LMM-1,10.72867879677074,23.13908084557754,0.5765142982412648
164,263,4,8,LMM-2,9.7125,20.171052105615125,0.6140095099022289
164,263,6,2,LMM-1,10.91786382120813,23.62856903391841,0.9881718826378754
164,263,6,2,LMM-2,10.75,21.517535537218045,0.8792182274102063
164,263,6,4,LMM-1,10.945407244158627,23.32479634924257,0.9035218506921495
164,263,6,4,LMM-2,10.3,20.698970694584315,0.7844762034821386
164,263,6,6,LMM-1,10.003578655740833,21.443473438329924,0.8406264795580624
164,263,6,6,LMM-2,9.283333333333333,18.77855938202672,0.7405186668520776
164,263,6,8,LMM-1,9.644680502926047,20.598173401094378,0.722573240890301
164,263,6,8,LMM-2,9.0875,18.570413869682596,0.6656232787543279
164,263,8,2,LMM-1,10.495925696817965,22.57765053289167,0.9892639105848904
164,263,8,2,LMM-2,10.0,19.64732928337536,0.8817556266019917
164,263,8,4,LMM-1,10.334072168566884,22.092582206297845,0.9039534015260944
164,263,8,4,LMM-2,9.65,19.06279191416215,0.8016527371402917
164,263,8,6,LMM-1,9.72283147900978,20.71821151504383,0.7838283649450271
164,263,8,6,LMM-2,8.016666666666666,15.810361578821107,0.8084087335516978
164,263,8,8,LMM-1,9.63154027265847,20.46083258358151,0.7146568752601622
164,263,8,8,LMM-2,8.6375,17.377604731804734,0.6801920377473863
164,263,10,2,LMM-1,9.496307499836844,19.75193099748079,0.9921816126034108
164,263,10,2,LMM-2,9.15,17.787816318150483,0.906071690175219
164,263,10,4,LMM-1,9.336362478958979,19.32540374603984,0.919333868522499
164,263,10,4,LMM-2,8.325,16.280427838945236,0.8648345126250095
164,263,10,6,LMM-1,9.4792753863132,19.50456457931231,0.7938256087237097
164,263,10,6,LMM-2,8.383333333333333,16.62799856601409,0.7864544737023313
164,263,10,8,LMM-1,9.271241373238578,19.106118922329898,0.6855171271480709
164,263,10,8,LMM-2,8.2125,16.536026154152076,0.7209451144494047
165,264,4,2,LMM-1,14.0,29.112720244863397,0.7977219747899131
165,264,4,2,LMM-2,11.75,23.69641287467406,0.8557726328558815
165,264,4,4,LMM-1,12.269633501781502,26.200799818216137,0.7963409698312697
165,264,4,4,LMM-2,11.5,23.554209484125288,0.7282020710950184
165,264,4,6,LMM-1,11.22693851090816,24.304526302088117,0.7278859340283468
165,264,4,6,LMM-2,11.166666666666668,23.272295773290487,0.6105364840801023
165,264,4,8,LMM-1,12.045043064254738,26.120327797068448,0.5552195993679729
165,264,4,8,LMM-2,11.075,23.307304290201746,0.5406290392158299
165,264,6,2,LMM-1,13.0,26.84936739894939,0.8144282430306532
165,264,6,2,LMM-2,11.0,21.811057743878035,0.8651010077751516
165,264,6,4,LMM-1,11.518711377598326,23.75577376482374,0.7567317100066125
165,264,6,4,LMM-2,10.775,21.729564129057614,0.7471592270467807
165,264,6,6,LMM-1,11.28937801341477,24.022373337158363,0.7482811951116344
165,264,6,6,LMM-2,10.6,21.59987414709085,0.643388038186937
165,264,6,8,LMM-1,10.726421667856135,23.12261324656532,0.7390790969702203
165,264,6,8,LMM-2,10.7125,22.13901360337719,0.5268544680664294
165,264,8,2,LMM-1,10.5,21.0944829204128,0.8460535363909797
165,264,8,2,LMM-2,11.65,23.061277677469185,0.8646752108118779
165,264,8,4,LMM-1,10.706516445681746,22.76724415090977,0.8420720610948619
165,264,8,4,LMM-2,10.675,21.30910948541751,0.7631972445908127
165,264,8,6,LMM-1,10.30460051601539,21.77444541483474,0.7189686479023326
165,264,8,6,LMM-2,9.866666666666667,19.708337146586803,0.6957345373883852
165,264,8,8,LMM-1,10.403593474201255,22.430454345171476,0.7130424269553393
165,264,8,8,LMM-2,9.1875,18.504062534494103,0.6546768353708802
165,264,10,2,LMM-1,10.0,20.037912211845082,0.8667913037894595
165,264,10,2,LMM-2,8.8,17.020195977502897,0.9246706043580646
165,264,10,4,LMM-1,9.465627986448638,19.09096151501957,0.8142514565711505
165,264,10,4,LMM-2,8.55,16.54712456556023,0.8355012224415569
165,264,10,6,LMM-1,8.644048956816771,17.76607590077499,0.8117138523871299
165,264,10,6,LMM-2,8.416666666666668,16.768026833073538,0.7543272052271888
165,264,10,8,LMM-1,8.472591208130755,17.601213893113634,0.8071025403159539
165,264,10,8,LMM-2,7.975,15.878044815924856,0.711476324941815
166,265,4,2,LMM-1,11.5,24.411310894157065,0.907777179547631
166,265,4,2,LMM-2,10.05,19.98869988002566,0.8899147487164225
166,265,4,4,LMM-1,11.5,24.673866347443674,0.7385839956395419
166,265,4,4,LMM-2,10.15,20.902748504759547,0.7806873347040287
166,265,4,6,LMM-1,10.749613421186243,23.20603979218378,0.6806224145709353
166,265,4,6,LMM-2,9.35,19.284855896335866,0.7175476312562299
166,265,4,8,LMM-1,10.873855302713073,23.638660700691574,0.6105240588867793
166,265,4,8,LMM-2,9.6625,19.967127274387458,0.6296984010144843
166,265,6,2,LMM-1,11.240694594472023,23.748980390099412,0.90853407738441
166,265,6,2,LMM-2,10.8,21.750254495556995,0.8756498294543864
166,265,6,4,LMM-1,10.937984838876247,23.160610476033895,0.835093618106
166,265,6,4,LMM-2,10.05,20.232381456298207,0.784615842486083
166,265,6,6,LMM-1,10.64232862242221,22.99267076186512,0.8268156566666457
166,265,6,6,LMM-2,9.85,19.98147007659449,0.6966944852088345
166,265,6,8,LMM-1,10.408830560081029,22.56157632829066,0.7595210980822614
166,265,6,8,LMM-2,9.5375,19.32349393271441,0.6551837977773253
166,265,8,2,LMM-1,10.477972209901326,21.695936401156708,0.9203707932364488
166,265,8,2,LMM-2,10.3,20.605603932939726,0.8791022925350365
166,265,8,4,LMM-1,10.660333284856334,22.46278894276121,0.9128455659417171
166,265,8,4,LMM-2,10.075,20.26269122115652,0.790661630950429
166,265,8,6,LMM-1,9.878404477129212,21.117231350844015,0.9054317046330318
166,265,8,6,LMM-2,9.583333333333332,19.432514687443295,0.7050355126608205
166,265,8,8,LMM-1,9.967412735430282,21.321607745486055,0.8200440531238644
166,265,8,8,LMM-2,9.65,19.6981991252651,0.6166479706887837
166,265,10,2,LMM-1,9.5,18.972080892178926,0.9324329186007958
166,265,10,2,LMM-2,10.25,20.121836084575904,0.8969994225848703
166,265,10,4,LMM-1,9.26179238279239,18.971487901859497,0.927551288283914
166,265,10,4,LMM-2,9.175,17.961732264352825,0.8156122813802806
166,265,10,6,LMM-1,9.003084029115051,18.60006201570243,0.9222936903437459
166,265,10,6,LMM-2,9.066666666666666,17.699052653376167,0.7506512599847374
166,265,10,8,LMM-1,9.34730853090238,19.40432585530645,0.817224118831468
166,265,10,8,LMM-2,9.0875,18.07470719481236,0.6617913107599286
167,266,4,2,LMM-1,12.3534583993161,28.690035947526997,0.8837858212825545
167,266,4,2,LMM-2,13.3,28.67910659428555,0.8007082108421525
167,266,4,4,LMM-1,12.345561550721388,27.43460719476398,0.7160046205689043
167,266,4,4,LMM-2,12.225,25.902325771244456,0.6958799768023715
167,266,4,6,LMM-1,12.116049184387467,26.298521559447437,0.5964240677661145
167,266,4,6,LMM-2,11.783333333333335,24.769441306401927,0.6139412425772096
167,266,4,8,LMM-1,11.837081224095458,25.414616756397553,0.4989537578409295
167,266,4,8,LMM-2,11.675,24.383741362549518,0.5314141811691808
167,266,6,2,LMM-1,11.0,22.753869375071382,0.8313733296498527
167,266,6,2,LMM-2,10.3,20.768718269244037,0.8704090048398723
167,266,6,4,LMM-1,10.75,22.29709278534136,0.6954756918519286
167,266,6,4,LMM-2,9.9,19.92099936517289,0.7841142342738998
167,266,6,6,LMM-1,10.333333333333334,21.58965566958357,0.5876063220567186
167,266,6,6,LMM-2,8.866666666666667,17.826654857793113,0.7553417760045495
167,266,6,8,LMM-1,10.125,21.281288705872164,0.5326478995080369
167,266,6,8,LMM-2,8.7,17.613347410639598,0.6794610417534894
167,266,8,2,LMM-1,9.0,17.830704501894843,0.8758308900888545
167,266,8,2,LMM-2,6.85,13.1334011414181,0.9334953951833409
167,266,8,4,LMM-1,8.75,17.37414780935216,0.7718364395240204
167,266,8,4,LMM-2,7.025,13.554975494371112,0.8773162484496432
167,266,8,6,LMM-1,8.333333333333334,16.667077188906603,0.686972459808793
167,266,8,6,LMM-2,7.216666666666667,14.167332105565606,0.820653054435103
167,266,8,8,LMM-1,8.367955588393249,16.982730171648097,0.6382927837739273
167,266,8,8,LMM-2,7.2625,14.441600137444198,0.7496425249517144
167,266,10,2,LMM-1,9.0,17.575501208023578,0.8785932972826627
167,266,10,2,LMM-2,6.6,12.455128266419772,0.9541395872733478
167,266,10,4,LMM-1,8.75,17.118946202774033,0.7767136612158212
167,266,10,4,LMM-2,7.3,14.011353160413847,0.8991736545360206
167,266,10,6,LMM-1,8.333333333333334,16.411878394483693,0.693495685380459
167,266,10,6,LMM-2,6.583333333333333,12.77764853427321,0.8709871043674374
167,266,10,8,LMM-1,8.108349388873675,16.090419084473194,0.6469042524799934
167,266,10,8,LMM-2,6.4875,12.677347959686326,0.8319529074526614
168,267,4,2,LMM-1,13.0,27.165242732052832,0.8012150370420843
168,267,4,2,LMM-2,12.7,25.965141431874876,0.8653952918055883
168,267,4,4,LMM-1,12.5,26.79146605127943,0.7219925077286697
168,267,4,4,LMM-2,12.025,24.817204345281016,0.7488159571766243
168,267,4,6,LMM-1,11.915557225417988,26.35062602118096,0.7138756288202313
168,267,4,6,LMM-2,11.616666666666667,24.060388244808077,0.6527968121940189
168,267,4,8,LMM-1,11.514890749476141,25.623819313590445,0.6474307462723955
168,267,4,8,LMM-2,11.2625,23.37267883401443,0.5778725802714428
168,267,6,2,LMM-1,12.0,24.307496060552815,0.8359041897841719
168,267,6,2,LMM-2,11.3,22.535431171281203,0.8700921405270794
168,267,6,4,LMM-1,11.310447787539502,23.65851169788025,0.7605898209096075
168,267,6,4,LMM-2,10.875,22.04905179206601,0.7531935457442052
168,267,6,6,LMM-1,10.678503280728357,22.42676895793526,0.6435266634916162
168,267,6,6,LMM-2,10.266666666666666,21.119188314445527,0.6566861291589762
168,267,6,8,LMM-1,10.031528386531772,21.34943109009472,0.5936811977667162
168,267,6,8,LMM-2,9.9375,20.54380913856127,0.5904939721688269
168,267,8,2,LMM-1,10.5,20.863243366099834,0.8586721777258223
168,267,8,2,LMM-2,8.5,16.637278462074356,0.9247061272743956
168,267,8,4,LMM-1,10.497036458272282,20.937656222150025,0.7948808753914142
168,267,8,4,LMM-2,9.725,18.74224851423607,0.8371708121140436
168,267,8,6,LMM-1,9.803576902729104,19.962545050595207,0.737230630274345
168,267,8,6,LMM-2,9.45,18.319495368597224,0.7701564095068434
168,267,8,8,LMM-1,9.692478455334395,20.094032337504167,0.7306101151212078
168,267,8,8,LMM-2,9.525,18.654399901498117,0.6839967489197838
168,267,10,2,LMM-1,9.5,18.746658267112483,0.8743356154838441
168,267,10,2,LMM-2,8.8,16.639751369739606,0.9385221657191518
168,267,10,4,LMM-1,9.23480991829742,18.276551157381917,0.8261819491227772
168,267,10,4,LMM-2,8.45,16.240662864234697,0.874414990802839
168,267,10,6,LMM-1,9.174747644436668,18.330817418114485,0.7645792873909865
168,267,10,6,LMM-2,8.316666666666666,16.039018651939962,0.7950367177281852
168,267,10,8,LMM-1,8.995497145753095,18.2195928528416,0.759709505485595
168,267,10,8,LMM-2,7.7125,14.980424698176762,0.7587469477376978
169,268,4,2,LMM-1,12.5,26.532626566351116,0.8110888056334279
169,268,4,2,LMM-2,11.85,24.98069849939314,0.8349583376758891
169,268,4,4,LMM-1,11.75,24.796314402670802,0.6767544379288163
169,268,4,4,LMM-2,10.4,21.559335102803626,0.7597993291556705
169,268,4,6,LMM-1,11.166666666666666,23.626742807537855,0.5699900758015481
169,268,4,6,LMM-2,9.633333333333333,19.960318880237317,0.7083084269208969
169,268,4,8,LMM-1,10.75,22.92646732002592,0.4778123691257453
169,268,4,8,LMM-2,9.1,18.98344217041634,0.6532361782432984
169,268,6,2,LMM-1,11.5,23.898327852095875,0.8282487234863931
169,268,6,2,LMM-2,10.7,21.610676806401962,0.8822471809421499
169,268,6,4,LMM-1,11.037236627405262,23.467972130776072,0.7544235411420702
169,268,6,4,LMM-2,10.1,20.316341405266584,0.7993823171978452
169,268,6,6,LMM-1,10.52504916504347,22.74739067045312,0.6924712070826831
169,268,6,6,LMM-2,10.166666666666668,20.901768176501893,0.6802911186088656
169,268,6,8,LMM-1,10.393687837327523,22.549444401604113,0.5729184195912412
169,268,6,8,LMM-2,10.1,20.918723659780337,0.5902574718783549
169,268,8,2,LMM-1,11.5,23.898327852095875,0.8282487234863931
169,268,8,2,LMM-2,10.7,21.6827689100182,0.8625970044348577
169,268,8,4,LMM-1,11.5,23.64612629019603,0.6935722677628309
169,268,8,4,LMM-2,10.875,22.019076505219672,0.7621017360821101
169,268,8,6,LMM-1,10.85823318782492,22.971176269831048,0.6888792115145846
169,268,8,6,LMM-2,10.4,21.295351010785037,0.6597939332519316
169,268,8,8,LMM-1,10.669747789364232,22.941151376694325,0.683139327369338
169,268,8,8,LMM-2,10.1375,20.754936550561904,0.586104237672423
169,268,10,2,LMM-1,10.5,20.98630716419725,0.8569419365705843
169,268,10,2,LMM-2,9.75,19.079611764930522,0.8948958230936249
169,268,10,4,LMM-1,9.75,19.453012129209224,0.7505061285866554
169,268,10,4,LMM-2,8.7,17.011925382010737,0.8271345076252807
169,268,10,6,LMM-1,9.336812006266907,19.1232062155714,0.7496257998586042
169,268,10,6,LMM-2,8.933333333333334,17.6434890240131,0.7275207747906792
169,268,10,8,LMM-1,8.946910880171522,18.589580190275427,0.7456142429030931
169,268,10,8,LMM-2,8.1125,15.957184584246793,0.7186021290339913
170,269,4,2,LMM-1,13.5,29.511363096431516,0.7824166698967139
170,269,4,2,LMM-2,12.65,27.28774382476264,0.8235544724008479
170,269,4,4,LMM-1,13.0,28.585576062193276,0.6196773560335724
170,269,4,4,LMM-2,11.925,25.83266301413763,0.6982820819991183
170,269,4,6,LMM-1,12.666666666666666,28.025286753096122,0.4915594934901682
170,269,4,6,LMM-2,11.483333333333333,24.99949974503751,0.5983826390942371
170,269,4,8,LMM-1,12.375,27.45017323092378,0.39335588473262295
170,269,4,8,LMM-2,11.0875,24.181674336566346,0.5207017337466469
170,269,6,2,LMM-1,12.0,25.048853541340854,0.8201085595583277
170,269,6,2,LMM-2,11.3,23.299322563047475,0.863421273155583
170,269,6,4,LMM-1,12.5,26.54051845934427,0.6466210784433064
170,269,6,4,LMM-2,11.875,25.010946902999734,0.7131958522485915
170,269,6,6,LMM-1,12.121690159536985,25.95666761367911,0.590875004827572
170,269,6,6,LMM-2,11.566666666666666,24.205778808539513,0.615218609971092
170,269,6,8,LMM-1,11.84147922271339,25.44551707070431,0.4819464837122095
170,269,6,8,LMM-2,11.25,23.71277024567806,0.5336431291750284
170,269,8,2,LMM-1,11.462866406881314,24.076016454074644,0.9115921105823661
170,269,8,2,LMM-2,11.15,22.575430865471564,0.8595696548626297
170,269,8,4,LMM-1,10.98207427196827,23.154852848031098,0.7611113836749637
170,269,8,4,LMM-2,9.95,20.51018785218053,0.78001893166175
170,269,8,6,LMM-1,11.488128716131353,24.443827391620097,0.6069878060767526
170,269,8,6,LMM-2,10.55,22.08486222432902,0.6498983436102111
170,269,8,8,LMM-1,11.49111310388695,24.525213609681618,0.4941059871023136
170,269,8,8,LMM-2,10.625,22.369420456080764,0.5532420089791665
170,269,10,2,LMM-1,9.5,19.374249765252017,0.9265080888980105
170,269,10,2,LMM-2,8.55,16.87690159736888,0.9266092389919336
170,269,10,4,LMM-1,9.028282077042373,18.816205620077234,0.9200547134247226
170,269,10,4,LMM-2,8.875,17.33239191150216,0.8624948584563213
170,269,10,6,LMM-1,8.80345447121949,18.4233990496926,0.8502993603535247
170,269,10,6,LMM-2,8.25,16.323924507687703,0.807832061881555
170,269,10,8,LMM-1,8.439046453163675,17.856509066775445,0.8449276931476453
170,269,10,8,LMM-2,7.9875,15.908062822358044,0.7584733781212708
171,270,4,2,LMM-1,18.5,40.235969064745326,0.7146821276456754
171,270,4,2,LMM-2,14.9,31.863762878572725,0.7909317790654374
171,270,4,4,LMM-1,16.75,36.04220711985044,0.5514874213704559
171,270,4,4,LMM-2,12.625,26.472768890938823,0.7067237485341185
171,270,4,6,LMM-1,15.666666666666666,33.59147810008851,0.43542681599860134
171,270,4,6,LMM-2,12.366666666666665,25.924483037244396,0.5971745369077508
171,270,4,8,LMM-1,14.875,31.698274716486726,0.3527374531524211
171,270,4,8,LMM-2,11.0625,22.945371614028925,0.5648903959379735
171,270,6,2,LMM-1,17.5,37.62706480895853,0.7321405070949331
171,270,6,2,LMM-2,14.3,30.33623367819261,0.8017810846595177
171,270,6,4,LMM-1,15.75,33.43419166472362,0.5787364109184246
171,270,6,4,LMM-2,12.125,25.213942172547835,0.7206248370008443
171,270,6,6,LMM-1,14.666666666666666,30.984012854894047,0.4680757680722115
171,270,6,6,LMM-2,10.633333333333333,21.906446861382463,0.6732329357278097
171,270,6,8,LMM-1,13.875,29.091211547781295,0.38842120439875855
171,270,6,8,LMM-2,9.95,20.288080048265392,0.6358222226935805
171,270,8,2,LMM-1,17.5,37.62706480895853,0.7321405070949331
171,270,8,2,LMM-2,14.3,30.33623367819261,0.8017810846595177
171,270,8,4,LMM-1,15.75,33.43419166472362,0.5787364109184246
171,270,8,4,LMM-2,12.125,25.213942172547835,0.7206248370008443
171,270,8,6,LMM-1,14.666666666666666,30.984012854894047,0.4680757680722115
171,270,8,6,LMM-2,10.633333333333333,21.906446861382463,0.6732329357278097
171,270,8,8,LMM-1,13.625,28.41931320683447,0.40021177291234195
171,270,8,8,LMM-2,10.35,21.16592432249896,0.601003265913683
171,270,10,2,LMM-1,8.662818002886345,17.976481521438,0.9330849177448567
171,270,10,2,LMM-2,9.0,18.061236141106686,0.891599041061448
171,270,10,4,LMM-1,8.762654984782339,18.219328400154815,0.8727524104784086
171,270,10,4,LMM-2,8.775,17.491667407204066,0.8091900736030281
171,270,10,6,LMM-1,8.901924706347156,18.748212300986957,0.8665513153510384
171,270,10,6,LMM-2,8.816666666666666,17.840955641849963,0.727575874454729
171,270,10,8,LMM-1,9.297418815166605,19.55097077180039,0.7720142867222868
171,270,10,8,LMM-2,8.8625,18.09226568902863,0.6492179396700514
172,271,4,2,LMM-1,10.5,21.776301457716123,0.843682077121467
172,271,4,2,LMM-2,10.0,20.3518674561129,0.8900931593093502
172,271,4,4,LMM-1,11.644529925761077,24.980429202722128,0.7355750094426811
172,271,4,4,LMM-2,11.1,23.031693143558904,0.7529822494581175
172,271,4,6,LMM-1,11.664890691632783,25.27490843841954,0.6482991999994836
172,271,4,6,LMM-2,10.983333333333333,22.997777237702294,0.655430125560256
172,271,4,8,LMM-1,11.315383131795958,24.966184990996137,0.6439533860648632
172,271,4,8,LMM-2,10.675,22.373686812227724,0.5847345672653578
172,271,6,2,LMM-1,10.0,20.837508862597264,0.849391249366288
172,271,6,2,LMM-2,9.0,18.277101941200417,0.8991433821561211
172,271,6,4,LMM-1,9.491722645531397,20.33100053537751,0.8465859078087069
172,271,6,4,LMM-2,9.3,19.024828297546627,0.7888058057174373
172,271,6,6,LMM-1,9.30713333106559,20.263643610447712,0.8402301563895126
172,271,6,6,LMM-2,8.733333333333333,17.852051451616813,0.7239693179069973
172,271,6,8,LMM-1,9.276406130533037,20.3812292420922,0.8328250813993348
172,271,6,8,LMM-2,8.525,17.408710104004346,0.6787674300854093
172,271,8,2,LMM-1,9.619817063027034,19.950086641576398,0.9271576364418589
172,271,8,2,LMM-2,9.5,18.824003775905815,0.8891865637204258
172,271,8,4,LMM-1,9.626032461630329,20.206542013105853,0.9209393463011878
172,271,8,4,LMM-2,8.775,17.53352941587625,0.8300110760371279
172,271,8,6,LMM-1,9.174052468063342,19.565199868231264,0.9140426614074357
172,271,8,6,LMM-2,8.35,17.026768434393084,0.7443429213026695
172,271,8,8,LMM-1,9.486806616236283,20.219852994844402,0.8218567778470017
172,271,8,8,LMM-2,8.475,17.28939334762529,0.6704976280980827
172,271,10,2,LMM-1,9.932694812093008,20.33755016895356,0.9333802284122331
172,271,10,2,LMM-2,9.55,18.721853113320304,0.9023725075654545
172,271,10,4,LMM-1,9.186679526746527,19.23786318714692,0.9271182865862733
172,271,10,4,LMM-2,8.475,16.804658010045625,0.8420734824817778
172,271,10,6,LMM-1,8.628899900131149,18.33323486585459,0.9215225600188806
172,271,10,6,LMM-2,8.366666666666667,16.72575472986138,0.7636891249951392
172,271,10,8,LMM-1,8.613763047069446,18.323856955692712,0.9153094815236512
172,271,10,8,LMM-2,8.3625,16.767969174405344,0.6890379752867906
173,272,4,2,LMM-1,14.0,31.04301428786747,0.7680561115171478
173,272,4,2,LMM-2,13.4,29.11808063613512,0.8084170737772982
173,272,4,4,LMM-1,13.0,29.332589557787326,0.6022489338380613
173,272,4,4,LMM-2,12.175,26.617960803944765,0.6790800779360089
173,272,4,6,LMM-1,11.833333333333334,25.976936185549924,0.5228882842962683
173,272,4,6,LMM-2,11.35,24.671425501693086,0.5883757459618024
173,272,4,8,LMM-1,11.125,24.527573832888653,0.44202556371165863
173,272,4,8,LMM-2,10.5125,22.836725961004785,0.535199299650594
173,272,6,2,LMM-1,13.0,26.42277977362362,0.8145851771101075
173,272,6,2,LMM-2,12.25,24.480233999202024,0.8665610259640498
173,272,6,4,LMM-1,12.0,24.713218844188027,0.6774091627487773
173,272,6,4,LMM-2,11.3,22.90532416114513,0.7613518083384299
173,272,6,6,LMM-1,11.334331735545181,24.585700793558324,0.6722303480962835
173,272,6,6,LMM-2,10.783333333333335,21.99227672286231,0.686153176889383
173,272,6,8,LMM-1,10.646311849665807,23.383665050284826,0.6236855097209479
173,272,6,8,LMM-2,9.9625,20.444405130593008,0.6341753888659518
173,272,8,2,LMM-1,13.0,25.09176567412809,0.835277260723595
173,272,8,2,LMM-2,12.2,23.389337758609592,0.8561576193324545
173,272,8,4,LMM-1,12.0,23.382370288784337,0.7122650764174986
173,272,8,4,LMM-2,11.15,21.58236234973254,0.7528600734144932
173,272,8,6,LMM-1,11.445260346166382,23.359506802582644,0.7072949922519818
173,272,8,6,LMM-2,10.383333333333333,20.26014616236217,0.689263611549191
173,272,8,8,LMM-1,10.71970983237427,22.135219638120653,0.6640826514857338
173,272,8,8,LMM-2,9.3875,18.310908421767845,0.6653819063138482
173,272,10,2,LMM-1,13.0,25.09176567412809,0.835277260723595
173,272,10,2,LMM-2,12.2,23.389337758609592,0.8561576193324545
173,272,10,4,LMM-1,11.5,22.356941927487696,0.7239468879207634
173,272,10,4,LMM-2,10.35,19.962168115205476,0.7826343773584815
173,272,10,6,LMM-1,10.721163743944938,21.250472489143732,0.6732677532527825
173,272,10,6,LMM-2,9.466666666666667,18.410099026614795,0.7291662256441472
173,272,10,8,LMM-1,9.926120095549827,20.12520736442476,0.6728317309373668
173,272,10,8,LMM-2,8.9375,17.4506266807542,0.6770290727498447
174,273,4,2,LMM-1,13.5,30.113266706702127,0.7688259619227387
174,273,4,2,LMM-2,12.55,27.78242305086415,0.8003341222884938
174,273,4,4,LMM-1,13.25,28.844783682737972,0.6169443377230401
174,273,4,4,LMM-2,12.5,27.092043126192628,0.6700293316078936
174,273,4,6,LMM-1,12.833333333333334,27.927109422273382,0.49355758075609224
174,273,4,6,LMM-2,12.166666666666668,26.47105946251467,0.5444761680625125
174,273,4,8,LMM-1,12.5,27.03255991332552,0.40432422666999096
174,273,4,8,LMM-2,11.5625,24.86340116593272,0.49930252174540435
174,273,6,2,LMM-1,11.5,23.31876005956292,0.8322416691924642
174,273,6,2,LMM-2,10.1,19.77400549441484,0.9003310313370745
174,273,6,4,LMM-1,11.75,24.478625888891145,0.6709359985012974
174,273,6,4,LMM-2,10.475,21.167522389364912,0.7875578817691846
174,273,6,6,LMM-1,11.01288119551226,23.296101921558513,0.6176635414811323
174,273,6,6,LMM-2,10.083333333333332,20.563973360102615,0.698540297580913
174,273,6,8,LMM-1,10.405887327141354,22.453021552293528,0.6137384127833269
174,273,6,8,LMM-2,9.85,20.17395760953815,0.6261566941956458
174,273,8,2,LMM-1,11.5,23.27041185377306,0.9151930063568112
174,273,8,2,LMM-2,10.8,20.689214756311166,0.8806571763576265
174,273,8,4,LMM-1,10.943917918708205,22.803560917444518,0.9054743983733073
174,273,8,4,LMM-2,10.05,19.38414082892728,0.7963162804798546
174,273,8,6,LMM-1,10.47605330717705,22.237092895107445,0.8976265963374755
174,273,8,6,LMM-2,9.733333333333333,19.113296391218828,0.7191995026677216
174,273,8,8,LMM-1,9.891456411403384,21.2659697238502,0.8909192609999949
174,273,8,8,LMM-2,9.2,18.432986456595355,0.6505736151058971
174,273,10,2,LMM-1,10.877356585029561,21.631115358673163,0.9249785835983999
174,273,10,2,LMM-2,10.2,19.32450850337333,0.8938716890691462
174,273,10,4,LMM-1,9.586594077707238,19.672905046438842,0.9184884344557066
174,273,10,4,LMM-2,9.35,17.77625940369629,0.8240950366338844
174,273,10,6,LMM-1,9.407576374903716,19.45358946033988,0.9123101961881612
174,273,10,6,LMM-2,8.966666666666667,17.290417056873792,0.7541775773313053
174,273,10,8,LMM-1,8.960388545012162,18.50745326860516,0.8523177249161517
174,273,10,8,LMM-2,8.525,16.627126966548683,0.7092834976002516
175,274,4,2,LMM-1,11.5,24.095662643032107,0.8291589365886939
175,274,4,2,LMM-2,11.0,22.699224732475393,0.8678615481583141
175,274,4,4,LMM-1,11.0,24.261980625988734,0.8253807004293557
175,274,4,4,LMM-2,10.5,21.873988318821056,0.7547600421534911
175,274,4,6,LMM-1,10.652104181074536,23.723297224790265,0.7563077995410082
175,274,4,6,LMM-2,10.016666666666667,21.103918011466117,0.6818479154446786
175,274,4,8,LMM-1,10.489137844136248,23.33514473331322,0.6237289957347897
175,274,4,8,LMM-2,9.8375,20.931648218962632,0.596377115759294
175,274,6,2,LMM-1,11.5,24.095662643032107,0.8291589365886939
175,274,6,2,LMM-2,10.35,21.255188235776345,0.8833438770520161
175,274,6,4,LMM-1,10.789995129796388,23.435532980350168,0.8267785430113817
175,274,6,4,LMM-2,10.325,21.338606861892792,0.7680669276714458
175,274,6,6,LMM-1,10.789949912178319,23.35792955395336,0.7468383626938946
175,274,6,6,LMM-2,10.383333333333333,21.485386759656457,0.6776955460058022
175,274,6,8,LMM-1,10.662569783238512,23.26668092096964,0.6806693182022855
175,274,6,8,LMM-2,10.2125,21.166291069991548,0.6044426987304952
175,274,8,2,LMM-1,10.0,20.504579400693814,0.8567274458962387
175,274,8,2,LMM-2,9.3,18.778482499449755,0.9081820357790245
175,274,8,4,LMM-1,9.732627344217695,20.799882185118598,0.8476910750995511
175,274,8,4,LMM-2,9.3,18.979410252863943,0.817983175101231
175,274,8,6,LMM-1,9.9639987317809,21.294263578957416,0.7727494965368442
175,274,8,6,LMM-2,9.316666666666666,19.041387338657177,0.7275410487228882
175,274,8,8,LMM-1,9.673419420065725,20.828638171605874,0.721010683853602
175,274,8,8,LMM-2,8.8625,18.156456058819714,0.6745859262462529
175,274,10,2,LMM-1,9.5,18.852718508541773,0.8723185834170181
175,274,10,2,LMM-2,8.5,16.57836859461016,0.9176826952162592
175,274,10,4,LMM-1,9.0,18.769894485886503,0.871080299383366
175,274,10,4,LMM-2,8.625,17.11962869405004,0.8323468311354615
175,274,10,6,LMM-1,8.655101673384246,18.14427861537603,0.8203224908568878
175,274,10,6,LMM-2,7.85,15.693442967960275,0.7718353698989231
175,274,10,8,LMM-1,8.931930795863114,18.82592234098114,0.7558393569253175
175,274,10,8,LMM-2,7.8375,15.807295223682411,0.7215747603486604
176,275,4,2,LMM-1,14.0,31.774929514851,0.7542492884118488
176,275,4,2,LMM-2,13.35,29.937860341940496,0.7985797641008849
176,275,4,4,LMM-1,13.5,30.02779281455333,0.5946556420537603
176,275,4,4,LMM-2,12.475,27.233611584292085,0.6855673910614157
176,275,4,6,LMM-1,13.166666666666666,28.96162703028789,0.47821533376347647
176,275,4,6,LMM-2,11.25,24.016398269265245,0.644988057381009
176,275,4,8,LMM-1,12.875,28.247619284127932,0.3846994721389114
176,275,4,8,LMM-2,11.025,23.47191039507522,0.5707819645923775
176,275,6,2,LMM-1,11.622846962538407,25.0193202396842,0.8982748455549135
176,275,6,2,LMM-2,11.4,23.31554638434339,0.8466312866108661
176,275,6,4,LMM-1,10.976942426366076,23.99333317342897,0.8180445497683024
176,275,6,4,LMM-2,10.675,22.36099484356446,0.7397055656815721
176,275,6,6,LMM-1,10.651021144099081,23.129907059746944,0.6835176394354642
176,275,6,6,LMM-2,10.266666666666667,21.66335605076166,0.6441571043319981
176,275,6,8,LMM-1,10.467227281223916,22.557174602541505,0.5763125421804587
176,275,6,8,LMM-2,10.1,21.325608937218924,0.559153958077427
176,275,8,2,LMM-1,11.0,22.312139364725205,0.9194038722484377
176,275,8,2,LMM-2,10.6,21.015118182611594,0.857302919012039
176,275,8,4,LMM-1,10.25,21.070416727961994,0.8557557381161554
176,275,8,4,LMM-2,9.2,18.326798170829715,0.7802991697966182
176,275,8,6,LMM-1,10.0,20.398614681204695,0.7400011348519483
176,275,8,6,LMM-2,8.733333333333333,17.31356734928775,0.7278764915515241
176,275,8,8,LMM-1,9.429706763329364,19.415849759976393,0.6929868911893516
176,275,8,8,LMM-2,8.6125,17.065225543676608,0.668492670421046
176,275,10,2,LMM-1,11.0,22.312139364725205,0.9194038722484377
176,275,10,2,LMM-2,10.05,19.714535664308663,0.8770989152432254
176,275,10,4,LMM-1,10.5,21.541200785161347,0.8475924862469121
176,275,10,4,LMM-2,9.4,18.781323995231258,0.7900843274598418
176,275,10,6,LMM-1,10.0,20.398614681204695,0.7400011348519484
176,275,10,6,LMM-2,8.433333333333334,16.69492254074691,0.745157606877011
176,275,10,8,LMM-1,9.429706763329364,19.415849759976393,0.6929868911893515
176,275,10,8,LMM-2,8.5,16.8127058594852,0.6782060798424145
177,276,4,2,LMM-1,16.0,33.15994279132912,0.7697046898041912
177,276,4,2,LMM-2,14.65,29.85435400706954,0.8057549231621002
177,276,4,4,LMM-1,14.0,29.22483955764357,0.6271954909312951
177,276,4,4,LMM-2,12.15,24.915860922027775,0.7031120007261212
177,276,4,6,LMM-1,13.333333333333334,27.69761957532952,0.5198057659881783
177,276,4,6,LMM-2,11.966666666666667,24.606781305923267,0.5927164889482468
177,276,4,8,LMM-1,12.75,26.627970630754373,0.4327275936553474
177,276,4,8,LMM-2,11.425,23.67545006819274,0.5196782676496199
177,276,6,2,LMM-1,15.0,30.479269837528555,0.7918625516238782
177,276,6,2,LMM-2,13.4,26.608085023598345,0.8419739203258718
177,276,6,4,LMM-1,13.0,26.54507619237439,0.6637991274587238
177,276,6,4,LMM-2,11.1,22.159323600304425,0.756293338742886
177,276,6,6,LMM-1,12.0,24.339723474619884,0.5739958431128656
177,276,6,6,LMM-2,10.533333333333333,21.02175559461113,0.6728775710473383
177,276,6,8,LMM-1,11.0,22.380080280845128,0.5072312624972445
177,276,6,8,LMM-2,9.4625,18.971310214685715,0.6420460006860471
177,276,8,2,LMM-1,14.0,28.159446569694257,0.8094757400754042
177,276,8,2,LMM-2,13.5,26.85796940229445,0.8369565250577414
177,276,8,4,LMM-1,12.0,24.225876166780488,0.6936332015490189
177,276,8,4,LMM-2,11.9,23.801704209441883,0.7271344689033366
177,276,8,6,LMM-1,10.833333333333334,21.88936241825371,0.610319266961427
177,276,8,6,LMM-2,10.333333333333332,20.773824189454494,0.6721752244857876
177,276,8,8,LMM-1,10.375,20.960607316553805,0.5345548129879217
177,276,8,8,LMM-2,9.65,19.370901738031193,0.6313223511511051
177,276,10,2,LMM-1,14.0,27.780421952882033,0.8152123628798617
177,276,10,2,LMM-2,11.5,22.120516216762717,0.8830628012156991
177,276,10,4,LMM-1,12.0,23.84714882486308,0.7034934651424007
177,276,10,4,LMM-2,9.625,18.632571281394753,0.8161089482083164
177,276,10,6,LMM-1,10.833333333333334,21.426816039693737,0.6261705040682577
177,276,10,6,LMM-2,9.0,17.444842687987162,0.7682737871534787
177,276,10,8,LMM-1,9.75,19.432567146354994,0.6001327552984859
177,276,10,8,LMM-2,7.95,15.424386804355786,0.7459888136960448
178,277,4,2,LMM-1,18.0,38.665408228286225,0.7253354044642409
178,277,4,2,LMM-2,12.5,25.690314116815,0.8469852486783337
178,277,4,4,LMM-1,17.25,36.65821826393721,0.5510384367621048
178,277,4,4,LMM-2,14.3,29.691782439623694,0.6583671700254394
178,277,4,6,LMM-1,16.833333333333332,35.81026955408761,0.4181466903880322
178,277,4,6,LMM-2,14.733333333333334,30.88022962578476,0.5094536573644805
178,277,4,8,LMM-1,16.375,34.979350080234504,0.31938649220116905
178,277,4,8,LMM-2,13.75,28.803844364863608,0.4418258601586712
178,277,6,2,LMM-1,16.0,33.84154620606698,0.7616392419352761
178,277,6,2,LMM-2,11.6,23.58607572828173,0.8635790896743465
178,277,6,4,LMM-1,15.25,31.834928694467568,0.6075602589651817
178,277,6,4,LMM-2,12.075,24.364729982912586,0.7446076685421261
178,277,6,6,LMM-1,14.833333333333334,30.987298013923304,0.48409214562678526
178,277,6,6,LMM-2,12.033333333333335,24.387842112612407,0.6408362369655236
178,277,6,8,LMM-1,14.375,30.156728372306066,0.3882384450897632
178,277,6,8,LMM-2,11.25,22.811243382033688,0.586836765080504
178,277,8,2,LMM-1,14.0,28.915756170802513,0.7860088665624605
178,277,8,2,LMM-2,11.8,23.80581875141113,0.8489845926547511
178,277,8,4,LMM-1,13.25,26.909626399682463,0.6470484502126818
178,277,8,4,LMM-2,11.6,22.902577248193662,0.7629740779064687
178,277,8,6,LMM-1,12.833333333333334,26.062266686071183,0.5320370887179708
178,277,8,6,LMM-2,12.383333333333335,24.719939926336448,0.6279133856362158
178,277,8,8,LMM-1,12.375,25.23199510808022,0.4403246348183087
178,277,8,8,LMM-2,10.975,21.823803810300955,0.5963119425455454
178,277,10,2,LMM-1,13.0,26.73263743526479,0.8086261693343874
178,277,10,2,LMM-2,10.25,20.480990137140047,0.8844890557042454
178,277,10,4,LMM-1,12.25,24.72684833270692,0.6848066221699913
178,277,10,4,LMM-2,10.5,20.790832370621068,0.7803426064809491
178,277,10,6,LMM-1,11.833333333333334,23.879677879407957,0.579268789666046
178,277,10,6,LMM-2,10.166666666666668,20.135358756901404,0.7028232681568494
178,277,10,8,LMM-1,11.375,23.049614487760554,0.49318700590581815
178,277,10,8,LMM-2,9.7625,19.334474070642937,0.6444876401550911
179,278,4,2,LMM-1,16.0,32.35092758622615,0.789151797989086
179,278,4,2,LMM-2,13.05,25.900833131178437,0.8495706127101812
179,278,4,4,LMM-1,15.25,30.94223616722986,0.634572589850631
179,278,4,4,LMM-2,12.475,24.751921311287177,0.7526426652046878
179,278,4,6,LMM-1,14.333333333333334,29.318653208804058,0.5178203519736171
179,278,4,6,LMM-2,11.85,23.82044684821412,0.663234451586573
179,278,4,8,LMM-1,13.625,28.173042574292538,0.42569790117581235
179,278,4,8,LMM-2,11.2375,22.943259174064416,0.587506574028213
179,278,6,2,LMM-1,16.0,32.35092758622615,0.789151797989086
179,278,6,2,LMM-2,13.05,25.900833131178437,0.8495706127101812
179,278,6,4,LMM-1,15.25,30.94223616722986,0.634572589850631
179,278,6,4,LMM-2,12.475,24.751921311287177,0.7526426652046878
179,278,6,6,LMM-1,14.333333333333334,29.318653208804058,0.5178203519736171
179,278,6,6,LMM-2,11.85,23.82044684821412,0.663234451586573
179,278,6,8,LMM-1,13.375,27.595140116308556,0.43284455299545943
179,278,6,8,LMM-2,11.025,22.391570252396043,0.6036923271543227
179,278,8,2,LMM-1,16.0,32.35092758622615,0.789151797989086
179,278,8,2,LMM-2,13.05,25.900833131178437,0.8495706127101812
179,278,8,4,LMM-1,15.25,30.94223616722986,0.634572589850631
179,278,8,4,LMM-2,12.475,24.751921311287177,0.7526426652046878
179,278,8,6,LMM-1,14.333333333333334,29.318653208804058,0.5178203519736171
179,278,8,6,LMM-2,11.85,23.82044684821412,0.663234451586573
179,278,8,8,LMM-1,13.375,27.595140116308556,0.43284455299545943
179,278,8,8,LMM-2,10.9125,22.101972236138977,0.6043983010898544
179,278,10,2,LMM-1,14.0,28.11000089028106,0.8176252740231937
179,278,10,2,LMM-2,11.85,23.409252846177434,0.8666160745608066
179,278,10,4,LMM-1,13.25,26.701805970615915,0.6811711805148639
179,278,10,4,LMM-2,11.525,22.79894377028446,0.7741187004494379
179,278,10,6,LMM-1,13.0,26.388186372570534,0.5596682254564648
179,278,10,6,LMM-2,11.216666666666667,22.463407320642713,0.6846887685713717
179,278,10,8,LMM-1,12.375,25.358743109059358,0.469417158570076
179,278,10,8,LMM-2,10.3625,20.91941552266874,0.635678525777849
180,279,4,2,LMM-1,12.0,25.80608867239972,0.8100882750724312
180,279,4,2,LMM-2,11.6,24.725610549102928,0.8284478601183555
180,279,4,4,LMM-1,11.869011678878527,26.107069728923598,0.7278867533926701
180,279,4,4,LMM-2,11.675,24.89097281322386,0.6787395370470598
180,279,4,6,LMM-1,12.33071289654185,27.217460310771298,0.5609514661441218
180,279,4,6,LMM-2,12.033333333333333,26.042960678482405,0.539932591205805
180,279,4,8,LMM-1,11.939931206035162,26.63581679436995,0.511135200137249
180,279,4,8,LMM-2,11.5875,25.076332769489245,0.4628200995728145
180,279,6,2,LMM-1,11.0,24.405060835136275,0.986425246734185
180,279,6,2,LMM-2,10.5,21.619215237525246,0.8607811602238165
180,279,6,4,LMM-1,11.5,25.333812284081457,0.793277768190526
180,279,6,4,LMM-2,10.5,22.078797421467556,0.7425367497327421
180,279,6,6,LMM-1,11.12514625780386,24.7248205323805,0.783036653770845
180,279,6,6,LMM-2,10.166666666666666,21.289297029468294,0.6601628283039761
180,279,6,8,LMM-1,11.61483355250321,25.825011316424433,0.6046580432304365
180,279,6,8,LMM-2,10.475,22.286724523054996,0.5567131134767259
180,279,8,2,LMM-1,10.292428391450946,22.450668555549946,0.9893721684380526
180,279,8,2,LMM-2,10.3,20.937524914051057,0.8657491085738434
180,279,8,4,LMM-1,9.930274552641574,21.650830638752005,0.9792942675816068
180,279,8,4,LMM-2,9.5,19.552776798008,0.7633854049640394
180,279,8,6,LMM-1,9.916360400806873,21.672543367932388,0.9698677043036185
180,279,8,6,LMM-2,9.5,19.7417450801508,0.6825929364498624
180,279,8,8,LMM-1,9.74047197273426,21.298139923465243,0.9609278551121052
180,279,8,8,LMM-2,9.6125,19.89330168214496,0.6065915035037779
180,279,10,2,LMM-1,9.494270675590828,20.352014808004178,0.9914635900969879
180,279,10,2,LMM-2,9.1,18.439557329197804,0.8876079882331253
180,279,10,4,LMM-1,9.630792944099124,20.43162547524941,0.9833664301468674
180,279,10,4,LMM-2,9.625,19.330055659251983,0.7804673414043226
180,279,10,6,LMM-1,9.128741566066306,19.544439359572067,0.9762442752771741
180,279,10,6,LMM-2,8.5,17.23489643930022,0.7254687616002937
180,279,10,8,LMM-1,9.265018078191986,19.960172364301847,0.969271775021219
180,279,10,8,LMM-2,8.25,16.598502989028535,0.6944422086815694
181,280,4,2,LMM-1,11.0,23.34387728663051,0.8287011644503826
181,280,4,2,LMM-2,9.5,19.402814871610513,0.8957731106874942
181,280,4,4,LMM-1,11.456896814673595,24.567275260799867,0.7466557684776655
181,280,4,4,LMM-2,10.075,20.949416592760436,0.7702352668962333
181,280,4,6,LMM-1,11.693049102625285,25.55552543663486,0.6480355267614352
181,280,4,6,LMM-2,10.566666666666666,22.244976168669645,0.6406919269816627
181,280,4,8,LMM-1,11.571492241373893,25.220789142403063,0.5272868184085919
181,280,4,8,LMM-2,10.1,21.336427502046774,0.578967035369992
181,280,6,2,LMM-1,11.0,22.48688224876552,0.8429390555210532
181,280,6,2,LMM-2,9.4,18.888461281494745,0.8923202508384293
181,280,6,4,LMM-1,10.009210623431633,21.193596506884965,0.8409708446576077
181,280,6,4,LMM-2,8.825,17.76296609500098,0.8183416067453892
181,280,6,6,LMM-1,9.979080818244139,21.28251877320493,0.7625892772730953
181,280,6,6,LMM-2,8.9,18.15815610506957,0.7272684356739492
181,280,6,8,LMM-1,10.044771359857076,21.683484249042177,0.6727401271697185
181,280,6,8,LMM-2,9.525,19.80799818661402,0.6027928081263456
181,280,8,2,LMM-1,10.429790478034908,21.41712761234201,0.9230875884918296
181,280,8,2,LMM-2,8.85,17.38322587335422,0.8998439069349006
181,280,8,4,LMM-1,9.249697078450186,19.6029693775236,0.9160662407297491
181,280,8,4,LMM-2,8.35,16.691489858850513,0.8172250638070648
181,280,8,6,LMM-1,9.206825186647517,19.717830219021707,0.9080521620233883
181,280,8,6,LMM-2,7.9333333333333345,16.024154065439237,0.7618123308963178
181,280,8,8,LMM-1,8.430970833482132,18.21749097535713,0.9026633213819502
181,280,8,8,LMM-2,7.825,15.9167366291842,0.7015860987444353
181,280,10,2,LMM-1,9.5,19.165729579464557,0.9241740758000283
181,280,10,2,LMM-2,8.8,17.309580473685152,0.9020907148041187
181,280,10,4,LMM-1,9.0,18.48525949837414,0.8559274017621196
181,280,10,4,LMM-2,8.6,17.144351320265805,0.8030810811633069
181,280,10,6,LMM-1,8.574987673657057,17.969571229798827,0.8496399260231489
181,280,10,6,LMM-2,8.483333333333333,17.122458683823474,0.7291572044769936
181,280,10,8,LMM-1,8.003235438199775,17.034647535982877,0.8450693596381582
181,280,10,8,LMM-2,7.5625,15.413797847856106,0.6997984590308747
182,281,4,2,LMM-1,14.0,28.135199249828723,0.8029319633567207
182,281,4,2,LMM-2,11.75,23.224373865038185,0.8616496778320745
182,281,4,4,LMM-1,13.5,27.58495973301087,0.6422100082907451
182,281,4,4,LMM-2,11.025,22.255820085285215,0.7441769265769519
182,281,4,6,LMM-1,13.166666666666666,26.932671116238907,0.521379855936486
182,281,4,6,LMM-2,10.883333333333333,22.028653547789155,0.6516164281034549
182,281,4,8,LMM-1,12.875,26.449946001290222,0.422700533041101
182,281,4,8,LMM-2,10.975,22.404326173322413,0.5397685434643005
182,281,6,2,LMM-1,14.0,28.135199249828723,0.8029319633567207
182,281,6,2,LMM-2,11.75,23.224373865038185,0.8616496778320745
182,281,6,4,LMM-1,13.5,27.58495973301087,0.6422100082907451
182,281,6,4,LMM-2,11.025,22.255820085285215,0.7441769265769519
182,281,6,6,LMM-1,13.166666666666666,26.932671116238907,0.521379855936486
182,281,6,6,LMM-2,10.883333333333333,22.028653547789155,0.6516164281034549
182,281,6,8,LMM-1,12.875,26.449946001290222,0.422700533041101
182,281,6,8,LMM-2,10.975,22.404326173322413,0.5397685434643005
182,281,8,2,LMM-1,14.0,28.135199249828723,0.8029319633567207
182,281,8,2,LMM-2,11.75,23.224373865038185,0.8616496778320745
182,281,8,4,LMM-1,13.5,27.58495973301087,0.6422100082907451
182,281,8,4,LMM-2,11.025,22.255820085285215,0.7441769265769519
182,281,8,6,LMM-1,13.166666666666666,26.932671116238907,0.521379855936486
182,281,8,6,LMM-2,10.883333333333333,22.028653547789155,0.6516164281034549
182,281,8,8,LMM-1,12.875,26.449946001290222,0.422700533041101
182,281,8,8,LMM-2,10.975,22.404326173322413,0.5397685434643005
182,281,10,2,LMM-1,13.5,27.338415648226697,0.8037846090959307
182,281,10,2,LMM-2,10.15,20.084043824102633,0.8865427380830116
182,281,10,4,LMM-1,12.803384032435371,26.22916873935487,0.7209299595035046
182,281,10,4,LMM-2,10.75,21.375566196666448,0.7586677646656638
182,281,10,6,LMM-1,12.53536864100402,25.67743274922767,0.5874956647879773
182,281,10,6,LMM-2,10.466666666666667,20.982690246283916,0.6604482749786266
182,281,10,8,LMM-1,12.026319858292938,24.71849294183009,0.4881982813686804
182,281,10,8,LMM-2,9.0375,18.09374805017629,0.6658796829092667
183,282,4,2,LMM-1,12.5,25.20901801929626,0.8308770113234786
183,282,4,2,LMM-2,11.85,23.599616360415254,0.8631891739543278
183,282,4,4,LMM-1,12.75,26.908337704779946,0.6570184118834038
183,282,4,4,LMM-2,11.825,24.60935975704323,0.7363602410492207
183,282,4,6,LMM-1,12.15231504345474,25.958369949475248,0.5992264090387491
183,282,4,6,LMM-2,11.133333333333333,23.06800624003332,0.6620476149197223
183,282,4,8,LMM-1,11.61429958325262,24.940771061569162,0.5003435970312491
183,282,4,8,LMM-2,10.45,21.818771900845025,0.6049764628559977
183,282,6,2,LMM-1,12.0,24.786767227233707,0.8239428459214484
183,282,6,2,LMM-2,11.05,21.88876448568424,0.880780838774171
183,282,6,4,LMM-1,12.5,26.418329300239424,0.6590472236567237
183,282,6,4,LMM-2,11.9,24.944787063047233,0.727023993325269
183,282,6,6,LMM-1,11.820923057484027,25.227624680541464,0.6551011993686694
183,282,6,6,LMM-2,11.2,23.2679270339316,0.6356248682667676
183,282,6,8,LMM-1,10.99079125846134,23.487199377822527,0.5608126970071106
183,282,6,8,LMM-2,10.0375,20.924198710830705,0.6024915445014888
183,282,8,2,LMM-1,12.0,23.82947365967097,0.8389779481476859
183,282,8,2,LMM-2,11.4,22.45754229487623,0.8723253353262084
183,282,8,4,LMM-1,11.146532308691093,23.221556245504654,0.8289478823419568
183,282,8,4,LMM-2,10.25,20.474356052304746,0.7830890702227633
183,282,8,6,LMM-1,11.65436765799728,24.453847684474685,0.7351857252422312
183,282,8,6,LMM-2,10.6,21.12339416371108,0.6805174595099056
183,282,8,8,LMM-1,11.121802383542255,23.606257028873102,0.6821159856612359
183,282,8,8,LMM-2,9.8375,19.827350638357263,0.6318546085555881
183,282,10,2,LMM-1,10.0,19.718929874671204,0.8705284201113038
183,282,10,2,LMM-2,10.3,20.166208285233097,0.8899787535634582
183,282,10,4,LMM-1,10.030208655298775,20.481787533547745,0.8683882487169068
183,282,10,4,LMM-2,9.675,18.90461105126193,0.8091540928248561
183,282,10,6,LMM-1,10.071411280903646,20.567947891264456,0.7360069878907952
183,282,10,6,LMM-2,9.666666666666668,19.05634469393282,0.7347289902992749
183,282,10,8,LMM-1,9.407924420484395,19.416142114513857,0.6933229081624079
183,282,10,8,LMM-2,9.5375,19.05120679337245,0.6468482557425288
184,283,4,2,LMM-1,14.0,31.136774438232784,0.7674609077266376
184,283,4,2,LMM-2,11.4,24.56541814118877,0.8515098192230152
184,283,4,4,LMM-1,13.5,30.09965478397725,0.5976046809780906
184,283,4,4,LMM-2,10.675,22.972946893796696,0.7517294254117916
184,283,4,6,LMM-1,13.166666666666666,28.75565267210548,0.4867454673361694
184,283,4,6,LMM-2,10.8,22.80582077082753,0.6660745478939052
184,283,4,8,LMM-1,12.875,27.94862365866583,0.3952170079920267
184,283,4,8,LMM-2,10.4375,21.870912923430414,0.6041171152252456
184,283,6,2,LMM-1,13.0,28.622185091389962,0.7793197812828174
184,283,6,2,LMM-2,12.2,26.343680966849508,0.8380139824027177
184,283,6,4,LMM-1,12.5,27.58527834618216,0.6162113002353272
184,283,6,4,LMM-2,11.7,25.308876860398097,0.7131072756096335
184,283,6,6,LMM-1,12.166666666666666,26.19324853044045,0.5119078662792067
184,283,6,6,LMM-2,11.366666666666665,23.989434215137255,0.6351394237808259
184,283,6,8,LMM-1,11.875,25.34662920428699,0.4257359389509811
184,283,6,8,LMM-2,11.075,23.1694609561058,0.5673070158357043
184,283,8,2,LMM-1,14.0,29.57722993528456,0.7836408350643145
184,283,8,2,LMM-2,13.1,27.511818711844416,0.8291518457566041
184,283,8,4,LMM-1,13.5,28.54026923504852,0.6230688952237995
184,283,8,4,LMM-2,12.575,26.419607130205584,0.6994169384924602
184,283,8,6,LMM-1,13.0,27.100145112778364,0.5644180963148586
184,283,8,6,LMM-2,12.0,24.81061690078534,0.6198149720209791
184,283,8,8,LMM-1,12.5,26.100586446873354,0.5118600052436806
184,283,8,8,LMM-2,11.6,23.9349454928845,0.5438119059825425
184,283,10,2,LMM-1,14.0,29.100082026708236,0.7944676290523331
184,283,10,2,LMM-2,13.1,27.21133484407294,0.8374556119356515
184,283,10,4,LMM-1,13.5,28.063193340346846,0.640402912621133
184,283,10,4,LMM-2,12.7,26.372250085262692,0.7140588951593067
184,283,10,6,LMM-1,12.833333333333334,26.07214358327692,0.5486951884456731
184,283,10,6,LMM-2,11.9,24.169512873964628,0.6386540979011335
184,283,10,8,LMM-1,12.08878848008831,24.415991404299245,0.5150371801067403
184,283,10,8,LMM-2,11.375,22.921614101468112,0.5629428513132311
185,284,4,2,LMM-1,12.5,27.702107323907217,0.8874096666268182
185,284,4,2,LMM-2,12.1,25.736054826432444,0.8321139850965444
185,284,4,4,LMM-1,11.956413160392366,26.74376863738931,0.7936017230644155
185,284,4,4,LMM-2,11.35,24.19882823417843,0.7120119249191752
185,284,4,6,LMM-1,11.193885981435903,24.94066438806346,0.6602722746162522
185,284,4,6,LMM-2,10.533333333333333,22.67051610023474,0.6173832595266779
185,284,4,8,LMM-1,10.832013890479242,24.56565314130713,0.6508373335477333
185,284,4,8,LMM-2,10.0375,21.744875444680908,0.5483367432335979
185,284,6,2,LMM-1,11.0,24.01168618357906,0.907009324565697
185,284,6,2,LMM-2,10.1,20.643173266584117,0.8810050280252864
185,284,6,4,LMM-1,10.0,21.667263285723187,0.7795890649137194
185,284,6,4,LMM-2,10.05,20.642367396644342,0.7777058980379381
185,284,6,6,LMM-1,9.833333333333334,21.094559252360487,0.6642020874859392
185,284,6,6,LMM-2,9.8,20.099496380875316,0.7067441800809632
185,284,6,8,LMM-1,9.830563209894104,21.46792139686376,0.6612794331247982
185,284,6,8,LMM-2,8.75,18.011227730784704,0.6737978440930512
185,284,8,2,LMM-1,10.5,22.274892254031336,0.9105674368146575
185,284,8,2,LMM-2,10.6,21.925373235084255,0.8677713096777074
185,284,8,4,LMM-1,9.911032418781728,21.143296311498197,0.8373502377513498
185,284,8,4,LMM-2,9.975,20.499899520090814,0.7700928068964003
185,284,8,6,LMM-1,9.88311946051334,20.956770564887076,0.7099028633722984
185,284,8,6,LMM-2,9.783333333333333,20.168008290353335,0.682517876747222
185,284,8,8,LMM-1,9.32958436909513,20.07733901652085,0.704421264577737
185,284,8,8,LMM-2,9.125,18.902955284787225,0.6414449826781
185,284,10,2,LMM-1,8.881406513312696,18.222567612931602,0.9329619712776571
185,284,10,2,LMM-2,7.55,14.65961615969771,0.9373059818697651
185,284,10,4,LMM-1,7.953929977960618,16.536844417205725,0.8811140400988282
185,284,10,4,LMM-2,7.275,14.424820252380632,0.872851216880027
185,284,10,6,LMM-1,7.825777094532524,16.27937547230316,0.8231168574085803
185,284,10,6,LMM-2,7.133333333333333,14.242905725938801,0.8284189694750724
185,284,10,8,LMM-1,8.419483596276018,17.536672325856614,0.7529024477753705
185,284,10,8,LMM-2,7.5375,14.978293791049804,0.761197867420447
186,285,4,2,LMM-1,14.0,28.14395259256357,0.8098674018216349
186,285,4,2,LMM-2,12.85,25.49620136915835,0.8539690480333094
186,285,4,4,LMM-1,13.5,27.5246243359059,0.655363651222907
186,285,4,4,LMM-2,12.9,26.054792252686763,0.7141395030779486
186,285,4,6,LMM-1,13.0,27.048205722118627,0.5255701793203729
186,285,4,6,LMM-2,12.416666666666668,25.634099642219944,0.5987609663833282
186,285,4,8,LMM-1,12.375,25.67135087309557,0.4423205333794553
186,285,4,8,LMM-2,11.7125,24.069069038283445,0.5374645733525434
186,285,6,2,LMM-1,14.0,28.14395259256357,0.8098674018216349
186,285,6,2,LMM-2,12.85,25.282150667513143,0.8593044048763968
186,285,6,4,LMM-1,13.0,26.400157330060296,0.6663135123232491
186,285,6,4,LMM-2,10.625,20.962171591009618,0.7912672644949293
186,285,6,6,LMM-1,11.666666666666666,23.857943029537612,0.574220720947632
186,285,6,6,LMM-2,9.916666666666666,19.898921277206348,0.7005439283846144
186,285,6,8,LMM-1,10.84399044967195,22.45730077660864,0.5760499289546652
186,285,6,8,LMM-2,9.425,19.01364622517799,0.6424911527531683
186,285,8,2,LMM-1,14.0,28.14395259256357,0.8098674018216349
186,285,8,2,LMM-2,12.85,25.282150667513143,0.8593044048763968
186,285,8,4,LMM-1,13.0,26.400157330060296,0.6663135123232491
186,285,8,4,LMM-2,10.625,20.962171591009618,0.7912672644949293
186,285,8,6,LMM-1,11.666666666666666,23.857943029537612,0.574220720947632
186,285,8,6,LMM-2,9.516666666666667,19.026790188304638,0.7214997741159414
186,285,8,8,LMM-1,10.961902769408434,22.716071483285987,0.5757803589650455
186,285,8,8,LMM-2,9.45,19.034322129402774,0.648186808478538
186,285,10,2,LMM-1,12.0,23.40729285494218,0.8452404153254811
186,285,10,2,LMM-2,11.45,22.06779919504153,0.8943842817856765
186,285,10,4,LMM-1,11.0,21.664277682346942,0.7257619809369811
186,285,10,4,LMM-2,10.35,20.14359340299535,0.8105752095206468
186,285,10,6,LMM-1,10.0,19.907675600273684,0.6377414706688714
186,285,10,6,LMM-2,9.333333333333332,18.405933235711622,0.7521642276412241
186,285,10,8,LMM-1,9.0,18.18368141073295,0.6414884076361071
186,285,10,8,LMM-2,8.275,16.420985529616605,0.73210002774171
187,286,4,2,LMM-1,10.5,21.824344359771416,0.8393804228523367
187,286,4,2,LMM-2,10.05,20.64769090106768,0.8675074236217013
187,286,4,4,LMM-1,10.0,21.25107462928347,0.703314419377804
187,286,4,4,LMM-2,8.775,18.142534119929305,0.8027824503964931
187,286,4,6,LMM-1,9.666666666666666,21.07319082036272,0.5833836547982288
187,286,4,6,LMM-2,7.933333333333333,16.71689402568943,0.7615377667839757
187,286,4,8,LMM-1,9.5,20.893523923848875,0.4868940810971497
187,286,4,8,LMM-2,7.775,16.56557627198997,0.6946090611427053
187,286,6,2,LMM-1,9.91135466955069,21.644917557728657,0.9893454171503094
187,286,6,2,LMM-2,9.65,19.36885394068209,0.8774308999245957
187,286,6,4,LMM-1,9.709015660863054,21.261894310723626,0.979700308996615
187,286,6,4,LMM-2,9.3,18.734056570180933,0.7916380465676293
187,286,6,6,LMM-1,8.957394184590232,19.740795109664518,0.9162427100058712
187,286,6,6,LMM-2,8.85,18.176503741206417,0.6972776184684287
187,286,6,8,LMM-1,9.338741774391533,20.471115620643157,0.8328234295616831
187,286,6,8,LMM-2,8.9875,18.4468213110742,0.6318615783103086
187,286,8,2,LMM-1,8.5,17.904558895012414,0.992675498982052
187,286,8,2,LMM-2,8.45,16.62711978934228,0.9113806676709852
187,286,8,4,LMM-1,8.123837725004325,17.18792432821036,0.9858631680965051
187,286,8,4,LMM-2,8.275,16.501694170879894,0.8358873272507739
187,286,8,6,LMM-1,8.148962833128575,17.44819440714884,0.9795559819182756
187,286,8,6,LMM-2,7.9833333333333325,15.962003998921707,0.7664382822983091
187,286,8,8,LMM-1,8.70059643410404,18.634494883223322,0.8927714854226908
187,286,8,8,LMM-2,8.55,17.29224420688933,0.6621571472749023
187,286,10,2,LMM-1,8.293330641351575,17.020988597086895,0.9941873005224886
187,286,10,2,LMM-2,7.8,15.170989172503436,0.9204807615366054
187,286,10,4,LMM-1,8.16370799486556,16.760820890213672,0.9889630149586033
187,286,10,4,LMM-2,7.725,15.095106831530156,0.8509759659129086
187,286,10,6,LMM-1,8.18523806250761,16.89881433404775,0.9169397376099626
187,286,10,6,LMM-2,7.9833333333333325,15.76865353653449,0.7857647234467628
187,286,10,8,LMM-1,8.08313135093673,16.825689616284638,0.9135631031022514
187,286,10,8,LMM-2,7.7875,15.480401472965013,0.7245354014505395
188,287,4,2,LMM-1,11.82865768575687,26.852227843079532,0.983323956457925
188,287,4,2,LMM-2,11.85,24.312990548539783,0.8394649201450916
188,287,4,4,LMM-1,11.227027743010774,25.088419411739903,0.8902164728943782
188,287,4,4,LMM-2,10.875,22.413187816057505,0.7293372368902384
188,287,4,6,LMM-1,11.53921281461927,25.57500555282898,0.7953920819427538
188,287,4,6,LMM-2,11.1,22.920450806682805,0.6199154629750758
188,287,4,8,LMM-1,13.2172490556644,28.728040992081453,0.5910079006935711
188,287,4,8,LMM-2,12.15,25.058144397030812,0.5024724594297092
188,287,6,2,LMM-1,10.5,22.395089637342572,0.9203487143848814
188,287,6,2,LMM-2,10.3,20.888860486490074,0.8655064294328284
188,287,6,4,LMM-1,10.5,22.40024214770199,0.8417484670816628
188,287,6,4,LMM-2,10.0,20.188094384825,0.7750862663771975
188,287,6,6,LMM-1,10.031873956778819,21.732371374750976,0.8327456770346213
188,287,6,6,LMM-2,9.95,20.127934495533587,0.6839526016027413
188,287,6,8,LMM-1,9.888952136269182,21.521859362776286,0.8241375045260438
188,287,6,8,LMM-2,10.4,21.055390587998648,0.5792591067077999
188,287,8,2,LMM-1,9.758056506882678,20.343662318200614,0.9268611088681041
188,287,8,2,LMM-2,9.5,18.9328322287742,0.8879418563707453
188,287,8,4,LMM-1,9.188455494895793,19.686665980618805,0.9197943219938463
188,287,8,4,LMM-2,9.0,18.013303535831135,0.8105789168272368
188,287,8,6,LMM-1,9.39962967797464,19.970815837604707,0.8428381982762968
188,287,8,6,LMM-2,9.166666666666668,18.35396087061052,0.7222692224412159
188,287,8,8,LMM-1,9.218073716677427,19.743286240498225,0.8361883555095192
188,287,8,8,LMM-2,9.1125,18.231558584639817,0.6526396618698099
188,287,10,2,LMM-1,8.5,17.37565782158219,0.942410589060451
188,287,10,2,LMM-2,8.25,16.143752500868636,0.9072542044463645
188,287,10,4,LMM-1,8.5,17.374839725321728,0.8823124162430813
188,287,10,4,LMM-2,7.875,15.335689632269668,0.8651527127887905
188,287,10,6,LMM-1,8.02333758890428,16.586019103027024,0.8777583841270091
188,287,10,6,LMM-2,7.866666666666667,15.364879723838516,0.8199598185331602
188,287,10,8,LMM-1,7.874989689266075,16.373571882488214,0.8731511722891485
188,287,10,8,LMM-2,8.2125,16.052754859209553,0.745295599657245
189,288,4,2,LMM-1,13.0,28.075360675655265,0.7941391105232528
189,288,4,2,LMM-2,13.55,28.464423930664235,0.8116688156743181
189,288,4,4,LMM-1,12.5,27.25123966793141,0.6348213656758908
189,288,4,4,LMM-2,11.875,25.027071379288326,0.706723984013558
189,288,4,6,LMM-1,12.300481346744792,27.17697147764442,0.570097337873731
189,288,4,6,LMM-2,11.483333333333333,24.398974958327287,0.6003516692809197
189,288,4,8,LMM-1,12.225472520120745,27.03001910407363,0.45296703936893856
189,288,4,8,LMM-2,11.325,24.353552349129536,0.49801726036918803
189,288,6,2,LMM-1,13.0,27.05983015726714,0.807671032414292
189,288,6,2,LMM-2,12.35,25.20401462148187,0.8461266631019013
189,288,6,4,LMM-1,12.25,25.956243063977826,0.7288944940763822
189,288,6,4,LMM-2,11.5,23.59083374072247,0.7236899329821489
189,288,6,6,LMM-1,11.5,24.451543723830913,0.6110493756602418
189,288,6,6,LMM-2,10.6,21.839556116002,0.6577766477709022
189,288,6,8,LMM-1,11.125,23.79775679825935,0.5083479177109066
189,288,6,8,LMM-2,10.0125,20.764215906515073,0.6021006916067706
189,288,8,2,LMM-1,12.0,24.735649442482995,0.8224081995988216
189,288,8,2,LMM-2,11.25,22.35218455920713,0.8773564760290302
189,288,8,4,LMM-1,11.480404890366284,23.999837926458277,0.7497053289434611
189,288,8,4,LMM-2,10.725,21.584833405065336,0.7766879958145018
189,288,8,6,LMM-1,10.820404851438123,22.749396689292542,0.6317925292466596
189,288,8,6,LMM-2,10.033333333333333,20.434953820940834,0.6870666043260506
189,288,8,8,LMM-1,10.490336028993333,22.16511373155808,0.5703975156130303
189,288,8,8,LMM-2,9.7125,19.966578599841213,0.60780568004018
189,288,10,2,LMM-1,10.0,19.764004105829834,0.8665177144852668
189,288,10,2,LMM-2,10.35,20.324796442485436,0.8754419232905507
189,288,10,4,LMM-1,9.71354061600813,19.63072437026296,0.8109424113316791
189,288,10,4,LMM-2,9.05,17.625514214291577,0.8266704839310887
189,288,10,6,LMM-1,8.809207047556802,17.81210156776341,0.7293275087191612
189,288,10,6,LMM-2,8.366666666666667,16.390035727005447,0.7665669736079521
189,288,10,8,LMM-1,8.231947404599685,16.84864446928583,0.6505956166437028
189,288,10,8,LMM-2,7.2,14.232483626253904,0.7643383085379849
190,289,4,2,LMM-1,12.5,26.824725303690578,0.8073591725687604
190,289,4,2,LMM-2,11.8,24.8114568468037,0.8604311305944119
190,289,4,4,LMM-1,11.25,24.71929129210315,0.6670900865815026
190,289,4,4,LMM-2,10.225,22.28287036512441,0.7470676965498283
190,289,4,6,LMM-1,10.90161335856098,24.377923064445916,0.6044989863319927
190,289,4,6,LMM-2,10.05,22.027797251762372,0.6458689149914596
190,289,4,8,LMM-1,10.509643256075872,23.545500469349918,0.5037400469887389
190,289,4,8,LMM-2,9.525,21.100896326449,0.5677598719009809
190,289,6,2,LMM-1,11.5,24.07675627079647,0.8274603901106679
190,289,6,2,LMM-2,10.9,22.613999670386004,0.8541474788780177
190,289,6,4,LMM-1,10.033638356135956,21.69530576516609,0.7639406765645045
190,289,6,4,LMM-2,9.8,20.718365984868537,0.7636630551407481
190,289,6,6,LMM-1,10.022543593835016,21.95500975682779,0.6340502535387291
190,289,6,6,LMM-2,9.3,20.075186359514735,0.6648087861675341
190,289,6,8,LMM-1,9.516775184519627,20.903121872845016,0.5465646806000714
190,289,6,8,LMM-2,8.6875,18.815247182510163,0.6235588396462226
190,289,8,2,LMM-1,11.5,22.875894194980713,0.843708928178019
190,289,8,2,LMM-2,10.3,20.313766556773583,0.9026921639595518
190,289,8,4,LMM-1,11.0,22.182153060909535,0.7187229677113501
190,289,8,4,LMM-2,10.0,19.83889243681069,0.8174340065110186
190,289,8,6,LMM-1,10.201464649736504,21.18773323850306,0.7150228330223104
190,289,8,6,LMM-2,9.433333333333334,18.950053418001684,0.7477242888014494
190,289,8,8,LMM-1,10.438921412985632,21.845896867466642,0.6432554552659124
190,289,8,8,LMM-2,9.725,19.71327284308906,0.6477571555383304
190,289,10,2,LMM-1,11.5,22.875894194980713,0.843708928178019
190,289,10,2,LMM-2,9.45,18.346885493333925,0.9183001461898422
190,289,10,4,LMM-1,9.778758388486676,20.00365393465608,0.7875292838019304
190,289,10,4,LMM-2,8.225,16.121830683907017,0.8672735526229649
190,289,10,6,LMM-1,10.715326182027823,21.985731103857937,0.6480969354000239
190,289,10,6,LMM-2,9.8,19.568559623324123,0.7302181204504818
190,289,10,8,LMM-1,10.935866262390736,22.706747914867183,0.5863801476098897
190,289,10,8,LMM-2,10.1375,20.572431563771968,0.6303140699805427
191,290,4,2,LMM-1,15.5,32.300799170995646,0.773408019510428
191,290,4,2,LMM-2,14.25,29.438174708043817,0.8081587020482491
191,290,4,4,LMM-1,14.27192958924332,30.326145667605324,0.6887670437239977
191,290,4,4,LMM-2,12.675,26.175335408347827,0.699705865583498
191,290,4,6,LMM-1,13.847801100760227,29.456241182510478,0.5482576070464864
191,290,4,6,LMM-2,12.416666666666668,25.787444542352727,0.5913925319241955
191,290,4,8,LMM-1,13.385796526872763,28.57254192998131,0.4412314775772165
191,290,4,8,LMM-2,11.8625,24.728601451571155,0.51073041883683
191,290,6,2,LMM-1,13.5,27.417070664277325,0.8147085130994649
191,290,6,2,LMM-2,12.6,25.3487758033124,0.8361548190713736
191,290,6,4,LMM-1,12.51800177999211,25.734747439200554,0.7438184737244489
191,290,6,4,LMM-2,11.4,22.84851359900258,0.7516760349435415
191,290,6,6,LMM-1,12.011848150433442,24.788795180973388,0.6229072389405262
191,290,6,6,LMM-2,10.866666666666667,21.926693245212842,0.6721012628550265
191,290,6,8,LMM-1,11.167160384099407,23.393790676413342,0.5759255036493396
191,290,6,8,LMM-2,10.6,21.580212891441054,0.5932900435755418
191,290,8,2,LMM-1,13.5,27.417070664277325,0.8147085130994649
191,290,8,2,LMM-2,12.6,25.3487758033124,0.8361548190713736
191,290,8,4,LMM-1,12.267397947901443,25.177369510182668,0.746653502731478
191,290,8,4,LMM-2,10.875,21.588347853899215,0.7746930227302219
191,290,8,6,LMM-1,12.01150233773897,24.67227296508438,0.6229705683780816
191,290,8,6,LMM-2,10.433333333333334,20.85519882225073,0.7010277657316207
191,290,8,8,LMM-1,11.266669181008208,23.326899934238828,0.5773157855698755
191,290,8,8,LMM-2,10.325,20.843735751476306,0.6110543212840522
191,290,10,2,LMM-1,13.5,27.417070664277325,0.8147085130994649
191,290,10,2,LMM-2,12.6,25.3487758033124,0.8361548190713736
191,290,10,4,LMM-1,12.267595921468097,25.214830920537402,0.7465916393481142
191,290,10,4,LMM-2,11.025,21.954070421030927,0.7560612595198724
191,290,10,6,LMM-1,12.011634001514338,24.697033728375196,0.6229191774697835
191,290,10,6,LMM-2,10.583333333333332,21.148369500190057,0.689329178547381
191,290,10,8,LMM-1,11.266868656829107,23.363954510439886,0.5772260453789131
191,290,10,8,LMM-2,10.325,20.824502595831426,0.608913403383076
192,291,4,2,LMM-1,14.0,27.26491819786802,0.822389074299233
192,291,4,2,LMM-2,11.5,22.31927158343217,0.8807145041795925
192,291,4,4,LMM-1,13.5,26.753255717693055,0.6712545249987774
192,291,4,4,LMM-2,12.1,24.054483832359765,0.7310616851618135
192,291,4,6,LMM-1,13.166666666666666,26.045084043268382,0.5595283430613197
192,291,4,6,LMM-2,11.316666666666666,22.496221368592593,0.6544280766475183
192,291,4,8,LMM-1,12.844270025084672,25.95457846163547,0.506281139965514
192,291,4,8,LMM-2,11.15,22.283679418663226,0.577141819934964
192,291,6,2,LMM-1,12.0,23.541157582598345,0.8460638889118794
192,291,6,2,LMM-2,10.5,20.50311863047971,0.891951396889547
192,291,6,4,LMM-1,12.5,24.847426304077437,0.6922322992952568
192,291,6,4,LMM-2,11.6,23.110239889776828,0.7421025066011645
192,291,6,6,LMM-1,12.166666666666666,24.139397188198156,0.5859528889317313
192,291,6,6,LMM-2,10.75,21.433866699288664,0.670635629434299
192,291,6,8,LMM-1,12.125,24.080342335955844,0.48976731064937373
192,291,6,8,LMM-2,10.5875,21.150655966528696,0.5993446046872832
192,291,8,2,LMM-1,12.0,23.541157582598345,0.8460638889118794
192,291,8,2,LMM-2,10.5,20.50311863047971,0.891951396889547
192,291,8,4,LMM-1,11.75,23.123812596631797,0.7166701645008811
192,291,8,4,LMM-2,9.9,19.519679665336536,0.8009372290283732
192,291,8,6,LMM-1,11.666666666666666,23.016460540330065,0.6042722744822565
192,291,8,6,LMM-2,9.516666666666666,18.85203868985149,0.726496216055114
192,291,8,8,LMM-1,11.116533767912475,22.234275924310307,0.5556154053929618
192,291,8,8,LMM-2,9.1,18.090692142982284,0.6815256093011799
192,291,10,2,LMM-1,12.0,23.541157582598345,0.8460638889118794
192,291,10,2,LMM-2,10.2,19.680749445283762,0.9117173597169412
192,291,10,4,LMM-1,11.75,23.200467437402207,0.7143087149371801
192,291,10,4,LMM-2,10.075,19.70884043652045,0.8053165254867002
192,291,10,6,LMM-1,11.666666666666666,23.05513759233103,0.602929285969171
192,291,10,6,LMM-2,9.6,18.910944445537975,0.7328254062474838
192,291,10,8,LMM-1,10.776276999195321,21.436286982555053,0.5648161424948681
192,291,10,8,LMM-2,8.75,17.344048592224812,0.7050567547734897
193,292,4,2,LMM-1,13.5,26.927905945421116,0.8212212670498701
193,292,4,2,LMM-2,11.9,23.343817522234,0.8629318087567442
193,292,4,4,LMM-1,13.0,26.39050443006361,0.6746155081573837
193,292,4,4,LMM-2,11.3,22.672871340607884,0.7494216552649646
193,292,4,6,LMM-1,12.775430349990735,26.745826786211257,0.60557682138237
193,292,4,6,LMM-2,11.483333333333333,23.5253391298326,0.6268838109399203
193,292,4,8,LMM-1,12.413112548413494,26.380578122476113,0.5507740601115836
193,292,4,8,LMM-2,11.0875,22.92773912363795,0.5450406202561552
193,292,6,2,LMM-1,13.5,26.927905945421116,0.8212212670498701
193,292,6,2,LMM-2,11.9,23.343817522234,0.8629318087567442
193,292,6,4,LMM-1,13.0,26.59774369552263,0.7434515409001666
193,292,6,4,LMM-2,11.775,23.325907708001164,0.7426532142307531
193,292,6,6,LMM-1,12.666666666666666,26.24158053976952,0.6077515722780068
193,292,6,6,LMM-2,11.366666666666667,23.04841467712632,0.6400828816178532
193,292,6,8,LMM-1,12.25,25.632407192388648,0.554899832302621
193,292,6,8,LMM-2,10.9125,22.204160872333166,0.56763469365116
193,292,8,2,LMM-1,13.5,26.927905945421116,0.8212212670498701
193,292,8,2,LMM-2,11.9,23.343817522234,0.8629318087567442
193,292,8,4,LMM-1,13.0,26.39050443006361,0.6746155081573837
193,292,8,4,LMM-2,11.3,22.672871340607884,0.7494216552649646
193,292,8,6,LMM-1,12.512466762334926,25.829833806433424,0.6089180514065347
193,292,8,6,LMM-2,11.2,22.69370292108234,0.6465754213246673
193,292,8,8,LMM-1,12.018592650892757,25.02324036102069,0.5567356450172289
193,292,8,8,LMM-2,10.65,21.64932040241799,0.5771516245909528
193,292,10,2,LMM-1,12.5,24.790300239648033,0.8351910330148395
193,292,10,2,LMM-2,11.2,21.944365403234553,0.8765279420318247
193,292,10,4,LMM-1,12.033577207554993,24.218249185691302,0.7574532319678048
193,292,10,4,LMM-2,10.825,21.238034727114144,0.7778774055453852
193,292,10,6,LMM-1,12.022242998069792,24.64415420917735,0.6199166795962737
193,292,10,6,LMM-2,10.716666666666665,21.637498486113913,0.6695802373914124
193,292,10,8,LMM-1,11.53303564440983,23.78155436624658,0.5669869120649371
193,292,10,8,LMM-2,10.1,20.401296429753312,0.611182470223101
194,293,4,2,LMM-1,17.0,36.40333091449048,0.7443054409823768
194,293,4,2,LMM-2,16.6,35.276675121293174,0.7613210496094684
194,293,4,4,LMM-1,16.5,35.237774575768086,0.5656989676721865
194,293,4,4,LMM-2,15.95,33.74965476572473,0.6006068373975366
194,293,4,6,LMM-1,15.5,33.02048744604428,0.45151809402714826
194,293,4,6,LMM-2,14.35,30.20549823886504,0.5243318039854049
194,293,4,8,LMM-1,14.5,30.868327102736153,0.37321890170473293
194,293,4,8,LMM-2,13.375,28.06916065421433,0.4612473285333678
194,293,6,2,LMM-1,17.0,36.40333091449048,0.7443054409823768
194,293,6,2,LMM-2,16.6,35.276675121293174,0.7613210496094684
194,293,6,4,LMM-1,16.5,35.237774575768086,0.5656989676721865
194,293,6,4,LMM-2,15.95,33.74965476572473,0.6006068373975366
194,293,6,6,LMM-1,15.5,33.02048744604428,0.45151809402714826
194,293,6,6,LMM-2,14.35,30.20549823886504,0.5243318039854049
194,293,6,8,LMM-1,14.5,30.868327102736153,0.37321890170473293
194,293,6,8,LMM-2,13.375,28.06916065421433,0.4612473285333678
194,293,8,2,LMM-1,9.704572711554565,21.500037130489062,0.9888585276041783
194,293,8,2,LMM-2,9.8,20.83344830736211,0.8560873627285233
194,293,8,4,LMM-1,10.394007028261143,22.610396986874044,0.8947303795314129
194,293,8,4,LMM-2,10.175,21.010047749783915,0.7550903214786044
194,293,8,6,LMM-1,10.662826920486292,22.97507335090367,0.8055677771385129
194,293,8,6,LMM-2,10.516666666666667,21.4473144139583,0.6522603398244969
194,293,8,8,LMM-1,10.450807932076557,22.748590271399678,0.7969150978946754
194,293,8,8,LMM-2,9.9375,20.219574563251875,0.6001160057901749
194,293,10,2,LMM-1,9.9235572390461,20.629617126162177,0.9193012679597299
194,293,10,2,LMM-2,9.1,18.02646965365775,0.8924747565199738
194,293,10,4,LMM-1,9.004376698400382,19.20734325992795,0.9124222217440243
194,293,10,4,LMM-2,8.475,16.82353644737645,0.834723450939762
194,293,10,6,LMM-1,9.328238207813513,19.784857878342503,0.8326572639883401
194,293,10,6,LMM-2,8.483333333333333,16.992342825431635,0.7393101864548209
194,293,10,8,LMM-1,9.719593149385156,20.51908806656149,0.7492353186261298
194,293,10,8,LMM-2,9.3,18.62851875531611,0.6375830111184649
195,294,4,2,LMM-1,9.5,19.949571296886955,0.8573330145171084
195,294,4,2,LMM-2,9.55,19.566738047933413,0.8807914414013723
195,294,4,4,LMM-1,10.0,20.716066308858206,0.7309118957737646
195,294,4,4,LMM-2,9.0,18.325923211220395,0.8133325096811579
195,294,4,6,LMM-1,9.196966046249184,19.38056188039146,0.6824716095399268
195,294,4,6,LMM-2,8.633333333333333,17.615011187309076,0.7454879598945675
195,294,4,8,LMM-1,8.687446878191482,18.627535905293087,0.6795382255754657
195,294,4,8,LMM-2,7.9875,16.401164327206498,0.69111110678033
195,294,6,2,LMM-1,9.5,19.73913237872437,0.8580024120533277
195,294,6,2,LMM-2,9.55,19.478473387028448,0.8809048179425145
195,294,6,4,LMM-1,8.75,18.11747458722265,0.7558233174587439
195,294,6,4,LMM-2,8.375,16.81375885977501,0.8446820923365571
195,294,6,6,LMM-1,8.666666666666666,18.05418519931426,0.6997672980457941
195,294,6,6,LMM-2,8.033333333333333,16.252448274449257,0.7798717946188642
195,294,6,8,LMM-1,8.492159214814901,18.02552668468154,0.697535128267859
195,294,6,8,LMM-2,7.85,16.033853502742954,0.7042909765471087
195,294,8,2,LMM-1,9.5,19.73913237872437,0.8580024120533277
195,294,8,2,LMM-2,8.5,16.941470042428033,0.9203391743039633
195,294,8,4,LMM-1,9.25,18.95859084200122,0.7537208866811802
195,294,8,4,LMM-2,8.375,16.8563366297372,0.8267092967965128
195,294,8,6,LMM-1,9.057722255236575,18.732452540363095,0.6971006910502854
195,294,8,6,LMM-2,8.283333333333333,16.817969774061762,0.7513317168710274
195,294,8,8,LMM-1,8.40110228211427,17.61433345363503,0.6946479319778873
195,294,8,8,LMM-2,7.9625,16.23644892394635,0.6907071151754938
195,294,10,2,LMM-1,7.5,14.992281422716937,0.8989738771620784
195,294,10,2,LMM-2,6.85,13.30290705128622,0.9513770719757355
195,294,10,4,LMM-1,7.25,14.340925885162525,0.8192558690781329
195,294,10,4,LMM-2,6.5,12.670293658205221,0.921465114912265
195,294,10,6,LMM-1,7.111009324890671,14.250243720539416,0.7740869027266958
195,294,10,6,LMM-2,6.7333333333333325,13.167579590420894,0.8740214950753792
195,294,10,8,LMM-1,6.866172839716443,13.973984449890011,0.7726419679128728
195,294,10,8,LMM-2,6.875,13.533851240625888,0.8080046321881295
196,295,4,2,LMM-1,13.0,29.106631013775633,0.7703790144813427
196,295,4,2,LMM-2,10.2,22.351571034229437,0.8497133819977332
196,295,4,4,LMM-1,12.5,27.95675293696496,0.6104129911029418
196,295,4,4,LMM-2,10.5,23.155849340693052,0.7164304984196808
196,295,4,6,LMM-1,12.333333333333334,27.12188124597062,0.4943031295530688
196,295,4,6,LMM-2,10.3,22.243010735522184,0.6392653503964094
196,295,4,8,LMM-1,12.125,26.465180763401623,0.40340743253667444
196,295,4,8,LMM-2,10.3875,22.28347057749631,0.5581754089662669
196,295,6,2,LMM-1,14.0,31.088668789956877,0.7660481820458496
196,295,6,2,LMM-2,13.0,28.403914543748176,0.8106179410568748
196,295,6,4,LMM-1,13.25,29.05143247900104,0.6815988267557811
196,295,6,4,LMM-2,12.325,26.138802141068368,0.7000207326618609
196,295,6,6,LMM-1,12.833333333333334,28.11812317758865,0.5483192368702932
196,295,6,6,LMM-2,11.983333333333333,25.563882427982502,0.5934661761846302
196,295,6,8,LMM-1,12.5,27.170064014852663,0.4532856856098326
196,295,6,8,LMM-2,11.7125,24.87155084207682,0.5156397996958012
196,295,8,2,LMM-1,10.566368305022108,22.049546168701426,0.9137906389998809
196,295,8,2,LMM-2,10.5,20.760190210555404,0.883578048058444
196,295,8,4,LMM-1,10.030285848501162,21.537031585205593,0.9056891684950804
196,295,8,4,LMM-2,9.225,18.354220701872542,0.8246562629106805
196,295,8,6,LMM-1,9.730014590203506,20.89283726042476,0.8253914650998488
196,295,8,6,LMM-2,9.716666666666667,19.620043662206644,0.7253871765436601
196,295,8,8,LMM-1,9.335758912237058,20.32799825068413,0.817834664491539
196,295,8,8,LMM-2,9.4625,19.321397002793532,0.6470870777468282
196,295,10,2,LMM-1,8.5,17.436773961429555,0.9936992133135114
196,295,10,2,LMM-2,7.65,14.639280522599762,0.9324149556588148
196,295,10,4,LMM-1,8.25,16.787196885585708,0.9401208378764798
196,295,10,4,LMM-2,7.25,13.845232225095955,0.8914863304976904
196,295,10,6,LMM-1,7.5983177985497035,15.649560080617988,0.9360436907962628
196,295,10,6,LMM-2,6.966666666666667,13.521198585793911,0.847245335220834
196,295,10,8,LMM-1,7.305333674792746,15.14612741420865,0.8983756554610389
196,295,10,8,LMM-2,6.75,13.19350425708586,0.8000757283656025
197,296,4,2,LMM-1,14.0,28.827814543250945,0.8014561945682388
197,296,4,2,LMM-2,13.4,27.318889193252495,0.8321037398974962
197,296,4,4,LMM-1,14.25,30.183586726041625,0.6147382409528673
197,296,4,4,LMM-2,13.4,28.12229603612007,0.6806657090548441
197,296,4,6,LMM-1,13.666666666666666,28.755918583331873,0.5014538283019995
197,296,4,6,LMM-2,12.9,26.88907567356141,0.5834536189503106
197,296,4,8,LMM-1,13.25,28.015667631227267,0.4058479923416244
197,296,4,8,LMM-2,11.9375,24.89042936011993,0.5333385322692534
197,296,6,2,LMM-1,14.0,28.005764496779374,0.8105867654356537
197,296,6,2,LMM-2,12.65,25.10897263571757,0.8464943426585962
197,296,6,4,LMM-1,14.0,28.97952211854751,0.6318957288051379
197,296,6,4,LMM-2,12.35,25.45406197630571,0.7184419804764205
197,296,6,6,LMM-1,13.5,27.68843155110859,0.521039012768791
197,296,6,6,LMM-2,11.85,24.16637598919975,0.6258412373153592
197,296,6,8,LMM-1,13.0,26.81143622898704,0.4288301438157293
197,296,6,8,LMM-2,11.0125,22.546628990281263,0.5709840566733496
197,296,8,2,LMM-1,13.116098367774123,27.478053067892375,0.8906983826114765
197,296,8,2,LMM-2,12.75,25.65550808240183,0.8383151362498751
197,296,8,4,LMM-1,12.140225931226947,25.651984293849466,0.81232143904501
197,296,8,4,LMM-2,10.4,21.066955019752307,0.7709694760261545
197,296,8,6,LMM-1,11.671327839370992,24.78667893757745,0.7396359123484901
197,296,8,6,LMM-2,9.566666666666666,19.447877387795966,0.7196878808242887
197,296,8,8,LMM-1,11.438644593575324,24.25657627513079,0.6074596347312097
197,296,8,8,LMM-2,10.0625,20.536359529342853,0.6008236392147868
197,296,10,2,LMM-1,11.324285485155254,23.304180736263596,0.9067793992413469
197,296,10,2,LMM-2,10.7,21.105906118937767,0.8776850154609027
197,296,10,4,LMM-1,10.498445378989176,21.731401308382782,0.8418002375386269
197,296,10,4,LMM-2,9.2,18.02663857604965,0.8323068703210934
197,296,10,6,LMM-1,10.019733477974606,20.837410983825027,0.7804969680400122
197,296,10,6,LMM-2,8.666666666666668,16.98893439994289,0.7830295397169043
197,296,10,8,LMM-1,9.406532217080832,19.571709044602418,0.6823137982664118
197,296,10,8,LMM-2,8.1125,16.11268370387895,0.7269025194351064
198,297,4,2,LMM-1,16.0,34.70587611508303,0.7491407620063353
198,297,4,2,LMM-2,15.9,34.485083330197895,0.7542646599574951
198,297,4,4,LMM-1,15.0,32.24388535124408,0.5942057697646705
198,297,4,4,LMM-2,13.825,29.039597888755956,0.6649225908085733
198,297,4,6,LMM-1,14.333333333333334,30.94758824488631,0.47001027124194766
198,297,4,6,LMM-2,13.316666666666666,27.997536762487975,0.5538902892614435
198,297,4,8,LMM-1,13.875,30.047267832746996,0.37542451260972914
198,297,4,8,LMM-2,12.6125,26.38447083189569,0.49459657949771013
198,297,6,2,LMM-1,15.0,32.196312972945655,0.7653841680078564
198,297,6,2,LMM-2,13.65,28.143776484240476,0.8324146947310677
198,297,6,4,LMM-1,14.0,29.734796136711783,0.6202386699819592
198,297,6,4,LMM-2,12.8,26.188291012504237,0.7156385972723751
198,297,6,6,LMM-1,13.333333333333334,28.43881498209074,0.5012218208303725
198,297,6,6,LMM-2,12.2,25.082802755421568,0.6291529355881955
198,297,6,8,LMM-1,12.875,27.53871178677042,0.40901854295626255
198,297,6,8,LMM-2,11.775,24.29334483484285,0.5593169096996895
198,297,8,2,LMM-1,15.0,30.44054581324111,0.7866425524214385
198,297,8,2,LMM-2,14.8,29.96069920235119,0.7986698403215312
198,297,8,4,LMM-1,14.0,27.979450216795197,0.6551688762050819
198,297,8,4,LMM-2,12.65,25.122324651423604,0.7251435609847678
198,297,8,6,LMM-1,13.333333333333334,26.68374988869946,0.5441514580513054
198,297,8,6,LMM-2,12.333333333333332,24.60383084778317,0.6216805423095564
198,297,8,8,LMM-1,12.875,25.783839761615297,0.4563807750180507
198,297,8,8,LMM-2,11.3625,22.59070413595221,0.5787966344360644
198,297,10,2,LMM-1,15.0,30.44054581324111,0.7866425524214385
198,297,10,2,LMM-2,14.8,29.96069920235119,0.7986698403215312
198,297,10,4,LMM-1,14.0,27.979450216795197,0.6551688762050819
198,297,10,4,LMM-2,12.65,25.09004524341195,0.7148403218067275
198,297,10,6,LMM-1,13.333333333333334,26.68374988869946,0.5441514580513054
198,297,10,6,LMM-2,12.166666666666668,24.194855968071927,0.6292931916708394
198,297,10,8,LMM-1,12.875,25.783839761615297,0.4563807750180507
198,297,10,8,LMM-2,11.2,22.20387687658597,0.5869214868533399
199,298,4,2,LMM-1,11.251023516643384,23.791451096969702,0.911576550164382
199,298,4,2,LMM-2,10.6,21.32728337306051,0.8675199396054272
199,298,4,4,LMM-1,10.442627799240416,22.83824458813667,0.9014047387709422
199,298,4,4,LMM-2,9.675,20.25255813822637,0.7860545948878526
199,298,4,6,LMM-1,10.352032924213123,22.867013354240754,0.8908246063557301
199,298,4,6,LMM-2,9.15,19.05170084830244,0.7083589853422186
199,298,4,8,LMM-1,9.58225583688394,21.334548186095258,0.831603479002388
199,298,4,8,LMM-2,8.525,17.88158198651695,0.667046244159407
199,298,6,2,LMM-1,10.5,21.75067988201215,0.9133679032066941
199,298,6,2,LMM-2,10.1,20.260291861952112,0.8671218903939565
199,298,6,4,LMM-1,9.279723031711061,20.298846866595174,0.905829670876362
199,298,6,4,LMM-2,9.0,18.284026158132413,0.814183493706097
199,298,6,6,LMM-1,9.039169325665117,19.74804721677107,0.8990909274535296
199,298,6,6,LMM-2,8.366666666666665,17.14460523922194,0.7571185710634859
199,298,6,8,LMM-1,9.029417155575576,19.794884668456667,0.7591011747099139
199,298,6,8,LMM-2,8.2875,17.35585752751864,0.6732073713766931
199,298,8,2,LMM-1,9.261457711904539,18.666906594511794,0.9348790342646911
199,298,8,2,LMM-2,8.8,16.947968365254678,0.9213550821481263
199,298,8,4,LMM-1,8.896874664323956,18.727609638295448,0.9283739134657436
199,298,8,4,LMM-2,8.85,17.624513897279826,0.7998590389055285
199,298,8,6,LMM-1,8.501614585863383,17.947676024216896,0.9230741312266485
199,298,8,6,LMM-2,8.583333333333332,17.113667538273482,0.7486433161590937
199,298,8,8,LMM-1,7.6939585827560775,16.312841930374965,0.9194353897380161
199,298,8,8,LMM-2,8.1125,16.311488954943833,0.7043905746632537
199,298,10,2,LMM-1,8.930248778962806,17.574907937318745,0.9359087332969723
199,298,10,2,LMM-2,8.3,15.707417357681493,0.9404178160008934
199,298,10,4,LMM-1,8.309904141598125,16.97594591885851,0.9316176284981521
199,298,10,4,LMM-2,8.05,15.66755838532625,0.8636111126586007
199,298,10,6,LMM-1,7.928255335509588,16.298007092661468,0.9281360383701562
199,298,10,6,LMM-2,8.283333333333333,16.31251376822134,0.7752689801900087
199,298,10,8,LMM-1,7.073324009146129,14.61823256462049,0.8940283246606555
199,298,10,8,LMM-2,7.15,14.107328231069568,0.7708759346375258
200,299,4,2,LMM-1,14.0,30.883196510989812,0.7653523039386764
200,299,4,2,LMM-2,12.25,26.425083663256135,0.8398654348793881
200,299,4,4,LMM-1,13.0,28.359654908692214,0.6174192408852336
200,299,4,4,LMM-2,11.025,23.394573205516515,0.7448447954925137
200,299,4,6,LMM-1,12.5,27.177813075875783,0.5021987280351182
200,299,4,6,LMM-2,11.283333333333335,23.905115113142212,0.6391943276944057
200,299,4,8,LMM-1,11.75,25.62306707056274,0.5022787974529084
200,299,4,8,LMM-2,10.975,23.125711075293655,0.5578224137114187
200,299,6,2,LMM-1,9.423294777946783,19.943517086742204,0.9241835678933071
200,299,6,2,LMM-2,9.25,18.821446686834737,0.8735541945804346
200,299,6,4,LMM-1,9.319559212646762,20.08187142997478,0.9172213694723451
200,299,6,4,LMM-2,9.1,18.519363995675487,0.7798338884304856
200,299,6,6,LMM-1,9.251956473035843,20.146785254048403,0.9085409016494588
200,299,6,6,LMM-2,9.35,19.089683462945167,0.6880144691897511
200,299,6,8,LMM-1,9.610470070840352,20.868210065726092,0.8083061083345427
200,299,6,8,LMM-2,9.35,19.234378555580953,0.6126700131186004
200,299,8,2,LMM-1,8.657959611145696,17.760201277136257,0.9285174488924337
200,299,8,2,LMM-2,8.55,17.156157181152576,0.8946639062229937
200,299,8,4,LMM-1,7.966096063323737,16.870540944117586,0.924369224558985
200,299,8,4,LMM-2,8.475,17.16219252102558,0.7978393876588324
200,299,8,6,LMM-1,8.437745944495855,17.92518530144445,0.8396451855211329
200,299,8,6,LMM-2,8.466666666666667,17.353886407572883,0.7161297256456118
200,299,8,8,LMM-1,8.119343190896858,17.480638927381257,0.8336308733018922
200,299,8,8,LMM-2,8.1625,16.752412411704242,0.6665765242907511
200,299,10,2,LMM-1,7.250257021222971,14.448706853078857,0.9483186097891838
200,299,10,2,LMM-2,7.5,14.705030563418555,0.9141210552461319
200,299,10,4,LMM-1,7.407635896935135,14.892629692768887,0.9449030267434736
200,299,10,4,LMM-2,7.15,13.755217687514541,0.8678484508784827
200,299,10,6,LMM-1,7.434904827422118,15.062620054355017,0.9404844721327044
200,299,10,6,LMM-2,7.466666666666667,14.354900650361936,0.8002490738090857
200,299,10,8,LMM-1,6.990104096380215,14.220260902843496,0.8888655334885097
200,299,10,8,LMM-2,7.5625,14.53728100713846,0.7545876280722884
