iteration,seed,num_publishers,num_users,arrival_window_used,chunking_mode,lmm,avg_hops,avg_delay,avg_success_rate
1,1200,4,2,20.0,without_chunking,LMM-1,18.0,17.650000000000013,0.6610500485480977
1,1200,4,2,20.0,without_chunking,LMM-2,18.0,17.650000000000013,0.6610500485480977
1,1200,4,2,20.0,with_chunking,LMM-1,16.0,15.750000000000012,0.48568150798901183
1,1200,4,2,20.0,with_chunking,LMM-2,16.0,15.750000000000012,0.48568150798901183
1,1200,4,4,40.0,without_chunking,LMM-1,18.0,17.649999999999974,0.601474429224288
1,1200,4,4,40.0,without_chunking,LMM-2,18.0,17.649999999999974,0.601474429224288
1,1200,4,4,40.0,with_chunking,LMM-1,16.0,15.74999999999998,0.40995071977269787
1,1200,4,4,40.0,with_chunking,LMM-2,16.0,15.74999999999998,0.40995071977269787
1,1200,4,6,60.0,without_chunking,LMM-1,18.0,17.64999999999996,0.5471737055727904
1,1200,4,6,60.0,without_chunking,LMM-2,18.0,17.64999999999996,0.5471737055727904
1,1200,4,6,60.0,with_chunking,LMM-1,16.0,15.749999999999964,0.346088885928885
1,1200,4,6,60.0,with_chunking,LMM-2,16.0,15.749999999999964,0.346088885928885
1,1200,4,8,80.0,without_chunking,LMM-1,18.0,17.64999999999997,0.4976917814728506
1,1200,4,8,80.0,without_chunking,LMM-2,18.0,17.64999999999997,0.4976917814728506
1,1200,4,8,80.0,with_chunking,LMM-1,16.0,15.749999999999975,0.29229806431793637
1,1200,4,8,80.0,with_chunking,LMM-2,16.0,15.749999999999975,0.29229806431793637
1,1200,6,2,20.0,without_chunking,LMM-1,14.0,13.850000000000012,0.7300104255572843
1,1200,6,2,20.0,without_chunking,LMM-2,14.0,13.850000000000012,0.7300104255572843
1,1200,6,2,20.0,with_chunking,LMM-1,14.0,13.850000000000012,0.5362315224922912
1,1200,6,2,20.0,with_chunking,LMM-2,14.0,13.850000000000012,0.5362315224922912
1,1200,6,4,40.0,without_chunking,LMM-1,14.0,13.849999999999985,0.6777535148051896
1,1200,6,4,40.0,without_chunking,LMM-2,14.0,13.849999999999985,0.6777535148051896
1,1200,6,4,40.0,with_chunking,LMM-1,14.0,13.849999999999985,0.461751422006832
1,1200,6,4,40.0,with_chunking,LMM-2,14.0,13.849999999999985,0.461751422006832
1,1200,6,6,60.0,without_chunking,LMM-1,14.0,13.849999999999968,0.6291101368198033
1,1200,6,6,60.0,without_chunking,LMM-2,14.0,13.849999999999968,0.6291101368198033
1,1200,6,6,60.0,with_chunking,LMM-1,14.0,13.849999999999968,0.3976264146163745
1,1200,6,6,60.0,with_chunking,LMM-2,14.0,13.849999999999968,0.3976264146163745
1,1200,6,8,80.0,without_chunking,LMM-1,14.0,13.849999999999977,0.5838410337219806
1,1200,6,8,80.0,without_chunking,LMM-2,14.0,13.849999999999977,0.5838410337219806
1,1200,6,8,80.0,with_chunking,LMM-1,14.0,13.849999999999977,0.34250061963439754
1,1200,6,8,80.0,with_chunking,LMM-2,14.0,13.849999999999977,0.34250061963439754
1,1200,8,2,20.0,without_chunking,LMM-1,11.0,11.000000000000007,0.783358374619094
1,1200,8,2,20.0,without_chunking,LMM-2,11.0,11.000000000000007,0.783358374619094
1,1200,8,2,20.0,with_chunking,LMM-1,12.5,12.425000000000008,0.5719449941811492
1,1200,8,2,20.0,with_chunking,LMM-2,12.5,12.425000000000008,0.5719449941811492
1,1200,8,4,40.0,without_chunking,LMM-1,11.0,10.99999999999999,0.739441076198341
1,1200,8,4,40.0,without_chunking,LMM-2,11.0,10.99999999999999,0.739441076198341
1,1200,8,4,40.0,with_chunking,LMM-1,12.5,12.424999999999986,0.5014757588123219
1,1200,8,4,40.0,with_chunking,LMM-2,12.5,12.424999999999986,0.5014757588123219
1,1200,8,6,60.0,without_chunking,LMM-1,11.0,10.999999999999977,0.6978527447926298
1,1200,8,6,60.0,without_chunking,LMM-2,11.0,10.999999999999977,0.6978527447926298
1,1200,8,6,60.0,with_chunking,LMM-1,12.5,12.424999999999974,0.43966315548129975
1,1200,8,6,60.0,with_chunking,LMM-2,12.5,12.424999999999974,0.43966315548129975
1,1200,8,8,80.0,without_chunking,LMM-1,11.0,10.99999999999998,0.6585693432291222
1,1200,8,8,80.0,without_chunking,LMM-2,11.0,10.99999999999998,0.6585693432291222
1,1200,8,8,80.0,with_chunking,LMM-1,12.5,12.42499999999998,0.38550010508411403
1,1200,8,8,80.0,with_chunking,LMM-2,12.5,12.42499999999998,0.38550010508411403
1,1200,10,2,20.0,without_chunking,LMM-1,9.0,9.100000000000005,0.8286599766071574
1,1200,10,2,20.0,without_chunking,LMM-2,9.0,9.100000000000005,0.8286599766071574
1,1200,10,2,20.0,with_chunking,LMM-1,10.0,10.050000000000004,0.6563770173476864
1,1200,10,2,20.0,with_chunking,LMM-2,10.0,10.050000000000004,0.6563770173476864
1,1200,10,4,40.0,without_chunking,LMM-1,9.0,9.09999999999999,0.7913416547934774
1,1200,10,4,40.0,without_chunking,LMM-2,9.0,9.09999999999999,0.7913416547934774
1,1200,10,4,40.0,with_chunking,LMM-1,10.0,10.04999999999999,0.5923323146556602
1,1200,10,4,40.0,with_chunking,LMM-2,10.0,10.04999999999999,0.5923323146556602
1,1200,10,6,60.0,without_chunking,LMM-1,9.0,9.09999999999998,0.7555777222942783
1,1200,10,6,60.0,without_chunking,LMM-2,9.0,9.09999999999998,0.7555777222942783
1,1200,10,6,60.0,with_chunking,LMM-1,10.0,10.049999999999978,0.5344568114836359
1,1200,10,6,60.0,with_chunking,LMM-2,10.0,10.049999999999978,0.5344568114836359
1,1200,10,8,80.0,without_chunking,LMM-1,9.0,9.099999999999984,0.7213775838441694
1,1200,10,8,80.0,without_chunking,LMM-2,9.0,9.099999999999984,0.7213775838441694
1,1200,10,8,80.0,with_chunking,LMM-1,10.0,10.049999999999981,0.48232792856010337
1,1200,10,8,80.0,with_chunking,LMM-2,10.0,10.049999999999981,0.48232792856010337
2,1201,4,2,20.0,without_chunking,LMM-1,12.0,11.95000000000001,0.759781360490748
2,1201,4,2,20.0,without_chunking,LMM-2,12.0,11.95000000000001,0.759781360490748
2,1201,4,2,20.0,with_chunking,LMM-1,11.0,11.000000000000007,0.6226822485482949
2,1201,4,2,20.0,with_chunking,LMM-2,11.0,11.000000000000007,0.6226822485482949
2,1201,4,4,40.0,without_chunking,LMM-1,12.0,11.949999999999989,0.7128514060446149
2,1201,4,4,40.0,without_chunking,LMM-2,12.0,11.949999999999989,0.7128514060446149
2,1201,4,4,40.0,with_chunking,LMM-1,11.0,10.99999999999999,0.55487136292379
2,1201,4,4,40.0,with_chunking,LMM-2,11.0,10.99999999999999,0.55487136292379
2,1201,4,6,60.0,without_chunking,LMM-1,12.0,11.949999999999974,0.6686852712325517
2,1201,4,6,60.0,without_chunking,LMM-2,12.0,11.949999999999974,0.6686852712325517
2,1201,4,6,60.0,with_chunking,LMM-1,11.0,10.999999999999977,0.4943829686682637
2,1201,4,6,60.0,with_chunking,LMM-2,11.0,10.999999999999977,0.4943829686682637
2,1201,4,8,80.0,without_chunking,LMM-1,12.0,11.94999999999998,0.6277934436008703
2,1201,4,8,80.0,without_chunking,LMM-2,12.0,11.94999999999998,0.6277934436008703
2,1201,4,8,80.0,with_chunking,LMM-1,11.0,10.99999999999998,0.44088561735181075
2,1201,4,8,80.0,with_chunking,LMM-2,11.0,10.99999999999998,0.44088561735181075
2,1201,6,2,20.0,without_chunking,LMM-1,10.0,10.050000000000006,0.8117169887823187
2,1201,6,2,20.0,without_chunking,LMM-2,10.0,10.050000000000006,0.8117169887823187
2,1201,6,2,20.0,with_chunking,LMM-1,10.0,10.050000000000006,0.6678138303245725
2,1201,6,2,20.0,with_chunking,LMM-2,10.0,10.050000000000006,0.6678138303245725
2,1201,6,4,40.0,without_chunking,LMM-1,10.0,10.04999999999999,0.7709112147902744
2,1201,6,4,40.0,without_chunking,LMM-2,10.0,10.04999999999999,0.7709112147902744
2,1201,6,4,40.0,with_chunking,LMM-1,10.0,10.04999999999999,0.6026400531626384
2,1201,6,4,40.0,with_chunking,LMM-2,10.0,10.04999999999999,0.6026400531626384
2,1201,6,6,60.0,without_chunking,LMM-1,10.0,10.049999999999978,0.7320259129525815
2,1201,6,6,60.0,without_chunking,LMM-2,10.0,10.049999999999978,0.7320259129525815
2,1201,6,6,60.0,with_chunking,LMM-1,10.0,10.049999999999978,0.5437451910452888
2,1201,6,6,60.0,with_chunking,LMM-2,10.0,10.049999999999978,0.5437451910452888
2,1201,6,8,80.0,without_chunking,LMM-1,10.0,10.049999999999981,0.6951773847857502
2,1201,6,8,80.0,without_chunking,LMM-2,10.0,10.049999999999981,0.6951773847857502
2,1201,6,8,80.0,with_chunking,LMM-1,10.0,10.049999999999981,0.4906932472711991
2,1201,6,8,80.0,with_chunking,LMM-2,10.0,10.049999999999981,0.4906932472711991
2,1201,8,2,20.0,without_chunking,LMM-1,10.0,10.050000000000006,0.8117169887823187
2,1201,8,2,20.0,without_chunking,LMM-2,10.0,10.050000000000006,0.8117169887823187
2,1201,8,2,20.0,with_chunking,LMM-1,9.5,9.575000000000005,0.6896610282790862
2,1201,8,2,20.0,with_chunking,LMM-2,9.5,9.575000000000005,0.6896610282790862
2,1201,8,4,40.0,without_chunking,LMM-1,10.0,10.04999999999999,0.7709112147902744
2,1201,8,4,40.0,without_chunking,LMM-2,10.0,10.04999999999999,0.7709112147902744
2,1201,8,4,40.0,with_chunking,LMM-1,9.5,9.57499999999999,0.6261752313702078
2,1201,8,4,40.0,with_chunking,LMM-2,9.5,9.57499999999999,0.6261752313702078
2,1201,8,6,60.0,without_chunking,LMM-1,10.0,10.049999999999978,0.7320259129525815
2,1201,8,6,60.0,without_chunking,LMM-2,10.0,10.049999999999978,0.7320259129525815
2,1201,8,6,60.0,with_chunking,LMM-1,9.5,9.57499999999998,0.5684435197215916
2,1201,8,6,60.0,with_chunking,LMM-2,9.5,9.57499999999998,0.5684435197215916
2,1201,8,8,80.0,without_chunking,LMM-1,10.0,10.049999999999981,0.6951773847857502
2,1201,8,8,80.0,without_chunking,LMM-2,10.0,10.049999999999981,0.6951773847857502
2,1201,8,8,80.0,with_chunking,LMM-1,9.5,9.574999999999982,0.5160956828290372
2,1201,8,8,80.0,with_chunking,LMM-2,9.5,9.574999999999982,0.5160956828290372
2,1201,10,2,20.0,without_chunking,LMM-1,9.0,9.100000000000005,0.8415179418394014
2,1201,10,2,20.0,without_chunking,LMM-2,9.0,9.100000000000005,0.8415179418394014
2,1201,10,2,20.0,with_chunking,LMM-1,9.0,9.100000000000005,0.8415179418394014
2,1201,10,2,20.0,with_chunking,LMM-2,9.0,9.100000000000005,0.8415179418394014
2,1201,10,4,40.0,without_chunking,LMM-1,9.0,9.09999999999999,0.8044779462212291
2,1201,10,4,40.0,without_chunking,LMM-2,9.0,9.09999999999999,0.8044779462212291
2,1201,10,4,40.0,with_chunking,LMM-1,9.0,9.09999999999999,0.8044779462212291
2,1201,10,4,40.0,with_chunking,LMM-2,9.0,9.09999999999999,0.8044779462212291
2,1201,10,6,60.0,without_chunking,LMM-1,9.0,9.09999999999998,0.7689460821428444
2,1201,10,6,60.0,without_chunking,LMM-2,9.0,9.09999999999998,0.7689460821428444
2,1201,10,6,60.0,with_chunking,LMM-1,9.0,9.09999999999998,0.7689460821428444
2,1201,10,6,60.0,with_chunking,LMM-2,9.0,9.09999999999998,0.7689460821428444
2,1201,10,8,80.0,without_chunking,LMM-1,9.0,9.099999999999984,0.7348666050066949
2,1201,10,8,80.0,without_chunking,LMM-2,9.0,9.099999999999984,0.7348666050066949
2,1201,10,8,80.0,with_chunking,LMM-1,9.0,9.099999999999984,0.7348666050066949
2,1201,10,8,80.0,with_chunking,LMM-2,9.0,9.099999999999984,0.7348666050066949
3,1202,4,2,20.0,without_chunking,LMM-1,12.0,11.95000000000001,0.7642116024680589
3,1202,4,2,20.0,without_chunking,LMM-2,12.0,11.95000000000001,0.7642116024680589
3,1202,4,2,20.0,with_chunking,LMM-1,12.0,11.95000000000001,0.7642116024680589
3,1202,4,2,20.0,with_chunking,LMM-2,12.0,11.95000000000001,0.7642116024680589
3,1202,4,4,40.0,without_chunking,LMM-1,12.0,11.949999999999989,0.7169537912198818
3,1202,4,4,40.0,without_chunking,LMM-2,12.0,11.949999999999989,0.7169537912198818
3,1202,4,4,40.0,with_chunking,LMM-1,12.0,11.949999999999989,0.7169537912198818
3,1202,4,4,40.0,with_chunking,LMM-2,12.0,11.949999999999989,0.7169537912198818
3,1202,4,6,60.0,without_chunking,LMM-1,12.0,11.949999999999974,0.6724824475223636
3,1202,4,6,60.0,without_chunking,LMM-2,12.0,11.949999999999974,0.6724824475223636
3,1202,4,6,60.0,with_chunking,LMM-1,12.0,11.949999999999974,0.6724824475223636
3,1202,4,6,60.0,with_chunking,LMM-2,12.0,11.949999999999974,0.6724824475223636
3,1202,4,8,80.0,without_chunking,LMM-1,12.0,11.94999999999998,0.630922228450969
3,1202,4,8,80.0,without_chunking,LMM-2,12.0,11.94999999999998,0.630922228450969
3,1202,4,8,80.0,with_chunking,LMM-1,12.0,11.94999999999998,0.630922228450969
3,1202,4,8,80.0,with_chunking,LMM-2,12.0,11.94999999999998,0.630922228450969
3,1202,6,2,20.0,without_chunking,LMM-1,10.0,10.050000000000006,0.8074414063534863
3,1202,6,2,20.0,without_chunking,LMM-2,10.0,10.050000000000006,0.8074414063534863
3,1202,6,2,20.0,with_chunking,LMM-1,10.0,10.050000000000006,0.8074414063534863
3,1202,6,2,20.0,with_chunking,LMM-2,10.0,10.050000000000006,0.8074414063534863
3,1202,6,4,40.0,without_chunking,LMM-1,10.0,10.04999999999999,0.7670151235843566
3,1202,6,4,40.0,without_chunking,LMM-2,10.0,10.04999999999999,0.7670151235843566
3,1202,6,4,40.0,with_chunking,LMM-1,10.625,10.64374999999999,0.6643006415918301
3,1202,6,4,40.0,with_chunking,LMM-2,10.625,10.64374999999999,0.6643006415918301
3,1202,6,6,60.0,without_chunking,LMM-1,10.0,10.049999999999978,0.7284839357638957
3,1202,6,6,60.0,without_chunking,LMM-2,10.0,10.049999999999978,0.7284839357638957
3,1202,6,6,60.0,with_chunking,LMM-1,10.5,10.524999999999977,0.6403411526491141
3,1202,6,6,60.0,with_chunking,LMM-2,10.5,10.524999999999977,0.6403411526491141
3,1202,6,8,80.0,without_chunking,LMM-1,10.0,10.049999999999981,0.691921187737689
3,1202,6,8,80.0,without_chunking,LMM-2,10.0,10.049999999999981,0.691921187737689
3,1202,6,8,80.0,with_chunking,LMM-1,10.5,10.52499999999998,0.6000898632579763
3,1202,6,8,80.0,with_chunking,LMM-2,10.5,10.52499999999998,0.6000898632579763
3,1202,8,2,20.0,without_chunking,LMM-1,10.0,10.050000000000006,0.8199732990720354
3,1202,8,2,20.0,without_chunking,LMM-2,10.0,10.050000000000006,0.8199732990720354
3,1202,8,2,20.0,with_chunking,LMM-1,10.0,10.050000000000006,0.6611603278953888
3,1202,8,2,20.0,with_chunking,LMM-2,10.0,10.050000000000006,0.6611603278953888
3,1202,8,4,40.0,without_chunking,LMM-1,10.0,10.04999999999999,0.7877772268730403
3,1202,8,4,40.0,without_chunking,LMM-2,10.0,10.04999999999999,0.7877772268730403
3,1202,8,4,40.0,with_chunking,LMM-1,10.0,10.04999999999999,0.6033048695968077
3,1202,8,4,40.0,with_chunking,LMM-2,10.0,10.04999999999999,0.6033048695968077
3,1202,8,6,60.0,without_chunking,LMM-1,10.0,10.049999999999978,0.7567566585409338
3,1202,8,6,60.0,without_chunking,LMM-2,10.0,10.049999999999978,0.7567566585409338
3,1202,8,6,60.0,with_chunking,LMM-1,10.0,10.049999999999978,0.5504368618888846
3,1202,8,6,60.0,with_chunking,LMM-2,10.0,10.049999999999978,0.5504368618888846
3,1202,8,8,80.0,without_chunking,LMM-1,10.0,10.049999999999981,0.726872320777574
3,1202,8,8,80.0,without_chunking,LMM-2,10.0,10.049999999999981,0.726872320777574
3,1202,8,8,80.0,with_chunking,LMM-1,10.0,10.049999999999981,0.5022707623242684
3,1202,8,8,80.0,with_chunking,LMM-2,10.0,10.049999999999981,0.5022707623242684
3,1202,10,2,20.0,without_chunking,LMM-1,9.0,9.100000000000005,0.8384608834251905
3,1202,10,2,20.0,without_chunking,LMM-2,8.0,8.150000000000004,0.8768131407078033
3,1202,10,2,20.0,with_chunking,LMM-1,8.5,8.625000000000004,0.7159216834049748
3,1202,10,2,20.0,with_chunking,LMM-2,8.25,8.387500000000005,0.7436128706856718
3,1202,10,4,40.0,without_chunking,LMM-1,9.0,9.09999999999999,0.801546704371449
3,1202,10,4,40.0,without_chunking,LMM-2,8.0,8.149999999999991,0.8425565784712077
3,1202,10,4,40.0,with_chunking,LMM-1,8.5,8.624999999999991,0.6577082772828471
3,1202,10,4,40.0,with_chunking,LMM-2,8.479166666666668,8.605208333333325,0.6563982782208668
3,1202,10,6,60.0,without_chunking,LMM-1,9.0,9.09999999999998,0.7661359552537355
3,1202,10,6,60.0,without_chunking,LMM-2,8.0,8.149999999999983,0.8095184397618022
3,1202,10,6,60.0,with_chunking,LMM-1,8.5,8.62499999999998,0.6041267397693525
3,1202,10,6,60.0,with_chunking,LMM-2,8.527777777777779,8.65138888888887,0.5853497592256907
3,1202,10,8,80.0,without_chunking,LMM-1,9.0,9.099999999999984,0.7321730467038251
3,1202,10,8,80.0,without_chunking,LMM-2,8.0,8.149999999999984,0.7776601961465572
3,1202,10,8,80.0,with_chunking,LMM-1,8.5,8.624999999999984,0.5548188670285064
3,1202,10,8,80.0,with_chunking,LMM-2,8.15625,8.298437499999984,0.5655117796371659
4,1203,4,2,20.0,without_chunking,LMM-1,15.0,14.800000000000011,0.7070898012749737
4,1203,4,2,20.0,without_chunking,LMM-2,15.0,14.800000000000011,0.7070898012749737
4,1203,4,2,20.0,with_chunking,LMM-1,15.0,14.800000000000011,0.7070898012749737
4,1203,4,2,20.0,with_chunking,LMM-2,15.0,14.800000000000011,0.7070898012749737
4,1203,4,4,40.0,without_chunking,LMM-1,15.0,14.799999999999981,0.652599846840054
4,1203,4,4,40.0,without_chunking,LMM-2,15.0,14.799999999999981,0.652599846840054
4,1203,4,4,40.0,with_chunking,LMM-1,15.0,14.799999999999981,0.652599846840054
4,1203,4,4,40.0,with_chunking,LMM-2,15.0,14.799999999999981,0.652599846840054
4,1203,4,6,60.0,without_chunking,LMM-1,15.0,14.799999999999967,0.6021871549503114
4,1203,4,6,60.0,without_chunking,LMM-2,15.0,14.799999999999967,0.6021871549503114
4,1203,4,6,60.0,with_chunking,LMM-1,15.0,14.799999999999967,0.6021871549503114
4,1203,4,6,60.0,with_chunking,LMM-2,15.0,14.799999999999967,0.6021871549503114
4,1203,4,8,80.0,without_chunking,LMM-1,15.0,14.799999999999976,0.5555756669255507
4,1203,4,8,80.0,without_chunking,LMM-2,15.0,14.799999999999976,0.5555756669255507
4,1203,4,8,80.0,with_chunking,LMM-1,15.0,14.799999999999976,0.5555756669255507
4,1203,4,8,80.0,with_chunking,LMM-2,15.0,14.799999999999976,0.5555756669255507
4,1203,6,2,20.0,without_chunking,LMM-1,15.0,14.800000000000011,0.7070898012749737
4,1203,6,2,20.0,without_chunking,LMM-2,15.0,14.800000000000011,0.7070898012749737
4,1203,6,2,20.0,with_chunking,LMM-1,15.0,14.800000000000011,0.7070898012749737
4,1203,6,2,20.0,with_chunking,LMM-2,15.0,14.800000000000011,0.7070898012749737
4,1203,6,4,40.0,without_chunking,LMM-1,15.0,14.799999999999981,0.652599846840054
4,1203,6,4,40.0,without_chunking,LMM-2,15.0,14.799999999999981,0.652599846840054
4,1203,6,4,40.0,with_chunking,LMM-1,15.0,14.799999999999981,0.652599846840054
4,1203,6,4,40.0,with_chunking,LMM-2,15.0,14.799999999999981,0.652599846840054
4,1203,6,6,60.0,without_chunking,LMM-1,15.0,14.799999999999967,0.6021871549503114
4,1203,6,6,60.0,without_chunking,LMM-2,15.0,14.799999999999967,0.6021871549503114
4,1203,6,6,60.0,with_chunking,LMM-1,15.0,14.799999999999967,0.6021871549503114
4,1203,6,6,60.0,with_chunking,LMM-2,15.0,14.799999999999967,0.6021871549503114
4,1203,6,8,80.0,without_chunking,LMM-1,15.0,14.799999999999976,0.5555756669255507
4,1203,6,8,80.0,without_chunking,LMM-2,15.0,14.799999999999976,0.5555756669255507
4,1203,6,8,80.0,with_chunking,LMM-1,15.0,14.799999999999976,0.5555756669255507
4,1203,6,8,80.0,with_chunking,LMM-2,15.0,14.799999999999976,0.5555756669255507
4,1203,8,2,20.0,without_chunking,LMM-1,13.0,12.90000000000001,0.7396819272620682
4,1203,8,2,20.0,without_chunking,LMM-2,13.0,12.90000000000001,0.7396819272620682
4,1203,8,2,20.0,with_chunking,LMM-1,13.0,12.90000000000001,0.7396819272620682
4,1203,8,2,20.0,with_chunking,LMM-2,13.0,12.90000000000001,0.7396819272620682
4,1203,8,4,40.0,without_chunking,LMM-1,13.0,12.899999999999986,0.6904644330435494
4,1203,8,4,40.0,without_chunking,LMM-2,13.0,12.899999999999986,0.6904644330435494
4,1203,8,4,40.0,with_chunking,LMM-1,13.0,12.899999999999986,0.6904644330435494
4,1203,8,4,40.0,with_chunking,LMM-2,13.0,12.899999999999986,0.6904644330435494
4,1203,8,6,60.0,without_chunking,LMM-1,13.0,12.899999999999972,0.644392327131089
4,1203,8,6,60.0,without_chunking,LMM-2,13.0,12.899999999999972,0.644392327131089
4,1203,8,6,60.0,with_chunking,LMM-1,13.0,12.899999999999972,0.644392327131089
4,1203,8,6,60.0,with_chunking,LMM-2,13.0,12.899999999999972,0.644392327131089
4,1203,8,8,80.0,without_chunking,LMM-1,13.0,12.899999999999977,0.6012976255452667
4,1203,8,8,80.0,without_chunking,LMM-2,13.0,12.899999999999977,0.6012976255452667
4,1203,8,8,80.0,with_chunking,LMM-1,13.0,12.899999999999977,0.6012976255452667
4,1203,8,8,80.0,with_chunking,LMM-2,13.0,12.899999999999977,0.6012976255452667
4,1203,10,2,20.0,without_chunking,LMM-1,9.0,9.100000000000005,0.8244645347238488
4,1203,10,2,20.0,without_chunking,LMM-2,9.0,9.100000000000005,0.8244645347238488
4,1203,10,2,20.0,with_chunking,LMM-1,9.0,9.100000000000005,0.8244645347238488
4,1203,10,2,20.0,with_chunking,LMM-2,9.0,9.100000000000005,0.8244645347238488
4,1203,10,4,40.0,without_chunking,LMM-1,9.0,9.09999999999999,0.7870236465764611
4,1203,10,4,40.0,without_chunking,LMM-2,9.0,9.09999999999999,0.7870236465764611
4,1203,10,4,40.0,with_chunking,LMM-1,9.0,9.09999999999999,0.7870236465764611
4,1203,10,4,40.0,with_chunking,LMM-2,9.0,9.09999999999999,0.7870236465764611
4,1203,10,6,60.0,without_chunking,LMM-1,9.0,9.09999999999998,0.7511550523080357
4,1203,10,6,60.0,without_chunking,LMM-2,9.0,9.09999999999998,0.7511550523080357
4,1203,10,6,60.0,with_chunking,LMM-1,9.0,9.09999999999998,0.7511550523080357
4,1203,10,6,60.0,with_chunking,LMM-2,9.0,9.09999999999998,0.7511550523080357
4,1203,10,8,80.0,without_chunking,LMM-1,9.0,9.099999999999984,0.7169638719347486
4,1203,10,8,80.0,without_chunking,LMM-2,9.0,9.099999999999984,0.7169638719347486
4,1203,10,8,80.0,with_chunking,LMM-1,9.0,9.099999999999984,0.7169638719347486
4,1203,10,8,80.0,with_chunking,LMM-2,9.0,9.099999999999984,0.7169638719347486
5,1204,4,2,20.0,without_chunking,LMM-1,14.0,13.850000000000012,0.7302715807697133
5,1204,4,2,20.0,without_chunking,LMM-2,14.0,13.850000000000012,0.7302715807697133
5,1204,4,2,20.0,with_chunking,LMM-1,14.0,13.850000000000012,0.7302715807697133
5,1204,4,2,20.0,with_chunking,LMM-2,14.0,13.850000000000012,0.7302715807697133
5,1204,4,4,40.0,without_chunking,LMM-1,14.0,13.849999999999985,0.67780053254364
5,1204,4,4,40.0,without_chunking,LMM-2,14.0,13.849999999999985,0.67780053254364
5,1204,4,4,40.0,with_chunking,LMM-1,14.0,13.849999999999985,0.67780053254364
5,1204,4,4,40.0,with_chunking,LMM-2,14.0,13.849999999999985,0.67780053254364
5,1204,4,6,60.0,without_chunking,LMM-1,14.0,13.849999999999968,0.6289714951634694
5,1204,4,6,60.0,without_chunking,LMM-2,14.0,13.849999999999968,0.6289714951634694
5,1204,4,6,60.0,with_chunking,LMM-1,14.0,13.849999999999968,0.6289714951634694
5,1204,4,6,60.0,with_chunking,LMM-2,14.0,13.849999999999968,0.6289714951634694
5,1204,4,8,80.0,without_chunking,LMM-1,14.0,13.849999999999977,0.5836155229543032
5,1204,4,8,80.0,without_chunking,LMM-2,14.0,13.849999999999977,0.5836155229543032
5,1204,4,8,80.0,with_chunking,LMM-1,14.0,13.849999999999977,0.5836155229543032
5,1204,4,8,80.0,with_chunking,LMM-2,14.0,13.849999999999977,0.5836155229543032
5,1204,6,2,20.0,without_chunking,LMM-1,12.0,11.95000000000001,0.7688703358189068
5,1204,6,2,20.0,without_chunking,LMM-2,12.0,11.95000000000001,0.7688703358189068
5,1204,6,2,20.0,with_chunking,LMM-1,12.0,11.95000000000001,0.7688703358189068
5,1204,6,2,20.0,with_chunking,LMM-2,12.0,11.95000000000001,0.7688703358189068
5,1204,6,4,40.0,without_chunking,LMM-1,12.0,11.949999999999989,0.7217448275831939
5,1204,6,4,40.0,without_chunking,LMM-2,12.0,11.949999999999989,0.7217448275831939
5,1204,6,4,40.0,with_chunking,LMM-1,12.0,11.949999999999989,0.7217448275831939
5,1204,6,4,40.0,with_chunking,LMM-2,12.0,11.949999999999989,0.7217448275831939
5,1204,6,6,60.0,without_chunking,LMM-1,12.0,11.949999999999974,0.6773738643514602
5,1204,6,6,60.0,without_chunking,LMM-2,12.0,11.949999999999974,0.6773738643514602
5,1204,6,6,60.0,with_chunking,LMM-1,12.0,11.949999999999974,0.6773738643514602
5,1204,6,6,60.0,with_chunking,LMM-2,12.0,11.949999999999974,0.6773738643514602
5,1204,6,8,80.0,without_chunking,LMM-1,12.0,11.94999999999998,0.6357092974121319
5,1204,6,8,80.0,without_chunking,LMM-2,12.0,11.94999999999998,0.6357092974121319
5,1204,6,8,80.0,with_chunking,LMM-1,12.0,11.94999999999998,0.6357092974121319
5,1204,6,8,80.0,with_chunking,LMM-2,12.0,11.94999999999998,0.6357092974121319
5,1204,8,2,20.0,without_chunking,LMM-1,10.0,10.050000000000006,0.8152456830617643
5,1204,8,2,20.0,without_chunking,LMM-2,10.0,10.050000000000006,0.8152456830617643
5,1204,8,2,20.0,with_chunking,LMM-1,10.0,10.050000000000006,0.6626776287957739
5,1204,8,2,20.0,with_chunking,LMM-2,10.0,10.050000000000006,0.6626776287957739
5,1204,8,4,40.0,without_chunking,LMM-1,10.0,10.04999999999999,0.7743515285054113
5,1204,8,4,40.0,without_chunking,LMM-2,10.0,10.04999999999999,0.7743515285054113
5,1204,8,4,40.0,with_chunking,LMM-1,10.0,10.04999999999999,0.5980756781384777
5,1204,8,4,40.0,with_chunking,LMM-2,10.0,10.04999999999999,0.5980756781384777
5,1204,8,6,60.0,without_chunking,LMM-1,10.0,10.049999999999978,0.7353781700751394
5,1204,8,6,60.0,without_chunking,LMM-2,10.0,10.049999999999978,0.7353781700751394
5,1204,8,6,60.0,with_chunking,LMM-1,10.0,10.049999999999978,0.5396915530073843
5,1204,8,6,60.0,with_chunking,LMM-2,10.0,10.049999999999978,0.5396915530073843
5,1204,8,8,80.0,without_chunking,LMM-1,10.0,10.049999999999981,0.6983343016602889
5,1204,8,8,80.0,without_chunking,LMM-2,10.0,10.049999999999981,0.6983343016602889
5,1204,8,8,80.0,with_chunking,LMM-1,10.0,10.049999999999981,0.48703871738980686
5,1204,8,8,80.0,with_chunking,LMM-2,10.0,10.049999999999981,0.48703871738980686
5,1204,10,2,20.0,without_chunking,LMM-1,8.0,8.150000000000004,0.857584951420206
5,1204,10,2,20.0,without_chunking,LMM-2,8.0,8.150000000000004,0.857584951420206
5,1204,10,2,20.0,with_chunking,LMM-1,9.333333333333334,9.416666666666671,0.5811302846278987
5,1204,10,2,20.0,with_chunking,LMM-2,8.75,8.862500000000004,0.6135991525778128
5,1204,10,4,40.0,without_chunking,LMM-1,8.0,8.149999999999991,0.8238236125562018
5,1204,10,4,40.0,without_chunking,LMM-2,8.0,8.149999999999991,0.8238236125562018
5,1204,10,4,40.0,with_chunking,LMM-1,9.333333333333334,9.416666666666657,0.5040653738461655
5,1204,10,4,40.0,with_chunking,LMM-2,7.604166666666667,7.773958333333325,0.6428142562353292
5,1204,10,6,60.0,without_chunking,LMM-1,8.0,8.149999999999983,0.7912720657474239
5,1204,10,6,60.0,without_chunking,LMM-2,8.0,8.149999999999983,0.7912720657474239
5,1204,10,6,60.0,with_chunking,LMM-1,9.333333333333334,9.416666666666645,0.43722975228052574
5,1204,10,6,60.0,with_chunking,LMM-2,7.708333333333334,7.872916666666649,0.5913626848412314
5,1204,10,8,80.0,without_chunking,LMM-1,8.0,8.149999999999984,0.7599799318139699
5,1204,10,8,80.0,without_chunking,LMM-2,8.0,8.149999999999984,0.7599799318139699
5,1204,10,8,80.0,with_chunking,LMM-1,9.333333333333334,9.416666666666648,0.379338551394208
5,1204,10,8,80.0,with_chunking,LMM-2,7.75,7.912499999999985,0.5327644907726693
6,1205,4,2,20.0,without_chunking,LMM-1,13.0,12.90000000000001,0.7548931572946918
6,1205,4,2,20.0,without_chunking,LMM-2,13.0,12.90000000000001,0.7548931572946918
6,1205,4,2,20.0,with_chunking,LMM-1,13.0,12.90000000000001,0.7548931572946918
6,1205,4,2,20.0,with_chunking,LMM-2,13.0,12.90000000000001,0.7548931572946918
6,1205,4,4,40.0,without_chunking,LMM-1,13.0,12.899999999999986,0.705374923724079
6,1205,4,4,40.0,without_chunking,LMM-2,13.0,12.899999999999986,0.705374923724079
6,1205,4,4,40.0,with_chunking,LMM-1,13.0,12.899999999999986,0.705374923724079
6,1205,4,4,40.0,with_chunking,LMM-2,13.0,12.899999999999986,0.705374923724079
6,1205,4,6,60.0,without_chunking,LMM-1,13.0,12.899999999999972,0.658975513241755
6,1205,4,6,60.0,without_chunking,LMM-2,13.0,12.899999999999972,0.658975513241755
6,1205,4,6,60.0,with_chunking,LMM-1,13.0,12.899999999999972,0.658975513241755
6,1205,4,6,60.0,with_chunking,LMM-2,13.0,12.899999999999972,0.658975513241755
6,1205,4,8,80.0,without_chunking,LMM-1,13.0,12.899999999999977,0.6159317098411805
6,1205,4,8,80.0,without_chunking,LMM-2,13.0,12.899999999999977,0.6159317098411805
6,1205,4,8,80.0,with_chunking,LMM-1,13.0,12.899999999999977,0.6159317098411805
6,1205,4,8,80.0,with_chunking,LMM-2,13.0,12.899999999999977,0.6159317098411805
6,1205,6,2,20.0,without_chunking,LMM-1,13.0,12.90000000000001,0.7548931572946918
6,1205,6,2,20.0,without_chunking,LMM-2,13.0,12.90000000000001,0.7548931572946918
6,1205,6,2,20.0,with_chunking,LMM-1,13.0,12.90000000000001,0.7548931572946918
6,1205,6,2,20.0,with_chunking,LMM-2,13.0,12.90000000000001,0.7548931572946918
6,1205,6,4,40.0,without_chunking,LMM-1,13.0,12.899999999999986,0.705374923724079
6,1205,6,4,40.0,without_chunking,LMM-2,13.0,12.899999999999986,0.705374923724079
6,1205,6,4,40.0,with_chunking,LMM-1,13.0,12.899999999999986,0.705374923724079
6,1205,6,4,40.0,with_chunking,LMM-2,13.0,12.899999999999986,0.705374923724079
6,1205,6,6,60.0,without_chunking,LMM-1,13.0,12.899999999999972,0.658975513241755
6,1205,6,6,60.0,without_chunking,LMM-2,13.0,12.899999999999972,0.658975513241755
6,1205,6,6,60.0,with_chunking,LMM-1,13.0,12.899999999999972,0.658975513241755
6,1205,6,6,60.0,with_chunking,LMM-2,13.0,12.899999999999972,0.658975513241755
6,1205,6,8,80.0,without_chunking,LMM-1,13.0,12.899999999999977,0.6159317098411805
6,1205,6,8,80.0,without_chunking,LMM-2,13.0,12.899999999999977,0.6159317098411805
6,1205,6,8,80.0,with_chunking,LMM-1,13.0,12.899999999999977,0.6159317098411805
6,1205,6,8,80.0,with_chunking,LMM-2,13.0,12.899999999999977,0.6159317098411805
6,1205,8,2,20.0,without_chunking,LMM-1,10.5,10.525000000000006,0.8189565058534791
6,1205,8,2,20.0,without_chunking,LMM-2,10.5,10.525000000000006,0.8189565058534791
6,1205,8,2,20.0,with_chunking,LMM-1,10.5,10.525000000000006,0.8189565058534791
6,1205,8,2,20.0,with_chunking,LMM-2,10.5,10.525000000000006,0.8189565058534791
6,1205,8,4,40.0,without_chunking,LMM-1,10.5,10.52499999999999,0.7896831187368459
6,1205,8,4,40.0,without_chunking,LMM-2,10.5,10.52499999999999,0.7896831187368459
6,1205,8,4,40.0,with_chunking,LMM-1,10.5,10.52499999999999,0.7896831187368459
6,1205,8,4,40.0,with_chunking,LMM-2,10.5,10.52499999999999,0.7896831187368459
6,1205,8,6,60.0,without_chunking,LMM-1,10.5,10.524999999999977,0.7613862274243863
6,1205,8,6,60.0,without_chunking,LMM-2,10.5,10.524999999999977,0.7613862274243863
6,1205,8,6,60.0,with_chunking,LMM-1,10.5,10.524999999999977,0.7613862274243863
6,1205,8,6,60.0,with_chunking,LMM-2,10.5,10.524999999999977,0.7613862274243863
6,1205,8,8,80.0,without_chunking,LMM-1,10.5,10.52499999999998,0.734035856173957
6,1205,8,8,80.0,without_chunking,LMM-2,10.5,10.52499999999998,0.734035856173957
6,1205,8,8,80.0,with_chunking,LMM-1,10.5,10.52499999999998,0.734035856173957
6,1205,8,8,80.0,with_chunking,LMM-2,10.5,10.52499999999998,0.734035856173957
6,1205,10,2,20.0,without_chunking,LMM-1,11.0,11.000000000000007,0.8047839852738514
6,1205,10,2,20.0,without_chunking,LMM-2,11.0,11.000000000000007,0.8047839852738514
6,1205,10,2,20.0,with_chunking,LMM-1,11.0,11.000000000000007,0.8047839852738514
6,1205,10,2,20.0,with_chunking,LMM-2,11.0,11.000000000000007,0.8047839852738514
6,1205,10,4,40.0,without_chunking,LMM-1,11.0,10.99999999999999,0.7610626146338457
6,1205,10,4,40.0,without_chunking,LMM-2,11.0,10.99999999999999,0.7610626146338457
6,1205,10,4,40.0,with_chunking,LMM-1,11.0,10.99999999999999,0.7610626146338457
6,1205,10,4,40.0,with_chunking,LMM-2,11.0,10.99999999999999,0.7610626146338457
6,1205,10,6,60.0,without_chunking,LMM-1,11.0,10.999999999999977,0.7195877436674816
6,1205,10,6,60.0,without_chunking,LMM-2,11.0,10.999999999999977,0.7195877436674816
6,1205,10,6,60.0,with_chunking,LMM-1,11.0,10.999999999999977,0.7195877436674816
6,1205,10,6,60.0,with_chunking,LMM-2,11.0,10.999999999999977,0.7195877436674816
6,1205,10,8,80.0,without_chunking,LMM-1,11.0,10.99999999999998,0.680287996920411
6,1205,10,8,80.0,without_chunking,LMM-2,11.0,10.99999999999998,0.680287996920411
6,1205,10,8,80.0,with_chunking,LMM-1,11.0,10.99999999999998,0.680287996920411
6,1205,10,8,80.0,with_chunking,LMM-2,11.0,10.99999999999998,0.680287996920411
7,1206,4,2,20.0,without_chunking,LMM-1,11.0,11.000000000000007,0.8039529887479813
7,1206,4,2,20.0,without_chunking,LMM-2,11.0,11.000000000000007,0.8039529887479813
7,1206,4,2,20.0,with_chunking,LMM-1,11.0,11.000000000000007,0.8039529887479813
7,1206,4,2,20.0,with_chunking,LMM-2,11.0,11.000000000000007,0.8039529887479813
7,1206,4,4,40.0,without_chunking,LMM-1,11.0,10.99999999999999,0.7740225759562891
7,1206,4,4,40.0,without_chunking,LMM-2,11.0,10.99999999999999,0.7740225759562891
7,1206,4,4,40.0,with_chunking,LMM-1,11.0,10.99999999999999,0.7740225759562891
7,1206,4,4,40.0,with_chunking,LMM-2,11.0,10.99999999999999,0.7740225759562891
7,1206,4,6,60.0,without_chunking,LMM-1,11.0,10.999999999999977,0.7451369313037737
7,1206,4,6,60.0,without_chunking,LMM-2,11.0,10.999999999999977,0.7451369313037737
7,1206,4,6,60.0,with_chunking,LMM-1,11.0,10.999999999999977,0.7451369313037737
7,1206,4,6,60.0,with_chunking,LMM-2,11.0,10.999999999999977,0.7451369313037737
7,1206,4,8,80.0,without_chunking,LMM-1,11.0,10.99999999999998,0.7172623129623712
7,1206,4,8,80.0,without_chunking,LMM-2,11.0,10.99999999999998,0.7172623129623712
7,1206,4,8,80.0,with_chunking,LMM-1,11.0,10.99999999999998,0.7172623129623712
7,1206,4,8,80.0,with_chunking,LMM-2,11.0,10.99999999999998,0.7172623129623712
7,1206,6,2,20.0,without_chunking,LMM-1,11.0,11.000000000000007,0.7949916603450424
7,1206,6,2,20.0,without_chunking,LMM-2,11.0,11.000000000000007,0.7949916603450424
7,1206,6,2,20.0,with_chunking,LMM-1,10.5,10.525000000000006,0.6344415101958305
7,1206,6,2,20.0,with_chunking,LMM-2,10.5,10.525000000000006,0.6344415101958305
7,1206,6,4,40.0,without_chunking,LMM-1,11.0,10.99999999999999,0.7554844299438042
7,1206,6,4,40.0,without_chunking,LMM-2,11.0,10.99999999999999,0.7554844299438042
7,1206,6,4,40.0,with_chunking,LMM-1,10.5,10.52499999999999,0.572095753786783
7,1206,6,4,40.0,with_chunking,LMM-2,10.5,10.52499999999999,0.572095753786783
7,1206,6,6,60.0,without_chunking,LMM-1,11.0,10.999999999999977,0.7178292787321143
7,1206,6,6,60.0,without_chunking,LMM-2,11.0,10.999999999999977,0.7178292787321143
7,1206,6,6,60.0,with_chunking,LMM-1,10.5,10.524999999999977,0.5158082456384401
7,1206,6,6,60.0,with_chunking,LMM-2,10.5,10.524999999999977,0.5158082456384401
7,1206,6,8,80.0,without_chunking,LMM-1,11.0,10.99999999999998,0.681945388060502
7,1206,6,8,80.0,without_chunking,LMM-2,11.0,10.99999999999998,0.681945388060502
7,1206,6,8,80.0,with_chunking,LMM-1,10.5,10.52499999999998,0.4651367987701111
7,1206,6,8,80.0,with_chunking,LMM-2,10.5,10.52499999999998,0.4651367987701111
7,1206,8,2,20.0,without_chunking,LMM-1,10.0,10.050000000000006,0.8118584912848608
7,1206,8,2,20.0,without_chunking,LMM-2,10.0,10.050000000000006,0.8118584912848608
7,1206,8,2,20.0,with_chunking,LMM-1,9.5,9.575000000000005,0.6682257794916548
7,1206,8,2,20.0,with_chunking,LMM-2,9.5,9.575000000000005,0.6682257794916548
7,1206,8,4,40.0,without_chunking,LMM-1,10.0,10.04999999999999,0.7711558676141759
7,1206,8,4,40.0,without_chunking,LMM-2,10.0,10.04999999999999,0.7711558676141759
7,1206,8,4,40.0,with_chunking,LMM-1,9.5,9.57499999999999,0.6059130437695049
7,1206,8,4,40.0,with_chunking,LMM-2,9.5,9.57499999999999,0.6059130437695049
7,1206,8,6,60.0,without_chunking,LMM-1,10.0,10.049999999999978,0.7323642438566262
7,1206,8,6,60.0,without_chunking,LMM-2,10.0,10.049999999999978,0.7323642438566262
7,1206,8,6,60.0,with_chunking,LMM-1,9.5,9.57499999999998,0.5493220134078496
7,1206,8,6,60.0,with_chunking,LMM-2,9.5,9.57499999999998,0.5493220134078496
7,1206,8,8,80.0,without_chunking,LMM-1,10.0,10.049999999999981,0.6954601428591906
7,1206,8,8,80.0,without_chunking,LMM-2,10.0,10.049999999999981,0.6954601428591906
7,1206,8,8,80.0,with_chunking,LMM-1,9.5,9.574999999999982,0.4981303933065958
7,1206,8,8,80.0,with_chunking,LMM-2,9.5,9.574999999999982,0.4981303933065958
7,1206,10,2,20.0,without_chunking,LMM-1,9.0,9.100000000000005,0.8438162829385418
7,1206,10,2,20.0,without_chunking,LMM-2,9.0,9.100000000000005,0.8438162829385418
7,1206,10,2,20.0,with_chunking,LMM-1,9.0,9.100000000000005,0.6945224667721199
7,1206,10,2,20.0,with_chunking,LMM-2,9.5,9.575000000000005,0.694239130702571
7,1206,10,4,40.0,without_chunking,LMM-1,9.0,9.09999999999999,0.8066292455613473
7,1206,10,4,40.0,without_chunking,LMM-2,9.0,9.09999999999999,0.8066292455613473
7,1206,10,4,40.0,with_chunking,LMM-1,9.0,9.09999999999999,0.6337573707042896
7,1206,10,4,40.0,with_chunking,LMM-2,9.5,9.57499999999999,0.6299321377027678
7,1206,10,6,60.0,without_chunking,LMM-1,9.0,9.09999999999998,0.7709583267593487
7,1206,10,6,60.0,without_chunking,LMM-2,9.0,9.09999999999998,0.7709583267593487
7,1206,10,6,60.0,with_chunking,LMM-1,9.0,9.09999999999998,0.578211868136258
7,1206,10,6,60.0,with_chunking,LMM-2,9.5,9.57499999999998,0.5714905674303121
7,1206,10,8,80.0,without_chunking,LMM-1,9.0,9.099999999999984,0.7367474075134797
7,1206,10,8,80.0,without_chunking,LMM-2,9.0,9.099999999999984,0.7367474075134797
7,1206,10,8,80.0,with_chunking,LMM-1,9.0,9.099999999999984,0.527610749522994
7,1206,10,8,80.0,with_chunking,LMM-2,9.5,9.574999999999982,0.5183907136970496
8,1207,4,2,20.0,without_chunking,LMM-1,11.0,11.000000000000007,0.7836981898654076
8,1207,4,2,20.0,without_chunking,LMM-2,11.0,11.000000000000007,0.7836981898654076
8,1207,4,2,20.0,with_chunking,LMM-1,11.25,11.237500000000008,0.6983503906503681
8,1207,4,2,20.0,with_chunking,LMM-2,11.25,11.237500000000008,0.6983503906503681
8,1207,4,4,40.0,without_chunking,LMM-1,11.0,10.99999999999999,0.7397430848087339
8,1207,4,4,40.0,without_chunking,LMM-2,11.0,10.99999999999999,0.7397430848087339
8,1207,4,4,40.0,with_chunking,LMM-1,11.25,11.237499999999988,0.6501993654292255
8,1207,4,4,40.0,with_chunking,LMM-2,11.25,11.237499999999988,0.6501993654292255
8,1207,4,6,60.0,without_chunking,LMM-1,11.0,10.999999999999977,0.6981196499085591
8,1207,4,6,60.0,without_chunking,LMM-2,11.0,10.999999999999977,0.6981196499085591
8,1207,4,6,60.0,with_chunking,LMM-1,11.25,11.237499999999976,0.6054255423824896
8,1207,4,6,60.0,with_chunking,LMM-2,11.25,11.237499999999976,0.6054255423824896
8,1207,4,8,80.0,without_chunking,LMM-1,11.0,10.99999999999998,0.6588275468362035
8,1207,4,8,80.0,without_chunking,LMM-2,11.0,10.99999999999998,0.6588275468362035
8,1207,4,8,80.0,with_chunking,LMM-1,11.25,11.23749999999998,0.5638782047437055
8,1207,4,8,80.0,with_chunking,LMM-2,11.25,11.23749999999998,0.5638782047437055
8,1207,6,2,20.0,without_chunking,LMM-1,11.0,11.000000000000007,0.7925410748380763
8,1207,6,2,20.0,without_chunking,LMM-2,11.0,11.000000000000007,0.7925410748380763
8,1207,6,2,20.0,with_chunking,LMM-1,10.5,10.525000000000006,0.6481627149226427
8,1207,6,2,20.0,with_chunking,LMM-2,10.5,10.525000000000006,0.6481627149226427
8,1207,6,4,40.0,without_chunking,LMM-1,11.0,10.99999999999999,0.7488079647441754
8,1207,6,4,40.0,without_chunking,LMM-2,11.0,10.99999999999999,0.7488079647441754
8,1207,6,4,40.0,with_chunking,LMM-1,10.5,10.52499999999999,0.5817818022944755
8,1207,6,4,40.0,with_chunking,LMM-2,10.5,10.52499999999999,0.5817818022944755
8,1207,6,6,60.0,without_chunking,LMM-1,11.0,10.999999999999977,0.7073576647424495
8,1207,6,6,60.0,without_chunking,LMM-2,11.0,10.999999999999977,0.7073576647424495
8,1207,6,6,60.0,with_chunking,LMM-1,10.5,10.524999999999977,0.5221288703158813
8,1207,6,6,60.0,with_chunking,LMM-2,10.5,10.524999999999977,0.5221288703158813
8,1207,6,8,80.0,without_chunking,LMM-1,11.0,10.99999999999998,0.6681097716999446
8,1207,6,8,80.0,without_chunking,LMM-2,11.0,10.99999999999998,0.6681097716999446
8,1207,6,8,80.0,with_chunking,LMM-1,10.5,10.52499999999998,0.46858344933370033
8,1207,6,8,80.0,with_chunking,LMM-2,10.5,10.52499999999998,0.46858344933370033
8,1207,8,2,20.0,without_chunking,LMM-1,10.0,10.050000000000006,0.8140368986474371
8,1207,8,2,20.0,without_chunking,LMM-2,10.0,10.050000000000006,0.8140368986474371
8,1207,8,2,20.0,with_chunking,LMM-1,10.208333333333334,10.247916666666672,0.6448145481438785
8,1207,8,2,20.0,with_chunking,LMM-2,10.208333333333334,10.247916666666672,0.6448065105973829
8,1207,8,4,40.0,without_chunking,LMM-1,10.0,10.04999999999999,0.77320034578087
8,1207,8,4,40.0,without_chunking,LMM-2,10.0,10.04999999999999,0.77320034578087
8,1207,8,4,40.0,with_chunking,LMM-1,10.166666666666668,10.208333333333323,0.5528093818243944
8,1207,8,4,40.0,with_chunking,LMM-2,9.958333333333334,10.010416666666657,0.5984934551118143
8,1207,8,6,60.0,without_chunking,LMM-1,10.0,10.049999999999978,0.7342818680758991
8,1207,8,6,60.0,without_chunking,LMM-2,10.0,10.049999999999978,0.7342818680758991
8,1207,8,6,60.0,with_chunking,LMM-1,10.166666666666666,10.20833333333331,0.49410417742149043
8,1207,8,6,60.0,with_chunking,LMM-2,10.25,10.287499999999978,0.5692866385281428
8,1207,8,8,80.0,without_chunking,LMM-1,10.0,10.049999999999981,0.6973771893107935
8,1207,8,8,80.0,without_chunking,LMM-2,10.0,10.049999999999981,0.6973771893107935
8,1207,8,8,80.0,with_chunking,LMM-1,10.166666666666668,10.208333333333314,0.44178676293312624
8,1207,8,8,80.0,with_chunking,LMM-2,10.25,10.28749999999998,0.5251644980150085
8,1207,10,2,20.0,without_chunking,LMM-1,9.0,9.100000000000005,0.8387403240003424
8,1207,10,2,20.0,without_chunking,LMM-2,9.0,9.100000000000005,0.8387403240003424
8,1207,10,2,20.0,with_chunking,LMM-1,10.0,10.050000000000004,0.6278105462949287
8,1207,10,2,20.0,with_chunking,LMM-2,10.0,10.050000000000004,0.6277890537944714
8,1207,10,4,40.0,without_chunking,LMM-1,9.0,9.09999999999999,0.8014665769178868
8,1207,10,4,40.0,without_chunking,LMM-2,9.0,9.09999999999999,0.8014665769178868
8,1207,10,4,40.0,with_chunking,LMM-1,10.0,10.04999999999999,0.49373482259426893
8,1207,10,4,40.0,with_chunking,LMM-2,9.375,9.45624999999999,0.5557253495877197
8,1207,10,6,60.0,without_chunking,LMM-1,9.0,9.09999999999998,0.765724669271292
8,1207,10,6,60.0,without_chunking,LMM-2,9.0,9.09999999999998,0.765724669271292
8,1207,10,6,60.0,with_chunking,LMM-1,10.0,10.049999999999978,0.4238776977713458
8,1207,10,6,60.0,with_chunking,LMM-2,9.5,9.574999999999978,0.5201643965134148
8,1207,10,8,80.0,without_chunking,LMM-1,9.0,9.099999999999984,0.7315231440995813
8,1207,10,8,80.0,without_chunking,LMM-2,9.0,9.099999999999984,0.7315231440995813
8,1207,10,8,80.0,with_chunking,LMM-1,10.0,10.049999999999981,0.36396961149743795
8,1207,10,8,80.0,with_chunking,LMM-2,9.625,9.693749999999984,0.4772499109031694
9,1208,4,2,20.0,without_chunking,LMM-1,15.0,14.800000000000011,0.7241441042491774
9,1208,4,2,20.0,without_chunking,LMM-2,15.0,14.800000000000011,0.7241441042491774
9,1208,4,2,20.0,with_chunking,LMM-1,15.0,14.800000000000011,0.7241441042491774
9,1208,4,2,20.0,with_chunking,LMM-2,15.0,14.800000000000011,0.7241441042491774
9,1208,4,4,40.0,without_chunking,LMM-1,15.0,14.799999999999981,0.6687853031182615
9,1208,4,4,40.0,without_chunking,LMM-2,15.0,14.799999999999981,0.6687853031182615
9,1208,4,4,40.0,with_chunking,LMM-1,15.0,14.799999999999981,0.6687853031182615
9,1208,4,4,40.0,with_chunking,LMM-2,15.0,14.799999999999981,0.6687853031182615
9,1208,4,6,60.0,without_chunking,LMM-1,15.0,14.799999999999967,0.6175359619982395
9,1208,4,6,60.0,without_chunking,LMM-2,15.0,14.799999999999967,0.6175359619982395
9,1208,4,6,60.0,with_chunking,LMM-1,15.0,14.799999999999967,0.6175359619982395
9,1208,4,6,60.0,with_chunking,LMM-2,15.0,14.799999999999967,0.6175359619982395
9,1208,4,8,80.0,without_chunking,LMM-1,15.0,14.799999999999976,0.5701022074042765
9,1208,4,8,80.0,without_chunking,LMM-2,15.0,14.799999999999976,0.5701022074042765
9,1208,4,8,80.0,with_chunking,LMM-1,15.0,14.799999999999976,0.5701022074042765
9,1208,4,8,80.0,with_chunking,LMM-2,15.0,14.799999999999976,0.5701022074042765
9,1208,6,2,20.0,without_chunking,LMM-1,17.0,16.70000000000001,0.7003673704990265
9,1208,6,2,20.0,without_chunking,LMM-2,17.0,16.70000000000001,0.7003673704990265
9,1208,6,2,20.0,with_chunking,LMM-1,17.0,16.70000000000001,0.7003673704990265
9,1208,6,2,20.0,with_chunking,LMM-2,17.0,16.70000000000001,0.7003673704990265
9,1208,6,4,40.0,without_chunking,LMM-1,17.0,16.699999999999978,0.6433152007437059
9,1208,6,4,40.0,without_chunking,LMM-2,17.0,16.699999999999978,0.6433152007437059
9,1208,6,4,40.0,with_chunking,LMM-1,17.0,16.699999999999978,0.6433152007437059
9,1208,6,4,40.0,with_chunking,LMM-2,17.0,16.699999999999978,0.6433152007437059
9,1208,6,6,60.0,without_chunking,LMM-1,17.0,16.69999999999996,0.5908221149758119
9,1208,6,6,60.0,without_chunking,LMM-2,17.0,16.69999999999996,0.5908221149758119
9,1208,6,6,60.0,with_chunking,LMM-1,17.0,16.69999999999996,0.5908221149758119
9,1208,6,6,60.0,with_chunking,LMM-2,17.0,16.69999999999996,0.5908221149758119
9,1208,6,8,80.0,without_chunking,LMM-1,17.0,16.699999999999974,0.5425327640285091
9,1208,6,8,80.0,without_chunking,LMM-2,17.0,16.699999999999974,0.5425327640285091
9,1208,6,8,80.0,with_chunking,LMM-1,17.0,16.699999999999974,0.5425327640285091
9,1208,6,8,80.0,with_chunking,LMM-2,17.0,16.699999999999974,0.5425327640285091
9,1208,8,2,20.0,without_chunking,LMM-1,12.0,11.95000000000001,0.777636359541043
9,1208,8,2,20.0,without_chunking,LMM-2,12.0,11.95000000000001,0.777636359541043
9,1208,8,2,20.0,with_chunking,LMM-1,12.0,11.95000000000001,0.777636359541043
9,1208,8,2,20.0,with_chunking,LMM-2,12.0,11.95000000000001,0.777636359541043
9,1208,8,4,40.0,without_chunking,LMM-1,12.0,11.949999999999989,0.7307149826216026
9,1208,8,4,40.0,without_chunking,LMM-2,12.0,11.949999999999989,0.7307149826216026
9,1208,8,4,40.0,with_chunking,LMM-1,12.0,11.949999999999989,0.7307149826216026
9,1208,8,4,40.0,with_chunking,LMM-2,12.0,11.949999999999989,0.7307149826216026
9,1208,8,6,60.0,without_chunking,LMM-1,12.0,11.949999999999974,0.6864945701216699
9,1208,8,6,60.0,without_chunking,LMM-2,12.0,11.949999999999974,0.6864945701216699
9,1208,8,6,60.0,with_chunking,LMM-1,12.0,11.949999999999974,0.6864945701216699
9,1208,8,6,60.0,with_chunking,LMM-2,12.0,11.949999999999974,0.6864945701216699
9,1208,8,8,80.0,without_chunking,LMM-1,12.0,11.94999999999998,0.6448284544068261
9,1208,8,8,80.0,without_chunking,LMM-2,12.0,11.94999999999998,0.6448284544068261
9,1208,8,8,80.0,with_chunking,LMM-1,12.0,11.94999999999998,0.6448284544068261
9,1208,8,8,80.0,with_chunking,LMM-2,12.0,11.94999999999998,0.6448284544068261
9,1208,10,2,20.0,without_chunking,LMM-1,11.0,11.000000000000007,0.8023774006872186
9,1208,10,2,20.0,without_chunking,LMM-2,11.0,11.000000000000007,0.8023774006872186
9,1208,10,2,20.0,with_chunking,LMM-1,11.0,11.000000000000007,0.8023774006872186
9,1208,10,2,20.0,with_chunking,LMM-2,11.0,11.000000000000007,0.8023774006872186
9,1208,10,4,40.0,without_chunking,LMM-1,11.0,10.99999999999999,0.7584371144430441
9,1208,10,4,40.0,without_chunking,LMM-2,11.0,10.99999999999999,0.7584371144430441
9,1208,10,4,40.0,with_chunking,LMM-1,11.0,10.99999999999999,0.7584371144430441
9,1208,10,4,40.0,with_chunking,LMM-2,11.0,10.99999999999999,0.7584371144430441
9,1208,10,6,60.0,without_chunking,LMM-1,11.0,10.999999999999977,0.716773588178441
9,1208,10,6,60.0,without_chunking,LMM-2,11.0,10.999999999999977,0.716773588178441
9,1208,10,6,60.0,with_chunking,LMM-1,11.0,10.999999999999977,0.716773588178441
9,1208,10,6,60.0,with_chunking,LMM-2,11.0,10.999999999999977,0.716773588178441
9,1208,10,8,80.0,without_chunking,LMM-1,11.0,10.99999999999998,0.6772766479269241
9,1208,10,8,80.0,without_chunking,LMM-2,11.0,10.99999999999998,0.6772766479269241
9,1208,10,8,80.0,with_chunking,LMM-1,11.0,10.99999999999998,0.6772766479269241
9,1208,10,8,80.0,with_chunking,LMM-2,11.0,10.99999999999998,0.6772766479269241
10,1209,4,2,20.0,without_chunking,LMM-1,12.0,11.950000000000006,0.7765837300212884
10,1209,4,2,20.0,without_chunking,LMM-2,12.0,11.950000000000006,0.7765837300212884
10,1209,4,2,20.0,with_chunking,LMM-1,12.0,11.950000000000006,0.6808204759418984
10,1209,4,2,20.0,with_chunking,LMM-2,12.0,11.950000000000006,0.6808204759418984
10,1209,4,4,40.0,without_chunking,LMM-1,12.0,11.949999999999987,0.7505952092863784
10,1209,4,4,40.0,without_chunking,LMM-2,12.0,11.949999999999987,0.7505952092863784
10,1209,4,4,40.0,with_chunking,LMM-1,12.0,11.949999999999987,0.6456211434208856
10,1209,4,4,40.0,with_chunking,LMM-2,12.0,11.949999999999987,0.6456211434208856
10,1209,4,6,60.0,without_chunking,LMM-1,12.0,11.949999999999974,0.7254367752527314
10,1209,4,6,60.0,without_chunking,LMM-2,12.0,11.949999999999974,0.7254367752527314
10,1209,4,6,60.0,with_chunking,LMM-1,12.0,11.949999999999974,0.6124469728078258
10,1209,4,6,60.0,with_chunking,LMM-2,12.0,11.949999999999974,0.6124469728078258
10,1209,4,8,80.0,without_chunking,LMM-1,12.0,11.94999999999998,0.7010833567275792
10,1209,4,8,80.0,without_chunking,LMM-2,12.0,11.94999999999998,0.7010833567275792
10,1209,4,8,80.0,with_chunking,LMM-1,12.0,11.94999999999998,0.5811699175055349
10,1209,4,8,80.0,with_chunking,LMM-2,12.0,11.94999999999998,0.5811699175055349
10,1209,6,2,20.0,without_chunking,LMM-1,9.0,9.100000000000005,0.8285378533815883
10,1209,6,2,20.0,without_chunking,LMM-2,9.0,9.100000000000005,0.8285378533815883
10,1209,6,2,20.0,with_chunking,LMM-1,10.0,10.050000000000004,0.6611847625992144
10,1209,6,2,20.0,with_chunking,LMM-2,10.0,10.050000000000004,0.6611847625992144
10,1209,6,4,40.0,without_chunking,LMM-1,9.0,9.09999999999999,0.79081087694891
10,1209,6,4,40.0,without_chunking,LMM-2,9.0,9.09999999999999,0.79081087694891
10,1209,6,4,40.0,with_chunking,LMM-1,10.0,10.04999999999999,0.5956628525549241
10,1209,6,4,40.0,with_chunking,LMM-2,10.0,10.04999999999999,0.5956628525549241
10,1209,6,6,60.0,without_chunking,LMM-1,9.0,9.09999999999998,0.7546727128868551
10,1209,6,6,60.0,without_chunking,LMM-2,9.0,9.09999999999998,0.7546727128868551
10,1209,6,6,60.0,with_chunking,LMM-1,10.0,10.049999999999978,0.536551164318864
10,1209,6,6,60.0,with_chunking,LMM-2,10.0,10.049999999999978,0.536551164318864
10,1209,6,8,80.0,without_chunking,LMM-1,9.0,9.099999999999984,0.7201579945658589
10,1209,6,8,80.0,without_chunking,LMM-2,9.0,9.099999999999984,0.7201579945658589
10,1209,6,8,80.0,with_chunking,LMM-1,10.0,10.049999999999981,0.4833190670323349
10,1209,6,8,80.0,with_chunking,LMM-2,10.0,10.049999999999981,0.4833190670323349
10,1209,8,2,20.0,without_chunking,LMM-1,9.0,9.100000000000005,0.8285378533815883
10,1209,8,2,20.0,without_chunking,LMM-2,9.0,9.100000000000005,0.8285378533815883
10,1209,8,2,20.0,with_chunking,LMM-1,10.0,10.050000000000004,0.6676127018417222
10,1209,8,2,20.0,with_chunking,LMM-2,10.0,10.050000000000004,0.6676127018417222
10,1209,8,4,40.0,without_chunking,LMM-1,9.0,9.09999999999999,0.79081087694891
10,1209,8,4,40.0,without_chunking,LMM-2,9.0,9.09999999999999,0.79081087694891
10,1209,8,4,40.0,with_chunking,LMM-1,10.0,10.04999999999999,0.6014847048491578
10,1209,8,4,40.0,with_chunking,LMM-2,10.0,10.04999999999999,0.6014847048491578
10,1209,8,6,60.0,without_chunking,LMM-1,9.0,9.09999999999998,0.7546727128868551
10,1209,8,6,60.0,without_chunking,LMM-2,9.0,9.09999999999998,0.7546727128868551
10,1209,8,6,60.0,with_chunking,LMM-1,10.0,10.049999999999978,0.5418232017527399
10,1209,8,6,60.0,with_chunking,LMM-2,10.0,10.049999999999978,0.5418232017527399
10,1209,8,8,80.0,without_chunking,LMM-1,9.0,9.099999999999984,0.7201579945658589
10,1209,8,8,80.0,without_chunking,LMM-2,9.0,9.099999999999984,0.7201579945658589
10,1209,8,8,80.0,with_chunking,LMM-1,10.0,10.049999999999981,0.48806740415215466
10,1209,8,8,80.0,with_chunking,LMM-2,10.0,10.049999999999981,0.48806740415215466
10,1209,10,2,20.0,without_chunking,LMM-1,7.0,7.200000000000003,0.8760648179244905
10,1209,10,2,20.0,without_chunking,LMM-2,7.0,7.200000000000003,0.8760648179244905
10,1209,10,2,20.0,with_chunking,LMM-1,9.0,9.100000000000005,0.7058925291723884
10,1209,10,2,20.0,with_chunking,LMM-2,8.5,8.625000000000004,0.7280195991255578
10,1209,10,4,40.0,without_chunking,LMM-1,7.0,7.199999999999992,0.8456661122489878
10,1209,10,4,40.0,without_chunking,LMM-2,7.0,7.199999999999992,0.8456661122489878
10,1209,10,4,40.0,with_chunking,LMM-1,9.0,9.09999999999999,0.6431450028294171
10,1209,10,4,40.0,with_chunking,LMM-2,8.25,8.38749999999999,0.6976367740988688
10,1209,10,6,60.0,without_chunking,LMM-1,7.0,7.199999999999984,0.8162077810319817
10,1209,10,6,60.0,without_chunking,LMM-2,7.0,7.199999999999984,0.8162077810319817
10,1209,10,6,60.0,with_chunking,LMM-1,9.0,9.09999999999998,0.5858728762960126
10,1209,10,6,60.0,with_chunking,LMM-2,7.666666666666667,7.833333333333316,0.7202939250164613
10,1209,10,8,80.0,without_chunking,LMM-1,7.0,7.199999999999987,0.787747135215466
10,1209,10,8,80.0,without_chunking,LMM-2,7.0,7.199999999999987,0.787747135215466
10,1209,10,8,80.0,with_chunking,LMM-1,9.0,9.099999999999984,0.5336619487335239
10,1209,10,8,80.0,with_chunking,LMM-2,7.5625,7.734374999999986,0.7050257331187513
11,1210,4,2,20.0,without_chunking,LMM-1,13.0,12.90000000000001,0.7408918107709592
11,1210,4,2,20.0,without_chunking,LMM-2,13.0,12.90000000000001,0.7408918107709592
11,1210,4,2,20.0,with_chunking,LMM-1,13.0,12.90000000000001,0.7408918107709592
11,1210,4,2,20.0,with_chunking,LMM-2,13.0,12.90000000000001,0.7408918107709592
11,1210,4,4,40.0,without_chunking,LMM-1,13.0,12.899999999999986,0.6914260455106971
11,1210,4,4,40.0,without_chunking,LMM-2,13.0,12.899999999999986,0.6914260455106971
11,1210,4,4,40.0,with_chunking,LMM-1,13.0,12.899999999999986,0.6914260455106971
11,1210,4,4,40.0,with_chunking,LMM-2,13.0,12.899999999999986,0.6914260455106971
11,1210,4,6,60.0,without_chunking,LMM-1,13.0,12.899999999999972,0.6451316156508768
11,1210,4,6,60.0,without_chunking,LMM-2,13.0,12.899999999999972,0.6451316156508768
11,1210,4,6,60.0,with_chunking,LMM-1,13.0,12.899999999999972,0.6451316156508768
11,1210,4,6,60.0,with_chunking,LMM-2,13.0,12.899999999999972,0.6451316156508768
11,1210,4,8,80.0,without_chunking,LMM-1,13.0,12.899999999999977,0.6022063014440969
11,1210,4,8,80.0,without_chunking,LMM-2,13.0,12.899999999999977,0.6022063014440969
11,1210,4,8,80.0,with_chunking,LMM-1,13.0,12.899999999999977,0.6022063014440969
11,1210,4,8,80.0,with_chunking,LMM-2,13.0,12.899999999999977,0.6022063014440969
11,1210,6,2,20.0,without_chunking,LMM-1,10.0,10.050000000000006,0.8047054235766549
11,1210,6,2,20.0,without_chunking,LMM-2,10.0,10.050000000000006,0.8047054235766549
11,1210,6,2,20.0,with_chunking,LMM-1,10.0,10.050000000000006,0.8047054235766549
11,1210,6,2,20.0,with_chunking,LMM-2,10.0,10.050000000000006,0.8047054235766549
11,1210,6,4,40.0,without_chunking,LMM-1,10.0,10.04999999999999,0.7639644693179104
11,1210,6,4,40.0,without_chunking,LMM-2,10.0,10.04999999999999,0.7639644693179104
11,1210,6,4,40.0,with_chunking,LMM-1,10.0,10.04999999999999,0.7639644693179104
11,1210,6,4,40.0,with_chunking,LMM-2,10.0,10.04999999999999,0.7639644693179104
11,1210,6,6,60.0,without_chunking,LMM-1,10.0,10.049999999999978,0.7251546008210306
11,1210,6,6,60.0,without_chunking,LMM-2,10.0,10.049999999999978,0.7251546008210306
11,1210,6,6,60.0,with_chunking,LMM-1,10.0,10.049999999999978,0.7251546008210306
11,1210,6,6,60.0,with_chunking,LMM-2,10.0,10.049999999999978,0.7251546008210306
11,1210,6,8,80.0,without_chunking,LMM-1,10.0,10.049999999999981,0.6883566777629697
11,1210,6,8,80.0,without_chunking,LMM-2,10.0,10.049999999999981,0.6883566777629697
11,1210,6,8,80.0,with_chunking,LMM-1,10.0,10.049999999999981,0.6883566777629697
11,1210,6,8,80.0,with_chunking,LMM-2,10.0,10.049999999999981,0.6883566777629697
11,1210,8,2,20.0,without_chunking,LMM-1,10.0,10.050000000000006,0.8092593690866263
11,1210,8,2,20.0,without_chunking,LMM-2,10.0,10.050000000000006,0.8092593690866263
11,1210,8,2,20.0,with_chunking,LMM-1,10.0,10.050000000000006,0.650672705600487
11,1210,8,2,20.0,with_chunking,LMM-2,10.0,10.050000000000006,0.650672705600487
11,1210,8,4,40.0,without_chunking,LMM-1,10.0,10.04999999999999,0.7685484938702112
11,1210,8,4,40.0,without_chunking,LMM-2,10.0,10.04999999999999,0.7685484938702112
11,1210,8,4,40.0,with_chunking,LMM-1,10.0,10.04999999999999,0.5867356001365303
11,1210,8,4,40.0,with_chunking,LMM-2,10.0,10.04999999999999,0.5867356001365303
11,1210,8,6,60.0,without_chunking,LMM-1,10.0,10.049999999999978,0.7297553430492616
11,1210,8,6,60.0,without_chunking,LMM-2,10.0,10.049999999999978,0.7297553430492616
11,1210,8,6,60.0,with_chunking,LMM-1,10.0,10.049999999999978,0.5290011806280934
11,1210,8,6,60.0,with_chunking,LMM-2,10.0,10.049999999999978,0.5290011806280934
11,1210,8,8,80.0,without_chunking,LMM-1,10.0,10.049999999999981,0.6928952927938465
11,1210,8,8,80.0,without_chunking,LMM-2,10.0,10.049999999999981,0.6928952927938465
11,1210,8,8,80.0,with_chunking,LMM-1,10.0,10.049999999999981,0.4769638336326566
11,1210,8,8,80.0,with_chunking,LMM-2,10.0,10.049999999999981,0.4769638336326566
11,1210,10,2,20.0,without_chunking,LMM-1,8.0,8.150000000000004,0.8506809191010491
11,1210,10,2,20.0,without_chunking,LMM-2,6.0,6.2500000000000036,0.9033053905636503
11,1210,10,2,20.0,with_chunking,LMM-1,8.5,8.625000000000004,0.7036088450542227
11,1210,10,2,20.0,with_chunking,LMM-2,8.125,8.268750000000004,0.7240709867860989
11,1210,10,4,40.0,without_chunking,LMM-1,8.0,8.149999999999991,0.8167230386714195
11,1210,10,4,40.0,without_chunking,LMM-2,6.0,6.249999999999994,0.8861803423390745
11,1210,10,4,40.0,with_chunking,LMM-1,8.5,8.624999999999991,0.6450569577426337
11,1210,10,4,40.0,with_chunking,LMM-2,7.5625,7.734374999999992,0.7173310115270132
11,1210,10,6,60.0,without_chunking,LMM-1,8.0,8.149999999999983,0.7839986045100003
11,1210,10,6,60.0,without_chunking,LMM-2,6.0,6.249999999999986,0.8693361751645299
11,1210,10,6,60.0,with_chunking,LMM-1,8.5,8.62499999999998,0.5912720289571389
11,1210,10,6,60.0,with_chunking,LMM-2,7.666666666666666,7.833333333333316,0.7380058618540626
11,1210,10,8,80.0,without_chunking,LMM-1,8.0,8.149999999999984,0.7525995240883858
11,1210,10,8,80.0,without_chunking,LMM-2,6.0,6.249999999999988,0.8527690753054518
11,1210,10,8,80.0,with_chunking,LMM-1,8.5,8.624999999999984,0.5422563647803419
11,1210,10,8,80.0,with_chunking,LMM-2,7.65625,7.8234374999999865,0.7076089311023428
12,1211,4,2,20.0,without_chunking,LMM-1,11.0,11.000000000000007,0.7923858414140299
12,1211,4,2,20.0,without_chunking,LMM-2,11.0,11.000000000000007,0.7923858414140299
12,1211,4,2,20.0,with_chunking,LMM-1,11.5,11.475000000000009,0.6223865509054646
12,1211,4,2,20.0,with_chunking,LMM-2,11.5,11.475000000000009,0.6223865509054646
12,1211,4,4,40.0,without_chunking,LMM-1,11.0,10.99999999999999,0.756796836146959
12,1211,4,4,40.0,without_chunking,LMM-2,11.0,10.99999999999999,0.756796836146959
12,1211,4,4,40.0,with_chunking,LMM-1,11.5,11.474999999999989,0.5583245776803619
12,1211,4,4,40.0,with_chunking,LMM-2,11.5,11.474999999999989,0.5583245776803619
12,1211,4,6,60.0,without_chunking,LMM-1,11.0,10.999999999999977,0.7227120601614652
12,1211,4,6,60.0,without_chunking,LMM-2,11.0,10.999999999999977,0.7227120601614652
12,1211,4,6,60.0,with_chunking,LMM-1,11.5,11.474999999999975,0.500805311093799
12,1211,4,6,60.0,with_chunking,LMM-2,11.5,11.474999999999975,0.500805311093799
12,1211,4,8,80.0,without_chunking,LMM-1,11.0,10.99999999999998,0.6900724824435926
12,1211,4,8,80.0,without_chunking,LMM-2,11.0,10.99999999999998,0.6900724824435926
12,1211,4,8,80.0,with_chunking,LMM-1,11.5,11.47499999999998,0.44922245099225844
12,1211,4,8,80.0,with_chunking,LMM-2,11.5,11.47499999999998,0.44922245099225844
12,1211,6,2,20.0,without_chunking,LMM-1,11.0,11.000000000000007,0.7937637070497483
12,1211,6,2,20.0,without_chunking,LMM-2,11.0,11.000000000000007,0.7937637070497483
12,1211,6,2,20.0,with_chunking,LMM-1,10.916666666666666,10.92083333333334,0.5437602201953783
12,1211,6,2,20.0,with_chunking,LMM-2,10.75,10.762500000000006,0.551856777329741
12,1211,6,4,40.0,without_chunking,LMM-1,11.0,10.99999999999999,0.7497554679760248
12,1211,6,4,40.0,without_chunking,LMM-2,11.0,10.99999999999999,0.7497554679760248
12,1211,6,4,40.0,with_chunking,LMM-1,11.0,10.99999999999999,0.4442377338106193
12,1211,6,4,40.0,with_chunking,LMM-2,10.541666666666668,10.564583333333323,0.4698431696110751
12,1211,6,6,60.0,without_chunking,LMM-1,11.0,10.999999999999977,0.708055034545515
12,1211,6,6,60.0,without_chunking,LMM-2,11.0,10.999999999999977,0.708055034545515
12,1211,6,6,60.0,with_chunking,LMM-1,11.0,10.999999999999977,0.3842776252596186
12,1211,6,6,60.0,with_chunking,LMM-2,10.291666666666668,10.32708333333331,0.4467280413382576
12,1211,6,8,80.0,without_chunking,LMM-1,11.0,10.99999999999998,0.6686557371339832
12,1211,6,8,80.0,without_chunking,LMM-2,11.0,10.99999999999998,0.6686557371339832
12,1211,6,8,80.0,with_chunking,LMM-1,11.0,10.99999999999998,0.3326789602429501
12,1211,6,8,80.0,with_chunking,LMM-2,10.333333333333332,10.366666666666648,0.43213208089514066
12,1211,8,2,20.0,without_chunking,LMM-1,10.0,10.050000000000006,0.8107172476453469
12,1211,8,2,20.0,without_chunking,LMM-2,10.0,10.050000000000006,0.8107172476453469
12,1211,8,2,20.0,with_chunking,LMM-1,10.25,10.287500000000007,0.4443589950793505
12,1211,8,2,20.0,with_chunking,LMM-2,9.9375,9.990625000000005,0.48771173382939914
12,1211,8,4,40.0,without_chunking,LMM-1,10.0,10.04999999999999,0.769790898239725
12,1211,8,4,40.0,without_chunking,LMM-2,10.0,10.04999999999999,0.769790898239725
12,1211,8,4,40.0,with_chunking,LMM-1,10.25,10.28749999999999,0.36035370530865174
12,1211,8,4,40.0,with_chunking,LMM-2,9.770833333333332,9.832291666666656,0.4690404689751063
12,1211,8,6,60.0,without_chunking,LMM-1,10.0,10.049999999999978,0.7307988705918644
12,1211,8,6,60.0,without_chunking,LMM-2,10.0,10.049999999999978,0.7307988705918644
12,1211,8,6,60.0,with_chunking,LMM-1,10.25,10.287499999999978,0.29239898870007136
12,1211,8,6,60.0,with_chunking,LMM-2,9.777777777777777,9.838888888888867,0.4536805156856234
12,1211,8,8,80.0,without_chunking,LMM-1,10.0,10.049999999999981,0.6938550281965006
12,1211,8,8,80.0,without_chunking,LMM-2,10.0,10.049999999999981,0.6938550281965006
12,1211,8,8,80.0,with_chunking,LMM-1,10.25,10.287499999999982,0.23749075969262834
12,1211,8,8,80.0,with_chunking,LMM-2,9.8125,9.871874999999982,0.42880238758581446
12,1211,10,2,20.0,without_chunking,LMM-1,9.0,9.100000000000005,0.8344647365980145
12,1211,10,2,20.0,without_chunking,LMM-2,9.0,9.100000000000005,0.8344647365980145
12,1211,10,2,20.0,with_chunking,LMM-1,10.0,10.050000000000004,0.5480540039458727
12,1211,10,2,20.0,with_chunking,LMM-2,9.666666666666668,9.733333333333338,0.5725631407957443
12,1211,10,4,40.0,without_chunking,LMM-1,9.0,9.09999999999999,0.7970835395016468
12,1211,10,4,40.0,without_chunking,LMM-2,9.0,9.09999999999999,0.7970835395016468
12,1211,10,4,40.0,with_chunking,LMM-1,10.0,10.04999999999999,0.47017854495138056
12,1211,10,4,40.0,with_chunking,LMM-2,9.333333333333334,9.416666666666657,0.531323390446663
12,1211,10,6,60.0,without_chunking,LMM-1,9.0,9.09999999999998,0.7612508658619003
12,1211,10,6,60.0,without_chunking,LMM-2,9.0,9.09999999999998,0.7612508658619003
12,1211,10,6,60.0,with_chunking,LMM-1,10.0,10.049999999999978,0.4034030010686881
12,1211,10,6,60.0,with_chunking,LMM-2,9.5,9.574999999999978,0.4688470609577157
12,1211,10,8,80.0,without_chunking,LMM-1,9.0,9.099999999999984,0.726987457721
12,1211,10,8,80.0,without_chunking,LMM-2,9.0,9.099999999999984,0.726987457721
12,1211,10,8,80.0,with_chunking,LMM-1,10.0,10.049999999999981,0.34622754395285066
12,1211,10,8,80.0,with_chunking,LMM-2,9.5,9.574999999999982,0.4188005271050925
13,1212,4,2,20.0,without_chunking,LMM-1,11.0,11.000000000000007,0.7893671253200207
13,1212,4,2,20.0,without_chunking,LMM-2,11.0,11.000000000000007,0.7893671253200207
13,1212,4,2,20.0,with_chunking,LMM-1,11.0,11.000000000000007,0.7893671253200207
13,1212,4,2,20.0,with_chunking,LMM-2,11.0,11.000000000000007,0.7893671253200207
13,1212,4,4,40.0,without_chunking,LMM-1,11.0,10.99999999999999,0.7452924958060201
13,1212,4,4,40.0,without_chunking,LMM-2,11.0,10.99999999999999,0.7452924958060201
13,1212,4,4,40.0,with_chunking,LMM-1,11.0,10.99999999999999,0.7452924958060201
13,1212,4,4,40.0,with_chunking,LMM-2,11.0,10.99999999999999,0.7452924958060201
13,1212,4,6,60.0,without_chunking,LMM-1,11.0,10.999999999999977,0.7035455282176832
13,1212,4,6,60.0,without_chunking,LMM-2,11.0,10.999999999999977,0.7035455282176832
13,1212,4,6,60.0,with_chunking,LMM-1,11.0,10.999999999999977,0.7035455282176832
13,1212,4,6,60.0,with_chunking,LMM-2,11.0,10.999999999999977,0.7035455282176832
13,1212,4,8,80.0,without_chunking,LMM-1,11.0,10.99999999999998,0.6641478433682819
13,1212,4,8,80.0,without_chunking,LMM-2,11.0,10.99999999999998,0.6641478433682819
13,1212,4,8,80.0,with_chunking,LMM-1,11.0,10.99999999999998,0.6641478433682819
13,1212,4,8,80.0,with_chunking,LMM-2,11.0,10.99999999999998,0.6641478433682819
13,1212,6,2,20.0,without_chunking,LMM-1,11.0,11.000000000000007,0.7893671253200207
13,1212,6,2,20.0,without_chunking,LMM-2,11.0,11.000000000000007,0.7893671253200207
13,1212,6,2,20.0,with_chunking,LMM-1,11.0,11.000000000000007,0.71414913295877
13,1212,6,2,20.0,with_chunking,LMM-2,11.0,11.000000000000007,0.71414913295877
13,1212,6,4,40.0,without_chunking,LMM-1,11.0,10.99999999999999,0.7452924958060201
13,1212,6,4,40.0,without_chunking,LMM-2,11.0,10.99999999999999,0.7452924958060201
13,1212,6,4,40.0,with_chunking,LMM-1,11.0,10.99999999999999,0.6658599441050375
13,1212,6,4,40.0,with_chunking,LMM-2,11.0,10.99999999999999,0.6658599441050375
13,1212,6,6,60.0,without_chunking,LMM-1,11.0,10.999999999999977,0.7035455282176832
13,1212,6,6,60.0,without_chunking,LMM-2,11.0,10.999999999999977,0.7035455282176832
13,1212,6,6,60.0,with_chunking,LMM-1,11.0,10.999999999999977,0.6208638560170991
13,1212,6,6,60.0,with_chunking,LMM-2,11.0,10.999999999999977,0.6208638560170991
13,1212,6,8,80.0,without_chunking,LMM-1,11.0,10.99999999999998,0.6641478433682819
13,1212,6,8,80.0,without_chunking,LMM-2,11.0,10.99999999999998,0.6641478433682819
13,1212,6,8,80.0,with_chunking,LMM-1,11.0,10.99999999999998,0.5790447270116486
13,1212,6,8,80.0,with_chunking,LMM-2,11.0,10.99999999999998,0.5790447270116486
13,1212,8,2,20.0,without_chunking,LMM-1,9.0,9.100000000000005,0.8294053884183133
13,1212,8,2,20.0,without_chunking,LMM-2,9.0,9.100000000000005,0.8294053884183133
13,1212,8,2,20.0,with_chunking,LMM-1,9.5,9.575000000000005,0.6744299498017381
13,1212,8,2,20.0,with_chunking,LMM-2,9.5,9.575000000000005,0.6744299498017381
13,1212,8,4,40.0,without_chunking,LMM-1,9.0,9.09999999999999,0.7916120380307305
13,1212,8,4,40.0,without_chunking,LMM-2,9.0,9.09999999999999,0.7916120380307305
13,1212,8,4,40.0,with_chunking,LMM-1,9.5,9.57499999999999,0.6115724887305918
13,1212,8,4,40.0,with_chunking,LMM-2,9.5,9.57499999999999,0.6115724887305918
13,1212,8,6,60.0,without_chunking,LMM-1,9.0,9.09999999999998,0.7554115630685105
13,1212,8,6,60.0,without_chunking,LMM-2,9.0,9.09999999999998,0.7554115630685105
13,1212,8,6,60.0,with_chunking,LMM-1,9.5,9.57499999999998,0.5544835910840856
13,1212,8,6,60.0,with_chunking,LMM-2,9.5,9.57499999999998,0.5544835910840856
13,1212,8,8,80.0,without_chunking,LMM-1,9.0,9.099999999999984,0.7207988646410071
13,1212,8,8,80.0,without_chunking,LMM-2,9.0,9.099999999999984,0.7207988646410071
13,1212,8,8,80.0,with_chunking,LMM-1,9.5,9.574999999999982,0.5027400836685721
13,1212,8,8,80.0,with_chunking,LMM-2,9.5,9.574999999999982,0.5027400836685721
13,1212,10,2,20.0,without_chunking,LMM-1,9.0,9.100000000000005,0.8460132134117464
13,1212,10,2,20.0,without_chunking,LMM-2,9.0,9.100000000000005,0.8460132134117464
13,1212,10,2,20.0,with_chunking,LMM-1,9.0,9.100000000000005,0.717495563721031
13,1212,10,2,20.0,with_chunking,LMM-2,6.25,6.4875000000000025,0.8497264694218998
13,1212,10,4,40.0,without_chunking,LMM-1,9.0,9.09999999999999,0.8087566061584577
13,1212,10,4,40.0,without_chunking,LMM-2,9.0,9.09999999999999,0.8087566061584577
13,1212,10,4,40.0,with_chunking,LMM-1,9.0,9.09999999999999,0.6561144023176593
13,1212,10,4,40.0,with_chunking,LMM-2,7.625,7.7937499999999895,0.8435048947646153
13,1212,10,6,60.0,without_chunking,LMM-1,9.0,9.09999999999998,0.7730182221142927
13,1212,10,6,60.0,without_chunking,LMM-2,9.0,9.09999999999998,0.7730182221142927
13,1212,10,6,60.0,with_chunking,LMM-1,9.0,9.09999999999998,0.5998893606977429
13,1212,10,6,60.0,with_chunking,LMM-2,9.541666666666668,9.61458333333331,0.7560539573375009
13,1212,10,8,80.0,without_chunking,LMM-1,9.0,9.099999999999984,0.7387418779614923
13,1212,10,8,80.0,without_chunking,LMM-2,9.0,9.099999999999984,0.7387418779614923
13,1212,10,8,80.0,with_chunking,LMM-1,9.0,9.099999999999984,0.5483978173710198
13,1212,10,8,80.0,with_chunking,LMM-2,10.15625,10.198437499999981,0.6917113718328067
14,1213,4,2,20.0,without_chunking,LMM-1,10.0,10.050000000000006,0.8126393217919001
14,1213,4,2,20.0,without_chunking,LMM-2,10.0,10.050000000000006,0.8126393217919001
14,1213,4,2,20.0,with_chunking,LMM-1,10.5,10.525000000000006,0.6326778909746752
14,1213,4,2,20.0,with_chunking,LMM-2,10.5,10.525000000000006,0.6326778909746752
14,1213,4,4,40.0,without_chunking,LMM-1,10.0,10.04999999999999,0.7722458144300669
14,1213,4,4,40.0,without_chunking,LMM-2,10.0,10.04999999999999,0.7722458144300669
14,1213,4,4,40.0,with_chunking,LMM-1,10.5,10.52499999999999,0.5677467614090281
14,1213,4,4,40.0,with_chunking,LMM-2,10.5,10.52499999999999,0.5677467614090281
14,1213,4,6,60.0,without_chunking,LMM-1,10.0,10.049999999999978,0.7337321833549886
14,1213,4,6,60.0,without_chunking,LMM-2,10.0,10.049999999999978,0.7337321833549886
14,1213,4,6,60.0,with_chunking,LMM-1,10.5,10.524999999999977,0.5094097378824922
14,1213,4,6,60.0,with_chunking,LMM-2,10.5,10.524999999999977,0.5094097378824922
14,1213,4,8,80.0,without_chunking,LMM-1,10.0,10.049999999999981,0.6972972636566219
14,1213,4,8,80.0,without_chunking,LMM-2,10.0,10.049999999999981,0.6972972636566219
14,1213,4,8,80.0,with_chunking,LMM-1,10.5,10.52499999999998,0.45736508925461966
14,1213,4,8,80.0,with_chunking,LMM-2,10.5,10.52499999999998,0.45736508925461966
14,1213,6,2,20.0,without_chunking,LMM-1,10.0,10.050000000000006,0.817582749771735
14,1213,6,2,20.0,without_chunking,LMM-2,10.0,10.050000000000006,0.817582749771735
14,1213,6,2,20.0,with_chunking,LMM-1,10.5,10.525000000000006,0.6365260163547092
14,1213,6,2,20.0,with_chunking,LMM-2,10.5,10.525000000000006,0.6365260163547092
14,1213,6,4,40.0,without_chunking,LMM-1,10.0,10.04999999999999,0.7772887492389395
14,1213,6,4,40.0,without_chunking,LMM-2,10.0,10.04999999999999,0.7772887492389395
14,1213,6,4,40.0,with_chunking,LMM-1,10.5,10.52499999999999,0.5714521049092762
14,1213,6,4,40.0,with_chunking,LMM-2,10.5,10.52499999999999,0.5714521049092762
14,1213,6,6,60.0,without_chunking,LMM-1,10.0,10.049999999999978,0.7388544179721546
14,1213,6,6,60.0,without_chunking,LMM-2,10.0,10.049999999999978,0.7388544179721546
14,1213,6,6,60.0,with_chunking,LMM-1,10.5,10.524999999999977,0.5129614741851758
14,1213,6,6,60.0,with_chunking,LMM-2,10.5,10.524999999999977,0.5129614741851758
14,1213,6,8,80.0,without_chunking,LMM-1,10.0,10.049999999999981,0.7022272709626148
14,1213,6,8,80.0,without_chunking,LMM-2,10.0,10.049999999999981,0.7022272709626148
14,1213,6,8,80.0,with_chunking,LMM-1,10.5,10.52499999999998,0.46060210711598476
14,1213,6,8,80.0,with_chunking,LMM-2,10.5,10.52499999999998,0.46060210711598476
14,1213,8,2,20.0,without_chunking,LMM-1,9.0,9.100000000000005,0.8529537508060532
14,1213,8,2,20.0,without_chunking,LMM-2,8.5,8.625000000000004,0.865885173662412
14,1213,8,2,20.0,with_chunking,LMM-1,9.25,9.337500000000006,0.6909030972414878
14,1213,8,2,20.0,with_chunking,LMM-2,9.125,9.218750000000005,0.6970194913028053
14,1213,8,4,40.0,without_chunking,LMM-1,9.0,9.09999999999999,0.8338757321873789
14,1213,8,4,40.0,without_chunking,LMM-2,8.5,8.624999999999993,0.8504739350788024
14,1213,8,4,40.0,with_chunking,LMM-1,9.25,9.337499999999991,0.6351948264533347
14,1213,8,4,40.0,with_chunking,LMM-2,9.75,9.81249999999999,0.636083296528076
14,1213,8,6,60.0,without_chunking,LMM-1,9.0,9.09999999999998,0.8151968177038538
14,1213,8,6,60.0,without_chunking,LMM-2,8.5,8.62499999999998,0.8353547145757911
14,1213,8,6,60.0,with_chunking,LMM-1,9.25,9.337499999999979,0.5838941487400539
14,1213,8,6,60.0,with_chunking,LMM-2,9.75,9.812499999999979,0.5888526322420413
14,1213,8,8,80.0,without_chunking,LMM-1,9.0,9.099999999999982,0.7969093057924257
14,1213,8,8,80.0,without_chunking,LMM-2,8.5,8.624999999999982,0.8205218982423468
14,1213,8,8,80.0,with_chunking,LMM-1,9.25,9.337499999999983,0.5366808846314421
14,1213,8,8,80.0,with_chunking,LMM-2,9.75,9.812499999999982,0.5450841656734101
14,1213,10,2,20.0,without_chunking,LMM-1,7.0,7.200000000000003,0.8704403938967838
14,1213,10,2,20.0,without_chunking,LMM-2,9.0,9.100000000000005,0.8657920780581052
14,1213,10,2,20.0,with_chunking,LMM-1,8.5,8.625000000000004,0.7115076721032918
14,1213,10,2,20.0,with_chunking,LMM-2,8.0,8.150000000000006,0.7386923582767764
14,1213,10,4,40.0,without_chunking,LMM-1,7.0,7.199999999999992,0.8408346754241346
14,1213,10,4,40.0,without_chunking,LMM-2,5.75,6.012499999999994,0.9091677845402328
14,1213,10,4,40.0,with_chunking,LMM-1,8.5,8.624999999999991,0.6534913770161423
14,1213,10,4,40.0,with_chunking,LMM-2,8.9375,9.04062499999999,0.6666571873007949
14,1213,10,6,60.0,without_chunking,LMM-1,7.0,7.199999999999984,0.8121270451816958
14,1213,10,6,60.0,without_chunking,LMM-2,5.5,5.774999999999987,0.9060324721758012
14,1213,10,6,60.0,with_chunking,LMM-1,8.5,8.62499999999998,0.6001041632461738
14,1213,10,6,60.0,with_chunking,LMM-2,8.708333333333332,8.822916666666647,0.6268862849595634
14,1213,10,8,80.0,without_chunking,LMM-1,7.0,7.199999999999987,0.7842939528406914
14,1213,10,8,80.0,without_chunking,LMM-2,5.5,5.77499999999999,0.898237704362181
14,1213,10,8,80.0,with_chunking,LMM-1,8.5,8.624999999999984,0.5510070287857376
14,1213,10,8,80.0,with_chunking,LMM-2,8.59375,8.714062499999983,0.5914671661961015
15,1214,4,2,20.0,without_chunking,LMM-1,10.5,10.525000000000006,0.8128879120146054
15,1214,4,2,20.0,without_chunking,LMM-2,10.5,10.525000000000006,0.8128879120146054
15,1214,4,2,20.0,with_chunking,LMM-1,11.0,11.000000000000007,0.7243360302912895
15,1214,4,2,20.0,with_chunking,LMM-2,11.0,11.000000000000007,0.7243360302912895
15,1214,4,4,40.0,without_chunking,LMM-1,10.5,10.524999999999988,0.7873907729527025
15,1214,4,4,40.0,without_chunking,LMM-2,10.5,10.524999999999988,0.7873907729527025
15,1214,4,4,40.0,with_chunking,LMM-1,11.0,10.99999999999999,0.6792790032475632
15,1214,4,4,40.0,with_chunking,LMM-2,11.0,10.99999999999999,0.6792790032475632
15,1214,4,6,60.0,without_chunking,LMM-1,10.5,10.524999999999977,0.7626421878138188
15,1214,4,6,60.0,without_chunking,LMM-2,10.5,10.524999999999977,0.7626421878138188
15,1214,4,6,60.0,with_chunking,LMM-1,11.0,10.999999999999977,0.637067972251727
15,1214,4,6,60.0,with_chunking,LMM-2,11.0,10.999999999999977,0.637067972251727
15,1214,4,8,80.0,without_chunking,LMM-1,10.5,10.52499999999998,0.7386218547101415
15,1214,4,8,80.0,without_chunking,LMM-2,10.5,10.52499999999998,0.7386218547101415
15,1214,4,8,80.0,with_chunking,LMM-1,11.0,10.99999999999998,0.5975200265003622
15,1214,4,8,80.0,with_chunking,LMM-2,11.0,10.99999999999998,0.5975200265003622
15,1214,6,2,20.0,without_chunking,LMM-1,10.0,10.050000000000006,0.8037756643839733
15,1214,6,2,20.0,without_chunking,LMM-2,10.0,10.050000000000006,0.8037756643839733
15,1214,6,2,20.0,with_chunking,LMM-1,10.0,10.050000000000006,0.6658496313525729
15,1214,6,2,20.0,with_chunking,LMM-2,10.0,10.050000000000006,0.6658496313525729
15,1214,6,4,40.0,without_chunking,LMM-1,10.0,10.04999999999999,0.7633877304930318
15,1214,6,4,40.0,without_chunking,LMM-2,10.0,10.04999999999999,0.7633877304930318
15,1214,6,4,40.0,with_chunking,LMM-1,10.0,10.04999999999999,0.6009197039529435
15,1214,6,4,40.0,with_chunking,LMM-2,10.0,10.04999999999999,0.6009197039529435
15,1214,6,6,60.0,without_chunking,LMM-1,10.0,10.049999999999978,0.7249001195721994
15,1214,6,6,60.0,without_chunking,LMM-2,10.0,10.049999999999978,0.7249001195721994
15,1214,6,6,60.0,with_chunking,LMM-1,10.0,10.049999999999978,0.542240764727214
15,1214,6,6,60.0,with_chunking,LMM-2,10.0,10.049999999999978,0.542240764727214
15,1214,6,8,80.0,without_chunking,LMM-1,10.0,10.049999999999981,0.6882942681144565
15,1214,6,8,80.0,without_chunking,LMM-2,10.0,10.049999999999981,0.6882942681144565
15,1214,6,8,80.0,with_chunking,LMM-1,10.0,10.049999999999981,0.4892644530076447
15,1214,6,8,80.0,with_chunking,LMM-2,10.0,10.049999999999981,0.4892644530076447
15,1214,8,2,20.0,without_chunking,LMM-1,9.0,9.100000000000005,0.8371725885686804
15,1214,8,2,20.0,without_chunking,LMM-2,9.0,9.100000000000005,0.8371725885686804
15,1214,8,2,20.0,with_chunking,LMM-1,9.5,9.575000000000005,0.6954110947804515
15,1214,8,2,20.0,with_chunking,LMM-2,9.5,9.575000000000005,0.6954110947804515
15,1214,8,4,40.0,without_chunking,LMM-1,9.0,9.09999999999999,0.7997947461234266
15,1214,8,4,40.0,without_chunking,LMM-2,9.0,9.09999999999999,0.7997947461234266
15,1214,8,4,40.0,with_chunking,LMM-1,9.5,9.57499999999999,0.6367095961532326
15,1214,8,4,40.0,with_chunking,LMM-2,9.5,9.57499999999999,0.6367095961532326
15,1214,8,6,60.0,without_chunking,LMM-1,9.0,9.09999999999998,0.7639605502360508
15,1214,8,6,60.0,without_chunking,LMM-2,9.0,9.09999999999998,0.7639605502360508
15,1214,8,6,60.0,with_chunking,LMM-1,9.5,9.57499999999998,0.5828801162394801
15,1214,8,6,60.0,with_chunking,LMM-2,9.5,9.57499999999998,0.5828801162394801
15,1214,8,8,80.0,without_chunking,LMM-1,9.0,9.099999999999984,0.7296308771756181
15,1214,8,8,80.0,without_chunking,LMM-2,9.0,9.099999999999984,0.7296308771756181
15,1214,8,8,80.0,with_chunking,LMM-1,9.5,9.574999999999982,0.533540435754928
15,1214,8,8,80.0,with_chunking,LMM-2,9.5,9.574999999999982,0.533540435754928
15,1214,10,2,20.0,without_chunking,LMM-1,8.0,8.150000000000004,0.8608060788647327
15,1214,10,2,20.0,without_chunking,LMM-2,8.0,8.150000000000004,0.8608060788647327
15,1214,10,2,20.0,with_chunking,LMM-1,9.0,9.100000000000005,0.7130791865958881
15,1214,10,2,20.0,with_chunking,LMM-2,8.625,8.743750000000004,0.7292556590426215
15,1214,10,4,40.0,without_chunking,LMM-1,8.0,8.149999999999991,0.8269604931140124
15,1214,10,4,40.0,without_chunking,LMM-2,8.0,8.149999999999991,0.8269604931140124
15,1214,10,4,40.0,with_chunking,LMM-1,9.0,9.09999999999999,0.650906126627337
15,1214,10,4,40.0,with_chunking,LMM-2,8.375,8.50624999999999,0.7549560401795832
15,1214,10,6,60.0,without_chunking,LMM-1,8.0,8.149999999999983,0.7943265727087412
15,1214,10,6,60.0,without_chunking,LMM-2,8.0,8.149999999999983,0.7943265727087412
15,1214,10,6,60.0,with_chunking,LMM-1,9.0,9.09999999999998,0.5940550422223464
15,1214,10,6,60.0,with_chunking,LMM-2,8.125,8.268749999999983,0.761220608137894
15,1214,10,8,80.0,without_chunking,LMM-1,8.0,8.149999999999984,0.7628752998763546
15,1214,10,8,80.0,without_chunking,LMM-2,8.0,8.149999999999984,0.7628752998763546
15,1214,10,8,80.0,with_chunking,LMM-1,9.0,9.099999999999984,0.5420878254187496
15,1214,10,8,80.0,with_chunking,LMM-2,8.21875,8.357812499999984,0.7041107619199305
16,1215,4,2,20.0,without_chunking,LMM-1,11.0,11.000000000000007,0.7772886027018289
16,1215,4,2,20.0,without_chunking,LMM-2,11.0,11.000000000000007,0.7772886027018289
16,1215,4,2,20.0,with_chunking,LMM-1,11.0,11.000000000000007,0.7772886027018289
16,1215,4,2,20.0,with_chunking,LMM-2,11.0,11.000000000000007,0.7772886027018289
16,1215,4,4,40.0,without_chunking,LMM-1,11.0,10.99999999999999,0.7335001639469071
16,1215,4,4,40.0,without_chunking,LMM-2,11.0,10.99999999999999,0.7335001639469071
16,1215,4,4,40.0,with_chunking,LMM-1,11.0,10.99999999999999,0.7335001639469071
16,1215,4,4,40.0,with_chunking,LMM-2,11.0,10.99999999999999,0.7335001639469071
16,1215,4,6,60.0,without_chunking,LMM-1,11.0,10.999999999999977,0.6920446259505258
16,1215,4,6,60.0,without_chunking,LMM-2,11.0,10.999999999999977,0.6920446259505258
16,1215,4,6,60.0,with_chunking,LMM-1,11.0,10.999999999999977,0.6920446259505258
16,1215,4,6,60.0,with_chunking,LMM-2,11.0,10.999999999999977,0.6920446259505258
16,1215,4,8,80.0,without_chunking,LMM-1,11.0,10.99999999999998,0.653534412458987
16,1215,4,8,80.0,without_chunking,LMM-2,11.0,10.99999999999998,0.653534412458987
16,1215,4,8,80.0,with_chunking,LMM-1,11.0,10.99999999999998,0.653534412458987
16,1215,4,8,80.0,with_chunking,LMM-2,11.0,10.99999999999998,0.653534412458987
16,1215,6,2,20.0,without_chunking,LMM-1,11.0,11.000000000000007,0.7820385116067777
16,1215,6,2,20.0,without_chunking,LMM-2,11.0,11.000000000000007,0.7820385116067777
16,1215,6,2,20.0,with_chunking,LMM-1,11.0,11.000000000000007,0.7820385116067777
16,1215,6,2,20.0,with_chunking,LMM-2,11.0,11.000000000000007,0.7820385116067777
16,1215,6,4,40.0,without_chunking,LMM-1,11.0,10.99999999999999,0.7379826774907274
16,1215,6,4,40.0,without_chunking,LMM-2,11.0,10.99999999999999,0.7379826774907274
16,1215,6,4,40.0,with_chunking,LMM-1,11.0,10.99999999999999,0.7379826774907274
16,1215,6,4,40.0,with_chunking,LMM-2,11.0,10.99999999999999,0.7379826774907274
16,1215,6,6,60.0,without_chunking,LMM-1,11.0,10.999999999999977,0.6962746517777754
16,1215,6,6,60.0,without_chunking,LMM-2,11.0,10.999999999999977,0.6962746517777754
16,1215,6,6,60.0,with_chunking,LMM-1,11.0,10.999999999999977,0.6962746517777754
16,1215,6,6,60.0,with_chunking,LMM-2,11.0,10.999999999999977,0.6962746517777754
16,1215,6,8,80.0,without_chunking,LMM-1,11.0,10.99999999999998,0.6568812438709357
16,1215,6,8,80.0,without_chunking,LMM-2,11.0,10.99999999999998,0.6568812438709357
16,1215,6,8,80.0,with_chunking,LMM-1,11.0,10.99999999999998,0.6568812438709357
16,1215,6,8,80.0,with_chunking,LMM-2,11.0,10.99999999999998,0.6568812438709357
16,1215,8,2,20.0,without_chunking,LMM-1,10.0,10.050000000000006,0.8118297675917983
16,1215,8,2,20.0,without_chunking,LMM-2,10.0,10.050000000000006,0.8118297675917983
16,1215,8,2,20.0,with_chunking,LMM-1,10.0,10.050000000000006,0.8118297675917983
16,1215,8,2,20.0,with_chunking,LMM-2,10.0,10.050000000000006,0.8118297675917983
16,1215,8,4,40.0,without_chunking,LMM-1,10.0,10.04999999999999,0.7708829862684903
16,1215,8,4,40.0,without_chunking,LMM-2,10.0,10.04999999999999,0.7708829862684903
16,1215,8,4,40.0,with_chunking,LMM-1,10.0,10.04999999999999,0.7708829862684903
16,1215,8,4,40.0,with_chunking,LMM-2,10.0,10.04999999999999,0.7708829862684903
16,1215,8,6,60.0,without_chunking,LMM-1,10.0,10.049999999999978,0.7318702996896385
16,1215,8,6,60.0,without_chunking,LMM-2,10.0,10.049999999999978,0.7318702996896385
16,1215,8,6,60.0,with_chunking,LMM-1,10.0,10.049999999999978,0.7318702996896385
16,1215,8,6,60.0,with_chunking,LMM-2,10.0,10.049999999999978,0.7318702996896385
16,1215,8,8,80.0,without_chunking,LMM-1,10.0,10.049999999999981,0.6948500217092989
16,1215,8,8,80.0,without_chunking,LMM-2,10.0,10.049999999999981,0.6948500217092989
16,1215,8,8,80.0,with_chunking,LMM-1,10.0,10.049999999999981,0.6948500217092989
16,1215,8,8,80.0,with_chunking,LMM-2,10.0,10.049999999999981,0.6948500217092989
16,1215,10,2,20.0,without_chunking,LMM-1,10.0,10.050000000000006,0.8118297675917983
16,1215,10,2,20.0,without_chunking,LMM-2,10.0,10.050000000000006,0.8118297675917983
16,1215,10,2,20.0,with_chunking,LMM-1,10.0,10.050000000000006,0.8118297675917983
16,1215,10,2,20.0,with_chunking,LMM-2,10.0,10.050000000000006,0.8118297675917983
16,1215,10,4,40.0,without_chunking,LMM-1,10.0,10.04999999999999,0.7708829862684903
16,1215,10,4,40.0,without_chunking,LMM-2,10.0,10.04999999999999,0.7708829862684903
16,1215,10,4,40.0,with_chunking,LMM-1,10.0,10.04999999999999,0.7708829862684903
16,1215,10,4,40.0,with_chunking,LMM-2,10.0,10.04999999999999,0.7708829862684903
16,1215,10,6,60.0,without_chunking,LMM-1,10.0,10.049999999999978,0.7318702996896385
16,1215,10,6,60.0,without_chunking,LMM-2,10.0,10.049999999999978,0.7318702996896385
16,1215,10,6,60.0,with_chunking,LMM-1,10.0,10.049999999999978,0.7318702996896385
16,1215,10,6,60.0,with_chunking,LMM-2,10.0,10.049999999999978,0.7318702996896385
16,1215,10,8,80.0,without_chunking,LMM-1,10.0,10.049999999999981,0.6948500217092989
16,1215,10,8,80.0,without_chunking,LMM-2,10.0,10.049999999999981,0.6948500217092989
16,1215,10,8,80.0,with_chunking,LMM-1,10.0,10.049999999999981,0.6948500217092989
16,1215,10,8,80.0,with_chunking,LMM-2,10.0,10.049999999999981,0.6948500217092989
17,1216,4,2,20.0,without_chunking,LMM-1,17.0,16.70000000000001,0.6633991045027301
17,1216,4,2,20.0,without_chunking,LMM-2,17.0,16.70000000000001,0.6633991045027301
17,1216,4,2,20.0,with_chunking,LMM-1,17.0,16.70000000000001,0.6633991045027301
17,1216,4,2,20.0,with_chunking,LMM-2,17.0,16.70000000000001,0.6633991045027301
17,1216,4,4,40.0,without_chunking,LMM-1,17.0,16.699999999999978,0.6044494150743506
17,1216,4,4,40.0,without_chunking,LMM-2,17.0,16.699999999999978,0.6044494150743506
17,1216,4,4,40.0,with_chunking,LMM-1,17.0,16.699999999999978,0.6044494150743506
17,1216,4,4,40.0,with_chunking,LMM-2,17.0,16.699999999999978,0.6044494150743506
17,1216,4,6,60.0,without_chunking,LMM-1,17.0,16.69999999999996,0.5506270728628389
17,1216,4,6,60.0,without_chunking,LMM-2,17.0,16.69999999999996,0.5506270728628389
17,1216,4,6,60.0,with_chunking,LMM-1,17.0,16.69999999999996,0.5506270728628389
17,1216,4,6,60.0,with_chunking,LMM-2,17.0,16.69999999999996,0.5506270728628389
17,1216,4,8,80.0,without_chunking,LMM-1,17.0,18.112499999999972,0.4455355344515013
17,1216,4,8,80.0,without_chunking,LMM-2,17.0,18.112499999999972,0.4455355344515013
17,1216,4,8,80.0,with_chunking,LMM-1,17.0,18.112499999999972,0.4455355344515013
17,1216,4,8,80.0,with_chunking,LMM-2,17.0,18.112499999999972,0.4455355344515013
17,1216,6,2,20.0,without_chunking,LMM-1,15.5,15.27500000000001,0.6981763026089982
17,1216,6,2,20.0,without_chunking,LMM-2,15.5,15.27500000000001,0.6981763026089982
17,1216,6,2,20.0,with_chunking,LMM-1,15.5,15.27500000000001,0.6981763026089982
17,1216,6,2,20.0,with_chunking,LMM-2,15.5,15.27500000000001,0.6981763026089982
17,1216,6,4,40.0,without_chunking,LMM-1,15.5,15.27499999999998,0.6469747561166688
17,1216,6,4,40.0,without_chunking,LMM-2,15.5,15.27499999999998,0.6469747561166688
17,1216,6,4,40.0,with_chunking,LMM-1,15.5,15.27499999999998,0.6469747561166688
17,1216,6,4,40.0,with_chunking,LMM-2,15.5,15.27499999999998,0.6469747561166688
17,1216,6,6,60.0,without_chunking,LMM-1,15.5,15.274999999999965,0.5994307938972596
17,1216,6,6,60.0,without_chunking,LMM-2,15.5,15.274999999999965,0.5994307938972596
17,1216,6,6,60.0,with_chunking,LMM-1,15.5,15.274999999999965,0.5994307938972596
17,1216,6,6,60.0,with_chunking,LMM-2,15.5,15.274999999999965,0.5994307938972596
17,1216,6,8,80.0,without_chunking,LMM-1,15.5,15.981249999999974,0.5255924526859888
17,1216,6,8,80.0,without_chunking,LMM-2,15.5,15.981249999999974,0.5255924526859888
17,1216,6,8,80.0,with_chunking,LMM-1,15.5,15.981249999999974,0.5255924526859888
17,1216,6,8,80.0,with_chunking,LMM-2,15.5,15.981249999999974,0.5255924526859888
17,1216,8,2,20.0,without_chunking,LMM-1,10.5,10.525000000000006,0.814727957355703
17,1216,8,2,20.0,without_chunking,LMM-2,10.5,10.525000000000006,0.814727957355703
17,1216,8,2,20.0,with_chunking,LMM-1,10.5,10.525000000000006,0.814727957355703
17,1216,8,2,20.0,with_chunking,LMM-2,10.5,10.525000000000006,0.814727957355703
17,1216,8,4,40.0,without_chunking,LMM-1,10.5,10.524999999999988,0.7875090945577494
17,1216,8,4,40.0,without_chunking,LMM-2,10.5,10.524999999999988,0.7875090945577494
17,1216,8,4,40.0,with_chunking,LMM-1,10.5,10.524999999999988,0.7875090945577494
17,1216,8,4,40.0,with_chunking,LMM-2,10.5,10.524999999999988,0.7875090945577494
17,1216,8,6,60.0,without_chunking,LMM-1,10.5,10.524999999999975,0.7611523558742301
17,1216,8,6,60.0,without_chunking,LMM-2,10.5,10.524999999999975,0.7611523558742301
17,1216,8,6,60.0,with_chunking,LMM-1,10.5,10.524999999999975,0.7611523558742301
17,1216,8,6,60.0,with_chunking,LMM-2,10.5,10.524999999999975,0.7611523558742301
17,1216,8,8,80.0,without_chunking,LMM-1,10.5,10.524999999999983,0.7356320470511402
17,1216,8,8,80.0,without_chunking,LMM-2,10.5,10.524999999999983,0.7356320470511402
17,1216,8,8,80.0,with_chunking,LMM-1,10.5,10.524999999999983,0.7356320470511402
17,1216,8,8,80.0,with_chunking,LMM-2,10.5,10.524999999999983,0.7356320470511402
17,1216,10,2,20.0,without_chunking,LMM-1,9.0,9.100000000000005,0.8367618188154361
17,1216,10,2,20.0,without_chunking,LMM-2,9.0,9.100000000000005,0.8367618188154361
17,1216,10,2,20.0,with_chunking,LMM-1,9.0,9.100000000000005,0.8367618188154361
17,1216,10,2,20.0,with_chunking,LMM-2,9.0,9.100000000000005,0.8367618188154361
17,1216,10,4,40.0,without_chunking,LMM-1,9.0,9.09999999999999,0.7994968945672142
17,1216,10,4,40.0,without_chunking,LMM-2,9.0,9.09999999999999,0.7994968945672142
17,1216,10,4,40.0,with_chunking,LMM-1,9.0,9.09999999999999,0.7994968945672142
17,1216,10,4,40.0,with_chunking,LMM-2,9.0,9.09999999999999,0.7994968945672142
17,1216,10,6,60.0,without_chunking,LMM-1,9.0,9.09999999999998,0.7637673018964061
17,1216,10,6,60.0,without_chunking,LMM-2,9.0,9.09999999999998,0.7637673018964061
17,1216,10,6,60.0,with_chunking,LMM-1,9.0,9.09999999999998,0.7637673018964061
17,1216,10,6,60.0,with_chunking,LMM-2,9.0,9.09999999999998,0.7637673018964061
17,1216,10,8,80.0,without_chunking,LMM-1,9.0,9.099999999999984,0.7295156098443505
17,1216,10,8,80.0,without_chunking,LMM-2,9.0,9.099999999999984,0.7295156098443505
17,1216,10,8,80.0,with_chunking,LMM-1,9.0,9.099999999999984,0.7295156098443505
17,1216,10,8,80.0,with_chunking,LMM-2,9.0,9.099999999999984,0.7295156098443505
18,1217,4,2,20.0,without_chunking,LMM-1,11.0,11.000000000000007,0.7916391094774502
18,1217,4,2,20.0,without_chunking,LMM-2,11.0,11.000000000000007,0.7916391094774502
18,1217,4,2,20.0,with_chunking,LMM-1,11.75,11.712500000000007,0.5916626291880447
18,1217,4,2,20.0,with_chunking,LMM-2,11.75,11.712500000000007,0.5916626291880447
18,1217,4,4,40.0,without_chunking,LMM-1,11.0,10.99999999999999,0.7481164848676666
18,1217,4,4,40.0,without_chunking,LMM-2,11.0,10.99999999999999,0.7481164848676666
18,1217,4,4,40.0,with_chunking,LMM-1,11.75,11.712499999999988,0.5259292486537535
18,1217,4,4,40.0,with_chunking,LMM-2,11.75,11.712499999999988,0.5259292486537535
18,1217,4,6,60.0,without_chunking,LMM-1,11.0,10.999999999999977,0.7068564920436072
18,1217,4,6,60.0,without_chunking,LMM-2,11.0,10.999999999999977,0.7068564920436072
18,1217,4,6,60.0,with_chunking,LMM-1,11.75,11.712499999999975,0.4674652339504205
18,1217,4,6,60.0,with_chunking,LMM-2,11.75,11.712499999999975,0.4674652339504205
18,1217,4,8,80.0,without_chunking,LMM-1,11.0,10.99999999999998,0.6678555607118939
18,1217,4,8,80.0,without_chunking,LMM-2,11.0,10.99999999999998,0.6678555607118939
18,1217,4,8,80.0,with_chunking,LMM-1,11.75,11.712499999999979,0.41564116940896667
18,1217,4,8,80.0,with_chunking,LMM-2,11.75,11.712499999999979,0.41564116940896667
18,1217,6,2,20.0,without_chunking,LMM-1,10.0,10.050000000000006,0.8108163599796011
18,1217,6,2,20.0,without_chunking,LMM-2,10.0,10.050000000000006,0.8108163599796011
18,1217,6,2,20.0,with_chunking,LMM-1,10.0,10.050000000000006,0.6579245969166934
18,1217,6,2,20.0,with_chunking,LMM-2,10.0,10.050000000000006,0.6579245969166934
18,1217,6,4,40.0,without_chunking,LMM-1,10.0,10.04999999999999,0.7703013080505742
18,1217,6,4,40.0,without_chunking,LMM-2,10.0,10.04999999999999,0.7703013080505742
18,1217,6,4,40.0,with_chunking,LMM-1,10.0,10.04999999999999,0.5941796397675465
18,1217,6,4,40.0,with_chunking,LMM-2,10.0,10.04999999999999,0.5941796397675465
18,1217,6,6,60.0,without_chunking,LMM-1,10.0,10.049999999999978,0.7316818374356122
18,1217,6,6,60.0,without_chunking,LMM-2,10.0,10.049999999999978,0.7316818374356122
18,1217,6,6,60.0,with_chunking,LMM-1,10.0,10.049999999999978,0.5365318011446982
18,1217,6,6,60.0,with_chunking,LMM-2,10.0,10.049999999999978,0.5365318011446982
18,1217,6,8,80.0,without_chunking,LMM-1,10.0,10.049999999999981,0.6952196469916605
18,1217,6,8,80.0,without_chunking,LMM-2,10.0,10.049999999999981,0.6952196469916605
18,1217,6,8,80.0,with_chunking,LMM-1,10.0,10.049999999999981,0.48468200643189674
18,1217,6,8,80.0,with_chunking,LMM-2,10.0,10.049999999999981,0.48468200643189674
18,1217,8,2,20.0,without_chunking,LMM-1,10.0,10.050000000000006,0.8200881412694
18,1217,8,2,20.0,without_chunking,LMM-2,10.0,10.050000000000006,0.8200881412694
18,1217,8,2,20.0,with_chunking,LMM-1,10.0,10.050000000000006,0.6654478220265738
18,1217,8,2,20.0,with_chunking,LMM-2,10.0,10.050000000000006,0.6654478220265738
18,1217,8,4,40.0,without_chunking,LMM-1,10.0,10.04999999999999,0.7792559215682842
18,1217,8,4,40.0,without_chunking,LMM-2,10.0,10.04999999999999,0.7792559215682842
18,1217,8,4,40.0,with_chunking,LMM-1,10.0,10.04999999999999,0.6010860207091232
18,1217,8,4,40.0,with_chunking,LMM-2,10.0,10.04999999999999,0.6010860207091232
18,1217,8,6,60.0,without_chunking,LMM-1,10.0,10.049999999999978,0.7403272658915349
18,1217,8,6,60.0,without_chunking,LMM-2,10.0,10.049999999999978,0.7403272658915349
18,1217,8,6,60.0,with_chunking,LMM-1,10.0,10.049999999999978,0.5428696015436855
18,1217,8,6,60.0,with_chunking,LMM-2,10.0,10.049999999999978,0.5428696015436855
18,1217,8,8,80.0,without_chunking,LMM-1,10.0,10.049999999999981,0.7033439743315965
18,1217,8,8,80.0,without_chunking,LMM-2,10.0,10.049999999999981,0.7033439743315965
18,1217,8,8,80.0,with_chunking,LMM-1,10.0,10.049999999999981,0.490351598235631
18,1217,8,8,80.0,with_chunking,LMM-2,10.0,10.049999999999981,0.490351598235631
18,1217,10,2,20.0,without_chunking,LMM-1,8.0,8.150000000000004,0.8579615903996047
18,1217,10,2,20.0,without_chunking,LMM-2,8.0,8.150000000000004,0.8579615903996047
18,1217,10,2,20.0,with_chunking,LMM-1,9.0,9.100000000000005,0.7036535101235972
18,1217,10,2,20.0,with_chunking,LMM-2,7.0,7.200000000000004,0.7853917916701535
18,1217,10,4,40.0,without_chunking,LMM-1,8.0,8.149999999999991,0.8246480802598056
18,1217,10,4,40.0,without_chunking,LMM-2,8.0,8.149999999999991,0.8246480802598056
18,1217,10,4,40.0,with_chunking,LMM-1,9.0,9.09999999999999,0.6428032581816773
18,1217,10,4,40.0,with_chunking,LMM-2,7.625,7.79374999999999,0.7470933987520334
18,1217,10,6,60.0,without_chunking,LMM-1,8.0,8.149999999999983,0.7925118983653683
18,1217,10,6,60.0,without_chunking,LMM-2,8.0,8.149999999999983,0.7925118983653683
18,1217,10,6,60.0,with_chunking,LMM-1,9.0,9.09999999999998,0.5871187701569788
18,1217,10,6,60.0,with_chunking,LMM-2,8.583333333333332,8.704166666666648,0.6780640296219442
18,1217,10,8,80.0,without_chunking,LMM-1,8.0,8.149999999999984,0.7615166386527286
18,1217,10,8,80.0,without_chunking,LMM-2,8.0,8.149999999999984,0.7615166386527286
18,1217,10,8,80.0,with_chunking,LMM-1,9.0,9.099999999999984,0.5362623097867781
18,1217,10,8,80.0,with_chunking,LMM-2,8.75,8.862499999999985,0.6271387571627947
19,1218,4,2,20.0,without_chunking,LMM-1,11.0,11.000000000000007,0.7880406811011871
19,1218,4,2,20.0,without_chunking,LMM-2,11.0,11.000000000000007,0.7880406811011871
19,1218,4,2,20.0,with_chunking,LMM-1,11.666666666666668,11.63333333333334,0.4823636549103317
19,1218,4,2,20.0,with_chunking,LMM-2,11.333333333333334,11.316666666666674,0.4988496185281589
19,1218,4,4,40.0,without_chunking,LMM-1,11.0,10.99999999999999,0.7444035490470258
19,1218,4,4,40.0,without_chunking,LMM-2,11.0,10.99999999999999,0.7444035490470258
19,1218,4,4,40.0,with_chunking,LMM-1,11.6875,11.653124999999989,0.4255867105589012
19,1218,4,4,40.0,with_chunking,LMM-2,11.104166666666668,11.098958333333321,0.4922518272633085
19,1218,4,6,60.0,without_chunking,LMM-1,11.0,10.999999999999977,0.703051858640501
19,1218,4,6,60.0,without_chunking,LMM-2,11.0,10.999999999999977,0.703051858640501
19,1218,4,6,60.0,with_chunking,LMM-1,11.694444444444445,11.659722222222195,0.3707649000792775
19,1218,4,6,60.0,with_chunking,LMM-2,11.38888888888889,11.369444444444419,0.4721207249894558
19,1218,4,8,80.0,without_chunking,LMM-1,11.0,10.99999999999998,0.6641714208779814
19,1218,4,8,80.0,without_chunking,LMM-2,11.0,10.99999999999998,0.6641714208779814
19,1218,4,8,80.0,with_chunking,LMM-1,11.697916666666668,11.663020833333313,0.3232519155286903
19,1218,4,8,80.0,with_chunking,LMM-2,11.25,11.23749999999998,0.43259699247612177
19,1218,6,2,20.0,without_chunking,LMM-1,11.0,11.000000000000007,0.7932329407215929
19,1218,6,2,20.0,without_chunking,LMM-2,11.0,11.000000000000007,0.7932329407215929
19,1218,6,2,20.0,with_chunking,LMM-1,11.5,11.475000000000007,0.5296306748516986
19,1218,6,2,20.0,with_chunking,LMM-2,11.5,11.475000000000007,0.5295917191590515
19,1218,6,4,40.0,without_chunking,LMM-1,11.0,10.99999999999999,0.7494342074358279
19,1218,6,4,40.0,without_chunking,LMM-2,11.0,10.99999999999999,0.7494342074358279
19,1218,6,4,40.0,with_chunking,LMM-1,11.666666666666666,11.633333333333322,0.417098015514884
19,1218,6,4,40.0,with_chunking,LMM-2,11.208333333333332,11.197916666666654,0.46255491207705457
19,1218,6,6,60.0,without_chunking,LMM-1,11.0,10.999999999999977,0.7079225540304637
19,1218,6,6,60.0,without_chunking,LMM-2,11.0,10.999999999999977,0.7079225540304637
19,1218,6,6,60.0,with_chunking,LMM-1,11.666666666666666,11.633333333333306,0.34842571348389406
19,1218,6,6,60.0,with_chunking,LMM-2,11.722222222222221,11.686111111111085,0.45635789652757464
19,1218,6,8,80.0,without_chunking,LMM-1,11.0,10.99999999999998,0.6686906375888315
19,1218,6,8,80.0,without_chunking,LMM-2,11.0,10.99999999999998,0.6686906375888315
19,1218,6,8,80.0,with_chunking,LMM-1,11.666666666666666,11.633333333333313,0.29130060437688754
19,1218,6,8,80.0,with_chunking,LMM-2,11.875,11.83124999999998,0.42495797397695756
19,1218,8,2,20.0,without_chunking,LMM-1,10.0,10.050000000000006,0.8168563120003418
19,1218,8,2,20.0,without_chunking,LMM-2,10.0,10.050000000000006,0.8168563120003418
19,1218,8,2,20.0,with_chunking,LMM-1,10.625,10.643750000000008,0.5659931731512033
19,1218,8,2,20.0,with_chunking,LMM-2,10.625,10.643750000000008,0.5659512200164407
19,1218,8,4,40.0,without_chunking,LMM-1,10.0,10.04999999999999,0.7761653235429261
19,1218,8,4,40.0,without_chunking,LMM-2,10.0,10.04999999999999,0.7761653235429261
19,1218,8,4,40.0,with_chunking,LMM-1,10.666666666666666,10.683333333333323,0.45791865283492367
19,1218,8,4,40.0,with_chunking,LMM-2,10.166666666666666,10.208333333333321,0.49129359692165664
19,1218,8,6,60.0,without_chunking,LMM-1,10.0,10.049999999999978,0.7373721341873252
19,1218,8,6,60.0,without_chunking,LMM-2,10.0,10.049999999999978,0.7373721341873252
19,1218,8,6,60.0,with_chunking,LMM-1,10.666666666666666,10.68333333333331,0.389086145032787
19,1218,8,6,60.0,with_chunking,LMM-2,10.194444444444445,10.2347222222222,0.46461762308374904
19,1218,8,8,80.0,without_chunking,LMM-1,10.0,10.049999999999981,0.7004564040690342
19,1218,8,8,80.0,without_chunking,LMM-2,10.0,10.049999999999981,0.7004564040690342
19,1218,8,8,80.0,with_chunking,LMM-1,10.666666666666666,10.683333333333314,0.33075365957930036
19,1218,8,8,80.0,with_chunking,LMM-2,10.104166666666666,10.148958333333315,0.4130951314132623
19,1218,10,2,20.0,without_chunking,LMM-1,10.0,10.050000000000006,0.8225472592319781
19,1218,10,2,20.0,without_chunking,LMM-2,10.0,10.050000000000006,0.8225472592319781
19,1218,10,2,20.0,with_chunking,LMM-1,10.0,10.050000000000004,0.5550491633161849
19,1218,10,2,20.0,with_chunking,LMM-2,9.833333333333332,9.891666666666673,0.5663849865769115
19,1218,10,4,40.0,without_chunking,LMM-1,10.0,10.04999999999999,0.7819270548933208
19,1218,10,4,40.0,without_chunking,LMM-2,10.0,10.04999999999999,0.7819270548933208
19,1218,10,4,40.0,with_chunking,LMM-1,10.0,10.04999999999999,0.4769289603923308
19,1218,10,4,40.0,with_chunking,LMM-2,9.541666666666668,9.614583333333323,0.5429301080181712
19,1218,10,6,60.0,without_chunking,LMM-1,10.0,10.049999999999978,0.7431854672550977
19,1218,10,6,60.0,without_chunking,LMM-2,10.0,10.049999999999978,0.7431854672550977
19,1218,10,6,60.0,with_chunking,LMM-1,10.0,10.049999999999978,0.40983789198294507
19,1218,10,6,60.0,with_chunking,LMM-2,9.48611111111111,9.561805555555534,0.5055575467817182
19,1218,10,8,80.0,without_chunking,LMM-1,10.0,10.049999999999981,0.7062423762225022
19,1218,10,8,80.0,without_chunking,LMM-2,10.0,10.049999999999981,0.7062423762225022
19,1218,10,8,80.0,with_chunking,LMM-1,10.0,10.049999999999981,0.35227470038041575
19,1218,10,8,80.0,with_chunking,LMM-2,9.416666666666668,9.495833333333316,0.443053985798462
20,1219,4,2,20.0,without_chunking,LMM-1,13.0,12.90000000000001,0.756346975762083
20,1219,4,2,20.0,without_chunking,LMM-2,13.0,12.90000000000001,0.756346975762083
20,1219,4,2,20.0,with_chunking,LMM-1,12.625,12.543750000000008,0.6416499984790254
20,1219,4,2,20.0,with_chunking,LMM-2,12.625,12.543750000000008,0.6416499984790254
20,1219,4,4,40.0,without_chunking,LMM-1,13.0,12.899999999999986,0.7063190750154752
20,1219,4,4,40.0,without_chunking,LMM-2,13.0,12.899999999999986,0.7063190750154752
20,1219,4,4,40.0,with_chunking,LMM-1,12.5,12.424999999999986,0.5314962779479615
20,1219,4,4,40.0,with_chunking,LMM-2,12.5,12.424999999999986,0.5314962779479615
20,1219,4,6,60.0,without_chunking,LMM-1,13.0,12.899999999999972,0.659467923393749
20,1219,4,6,60.0,without_chunking,LMM-2,13.0,12.899999999999972,0.659467923393749
20,1219,4,6,60.0,with_chunking,LMM-1,12.5,12.424999999999974,0.4663066746280097
20,1219,4,6,60.0,with_chunking,LMM-2,12.5,12.424999999999974,0.4663066746280097
20,1219,4,8,80.0,without_chunking,LMM-1,13.0,12.899999999999977,0.6161775602031979
20,1219,4,8,80.0,without_chunking,LMM-2,13.0,12.899999999999977,0.6161775602031979
20,1219,4,8,80.0,with_chunking,LMM-1,12.5,12.42499999999998,0.40945027321589467
20,1219,4,8,80.0,with_chunking,LMM-2,12.5,12.42499999999998,0.40945027321589467
20,1219,6,2,20.0,without_chunking,LMM-1,11.0,11.000000000000007,0.8049369610542454
20,1219,6,2,20.0,without_chunking,LMM-2,11.0,11.000000000000007,0.8049369610542454
20,1219,6,2,20.0,with_chunking,LMM-1,11.333333333333334,11.316666666666674,0.5060899794162332
20,1219,6,2,20.0,with_chunking,LMM-2,10.5,10.525000000000006,0.5400168509816505
20,1219,6,4,40.0,without_chunking,LMM-1,11.0,10.99999999999999,0.7611490080330409
20,1219,6,4,40.0,without_chunking,LMM-2,11.0,10.99999999999999,0.7611490080330409
20,1219,6,4,40.0,with_chunking,LMM-1,11.333333333333334,11.316666666666656,0.4249884175745292
20,1219,6,4,40.0,with_chunking,LMM-2,10.666666666666666,10.683333333333323,0.55331232863409
20,1219,6,6,60.0,without_chunking,LMM-1,11.0,10.999999999999977,0.7196140035544749
20,1219,6,6,60.0,without_chunking,LMM-2,11.0,10.999999999999977,0.7196140035544749
20,1219,6,6,60.0,with_chunking,LMM-1,11.333333333333334,11.316666666666642,0.35696895710135135
20,1219,6,6,60.0,with_chunking,LMM-2,11.13888888888889,11.131944444444422,0.48077176631345886
20,1219,6,8,80.0,without_chunking,LMM-1,11.0,10.99999999999998,0.6802520174733995
20,1219,6,8,80.0,without_chunking,LMM-2,11.0,10.99999999999998,0.6802520174733995
20,1219,6,8,80.0,with_chunking,LMM-1,11.333333333333334,11.316666666666647,0.3000484763502909
20,1219,6,8,80.0,with_chunking,LMM-2,11.104166666666668,11.098958333333314,0.43386787705765395
20,1219,8,2,20.0,without_chunking,LMM-1,11.0,11.000000000000007,0.8049369610542454
20,1219,8,2,20.0,without_chunking,LMM-2,11.0,11.000000000000007,0.8049369610542454
20,1219,8,2,20.0,with_chunking,LMM-1,10.333333333333334,10.36666666666667,0.545583449249333
20,1219,8,2,20.0,with_chunking,LMM-2,10.0,10.050000000000004,0.5595943265055875
20,1219,8,4,40.0,without_chunking,LMM-1,11.0,10.99999999999999,0.7611490080330409
20,1219,8,4,40.0,without_chunking,LMM-2,11.0,10.99999999999999,0.7611490080330409
20,1219,8,4,40.0,with_chunking,LMM-1,10.333333333333334,10.366666666666656,0.4660307521857586
20,1219,8,4,40.0,with_chunking,LMM-2,10.0,10.04999999999999,0.5180191197930789
20,1219,8,6,60.0,without_chunking,LMM-1,11.0,10.999999999999977,0.7196140035544749
20,1219,8,6,60.0,without_chunking,LMM-2,11.0,10.999999999999977,0.7196140035544749
20,1219,8,6,60.0,with_chunking,LMM-1,10.333333333333334,10.366666666666644,0.3981251058788613
20,1219,8,6,60.0,with_chunking,LMM-2,10.916666666666668,10.92083333333331,0.47049260579862395
20,1219,8,8,80.0,without_chunking,LMM-1,11.0,10.99999999999998,0.6802520174733995
20,1219,8,8,80.0,without_chunking,LMM-2,11.0,10.99999999999998,0.6802520174733995
20,1219,8,8,80.0,with_chunking,LMM-1,10.333333333333334,10.366666666666648,0.3403156752530423
20,1219,8,8,80.0,with_chunking,LMM-2,11.104166666666668,11.098958333333314,0.4350542566904433
20,1219,10,2,20.0,without_chunking,LMM-1,9.0,9.100000000000005,0.842424256033582
20,1219,10,2,20.0,without_chunking,LMM-2,8.5,8.625000000000004,0.873580665849473
20,1219,10,2,20.0,with_chunking,LMM-1,9.0,9.100000000000005,0.6044388944120704
20,1219,10,2,20.0,with_chunking,LMM-2,9.416666666666666,9.495833333333337,0.689222705842794
20,1219,10,4,40.0,without_chunking,LMM-1,9.0,9.09999999999999,0.8052346041893791
20,1219,10,4,40.0,without_chunking,LMM-2,8.5,8.62499999999999,0.858216477105689
20,1219,10,4,40.0,with_chunking,LMM-1,9.0,9.09999999999999,0.5277965891899828
20,1219,10,4,40.0,with_chunking,LMM-2,9.291666666666668,9.377083333333323,0.6050467209312826
20,1219,10,6,60.0,without_chunking,LMM-1,9.0,9.09999999999998,0.7695635145841762
20,1219,10,6,60.0,without_chunking,LMM-2,8.5,8.62499999999998,0.8431192097125431
20,1219,10,6,60.0,with_chunking,LMM-1,9.0,9.09999999999998,0.46086987280592207
20,1219,10,6,60.0,with_chunking,LMM-2,9.23611111111111,9.324305555555533,0.5682407700925394
20,1219,10,8,80.0,without_chunking,LMM-1,9.0,9.099999999999984,0.7353547013803725
20,1219,10,8,80.0,without_chunking,LMM-2,8.5,8.624999999999984,0.8282844146350365
20,1219,10,8,80.0,with_chunking,LMM-1,9.0,9.099999999999984,0.40244146539361625
20,1219,10,8,80.0,with_chunking,LMM-2,8.947916666666666,9.05052083333332,0.5322643187040614
21,1220,4,2,20.0,without_chunking,LMM-1,12.0,11.95000000000001,0.7717996799695802
21,1220,4,2,20.0,without_chunking,LMM-2,12.0,11.95000000000001,0.7717996799695802
21,1220,4,2,20.0,with_chunking,LMM-1,12.0,11.95000000000001,0.7717996799695802
21,1220,4,2,20.0,with_chunking,LMM-2,12.0,11.95000000000001,0.7717996799695802
21,1220,4,4,40.0,without_chunking,LMM-1,12.0,11.949999999999989,0.7253627510162919
21,1220,4,4,40.0,without_chunking,LMM-2,12.0,11.949999999999989,0.7253627510162919
21,1220,4,4,40.0,with_chunking,LMM-1,12.0,11.949999999999989,0.7253627510162919
21,1220,4,4,40.0,with_chunking,LMM-2,12.0,11.949999999999989,0.7253627510162919
21,1220,4,6,60.0,without_chunking,LMM-1,12.0,11.949999999999974,0.6815898405946508
21,1220,4,6,60.0,without_chunking,LMM-2,12.0,11.949999999999974,0.6815898405946508
21,1220,4,6,60.0,with_chunking,LMM-1,12.0,11.949999999999974,0.6815898405946508
21,1220,4,6,60.0,with_chunking,LMM-2,12.0,11.949999999999974,0.6815898405946508
21,1220,4,8,80.0,without_chunking,LMM-1,12.0,11.94999999999998,0.6404333014705678
21,1220,4,8,80.0,without_chunking,LMM-2,12.0,11.94999999999998,0.6404333014705678
21,1220,4,8,80.0,with_chunking,LMM-1,12.0,11.94999999999998,0.6404333014705678
21,1220,4,8,80.0,with_chunking,LMM-2,12.0,11.94999999999998,0.6404333014705678
21,1220,6,2,20.0,without_chunking,LMM-1,10.0,10.050000000000006,0.8298988459640941
21,1220,6,2,20.0,without_chunking,LMM-2,10.0,10.050000000000006,0.8298988459640941
21,1220,6,2,20.0,with_chunking,LMM-1,10.833333333333332,10.841666666666676,0.5890978503287013
21,1220,6,2,20.0,with_chunking,LMM-2,10.583333333333332,10.604166666666675,0.5998426790518379
21,1220,6,4,40.0,without_chunking,LMM-1,10.0,10.04999999999999,0.8089134199552414
21,1220,6,4,40.0,without_chunking,LMM-2,10.0,10.04999999999999,0.8089134199552414
21,1220,6,4,40.0,with_chunking,LMM-1,10.833333333333332,10.841666666666658,0.5202858060354077
21,1220,6,4,40.0,with_chunking,LMM-2,10.145833333333332,10.188541666666657,0.6057016427965377
21,1220,6,6,60.0,without_chunking,LMM-1,10.0,10.049999999999978,0.7884238162789202
21,1220,6,6,60.0,without_chunking,LMM-2,10.0,10.049999999999978,0.7884238162789202
21,1220,6,6,60.0,with_chunking,LMM-1,10.833333333333334,10.841666666666645,0.4595671705716905
21,1220,6,6,60.0,with_chunking,LMM-2,10.375,10.406249999999979,0.5654785198175141
21,1220,6,8,80.0,without_chunking,LMM-1,10.0,10.049999999999981,0.76841926046467
21,1220,6,8,80.0,without_chunking,LMM-2,10.0,10.049999999999981,0.76841926046467
21,1220,6,8,80.0,with_chunking,LMM-1,10.833333333333332,10.841666666666647,0.40603278856643954
21,1220,6,8,80.0,with_chunking,LMM-2,10.40625,10.435937499999982,0.5221941401353961
21,1220,8,2,20.0,without_chunking,LMM-1,10.0,10.050000000000006,0.8172311971997557
21,1220,8,2,20.0,without_chunking,LMM-2,10.0,10.050000000000006,0.8172311971997557
21,1220,8,2,20.0,with_chunking,LMM-1,10.0,10.050000000000006,0.6633932659257263
21,1220,8,2,20.0,with_chunking,LMM-2,10.0,10.050000000000006,0.6633932659257263
21,1220,8,4,40.0,without_chunking,LMM-1,10.0,10.04999999999999,0.777175069448896
21,1220,8,4,40.0,without_chunking,LMM-2,10.0,10.04999999999999,0.777175069448896
21,1220,8,4,40.0,with_chunking,LMM-1,10.0,10.04999999999999,0.5992940767567678
21,1220,8,4,40.0,with_chunking,LMM-2,10.0,10.04999999999999,0.5992940767567678
21,1220,8,6,60.0,without_chunking,LMM-1,10.0,10.049999999999978,0.7389572444190484
21,1220,8,6,60.0,without_chunking,LMM-2,10.0,10.049999999999978,0.7389572444190484
21,1220,8,6,60.0,with_chunking,LMM-1,10.0,10.049999999999978,0.5413095510424297
21,1220,8,6,60.0,with_chunking,LMM-2,10.0,10.049999999999978,0.5413095510424297
21,1220,8,8,80.0,without_chunking,LMM-1,10.0,10.049999999999981,0.7025223269850984
21,1220,8,8,80.0,without_chunking,LMM-2,10.0,10.049999999999981,0.7025223269850984
21,1220,8,8,80.0,with_chunking,LMM-1,10.0,10.049999999999981,0.4889094140651887
21,1220,8,8,80.0,with_chunking,LMM-2,10.0,10.049999999999981,0.4889094140651887
21,1220,10,2,20.0,without_chunking,LMM-1,8.0,8.150000000000004,0.8554378207378
21,1220,10,2,20.0,without_chunking,LMM-2,8.0,8.150000000000004,0.8554378207378
21,1220,10,2,20.0,with_chunking,LMM-1,9.0,9.100000000000005,0.6991396915648013
21,1220,10,2,20.0,with_chunking,LMM-2,7.75,7.912500000000003,0.7669040626124973
21,1220,10,4,40.0,without_chunking,LMM-1,8.0,8.149999999999991,0.8215928122595242
21,1220,10,4,40.0,without_chunking,LMM-2,8.0,8.149999999999991,0.8215928122595242
21,1220,10,4,40.0,with_chunking,LMM-1,9.0,9.09999999999999,0.638712171567378
21,1220,10,4,40.0,with_chunking,LMM-2,9.375,9.45624999999999,0.5532825010845508
21,1220,10,6,60.0,without_chunking,LMM-1,8.0,8.149999999999983,0.7889671262847222
21,1220,10,6,60.0,without_chunking,LMM-2,8.0,8.149999999999983,0.7889671262847222
21,1220,10,6,60.0,with_chunking,LMM-1,9.0,9.09999999999998,0.5834122612730348
21,1220,10,6,60.0,with_chunking,LMM-2,8.847222222222221,8.954861111111093,0.5422138813468135
21,1220,10,8,80.0,without_chunking,LMM-1,8.0,8.149999999999984,0.7575216995601528
21,1220,10,8,80.0,without_chunking,LMM-2,8.0,8.149999999999984,0.7575216995601528
21,1220,10,8,80.0,with_chunking,LMM-1,9.0,9.099999999999984,0.5328315638546763
21,1220,10,8,80.0,with_chunking,LMM-2,8.239583333333334,8.377604166666652,0.5539524880397708
22,1221,4,2,20.0,without_chunking,LMM-1,12.0,11.95000000000001,0.7701829623219708
22,1221,4,2,20.0,without_chunking,LMM-2,12.0,11.95000000000001,0.7701829623219708
22,1221,4,2,20.0,with_chunking,LMM-1,12.5,12.425000000000008,0.5785443710805692
22,1221,4,2,20.0,with_chunking,LMM-2,12.5,12.425000000000008,0.5785443710805692
22,1221,4,4,40.0,without_chunking,LMM-1,12.0,11.949999999999989,0.7236742966093139
22,1221,4,4,40.0,without_chunking,LMM-2,12.0,11.949999999999989,0.7236742966093139
22,1221,4,4,40.0,with_chunking,LMM-1,12.5,12.424999999999986,0.5071990203531791
22,1221,4,4,40.0,with_chunking,LMM-2,12.5,12.424999999999986,0.5071990203531791
22,1221,4,6,60.0,without_chunking,LMM-1,12.0,11.949999999999974,0.6798434851871475
22,1221,4,6,60.0,without_chunking,LMM-2,12.0,11.949999999999974,0.6798434851871475
22,1221,4,6,60.0,with_chunking,LMM-1,12.5,12.424999999999974,0.4446248345734607
22,1221,4,6,60.0,with_chunking,LMM-2,12.5,12.424999999999974,0.4446248345734607
22,1221,4,8,80.0,without_chunking,LMM-1,12.0,11.94999999999998,0.6387520572646908
22,1221,4,8,80.0,without_chunking,LMM-2,12.0,11.94999999999998,0.6387520572646908
22,1221,4,8,80.0,with_chunking,LMM-1,12.5,12.42499999999998,0.3899255506292374
22,1221,4,8,80.0,with_chunking,LMM-2,12.5,12.42499999999998,0.3899255506292374
22,1221,6,2,20.0,without_chunking,LMM-1,11.0,11.000000000000007,0.7913628690969836
22,1221,6,2,20.0,without_chunking,LMM-2,11.0,11.000000000000007,0.7913628690969836
22,1221,6,2,20.0,with_chunking,LMM-1,12.0,11.950000000000006,0.5944455433045248
22,1221,6,2,20.0,with_chunking,LMM-2,12.0,11.950000000000006,0.5944455433045248
22,1221,6,4,40.0,without_chunking,LMM-1,11.0,10.99999999999999,0.7480622025401114
22,1221,6,4,40.0,without_chunking,LMM-2,11.0,10.99999999999999,0.7480622025401114
22,1221,6,4,40.0,with_chunking,LMM-1,12.0,11.949999999999987,0.524259092688998
22,1221,6,4,40.0,with_chunking,LMM-2,12.0,11.949999999999987,0.524259092688998
22,1221,6,6,60.0,without_chunking,LMM-1,11.0,10.999999999999977,0.7070021355171778
22,1221,6,6,60.0,without_chunking,LMM-2,11.0,10.999999999999977,0.7070021355171778
22,1221,6,6,60.0,with_chunking,LMM-1,12.0,11.949999999999974,0.4623209572568485
22,1221,6,6,60.0,with_chunking,LMM-2,12.0,11.949999999999974,0.4623209572568485
22,1221,6,8,80.0,without_chunking,LMM-1,11.0,10.99999999999998,0.6681684095152434
22,1221,6,8,80.0,without_chunking,LMM-2,11.0,10.99999999999998,0.6681684095152434
22,1221,6,8,80.0,with_chunking,LMM-1,12.0,11.94999999999998,0.4077843339196712
22,1221,6,8,80.0,with_chunking,LMM-2,12.0,11.94999999999998,0.4077843339196712
22,1221,8,2,20.0,without_chunking,LMM-1,11.0,11.000000000000007,0.8151173649286794
22,1221,8,2,20.0,without_chunking,LMM-2,11.0,11.000000000000007,0.8151173649286794
22,1221,8,2,20.0,with_chunking,LMM-1,10.75,10.762500000000006,0.6741901032224511
22,1221,8,2,20.0,with_chunking,LMM-2,10.75,10.762500000000006,0.6741901032224511
22,1221,8,4,40.0,without_chunking,LMM-1,11.0,10.99999999999999,0.790709192832759
22,1221,8,4,40.0,without_chunking,LMM-2,11.0,10.99999999999999,0.790709192832759
22,1221,8,4,40.0,with_chunking,LMM-1,10.75,10.762499999999989,0.631915169877121
22,1221,8,4,40.0,with_chunking,LMM-2,10.75,10.762499999999989,0.631915169877121
22,1221,8,6,60.0,without_chunking,LMM-1,11.0,10.999999999999977,0.7669882794949145
22,1221,8,6,60.0,without_chunking,LMM-2,11.0,10.999999999999977,0.7669882794949145
22,1221,8,6,60.0,with_chunking,LMM-1,10.75,10.762499999999976,0.592255102710232
22,1221,8,6,60.0,with_chunking,LMM-2,10.75,10.762499999999976,0.592255102710232
22,1221,8,8,80.0,without_chunking,LMM-1,11.0,10.99999999999998,0.7439366627982215
22,1221,8,8,80.0,without_chunking,LMM-2,11.0,10.99999999999998,0.7439366627982215
22,1221,8,8,80.0,with_chunking,LMM-1,10.75,10.762499999999982,0.555051202270604
22,1221,8,8,80.0,with_chunking,LMM-2,10.75,10.762499999999982,0.555051202270604
22,1221,10,2,20.0,without_chunking,LMM-1,11.0,11.000000000000007,0.7973359795017139
22,1221,10,2,20.0,without_chunking,LMM-2,11.0,11.000000000000007,0.7973359795017139
22,1221,10,2,20.0,with_chunking,LMM-1,11.0,11.000000000000007,0.6545814129536519
22,1221,10,2,20.0,with_chunking,LMM-2,11.0,11.000000000000007,0.6545814129536519
22,1221,10,4,40.0,without_chunking,LMM-1,11.0,10.99999999999999,0.7536121164566969
22,1221,10,4,40.0,without_chunking,LMM-2,11.0,10.99999999999999,0.7536121164566969
22,1221,10,4,40.0,with_chunking,LMM-1,11.0,10.99999999999999,0.6028923278116878
22,1221,10,4,40.0,with_chunking,LMM-2,11.0,10.99999999999999,0.6028923278116878
22,1221,10,6,60.0,without_chunking,LMM-1,11.0,10.999999999999977,0.7121568806786693
22,1221,10,6,60.0,without_chunking,LMM-2,11.0,10.999999999999977,0.7121568806786693
22,1221,10,6,60.0,with_chunking,LMM-1,11.0,10.999999999999977,0.5526940694887952
22,1221,10,6,60.0,with_chunking,LMM-2,11.0,10.999999999999977,0.5526940694887952
22,1221,10,8,80.0,without_chunking,LMM-1,11.0,10.99999999999998,0.6728603430519071
22,1221,10,8,80.0,without_chunking,LMM-2,11.0,10.99999999999998,0.6728603430519071
22,1221,10,8,80.0,with_chunking,LMM-1,11.0,10.99999999999998,0.506623001480649
22,1221,10,8,80.0,with_chunking,LMM-2,11.0,10.99999999999998,0.506623001480649
23,1222,4,2,20.0,without_chunking,LMM-1,14.0,13.850000000000012,0.7440770144924718
23,1222,4,2,20.0,without_chunking,LMM-2,14.0,13.850000000000012,0.7440770144924718
23,1222,4,2,20.0,with_chunking,LMM-1,14.0,13.850000000000012,0.7440770144924718
23,1222,4,2,20.0,with_chunking,LMM-2,14.0,13.850000000000012,0.7440770144924718
23,1222,4,4,40.0,without_chunking,LMM-1,14.0,13.849999999999985,0.6914479644113255
23,1222,4,4,40.0,without_chunking,LMM-2,14.0,13.849999999999985,0.6914479644113255
23,1222,4,4,40.0,with_chunking,LMM-1,14.0,13.849999999999985,0.6914479644113255
23,1222,4,4,40.0,with_chunking,LMM-2,14.0,13.849999999999985,0.6914479644113255
23,1222,4,6,60.0,without_chunking,LMM-1,14.0,13.849999999999968,0.6424144862898755
23,1222,4,6,60.0,without_chunking,LMM-2,14.0,13.849999999999968,0.6424144862898755
23,1222,4,6,60.0,with_chunking,LMM-1,14.0,13.849999999999968,0.6424144862898755
23,1222,4,6,60.0,with_chunking,LMM-2,14.0,13.849999999999968,0.6424144862898755
23,1222,4,8,80.0,without_chunking,LMM-1,14.0,13.849999999999977,0.5967672574445202
23,1222,4,8,80.0,without_chunking,LMM-2,14.0,13.849999999999977,0.5967672574445202
23,1222,4,8,80.0,with_chunking,LMM-1,14.0,13.849999999999977,0.5967672574445202
23,1222,4,8,80.0,with_chunking,LMM-2,14.0,13.849999999999977,0.5967672574445202
23,1222,6,2,20.0,without_chunking,LMM-1,13.0,12.90000000000001,0.7667999995916823
23,1222,6,2,20.0,without_chunking,LMM-2,13.0,12.90000000000001,0.7667999995916823
23,1222,6,2,20.0,with_chunking,LMM-1,13.0,12.90000000000001,0.7667999995916823
23,1222,6,2,20.0,with_chunking,LMM-2,13.0,12.90000000000001,0.7667999995916823
23,1222,6,4,40.0,without_chunking,LMM-1,13.0,12.899999999999986,0.717038595744837
23,1222,6,4,40.0,without_chunking,LMM-2,13.0,12.899999999999986,0.717038595744837
23,1222,6,4,40.0,with_chunking,LMM-1,13.0,12.899999999999986,0.717038595744837
23,1222,6,4,40.0,with_chunking,LMM-2,13.0,12.899999999999986,0.717038595744837
23,1222,6,6,60.0,without_chunking,LMM-1,13.0,12.899999999999972,0.6703780864484838
23,1222,6,6,60.0,without_chunking,LMM-2,13.0,12.899999999999972,0.6703780864484838
23,1222,6,6,60.0,with_chunking,LMM-1,13.0,12.899999999999972,0.6703780864484838
23,1222,6,6,60.0,with_chunking,LMM-2,13.0,12.899999999999972,0.6703780864484838
23,1222,6,8,80.0,without_chunking,LMM-1,13.0,12.899999999999977,0.6267343612996628
23,1222,6,8,80.0,without_chunking,LMM-2,13.0,12.899999999999977,0.6267343612996628
23,1222,6,8,80.0,with_chunking,LMM-1,13.0,12.899999999999977,0.6267343612996628
23,1222,6,8,80.0,with_chunking,LMM-2,13.0,12.899999999999977,0.6267343612996628
23,1222,8,2,20.0,without_chunking,LMM-1,13.0,12.90000000000001,0.7667999995916823
23,1222,8,2,20.0,without_chunking,LMM-2,13.0,12.90000000000001,0.7667999995916823
23,1222,8,2,20.0,with_chunking,LMM-1,13.0,12.90000000000001,0.7667999995916823
23,1222,8,2,20.0,with_chunking,LMM-2,13.0,12.90000000000001,0.7667999995916823
23,1222,8,4,40.0,without_chunking,LMM-1,13.0,12.899999999999986,0.717038595744837
23,1222,8,4,40.0,without_chunking,LMM-2,13.0,12.899999999999986,0.717038595744837
23,1222,8,4,40.0,with_chunking,LMM-1,13.0,12.899999999999986,0.717038595744837
23,1222,8,4,40.0,with_chunking,LMM-2,13.0,12.899999999999986,0.717038595744837
23,1222,8,6,60.0,without_chunking,LMM-1,13.0,12.899999999999972,0.6703780864484838
23,1222,8,6,60.0,without_chunking,LMM-2,13.0,12.899999999999972,0.6703780864484838
23,1222,8,6,60.0,with_chunking,LMM-1,13.0,12.899999999999972,0.6703780864484838
23,1222,8,6,60.0,with_chunking,LMM-2,13.0,12.899999999999972,0.6703780864484838
23,1222,8,8,80.0,without_chunking,LMM-1,13.0,12.899999999999977,0.6267343612996628
23,1222,8,8,80.0,without_chunking,LMM-2,13.0,12.899999999999977,0.6267343612996628
23,1222,8,8,80.0,with_chunking,LMM-1,13.0,12.899999999999977,0.6267343612996628
23,1222,8,8,80.0,with_chunking,LMM-2,13.0,12.899999999999977,0.6267343612996628
23,1222,10,2,20.0,without_chunking,LMM-1,11.0,11.000000000000007,0.8136677290078616
23,1222,10,2,20.0,without_chunking,LMM-2,11.0,11.000000000000007,0.8136677290078616
23,1222,10,2,20.0,with_chunking,LMM-1,11.0,11.000000000000007,0.8136677290078616
23,1222,10,2,20.0,with_chunking,LMM-2,11.0,11.000000000000007,0.8136677290078616
23,1222,10,4,40.0,without_chunking,LMM-1,11.0,10.99999999999999,0.7699004917691548
23,1222,10,4,40.0,without_chunking,LMM-2,11.0,10.99999999999999,0.7699004917691548
23,1222,10,4,40.0,with_chunking,LMM-1,11.0,10.99999999999999,0.7699004917691548
23,1222,10,4,40.0,with_chunking,LMM-2,11.0,10.99999999999999,0.7699004917691548
23,1222,10,6,60.0,without_chunking,LMM-1,11.0,10.999999999999977,0.7283604065687945
23,1222,10,6,60.0,without_chunking,LMM-2,11.0,10.999999999999977,0.7283604065687945
23,1222,10,6,60.0,with_chunking,LMM-1,11.0,10.999999999999977,0.7283604065687945
23,1222,10,6,60.0,with_chunking,LMM-2,11.0,10.999999999999977,0.7283604065687945
23,1222,10,8,80.0,without_chunking,LMM-1,11.0,10.99999999999998,0.6889416495159879
23,1222,10,8,80.0,without_chunking,LMM-2,11.0,10.99999999999998,0.6889416495159879
23,1222,10,8,80.0,with_chunking,LMM-1,11.0,10.99999999999998,0.6889416495159879
23,1222,10,8,80.0,with_chunking,LMM-2,11.0,10.99999999999998,0.6889416495159879
24,1223,4,2,20.0,without_chunking,LMM-1,12.0,11.95000000000001,0.7624812208153384
24,1223,4,2,20.0,without_chunking,LMM-2,12.0,11.95000000000001,0.7624812208153384
24,1223,4,2,20.0,with_chunking,LMM-1,12.5,12.425000000000008,0.5954083577199156
24,1223,4,2,20.0,with_chunking,LMM-2,12.5,12.425000000000008,0.5954083577199156
24,1223,4,4,40.0,without_chunking,LMM-1,12.0,11.949999999999989,0.7157333440613685
24,1223,4,4,40.0,without_chunking,LMM-2,12.0,11.949999999999989,0.7157333440613685
24,1223,4,4,40.0,with_chunking,LMM-1,12.5,12.424999999999986,0.5225713963168237
24,1223,4,4,40.0,with_chunking,LMM-2,12.5,12.424999999999986,0.5225713963168237
24,1223,4,6,60.0,without_chunking,LMM-1,12.0,11.949999999999974,0.6717183235325505
24,1223,4,6,60.0,without_chunking,LMM-2,12.0,11.949999999999974,0.6717183235325505
24,1223,4,6,60.0,with_chunking,LMM-1,12.5,12.424999999999974,0.45861713202655147
24,1223,4,6,60.0,with_chunking,LMM-2,12.5,12.424999999999974,0.45861713202655147
24,1223,4,8,80.0,without_chunking,LMM-1,12.0,11.94999999999998,0.6307132812918403
24,1223,4,8,80.0,without_chunking,LMM-2,12.0,11.94999999999998,0.6307132812918403
24,1223,4,8,80.0,with_chunking,LMM-1,12.5,12.42499999999998,0.4027320521355686
24,1223,4,8,80.0,with_chunking,LMM-2,12.5,12.42499999999998,0.4027320521355686
24,1223,6,2,20.0,without_chunking,LMM-1,11.0,11.000000000000007,0.7979672264418816
24,1223,6,2,20.0,without_chunking,LMM-2,11.0,11.000000000000007,0.7979672264418816
24,1223,6,2,20.0,with_chunking,LMM-1,11.25,11.237500000000008,0.6410967322832918
24,1223,6,2,20.0,with_chunking,LMM-2,11.25,11.237500000000008,0.6410967322832918
24,1223,6,4,40.0,without_chunking,LMM-1,11.0,10.99999999999999,0.7545590760845269
24,1223,6,4,40.0,without_chunking,LMM-2,11.0,10.99999999999999,0.7545590760845269
24,1223,6,4,40.0,with_chunking,LMM-1,11.25,11.237499999999988,0.5800036538911915
24,1223,6,4,40.0,with_chunking,LMM-2,11.25,11.237499999999988,0.5800036538911915
24,1223,6,6,60.0,without_chunking,LMM-1,11.0,10.999999999999977,0.713384431318848
24,1223,6,6,60.0,without_chunking,LMM-2,11.0,10.999999999999977,0.713384431318848
24,1223,6,6,60.0,with_chunking,LMM-1,11.25,11.237499999999976,0.5246797604667071
24,1223,6,6,60.0,with_chunking,LMM-2,11.25,11.237499999999976,0.5246797604667071
24,1223,6,8,80.0,without_chunking,LMM-1,11.0,10.99999999999998,0.6744135495042443
24,1223,6,8,80.0,without_chunking,LMM-2,11.0,10.99999999999998,0.6744135495042443
24,1223,6,8,80.0,with_chunking,LMM-1,11.25,11.23749999999998,0.4746389265297615
24,1223,6,8,80.0,with_chunking,LMM-2,11.25,11.23749999999998,0.4746389265297615
24,1223,8,2,20.0,without_chunking,LMM-1,11.0,11.000000000000007,0.7979672264418816
24,1223,8,2,20.0,without_chunking,LMM-2,11.0,11.000000000000007,0.7979672264418816
24,1223,8,2,20.0,with_chunking,LMM-1,10.5,10.525000000000006,0.6445156338498795
24,1223,8,2,20.0,with_chunking,LMM-2,10.5,10.525000000000006,0.6445156338498795
24,1223,8,4,40.0,without_chunking,LMM-1,11.0,10.99999999999999,0.7545590760845269
24,1223,8,4,40.0,without_chunking,LMM-2,11.0,10.99999999999999,0.7545590760845269
24,1223,8,4,40.0,with_chunking,LMM-1,10.5,10.52499999999999,0.5790462118186632
24,1223,8,4,40.0,with_chunking,LMM-2,10.5,10.52499999999999,0.5790462118186632
24,1223,8,6,60.0,without_chunking,LMM-1,11.0,10.999999999999977,0.713384431318848
24,1223,8,6,60.0,without_chunking,LMM-2,11.0,10.999999999999977,0.713384431318848
24,1223,8,6,60.0,with_chunking,LMM-1,10.5,10.524999999999977,0.520158333458112
24,1223,8,6,60.0,with_chunking,LMM-2,10.5,10.524999999999977,0.520158333458112
24,1223,8,8,80.0,without_chunking,LMM-1,11.0,10.99999999999998,0.6744135495042443
24,1223,8,8,80.0,without_chunking,LMM-2,11.0,10.99999999999998,0.6744135495042443
24,1223,8,8,80.0,with_chunking,LMM-1,10.5,10.52499999999998,0.46726032725438316
24,1223,8,8,80.0,with_chunking,LMM-2,10.5,10.52499999999998,0.46726032725438316
24,1223,10,2,20.0,without_chunking,LMM-1,10.0,10.050000000000006,0.8148442003592786
24,1223,10,2,20.0,without_chunking,LMM-2,10.0,10.050000000000006,0.8148442003592786
24,1223,10,2,20.0,with_chunking,LMM-1,10.0,10.050000000000006,0.6581414595498173
24,1223,10,2,20.0,with_chunking,LMM-2,10.0,10.050000000000006,0.6581414595498173
24,1223,10,4,40.0,without_chunking,LMM-1,10.0,10.04999999999999,0.7742156647490142
24,1223,10,4,40.0,without_chunking,LMM-2,10.0,10.04999999999999,0.7742156647490142
24,1223,10,4,40.0,with_chunking,LMM-1,10.0,10.04999999999999,0.5941089767179113
24,1223,10,4,40.0,with_chunking,LMM-2,10.0,10.04999999999999,0.5941089767179113
24,1223,10,6,60.0,without_chunking,LMM-1,10.0,10.049999999999978,0.7354839274724183
24,1223,10,6,60.0,without_chunking,LMM-2,10.0,10.049999999999978,0.7354839274724183
24,1223,10,6,60.0,with_chunking,LMM-1,10.0,10.049999999999978,0.5362272579027274
24,1223,10,6,60.0,with_chunking,LMM-2,10.0,10.049999999999978,0.5362272579027274
24,1223,10,8,80.0,without_chunking,LMM-1,10.0,10.049999999999981,0.69865061846693
24,1223,10,8,80.0,without_chunking,LMM-2,10.0,10.049999999999981,0.69865061846693
24,1223,10,8,80.0,with_chunking,LMM-1,10.0,10.049999999999981,0.48398001802481927
24,1223,10,8,80.0,with_chunking,LMM-2,10.0,10.049999999999981,0.48398001802481927
25,1224,4,2,20.0,without_chunking,LMM-1,12.0,11.95000000000001,0.76442832665145
25,1224,4,2,20.0,without_chunking,LMM-2,12.0,11.95000000000001,0.76442832665145
25,1224,4,2,20.0,with_chunking,LMM-1,11.5,11.475000000000009,0.6166057910251788
25,1224,4,2,20.0,with_chunking,LMM-2,11.5,11.475000000000009,0.6166057910251788
25,1224,4,4,40.0,without_chunking,LMM-1,12.0,11.949999999999989,0.7173985727623948
25,1224,4,4,40.0,without_chunking,LMM-2,12.0,11.949999999999989,0.7173985727623948
25,1224,4,4,40.0,with_chunking,LMM-1,11.5,11.474999999999989,0.5465503182898975
25,1224,4,4,40.0,with_chunking,LMM-2,11.5,11.474999999999989,0.5465503182898975
25,1224,4,6,60.0,without_chunking,LMM-1,12.0,11.949999999999974,0.6731271911377181
25,1224,4,6,60.0,without_chunking,LMM-2,12.0,11.949999999999974,0.6731271911377181
25,1224,4,6,60.0,with_chunking,LMM-1,11.5,11.474999999999975,0.4844028485034063
25,1224,4,6,60.0,with_chunking,LMM-2,11.5,11.474999999999975,0.4844028485034063
25,1224,4,8,80.0,without_chunking,LMM-1,12.0,11.94999999999998,0.6318298420120925
25,1224,4,8,80.0,without_chunking,LMM-2,12.0,11.94999999999998,0.6318298420120925
25,1224,4,8,80.0,with_chunking,LMM-1,11.5,11.47499999999998,0.42951477987861253
25,1224,4,8,80.0,with_chunking,LMM-2,11.5,11.47499999999998,0.42951477987861253
25,1224,6,2,20.0,without_chunking,LMM-1,11.5,11.475000000000009,0.7973579025388844
25,1224,6,2,20.0,without_chunking,LMM-2,11.5,11.475000000000009,0.7973579025388844
25,1224,6,2,20.0,with_chunking,LMM-1,11.25,11.237500000000008,0.6432027765777354
25,1224,6,2,20.0,with_chunking,LMM-2,11.25,11.237500000000008,0.6432027765777354
25,1224,6,4,40.0,without_chunking,LMM-1,11.5,11.474999999999989,0.76483169514342
25,1224,6,4,40.0,without_chunking,LMM-2,11.5,11.474999999999989,0.76483169514342
25,1224,6,4,40.0,with_chunking,LMM-1,11.25,11.237499999999988,0.5826417388102032
25,1224,6,4,40.0,with_chunking,LMM-2,11.25,11.237499999999988,0.5826417388102032
25,1224,6,6,60.0,without_chunking,LMM-1,11.5,11.474999999999975,0.7335589745361283
25,1224,6,6,60.0,without_chunking,LMM-2,11.5,11.474999999999975,0.7335589745361283
25,1224,6,6,60.0,with_chunking,LMM-1,11.25,11.237499999999976,0.5277276488210567
25,1224,6,6,60.0,with_chunking,LMM-2,11.25,11.237499999999976,0.5277276488210567
25,1224,6,8,80.0,without_chunking,LMM-1,11.5,11.47499999999998,0.7034946355732841
25,1224,6,8,80.0,without_chunking,LMM-2,11.5,11.47499999999998,0.7034946355732841
25,1224,6,8,80.0,with_chunking,LMM-1,11.25,11.23749999999998,0.47794166441514857
25,1224,6,8,80.0,with_chunking,LMM-2,11.25,11.23749999999998,0.47794166441514857
25,1224,8,2,20.0,without_chunking,LMM-1,10.0,10.050000000000006,0.8212770148503792
25,1224,8,2,20.0,without_chunking,LMM-2,10.0,10.050000000000006,0.8212770148503792
25,1224,8,2,20.0,with_chunking,LMM-1,10.5,10.525000000000006,0.6691007090898735
25,1224,8,2,20.0,with_chunking,LMM-2,10.5,10.525000000000006,0.6691007090898735
25,1224,8,4,40.0,without_chunking,LMM-1,10.0,10.04999999999999,0.7802943976658083
25,1224,8,4,40.0,without_chunking,LMM-2,10.0,10.04999999999999,0.7802943976658083
25,1224,8,4,40.0,with_chunking,LMM-1,10.5,10.52499999999999,0.6105855396391329
25,1224,8,4,40.0,with_chunking,LMM-2,10.5,10.52499999999999,0.6105855396391329
25,1224,8,6,60.0,without_chunking,LMM-1,10.0,10.049999999999978,0.7412264129317907
25,1224,8,6,60.0,without_chunking,LMM-2,10.0,10.049999999999978,0.7412264129317907
25,1224,8,6,60.0,with_chunking,LMM-1,10.5,10.524999999999977,0.5571206753823459
25,1224,8,6,60.0,with_chunking,LMM-2,10.5,10.524999999999977,0.5571206753823459
25,1224,8,8,80.0,without_chunking,LMM-1,10.0,10.049999999999981,0.7041367618177823
25,1224,8,8,80.0,without_chunking,LMM-2,10.0,10.049999999999981,0.7041367618177823
25,1224,8,8,80.0,with_chunking,LMM-1,10.5,10.52499999999998,0.5083785433733214
25,1224,8,8,80.0,with_chunking,LMM-2,10.5,10.52499999999998,0.5083785433733214
25,1224,10,2,20.0,without_chunking,LMM-1,10.0,10.050000000000006,0.8212770148503792
25,1224,10,2,20.0,without_chunking,LMM-2,10.0,10.050000000000006,0.8212770148503792
25,1224,10,2,20.0,with_chunking,LMM-1,9.0,9.100000000000005,0.7168778777637105
25,1224,10,2,20.0,with_chunking,LMM-2,8.5,8.625000000000004,0.7347130454756144
25,1224,10,4,40.0,without_chunking,LMM-1,10.0,10.04999999999999,0.7802943976658083
25,1224,10,4,40.0,without_chunking,LMM-2,10.0,10.04999999999999,0.7802943976658083
25,1224,10,4,40.0,with_chunking,LMM-1,9.0,9.09999999999999,0.6545154999945216
25,1224,10,4,40.0,with_chunking,LMM-2,8.8125,8.921874999999991,0.6793229891722362
25,1224,10,6,60.0,without_chunking,LMM-1,10.0,10.049999999999978,0.7412264129317907
25,1224,10,6,60.0,without_chunking,LMM-2,10.0,10.049999999999978,0.7412264129317907
25,1224,10,6,60.0,with_chunking,LMM-1,9.0,9.09999999999998,0.5974788244996919
25,1224,10,6,60.0,with_chunking,LMM-2,9.333333333333334,9.416666666666645,0.6158757736566398
25,1224,10,8,80.0,without_chunking,LMM-1,10.0,10.049999999999981,0.7041367618177823
25,1224,10,8,80.0,without_chunking,LMM-2,10.0,10.049999999999981,0.7041367618177823
25,1224,10,8,80.0,with_chunking,LMM-1,9.0,9.099999999999984,0.5454319036138022
25,1224,10,8,80.0,with_chunking,LMM-2,9.34375,9.426562499999983,0.5699781179986443
26,1225,4,2,20.0,without_chunking,LMM-1,11.0,11.000000000000007,0.7771236897647349
26,1225,4,2,20.0,without_chunking,LMM-2,11.0,11.000000000000007,0.7771236897647349
26,1225,4,2,20.0,with_chunking,LMM-1,11.25,11.237500000000008,0.6867198574989135
26,1225,4,2,20.0,with_chunking,LMM-2,11.25,11.237500000000008,0.6867198574989135
26,1225,4,4,40.0,without_chunking,LMM-1,11.0,10.99999999999999,0.7330182198027799
26,1225,4,4,40.0,without_chunking,LMM-2,11.0,10.99999999999999,0.7330182198027799
26,1225,4,4,40.0,with_chunking,LMM-1,11.25,11.237499999999988,0.6389279335842833
26,1225,4,4,40.0,with_chunking,LMM-2,11.25,11.237499999999988,0.6389279335842833
26,1225,4,6,60.0,without_chunking,LMM-1,11.0,10.999999999999977,0.691280365606117
26,1225,4,6,60.0,without_chunking,LMM-2,11.0,10.999999999999977,0.691280365606117
26,1225,4,6,60.0,with_chunking,LMM-1,11.25,11.237499999999976,0.594518237678054
26,1225,4,6,60.0,with_chunking,LMM-2,11.25,11.237499999999976,0.594518237678054
26,1225,4,8,80.0,without_chunking,LMM-1,11.0,10.99999999999998,0.6521951586699869
26,1225,4,8,80.0,without_chunking,LMM-2,11.0,10.99999999999998,0.6521951586699869
26,1225,4,8,80.0,with_chunking,LMM-1,11.25,11.23749999999998,0.5535711159795693
26,1225,4,8,80.0,with_chunking,LMM-2,11.25,11.23749999999998,0.5535711159795693
26,1225,6,2,20.0,without_chunking,LMM-1,11.0,11.000000000000007,0.7836681409092988
26,1225,6,2,20.0,without_chunking,LMM-2,9.25,9.337500000000006,0.8446153002227336
26,1225,6,2,20.0,with_chunking,LMM-1,11.333333333333334,11.316666666666674,0.4532285061572087
26,1225,6,2,20.0,with_chunking,LMM-2,10.5,10.525000000000006,0.4921832520522388
26,1225,6,4,40.0,without_chunking,LMM-1,11.0,10.99999999999999,0.7393347047376377
26,1225,6,4,40.0,without_chunking,LMM-2,8.0,8.149999999999993,0.8584480537752122
26,1225,6,4,40.0,with_chunking,LMM-1,11.333333333333334,11.316666666666656,0.37889148240804954
26,1225,6,4,40.0,with_chunking,LMM-2,10.416666666666668,10.445833333333322,0.4291495475274769
26,1225,6,6,60.0,without_chunking,LMM-1,11.0,10.999999999999977,0.697373440547866
26,1225,6,6,60.0,without_chunking,LMM-2,8.0,8.149999999999983,0.8474055868569008
26,1225,6,6,60.0,with_chunking,LMM-1,11.333333333333334,11.316666666666642,0.31682576072478785
26,1225,6,6,60.0,with_chunking,LMM-2,10.305555555555555,10.340277777777755,0.3829366973843425
26,1225,6,8,80.0,without_chunking,LMM-1,11.0,10.99999999999998,0.6578488778910805
26,1225,6,8,80.0,without_chunking,LMM-2,8.0,8.149999999999984,0.8365041342662205
26,1225,6,8,80.0,with_chunking,LMM-1,11.333333333333334,11.316666666666647,0.2656578936198154
26,1225,6,8,80.0,with_chunking,LMM-2,10.104166666666666,10.148958333333315,0.34253071887366815
26,1225,8,2,20.0,without_chunking,LMM-1,10.5,10.525000000000006,0.8166337701777505
26,1225,8,2,20.0,without_chunking,LMM-2,10.5,10.525000000000006,0.8166337701777505
26,1225,8,2,20.0,with_chunking,LMM-1,10.5,10.525000000000006,0.5008213884111836
26,1225,8,2,20.0,with_chunking,LMM-2,10.25,10.287500000000005,0.5177527269883782
26,1225,8,4,40.0,without_chunking,LMM-1,10.5,10.524999999999988,0.7946489763208155
26,1225,8,4,40.0,without_chunking,LMM-2,10.5,10.524999999999988,0.7946489763208155
26,1225,8,4,40.0,with_chunking,LMM-1,10.5,10.52499999999999,0.4283635960551355
26,1225,8,4,40.0,with_chunking,LMM-2,10.125,10.168749999999989,0.4633307764153354
26,1225,8,6,60.0,without_chunking,LMM-1,10.5,10.524999999999977,0.7732224247771851
26,1225,8,6,60.0,without_chunking,LMM-2,10.5,10.524999999999977,0.7732224247771851
26,1225,8,6,60.0,with_chunking,LMM-1,10.5,10.524999999999977,0.36643228382926896
26,1225,8,6,60.0,with_chunking,LMM-2,10.194444444444445,10.2347222222222,0.4028433555069013
26,1225,8,8,80.0,without_chunking,LMM-1,10.5,10.52499999999998,0.7523409232372038
26,1225,8,8,80.0,without_chunking,LMM-2,10.5,10.52499999999998,0.7523409232372038
26,1225,8,8,80.0,with_chunking,LMM-1,10.5,10.52499999999998,0.31363721113013987
26,1225,8,8,80.0,with_chunking,LMM-2,10.1875,10.22812499999998,0.3545268637437349
26,1225,10,2,20.0,without_chunking,LMM-1,9.0,9.100000000000005,0.8285301701111383
26,1225,10,2,20.0,without_chunking,LMM-2,9.0,9.100000000000005,0.8285301701111383
26,1225,10,2,20.0,with_chunking,LMM-1,9.5,9.575000000000005,0.5473904848219265
26,1225,10,2,20.0,with_chunking,LMM-2,8.833333333333334,8.94166666666667,0.5832030570128581
26,1225,10,4,40.0,without_chunking,LMM-1,9.0,9.09999999999999,0.7908471173219374
26,1225,10,4,40.0,without_chunking,LMM-2,9.0,9.09999999999999,0.7908471173219374
26,1225,10,4,40.0,with_chunking,LMM-1,9.5,9.57499999999999,0.47765841169872447
26,1225,10,4,40.0,with_chunking,LMM-2,8.75,8.862499999999992,0.5325492156344042
26,1225,10,6,60.0,without_chunking,LMM-1,9.0,9.09999999999998,0.7547491090165175
26,1225,10,6,60.0,without_chunking,LMM-2,9.0,9.09999999999998,0.7547491090165175
26,1225,10,6,60.0,with_chunking,LMM-1,9.5,9.57499999999998,0.41681620328039604
26,1225,10,6,60.0,with_chunking,LMM-2,9.194444444444445,9.284722222222202,0.4624739505743176
26,1225,10,8,80.0,without_chunking,LMM-1,9.0,9.099999999999984,0.7202510360371601
26,1225,10,8,80.0,without_chunking,LMM-2,9.0,9.099999999999984,0.7202510360371601
26,1225,10,8,80.0,with_chunking,LMM-1,9.5,9.574999999999982,0.3638429572438098
26,1225,10,8,80.0,with_chunking,LMM-2,9.4375,9.515624999999982,0.40245701510246445
27,1226,4,2,20.0,without_chunking,LMM-1,10.0,10.050000000000006,0.8099023662355349
27,1226,4,2,20.0,without_chunking,LMM-2,10.0,10.050000000000006,0.8099023662355349
27,1226,4,2,20.0,with_chunking,LMM-1,10.0,10.050000000000006,0.8099023662355349
27,1226,4,2,20.0,with_chunking,LMM-2,10.0,10.050000000000006,0.8099023662355349
27,1226,4,4,40.0,without_chunking,LMM-1,10.0,10.04999999999999,0.7691990984694055
27,1226,4,4,40.0,without_chunking,LMM-2,10.0,10.04999999999999,0.7691990984694055
27,1226,4,4,40.0,with_chunking,LMM-1,10.0,10.04999999999999,0.7691990984694055
27,1226,4,4,40.0,with_chunking,LMM-2,10.0,10.04999999999999,0.7691990984694055
27,1226,4,6,60.0,without_chunking,LMM-1,10.0,10.049999999999978,0.7304105626750108
27,1226,4,6,60.0,without_chunking,LMM-2,10.0,10.049999999999978,0.7304105626750108
27,1226,4,6,60.0,with_chunking,LMM-1,10.0,10.049999999999978,0.7304105626750108
27,1226,4,6,60.0,with_chunking,LMM-2,10.0,10.049999999999978,0.7304105626750108
27,1226,4,8,80.0,without_chunking,LMM-1,10.0,10.049999999999981,0.6936777694521831
27,1226,4,8,80.0,without_chunking,LMM-2,10.0,10.049999999999981,0.6936777694521831
27,1226,4,8,80.0,with_chunking,LMM-1,10.0,10.049999999999981,0.6936777694521831
27,1226,4,8,80.0,with_chunking,LMM-2,10.0,10.049999999999981,0.6936777694521831
27,1226,6,2,20.0,without_chunking,LMM-1,10.0,10.050000000000006,0.8154610618230982
27,1226,6,2,20.0,without_chunking,LMM-2,10.0,10.050000000000006,0.8154610618230982
27,1226,6,2,20.0,with_chunking,LMM-1,10.083333333333334,10.129166666666674,0.6119342866983313
27,1226,6,2,20.0,with_chunking,LMM-2,10.083333333333334,10.129166666666674,0.6119199021010551
27,1226,6,4,40.0,without_chunking,LMM-1,10.0,10.04999999999999,0.7749715453181028
27,1226,6,4,40.0,without_chunking,LMM-2,10.0,10.04999999999999,0.7749715453181028
27,1226,6,4,40.0,with_chunking,LMM-1,10.166666666666668,10.208333333333323,0.48495433087340445
27,1226,6,4,40.0,with_chunking,LMM-2,9.75,9.81249999999999,0.5724124445901038
27,1226,6,6,60.0,without_chunking,LMM-1,10.0,10.049999999999978,0.7363641625793711
27,1226,6,6,60.0,without_chunking,LMM-2,10.0,10.049999999999978,0.7363641625793711
27,1226,6,6,60.0,with_chunking,LMM-1,10.166666666666666,10.20833333333331,0.4206218038829913
27,1226,6,6,60.0,with_chunking,LMM-2,9.833333333333334,9.891666666666644,0.5005159420844956
27,1226,6,8,80.0,without_chunking,LMM-1,10.0,10.049999999999981,0.699733468456037
27,1226,6,8,80.0,without_chunking,LMM-2,10.0,10.049999999999981,0.699733468456037
27,1226,6,8,80.0,with_chunking,LMM-1,10.166666666666668,10.208333333333314,0.3649902742632769
27,1226,6,8,80.0,with_chunking,LMM-2,9.75,9.812499999999982,0.4464579071004381
27,1226,8,2,20.0,without_chunking,LMM-1,10.0,10.050000000000006,0.8154610618230982
27,1226,8,2,20.0,without_chunking,LMM-2,10.0,10.050000000000006,0.8154610618230982
27,1226,8,2,20.0,with_chunking,LMM-1,10.0,10.050000000000006,0.6153078813471414
27,1226,8,2,20.0,with_chunking,LMM-2,10.0,10.050000000000006,0.6152869210811389
27,1226,8,4,40.0,without_chunking,LMM-1,10.0,10.04999999999999,0.7749715453181028
27,1226,8,4,40.0,without_chunking,LMM-2,10.0,10.04999999999999,0.7749715453181028
27,1226,8,4,40.0,with_chunking,LMM-1,10.0,10.04999999999999,0.4946380893556108
27,1226,8,4,40.0,with_chunking,LMM-2,9.666666666666668,9.733333333333324,0.549422938611839
27,1226,8,6,60.0,without_chunking,LMM-1,10.0,10.049999999999978,0.7363641625793711
27,1226,8,6,60.0,without_chunking,LMM-2,10.0,10.049999999999978,0.7363641625793711
27,1226,8,6,60.0,with_chunking,LMM-1,10.0,10.049999999999978,0.43184536489159103
27,1226,8,6,60.0,with_chunking,LMM-2,9.88888888888889,9.944444444444423,0.5164116351781638
27,1226,8,8,80.0,without_chunking,LMM-1,10.0,10.049999999999981,0.699733468456037
27,1226,8,8,80.0,without_chunking,LMM-2,10.0,10.049999999999981,0.699733468456037
27,1226,8,8,80.0,with_chunking,LMM-1,10.0,10.049999999999981,0.37718727907185146
27,1226,8,8,80.0,with_chunking,LMM-2,9.875,9.93124999999998,0.46726743867890064
27,1226,10,2,20.0,without_chunking,LMM-1,9.0,9.100000000000005,0.8421770173636132
27,1226,10,2,20.0,without_chunking,LMM-2,9.0,9.100000000000005,0.8421770173636132
27,1226,10,2,20.0,with_chunking,LMM-1,9.458333333333334,9.53541666666667,0.6647574693917051
27,1226,10,2,20.0,with_chunking,LMM-2,9.458333333333334,9.53541666666667,0.6647480603638232
27,1226,10,4,40.0,without_chunking,LMM-1,9.0,9.09999999999999,0.8053337320733327
27,1226,10,4,40.0,without_chunking,LMM-2,9.0,9.09999999999999,0.8053337320733327
27,1226,10,4,40.0,with_chunking,LMM-1,9.395833333333334,9.476041666666656,0.5652492623886178
27,1226,10,4,40.0,with_chunking,LMM-2,9.333333333333334,9.416666666666657,0.5822184687916514
27,1226,10,6,60.0,without_chunking,LMM-1,9.0,9.09999999999998,0.7699809300508209
27,1226,10,6,60.0,without_chunking,LMM-2,9.0,9.09999999999998,0.7699809300508209
27,1226,10,6,60.0,with_chunking,LMM-1,9.416666666666666,9.495833333333312,0.5188499604237111
27,1226,10,6,60.0,with_chunking,LMM-2,9.38888888888889,9.469444444444424,0.540314335592127
27,1226,10,8,80.0,without_chunking,LMM-1,9.0,9.099999999999984,0.7360729067653414
27,1226,10,8,80.0,without_chunking,LMM-2,9.0,9.099999999999984,0.7360729067653414
27,1226,10,8,80.0,with_chunking,LMM-1,9.416666666666668,9.495833333333316,0.46697371425429735
27,1226,10,8,80.0,with_chunking,LMM-2,9.364583333333332,9.44635416666665,0.4817137898725645
28,1227,4,2,20.0,without_chunking,LMM-1,16.0,15.750000000000012,0.7079420522887063
28,1227,4,2,20.0,without_chunking,LMM-2,16.0,15.750000000000012,0.7079420522887063
28,1227,4,2,20.0,with_chunking,LMM-1,16.0,15.750000000000012,0.7079420522887063
28,1227,4,2,20.0,with_chunking,LMM-2,16.0,15.750000000000012,0.7079420522887063
28,1227,4,4,40.0,without_chunking,LMM-1,16.0,15.749999999999979,0.6504001164663555
28,1227,4,4,40.0,without_chunking,LMM-2,16.0,15.749999999999979,0.6504001164663555
28,1227,4,4,40.0,with_chunking,LMM-1,16.0,15.749999999999979,0.6504001164663555
28,1227,4,4,40.0,with_chunking,LMM-2,16.0,15.749999999999979,0.6504001164663555
28,1227,4,6,60.0,without_chunking,LMM-1,16.0,15.749999999999963,0.5974193867045655
28,1227,4,6,60.0,without_chunking,LMM-2,16.0,15.749999999999963,0.5974193867045655
28,1227,4,6,60.0,with_chunking,LMM-1,16.0,15.749999999999963,0.5974193867045655
28,1227,4,6,60.0,with_chunking,LMM-2,16.0,15.749999999999963,0.5974193867045655
28,1227,4,8,80.0,without_chunking,LMM-1,16.0,15.749999999999973,0.5486498183356091
28,1227,4,8,80.0,without_chunking,LMM-2,16.0,15.749999999999973,0.5486498183356091
28,1227,4,8,80.0,with_chunking,LMM-1,16.0,15.749999999999973,0.5486498183356091
28,1227,4,8,80.0,with_chunking,LMM-2,16.0,15.749999999999973,0.5486498183356091
28,1227,6,2,20.0,without_chunking,LMM-1,12.5,12.425000000000008,0.7787293052811666
28,1227,6,2,20.0,without_chunking,LMM-2,12.5,12.425000000000008,0.7787293052811666
28,1227,6,2,20.0,with_chunking,LMM-1,12.5,12.425000000000008,0.7787293052811666
28,1227,6,2,20.0,with_chunking,LMM-2,12.5,12.425000000000008,0.7787293052811666
28,1227,6,4,40.0,without_chunking,LMM-1,12.5,12.424999999999988,0.7330698799096852
28,1227,6,4,40.0,without_chunking,LMM-2,12.5,12.424999999999988,0.7330698799096852
28,1227,6,4,40.0,with_chunking,LMM-1,12.5,12.424999999999988,0.7330698799096852
28,1227,6,4,40.0,with_chunking,LMM-2,12.5,12.424999999999988,0.7330698799096852
28,1227,6,6,60.0,without_chunking,LMM-1,12.5,12.424999999999974,0.68997088127505
28,1227,6,6,60.0,without_chunking,LMM-2,12.5,12.424999999999974,0.68997088127505
28,1227,6,6,60.0,with_chunking,LMM-1,12.5,12.424999999999974,0.68997088127505
28,1227,6,6,60.0,with_chunking,LMM-2,12.5,12.424999999999974,0.68997088127505
28,1227,6,8,80.0,without_chunking,LMM-1,12.5,12.42499999999998,0.6492964188836945
28,1227,6,8,80.0,without_chunking,LMM-2,12.5,12.42499999999998,0.6492964188836945
28,1227,6,8,80.0,with_chunking,LMM-1,12.5,12.42499999999998,0.6492964188836945
28,1227,6,8,80.0,with_chunking,LMM-2,12.5,12.42499999999998,0.6492964188836945
28,1227,8,2,20.0,without_chunking,LMM-1,12.0,11.95000000000001,0.787863627930787
28,1227,8,2,20.0,without_chunking,LMM-2,12.0,11.95000000000001,0.787863627930787
28,1227,8,2,20.0,with_chunking,LMM-1,12.0,11.95000000000001,0.787863627930787
28,1227,8,2,20.0,with_chunking,LMM-2,12.0,11.95000000000001,0.787863627930787
28,1227,8,4,40.0,without_chunking,LMM-1,12.0,11.949999999999989,0.7404975247265428
28,1227,8,4,40.0,without_chunking,LMM-2,12.0,11.949999999999989,0.7404975247265428
28,1227,8,4,40.0,with_chunking,LMM-1,12.0,11.949999999999989,0.7404975247265428
28,1227,8,4,40.0,with_chunking,LMM-2,12.0,11.949999999999989,0.7404975247265428
28,1227,8,6,60.0,without_chunking,LMM-1,12.0,11.949999999999974,0.6958476241190233
28,1227,8,6,60.0,without_chunking,LMM-2,12.0,11.949999999999974,0.6958476241190233
28,1227,8,6,60.0,with_chunking,LMM-1,12.0,11.949999999999974,0.6958476241190233
28,1227,8,6,60.0,with_chunking,LMM-2,12.0,11.949999999999974,0.6958476241190233
28,1227,8,8,80.0,without_chunking,LMM-1,12.0,11.94999999999998,0.6537670169979227
28,1227,8,8,80.0,without_chunking,LMM-2,12.0,11.94999999999998,0.6537670169979227
28,1227,8,8,80.0,with_chunking,LMM-1,12.0,11.94999999999998,0.6537670169979227
28,1227,8,8,80.0,with_chunking,LMM-2,12.0,11.94999999999998,0.6537670169979227
28,1227,10,2,20.0,without_chunking,LMM-1,12.0,11.95000000000001,0.787863627930787
28,1227,10,2,20.0,without_chunking,LMM-2,12.0,11.95000000000001,0.787863627930787
28,1227,10,2,20.0,with_chunking,LMM-1,12.0,11.95000000000001,0.787863627930787
28,1227,10,2,20.0,with_chunking,LMM-2,12.0,11.95000000000001,0.787863627930787
28,1227,10,4,40.0,without_chunking,LMM-1,12.0,11.949999999999989,0.7404975247265428
28,1227,10,4,40.0,without_chunking,LMM-2,12.0,11.949999999999989,0.7404975247265428
28,1227,10,4,40.0,with_chunking,LMM-1,12.0,11.949999999999989,0.7404975247265428
28,1227,10,4,40.0,with_chunking,LMM-2,12.0,11.949999999999989,0.7404975247265428
28,1227,10,6,60.0,without_chunking,LMM-1,12.0,11.949999999999974,0.6958476241190233
28,1227,10,6,60.0,without_chunking,LMM-2,12.0,11.949999999999974,0.6958476241190233
28,1227,10,6,60.0,with_chunking,LMM-1,12.0,11.949999999999974,0.6958476241190233
28,1227,10,6,60.0,with_chunking,LMM-2,12.0,11.949999999999974,0.6958476241190233
28,1227,10,8,80.0,without_chunking,LMM-1,12.0,11.94999999999998,0.6537670169979227
28,1227,10,8,80.0,without_chunking,LMM-2,12.0,11.94999999999998,0.6537670169979227
28,1227,10,8,80.0,with_chunking,LMM-1,12.0,11.94999999999998,0.6537670169979227
28,1227,10,8,80.0,with_chunking,LMM-2,12.0,11.94999999999998,0.6537670169979227
29,1228,4,2,20.0,without_chunking,LMM-1,13.0,12.90000000000001,0.7749635278408706
29,1228,4,2,20.0,without_chunking,LMM-2,13.0,12.90000000000001,0.7749635278408706
29,1228,4,2,20.0,with_chunking,LMM-1,12.625,12.543750000000008,0.6542721152757205
29,1228,4,2,20.0,with_chunking,LMM-2,12.625,12.543750000000008,0.6542721152757205
29,1228,4,4,40.0,without_chunking,LMM-1,13.0,12.899999999999986,0.7249990198477747
29,1228,4,4,40.0,without_chunking,LMM-2,13.0,12.899999999999986,0.7249990198477747
29,1228,4,4,40.0,with_chunking,LMM-1,12.5,12.424999999999986,0.5414480084163499
29,1228,4,4,40.0,with_chunking,LMM-2,12.5,12.424999999999986,0.5414480084163499
29,1228,4,6,60.0,without_chunking,LMM-1,13.0,12.899999999999972,0.678127745060226
29,1228,4,6,60.0,without_chunking,LMM-2,13.0,12.899999999999972,0.678127745060226
29,1228,4,6,60.0,with_chunking,LMM-1,12.5,12.424999999999974,0.4755360309696145
29,1228,4,6,60.0,with_chunking,LMM-2,12.5,12.424999999999974,0.4755360309696145
29,1228,4,8,80.0,without_chunking,LMM-1,13.0,12.899999999999977,0.6342093586887578
29,1228,4,8,80.0,without_chunking,LMM-2,13.0,12.899999999999977,0.6342093586887578
29,1228,4,8,80.0,with_chunking,LMM-1,12.5,12.42499999999998,0.4176532776921551
29,1228,4,8,80.0,with_chunking,LMM-2,12.5,12.42499999999998,0.4176532776921551
29,1228,6,2,20.0,without_chunking,LMM-1,13.0,12.90000000000001,0.7749635278408706
29,1228,6,2,20.0,without_chunking,LMM-2,13.0,12.90000000000001,0.7749635278408706
29,1228,6,2,20.0,with_chunking,LMM-1,12.625,12.543750000000008,0.6542721152757205
29,1228,6,2,20.0,with_chunking,LMM-2,12.625,12.543750000000008,0.6542721152757205
29,1228,6,4,40.0,without_chunking,LMM-1,13.0,12.899999999999986,0.7249990198477747
29,1228,6,4,40.0,without_chunking,LMM-2,13.0,12.899999999999986,0.7249990198477747
29,1228,6,4,40.0,with_chunking,LMM-1,12.5,12.424999999999986,0.5414480084163499
29,1228,6,4,40.0,with_chunking,LMM-2,12.5,12.424999999999986,0.5414480084163499
29,1228,6,6,60.0,without_chunking,LMM-1,13.0,12.899999999999972,0.678127745060226
29,1228,6,6,60.0,without_chunking,LMM-2,13.0,12.899999999999972,0.678127745060226
29,1228,6,6,60.0,with_chunking,LMM-1,12.5,12.424999999999974,0.4755360309696145
29,1228,6,6,60.0,with_chunking,LMM-2,12.5,12.424999999999974,0.4755360309696145
29,1228,6,8,80.0,without_chunking,LMM-1,13.0,12.899999999999977,0.6342093586887578
29,1228,6,8,80.0,without_chunking,LMM-2,13.0,12.899999999999977,0.6342093586887578
29,1228,6,8,80.0,with_chunking,LMM-1,12.5,12.42499999999998,0.4176532776921551
29,1228,6,8,80.0,with_chunking,LMM-2,12.5,12.42499999999998,0.4176532776921551
29,1228,8,2,20.0,without_chunking,LMM-1,12.0,11.95000000000001,0.8026685999855471
29,1228,8,2,20.0,without_chunking,LMM-2,12.0,11.95000000000001,0.8026685999855471
29,1228,8,2,20.0,with_chunking,LMM-1,12.0,11.95000000000001,0.6824608619667081
29,1228,8,2,20.0,with_chunking,LMM-2,12.0,11.95000000000001,0.6824608619667081
29,1228,8,4,40.0,without_chunking,LMM-1,12.0,11.949999999999989,0.7557339944176522
29,1228,8,4,40.0,without_chunking,LMM-2,12.0,11.949999999999989,0.7557339944176522
29,1228,8,4,40.0,with_chunking,LMM-1,12.0,11.949999999999989,0.5704236294260341
29,1228,8,4,40.0,with_chunking,LMM-2,12.0,11.949999999999989,0.5704236294260341
29,1228,8,6,60.0,without_chunking,LMM-1,12.0,11.949999999999974,0.7114170358944618
29,1228,8,6,60.0,without_chunking,LMM-2,12.0,11.949999999999974,0.7114170358944618
29,1228,8,6,60.0,with_chunking,LMM-1,12.0,11.949999999999974,0.5044124970064612
29,1228,8,6,60.0,with_chunking,LMM-2,12.0,11.949999999999974,0.5044124970064612
29,1228,8,8,80.0,without_chunking,LMM-1,12.0,11.94999999999998,0.6695800367539331
29,1228,8,8,80.0,without_chunking,LMM-2,12.0,11.94999999999998,0.6695800367539331
29,1228,8,8,80.0,with_chunking,LMM-1,12.0,11.94999999999998,0.44600984828422874
29,1228,8,8,80.0,with_chunking,LMM-2,12.0,11.94999999999998,0.44600984828422874
29,1228,10,2,20.0,without_chunking,LMM-1,11.5,11.475000000000009,0.8153955861290259
29,1228,10,2,20.0,without_chunking,LMM-2,11.5,11.475000000000009,0.8153955861290259
29,1228,10,2,20.0,with_chunking,LMM-1,11.625,11.593750000000009,0.6935933963245002
29,1228,10,2,20.0,with_chunking,LMM-2,11.625,11.593750000000009,0.6935933963245002
29,1228,10,4,40.0,without_chunking,LMM-1,11.5,11.474999999999989,0.773174691160637
29,1228,10,4,40.0,without_chunking,LMM-2,11.5,11.474999999999989,0.773174691160637
29,1228,10,4,40.0,with_chunking,LMM-1,11.75,11.712499999999988,0.58358311972984
29,1228,10,4,40.0,with_chunking,LMM-2,11.75,11.712499999999988,0.58358311972984
29,1228,10,6,60.0,without_chunking,LMM-1,11.5,11.474999999999975,0.7330277409495511
29,1228,10,6,60.0,without_chunking,LMM-2,11.5,11.474999999999975,0.7330277409495511
29,1228,10,6,60.0,with_chunking,LMM-1,11.75,11.712499999999975,0.5196902292182258
29,1228,10,6,60.0,with_chunking,LMM-2,11.75,11.712499999999975,0.5196902292182258
29,1228,10,8,80.0,without_chunking,LMM-1,11.5,11.47499999999998,0.6948592482780328
29,1228,10,8,80.0,without_chunking,LMM-2,11.5,11.47499999999998,0.6948592482780328
29,1228,10,8,80.0,with_chunking,LMM-1,11.75,11.71249999999998,0.46275551095121575
29,1228,10,8,80.0,with_chunking,LMM-2,11.75,11.71249999999998,0.46275551095121575
30,1229,4,2,20.0,without_chunking,LMM-1,12.0,11.95000000000001,0.769169818871296
30,1229,4,2,20.0,without_chunking,LMM-2,12.0,11.95000000000001,0.769169818871296
30,1229,4,2,20.0,with_chunking,LMM-1,12.0,11.95000000000001,0.769169818871296
30,1229,4,2,20.0,with_chunking,LMM-2,12.0,11.95000000000001,0.769169818871296
30,1229,4,4,40.0,without_chunking,LMM-1,12.0,11.949999999999989,0.7230138481733681
30,1229,4,4,40.0,without_chunking,LMM-2,12.0,11.949999999999989,0.7230138481733681
30,1229,4,4,40.0,with_chunking,LMM-1,12.0,11.949999999999989,0.7230138481733681
30,1229,4,4,40.0,with_chunking,LMM-2,12.0,11.949999999999989,0.7230138481733681
30,1229,4,6,60.0,without_chunking,LMM-1,12.0,11.949999999999974,0.6794989611845975
30,1229,4,6,60.0,without_chunking,LMM-2,12.0,11.949999999999974,0.6794989611845975
30,1229,4,6,60.0,with_chunking,LMM-1,12.0,11.949999999999974,0.6794989611845975
30,1229,4,6,60.0,with_chunking,LMM-2,12.0,11.949999999999974,0.6794989611845975
30,1229,4,8,80.0,without_chunking,LMM-1,12.0,11.94999999999998,0.6385485806325408
30,1229,4,8,80.0,without_chunking,LMM-2,12.0,11.94999999999998,0.6385485806325408
30,1229,4,8,80.0,with_chunking,LMM-1,12.0,11.94999999999998,0.6385485806325408
30,1229,4,8,80.0,with_chunking,LMM-2,12.0,11.94999999999998,0.6385485806325408
30,1229,6,2,20.0,without_chunking,LMM-1,10.0,10.050000000000006,0.8155437280023734
30,1229,6,2,20.0,without_chunking,LMM-2,10.0,10.050000000000006,0.8155437280023734
30,1229,6,2,20.0,with_chunking,LMM-1,10.0,10.050000000000006,0.8155437280023734
30,1229,6,2,20.0,with_chunking,LMM-2,10.0,10.050000000000006,0.8155437280023734
30,1229,6,4,40.0,without_chunking,LMM-1,10.0,10.04999999999999,0.7751633024374545
30,1229,6,4,40.0,without_chunking,LMM-2,10.0,10.04999999999999,0.7751633024374545
30,1229,6,4,40.0,with_chunking,LMM-1,10.0,10.04999999999999,0.7751633024374545
30,1229,6,4,40.0,with_chunking,LMM-2,10.0,10.04999999999999,0.7751633024374545
30,1229,6,6,60.0,without_chunking,LMM-1,10.0,10.049999999999978,0.7366549883802535
30,1229,6,6,60.0,without_chunking,LMM-2,10.0,10.049999999999978,0.7366549883802535
30,1229,6,6,60.0,with_chunking,LMM-1,10.0,10.049999999999978,0.7366549883802535
30,1229,6,6,60.0,with_chunking,LMM-2,10.0,10.049999999999978,0.7366549883802535
30,1229,6,8,80.0,without_chunking,LMM-1,10.0,10.049999999999981,0.6999700801412465
30,1229,6,8,80.0,without_chunking,LMM-2,10.0,10.049999999999981,0.6999700801412465
30,1229,6,8,80.0,with_chunking,LMM-1,10.0,10.049999999999981,0.6999700801412465
30,1229,6,8,80.0,with_chunking,LMM-2,10.0,10.049999999999981,0.6999700801412465
30,1229,8,2,20.0,without_chunking,LMM-1,9.0,9.100000000000005,0.8397890089402794
30,1229,8,2,20.0,without_chunking,LMM-2,9.0,9.100000000000005,0.8397890089402794
30,1229,8,2,20.0,with_chunking,LMM-1,9.0,9.100000000000005,0.748226521528774
30,1229,8,2,20.0,with_chunking,LMM-2,8.75,8.862500000000004,0.7577073377943934
30,1229,8,4,40.0,without_chunking,LMM-1,9.0,9.09999999999999,0.8032373855417243
30,1229,8,4,40.0,without_chunking,LMM-2,9.0,9.09999999999999,0.8032373855417243
30,1229,8,4,40.0,with_chunking,LMM-1,9.0,9.09999999999999,0.6577837176052341
30,1229,8,4,40.0,with_chunking,LMM-2,8.625,8.743749999999991,0.737304047987277
30,1229,8,6,60.0,without_chunking,LMM-1,9.0,9.09999999999998,0.7681573905499692
30,1229,8,6,60.0,without_chunking,LMM-2,9.0,9.09999999999998,0.7681573905499692
30,1229,8,6,60.0,with_chunking,LMM-1,9.0,9.09999999999998,0.6008031763137558
30,1229,8,6,60.0,with_chunking,LMM-2,8.583333333333332,8.704166666666648,0.7087250486765593
30,1229,8,8,80.0,without_chunking,LMM-1,9.0,9.099999999999984,0.73449523685155
30,1229,8,8,80.0,without_chunking,LMM-2,9.0,9.099999999999984,0.73449523685155
30,1229,8,8,80.0,with_chunking,LMM-1,9.0,9.099999999999984,0.5486709944217256
30,1229,8,8,80.0,with_chunking,LMM-2,8.6875,8.803124999999984,0.7062576583842448
30,1229,10,2,20.0,without_chunking,LMM-1,8.0,8.150000000000004,0.8548624400872855
30,1229,10,2,20.0,without_chunking,LMM-2,8.0,8.150000000000004,0.8548624400872855
30,1229,10,2,20.0,with_chunking,LMM-1,8.5,8.625000000000004,0.7385982131027804
30,1229,10,2,20.0,with_chunking,LMM-2,8.375,8.506250000000005,0.7427838571149484
30,1229,10,4,40.0,without_chunking,LMM-1,8.0,8.149999999999991,0.8213694214010797
30,1229,10,4,40.0,without_chunking,LMM-2,8.0,8.149999999999991,0.8213694214010797
30,1229,10,4,40.0,with_chunking,LMM-1,8.5,8.624999999999991,0.6828079504348051
30,1229,10,4,40.0,with_chunking,LMM-2,8.0625,8.20937499999999,0.7676606239052627
30,1229,10,6,60.0,without_chunking,LMM-1,8.0,8.149999999999983,0.7890712361249762
30,1229,10,6,60.0,without_chunking,LMM-2,8.0,8.149999999999983,0.7890712361249762
30,1229,10,6,60.0,with_chunking,LMM-1,8.5,8.62499999999998,0.6274783178446675
30,1229,10,6,60.0,with_chunking,LMM-2,8.416666666666666,8.545833333333313,0.7150548570296598
30,1229,10,8,80.0,without_chunking,LMM-1,8.0,8.149999999999984,0.7579299818769447
30,1229,10,8,80.0,without_chunking,LMM-2,8.0,8.149999999999984,0.7579299818769447
30,1229,10,8,80.0,with_chunking,LMM-1,8.5,8.624999999999984,0.5765384230459374
30,1229,10,8,80.0,with_chunking,LMM-2,8.25,8.387499999999985,0.6759272814086813
31,1230,4,2,20.0,without_chunking,LMM-1,13.0,12.90000000000001,0.7634406259639069
31,1230,4,2,20.0,without_chunking,LMM-2,13.0,12.90000000000001,0.7634406259639069
31,1230,4,2,20.0,with_chunking,LMM-1,13.0,12.90000000000001,0.650159015347011
31,1230,4,2,20.0,with_chunking,LMM-2,13.0,12.90000000000001,0.650159015347011
31,1230,4,4,40.0,without_chunking,LMM-1,13.0,12.899999999999986,0.7375038112690268
31,1230,4,4,40.0,without_chunking,LMM-2,13.0,12.899999999999986,0.7375038112690268
31,1230,4,4,40.0,with_chunking,LMM-1,13.0,12.899999999999986,0.597596023802234
31,1230,4,4,40.0,with_chunking,LMM-2,13.0,12.899999999999986,0.597596023802234
31,1230,4,6,60.0,without_chunking,LMM-1,13.0,12.899999999999972,0.7124114080516892
31,1230,4,6,60.0,without_chunking,LMM-2,13.0,12.899999999999972,0.7124114080516892
31,1230,4,6,60.0,with_chunking,LMM-1,13.0,12.899999999999972,0.5493540270071372
31,1230,4,6,60.0,with_chunking,LMM-2,13.0,12.899999999999972,0.5493540270071372
31,1230,4,8,80.0,without_chunking,LMM-1,13.0,12.899999999999977,0.6881373413875145
31,1230,4,8,80.0,without_chunking,LMM-2,13.0,12.899999999999977,0.6881373413875145
31,1230,4,8,80.0,with_chunking,LMM-1,13.0,12.899999999999977,0.5057587310169185
31,1230,4,8,80.0,with_chunking,LMM-2,13.0,12.899999999999977,0.5057587310169185
31,1230,6,2,20.0,without_chunking,LMM-1,11.0,11.000000000000007,0.8099003885614834
31,1230,6,2,20.0,without_chunking,LMM-2,11.0,11.000000000000007,0.8099003885614834
31,1230,6,2,20.0,with_chunking,LMM-1,12.0,11.950000000000006,0.5942740154990133
31,1230,6,2,20.0,with_chunking,LMM-2,12.0,11.950000000000006,0.5942740154990133
31,1230,6,4,40.0,without_chunking,LMM-1,11.0,10.99999999999999,0.7872247312843534
31,1230,6,4,40.0,without_chunking,LMM-2,11.0,10.99999999999999,0.7872247312843534
31,1230,6,4,40.0,with_chunking,LMM-1,12.0,11.949999999999987,0.5363129672440549
31,1230,6,4,40.0,with_chunking,LMM-2,12.0,11.949999999999987,0.5363129672440549
31,1230,6,6,60.0,without_chunking,LMM-1,11.0,10.999999999999977,0.7651482410460146
31,1230,6,6,60.0,without_chunking,LMM-2,11.0,10.999999999999977,0.7651482410460146
31,1230,6,6,60.0,with_chunking,LMM-1,12.0,11.949999999999974,0.48396660204845393
31,1230,6,6,60.0,with_chunking,LMM-2,12.0,11.949999999999974,0.48396660204845393
31,1230,6,8,80.0,without_chunking,LMM-1,11.0,10.99999999999998,0.7436561751111785
31,1230,6,8,80.0,without_chunking,LMM-2,11.0,10.99999999999998,0.7436561751111785
31,1230,6,8,80.0,with_chunking,LMM-1,12.0,11.94999999999998,0.4366972878763898
31,1230,6,8,80.0,with_chunking,LMM-2,12.0,11.94999999999998,0.4366972878763898
31,1230,8,2,20.0,without_chunking,LMM-1,10.0,10.050000000000006,0.8110666646960152
31,1230,8,2,20.0,without_chunking,LMM-2,10.0,10.050000000000006,0.8110666646960152
31,1230,8,2,20.0,with_chunking,LMM-1,10.5,10.525000000000006,0.6351230808903722
31,1230,8,2,20.0,with_chunking,LMM-2,10.5,10.525000000000006,0.6351230808903722
31,1230,8,4,40.0,without_chunking,LMM-1,10.0,10.04999999999999,0.7701678375641305
31,1230,8,4,40.0,without_chunking,LMM-2,10.0,10.04999999999999,0.7701678375641305
31,1230,8,4,40.0,with_chunking,LMM-1,10.5,10.52499999999999,0.5699142833871147
31,1230,8,4,40.0,with_chunking,LMM-2,10.5,10.52499999999999,0.5699142833871147
31,1230,8,6,60.0,without_chunking,LMM-1,10.0,10.049999999999978,0.731199570827958
31,1230,8,6,60.0,without_chunking,LMM-2,10.0,10.049999999999978,0.731199570827958
31,1230,8,6,60.0,with_chunking,LMM-1,10.5,10.524999999999977,0.5113302959498471
31,1230,8,6,60.0,with_chunking,LMM-2,10.5,10.524999999999977,0.5113302959498471
31,1230,8,8,80.0,without_chunking,LMM-1,10.0,10.049999999999981,0.6943467593870576
31,1230,8,8,80.0,without_chunking,LMM-2,10.0,10.049999999999981,0.6943467593870576
31,1230,8,8,80.0,with_chunking,LMM-1,10.5,10.52499999999998,0.4589993318500549
31,1230,8,8,80.0,with_chunking,LMM-2,10.5,10.52499999999998,0.4589993318500549
31,1230,10,2,20.0,without_chunking,LMM-1,9.0,9.100000000000005,0.8367364029712512
31,1230,10,2,20.0,without_chunking,LMM-2,9.0,9.100000000000005,0.8367364029712512
31,1230,10,2,20.0,with_chunking,LMM-1,9.75,9.812500000000004,0.6688519090931003
31,1230,10,2,20.0,with_chunking,LMM-2,9.75,9.812500000000004,0.6688519090931003
31,1230,10,4,40.0,without_chunking,LMM-1,9.0,9.09999999999999,0.7991554365522561
31,1230,10,4,40.0,without_chunking,LMM-2,9.0,9.09999999999999,0.7991554365522561
31,1230,10,4,40.0,with_chunking,LMM-1,9.75,9.81249999999999,0.608259457204605
31,1230,10,4,40.0,with_chunking,LMM-2,9.75,9.81249999999999,0.608259457204605
31,1230,10,6,60.0,without_chunking,LMM-1,9.0,9.09999999999998,0.7631351983644344
31,1230,10,6,60.0,without_chunking,LMM-2,9.0,9.09999999999998,0.7631351983644344
31,1230,10,6,60.0,with_chunking,LMM-1,9.75,9.812499999999979,0.5530772968513695
31,1230,10,6,60.0,with_chunking,LMM-2,9.75,9.812499999999979,0.5530772968513695
31,1230,10,8,80.0,without_chunking,LMM-1,9.0,9.099999999999984,0.728684457509442
31,1230,10,8,80.0,without_chunking,LMM-2,9.0,9.099999999999984,0.728684457509442
31,1230,10,8,80.0,with_chunking,LMM-1,9.75,9.812499999999982,0.5028752609913949
31,1230,10,8,80.0,with_chunking,LMM-2,9.75,9.812499999999982,0.5028752609913949
32,1231,4,2,20.0,without_chunking,LMM-1,12.0,11.95000000000001,0.7706932149394277
32,1231,4,2,20.0,without_chunking,LMM-2,12.0,11.95000000000001,0.7706932149394277
32,1231,4,2,20.0,with_chunking,LMM-1,12.0,11.95000000000001,0.7706932149394277
32,1231,4,2,20.0,with_chunking,LMM-2,12.0,11.95000000000001,0.7706932149394277
32,1231,4,4,40.0,without_chunking,LMM-1,12.0,11.949999999999989,0.724335515839893
32,1231,4,4,40.0,without_chunking,LMM-2,12.0,11.949999999999989,0.724335515839893
32,1231,4,4,40.0,with_chunking,LMM-1,12.0,11.949999999999989,0.724335515839893
32,1231,4,4,40.0,with_chunking,LMM-2,12.0,11.949999999999989,0.724335515839893
32,1231,4,6,60.0,without_chunking,LMM-1,12.0,11.949999999999974,0.6806371110021556
32,1231,4,6,60.0,without_chunking,LMM-2,12.0,11.949999999999974,0.6806371110021556
32,1231,4,6,60.0,with_chunking,LMM-1,12.0,11.949999999999974,0.6806371110021556
32,1231,4,6,60.0,with_chunking,LMM-2,12.0,11.949999999999974,0.6806371110021556
32,1231,4,8,80.0,without_chunking,LMM-1,12.0,11.94999999999998,0.6395061513026062
32,1231,4,8,80.0,without_chunking,LMM-2,12.0,11.94999999999998,0.6395061513026062
32,1231,4,8,80.0,with_chunking,LMM-1,12.0,11.94999999999998,0.6395061513026062
32,1231,4,8,80.0,with_chunking,LMM-2,12.0,11.94999999999998,0.6395061513026062
32,1231,6,2,20.0,without_chunking,LMM-1,12.0,11.95000000000001,0.7838441086541814
32,1231,6,2,20.0,without_chunking,LMM-2,12.0,11.95000000000001,0.7838441086541814
32,1231,6,2,20.0,with_chunking,LMM-1,12.0,11.95000000000001,0.7838441086541814
32,1231,6,2,20.0,with_chunking,LMM-2,12.0,11.95000000000001,0.7838441086541814
32,1231,6,4,40.0,without_chunking,LMM-1,12.0,11.949999999999989,0.7373182113144789
32,1231,6,4,40.0,without_chunking,LMM-2,12.0,11.949999999999989,0.7373182113144789
32,1231,6,4,40.0,with_chunking,LMM-1,12.0,11.949999999999989,0.7373182113144789
32,1231,6,4,40.0,with_chunking,LMM-2,12.0,11.949999999999989,0.7373182113144789
32,1231,6,6,60.0,without_chunking,LMM-1,12.0,11.949999999999974,0.6934266157254818
32,1231,6,6,60.0,without_chunking,LMM-2,12.0,11.949999999999974,0.6934266157254818
32,1231,6,6,60.0,with_chunking,LMM-1,12.0,11.949999999999974,0.6934266157254818
32,1231,6,6,60.0,with_chunking,LMM-2,12.0,11.949999999999974,0.6934266157254818
32,1231,6,8,80.0,without_chunking,LMM-1,12.0,11.94999999999998,0.6520286359334129
32,1231,6,8,80.0,without_chunking,LMM-2,12.0,11.94999999999998,0.6520286359334129
32,1231,6,8,80.0,with_chunking,LMM-1,12.0,11.94999999999998,0.6520286359334129
32,1231,6,8,80.0,with_chunking,LMM-2,12.0,11.94999999999998,0.6520286359334129
32,1231,8,2,20.0,without_chunking,LMM-1,11.0,11.000000000000007,0.7965742252138139
32,1231,8,2,20.0,without_chunking,LMM-2,11.0,11.000000000000007,0.7965742252138139
32,1231,8,2,20.0,with_chunking,LMM-1,11.0,11.000000000000007,0.7965742252138139
32,1231,8,2,20.0,with_chunking,LMM-2,11.0,11.000000000000007,0.7965742252138139
32,1231,8,4,40.0,without_chunking,LMM-1,11.0,10.99999999999999,0.7532843242356217
32,1231,8,4,40.0,without_chunking,LMM-2,11.0,10.99999999999999,0.7532843242356217
32,1231,8,4,40.0,with_chunking,LMM-1,11.0,10.99999999999999,0.7532843242356217
32,1231,8,4,40.0,with_chunking,LMM-2,11.0,10.99999999999999,0.7532843242356217
32,1231,8,6,60.0,without_chunking,LMM-1,11.0,10.999999999999977,0.7122200765186033
32,1231,8,6,60.0,without_chunking,LMM-2,11.0,10.999999999999977,0.7122200765186033
32,1231,8,6,60.0,with_chunking,LMM-1,11.0,10.999999999999977,0.7122200765186033
32,1231,8,6,60.0,with_chunking,LMM-2,11.0,10.999999999999977,0.7122200765186033
32,1231,8,8,80.0,without_chunking,LMM-1,11.0,10.99999999999998,0.6732746322199624
32,1231,8,8,80.0,without_chunking,LMM-2,11.0,10.99999999999998,0.6732746322199624
32,1231,8,8,80.0,with_chunking,LMM-1,11.0,10.99999999999998,0.6732746322199624
32,1231,8,8,80.0,with_chunking,LMM-2,11.0,10.99999999999998,0.6732746322199624
32,1231,10,2,20.0,without_chunking,LMM-1,10.0,10.050000000000006,0.8146701851364324
32,1231,10,2,20.0,without_chunking,LMM-2,10.0,10.050000000000006,0.8146701851364324
32,1231,10,2,20.0,with_chunking,LMM-1,10.0,10.050000000000006,0.8146701851364324
32,1231,10,2,20.0,with_chunking,LMM-2,10.0,10.050000000000006,0.8146701851364324
32,1231,10,4,40.0,without_chunking,LMM-1,10.0,10.04999999999999,0.7743111286796549
32,1231,10,4,40.0,without_chunking,LMM-2,10.0,10.04999999999999,0.7743111286796549
32,1231,10,4,40.0,with_chunking,LMM-1,10.0,10.04999999999999,0.7743111286796549
32,1231,10,4,40.0,with_chunking,LMM-2,10.0,10.04999999999999,0.7743111286796549
32,1231,10,6,60.0,without_chunking,LMM-1,10.0,10.049999999999978,0.7358240745808777
32,1231,10,6,60.0,without_chunking,LMM-2,10.0,10.049999999999978,0.7358240745808777
32,1231,10,6,60.0,with_chunking,LMM-1,10.0,10.049999999999978,0.7358240745808777
32,1231,10,6,60.0,with_chunking,LMM-2,10.0,10.049999999999978,0.7358240745808777
32,1231,10,8,80.0,without_chunking,LMM-1,10.0,10.049999999999981,0.6992236971883363
32,1231,10,8,80.0,without_chunking,LMM-2,10.0,10.049999999999981,0.6992236971883363
32,1231,10,8,80.0,with_chunking,LMM-1,10.0,10.049999999999981,0.6992236971883363
32,1231,10,8,80.0,with_chunking,LMM-2,10.0,10.049999999999981,0.6992236971883363
33,1232,4,2,20.0,without_chunking,LMM-1,20.0,19.55000000000001,0.6236876729536323
33,1232,4,2,20.0,without_chunking,LMM-2,20.0,19.55000000000001,0.6236876729536323
33,1232,4,2,20.0,with_chunking,LMM-1,20.0,19.55000000000001,0.6236876729536323
33,1232,4,2,20.0,with_chunking,LMM-2,20.0,19.55000000000001,0.6236876729536323
33,1232,4,4,40.0,without_chunking,LMM-1,20.0,19.54999999999997,0.5581716346030698
33,1232,4,4,40.0,without_chunking,LMM-2,20.0,19.54999999999997,0.5581716346030698
33,1232,4,4,40.0,with_chunking,LMM-1,20.0,19.54999999999997,0.5581716346030698
33,1232,4,4,40.0,with_chunking,LMM-2,20.0,19.54999999999997,0.5581716346030698
33,1232,4,6,60.0,without_chunking,LMM-1,20.0,19.54999999999995,0.4994533679414385
33,1232,4,6,60.0,without_chunking,LMM-2,20.0,19.54999999999995,0.4994533679414385
33,1232,4,6,60.0,with_chunking,LMM-1,20.0,19.54999999999995,0.4994533679414385
33,1232,4,6,60.0,with_chunking,LMM-2,20.0,19.54999999999995,0.4994533679414385
33,1232,4,8,80.0,without_chunking,LMM-1,20.0,19.54999999999997,0.44683998676470804
33,1232,4,8,80.0,without_chunking,LMM-2,20.0,19.54999999999997,0.44683998676470804
33,1232,4,8,80.0,with_chunking,LMM-1,20.0,19.54999999999997,0.44683998676470804
33,1232,4,8,80.0,with_chunking,LMM-2,20.0,19.54999999999997,0.44683998676470804
33,1232,6,2,20.0,without_chunking,LMM-1,20.0,19.55000000000001,0.6236876729536323
33,1232,6,2,20.0,without_chunking,LMM-2,20.0,19.55000000000001,0.6236876729536323
33,1232,6,2,20.0,with_chunking,LMM-1,20.0,19.55000000000001,0.6236876729536323
33,1232,6,2,20.0,with_chunking,LMM-2,20.0,19.55000000000001,0.6236876729536323
33,1232,6,4,40.0,without_chunking,LMM-1,20.0,19.54999999999997,0.5581716346030698
33,1232,6,4,40.0,without_chunking,LMM-2,20.0,19.54999999999997,0.5581716346030698
33,1232,6,4,40.0,with_chunking,LMM-1,20.0,19.54999999999997,0.5581716346030698
33,1232,6,4,40.0,with_chunking,LMM-2,20.0,19.54999999999997,0.5581716346030698
33,1232,6,6,60.0,without_chunking,LMM-1,20.0,19.54999999999995,0.4994533679414385
33,1232,6,6,60.0,without_chunking,LMM-2,20.0,19.54999999999995,0.4994533679414385
33,1232,6,6,60.0,with_chunking,LMM-1,20.0,19.54999999999995,0.4994533679414385
33,1232,6,6,60.0,with_chunking,LMM-2,20.0,19.54999999999995,0.4994533679414385
33,1232,6,8,80.0,without_chunking,LMM-1,20.0,19.54999999999997,0.44683998676470804
33,1232,6,8,80.0,without_chunking,LMM-2,20.0,19.54999999999997,0.44683998676470804
33,1232,6,8,80.0,with_chunking,LMM-1,20.0,19.54999999999997,0.44683998676470804
33,1232,6,8,80.0,with_chunking,LMM-2,20.0,19.54999999999997,0.44683998676470804
33,1232,8,2,20.0,without_chunking,LMM-1,20.0,19.55000000000001,0.6236876729536323
33,1232,8,2,20.0,without_chunking,LMM-2,20.0,19.55000000000001,0.6236876729536323
33,1232,8,2,20.0,with_chunking,LMM-1,20.0,19.55000000000001,0.6236876729536323
33,1232,8,2,20.0,with_chunking,LMM-2,20.0,19.55000000000001,0.6236876729536323
33,1232,8,4,40.0,without_chunking,LMM-1,20.0,19.54999999999997,0.5581716346030698
33,1232,8,4,40.0,without_chunking,LMM-2,20.0,19.54999999999997,0.5581716346030698
33,1232,8,4,40.0,with_chunking,LMM-1,20.0,19.54999999999997,0.5581716346030698
33,1232,8,4,40.0,with_chunking,LMM-2,20.0,19.54999999999997,0.5581716346030698
33,1232,8,6,60.0,without_chunking,LMM-1,20.0,19.54999999999995,0.4994533679414385
33,1232,8,6,60.0,without_chunking,LMM-2,20.0,19.54999999999995,0.4994533679414385
33,1232,8,6,60.0,with_chunking,LMM-1,20.0,19.54999999999995,0.4994533679414385
33,1232,8,6,60.0,with_chunking,LMM-2,20.0,19.54999999999995,0.4994533679414385
33,1232,8,8,80.0,without_chunking,LMM-1,20.0,19.54999999999997,0.44683998676470804
33,1232,8,8,80.0,without_chunking,LMM-2,20.0,19.54999999999997,0.44683998676470804
33,1232,8,8,80.0,with_chunking,LMM-1,20.0,19.54999999999997,0.44683998676470804
33,1232,8,8,80.0,with_chunking,LMM-2,20.0,19.54999999999997,0.44683998676470804
33,1232,10,2,20.0,without_chunking,LMM-1,15.0,14.800000000000011,0.6960930256399966
33,1232,10,2,20.0,without_chunking,LMM-2,15.0,14.800000000000011,0.6960930256399966
33,1232,10,2,20.0,with_chunking,LMM-1,15.0,14.800000000000011,0.6960930256399966
33,1232,10,2,20.0,with_chunking,LMM-2,15.0,14.800000000000011,0.6960930256399966
33,1232,10,4,40.0,without_chunking,LMM-1,15.0,14.799999999999981,0.6414557143322994
33,1232,10,4,40.0,without_chunking,LMM-2,15.0,14.799999999999981,0.6414557143322994
33,1232,10,4,40.0,with_chunking,LMM-1,15.0,14.799999999999981,0.6414557143322994
33,1232,10,4,40.0,with_chunking,LMM-2,15.0,14.799999999999981,0.6414557143322994
33,1232,10,6,60.0,without_chunking,LMM-1,15.0,14.799999999999967,0.5909824699047986
33,1232,10,6,60.0,without_chunking,LMM-2,15.0,14.799999999999967,0.5909824699047986
33,1232,10,6,60.0,with_chunking,LMM-1,15.0,14.799999999999967,0.5909824699047986
33,1232,10,6,60.0,with_chunking,LMM-2,15.0,14.799999999999967,0.5909824699047986
33,1232,10,8,80.0,without_chunking,LMM-1,15.0,14.799999999999976,0.5443916857246269
33,1232,10,8,80.0,without_chunking,LMM-2,15.0,14.799999999999976,0.5443916857246269
33,1232,10,8,80.0,with_chunking,LMM-1,15.0,14.799999999999976,0.5443916857246269
33,1232,10,8,80.0,with_chunking,LMM-2,15.0,14.799999999999976,0.5443916857246269
34,1233,4,2,20.0,without_chunking,LMM-1,14.0,13.850000000000012,0.7484894808511504
34,1233,4,2,20.0,without_chunking,LMM-2,14.0,13.850000000000012,0.7484894808511504
34,1233,4,2,20.0,with_chunking,LMM-1,14.0,13.850000000000012,0.7484894808511504
34,1233,4,2,20.0,with_chunking,LMM-2,14.0,13.850000000000012,0.7484894808511504
34,1233,4,4,40.0,without_chunking,LMM-1,14.0,13.849999999999985,0.6956305615863962
34,1233,4,4,40.0,without_chunking,LMM-2,14.0,13.849999999999985,0.6956305615863962
34,1233,4,4,40.0,with_chunking,LMM-1,14.0,13.849999999999985,0.6956305615863962
34,1233,4,4,40.0,with_chunking,LMM-2,14.0,13.849999999999985,0.6956305615863962
34,1233,4,6,60.0,without_chunking,LMM-1,14.0,13.849999999999968,0.6463779324544967
34,1233,4,6,60.0,without_chunking,LMM-2,14.0,13.849999999999968,0.6463779324544967
34,1233,4,6,60.0,with_chunking,LMM-1,14.0,13.849999999999968,0.6463779324544967
34,1233,4,6,60.0,with_chunking,LMM-2,14.0,13.849999999999968,0.6463779324544967
34,1233,4,8,80.0,without_chunking,LMM-1,14.0,13.849999999999977,0.6004995824784152
34,1233,4,8,80.0,without_chunking,LMM-2,14.0,13.849999999999977,0.6004995824784152
34,1233,4,8,80.0,with_chunking,LMM-1,14.0,13.849999999999977,0.6004995824784152
34,1233,4,8,80.0,with_chunking,LMM-2,14.0,13.849999999999977,0.6004995824784152
34,1233,6,2,20.0,without_chunking,LMM-1,12.0,11.95000000000001,0.7892009064683531
34,1233,6,2,20.0,without_chunking,LMM-2,12.0,11.95000000000001,0.7892009064683531
34,1233,6,2,20.0,with_chunking,LMM-1,12.0,11.95000000000001,0.7892009064683531
34,1233,6,2,20.0,with_chunking,LMM-2,12.0,11.95000000000001,0.7892009064683531
34,1233,6,4,40.0,without_chunking,LMM-1,12.0,11.949999999999989,0.7420143784446527
34,1233,6,4,40.0,without_chunking,LMM-2,12.0,11.949999999999989,0.7420143784446527
34,1233,6,4,40.0,with_chunking,LMM-1,12.0,11.949999999999989,0.7420143784446527
34,1233,6,4,40.0,with_chunking,LMM-2,12.0,11.949999999999989,0.7420143784446527
34,1233,6,6,60.0,without_chunking,LMM-1,12.0,11.949999999999974,0.6975191103285325
34,1233,6,6,60.0,without_chunking,LMM-2,12.0,11.949999999999974,0.6975191103285325
34,1233,6,6,60.0,with_chunking,LMM-1,12.0,11.949999999999974,0.6975191103285325
34,1233,6,6,60.0,with_chunking,LMM-2,12.0,11.949999999999974,0.6975191103285325
34,1233,6,8,80.0,without_chunking,LMM-1,12.0,11.94999999999998,0.6555703211746173
34,1233,6,8,80.0,without_chunking,LMM-2,12.0,11.94999999999998,0.6555703211746173
34,1233,6,8,80.0,with_chunking,LMM-1,12.0,11.94999999999998,0.6555703211746173
34,1233,6,8,80.0,with_chunking,LMM-2,12.0,11.94999999999998,0.6555703211746173
34,1233,8,2,20.0,without_chunking,LMM-1,11.0,11.000000000000007,0.8041208553077202
34,1233,8,2,20.0,without_chunking,LMM-2,11.0,11.000000000000007,0.8041208553077202
34,1233,8,2,20.0,with_chunking,LMM-1,11.0,11.000000000000007,0.8041208553077202
34,1233,8,2,20.0,with_chunking,LMM-2,11.0,11.000000000000007,0.8041208553077202
34,1233,8,4,40.0,without_chunking,LMM-1,11.0,10.99999999999999,0.7599589136727549
34,1233,8,4,40.0,without_chunking,LMM-2,11.0,10.99999999999999,0.7599589136727549
34,1233,8,4,40.0,with_chunking,LMM-1,11.0,10.99999999999999,0.7599589136727549
34,1233,8,4,40.0,with_chunking,LMM-2,11.0,10.99999999999999,0.7599589136727549
34,1233,8,6,60.0,without_chunking,LMM-1,11.0,10.999999999999977,0.718090966461328
34,1233,8,6,60.0,without_chunking,LMM-2,11.0,10.999999999999977,0.718090966461328
34,1233,8,6,60.0,with_chunking,LMM-1,11.0,10.999999999999977,0.718090966461328
34,1233,8,6,60.0,with_chunking,LMM-2,11.0,10.999999999999977,0.718090966461328
34,1233,8,8,80.0,without_chunking,LMM-1,11.0,10.99999999999998,0.6784837334626213
34,1233,8,8,80.0,without_chunking,LMM-2,11.0,10.99999999999998,0.6784837334626213
34,1233,8,8,80.0,with_chunking,LMM-1,11.0,10.99999999999998,0.6784837334626213
34,1233,8,8,80.0,with_chunking,LMM-2,11.0,10.99999999999998,0.6784837334626213
34,1233,10,2,20.0,without_chunking,LMM-1,11.0,11.000000000000007,0.8041208553077202
34,1233,10,2,20.0,without_chunking,LMM-2,11.0,11.000000000000007,0.8041208553077202
34,1233,10,2,20.0,with_chunking,LMM-1,11.0,11.000000000000007,0.8041208553077202
34,1233,10,2,20.0,with_chunking,LMM-2,11.0,11.000000000000007,0.8041208553077202
34,1233,10,4,40.0,without_chunking,LMM-1,11.0,10.99999999999999,0.7599589136727549
34,1233,10,4,40.0,without_chunking,LMM-2,11.0,10.99999999999999,0.7599589136727549
34,1233,10,4,40.0,with_chunking,LMM-1,11.0,10.99999999999999,0.7599589136727549
34,1233,10,4,40.0,with_chunking,LMM-2,11.0,10.99999999999999,0.7599589136727549
34,1233,10,6,60.0,without_chunking,LMM-1,11.0,10.999999999999977,0.718090966461328
34,1233,10,6,60.0,without_chunking,LMM-2,11.0,10.999999999999977,0.718090966461328
34,1233,10,6,60.0,with_chunking,LMM-1,11.0,10.999999999999977,0.718090966461328
34,1233,10,6,60.0,with_chunking,LMM-2,11.0,10.999999999999977,0.718090966461328
34,1233,10,8,80.0,without_chunking,LMM-1,11.0,10.99999999999998,0.6784837334626213
34,1233,10,8,80.0,without_chunking,LMM-2,11.0,10.99999999999998,0.6784837334626213
34,1233,10,8,80.0,with_chunking,LMM-1,11.0,10.99999999999998,0.6784837334626213
34,1233,10,8,80.0,with_chunking,LMM-2,11.0,10.99999999999998,0.6784837334626213
35,1234,4,2,20.0,without_chunking,LMM-1,11.5,11.475000000000009,0.7937811517679825
35,1234,4,2,20.0,without_chunking,LMM-2,11.5,11.475000000000009,0.7937811517679825
35,1234,4,2,20.0,with_chunking,LMM-1,11.375,11.356250000000008,0.7538543388687778
35,1234,4,2,20.0,with_chunking,LMM-2,11.375,11.356250000000008,0.7538543388687778
35,1234,4,4,40.0,without_chunking,LMM-1,11.5,11.474999999999989,0.766562328164374
35,1234,4,4,40.0,without_chunking,LMM-2,11.5,11.474999999999989,0.766562328164374
35,1234,4,4,40.0,with_chunking,LMM-1,11.25,11.23749999999999,0.6749488215518229
35,1234,4,4,40.0,with_chunking,LMM-2,11.25,11.23749999999999,0.6749488215518229
35,1234,4,6,60.0,without_chunking,LMM-1,11.5,11.474999999999975,0.7402242404627455
35,1234,4,6,60.0,without_chunking,LMM-2,11.5,11.474999999999975,0.7402242404627455
35,1234,4,6,60.0,with_chunking,LMM-1,11.25,11.237499999999976,0.6359125146233162
35,1234,4,6,60.0,with_chunking,LMM-2,11.25,11.237499999999976,0.6359125146233162
35,1234,4,8,80.0,without_chunking,LMM-1,11.5,11.47499999999998,0.7147403105812766
35,1234,4,8,80.0,without_chunking,LMM-2,11.5,11.47499999999998,0.7147403105812766
35,1234,4,8,80.0,with_chunking,LMM-1,11.25,11.23749999999998,0.5994404671797857
35,1234,4,8,80.0,with_chunking,LMM-2,11.25,11.23749999999998,0.5994404671797857
35,1234,6,2,20.0,without_chunking,LMM-1,12.0,11.95000000000001,0.7755199617180866
35,1234,6,2,20.0,without_chunking,LMM-2,12.0,11.95000000000001,0.7755199617180866
35,1234,6,2,20.0,with_chunking,LMM-1,12.0,11.95000000000001,0.6943119078176523
35,1234,6,2,20.0,with_chunking,LMM-2,12.0,11.95000000000001,0.6943119078176523
35,1234,6,4,40.0,without_chunking,LMM-1,12.0,11.949999999999989,0.7287937663889417
35,1234,6,4,40.0,without_chunking,LMM-2,12.0,11.949999999999989,0.7287937663889417
35,1234,6,4,40.0,with_chunking,LMM-1,12.0,11.949999999999989,0.5490191303650889
35,1234,6,4,40.0,with_chunking,LMM-2,12.0,11.949999999999989,0.5490191303650889
35,1234,6,6,60.0,without_chunking,LMM-1,12.0,11.949999999999974,0.6847524119349173
35,1234,6,6,60.0,without_chunking,LMM-2,12.0,11.949999999999974,0.6847524119349173
35,1234,6,6,60.0,with_chunking,LMM-1,12.0,11.949999999999974,0.4883783294653735
35,1234,6,6,60.0,with_chunking,LMM-2,12.0,11.949999999999974,0.4883783294653735
35,1234,6,8,80.0,without_chunking,LMM-1,12.0,11.94999999999998,0.6433155292598277
35,1234,6,8,80.0,without_chunking,LMM-2,12.0,11.94999999999998,0.6433155292598277
35,1234,6,8,80.0,with_chunking,LMM-1,12.0,11.94999999999998,0.4344481426412001
35,1234,6,8,80.0,with_chunking,LMM-2,12.0,11.94999999999998,0.4344481426412001
35,1234,8,2,20.0,without_chunking,LMM-1,11.0,11.000000000000007,0.8013356015286429
35,1234,8,2,20.0,without_chunking,LMM-2,11.0,11.000000000000007,0.8013356015286429
35,1234,8,2,20.0,with_chunking,LMM-1,10.5,10.525000000000006,0.7421829121858613
35,1234,8,2,20.0,with_chunking,LMM-2,10.5,10.525000000000006,0.7421829121858613
35,1234,8,4,40.0,without_chunking,LMM-1,11.0,10.99999999999999,0.7576170752710285
35,1234,8,4,40.0,without_chunking,LMM-2,11.0,10.99999999999999,0.7576170752710285
35,1234,8,4,40.0,with_chunking,LMM-1,10.0,10.04999999999999,0.6205488770233305
35,1234,8,4,40.0,with_chunking,LMM-2,10.0,10.04999999999999,0.6205488770233305
35,1234,8,6,60.0,without_chunking,LMM-1,11.0,10.999999999999977,0.7161548220201917
35,1234,8,6,60.0,without_chunking,LMM-2,11.0,10.999999999999977,0.7161548220201917
35,1234,8,6,60.0,with_chunking,LMM-1,10.0,10.049999999999978,0.5602270436134593
35,1234,8,6,60.0,with_chunking,LMM-2,10.0,10.049999999999978,0.5602270436134593
35,1234,8,8,80.0,without_chunking,LMM-1,11.0,10.99999999999998,0.67684011639522
35,1234,8,8,80.0,without_chunking,LMM-2,11.0,10.99999999999998,0.67684011639522
35,1234,8,8,80.0,with_chunking,LMM-1,10.0,10.049999999999981,0.5056976901914645
35,1234,8,8,80.0,with_chunking,LMM-2,10.0,10.049999999999981,0.5056976901914645
35,1234,10,2,20.0,without_chunking,LMM-1,11.0,11.000000000000007,0.8013356015286429
35,1234,10,2,20.0,without_chunking,LMM-2,11.0,11.000000000000007,0.8013356015286429
35,1234,10,2,20.0,with_chunking,LMM-1,10.5,10.525000000000006,0.7432559720744402
35,1234,10,2,20.0,with_chunking,LMM-2,10.5,10.525000000000006,0.7432559720744402
35,1234,10,4,40.0,without_chunking,LMM-1,11.0,10.99999999999999,0.7576170752710285
35,1234,10,4,40.0,without_chunking,LMM-2,11.0,10.99999999999999,0.7576170752710285
35,1234,10,4,40.0,with_chunking,LMM-1,10.0,10.04999999999999,0.6224918731879663
35,1234,10,4,40.0,with_chunking,LMM-2,10.0,10.04999999999999,0.6224918731879663
35,1234,10,6,60.0,without_chunking,LMM-1,11.0,10.999999999999977,0.7161548220201917
35,1234,10,6,60.0,without_chunking,LMM-2,11.0,10.999999999999977,0.7161548220201917
35,1234,10,6,60.0,with_chunking,LMM-1,10.0,10.049999999999978,0.5619501045705687
35,1234,10,6,60.0,with_chunking,LMM-2,10.0,10.049999999999978,0.5619501045705687
35,1234,10,8,80.0,without_chunking,LMM-1,11.0,10.99999999999998,0.67684011639522
35,1234,10,8,80.0,without_chunking,LMM-2,11.0,10.99999999999998,0.67684011639522
35,1234,10,8,80.0,with_chunking,LMM-1,10.0,10.049999999999981,0.5072248982530073
35,1234,10,8,80.0,with_chunking,LMM-2,10.0,10.049999999999981,0.5072248982530073
36,1235,4,2,20.0,without_chunking,LMM-1,16.0,15.750000000000012,0.7038042513407909
36,1235,4,2,20.0,without_chunking,LMM-2,16.0,15.750000000000012,0.7038042513407909
36,1235,4,2,20.0,with_chunking,LMM-1,16.0,15.750000000000012,0.7038042513407909
36,1235,4,2,20.0,with_chunking,LMM-2,16.0,15.750000000000012,0.7038042513407909
36,1235,4,4,40.0,without_chunking,LMM-1,16.0,15.749999999999979,0.6466030793507522
36,1235,4,4,40.0,without_chunking,LMM-2,16.0,15.749999999999979,0.6466030793507522
36,1235,4,4,40.0,with_chunking,LMM-1,16.0,15.749999999999979,0.6466030793507522
36,1235,4,4,40.0,with_chunking,LMM-2,16.0,15.749999999999979,0.6466030793507522
36,1235,4,6,60.0,without_chunking,LMM-1,16.0,15.749999999999963,0.5939346574480533
36,1235,4,6,60.0,without_chunking,LMM-2,16.0,15.749999999999963,0.5939346574480533
36,1235,4,6,60.0,with_chunking,LMM-1,16.0,15.749999999999963,0.5939346574480533
36,1235,4,6,60.0,with_chunking,LMM-2,16.0,15.749999999999963,0.5939346574480533
36,1235,4,8,80.0,without_chunking,LMM-1,16.0,15.749999999999973,0.545479574224728
36,1235,4,8,80.0,without_chunking,LMM-2,16.0,15.749999999999973,0.545479574224728
36,1235,4,8,80.0,with_chunking,LMM-1,16.0,15.749999999999973,0.545479574224728
36,1235,4,8,80.0,with_chunking,LMM-2,16.0,15.749999999999973,0.545479574224728
36,1235,6,2,20.0,without_chunking,LMM-1,14.0,13.850000000000012,0.7422033604963236
36,1235,6,2,20.0,without_chunking,LMM-2,14.0,13.850000000000012,0.7422033604963236
36,1235,6,2,20.0,with_chunking,LMM-1,14.0,13.850000000000012,0.7422033604963236
36,1235,6,2,20.0,with_chunking,LMM-2,14.0,13.850000000000012,0.7422033604963236
36,1235,6,4,40.0,without_chunking,LMM-1,14.0,13.849999999999985,0.6900106135091126
36,1235,6,4,40.0,without_chunking,LMM-2,14.0,13.849999999999985,0.6900106135091126
36,1235,6,4,40.0,with_chunking,LMM-1,14.0,13.849999999999985,0.6900106135091126
36,1235,6,4,40.0,with_chunking,LMM-2,14.0,13.849999999999985,0.6900106135091126
36,1235,6,6,60.0,without_chunking,LMM-1,14.0,13.849999999999968,0.6413629191470225
36,1235,6,6,60.0,without_chunking,LMM-2,14.0,13.849999999999968,0.6413629191470225
36,1235,6,6,60.0,with_chunking,LMM-1,14.0,13.849999999999968,0.6413629191470225
36,1235,6,6,60.0,with_chunking,LMM-2,14.0,13.849999999999968,0.6413629191470225
36,1235,6,8,80.0,without_chunking,LMM-1,14.0,13.849999999999977,0.5962261004547285
36,1235,6,8,80.0,without_chunking,LMM-2,14.0,13.849999999999977,0.5962261004547285
36,1235,6,8,80.0,with_chunking,LMM-1,14.0,13.849999999999977,0.5962261004547285
36,1235,6,8,80.0,with_chunking,LMM-2,14.0,13.849999999999977,0.5962261004547285
36,1235,8,2,20.0,without_chunking,LMM-1,14.0,13.850000000000012,0.7422033604963236
36,1235,8,2,20.0,without_chunking,LMM-2,14.0,13.850000000000012,0.7422033604963236
36,1235,8,2,20.0,with_chunking,LMM-1,14.0,13.850000000000012,0.7422033604963236
36,1235,8,2,20.0,with_chunking,LMM-2,14.0,13.850000000000012,0.7422033604963236
36,1235,8,4,40.0,without_chunking,LMM-1,14.0,13.849999999999985,0.6900106135091126
36,1235,8,4,40.0,without_chunking,LMM-2,14.0,13.849999999999985,0.6900106135091126
36,1235,8,4,40.0,with_chunking,LMM-1,14.0,13.849999999999985,0.6900106135091126
36,1235,8,4,40.0,with_chunking,LMM-2,14.0,13.849999999999985,0.6900106135091126
36,1235,8,6,60.0,without_chunking,LMM-1,14.0,13.849999999999968,0.6413629191470225
36,1235,8,6,60.0,without_chunking,LMM-2,14.0,13.849999999999968,0.6413629191470225
36,1235,8,6,60.0,with_chunking,LMM-1,14.0,13.849999999999968,0.6413629191470225
36,1235,8,6,60.0,with_chunking,LMM-2,14.0,13.849999999999968,0.6413629191470225
36,1235,8,8,80.0,without_chunking,LMM-1,14.0,13.849999999999977,0.5962261004547285
36,1235,8,8,80.0,without_chunking,LMM-2,14.0,13.849999999999977,0.5962261004547285
36,1235,8,8,80.0,with_chunking,LMM-1,14.0,13.849999999999977,0.5962261004547285
36,1235,8,8,80.0,with_chunking,LMM-2,14.0,13.849999999999977,0.5962261004547285
36,1235,10,2,20.0,without_chunking,LMM-1,11.0,11.000000000000007,0.7953508675679123
36,1235,10,2,20.0,without_chunking,LMM-2,11.0,11.000000000000007,0.7953508675679123
36,1235,10,2,20.0,with_chunking,LMM-1,11.0,11.000000000000007,0.7953508675679123
36,1235,10,2,20.0,with_chunking,LMM-2,11.0,11.000000000000007,0.7953508675679123
36,1235,10,4,40.0,without_chunking,LMM-1,11.0,10.99999999999999,0.7514795505398412
36,1235,10,4,40.0,without_chunking,LMM-2,11.0,10.99999999999999,0.7514795505398412
36,1235,10,4,40.0,with_chunking,LMM-1,11.0,10.99999999999999,0.7514795505398412
36,1235,10,4,40.0,with_chunking,LMM-2,11.0,10.99999999999999,0.7514795505398412
36,1235,10,6,60.0,without_chunking,LMM-1,11.0,10.999999999999977,0.7098968170493576
36,1235,10,6,60.0,without_chunking,LMM-2,11.0,10.999999999999977,0.7098968170493576
36,1235,10,6,60.0,with_chunking,LMM-1,11.0,10.999999999999977,0.7098968170493576
36,1235,10,6,60.0,with_chunking,LMM-2,11.0,10.999999999999977,0.7098968170493576
36,1235,10,8,80.0,without_chunking,LMM-1,11.0,10.99999999999998,0.6706006884320918
36,1235,10,8,80.0,without_chunking,LMM-2,11.0,10.99999999999998,0.6706006884320918
36,1235,10,8,80.0,with_chunking,LMM-1,11.0,10.99999999999998,0.6706006884320918
36,1235,10,8,80.0,with_chunking,LMM-2,11.0,10.99999999999998,0.6706006884320918
37,1236,4,2,20.0,without_chunking,LMM-1,14.0,13.850000000000012,0.7227195720021716
37,1236,4,2,20.0,without_chunking,LMM-2,14.0,13.850000000000012,0.7227195720021716
37,1236,4,2,20.0,with_chunking,LMM-1,14.0,13.850000000000012,0.7227195720021716
37,1236,4,2,20.0,with_chunking,LMM-2,14.0,13.850000000000012,0.7227195720021716
37,1236,4,4,40.0,without_chunking,LMM-1,14.0,13.849999999999985,0.670300418972162
37,1236,4,4,40.0,without_chunking,LMM-2,14.0,13.849999999999985,0.670300418972162
37,1236,4,4,40.0,with_chunking,LMM-1,14.0,13.849999999999985,0.670300418972162
37,1236,4,4,40.0,with_chunking,LMM-2,14.0,13.849999999999985,0.670300418972162
37,1236,4,6,60.0,without_chunking,LMM-1,14.0,13.849999999999968,0.6215537861833313
37,1236,4,6,60.0,without_chunking,LMM-2,14.0,13.849999999999968,0.6215537861833313
37,1236,4,6,60.0,with_chunking,LMM-1,14.0,13.849999999999968,0.6215537861833313
37,1236,4,6,60.0,with_chunking,LMM-2,14.0,13.849999999999968,0.6215537861833313
37,1236,4,8,80.0,without_chunking,LMM-1,14.0,13.849999999999977,0.5763815808857069
37,1236,4,8,80.0,without_chunking,LMM-2,14.0,13.849999999999977,0.5763815808857069
37,1236,4,8,80.0,with_chunking,LMM-1,14.0,13.849999999999977,0.5763815808857069
37,1236,4,8,80.0,with_chunking,LMM-2,14.0,13.849999999999977,0.5763815808857069
37,1236,6,2,20.0,without_chunking,LMM-1,14.0,13.850000000000012,0.7227195720021716
37,1236,6,2,20.0,without_chunking,LMM-2,14.0,13.850000000000012,0.7227195720021716
37,1236,6,2,20.0,with_chunking,LMM-1,14.0,13.850000000000012,0.7227195720021716
37,1236,6,2,20.0,with_chunking,LMM-2,14.0,13.850000000000012,0.7227195720021716
37,1236,6,4,40.0,without_chunking,LMM-1,14.0,13.849999999999985,0.670300418972162
37,1236,6,4,40.0,without_chunking,LMM-2,14.0,13.849999999999985,0.670300418972162
37,1236,6,4,40.0,with_chunking,LMM-1,14.0,13.849999999999985,0.670300418972162
37,1236,6,4,40.0,with_chunking,LMM-2,14.0,13.849999999999985,0.670300418972162
37,1236,6,6,60.0,without_chunking,LMM-1,14.0,13.849999999999968,0.6215537861833313
37,1236,6,6,60.0,without_chunking,LMM-2,14.0,13.849999999999968,0.6215537861833313
37,1236,6,6,60.0,with_chunking,LMM-1,14.0,13.849999999999968,0.6215537861833313
37,1236,6,6,60.0,with_chunking,LMM-2,14.0,13.849999999999968,0.6215537861833313
37,1236,6,8,80.0,without_chunking,LMM-1,14.0,13.849999999999977,0.5763815808857069
37,1236,6,8,80.0,without_chunking,LMM-2,14.0,13.849999999999977,0.5763815808857069
37,1236,6,8,80.0,with_chunking,LMM-1,14.0,13.849999999999977,0.5763815808857069
37,1236,6,8,80.0,with_chunking,LMM-2,14.0,13.849999999999977,0.5763815808857069
37,1236,8,2,20.0,without_chunking,LMM-1,11.0,11.000000000000007,0.7929775496198502
37,1236,8,2,20.0,without_chunking,LMM-2,11.0,11.000000000000007,0.7929775496198502
37,1236,8,2,20.0,with_chunking,LMM-1,11.0,11.000000000000007,0.7929775496198502
37,1236,8,2,20.0,with_chunking,LMM-2,11.0,11.000000000000007,0.7929775496198502
37,1236,8,4,40.0,without_chunking,LMM-1,11.0,10.99999999999999,0.7489001947917299
37,1236,8,4,40.0,without_chunking,LMM-2,11.0,10.99999999999999,0.7489001947917299
37,1236,8,4,40.0,with_chunking,LMM-1,11.0,10.99999999999999,0.7489001947917299
37,1236,8,4,40.0,with_chunking,LMM-2,11.0,10.99999999999999,0.7489001947917299
37,1236,8,6,60.0,without_chunking,LMM-1,11.0,10.999999999999977,0.707139899420306
37,1236,8,6,60.0,without_chunking,LMM-2,11.0,10.999999999999977,0.707139899420306
37,1236,8,6,60.0,with_chunking,LMM-1,11.0,10.999999999999977,0.707139899420306
37,1236,8,6,60.0,with_chunking,LMM-2,11.0,10.999999999999977,0.707139899420306
37,1236,8,8,80.0,without_chunking,LMM-1,11.0,10.99999999999998,0.66808377822939
37,1236,8,8,80.0,without_chunking,LMM-2,11.0,10.99999999999998,0.66808377822939
37,1236,8,8,80.0,with_chunking,LMM-1,11.0,10.99999999999998,0.66808377822939
37,1236,8,8,80.0,with_chunking,LMM-2,11.0,10.99999999999998,0.66808377822939
37,1236,10,2,20.0,without_chunking,LMM-1,10.0,10.050000000000004,0.8285533320756279
37,1236,10,2,20.0,without_chunking,LMM-2,10.0,10.050000000000004,0.8285533320756279
37,1236,10,2,20.0,with_chunking,LMM-1,10.0,10.050000000000004,0.8285533320756279
37,1236,10,2,20.0,with_chunking,LMM-2,10.0,10.050000000000004,0.8285533320756279
37,1236,10,4,40.0,without_chunking,LMM-1,10.0,10.049999999999988,0.8038439118215257
37,1236,10,4,40.0,without_chunking,LMM-2,10.0,10.049999999999988,0.8038439118215257
37,1236,10,4,40.0,with_chunking,LMM-1,10.0,10.049999999999988,0.8038439118215257
37,1236,10,4,40.0,with_chunking,LMM-2,10.0,10.049999999999988,0.8038439118215257
37,1236,10,6,60.0,without_chunking,LMM-1,10.0,10.049999999999978,0.7798246305909358
37,1236,10,6,60.0,without_chunking,LMM-2,10.0,10.049999999999978,0.7798246305909358
37,1236,10,6,60.0,with_chunking,LMM-1,10.0,10.049999999999978,0.7798246305909358
37,1236,10,6,60.0,with_chunking,LMM-2,10.0,10.049999999999978,0.7798246305909358
37,1236,10,8,80.0,without_chunking,LMM-1,10.0,10.049999999999983,0.7564776393618835
37,1236,10,8,80.0,without_chunking,LMM-2,10.0,10.049999999999983,0.7564776393618835
37,1236,10,8,80.0,with_chunking,LMM-1,10.0,10.049999999999983,0.7564776393618835
37,1236,10,8,80.0,with_chunking,LMM-2,10.0,10.049999999999983,0.7564776393618835
38,1237,4,2,20.0,without_chunking,LMM-1,11.0,11.000000000000007,0.7824135044127118
38,1237,4,2,20.0,without_chunking,LMM-2,11.0,11.000000000000007,0.7824135044127118
38,1237,4,2,20.0,with_chunking,LMM-1,11.0,11.000000000000007,0.7824135044127118
38,1237,4,2,20.0,with_chunking,LMM-2,11.0,11.000000000000007,0.7824135044127118
38,1237,4,4,40.0,without_chunking,LMM-1,11.0,10.99999999999999,0.7390230458335293
38,1237,4,4,40.0,without_chunking,LMM-2,11.0,10.99999999999999,0.7390230458335293
38,1237,4,4,40.0,with_chunking,LMM-1,11.0,10.99999999999999,0.7390230458335293
38,1237,4,4,40.0,with_chunking,LMM-2,11.0,10.99999999999999,0.7390230458335293
38,1237,4,6,60.0,without_chunking,LMM-1,11.0,10.999999999999977,0.6979081489702654
38,1237,4,6,60.0,without_chunking,LMM-2,11.0,10.999999999999977,0.6979081489702654
38,1237,4,6,60.0,with_chunking,LMM-1,11.0,10.999999999999977,0.6979081489702654
38,1237,4,6,60.0,with_chunking,LMM-2,11.0,10.999999999999977,0.6979081489702654
38,1237,4,8,80.0,without_chunking,LMM-1,11.0,10.99999999999998,0.6593523310434812
38,1237,4,8,80.0,without_chunking,LMM-2,11.0,10.99999999999998,0.6593523310434812
38,1237,4,8,80.0,with_chunking,LMM-1,11.0,10.99999999999998,0.6593523310434812
38,1237,4,8,80.0,with_chunking,LMM-2,11.0,10.99999999999998,0.6593523310434812
38,1237,6,2,20.0,without_chunking,LMM-1,11.0,11.000000000000007,0.7943323924056833
38,1237,6,2,20.0,without_chunking,LMM-2,11.0,11.000000000000007,0.7943323924056833
38,1237,6,2,20.0,with_chunking,LMM-1,11.0,11.000000000000007,0.7943323924056833
38,1237,6,2,20.0,with_chunking,LMM-2,11.0,11.000000000000007,0.7943323924056833
38,1237,6,4,40.0,without_chunking,LMM-1,11.0,10.99999999999999,0.7510110649611428
38,1237,6,4,40.0,without_chunking,LMM-2,11.0,10.99999999999999,0.7510110649611428
38,1237,6,4,40.0,with_chunking,LMM-1,11.0,10.99999999999999,0.7510110649611428
38,1237,6,4,40.0,with_chunking,LMM-2,11.0,10.99999999999999,0.7510110649611428
38,1237,6,6,60.0,without_chunking,LMM-1,11.0,10.999999999999977,0.709924903452142
38,1237,6,6,60.0,without_chunking,LMM-2,11.0,10.999999999999977,0.709924903452142
38,1237,6,6,60.0,with_chunking,LMM-1,11.0,10.999999999999977,0.709924903452142
38,1237,6,6,60.0,with_chunking,LMM-2,11.0,10.999999999999977,0.709924903452142
38,1237,6,8,80.0,without_chunking,LMM-1,11.0,10.99999999999998,0.6709662216622045
38,1237,6,8,80.0,without_chunking,LMM-2,11.0,10.99999999999998,0.6709662216622045
38,1237,6,8,80.0,with_chunking,LMM-1,11.0,10.99999999999998,0.6709662216622045
38,1237,6,8,80.0,with_chunking,LMM-2,11.0,10.99999999999998,0.6709662216622045
38,1237,8,2,20.0,without_chunking,LMM-1,11.0,11.000000000000007,0.7943323924056833
38,1237,8,2,20.0,without_chunking,LMM-2,11.0,11.000000000000007,0.7943323924056833
38,1237,8,2,20.0,with_chunking,LMM-1,11.0,11.000000000000007,0.7943323924056833
38,1237,8,2,20.0,with_chunking,LMM-2,11.0,11.000000000000007,0.7943323924056833
38,1237,8,4,40.0,without_chunking,LMM-1,11.0,10.99999999999999,0.7510110649611428
38,1237,8,4,40.0,without_chunking,LMM-2,11.0,10.99999999999999,0.7510110649611428
38,1237,8,4,40.0,with_chunking,LMM-1,11.0,10.99999999999999,0.7510110649611428
38,1237,8,4,40.0,with_chunking,LMM-2,11.0,10.99999999999999,0.7510110649611428
38,1237,8,6,60.0,without_chunking,LMM-1,11.0,10.999999999999977,0.709924903452142
38,1237,8,6,60.0,without_chunking,LMM-2,11.0,10.999999999999977,0.709924903452142
38,1237,8,6,60.0,with_chunking,LMM-1,11.0,10.999999999999977,0.709924903452142
38,1237,8,6,60.0,with_chunking,LMM-2,11.0,10.999999999999977,0.709924903452142
38,1237,8,8,80.0,without_chunking,LMM-1,11.0,10.99999999999998,0.6709662216622045
38,1237,8,8,80.0,without_chunking,LMM-2,11.0,10.99999999999998,0.6709662216622045
38,1237,8,8,80.0,with_chunking,LMM-1,11.0,10.99999999999998,0.6709662216622045
38,1237,8,8,80.0,with_chunking,LMM-2,11.0,10.99999999999998,0.6709662216622045
38,1237,10,2,20.0,without_chunking,LMM-1,9.0,9.100000000000005,0.8297062382753786
38,1237,10,2,20.0,without_chunking,LMM-2,9.0,9.100000000000005,0.8297062382753786
38,1237,10,2,20.0,with_chunking,LMM-1,9.0,9.100000000000005,0.8297062382753786
38,1237,10,2,20.0,with_chunking,LMM-2,9.0,9.100000000000005,0.8297062382753786
38,1237,10,4,40.0,without_chunking,LMM-1,9.0,9.09999999999999,0.7925904567796094
38,1237,10,4,40.0,without_chunking,LMM-2,9.0,9.09999999999999,0.7925904567796094
38,1237,10,4,40.0,with_chunking,LMM-1,9.0,9.09999999999999,0.7925904567796094
38,1237,10,4,40.0,with_chunking,LMM-2,9.0,9.09999999999999,0.7925904567796094
38,1237,10,6,60.0,without_chunking,LMM-1,9.0,9.09999999999998,0.7570096015541725
38,1237,10,6,60.0,without_chunking,LMM-2,9.0,9.09999999999998,0.7570096015541725
38,1237,10,6,60.0,with_chunking,LMM-1,9.0,9.09999999999998,0.7570096015541725
38,1237,10,6,60.0,with_chunking,LMM-2,9.0,9.09999999999998,0.7570096015541725
38,1237,10,8,80.0,without_chunking,LMM-1,9.0,9.099999999999984,0.7230944997833795
38,1237,10,8,80.0,without_chunking,LMM-2,9.0,9.099999999999984,0.7230944997833795
38,1237,10,8,80.0,with_chunking,LMM-1,9.0,9.099999999999984,0.7230944997833795
38,1237,10,8,80.0,with_chunking,LMM-2,9.0,9.099999999999984,0.7230944997833795
39,1238,4,2,20.0,without_chunking,LMM-1,13.0,12.90000000000001,0.7571398784997853
39,1238,4,2,20.0,without_chunking,LMM-2,13.0,12.90000000000001,0.7571398784997853
39,1238,4,2,20.0,with_chunking,LMM-1,13.0,12.90000000000001,0.6585305542903916
39,1238,4,2,20.0,with_chunking,LMM-2,13.0,12.90000000000001,0.6585305542903916
39,1238,4,4,40.0,without_chunking,LMM-1,13.0,12.899999999999986,0.7072177488735019
39,1238,4,4,40.0,without_chunking,LMM-2,13.0,12.899999999999986,0.7072177488735019
39,1238,4,4,40.0,with_chunking,LMM-1,13.0,12.899999999999986,0.6059442847635275
39,1238,4,4,40.0,with_chunking,LMM-2,13.0,12.899999999999986,0.6059442847635275
39,1238,4,6,60.0,without_chunking,LMM-1,13.0,12.899999999999972,0.6604564957654888
39,1238,4,6,60.0,without_chunking,LMM-2,13.0,12.899999999999972,0.6604564957654888
39,1238,4,6,60.0,with_chunking,LMM-1,13.0,12.899999999999972,0.5576466266032196
39,1238,4,6,60.0,with_chunking,LMM-2,13.0,12.899999999999972,0.5576466266032196
39,1238,4,8,80.0,without_chunking,LMM-1,13.0,12.899999999999977,0.6167949385402703
39,1238,4,8,80.0,without_chunking,LMM-2,13.0,12.899999999999977,0.6167949385402703
39,1238,4,8,80.0,with_chunking,LMM-1,13.0,12.899999999999977,0.5133932268546355
39,1238,4,8,80.0,with_chunking,LMM-2,13.0,12.899999999999977,0.5133932268546355
39,1238,6,2,20.0,without_chunking,LMM-1,12.5,12.42500000000001,0.7753758523593337
39,1238,6,2,20.0,without_chunking,LMM-2,12.5,12.42500000000001,0.7753758523593337
39,1238,6,2,20.0,with_chunking,LMM-1,11.75,11.712500000000007,0.5967633158948673
39,1238,6,2,20.0,with_chunking,LMM-2,11.75,11.712500000000007,0.5967633158948673
39,1238,6,4,40.0,without_chunking,LMM-1,12.5,12.424999999999986,0.7338382202220695
39,1238,6,4,40.0,without_chunking,LMM-2,12.5,12.424999999999986,0.7338382202220695
39,1238,6,4,40.0,with_chunking,LMM-1,11.75,11.712499999999988,0.5328956517207866
39,1238,6,4,40.0,with_chunking,LMM-2,11.75,11.712499999999988,0.5328956517207866
39,1238,6,6,60.0,without_chunking,LMM-1,12.5,12.424999999999974,0.6944234366991495
39,1238,6,6,60.0,without_chunking,LMM-2,12.5,12.424999999999974,0.6944234366991495
39,1238,6,6,60.0,with_chunking,LMM-1,11.75,11.712499999999975,0.47581816681029365
39,1238,6,6,60.0,with_chunking,LMM-2,11.75,11.712499999999975,0.47581816681029365
39,1238,6,8,80.0,without_chunking,LMM-1,12.5,12.42499999999998,0.6570290940472976
39,1238,6,8,80.0,without_chunking,LMM-2,12.5,12.42499999999998,0.6570290940472976
39,1238,6,8,80.0,with_chunking,LMM-1,11.75,11.712499999999979,0.4253944467682006
39,1238,6,8,80.0,with_chunking,LMM-2,11.75,11.712499999999979,0.4253944467682006
39,1238,8,2,20.0,without_chunking,LMM-1,11.0,11.000000000000007,0.8054874515812589
39,1238,8,2,20.0,without_chunking,LMM-2,11.0,11.000000000000007,0.8054874515812589
39,1238,8,2,20.0,with_chunking,LMM-1,11.0,11.000000000000007,0.6325468336209469
39,1238,8,2,20.0,with_chunking,LMM-2,11.0,11.000000000000007,0.6325468336209469
39,1238,8,4,40.0,without_chunking,LMM-1,11.0,10.99999999999999,0.7614626231703188
39,1238,8,4,40.0,without_chunking,LMM-2,11.0,10.99999999999999,0.7614626231703188
39,1238,8,4,40.0,with_chunking,LMM-1,11.0,10.99999999999999,0.5648621201859563
39,1238,8,4,40.0,with_chunking,LMM-2,11.0,10.99999999999999,0.5648621201859563
39,1238,8,6,60.0,without_chunking,LMM-1,11.0,10.999999999999977,0.7197142632828544
39,1238,8,6,60.0,without_chunking,LMM-2,11.0,10.999999999999977,0.7197142632828544
39,1238,8,6,60.0,with_chunking,LMM-1,11.0,10.999999999999977,0.5043603594216937
39,1238,8,6,60.0,with_chunking,LMM-2,11.0,10.999999999999977,0.5043603594216937
39,1238,8,8,80.0,without_chunking,LMM-1,11.0,10.99999999999998,0.6801324491852297
39,1238,8,8,80.0,without_chunking,LMM-2,11.0,10.99999999999998,0.6801324491852297
39,1238,8,8,80.0,with_chunking,LMM-1,11.0,10.99999999999998,0.4503795208792317
39,1238,8,8,80.0,with_chunking,LMM-2,11.0,10.99999999999998,0.4503795208792317
39,1238,10,2,20.0,without_chunking,LMM-1,11.0,11.000000000000007,0.8054874515812589
39,1238,10,2,20.0,without_chunking,LMM-2,11.0,11.000000000000007,0.8054874515812589
39,1238,10,2,20.0,with_chunking,LMM-1,10.5,10.525000000000006,0.6521993525772019
39,1238,10,2,20.0,with_chunking,LMM-2,10.5,10.525000000000006,0.6521993525772019
39,1238,10,4,40.0,without_chunking,LMM-1,11.0,10.99999999999999,0.7614626231703188
39,1238,10,4,40.0,without_chunking,LMM-2,11.0,10.99999999999999,0.7614626231703188
39,1238,10,4,40.0,with_chunking,LMM-1,10.5,10.52499999999999,0.585877932967793
39,1238,10,4,40.0,with_chunking,LMM-2,10.5,10.52499999999999,0.585877932967793
39,1238,10,6,60.0,without_chunking,LMM-1,11.0,10.999999999999977,0.7197142632828544
39,1238,10,6,60.0,without_chunking,LMM-2,11.0,10.999999999999977,0.7197142632828544
39,1238,10,6,60.0,with_chunking,LMM-1,10.5,10.524999999999977,0.5262311145524626
39,1238,10,6,60.0,with_chunking,LMM-2,10.5,10.524999999999977,0.5262311145524626
39,1238,10,8,80.0,without_chunking,LMM-1,11.0,10.99999999999998,0.6801324491852297
39,1238,10,8,80.0,without_chunking,LMM-2,11.0,10.99999999999998,0.6801324491852297
39,1238,10,8,80.0,with_chunking,LMM-1,10.5,10.52499999999998,0.4726581468341615
39,1238,10,8,80.0,with_chunking,LMM-2,10.5,10.52499999999998,0.4726581468341615
40,1239,4,2,20.0,without_chunking,LMM-1,11.0,11.000000000000007,0.7838947089283959
40,1239,4,2,20.0,without_chunking,LMM-2,11.0,11.000000000000007,0.7838947089283959
40,1239,4,2,20.0,with_chunking,LMM-1,11.0,11.000000000000007,0.7838947089283959
40,1239,4,2,20.0,with_chunking,LMM-2,11.0,11.000000000000007,0.7838947089283959
40,1239,4,4,40.0,without_chunking,LMM-1,11.0,10.99999999999999,0.7485678675423184
40,1239,4,4,40.0,without_chunking,LMM-2,11.0,10.99999999999999,0.7485678675423184
40,1239,4,4,40.0,with_chunking,LMM-1,11.0,10.99999999999999,0.7485678675423184
40,1239,4,4,40.0,with_chunking,LMM-2,11.0,10.99999999999999,0.7485678675423184
40,1239,4,6,60.0,without_chunking,LMM-1,11.0,10.999999999999977,0.714738805226822
40,1239,4,6,60.0,without_chunking,LMM-2,11.0,10.999999999999977,0.714738805226822
40,1239,4,6,60.0,with_chunking,LMM-1,11.0,10.999999999999977,0.714738805226822
40,1239,4,6,60.0,with_chunking,LMM-2,11.0,10.999999999999977,0.714738805226822
40,1239,4,8,80.0,without_chunking,LMM-1,11.0,10.99999999999998,0.682348579639216
40,1239,4,8,80.0,without_chunking,LMM-2,11.0,10.99999999999998,0.682348579639216
40,1239,4,8,80.0,with_chunking,LMM-1,11.0,10.99999999999998,0.682348579639216
40,1239,4,8,80.0,with_chunking,LMM-2,11.0,10.99999999999998,0.682348579639216
40,1239,6,2,20.0,without_chunking,LMM-1,11.0,11.000000000000007,0.7956596162885746
40,1239,6,2,20.0,without_chunking,LMM-2,11.0,11.000000000000007,0.7956596162885746
40,1239,6,2,20.0,with_chunking,LMM-1,11.0,11.000000000000007,0.7956596162885746
40,1239,6,2,20.0,with_chunking,LMM-2,11.0,11.000000000000007,0.7956596162885746
40,1239,6,4,40.0,without_chunking,LMM-1,11.0,10.99999999999999,0.7516811207980882
40,1239,6,4,40.0,without_chunking,LMM-2,11.0,10.99999999999999,0.7516811207980882
40,1239,6,4,40.0,with_chunking,LMM-1,11.0,10.99999999999999,0.7516811207980882
40,1239,6,4,40.0,with_chunking,LMM-2,11.0,10.99999999999999,0.7516811207980882
40,1239,6,6,60.0,without_chunking,LMM-1,11.0,10.999999999999977,0.7100022818700006
40,1239,6,6,60.0,without_chunking,LMM-2,11.0,10.999999999999977,0.7100022818700006
40,1239,6,6,60.0,with_chunking,LMM-1,11.0,10.999999999999977,0.7100022818700006
40,1239,6,6,60.0,with_chunking,LMM-2,11.0,10.999999999999977,0.7100022818700006
40,1239,6,8,80.0,without_chunking,LMM-1,11.0,10.99999999999998,0.670542388404028
40,1239,6,8,80.0,without_chunking,LMM-2,11.0,10.99999999999998,0.670542388404028
40,1239,6,8,80.0,with_chunking,LMM-1,11.0,10.99999999999998,0.670542388404028
40,1239,6,8,80.0,with_chunking,LMM-2,11.0,10.99999999999998,0.670542388404028
40,1239,8,2,20.0,without_chunking,LMM-1,10.0,10.050000000000006,0.8145597226166106
40,1239,8,2,20.0,without_chunking,LMM-2,10.0,10.050000000000006,0.8145597226166106
40,1239,8,2,20.0,with_chunking,LMM-1,10.0,10.050000000000006,0.8145597226166106
40,1239,8,2,20.0,with_chunking,LMM-2,10.0,10.050000000000006,0.8145597226166106
40,1239,8,4,40.0,without_chunking,LMM-1,10.0,10.04999999999999,0.7736266023412097
40,1239,8,4,40.0,without_chunking,LMM-2,10.0,10.04999999999999,0.7736266023412097
40,1239,8,4,40.0,with_chunking,LMM-1,10.0,10.04999999999999,0.7736266023412097
40,1239,8,4,40.0,with_chunking,LMM-2,10.0,10.04999999999999,0.7736266023412097
40,1239,8,6,60.0,without_chunking,LMM-1,10.0,10.049999999999978,0.7346197564338439
40,1239,8,6,60.0,without_chunking,LMM-2,10.0,10.049999999999978,0.7346197564338439
40,1239,8,6,60.0,with_chunking,LMM-1,10.0,10.049999999999978,0.7346197564338439
40,1239,8,6,60.0,with_chunking,LMM-2,10.0,10.049999999999978,0.7346197564338439
40,1239,8,8,80.0,without_chunking,LMM-1,10.0,10.049999999999981,0.697536731782863
40,1239,8,8,80.0,without_chunking,LMM-2,10.0,10.049999999999981,0.697536731782863
40,1239,8,8,80.0,with_chunking,LMM-1,10.0,10.049999999999981,0.697536731782863
40,1239,8,8,80.0,with_chunking,LMM-2,10.0,10.049999999999981,0.697536731782863
40,1239,10,2,20.0,without_chunking,LMM-1,9.0,9.100000000000005,0.8299455178353465
40,1239,10,2,20.0,without_chunking,LMM-2,4.0,4.350000000000002,0.9421211533954126
40,1239,10,2,20.0,with_chunking,LMM-1,9.0,9.100000000000005,0.6875035883278316
40,1239,10,2,20.0,with_chunking,LMM-2,7.875,8.031250000000005,0.7506368257062642
40,1239,10,4,40.0,without_chunking,LMM-1,9.0,9.09999999999999,0.7928932805117417
40,1239,10,4,40.0,without_chunking,LMM-2,4.0,4.349999999999996,0.93038482006971
40,1239,10,4,40.0,with_chunking,LMM-1,9.0,9.09999999999999,0.6274747776836349
40,1239,10,4,40.0,with_chunking,LMM-2,7.75,7.912499999999992,0.7330230308821083
40,1239,10,6,60.0,without_chunking,LMM-1,9.0,9.09999999999998,0.7573714025805436
40,1239,10,6,60.0,without_chunking,LMM-2,4.0,4.349999999999991,0.9187623103613533
40,1239,10,6,60.0,with_chunking,LMM-1,9.0,9.09999999999998,0.5725922183558302
40,1239,10,6,60.0,with_chunking,LMM-2,8.875,8.981249999999982,0.659921185123528
40,1239,10,8,80.0,without_chunking,LMM-1,9.0,9.099999999999984,0.7233224953446473
40,1239,10,8,80.0,without_chunking,LMM-2,4.0,4.349999999999992,0.9072528628099101
40,1239,10,8,80.0,with_chunking,LMM-1,9.0,9.099999999999984,0.522448228279973
40,1239,10,8,80.0,with_chunking,LMM-2,9.0,9.099999999999984,0.6108813693014716
41,1240,4,2,20.0,without_chunking,LMM-1,19.0,18.600000000000016,0.6669184782949099
41,1240,4,2,20.0,without_chunking,LMM-2,19.0,18.600000000000016,0.6669184782949099
41,1240,4,2,20.0,with_chunking,LMM-1,19.0,18.600000000000016,0.6669184782949099
41,1240,4,2,20.0,with_chunking,LMM-2,19.0,18.600000000000016,0.6669184782949099
41,1240,4,4,40.0,without_chunking,LMM-1,19.0,18.599999999999973,0.6021345396626788
41,1240,4,4,40.0,without_chunking,LMM-2,19.0,18.599999999999973,0.6021345396626788
41,1240,4,4,40.0,with_chunking,LMM-1,19.0,18.599999999999973,0.6021345396626788
41,1240,4,4,40.0,with_chunking,LMM-2,19.0,18.599999999999973,0.6021345396626788
41,1240,4,6,60.0,without_chunking,LMM-1,19.0,18.599999999999955,0.5435492574942934
41,1240,4,6,60.0,without_chunking,LMM-2,19.0,18.599999999999955,0.5435492574942934
41,1240,4,6,60.0,with_chunking,LMM-1,19.0,18.599999999999955,0.5435492574942934
41,1240,4,6,60.0,with_chunking,LMM-2,19.0,18.599999999999955,0.5435492574942934
41,1240,4,8,80.0,without_chunking,LMM-1,19.0,18.59999999999997,0.49058181560853076
41,1240,4,8,80.0,without_chunking,LMM-2,19.0,18.59999999999997,0.49058181560853076
41,1240,4,8,80.0,with_chunking,LMM-1,19.0,18.59999999999997,0.49058181560853076
41,1240,4,8,80.0,with_chunking,LMM-2,19.0,18.59999999999997,0.49058181560853076
41,1240,6,2,20.0,without_chunking,LMM-1,19.0,18.600000000000016,0.6669184782949099
41,1240,6,2,20.0,without_chunking,LMM-2,19.0,18.600000000000016,0.6669184782949099
41,1240,6,2,20.0,with_chunking,LMM-1,19.0,18.600000000000016,0.6669184782949099
41,1240,6,2,20.0,with_chunking,LMM-2,19.0,18.600000000000016,0.6669184782949099
41,1240,6,4,40.0,without_chunking,LMM-1,19.0,18.599999999999973,0.6021345396626788
41,1240,6,4,40.0,without_chunking,LMM-2,19.0,18.599999999999973,0.6021345396626788
41,1240,6,4,40.0,with_chunking,LMM-1,19.0,18.599999999999973,0.6021345396626788
41,1240,6,4,40.0,with_chunking,LMM-2,19.0,18.599999999999973,0.6021345396626788
41,1240,6,6,60.0,without_chunking,LMM-1,19.0,18.599999999999955,0.5435492574942934
41,1240,6,6,60.0,without_chunking,LMM-2,19.0,18.599999999999955,0.5435492574942934
41,1240,6,6,60.0,with_chunking,LMM-1,19.0,18.599999999999955,0.5435492574942934
41,1240,6,6,60.0,with_chunking,LMM-2,19.0,18.599999999999955,0.5435492574942934
41,1240,6,8,80.0,without_chunking,LMM-1,19.0,18.59999999999997,0.49058181560853076
41,1240,6,8,80.0,without_chunking,LMM-2,19.0,18.59999999999997,0.49058181560853076
41,1240,6,8,80.0,with_chunking,LMM-1,19.0,18.59999999999997,0.49058181560853076
41,1240,6,8,80.0,with_chunking,LMM-2,19.0,18.59999999999997,0.49058181560853076
41,1240,8,2,20.0,without_chunking,LMM-1,17.0,16.700000000000017,0.7221216692339554
41,1240,8,2,20.0,without_chunking,LMM-2,17.0,16.700000000000017,0.7221216692339554
41,1240,8,2,20.0,with_chunking,LMM-1,17.0,16.700000000000017,0.7221216692339554
41,1240,8,2,20.0,with_chunking,LMM-2,17.0,16.700000000000017,0.7221216692339554
41,1240,8,4,40.0,without_chunking,LMM-1,17.0,16.699999999999978,0.6735718344850627
41,1240,8,4,40.0,without_chunking,LMM-2,17.0,16.699999999999978,0.6735718344850627
41,1240,8,4,40.0,with_chunking,LMM-1,17.0,16.699999999999978,0.6735718344850627
41,1240,8,4,40.0,with_chunking,LMM-2,17.0,16.699999999999978,0.6735718344850627
41,1240,8,6,60.0,without_chunking,LMM-1,17.0,16.69999999999996,0.6282251517456855
41,1240,8,6,60.0,without_chunking,LMM-2,17.0,16.69999999999996,0.6282251517456855
41,1240,8,6,60.0,with_chunking,LMM-1,17.0,16.69999999999996,0.6282251517456855
41,1240,8,6,60.0,with_chunking,LMM-2,17.0,16.69999999999996,0.6282251517456855
41,1240,8,8,80.0,without_chunking,LMM-1,17.0,16.699999999999974,0.5858752847780075
41,1240,8,8,80.0,without_chunking,LMM-2,17.0,16.699999999999974,0.5858752847780075
41,1240,8,8,80.0,with_chunking,LMM-1,17.0,16.699999999999974,0.5858752847780075
41,1240,8,8,80.0,with_chunking,LMM-2,17.0,16.699999999999974,0.5858752847780075
41,1240,10,2,20.0,without_chunking,LMM-1,15.0,14.800000000000011,0.7536341223600684
41,1240,10,2,20.0,without_chunking,LMM-2,15.0,14.800000000000011,0.7536341223600684
41,1240,10,2,20.0,with_chunking,LMM-1,15.0,14.800000000000011,0.7536341223600684
41,1240,10,2,20.0,with_chunking,LMM-2,15.0,14.800000000000011,0.7536341223600684
41,1240,10,4,40.0,without_chunking,LMM-1,15.0,14.799999999999981,0.6981867753331643
41,1240,10,4,40.0,without_chunking,LMM-2,15.0,14.799999999999981,0.6981867753331643
41,1240,10,4,40.0,with_chunking,LMM-1,15.0,14.799999999999981,0.6981867753331643
41,1240,10,4,40.0,with_chunking,LMM-2,15.0,14.799999999999981,0.6981867753331643
41,1240,10,6,60.0,without_chunking,LMM-1,15.0,14.799999999999967,0.6467008048275356
41,1240,10,6,60.0,without_chunking,LMM-2,15.0,14.799999999999967,0.6467008048275356
41,1240,10,6,60.0,with_chunking,LMM-1,15.0,14.799999999999967,0.6467008048275356
41,1240,10,6,60.0,with_chunking,LMM-2,15.0,14.799999999999967,0.6467008048275356
41,1240,10,8,80.0,without_chunking,LMM-1,15.0,14.799999999999976,0.5989035742789275
41,1240,10,8,80.0,without_chunking,LMM-2,15.0,14.799999999999976,0.5989035742789275
41,1240,10,8,80.0,with_chunking,LMM-1,15.0,14.799999999999976,0.5989035742789275
41,1240,10,8,80.0,with_chunking,LMM-2,15.0,14.799999999999976,0.5989035742789275
42,1241,4,2,20.0,without_chunking,LMM-1,17.0,16.700000000000014,0.6896746345139544
42,1241,4,2,20.0,without_chunking,LMM-2,17.0,16.700000000000014,0.6896746345139544
42,1241,4,2,20.0,with_chunking,LMM-1,17.0,16.700000000000014,0.6896746345139544
42,1241,4,2,20.0,with_chunking,LMM-2,17.0,16.700000000000014,0.6896746345139544
42,1241,4,4,40.0,without_chunking,LMM-1,17.0,16.699999999999974,0.6381732977875263
42,1241,4,4,40.0,without_chunking,LMM-2,17.0,16.699999999999974,0.6381732977875263
42,1241,4,4,40.0,with_chunking,LMM-1,17.0,16.699999999999974,0.6381732977875263
42,1241,4,4,40.0,with_chunking,LMM-2,17.0,16.699999999999974,0.6381732977875263
42,1241,4,6,60.0,without_chunking,LMM-1,17.0,16.69999999999996,0.590424936129334
42,1241,4,6,60.0,without_chunking,LMM-2,17.0,16.69999999999996,0.590424936129334
42,1241,4,6,60.0,with_chunking,LMM-1,17.0,16.69999999999996,0.590424936129334
42,1241,4,6,60.0,with_chunking,LMM-2,17.0,16.69999999999996,0.590424936129334
42,1241,4,8,80.0,without_chunking,LMM-1,17.0,16.69999999999997,0.5461644529462979
42,1241,4,8,80.0,without_chunking,LMM-2,17.0,16.69999999999997,0.5461644529462979
42,1241,4,8,80.0,with_chunking,LMM-1,17.0,16.69999999999997,0.5461644529462979
42,1241,4,8,80.0,with_chunking,LMM-2,17.0,16.69999999999997,0.5461644529462979
42,1241,6,2,20.0,without_chunking,LMM-1,18.0,17.650000000000013,0.671546251016353
42,1241,6,2,20.0,without_chunking,LMM-2,18.0,17.650000000000013,0.671546251016353
42,1241,6,2,20.0,with_chunking,LMM-1,18.0,17.650000000000013,0.671546251016353
42,1241,6,2,20.0,with_chunking,LMM-2,18.0,17.650000000000013,0.671546251016353
42,1241,6,4,40.0,without_chunking,LMM-1,18.0,17.649999999999974,0.6095460374223527
42,1241,6,4,40.0,without_chunking,LMM-2,18.0,17.649999999999974,0.6095460374223527
42,1241,6,4,40.0,with_chunking,LMM-1,18.0,17.649999999999974,0.6095460374223527
42,1241,6,4,40.0,with_chunking,LMM-2,18.0,17.649999999999974,0.6095460374223527
42,1241,6,6,60.0,without_chunking,LMM-1,18.0,17.649999999999956,0.553168307277945
42,1241,6,6,60.0,without_chunking,LMM-2,18.0,17.649999999999956,0.553168307277945
42,1241,6,6,60.0,with_chunking,LMM-1,18.0,17.649999999999956,0.553168307277945
42,1241,6,6,60.0,with_chunking,LMM-2,18.0,17.649999999999956,0.553168307277945
42,1241,6,8,80.0,without_chunking,LMM-1,18.0,17.64999999999997,0.501915345643635
42,1241,6,8,80.0,without_chunking,LMM-2,18.0,17.64999999999997,0.501915345643635
42,1241,6,8,80.0,with_chunking,LMM-1,18.0,17.64999999999997,0.501915345643635
42,1241,6,8,80.0,with_chunking,LMM-2,18.0,17.64999999999997,0.501915345643635
42,1241,8,2,20.0,without_chunking,LMM-1,16.5,16.225000000000012,0.6987213610912202
42,1241,8,2,20.0,without_chunking,LMM-2,16.5,16.225000000000012,0.6987213610912202
42,1241,8,2,20.0,with_chunking,LMM-1,16.5,16.225000000000012,0.6987213610912202
42,1241,8,2,20.0,with_chunking,LMM-2,16.5,16.225000000000012,0.6987213610912202
42,1241,8,4,40.0,without_chunking,LMM-1,16.5,16.224999999999977,0.6476122132172786
42,1241,8,4,40.0,without_chunking,LMM-2,16.5,16.224999999999977,0.6476122132172786
42,1241,8,4,40.0,with_chunking,LMM-1,16.5,16.224999999999977,0.6476122132172786
42,1241,8,4,40.0,with_chunking,LMM-2,16.5,16.224999999999977,0.6476122132172786
42,1241,8,6,60.0,without_chunking,LMM-1,16.5,16.224999999999962,0.6001508028172114
42,1241,8,6,60.0,without_chunking,LMM-2,16.5,16.224999999999962,0.6001508028172114
42,1241,8,6,60.0,with_chunking,LMM-1,16.5,16.224999999999962,0.6001508028172114
42,1241,8,6,60.0,with_chunking,LMM-2,16.5,16.224999999999962,0.6001508028172114
42,1241,8,8,80.0,without_chunking,LMM-1,16.5,16.224999999999973,0.5560847415815608
42,1241,8,8,80.0,without_chunking,LMM-2,16.5,16.224999999999973,0.5560847415815608
42,1241,8,8,80.0,with_chunking,LMM-1,16.5,16.224999999999973,0.5560847415815608
42,1241,8,8,80.0,with_chunking,LMM-2,16.5,16.224999999999973,0.5560847415815608
42,1241,10,2,20.0,without_chunking,LMM-1,18.0,17.650000000000013,0.671546251016353
42,1241,10,2,20.0,without_chunking,LMM-2,18.0,17.650000000000013,0.671546251016353
42,1241,10,2,20.0,with_chunking,LMM-1,18.0,17.650000000000013,0.671546251016353
42,1241,10,2,20.0,with_chunking,LMM-2,18.0,17.650000000000013,0.671546251016353
42,1241,10,4,40.0,without_chunking,LMM-1,18.0,17.649999999999974,0.6095460374223527
42,1241,10,4,40.0,without_chunking,LMM-2,18.0,17.649999999999974,0.6095460374223527
42,1241,10,4,40.0,with_chunking,LMM-1,18.0,17.649999999999974,0.6095460374223527
42,1241,10,4,40.0,with_chunking,LMM-2,18.0,17.649999999999974,0.6095460374223527
42,1241,10,6,60.0,without_chunking,LMM-1,18.0,17.649999999999956,0.553168307277945
42,1241,10,6,60.0,without_chunking,LMM-2,18.0,17.649999999999956,0.553168307277945
42,1241,10,6,60.0,with_chunking,LMM-1,18.0,17.649999999999956,0.553168307277945
42,1241,10,6,60.0,with_chunking,LMM-2,18.0,17.649999999999956,0.553168307277945
42,1241,10,8,80.0,without_chunking,LMM-1,18.0,17.64999999999997,0.501915345643635
42,1241,10,8,80.0,without_chunking,LMM-2,18.0,17.64999999999997,0.501915345643635
42,1241,10,8,80.0,with_chunking,LMM-1,18.0,17.64999999999997,0.501915345643635
42,1241,10,8,80.0,with_chunking,LMM-2,18.0,17.64999999999997,0.501915345643635
43,1242,4,2,20.0,without_chunking,LMM-1,19.0,18.600000000000016,0.6659116043391933
43,1242,4,2,20.0,without_chunking,LMM-2,19.0,18.600000000000016,0.6659116043391933
43,1242,4,2,20.0,with_chunking,LMM-1,19.0,18.600000000000016,0.6659116043391933
43,1242,4,2,20.0,with_chunking,LMM-2,19.0,18.600000000000016,0.6659116043391933
43,1242,4,4,40.0,without_chunking,LMM-1,19.0,18.599999999999973,0.6019295699794054
43,1242,4,4,40.0,without_chunking,LMM-2,19.0,18.599999999999973,0.6019295699794054
43,1242,4,4,40.0,with_chunking,LMM-1,19.0,18.599999999999973,0.6019295699794054
43,1242,4,4,40.0,with_chunking,LMM-2,19.0,18.599999999999973,0.6019295699794054
43,1242,4,6,60.0,without_chunking,LMM-1,19.0,18.599999999999955,0.5440030453331939
43,1242,4,6,60.0,without_chunking,LMM-2,19.0,18.599999999999955,0.5440030453331939
43,1242,4,6,60.0,with_chunking,LMM-1,19.0,18.599999999999955,0.5440030453331939
43,1242,4,6,60.0,with_chunking,LMM-2,19.0,18.599999999999955,0.5440030453331939
43,1242,4,8,80.0,without_chunking,LMM-1,19.0,19.187499999999964,0.4646489972283012
43,1242,4,8,80.0,without_chunking,LMM-2,19.0,19.187499999999964,0.4646489972283012
43,1242,4,8,80.0,with_chunking,LMM-1,19.0,19.187499999999964,0.4646489972283012
43,1242,4,8,80.0,with_chunking,LMM-2,19.0,19.187499999999964,0.4646489972283012
43,1242,6,2,20.0,without_chunking,LMM-1,19.0,18.600000000000016,0.6775538426989348
43,1242,6,2,20.0,without_chunking,LMM-2,19.0,18.600000000000016,0.6775538426989348
43,1242,6,2,20.0,with_chunking,LMM-1,19.0,18.600000000000016,0.6775538426989348
43,1242,6,2,20.0,with_chunking,LMM-2,19.0,18.600000000000016,0.6775538426989348
43,1242,6,4,40.0,without_chunking,LMM-1,19.0,18.599999999999973,0.6127104839004498
43,1242,6,4,40.0,without_chunking,LMM-2,19.0,18.599999999999973,0.6127104839004498
43,1242,6,4,40.0,with_chunking,LMM-1,19.0,18.599999999999973,0.6127104839004498
43,1242,6,4,40.0,with_chunking,LMM-2,19.0,18.599999999999973,0.6127104839004498
43,1242,6,6,60.0,without_chunking,LMM-1,19.0,18.599999999999955,0.5539801877078536
43,1242,6,6,60.0,without_chunking,LMM-2,19.0,18.599999999999955,0.5539801877078536
43,1242,6,6,60.0,with_chunking,LMM-1,19.0,18.599999999999955,0.5539801877078536
43,1242,6,6,60.0,with_chunking,LMM-2,19.0,18.599999999999955,0.5539801877078536
43,1242,6,8,80.0,without_chunking,LMM-1,19.0,19.187499999999964,0.4733555851909627
43,1242,6,8,80.0,without_chunking,LMM-2,19.0,19.187499999999964,0.4733555851909627
43,1242,6,8,80.0,with_chunking,LMM-1,19.0,19.187499999999964,0.4733555851909627
43,1242,6,8,80.0,with_chunking,LMM-2,19.0,19.187499999999964,0.4733555851909627
43,1242,8,2,20.0,without_chunking,LMM-1,19.0,18.600000000000016,0.6790868119026814
43,1242,8,2,20.0,without_chunking,LMM-2,19.0,18.600000000000016,0.6790868119026814
43,1242,8,2,20.0,with_chunking,LMM-1,19.0,18.600000000000016,0.6790868119026814
43,1242,8,2,20.0,with_chunking,LMM-2,19.0,18.600000000000016,0.6790868119026814
43,1242,8,4,40.0,without_chunking,LMM-1,19.0,18.599999999999973,0.6207367078049308
43,1242,8,4,40.0,without_chunking,LMM-2,19.0,18.599999999999973,0.6207367078049308
43,1242,8,4,40.0,with_chunking,LMM-1,19.0,18.599999999999973,0.6207367078049308
43,1242,8,4,40.0,with_chunking,LMM-2,19.0,18.599999999999973,0.6207367078049308
43,1242,8,6,60.0,without_chunking,LMM-1,19.0,18.599999999999955,0.5673123302840264
43,1242,8,6,60.0,without_chunking,LMM-2,19.0,18.599999999999955,0.5673123302840264
43,1242,8,6,60.0,with_chunking,LMM-1,19.0,18.599999999999955,0.5673123302840264
43,1242,8,6,60.0,with_chunking,LMM-2,19.0,18.599999999999955,0.5673123302840264
43,1242,8,8,80.0,without_chunking,LMM-1,19.0,19.187499999999964,0.48929505232847514
43,1242,8,8,80.0,without_chunking,LMM-2,19.0,19.187499999999964,0.48929505232847514
43,1242,8,8,80.0,with_chunking,LMM-1,19.0,19.187499999999964,0.48929505232847514
43,1242,8,8,80.0,with_chunking,LMM-2,19.0,19.187499999999964,0.48929505232847514
43,1242,10,2,20.0,without_chunking,LMM-1,19.0,18.600000000000016,0.6775538426989348
43,1242,10,2,20.0,without_chunking,LMM-2,19.0,18.600000000000016,0.6775538426989348
43,1242,10,2,20.0,with_chunking,LMM-1,19.0,18.600000000000016,0.6775538426989348
43,1242,10,2,20.0,with_chunking,LMM-2,19.0,18.600000000000016,0.6775538426989348
43,1242,10,4,40.0,without_chunking,LMM-1,19.0,18.599999999999973,0.6127104839004498
43,1242,10,4,40.0,without_chunking,LMM-2,19.0,18.599999999999973,0.6127104839004498
43,1242,10,4,40.0,with_chunking,LMM-1,19.0,18.599999999999973,0.6127104839004498
43,1242,10,4,40.0,with_chunking,LMM-2,19.0,18.599999999999973,0.6127104839004498
43,1242,10,6,60.0,without_chunking,LMM-1,19.0,18.599999999999955,0.5539801877078536
43,1242,10,6,60.0,without_chunking,LMM-2,19.0,18.599999999999955,0.5539801877078536
43,1242,10,6,60.0,with_chunking,LMM-1,19.0,18.599999999999955,0.5539801877078536
43,1242,10,6,60.0,with_chunking,LMM-2,19.0,18.599999999999955,0.5539801877078536
43,1242,10,8,80.0,without_chunking,LMM-1,19.0,19.187499999999964,0.4733555851909627
43,1242,10,8,80.0,without_chunking,LMM-2,19.0,19.187499999999964,0.4733555851909627
43,1242,10,8,80.0,with_chunking,LMM-1,19.0,19.187499999999964,0.4733555851909627
43,1242,10,8,80.0,with_chunking,LMM-2,19.0,19.187499999999964,0.4733555851909627
44,1243,4,2,20.0,without_chunking,LMM-1,12.0,11.95000000000001,0.7885189353235686
44,1243,4,2,20.0,without_chunking,LMM-2,12.0,11.95000000000001,0.7885189353235686
44,1243,4,2,20.0,with_chunking,LMM-1,12.0,11.95000000000001,0.7885189353235686
44,1243,4,2,20.0,with_chunking,LMM-2,12.0,11.95000000000001,0.7885189353235686
44,1243,4,4,40.0,without_chunking,LMM-1,12.0,11.949999999999989,0.7415964140639406
44,1243,4,4,40.0,without_chunking,LMM-2,12.0,11.949999999999989,0.7415964140639406
44,1243,4,4,40.0,with_chunking,LMM-1,12.0,11.949999999999989,0.7415964140639406
44,1243,4,4,40.0,with_chunking,LMM-2,12.0,11.949999999999989,0.7415964140639406
44,1243,4,6,60.0,without_chunking,LMM-1,12.0,11.949999999999974,0.697337449227549
44,1243,4,6,60.0,without_chunking,LMM-2,12.0,11.949999999999974,0.697337449227549
44,1243,4,6,60.0,with_chunking,LMM-1,12.0,11.949999999999974,0.697337449227549
44,1243,4,6,60.0,with_chunking,LMM-2,12.0,11.949999999999974,0.697337449227549
44,1243,4,8,80.0,without_chunking,LMM-1,12.0,11.94999999999998,0.6555994263736373
44,1243,4,8,80.0,without_chunking,LMM-2,12.0,11.94999999999998,0.6555994263736373
44,1243,4,8,80.0,with_chunking,LMM-1,12.0,11.94999999999998,0.6555994263736373
44,1243,4,8,80.0,with_chunking,LMM-2,12.0,11.94999999999998,0.6555994263736373
44,1243,6,2,20.0,without_chunking,LMM-1,12.0,11.95000000000001,0.7885189353235686
44,1243,6,2,20.0,without_chunking,LMM-2,12.0,11.95000000000001,0.7885189353235686
44,1243,6,2,20.0,with_chunking,LMM-1,12.0,11.95000000000001,0.7885189353235686
44,1243,6,2,20.0,with_chunking,LMM-2,12.0,11.95000000000001,0.7885189353235686
44,1243,6,4,40.0,without_chunking,LMM-1,12.0,11.949999999999989,0.7415964140639406
44,1243,6,4,40.0,without_chunking,LMM-2,12.0,11.949999999999989,0.7415964140639406
44,1243,6,4,40.0,with_chunking,LMM-1,12.0,11.949999999999989,0.7415964140639406
44,1243,6,4,40.0,with_chunking,LMM-2,12.0,11.949999999999989,0.7415964140639406
44,1243,6,6,60.0,without_chunking,LMM-1,12.0,11.949999999999974,0.697337449227549
44,1243,6,6,60.0,without_chunking,LMM-2,12.0,11.949999999999974,0.697337449227549
44,1243,6,6,60.0,with_chunking,LMM-1,12.0,11.949999999999974,0.697337449227549
44,1243,6,6,60.0,with_chunking,LMM-2,12.0,11.949999999999974,0.697337449227549
44,1243,6,8,80.0,without_chunking,LMM-1,12.0,11.94999999999998,0.6555994263736373
44,1243,6,8,80.0,without_chunking,LMM-2,12.0,11.94999999999998,0.6555994263736373
44,1243,6,8,80.0,with_chunking,LMM-1,12.0,11.94999999999998,0.6555994263736373
44,1243,6,8,80.0,with_chunking,LMM-2,12.0,11.94999999999998,0.6555994263736373
44,1243,8,2,20.0,without_chunking,LMM-1,12.0,11.95000000000001,0.7885189353235686
44,1243,8,2,20.0,without_chunking,LMM-2,12.0,11.95000000000001,0.7885189353235686
44,1243,8,2,20.0,with_chunking,LMM-1,12.0,11.95000000000001,0.7885189353235686
44,1243,8,2,20.0,with_chunking,LMM-2,12.0,11.95000000000001,0.7885189353235686
44,1243,8,4,40.0,without_chunking,LMM-1,12.0,11.949999999999989,0.7415964140639406
44,1243,8,4,40.0,without_chunking,LMM-2,12.0,11.949999999999989,0.7415964140639406
44,1243,8,4,40.0,with_chunking,LMM-1,12.0,11.949999999999989,0.7415964140639406
44,1243,8,4,40.0,with_chunking,LMM-2,12.0,11.949999999999989,0.7415964140639406
44,1243,8,6,60.0,without_chunking,LMM-1,12.0,11.949999999999974,0.697337449227549
44,1243,8,6,60.0,without_chunking,LMM-2,12.0,11.949999999999974,0.697337449227549
44,1243,8,6,60.0,with_chunking,LMM-1,12.0,11.949999999999974,0.697337449227549
44,1243,8,6,60.0,with_chunking,LMM-2,12.0,11.949999999999974,0.697337449227549
44,1243,8,8,80.0,without_chunking,LMM-1,12.0,11.94999999999998,0.6555994263736373
44,1243,8,8,80.0,without_chunking,LMM-2,12.0,11.94999999999998,0.6555994263736373
44,1243,8,8,80.0,with_chunking,LMM-1,12.0,11.94999999999998,0.6555994263736373
44,1243,8,8,80.0,with_chunking,LMM-2,12.0,11.94999999999998,0.6555994263736373
44,1243,10,2,20.0,without_chunking,LMM-1,12.0,11.95000000000001,0.7885189353235686
44,1243,10,2,20.0,without_chunking,LMM-2,12.0,11.95000000000001,0.7885189353235686
44,1243,10,2,20.0,with_chunking,LMM-1,12.0,11.95000000000001,0.7885189353235686
44,1243,10,2,20.0,with_chunking,LMM-2,12.0,11.95000000000001,0.7885189353235686
44,1243,10,4,40.0,without_chunking,LMM-1,12.0,11.949999999999989,0.7415964140639406
44,1243,10,4,40.0,without_chunking,LMM-2,12.0,11.949999999999989,0.7415964140639406
44,1243,10,4,40.0,with_chunking,LMM-1,12.0,11.949999999999989,0.7415964140639406
44,1243,10,4,40.0,with_chunking,LMM-2,12.0,11.949999999999989,0.7415964140639406
44,1243,10,6,60.0,without_chunking,LMM-1,12.0,11.949999999999974,0.697337449227549
44,1243,10,6,60.0,without_chunking,LMM-2,12.0,11.949999999999974,0.697337449227549
44,1243,10,6,60.0,with_chunking,LMM-1,12.0,11.949999999999974,0.697337449227549
44,1243,10,6,60.0,with_chunking,LMM-2,12.0,11.949999999999974,0.697337449227549
44,1243,10,8,80.0,without_chunking,LMM-1,12.0,11.94999999999998,0.6555994263736373
44,1243,10,8,80.0,without_chunking,LMM-2,12.0,11.94999999999998,0.6555994263736373
44,1243,10,8,80.0,with_chunking,LMM-1,12.0,11.94999999999998,0.6555994263736373
44,1243,10,8,80.0,with_chunking,LMM-2,12.0,11.94999999999998,0.6555994263736373
45,1244,4,2,20.0,without_chunking,LMM-1,13.0,12.90000000000001,0.7647677211816031
45,1244,4,2,20.0,without_chunking,LMM-2,13.0,12.90000000000001,0.7647677211816031
45,1244,4,2,20.0,with_chunking,LMM-1,13.0,12.90000000000001,0.7647677211816031
45,1244,4,2,20.0,with_chunking,LMM-2,13.0,12.90000000000001,0.7647677211816031
45,1244,4,4,40.0,without_chunking,LMM-1,13.0,12.899999999999986,0.7152652680449145
45,1244,4,4,40.0,without_chunking,LMM-2,13.0,12.899999999999986,0.7152652680449145
45,1244,4,4,40.0,with_chunking,LMM-1,13.0,12.899999999999986,0.7152652680449145
45,1244,4,4,40.0,with_chunking,LMM-2,13.0,12.899999999999986,0.7152652680449145
45,1244,4,6,60.0,without_chunking,LMM-1,13.0,12.899999999999972,0.6688399624313315
45,1244,4,6,60.0,without_chunking,LMM-2,13.0,12.899999999999972,0.6688399624313315
45,1244,4,6,60.0,with_chunking,LMM-1,13.0,12.899999999999972,0.6688399624313315
45,1244,4,6,60.0,with_chunking,LMM-2,13.0,12.899999999999972,0.6688399624313315
45,1244,4,8,80.0,without_chunking,LMM-1,13.0,12.899999999999977,0.6253405475242015
45,1244,4,8,80.0,without_chunking,LMM-2,13.0,12.899999999999977,0.6253405475242015
45,1244,4,8,80.0,with_chunking,LMM-1,13.0,12.899999999999977,0.6253405475242015
45,1244,4,8,80.0,with_chunking,LMM-2,13.0,12.899999999999977,0.6253405475242015
45,1244,6,2,20.0,without_chunking,LMM-1,13.0,12.90000000000001,0.7647677211816031
45,1244,6,2,20.0,without_chunking,LMM-2,13.0,12.90000000000001,0.7647677211816031
45,1244,6,2,20.0,with_chunking,LMM-1,13.0,12.90000000000001,0.7647677211816031
45,1244,6,2,20.0,with_chunking,LMM-2,13.0,12.90000000000001,0.7647677211816031
45,1244,6,4,40.0,without_chunking,LMM-1,13.0,12.899999999999986,0.7152652680449145
45,1244,6,4,40.0,without_chunking,LMM-2,13.0,12.899999999999986,0.7152652680449145
45,1244,6,4,40.0,with_chunking,LMM-1,13.0,12.899999999999986,0.7152652680449145
45,1244,6,4,40.0,with_chunking,LMM-2,13.0,12.899999999999986,0.7152652680449145
45,1244,6,6,60.0,without_chunking,LMM-1,13.0,12.899999999999972,0.6688399624313315
45,1244,6,6,60.0,without_chunking,LMM-2,13.0,12.899999999999972,0.6688399624313315
45,1244,6,6,60.0,with_chunking,LMM-1,13.0,12.899999999999972,0.6688399624313315
45,1244,6,6,60.0,with_chunking,LMM-2,13.0,12.899999999999972,0.6688399624313315
45,1244,6,8,80.0,without_chunking,LMM-1,13.0,12.899999999999977,0.6253405475242015
45,1244,6,8,80.0,without_chunking,LMM-2,13.0,12.899999999999977,0.6253405475242015
45,1244,6,8,80.0,with_chunking,LMM-1,13.0,12.899999999999977,0.6253405475242015
45,1244,6,8,80.0,with_chunking,LMM-2,13.0,12.899999999999977,0.6253405475242015
45,1244,8,2,20.0,without_chunking,LMM-1,11.0,11.000000000000007,0.8105161663203639
45,1244,8,2,20.0,without_chunking,LMM-2,11.0,11.000000000000007,0.8105161663203639
45,1244,8,2,20.0,with_chunking,LMM-1,11.0,11.000000000000007,0.8105161663203639
45,1244,8,2,20.0,with_chunking,LMM-2,11.0,11.000000000000007,0.8105161663203639
45,1244,8,4,40.0,without_chunking,LMM-1,11.0,10.99999999999999,0.7711102905261178
45,1244,8,4,40.0,without_chunking,LMM-2,11.0,10.99999999999999,0.7711102905261178
45,1244,8,4,40.0,with_chunking,LMM-1,11.0,10.99999999999999,0.7711102905261178
45,1244,8,4,40.0,with_chunking,LMM-2,11.0,10.99999999999999,0.7711102905261178
45,1244,8,6,60.0,without_chunking,LMM-1,11.0,10.999999999999977,0.7335118860544874
45,1244,8,6,60.0,without_chunking,LMM-2,11.0,10.999999999999977,0.7335118860544874
45,1244,8,6,60.0,with_chunking,LMM-1,11.0,10.999999999999977,0.7335118860544874
45,1244,8,6,60.0,with_chunking,LMM-2,11.0,10.999999999999977,0.7335118860544874
45,1244,8,8,80.0,without_chunking,LMM-1,11.0,10.99999999999998,0.6976437762659242
45,1244,8,8,80.0,without_chunking,LMM-2,11.0,10.99999999999998,0.6976437762659242
45,1244,8,8,80.0,with_chunking,LMM-1,11.0,10.99999999999998,0.6976437762659242
45,1244,8,8,80.0,with_chunking,LMM-2,11.0,10.99999999999998,0.6976437762659242
45,1244,10,2,20.0,without_chunking,LMM-1,11.0,11.000000000000007,0.8095160402527519
45,1244,10,2,20.0,without_chunking,LMM-2,11.0,11.000000000000007,0.8095160402527519
45,1244,10,2,20.0,with_chunking,LMM-1,11.0,11.000000000000007,0.8095160402527519
45,1244,10,2,20.0,with_chunking,LMM-2,11.0,11.000000000000007,0.8095160402527519
45,1244,10,4,40.0,without_chunking,LMM-1,11.0,10.99999999999999,0.7658996791326688
45,1244,10,4,40.0,without_chunking,LMM-2,11.0,10.99999999999999,0.7658996791326688
45,1244,10,4,40.0,with_chunking,LMM-1,11.0,10.99999999999999,0.7658996791326688
45,1244,10,4,40.0,with_chunking,LMM-2,11.0,10.99999999999999,0.7658996791326688
45,1244,10,6,60.0,without_chunking,LMM-1,11.0,10.999999999999977,0.724506639701452
45,1244,10,6,60.0,without_chunking,LMM-2,11.0,10.999999999999977,0.724506639701452
45,1244,10,6,60.0,with_chunking,LMM-1,11.0,10.999999999999977,0.724506639701452
45,1244,10,6,60.0,with_chunking,LMM-2,11.0,10.999999999999977,0.724506639701452
45,1244,10,8,80.0,without_chunking,LMM-1,11.0,10.99999999999998,0.6852310892112106
45,1244,10,8,80.0,without_chunking,LMM-2,11.0,10.99999999999998,0.6852310892112106
45,1244,10,8,80.0,with_chunking,LMM-1,11.0,10.99999999999998,0.6852310892112106
45,1244,10,8,80.0,with_chunking,LMM-2,11.0,10.99999999999998,0.6852310892112106
46,1245,4,2,20.0,without_chunking,LMM-1,10.0,10.050000000000006,0.7934262582551515
46,1245,4,2,20.0,without_chunking,LMM-2,10.0,10.050000000000006,0.7934262582551515
46,1245,4,2,20.0,with_chunking,LMM-1,10.0,10.050000000000006,0.7934262582551515
46,1245,4,2,20.0,with_chunking,LMM-2,10.0,10.050000000000006,0.7934262582551515
46,1245,4,4,40.0,without_chunking,LMM-1,10.0,10.04999999999999,0.7522576262194642
46,1245,4,4,40.0,without_chunking,LMM-2,10.0,10.04999999999999,0.7522576262194642
46,1245,4,4,40.0,with_chunking,LMM-1,10.0,10.04999999999999,0.7522576262194642
46,1245,4,4,40.0,with_chunking,LMM-2,10.0,10.04999999999999,0.7522576262194642
46,1245,4,6,60.0,without_chunking,LMM-1,10.0,10.049999999999978,0.7130888864009667
46,1245,4,6,60.0,without_chunking,LMM-2,10.0,10.049999999999978,0.7130888864009667
46,1245,4,6,60.0,with_chunking,LMM-1,10.0,10.049999999999978,0.7130888864009667
46,1245,4,6,60.0,with_chunking,LMM-2,10.0,10.049999999999978,0.7130888864009667
46,1245,4,8,80.0,without_chunking,LMM-1,10.0,10.049999999999981,0.6765321095251631
46,1245,4,8,80.0,without_chunking,LMM-2,10.0,10.049999999999981,0.6765321095251631
46,1245,4,8,80.0,with_chunking,LMM-1,10.0,10.049999999999981,0.6765321095251631
46,1245,4,8,80.0,with_chunking,LMM-2,10.0,10.049999999999981,0.6765321095251631
46,1245,6,2,20.0,without_chunking,LMM-1,10.0,10.050000000000006,0.8117270667023816
46,1245,6,2,20.0,without_chunking,LMM-2,10.0,10.050000000000006,0.8117270667023816
46,1245,6,2,20.0,with_chunking,LMM-1,10.0,10.050000000000006,0.8117270667023816
46,1245,6,2,20.0,with_chunking,LMM-2,10.0,10.050000000000006,0.8117270667023816
46,1245,6,4,40.0,without_chunking,LMM-1,10.0,10.04999999999999,0.7708652606837529
46,1245,6,4,40.0,without_chunking,LMM-2,10.0,10.04999999999999,0.7708652606837529
46,1245,6,4,40.0,with_chunking,LMM-1,10.0,10.04999999999999,0.7708652606837529
46,1245,6,4,40.0,with_chunking,LMM-2,10.0,10.04999999999999,0.7708652606837529
46,1245,6,6,60.0,without_chunking,LMM-1,10.0,10.049999999999978,0.7319293571527052
46,1245,6,6,60.0,without_chunking,LMM-2,10.0,10.049999999999978,0.7319293571527052
46,1245,6,6,60.0,with_chunking,LMM-1,10.0,10.049999999999978,0.7319293571527052
46,1245,6,6,60.0,with_chunking,LMM-2,10.0,10.049999999999978,0.7319293571527052
46,1245,6,8,80.0,without_chunking,LMM-1,10.0,10.049999999999981,0.6950444655766899
46,1245,6,8,80.0,without_chunking,LMM-2,10.0,10.049999999999981,0.6950444655766899
46,1245,6,8,80.0,with_chunking,LMM-1,10.0,10.049999999999981,0.6950444655766899
46,1245,6,8,80.0,with_chunking,LMM-2,10.0,10.049999999999981,0.6950444655766899
46,1245,8,2,20.0,without_chunking,LMM-1,9.0,9.100000000000005,0.8426047640854433
46,1245,8,2,20.0,without_chunking,LMM-2,9.0,9.100000000000005,0.8426047640854433
46,1245,8,2,20.0,with_chunking,LMM-1,9.0,9.100000000000005,0.8426047640854433
46,1245,8,2,20.0,with_chunking,LMM-2,9.0,9.100000000000005,0.8426047640854433
46,1245,8,4,40.0,without_chunking,LMM-1,9.0,9.09999999999999,0.8175242309513986
46,1245,8,4,40.0,without_chunking,LMM-2,9.0,9.09999999999999,0.8175242309513986
46,1245,8,4,40.0,with_chunking,LMM-1,9.0,9.09999999999999,0.8175242309513986
46,1245,8,4,40.0,with_chunking,LMM-2,9.0,9.09999999999999,0.8175242309513986
46,1245,8,6,60.0,without_chunking,LMM-1,9.0,9.09999999999998,0.7931319148762571
46,1245,8,6,60.0,without_chunking,LMM-2,9.0,9.09999999999998,0.7931319148762571
46,1245,8,6,60.0,with_chunking,LMM-1,9.0,9.09999999999998,0.7931319148762571
46,1245,8,6,60.0,with_chunking,LMM-2,9.0,9.09999999999998,0.7931319148762571
46,1245,8,8,80.0,without_chunking,LMM-1,9.0,9.099999999999982,0.7694106576616281
46,1245,8,8,80.0,without_chunking,LMM-2,9.0,9.099999999999982,0.7694106576616281
46,1245,8,8,80.0,with_chunking,LMM-1,9.0,9.099999999999982,0.7694106576616281
46,1245,8,8,80.0,with_chunking,LMM-2,9.0,9.099999999999982,0.7694106576616281
46,1245,10,2,20.0,without_chunking,LMM-1,8.0,8.150000000000004,0.8488124798921988
46,1245,10,2,20.0,without_chunking,LMM-2,8.0,8.150000000000004,0.8488124798921988
46,1245,10,2,20.0,with_chunking,LMM-1,8.0,8.150000000000004,0.8488124798921988
46,1245,10,2,20.0,with_chunking,LMM-2,8.0,8.150000000000004,0.8488124798921988
46,1245,10,4,40.0,without_chunking,LMM-1,8.0,8.149999999999991,0.8149083189409454
46,1245,10,4,40.0,without_chunking,LMM-2,8.0,8.149999999999991,0.8149083189409454
46,1245,10,4,40.0,with_chunking,LMM-1,8.0,8.149999999999991,0.8149083189409454
46,1245,10,4,40.0,with_chunking,LMM-2,8.0,8.149999999999991,0.8149083189409454
46,1245,10,6,60.0,without_chunking,LMM-1,8.0,8.149999999999983,0.7822372012600465
46,1245,10,6,60.0,without_chunking,LMM-2,8.0,8.149999999999983,0.7822372012600465
46,1245,10,6,60.0,with_chunking,LMM-1,8.0,8.149999999999983,0.7822372012600465
46,1245,10,6,60.0,with_chunking,LMM-2,8.0,8.149999999999983,0.7822372012600465
46,1245,10,8,80.0,without_chunking,LMM-1,8.0,8.149999999999984,0.750788009355497
46,1245,10,8,80.0,without_chunking,LMM-2,8.0,8.149999999999984,0.750788009355497
46,1245,10,8,80.0,with_chunking,LMM-1,8.0,8.149999999999984,0.750788009355497
46,1245,10,8,80.0,with_chunking,LMM-2,8.0,8.149999999999984,0.750788009355497
47,1246,4,2,20.0,without_chunking,LMM-1,15.0,14.800000000000011,0.7269068701481456
47,1246,4,2,20.0,without_chunking,LMM-2,15.0,14.800000000000011,0.7269068701481456
47,1246,4,2,20.0,with_chunking,LMM-1,15.0,14.800000000000011,0.7269068701481456
47,1246,4,2,20.0,with_chunking,LMM-2,15.0,14.800000000000011,0.7269068701481456
47,1246,4,4,40.0,without_chunking,LMM-1,15.0,14.799999999999981,0.6719145598067302
47,1246,4,4,40.0,without_chunking,LMM-2,15.0,14.799999999999981,0.6719145598067302
47,1246,4,4,40.0,with_chunking,LMM-1,15.0,14.799999999999981,0.6719145598067302
47,1246,4,4,40.0,with_chunking,LMM-2,15.0,14.799999999999981,0.6719145598067302
47,1246,4,6,60.0,without_chunking,LMM-1,15.0,14.799999999999967,0.6209614029428818
47,1246,4,6,60.0,without_chunking,LMM-2,15.0,14.799999999999967,0.6209614029428818
47,1246,4,6,60.0,with_chunking,LMM-1,15.0,14.799999999999967,0.6209614029428818
47,1246,4,6,60.0,with_chunking,LMM-2,15.0,14.799999999999967,0.6209614029428818
47,1246,4,8,80.0,without_chunking,LMM-1,15.0,14.799999999999976,0.5738062225814982
47,1246,4,8,80.0,without_chunking,LMM-2,15.0,14.799999999999976,0.5738062225814982
47,1246,4,8,80.0,with_chunking,LMM-1,15.0,14.799999999999976,0.5738062225814982
47,1246,4,8,80.0,with_chunking,LMM-2,15.0,14.799999999999976,0.5738062225814982
47,1246,6,2,20.0,without_chunking,LMM-1,13.0,12.90000000000001,0.7692219189791938
47,1246,6,2,20.0,without_chunking,LMM-2,13.0,12.90000000000001,0.7692219189791938
47,1246,6,2,20.0,with_chunking,LMM-1,13.0,12.90000000000001,0.7692219189791938
47,1246,6,2,20.0,with_chunking,LMM-2,13.0,12.90000000000001,0.7692219189791938
47,1246,6,4,40.0,without_chunking,LMM-1,13.0,12.899999999999986,0.7193061455440151
47,1246,6,4,40.0,without_chunking,LMM-2,13.0,12.899999999999986,0.7193061455440151
47,1246,6,4,40.0,with_chunking,LMM-1,13.0,12.899999999999986,0.7193061455440151
47,1246,6,4,40.0,with_chunking,LMM-2,13.0,12.899999999999986,0.7193061455440151
47,1246,6,6,60.0,without_chunking,LMM-1,13.0,12.899999999999972,0.6725012270868195
47,1246,6,6,60.0,without_chunking,LMM-2,13.0,12.899999999999972,0.6725012270868195
47,1246,6,6,60.0,with_chunking,LMM-1,13.0,12.899999999999972,0.6725012270868195
47,1246,6,6,60.0,with_chunking,LMM-2,13.0,12.899999999999972,0.6725012270868195
47,1246,6,8,80.0,without_chunking,LMM-1,13.0,12.899999999999977,0.6286655899075947
47,1246,6,8,80.0,without_chunking,LMM-2,13.0,12.899999999999977,0.6286655899075947
47,1246,6,8,80.0,with_chunking,LMM-1,13.0,12.899999999999977,0.6286655899075947
47,1246,6,8,80.0,with_chunking,LMM-2,13.0,12.899999999999977,0.6286655899075947
47,1246,8,2,20.0,without_chunking,LMM-1,12.0,11.95000000000001,0.7989207884878643
47,1246,8,2,20.0,without_chunking,LMM-2,12.0,11.95000000000001,0.7989207884878643
47,1246,8,2,20.0,with_chunking,LMM-1,12.0,11.95000000000001,0.7989207884878643
47,1246,8,2,20.0,with_chunking,LMM-2,12.0,11.95000000000001,0.7989207884878643
47,1246,8,4,40.0,without_chunking,LMM-1,12.0,11.949999999999989,0.7520021606619254
47,1246,8,4,40.0,without_chunking,LMM-2,12.0,11.949999999999989,0.7520021606619254
47,1246,8,4,40.0,with_chunking,LMM-1,12.0,11.949999999999989,0.7520021606619254
47,1246,8,4,40.0,with_chunking,LMM-2,12.0,11.949999999999989,0.7520021606619254
47,1246,8,6,60.0,without_chunking,LMM-1,12.0,11.949999999999974,0.7077124190391599
47,1246,8,6,60.0,without_chunking,LMM-2,12.0,11.949999999999974,0.7077124190391599
47,1246,8,6,60.0,with_chunking,LMM-1,12.0,11.949999999999974,0.7077124190391599
47,1246,8,6,60.0,with_chunking,LMM-2,12.0,11.949999999999974,0.7077124190391599
47,1246,8,8,80.0,without_chunking,LMM-1,12.0,11.94999999999998,0.6659126037678057
47,1246,8,8,80.0,without_chunking,LMM-2,12.0,11.94999999999998,0.6659126037678057
47,1246,8,8,80.0,with_chunking,LMM-1,12.0,11.94999999999998,0.6659126037678057
47,1246,8,8,80.0,with_chunking,LMM-2,12.0,11.94999999999998,0.6659126037678057
47,1246,10,2,20.0,without_chunking,LMM-1,12.0,11.95000000000001,0.7989207884878643
47,1246,10,2,20.0,without_chunking,LMM-2,12.0,11.95000000000001,0.7989207884878643
47,1246,10,2,20.0,with_chunking,LMM-1,12.0,11.95000000000001,0.7989207884878643
47,1246,10,2,20.0,with_chunking,LMM-2,12.0,11.95000000000001,0.7989207884878643
47,1246,10,4,40.0,without_chunking,LMM-1,12.0,11.949999999999989,0.7520021606619254
47,1246,10,4,40.0,without_chunking,LMM-2,12.0,11.949999999999989,0.7520021606619254
47,1246,10,4,40.0,with_chunking,LMM-1,12.0,11.949999999999989,0.7520021606619254
47,1246,10,4,40.0,with_chunking,LMM-2,12.0,11.949999999999989,0.7520021606619254
47,1246,10,6,60.0,without_chunking,LMM-1,12.0,11.949999999999974,0.7077124190391599
47,1246,10,6,60.0,without_chunking,LMM-2,12.0,11.949999999999974,0.7077124190391599
47,1246,10,6,60.0,with_chunking,LMM-1,12.0,11.949999999999974,0.7077124190391599
47,1246,10,6,60.0,with_chunking,LMM-2,12.0,11.949999999999974,0.7077124190391599
47,1246,10,8,80.0,without_chunking,LMM-1,12.0,11.94999999999998,0.6659126037678057
47,1246,10,8,80.0,without_chunking,LMM-2,12.0,11.94999999999998,0.6659126037678057
47,1246,10,8,80.0,with_chunking,LMM-1,12.0,11.94999999999998,0.6659126037678057
47,1246,10,8,80.0,with_chunking,LMM-2,12.0,11.94999999999998,0.6659126037678057
48,1247,4,2,20.0,without_chunking,LMM-1,15.0,14.800000000000011,0.7167227162867025
48,1247,4,2,20.0,without_chunking,LMM-2,15.0,14.800000000000011,0.7167227162867025
48,1247,4,2,20.0,with_chunking,LMM-1,15.0,14.800000000000011,0.7167227162867025
48,1247,4,2,20.0,with_chunking,LMM-2,15.0,14.800000000000011,0.7167227162867025
48,1247,4,4,40.0,without_chunking,LMM-1,15.0,14.799999999999981,0.6621387059932397
48,1247,4,4,40.0,without_chunking,LMM-2,15.0,14.799999999999981,0.6621387059932397
48,1247,4,4,40.0,with_chunking,LMM-1,15.0,14.799999999999981,0.6621387059932397
48,1247,4,4,40.0,with_chunking,LMM-2,15.0,14.799999999999981,0.6621387059932397
48,1247,4,6,60.0,without_chunking,LMM-1,15.0,14.799999999999967,0.6115905790806982
48,1247,4,6,60.0,without_chunking,LMM-2,15.0,14.799999999999967,0.6115905790806982
48,1247,4,6,60.0,with_chunking,LMM-1,15.0,14.799999999999967,0.6115905790806982
48,1247,4,6,60.0,with_chunking,LMM-2,15.0,14.799999999999967,0.6115905790806982
48,1247,4,8,80.0,without_chunking,LMM-1,15.0,14.799999999999976,0.5647909199951844
48,1247,4,8,80.0,without_chunking,LMM-2,15.0,14.799999999999976,0.5647909199951844
48,1247,4,8,80.0,with_chunking,LMM-1,15.0,14.799999999999976,0.5647909199951844
48,1247,4,8,80.0,with_chunking,LMM-2,15.0,14.799999999999976,0.5647909199951844
48,1247,6,2,20.0,without_chunking,LMM-1,12.0,11.95000000000001,0.7817331141940631
48,1247,6,2,20.0,without_chunking,LMM-2,12.0,11.95000000000001,0.7817331141940631
48,1247,6,2,20.0,with_chunking,LMM-1,12.0,11.95000000000001,0.7817331141940631
48,1247,6,2,20.0,with_chunking,LMM-2,12.0,11.95000000000001,0.7817331141940631
48,1247,6,4,40.0,without_chunking,LMM-1,12.0,11.949999999999989,0.7350380910890233
48,1247,6,4,40.0,without_chunking,LMM-2,12.0,11.949999999999989,0.7350380910890233
48,1247,6,4,40.0,with_chunking,LMM-1,12.0,11.949999999999989,0.7350380910890233
48,1247,6,4,40.0,with_chunking,LMM-2,12.0,11.949999999999989,0.7350380910890233
48,1247,6,6,60.0,without_chunking,LMM-1,12.0,11.949999999999974,0.6910032810510794
48,1247,6,6,60.0,without_chunking,LMM-2,12.0,11.949999999999974,0.6910032810510794
48,1247,6,6,60.0,with_chunking,LMM-1,12.0,11.949999999999974,0.6910032810510794
48,1247,6,6,60.0,with_chunking,LMM-2,12.0,11.949999999999974,0.6910032810510794
48,1247,6,8,80.0,without_chunking,LMM-1,12.0,11.94999999999998,0.6495027743448194
48,1247,6,8,80.0,without_chunking,LMM-2,12.0,11.94999999999998,0.6495027743448194
48,1247,6,8,80.0,with_chunking,LMM-1,12.0,11.94999999999998,0.6495027743448194
48,1247,6,8,80.0,with_chunking,LMM-2,12.0,11.94999999999998,0.6495027743448194
48,1247,8,2,20.0,without_chunking,LMM-1,12.0,11.95000000000001,0.7817331141940631
48,1247,8,2,20.0,without_chunking,LMM-2,12.0,11.95000000000001,0.7817331141940631
48,1247,8,2,20.0,with_chunking,LMM-1,11.0,11.000000000000007,0.6309764714198904
48,1247,8,2,20.0,with_chunking,LMM-2,11.0,11.000000000000007,0.6309764714198904
48,1247,8,4,40.0,without_chunking,LMM-1,12.0,11.949999999999989,0.7350380910890233
48,1247,8,4,40.0,without_chunking,LMM-2,12.0,11.949999999999989,0.7350380910890233
48,1247,8,4,40.0,with_chunking,LMM-1,11.0,10.99999999999999,0.5636192652554821
48,1247,8,4,40.0,with_chunking,LMM-2,11.0,10.99999999999999,0.5636192652554821
48,1247,8,6,60.0,without_chunking,LMM-1,12.0,11.949999999999974,0.6910032810510794
48,1247,8,6,60.0,without_chunking,LMM-2,12.0,11.949999999999974,0.6910032810510794
48,1247,8,6,60.0,with_chunking,LMM-1,11.0,10.999999999999977,0.5033932898222061
48,1247,8,6,60.0,with_chunking,LMM-2,11.0,10.999999999999977,0.5033932898222061
48,1247,8,8,80.0,without_chunking,LMM-1,12.0,11.94999999999998,0.6495027743448194
48,1247,8,8,80.0,without_chunking,LMM-2,12.0,11.94999999999998,0.6495027743448194
48,1247,8,8,80.0,with_chunking,LMM-1,11.0,10.99999999999998,0.449597650034511
48,1247,8,8,80.0,with_chunking,LMM-2,11.0,10.99999999999998,0.449597650034511
48,1247,10,2,20.0,without_chunking,LMM-1,9.0,9.100000000000005,0.835730589428773
48,1247,10,2,20.0,without_chunking,LMM-2,6.0,6.2500000000000036,0.9064800110429083
48,1247,10,2,20.0,with_chunking,LMM-1,9.0,9.100000000000005,0.6947810250906796
48,1247,10,2,20.0,with_chunking,LMM-2,8.25,8.387500000000005,0.7272588136947724
48,1247,10,4,40.0,without_chunking,LMM-1,9.0,9.09999999999999,0.798180042097376
48,1247,10,4,40.0,without_chunking,LMM-2,6.0,6.249999999999994,0.8893265227156205
48,1247,10,4,40.0,with_chunking,LMM-1,9.0,9.09999999999999,0.63419158876136
48,1247,10,4,40.0,with_chunking,LMM-2,9.5,9.57499999999999,0.6411241561317218
48,1247,10,6,60.0,without_chunking,LMM-1,9.0,9.09999999999998,0.7621896310993337
48,1247,10,6,60.0,without_chunking,LMM-2,6.0,6.249999999999986,0.8724539647412872
48,1247,10,6,60.0,with_chunking,LMM-1,9.0,9.09999999999998,0.5787891073676393
48,1247,10,6,60.0,with_chunking,LMM-2,9.5,9.57499999999998,0.5820681133838561
48,1247,10,8,80.0,without_chunking,LMM-1,9.0,9.099999999999984,0.7278408463200197
48,1247,10,8,80.0,without_chunking,LMM-2,6.0,6.249999999999988,0.8558585270771852
48,1247,10,8,80.0,with_chunking,LMM-1,9.0,9.099999999999984,0.5282832425504427
48,1247,10,8,80.0,with_chunking,LMM-2,9.5,9.574999999999982,0.5284174197610392
49,1248,4,2,20.0,without_chunking,LMM-1,13.0,12.90000000000001,0.7417818294441816
49,1248,4,2,20.0,without_chunking,LMM-2,13.0,12.90000000000001,0.7417818294441816
49,1248,4,2,20.0,with_chunking,LMM-1,13.0,12.90000000000001,0.7417818294441816
49,1248,4,2,20.0,with_chunking,LMM-2,13.0,12.90000000000001,0.7417818294441816
49,1248,4,4,40.0,without_chunking,LMM-1,13.0,12.899999999999986,0.692547983531427
49,1248,4,4,40.0,without_chunking,LMM-2,13.0,12.899999999999986,0.692547983531427
49,1248,4,4,40.0,with_chunking,LMM-1,13.0,12.899999999999986,0.692547983531427
49,1248,4,4,40.0,with_chunking,LMM-2,13.0,12.899999999999986,0.692547983531427
49,1248,4,6,60.0,without_chunking,LMM-1,13.0,12.899999999999972,0.6464511572088059
49,1248,4,6,60.0,without_chunking,LMM-2,13.0,12.899999999999972,0.6464511572088059
49,1248,4,6,60.0,with_chunking,LMM-1,13.0,12.899999999999972,0.6464511572088059
49,1248,4,6,60.0,with_chunking,LMM-2,13.0,12.899999999999972,0.6464511572088059
49,1248,4,8,80.0,without_chunking,LMM-1,13.0,12.899999999999977,0.603656023605518
49,1248,4,8,80.0,without_chunking,LMM-2,13.0,12.899999999999977,0.603656023605518
49,1248,4,8,80.0,with_chunking,LMM-1,13.0,12.899999999999977,0.603656023605518
49,1248,4,8,80.0,with_chunking,LMM-2,13.0,12.899999999999977,0.603656023605518
49,1248,6,2,20.0,without_chunking,LMM-1,12.0,11.95000000000001,0.7694060966524279
49,1248,6,2,20.0,without_chunking,LMM-2,12.0,11.95000000000001,0.7694060966524279
49,1248,6,2,20.0,with_chunking,LMM-1,12.5,12.425000000000008,0.5708169031543058
49,1248,6,2,20.0,with_chunking,LMM-2,12.5,12.425000000000008,0.5708169031543058
49,1248,6,4,40.0,without_chunking,LMM-1,12.0,11.949999999999989,0.7226529640214707
49,1248,6,4,40.0,without_chunking,LMM-2,12.0,11.949999999999989,0.7226529640214707
49,1248,6,4,40.0,with_chunking,LMM-1,12.5,12.424999999999986,0.5007898573873719
49,1248,6,4,40.0,with_chunking,LMM-2,12.5,12.424999999999986,0.5007898573873719
49,1248,6,6,60.0,without_chunking,LMM-1,12.0,11.949999999999974,0.6786092966020314
49,1248,6,6,60.0,without_chunking,LMM-2,12.0,11.949999999999974,0.6786092966020314
49,1248,6,6,60.0,with_chunking,LMM-1,12.5,12.424999999999974,0.43932714083453506
49,1248,6,6,60.0,with_chunking,LMM-2,12.5,12.424999999999974,0.43932714083453506
49,1248,6,8,80.0,without_chunking,LMM-1,12.0,11.94999999999998,0.6374438279769215
49,1248,6,8,80.0,without_chunking,LMM-2,12.0,11.94999999999998,0.6374438279769215
49,1248,6,8,80.0,with_chunking,LMM-1,12.5,12.42499999999998,0.3857770824291167
49,1248,6,8,80.0,with_chunking,LMM-2,12.5,12.42499999999998,0.3857770824291167
49,1248,8,2,20.0,without_chunking,LMM-1,10.0,10.050000000000006,0.8114042411839766
49,1248,8,2,20.0,without_chunking,LMM-2,10.0,10.050000000000006,0.8114042411839766
49,1248,8,2,20.0,with_chunking,LMM-1,10.5,10.525000000000006,0.6418710094805581
49,1248,8,2,20.0,with_chunking,LMM-2,10.5,10.525000000000006,0.6418710094805581
49,1248,8,4,40.0,without_chunking,LMM-1,10.0,10.04999999999999,0.7705941577538467
49,1248,8,4,40.0,without_chunking,LMM-2,10.0,10.04999999999999,0.7705941577538467
49,1248,8,4,40.0,with_chunking,LMM-1,10.5,10.52499999999999,0.5763405767981906
49,1248,8,4,40.0,with_chunking,LMM-2,10.5,10.52499999999999,0.5763405767981906
49,1248,8,6,60.0,without_chunking,LMM-1,10.0,10.049999999999978,0.7317063856997923
49,1248,8,6,60.0,without_chunking,LMM-2,10.0,10.049999999999978,0.7317063856997923
49,1248,8,6,60.0,with_chunking,LMM-1,10.5,10.524999999999977,0.5174310670777267
49,1248,8,6,60.0,with_chunking,LMM-2,10.5,10.524999999999977,0.5174310670777267
49,1248,8,8,80.0,without_chunking,LMM-1,10.0,10.049999999999981,0.6947066006091349
49,1248,8,8,80.0,without_chunking,LMM-2,10.0,10.049999999999981,0.6947066006091349
49,1248,8,8,80.0,with_chunking,LMM-1,10.5,10.52499999999998,0.4645378672558451
49,1248,8,8,80.0,with_chunking,LMM-2,10.5,10.52499999999998,0.4645378672558451
49,1248,10,2,20.0,without_chunking,LMM-1,10.0,10.050000000000006,0.8114042411839766
49,1248,10,2,20.0,without_chunking,LMM-2,10.0,10.050000000000006,0.8114042411839766
49,1248,10,2,20.0,with_chunking,LMM-1,10.5,10.525000000000006,0.6418710094805581
49,1248,10,2,20.0,with_chunking,LMM-2,10.5,10.525000000000006,0.6418710094805581
49,1248,10,4,40.0,without_chunking,LMM-1,10.0,10.04999999999999,0.7705941577538467
49,1248,10,4,40.0,without_chunking,LMM-2,10.0,10.04999999999999,0.7705941577538467
49,1248,10,4,40.0,with_chunking,LMM-1,10.5,10.52499999999999,0.5763405767981906
49,1248,10,4,40.0,with_chunking,LMM-2,10.5,10.52499999999999,0.5763405767981906
49,1248,10,6,60.0,without_chunking,LMM-1,10.0,10.049999999999978,0.7317063856997923
49,1248,10,6,60.0,without_chunking,LMM-2,10.0,10.049999999999978,0.7317063856997923
49,1248,10,6,60.0,with_chunking,LMM-1,10.5,10.524999999999977,0.5174310670777267
49,1248,10,6,60.0,with_chunking,LMM-2,10.5,10.524999999999977,0.5174310670777267
49,1248,10,8,80.0,without_chunking,LMM-1,10.0,10.049999999999981,0.6947066006091349
49,1248,10,8,80.0,without_chunking,LMM-2,10.0,10.049999999999981,0.6947066006091349
49,1248,10,8,80.0,with_chunking,LMM-1,10.5,10.52499999999998,0.4645378672558451
49,1248,10,8,80.0,with_chunking,LMM-2,10.5,10.52499999999998,0.4645378672558451
50,1249,4,2,20.0,without_chunking,LMM-1,12.0,11.95000000000001,0.7607282631166757
50,1249,4,2,20.0,without_chunking,LMM-2,12.0,11.95000000000001,0.7607282631166757
50,1249,4,2,20.0,with_chunking,LMM-1,12.0,11.95000000000001,0.7607282631166757
50,1249,4,2,20.0,with_chunking,LMM-2,12.0,11.95000000000001,0.7607282631166757
50,1249,4,4,40.0,without_chunking,LMM-1,12.0,11.949999999999989,0.7144694256143888
50,1249,4,4,40.0,without_chunking,LMM-2,12.0,11.949999999999989,0.7144694256143888
50,1249,4,4,40.0,with_chunking,LMM-1,12.0,11.949999999999989,0.7144694256143888
50,1249,4,4,40.0,with_chunking,LMM-2,12.0,11.949999999999989,0.7144694256143888
50,1249,4,6,60.0,without_chunking,LMM-1,12.0,11.949999999999974,0.6708925872816215
50,1249,4,6,60.0,without_chunking,LMM-2,12.0,11.949999999999974,0.6708925872816215
50,1249,4,6,60.0,with_chunking,LMM-1,12.0,11.949999999999974,0.6708925872816215
50,1249,4,6,60.0,with_chunking,LMM-2,12.0,11.949999999999974,0.6708925872816215
50,1249,4,8,80.0,without_chunking,LMM-1,12.0,11.94999999999998,0.6302189458460593
50,1249,4,8,80.0,without_chunking,LMM-2,12.0,11.94999999999998,0.6302189458460593
50,1249,4,8,80.0,with_chunking,LMM-1,12.0,11.94999999999998,0.6302189458460593
50,1249,4,8,80.0,with_chunking,LMM-2,12.0,11.94999999999998,0.6302189458460593
50,1249,6,2,20.0,without_chunking,LMM-1,11.0,11.000000000000007,0.7877329158375397
50,1249,6,2,20.0,without_chunking,LMM-2,11.0,11.000000000000007,0.7877329158375397
50,1249,6,2,20.0,with_chunking,LMM-1,11.5,11.475000000000009,0.5993256415095145
50,1249,6,2,20.0,with_chunking,LMM-2,11.5,11.475000000000009,0.5993256415095145
50,1249,6,4,40.0,without_chunking,LMM-1,11.0,10.99999999999999,0.7438136912900655
50,1249,6,4,40.0,without_chunking,LMM-2,11.0,10.99999999999999,0.7438136912900655
50,1249,6,4,40.0,with_chunking,LMM-1,11.5,11.474999999999989,0.5317142407311701
50,1249,6,4,40.0,with_chunking,LMM-2,11.5,11.474999999999989,0.5317142407311701
50,1249,6,6,60.0,without_chunking,LMM-1,11.0,10.999999999999977,0.702210171930463
50,1249,6,6,60.0,without_chunking,LMM-2,11.0,10.999999999999977,0.702210171930463
50,1249,6,6,60.0,with_chunking,LMM-1,11.5,11.474999999999975,0.4716812007482384
50,1249,6,6,60.0,with_chunking,LMM-2,11.5,11.474999999999975,0.4716812007482384
50,1249,6,8,80.0,without_chunking,LMM-1,11.0,10.99999999999998,0.6629890466590838
50,1249,6,8,80.0,without_chunking,LMM-2,11.0,10.99999999999998,0.6629890466590838
50,1249,6,8,80.0,with_chunking,LMM-1,11.5,11.47499999999998,0.4187211666711096
50,1249,6,8,80.0,with_chunking,LMM-2,11.5,11.47499999999998,0.4187211666711096
50,1249,8,2,20.0,without_chunking,LMM-1,10.0,10.050000000000006,0.8109409063882957
50,1249,8,2,20.0,without_chunking,LMM-2,10.0,10.050000000000006,0.8109409063882957
50,1249,8,2,20.0,with_chunking,LMM-1,10.0,10.050000000000006,0.6590760795809625
50,1249,8,2,20.0,with_chunking,LMM-2,10.0,10.050000000000006,0.6590760795809625
50,1249,8,4,40.0,without_chunking,LMM-1,10.0,10.04999999999999,0.7708975502148486
50,1249,8,4,40.0,without_chunking,LMM-2,10.0,10.04999999999999,0.7708975502148486
50,1249,8,4,40.0,with_chunking,LMM-1,10.0,10.04999999999999,0.5953528284806684
50,1249,8,4,40.0,with_chunking,LMM-2,10.0,10.04999999999999,0.5953528284806684
50,1249,8,6,60.0,without_chunking,LMM-1,10.0,10.049999999999978,0.7327057252237588
50,1249,8,6,60.0,without_chunking,LMM-2,10.0,10.049999999999978,0.7327057252237588
50,1249,8,6,60.0,with_chunking,LMM-1,10.0,10.049999999999978,0.5377122363534343
50,1249,8,6,60.0,with_chunking,LMM-2,10.0,10.049999999999978,0.5377122363534343
50,1249,8,8,80.0,without_chunking,LMM-1,10.0,10.049999999999981,0.6963093625818142
50,1249,8,8,80.0,without_chunking,LMM-2,10.0,10.049999999999981,0.6963093625818142
50,1249,8,8,80.0,with_chunking,LMM-1,10.0,10.049999999999981,0.48563629392221985
50,1249,8,8,80.0,with_chunking,LMM-2,10.0,10.049999999999981,0.48563629392221985
50,1249,10,2,20.0,without_chunking,LMM-1,9.0,9.100000000000005,0.8401381623775906
50,1249,10,2,20.0,without_chunking,LMM-2,5.0,5.3000000000000025,0.9291406678995218
50,1249,10,2,20.0,with_chunking,LMM-1,9.0,9.100000000000005,0.6962343084282141
50,1249,10,2,20.0,with_chunking,LMM-2,8.25,8.387500000000003,0.7285415610640658
50,1249,10,4,40.0,without_chunking,LMM-1,9.0,9.09999999999999,0.8029831128547853
50,1249,10,4,40.0,without_chunking,LMM-2,5.0,5.2999999999999945,0.9147503208255797
50,1249,10,4,40.0,with_chunking,LMM-1,9.0,9.09999999999999,0.6359526188000632
50,1249,10,4,40.0,with_chunking,LMM-2,6.9375,7.140624999999993,0.7504050327933971
50,1249,10,6,60.0,without_chunking,LMM-1,9.0,9.09999999999998,0.7673481009570159
50,1249,10,6,60.0,without_chunking,LMM-2,5.0,5.299999999999988,0.900545046275749
50,1249,10,6,60.0,with_chunking,LMM-1,9.0,9.09999999999998,0.5807946988772487
50,1249,10,6,60.0,with_chunking,LMM-2,7.958333333333334,8.110416666666648,0.7153122321040432
50,1249,10,8,80.0,without_chunking,LMM-1,9.0,9.099999999999984,0.7331766727290494
50,1249,10,8,80.0,without_chunking,LMM-2,5.0,5.29999999999999,0.8865229973413911
50,1249,10,8,80.0,with_chunking,LMM-1,9.0,9.099999999999984,0.5304365599809835
50,1249,10,8,80.0,with_chunking,LMM-2,8.5625,8.684374999999983,0.6692966968397399
51,1250,4,2,20.0,without_chunking,LMM-1,11.0,11.000000000000007,0.7870556059593208
51,1250,4,2,20.0,without_chunking,LMM-2,11.0,11.000000000000007,0.7870556059593208
51,1250,4,2,20.0,with_chunking,LMM-1,11.0,11.000000000000007,0.7870556059593208
51,1250,4,2,20.0,with_chunking,LMM-2,11.0,11.000000000000007,0.7870556059593208
51,1250,4,4,40.0,without_chunking,LMM-1,11.0,10.99999999999999,0.7437576447530465
51,1250,4,4,40.0,without_chunking,LMM-2,11.0,10.99999999999999,0.7437576447530465
51,1250,4,4,40.0,with_chunking,LMM-1,11.0,10.99999999999999,0.7437576447530465
51,1250,4,4,40.0,with_chunking,LMM-2,11.0,10.99999999999999,0.7437576447530465
51,1250,4,6,60.0,without_chunking,LMM-1,11.0,10.999999999999977,0.7027120013163136
51,1250,4,6,60.0,without_chunking,LMM-2,11.0,10.999999999999977,0.7027120013163136
51,1250,4,6,60.0,with_chunking,LMM-1,11.0,10.999999999999977,0.7027120013163136
51,1250,4,6,60.0,with_chunking,LMM-2,11.0,10.999999999999977,0.7027120013163136
51,1250,4,8,80.0,without_chunking,LMM-1,11.0,10.99999999999998,0.6641480621585117
51,1250,4,8,80.0,without_chunking,LMM-2,11.0,10.99999999999998,0.6641480621585117
51,1250,4,8,80.0,with_chunking,LMM-1,11.0,10.99999999999998,0.6641480621585117
51,1250,4,8,80.0,with_chunking,LMM-2,11.0,10.99999999999998,0.6641480621585117
51,1250,6,2,20.0,without_chunking,LMM-1,10.0,10.050000000000006,0.810043332068505
51,1250,6,2,20.0,without_chunking,LMM-2,10.0,10.050000000000006,0.810043332068505
51,1250,6,2,20.0,with_chunking,LMM-1,10.25,10.287500000000007,0.6537821042219565
51,1250,6,2,20.0,with_chunking,LMM-2,10.25,10.287500000000007,0.6537821042219565
51,1250,6,4,40.0,without_chunking,LMM-1,10.0,10.04999999999999,0.7694037738157158
51,1250,6,4,40.0,without_chunking,LMM-2,10.0,10.04999999999999,0.7694037738157158
51,1250,6,4,40.0,with_chunking,LMM-1,10.25,10.28749999999999,0.5946093170322935
51,1250,6,4,40.0,with_chunking,LMM-2,10.25,10.28749999999999,0.5946093170322935
51,1250,6,6,60.0,without_chunking,LMM-1,10.0,10.049999999999978,0.7306736248199104
51,1250,6,6,60.0,without_chunking,LMM-2,10.0,10.049999999999978,0.7306736248199104
51,1250,6,6,60.0,with_chunking,LMM-1,10.25,10.287499999999978,0.5407232740642636
51,1250,6,6,60.0,with_chunking,LMM-2,10.25,10.287499999999978,0.5407232740642636
51,1250,6,8,80.0,without_chunking,LMM-1,10.0,10.049999999999981,0.6938235749870449
51,1250,6,8,80.0,without_chunking,LMM-2,10.0,10.049999999999981,0.6938235749870449
51,1250,6,8,80.0,with_chunking,LMM-1,10.25,10.287499999999982,0.49169656444198084
51,1250,6,8,80.0,with_chunking,LMM-2,10.25,10.287499999999982,0.49169656444198084
51,1250,8,2,20.0,without_chunking,LMM-1,10.0,10.050000000000006,0.8295713430994299
51,1250,8,2,20.0,without_chunking,LMM-2,10.0,10.050000000000006,0.8295713430994299
51,1250,8,2,20.0,with_chunking,LMM-1,10.0,10.050000000000006,0.6720200766616179
51,1250,8,2,20.0,with_chunking,LMM-2,10.0,10.050000000000006,0.6720200766616179
51,1250,8,4,40.0,without_chunking,LMM-1,10.0,10.04999999999999,0.7995499294380188
51,1250,8,4,40.0,without_chunking,LMM-2,10.0,10.04999999999999,0.7995499294380188
51,1250,8,4,40.0,with_chunking,LMM-1,10.0,10.04999999999999,0.6153359752150533
51,1250,8,4,40.0,with_chunking,LMM-2,10.0,10.04999999999999,0.6153359752150533
51,1250,8,6,60.0,without_chunking,LMM-1,10.0,10.049999999999978,0.7705377900910326
51,1250,8,6,60.0,without_chunking,LMM-2,10.0,10.049999999999978,0.7705377900910326
51,1250,8,6,60.0,with_chunking,LMM-1,10.0,10.049999999999978,0.5633596045241881
51,1250,8,6,60.0,with_chunking,LMM-2,10.0,10.049999999999978,0.5633596045241881
51,1250,8,8,80.0,without_chunking,LMM-1,10.0,10.049999999999981,0.7425039032490879
51,1250,8,8,80.0,without_chunking,LMM-2,10.0,10.049999999999981,0.7425039032490879
51,1250,8,8,80.0,with_chunking,LMM-1,10.0,10.049999999999981,0.5157462163998723
51,1250,8,8,80.0,with_chunking,LMM-2,10.0,10.049999999999981,0.5157462163998723
51,1250,10,2,20.0,without_chunking,LMM-1,10.0,10.050000000000006,0.8200174042417557
51,1250,10,2,20.0,without_chunking,LMM-2,10.0,10.050000000000006,0.8200174042417557
51,1250,10,2,20.0,with_chunking,LMM-1,9.75,9.812500000000005,0.6876993466592922
51,1250,10,2,20.0,with_chunking,LMM-2,9.75,9.812500000000005,0.6876993466592922
51,1250,10,4,40.0,without_chunking,LMM-1,10.0,10.04999999999999,0.7794131812618306
51,1250,10,4,40.0,without_chunking,LMM-2,10.0,10.04999999999999,0.7794131812618306
51,1250,10,4,40.0,with_chunking,LMM-1,9.75,9.81249999999999,0.6310808726550743
51,1250,10,4,40.0,with_chunking,LMM-2,9.75,9.81249999999999,0.6310808726550743
51,1250,10,6,60.0,without_chunking,LMM-1,10.0,10.049999999999978,0.7406919189270889
51,1250,10,6,60.0,without_chunking,LMM-2,10.0,10.049999999999978,0.7406919189270889
51,1250,10,6,60.0,with_chunking,LMM-1,9.75,9.812499999999979,0.5790478387079953
51,1250,10,6,60.0,with_chunking,LMM-2,9.75,9.812499999999979,0.5790478387079953
51,1250,10,8,80.0,without_chunking,LMM-1,10.0,10.049999999999981,0.7037911504479937
51,1250,10,8,80.0,without_chunking,LMM-2,10.0,10.049999999999981,0.7037911504479937
51,1250,10,8,80.0,with_chunking,LMM-1,9.75,9.812499999999982,0.5312499309272796
51,1250,10,8,80.0,with_chunking,LMM-2,9.75,9.812499999999982,0.5312499309272796
52,1251,4,2,20.0,without_chunking,LMM-1,13.0,12.90000000000001,0.7486347783799768
52,1251,4,2,20.0,without_chunking,LMM-2,13.0,12.90000000000001,0.7486347783799768
52,1251,4,2,20.0,with_chunking,LMM-1,13.0,12.90000000000001,0.7486347783799768
52,1251,4,2,20.0,with_chunking,LMM-2,13.0,12.90000000000001,0.7486347783799768
52,1251,4,4,40.0,without_chunking,LMM-1,13.0,12.899999999999986,0.6993904625472173
52,1251,4,4,40.0,without_chunking,LMM-2,13.0,12.899999999999986,0.6993904625472173
52,1251,4,4,40.0,with_chunking,LMM-1,13.0,12.899999999999986,0.6993904625472173
52,1251,4,4,40.0,with_chunking,LMM-2,13.0,12.899999999999986,0.6993904625472173
52,1251,4,6,60.0,without_chunking,LMM-1,13.0,12.899999999999972,0.6532574917408434
52,1251,4,6,60.0,without_chunking,LMM-2,13.0,12.899999999999972,0.6532574917408434
52,1251,4,6,60.0,with_chunking,LMM-1,13.0,12.899999999999972,0.6532574917408434
52,1251,4,6,60.0,with_chunking,LMM-2,13.0,12.899999999999972,0.6532574917408434
52,1251,4,8,80.0,without_chunking,LMM-1,13.0,12.899999999999977,0.6100489040520438
52,1251,4,8,80.0,without_chunking,LMM-2,13.0,12.899999999999977,0.6100489040520438
52,1251,4,8,80.0,with_chunking,LMM-1,13.0,12.899999999999977,0.6100489040520438
52,1251,4,8,80.0,with_chunking,LMM-2,13.0,12.899999999999977,0.6100489040520438
52,1251,6,2,20.0,without_chunking,LMM-1,11.0,11.000000000000007,0.7850791717518686
52,1251,6,2,20.0,without_chunking,LMM-2,11.0,11.000000000000007,0.7850791717518686
52,1251,6,2,20.0,with_chunking,LMM-1,11.0,11.000000000000007,0.7850791717518686
52,1251,6,2,20.0,with_chunking,LMM-2,11.0,11.000000000000007,0.7850791717518686
52,1251,6,4,40.0,without_chunking,LMM-1,11.0,10.99999999999999,0.7412030734911146
52,1251,6,4,40.0,without_chunking,LMM-2,11.0,10.99999999999999,0.7412030734911146
52,1251,6,4,40.0,with_chunking,LMM-1,11.0,10.99999999999999,0.7412030734911146
52,1251,6,4,40.0,with_chunking,LMM-2,11.0,10.99999999999999,0.7412030734911146
52,1251,6,6,60.0,without_chunking,LMM-1,11.0,10.999999999999977,0.6996464752431728
52,1251,6,6,60.0,without_chunking,LMM-2,11.0,10.999999999999977,0.6996464752431728
52,1251,6,6,60.0,with_chunking,LMM-1,11.0,10.999999999999977,0.6996464752431728
52,1251,6,6,60.0,with_chunking,LMM-2,11.0,10.999999999999977,0.6996464752431728
52,1251,6,8,80.0,without_chunking,LMM-1,11.0,10.99999999999998,0.6603466457366887
52,1251,6,8,80.0,without_chunking,LMM-2,11.0,10.99999999999998,0.6603466457366887
52,1251,6,8,80.0,with_chunking,LMM-1,11.0,10.99999999999998,0.6603466457366887
52,1251,6,8,80.0,with_chunking,LMM-2,11.0,10.99999999999998,0.6603466457366887
52,1251,8,2,20.0,without_chunking,LMM-1,11.0,11.000000000000007,0.7875155515198955
52,1251,8,2,20.0,without_chunking,LMM-2,11.0,11.000000000000007,0.7875155515198955
52,1251,8,2,20.0,with_chunking,LMM-1,11.0,11.000000000000007,0.7875155515198955
52,1251,8,2,20.0,with_chunking,LMM-2,11.0,11.000000000000007,0.7875155515198955
52,1251,8,4,40.0,without_chunking,LMM-1,11.0,10.99999999999999,0.7458380260026245
52,1251,8,4,40.0,without_chunking,LMM-2,11.0,10.99999999999999,0.7458380260026245
52,1251,8,4,40.0,with_chunking,LMM-1,11.0,10.99999999999999,0.7458380260026245
52,1251,8,4,40.0,with_chunking,LMM-2,11.0,10.99999999999999,0.7458380260026245
52,1251,8,6,60.0,without_chunking,LMM-1,11.0,10.999999999999977,0.7062448961535892
52,1251,8,6,60.0,without_chunking,LMM-2,11.0,10.999999999999977,0.7062448961535892
52,1251,8,6,60.0,with_chunking,LMM-1,11.0,10.999999999999977,0.7062448961535892
52,1251,8,6,60.0,with_chunking,LMM-2,11.0,10.999999999999977,0.7062448961535892
52,1251,8,8,80.0,without_chunking,LMM-1,11.0,10.99999999999998,0.6686389370660863
52,1251,8,8,80.0,without_chunking,LMM-2,11.0,10.99999999999998,0.6686389370660863
52,1251,8,8,80.0,with_chunking,LMM-1,11.0,10.99999999999998,0.6686389370660863
52,1251,8,8,80.0,with_chunking,LMM-2,11.0,10.99999999999998,0.6686389370660863
52,1251,10,2,20.0,without_chunking,LMM-1,11.0,11.000000000000007,0.7850791717518686
52,1251,10,2,20.0,without_chunking,LMM-2,11.0,11.000000000000007,0.7850791717518686
52,1251,10,2,20.0,with_chunking,LMM-1,11.0,11.000000000000007,0.7850791717518686
52,1251,10,2,20.0,with_chunking,LMM-2,11.0,11.000000000000007,0.7850791717518686
52,1251,10,4,40.0,without_chunking,LMM-1,11.0,10.99999999999999,0.7412030734911146
52,1251,10,4,40.0,without_chunking,LMM-2,11.0,10.99999999999999,0.7412030734911146
52,1251,10,4,40.0,with_chunking,LMM-1,11.0,10.99999999999999,0.7412030734911146
52,1251,10,4,40.0,with_chunking,LMM-2,11.0,10.99999999999999,0.7412030734911146
52,1251,10,6,60.0,without_chunking,LMM-1,11.0,10.999999999999977,0.6996464752431728
52,1251,10,6,60.0,without_chunking,LMM-2,11.0,10.999999999999977,0.6996464752431728
52,1251,10,6,60.0,with_chunking,LMM-1,11.0,10.999999999999977,0.6996464752431728
52,1251,10,6,60.0,with_chunking,LMM-2,11.0,10.999999999999977,0.6996464752431728
52,1251,10,8,80.0,without_chunking,LMM-1,11.0,10.99999999999998,0.6603466457366887
52,1251,10,8,80.0,without_chunking,LMM-2,11.0,10.99999999999998,0.6603466457366887
52,1251,10,8,80.0,with_chunking,LMM-1,11.0,10.99999999999998,0.6603466457366887
52,1251,10,8,80.0,with_chunking,LMM-2,11.0,10.99999999999998,0.6603466457366887
53,1252,4,2,20.0,without_chunking,LMM-1,23.0,22.400000000000013,0.5677511375974977
53,1252,4,2,20.0,without_chunking,LMM-2,23.0,22.400000000000013,0.5677511375974977
53,1252,4,2,20.0,with_chunking,LMM-1,23.0,22.400000000000013,0.5677511375974977
53,1252,4,2,20.0,with_chunking,LMM-2,23.0,22.400000000000013,0.5677511375974977
53,1252,4,4,40.0,without_chunking,LMM-1,23.0,22.399999999999963,0.4986580707128635
53,1252,4,4,40.0,without_chunking,LMM-2,23.0,12.400000000000013,0.5677511375974977
53,1252,4,4,40.0,with_chunking,LMM-1,23.0,22.399999999999963,0.4986580707128635
53,1252,4,4,40.0,with_chunking,LMM-2,23.0,12.400000000000013,0.5677511375974977
53,1252,4,6,60.0,without_chunking,LMM-1,23.0,22.399999999999938,0.43792284641521695
53,1252,4,6,60.0,without_chunking,LMM-2,23.0,15.733333333333311,0.5022877434464371
53,1252,4,6,60.0,with_chunking,LMM-1,23.0,22.399999999999938,0.43792284641521695
53,1252,4,6,60.0,with_chunking,LMM-2,23.0,15.733333333333311,0.5022877434464371
53,1252,4,8,80.0,without_chunking,LMM-1,23.0,24.149999999999977,0.2786360532141575
53,1252,4,8,80.0,without_chunking,LMM-2,23.0,12.399999999999958,0.4986580707128635
53,1252,4,8,80.0,with_chunking,LMM-1,23.0,24.149999999999977,0.2786360532141575
53,1252,4,8,80.0,with_chunking,LMM-2,23.0,12.399999999999958,0.4986580707128635
53,1252,6,2,20.0,without_chunking,LMM-1,15.0,14.800000000000011,0.7005712097439878
53,1252,6,2,20.0,without_chunking,LMM-2,15.0,14.800000000000011,0.7005712097439878
53,1252,6,2,20.0,with_chunking,LMM-1,15.0,14.800000000000011,0.7005712097439878
53,1252,6,2,20.0,with_chunking,LMM-2,15.0,14.800000000000011,0.7005712097439878
53,1252,6,4,40.0,without_chunking,LMM-1,15.0,14.799999999999981,0.6497595855069873
53,1252,6,4,40.0,without_chunking,LMM-2,15.0,14.799999999999981,0.6497595855069873
53,1252,6,4,40.0,with_chunking,LMM-1,15.0,14.799999999999981,0.6497595855069873
53,1252,6,4,40.0,with_chunking,LMM-2,15.0,14.799999999999981,0.6497595855069873
53,1252,6,6,60.0,without_chunking,LMM-1,15.0,14.799999999999967,0.6025202823100754
53,1252,6,6,60.0,without_chunking,LMM-2,15.0,14.799999999999967,0.6025202823100754
53,1252,6,6,60.0,with_chunking,LMM-1,15.0,14.799999999999967,0.6025202823100754
53,1252,6,6,60.0,with_chunking,LMM-2,15.0,14.799999999999967,0.6025202823100754
53,1252,6,8,80.0,without_chunking,LMM-1,15.0,14.799999999999976,0.5586118133667853
53,1252,6,8,80.0,without_chunking,LMM-2,15.0,14.799999999999976,0.5586118133667853
53,1252,6,8,80.0,with_chunking,LMM-1,15.0,14.799999999999976,0.5586118133667853
53,1252,6,8,80.0,with_chunking,LMM-2,15.0,14.799999999999976,0.5586118133667853
53,1252,8,2,20.0,without_chunking,LMM-1,13.0,12.90000000000001,0.7360848652386345
53,1252,8,2,20.0,without_chunking,LMM-2,13.0,12.90000000000001,0.7360848652386345
53,1252,8,2,20.0,with_chunking,LMM-1,13.0,12.90000000000001,0.7360848652386345
53,1252,8,2,20.0,with_chunking,LMM-2,13.0,12.90000000000001,0.7360848652386345
53,1252,8,4,40.0,without_chunking,LMM-1,13.0,12.899999999999986,0.686664743960499
53,1252,8,4,40.0,without_chunking,LMM-2,13.0,12.899999999999986,0.686664743960499
53,1252,8,4,40.0,with_chunking,LMM-1,13.0,12.899999999999986,0.686664743960499
53,1252,8,4,40.0,with_chunking,LMM-2,13.0,12.899999999999986,0.686664743960499
53,1252,8,6,60.0,without_chunking,LMM-1,13.0,12.899999999999972,0.6404305112866655
53,1252,8,6,60.0,without_chunking,LMM-2,13.0,12.899999999999972,0.6404305112866655
53,1252,8,6,60.0,with_chunking,LMM-1,13.0,12.899999999999972,0.6404305112866655
53,1252,8,6,60.0,with_chunking,LMM-2,13.0,12.899999999999972,0.6404305112866655
53,1252,8,8,80.0,without_chunking,LMM-1,13.0,12.899999999999977,0.5977255785235147
53,1252,8,8,80.0,without_chunking,LMM-2,13.0,12.899999999999977,0.5977255785235147
53,1252,8,8,80.0,with_chunking,LMM-1,13.0,12.899999999999977,0.5977255785235147
53,1252,8,8,80.0,with_chunking,LMM-2,13.0,12.899999999999977,0.5977255785235147
53,1252,10,2,20.0,without_chunking,LMM-1,11.0,11.000000000000007,0.7971121647696369
53,1252,10,2,20.0,without_chunking,LMM-2,11.0,11.000000000000007,0.7971121647696369
53,1252,10,2,20.0,with_chunking,LMM-1,11.0,11.000000000000007,0.7971121647696369
53,1252,10,2,20.0,with_chunking,LMM-2,11.0,11.000000000000007,0.7971121647696369
53,1252,10,4,40.0,without_chunking,LMM-1,11.0,10.99999999999999,0.752990290631479
53,1252,10,4,40.0,without_chunking,LMM-2,11.0,10.99999999999999,0.752990290631479
53,1252,10,4,40.0,with_chunking,LMM-1,11.0,10.99999999999999,0.752990290631479
53,1252,10,4,40.0,with_chunking,LMM-2,11.0,10.99999999999999,0.752990290631479
53,1252,10,6,60.0,without_chunking,LMM-1,11.0,10.999999999999977,0.711177808309609
53,1252,10,6,60.0,without_chunking,LMM-2,11.0,10.999999999999977,0.711177808309609
53,1252,10,6,60.0,with_chunking,LMM-1,11.0,10.999999999999977,0.711177808309609
53,1252,10,6,60.0,with_chunking,LMM-2,11.0,10.999999999999977,0.711177808309609
53,1252,10,8,80.0,without_chunking,LMM-1,11.0,10.99999999999998,0.6717359125277358
53,1252,10,8,80.0,without_chunking,LMM-2,11.0,10.99999999999998,0.6717359125277358
53,1252,10,8,80.0,with_chunking,LMM-1,11.0,10.99999999999998,0.6717359125277358
53,1252,10,8,80.0,with_chunking,LMM-2,11.0,10.99999999999998,0.6717359125277358
54,1253,4,2,20.0,without_chunking,LMM-1,13.0,12.90000000000001,0.7638126384814409
54,1253,4,2,20.0,without_chunking,LMM-2,13.0,12.90000000000001,0.7638126384814409
54,1253,4,2,20.0,with_chunking,LMM-1,12.625,12.543750000000008,0.6418618200448604
54,1253,4,2,20.0,with_chunking,LMM-2,12.625,12.543750000000008,0.6418618200448604
54,1253,4,4,40.0,without_chunking,LMM-1,13.0,12.899999999999986,0.7200157120182832
54,1253,4,4,40.0,without_chunking,LMM-2,13.0,12.899999999999986,0.7200157120182832
54,1253,4,4,40.0,with_chunking,LMM-1,12.5,12.424999999999986,0.5337529337705159
54,1253,4,4,40.0,with_chunking,LMM-2,12.5,12.424999999999986,0.5337529337705159
54,1253,4,6,60.0,without_chunking,LMM-1,13.0,12.899999999999972,0.6786221160959005
54,1253,4,6,60.0,without_chunking,LMM-2,13.0,12.899999999999972,0.6786221160959005
54,1253,4,6,60.0,with_chunking,LMM-1,12.5,12.424999999999974,0.4721291189115805
54,1253,4,6,60.0,with_chunking,LMM-2,12.5,12.424999999999974,0.4721291189115805
54,1253,4,8,80.0,without_chunking,LMM-1,13.0,12.899999999999977,0.6395069244742928
54,1253,4,8,80.0,without_chunking,LMM-2,13.0,12.899999999999977,0.6395069244742928
54,1253,4,8,80.0,with_chunking,LMM-1,12.5,12.42499999999998,0.4176082787521492
54,1253,4,8,80.0,with_chunking,LMM-2,12.5,12.42499999999998,0.4176082787521492
54,1253,6,2,20.0,without_chunking,LMM-1,13.0,12.90000000000001,0.762345002128114
54,1253,6,2,20.0,without_chunking,LMM-2,13.0,12.90000000000001,0.762345002128114
54,1253,6,2,20.0,with_chunking,LMM-1,12.625,12.543750000000008,0.6404842504212225
54,1253,6,2,20.0,with_chunking,LMM-2,12.625,12.543750000000008,0.6404842504212225
54,1253,6,4,40.0,without_chunking,LMM-1,13.0,12.899999999999986,0.712895803525913
54,1253,6,4,40.0,without_chunking,LMM-2,13.0,12.899999999999986,0.712895803525913
54,1253,6,4,40.0,with_chunking,LMM-1,12.5,12.424999999999986,0.5284983577609792
54,1253,6,4,40.0,with_chunking,LMM-2,12.5,12.424999999999986,0.5284983577609792
54,1253,6,6,60.0,without_chunking,LMM-1,13.0,12.899999999999972,0.6665275890930099
54,1253,6,6,60.0,without_chunking,LMM-2,13.0,12.899999999999972,0.6665275890930099
54,1253,6,6,60.0,with_chunking,LMM-1,12.5,12.424999999999974,0.4637804164349153
54,1253,6,6,60.0,with_chunking,LMM-2,12.5,12.424999999999974,0.4637804164349153
54,1253,6,8,80.0,without_chunking,LMM-1,13.0,12.899999999999977,0.6230577825245962
54,1253,6,8,80.0,without_chunking,LMM-2,13.0,12.899999999999977,0.6230577825245962
54,1253,6,8,80.0,with_chunking,LMM-1,12.5,12.42499999999998,0.4069809205419891
54,1253,6,8,80.0,with_chunking,LMM-2,12.5,12.42499999999998,0.4069809205419891
54,1253,8,2,20.0,without_chunking,LMM-1,11.5,11.475000000000007,0.8027804319711689
54,1253,8,2,20.0,without_chunking,LMM-2,11.5,11.475000000000007,0.8027804319711689
54,1253,8,2,20.0,with_chunking,LMM-1,11.125,11.118750000000007,0.6829305416716711
54,1253,8,2,20.0,with_chunking,LMM-2,11.125,11.118750000000007,0.6829305416716711
54,1253,8,4,40.0,without_chunking,LMM-1,11.5,11.474999999999987,0.775700105054153
54,1253,8,4,40.0,without_chunking,LMM-2,11.5,11.474999999999987,0.775700105054153
54,1253,8,4,40.0,with_chunking,LMM-1,11.5,11.474999999999987,0.5747320767898944
54,1253,8,4,40.0,with_chunking,LMM-2,11.5,11.474999999999987,0.5747320767898944
54,1253,8,6,60.0,without_chunking,LMM-1,11.5,11.474999999999975,0.7494914977143777
54,1253,8,6,60.0,without_chunking,LMM-2,11.5,11.474999999999975,0.7494914977143777
54,1253,8,6,60.0,with_chunking,LMM-1,11.5,11.474999999999975,0.5157541039997353
54,1253,8,6,60.0,with_chunking,LMM-2,11.5,11.474999999999975,0.5157541039997353
54,1253,8,8,80.0,without_chunking,LMM-1,11.5,11.47499999999998,0.7241280312147267
54,1253,8,8,80.0,without_chunking,LMM-2,11.5,11.47499999999998,0.7241280312147267
54,1253,8,8,80.0,with_chunking,LMM-1,11.5,11.47499999999998,0.46283967515562535
54,1253,8,8,80.0,with_chunking,LMM-2,11.5,11.47499999999998,0.46283967515562535
54,1253,10,2,20.0,without_chunking,LMM-1,13.0,12.90000000000001,0.762345002128114
54,1253,10,2,20.0,without_chunking,LMM-2,13.0,12.90000000000001,0.762345002128114
54,1253,10,2,20.0,with_chunking,LMM-1,11.875,11.831250000000008,0.6696675180707576
54,1253,10,2,20.0,with_chunking,LMM-2,11.875,11.831250000000008,0.6696675180707576
54,1253,10,4,40.0,without_chunking,LMM-1,13.0,12.899999999999986,0.712895803525913
54,1253,10,4,40.0,without_chunking,LMM-2,13.0,12.899999999999986,0.712895803525913
54,1253,10,4,40.0,with_chunking,LMM-1,11.5,11.474999999999987,0.5695017418305354
54,1253,10,4,40.0,with_chunking,LMM-2,11.5,11.474999999999987,0.5695017418305354
54,1253,10,6,60.0,without_chunking,LMM-1,13.0,12.899999999999972,0.6665275890930099
54,1253,10,6,60.0,without_chunking,LMM-2,13.0,12.899999999999972,0.6665275890930099
54,1253,10,6,60.0,with_chunking,LMM-1,11.5,11.474999999999975,0.5060360641750612
54,1253,10,6,60.0,with_chunking,LMM-2,11.5,11.474999999999975,0.5060360641750612
54,1253,10,8,80.0,without_chunking,LMM-1,13.0,12.899999999999977,0.6230577825245962
54,1253,10,8,80.0,without_chunking,LMM-2,13.0,12.899999999999977,0.6230577825245962
54,1253,10,8,80.0,with_chunking,LMM-1,11.5,11.47499999999998,0.4496028282802371
54,1253,10,8,80.0,with_chunking,LMM-2,11.5,11.47499999999998,0.4496028282802371
55,1254,4,2,20.0,without_chunking,LMM-1,11.0,11.000000000000007,0.7823715218130393
55,1254,4,2,20.0,without_chunking,LMM-2,11.0,11.000000000000007,0.7823715218130393
55,1254,4,2,20.0,with_chunking,LMM-1,11.0,11.000000000000007,0.6148506153503309
55,1254,4,2,20.0,with_chunking,LMM-2,11.0,11.000000000000007,0.6148506153503309
55,1254,4,4,40.0,without_chunking,LMM-1,11.0,10.99999999999999,0.7382277934774449
55,1254,4,4,40.0,without_chunking,LMM-2,11.0,10.99999999999999,0.7382277934774449
55,1254,4,4,40.0,with_chunking,LMM-1,11.0,10.99999999999999,0.5477488416891906
55,1254,4,4,40.0,with_chunking,LMM-2,11.0,10.99999999999999,0.5477488416891906
55,1254,4,6,60.0,without_chunking,LMM-1,11.0,10.999999999999977,0.6964396726929345
55,1254,4,6,60.0,without_chunking,LMM-2,11.0,10.999999999999977,0.6964396726929345
55,1254,4,6,60.0,with_chunking,LMM-1,11.0,10.999999999999977,0.48790979526049866
55,1254,4,6,60.0,with_chunking,LMM-2,11.0,10.999999999999977,0.48790979526049866
55,1254,4,8,80.0,without_chunking,LMM-1,11.0,10.99999999999998,0.6571933986557001
55,1254,4,8,80.0,without_chunking,LMM-2,11.0,10.99999999999998,0.6571933986557001
55,1254,4,8,80.0,with_chunking,LMM-1,11.0,10.99999999999998,0.4347842747565148
55,1254,4,8,80.0,with_chunking,LMM-2,11.0,10.99999999999998,0.4347842747565148
55,1254,6,2,20.0,without_chunking,LMM-1,10.0,10.050000000000006,0.8098900732069784
55,1254,6,2,20.0,without_chunking,LMM-2,10.0,10.050000000000006,0.8098900732069784
55,1254,6,2,20.0,with_chunking,LMM-1,10.5,10.525000000000006,0.6560718260333582
55,1254,6,2,20.0,with_chunking,LMM-2,10.5,10.525000000000006,0.6560718260333582
55,1254,6,4,40.0,without_chunking,LMM-1,10.0,10.04999999999999,0.7691894762640549
55,1254,6,4,40.0,without_chunking,LMM-2,10.0,10.04999999999999,0.7691894762640549
55,1254,6,4,40.0,with_chunking,LMM-1,10.5,10.52499999999999,0.6041122589003358
55,1254,6,4,40.0,with_chunking,LMM-2,10.5,10.52499999999999,0.6041122589003358
55,1254,6,6,60.0,without_chunking,LMM-1,10.0,10.049999999999978,0.7304045700560331
55,1254,6,6,60.0,without_chunking,LMM-2,10.0,10.049999999999978,0.7304045700560331
55,1254,6,6,60.0,with_chunking,LMM-1,10.5,10.524999999999977,0.556204944001034
55,1254,6,6,60.0,with_chunking,LMM-2,10.5,10.524999999999977,0.556204944001034
55,1254,6,8,80.0,without_chunking,LMM-1,10.0,10.049999999999981,0.6934754576875133
55,1254,6,8,80.0,without_chunking,LMM-2,10.0,10.049999999999981,0.6934754576875133
55,1254,6,8,80.0,with_chunking,LMM-1,10.5,10.52499999999998,0.5120570598879564
55,1254,6,8,80.0,with_chunking,LMM-2,10.5,10.52499999999998,0.5120570598879564
55,1254,8,2,20.0,without_chunking,LMM-1,9.0,9.100000000000005,0.8298692192667748
55,1254,8,2,20.0,without_chunking,LMM-2,9.0,9.100000000000005,0.8298692192667748
55,1254,8,2,20.0,with_chunking,LMM-1,9.5,9.575000000000005,0.6721586649563892
55,1254,8,2,20.0,with_chunking,LMM-2,9.5,9.575000000000005,0.6721586649563892
55,1254,8,4,40.0,without_chunking,LMM-1,9.0,9.09999999999999,0.7922378292156576
55,1254,8,4,40.0,without_chunking,LMM-2,9.0,9.09999999999999,0.7922378292156576
55,1254,8,4,40.0,with_chunking,LMM-1,9.5,9.57499999999999,0.6095957838799462
55,1254,8,4,40.0,with_chunking,LMM-2,9.5,9.57499999999999,0.6095957838799462
55,1254,8,6,60.0,without_chunking,LMM-1,9.0,9.09999999999998,0.7561848559024258
55,1254,8,6,60.0,without_chunking,LMM-2,9.0,9.09999999999998,0.7561848559024258
55,1254,8,6,60.0,with_chunking,LMM-1,9.5,9.57499999999998,0.552767338950115
55,1254,8,6,60.0,with_chunking,LMM-2,9.5,9.57499999999998,0.552767338950115
55,1254,8,8,80.0,without_chunking,LMM-1,9.0,9.099999999999984,0.721681908847609
55,1254,8,8,80.0,without_chunking,LMM-2,9.0,9.099999999999984,0.721681908847609
55,1254,8,8,80.0,with_chunking,LMM-1,9.5,9.574999999999982,0.5011951537702894
55,1254,8,8,80.0,with_chunking,LMM-2,9.5,9.574999999999982,0.5011951537702894
55,1254,10,2,20.0,without_chunking,LMM-1,8.0,8.150000000000004,0.8602958686399931
55,1254,10,2,20.0,without_chunking,LMM-2,8.5,8.625000000000004,0.871704583462245
55,1254,10,2,20.0,with_chunking,LMM-1,8.5,8.625000000000004,0.7180240310018863
55,1254,10,2,20.0,with_chunking,LMM-2,8.125,8.268750000000004,0.7366604425545762
55,1254,10,4,40.0,without_chunking,LMM-1,8.0,8.149999999999991,0.8263554829470252
55,1254,10,4,40.0,without_chunking,LMM-2,5.375,5.656249999999995,0.912191670348039
55,1254,10,4,40.0,with_chunking,LMM-1,8.5,8.624999999999991,0.6587414139677257
55,1254,10,4,40.0,with_chunking,LMM-2,8.125,8.26874999999999,0.7336102767357231
55,1254,10,6,60.0,without_chunking,LMM-1,8.0,8.149999999999983,0.793634571250481
55,1254,10,6,60.0,without_chunking,LMM-2,5.0,5.299999999999988,0.9046181835738394
55,1254,10,6,60.0,with_chunking,LMM-1,8.5,8.62499999999998,0.6042484834936315
55,1254,10,6,60.0,with_chunking,LMM-2,8.625,8.74374999999998,0.7186863135688466
55,1254,10,8,80.0,without_chunking,LMM-1,8.0,8.149999999999984,0.7620941641975969
55,1254,10,8,80.0,without_chunking,LMM-2,5.0,5.29999999999999,0.8903497064555221
55,1254,10,8,80.0,with_chunking,LMM-1,8.5,8.624999999999984,0.5542308319587687
55,1254,10,8,80.0,with_chunking,LMM-2,8.8125,8.921874999999982,0.6778121829527004
56,1255,4,2,20.0,without_chunking,LMM-1,13.0,12.90000000000001,0.7730108830809314
56,1255,4,2,20.0,without_chunking,LMM-2,13.0,12.90000000000001,0.7730108830809314
56,1255,4,2,20.0,with_chunking,LMM-1,14.0,13.85000000000001,0.6323307797002113
56,1255,4,2,20.0,with_chunking,LMM-2,14.0,13.85000000000001,0.6323307797002113
56,1255,4,4,40.0,without_chunking,LMM-1,13.0,12.899999999999986,0.7470301351417694
56,1255,4,4,40.0,without_chunking,LMM-2,13.0,12.899999999999986,0.7470301351417694
56,1255,4,4,40.0,with_chunking,LMM-1,14.0,13.849999999999984,0.5794426830140929
56,1255,4,4,40.0,with_chunking,LMM-2,14.0,13.849999999999984,0.5794426830140929
56,1255,4,6,60.0,without_chunking,LMM-1,13.0,12.899999999999972,0.7218928891879163
56,1255,4,6,60.0,without_chunking,LMM-2,13.0,12.899999999999972,0.7218928891879163
56,1255,4,6,60.0,with_chunking,LMM-1,14.0,13.849999999999968,0.531090187838526
56,1255,4,6,60.0,with_chunking,LMM-2,14.0,13.849999999999968,0.531090187838526
56,1255,4,8,80.0,without_chunking,LMM-1,13.0,12.899999999999979,0.6975729172453836
56,1255,4,8,80.0,without_chunking,LMM-2,13.0,12.899999999999979,0.6975729172453836
56,1255,4,8,80.0,with_chunking,LMM-1,14.0,13.849999999999977,0.48689122477433155
56,1255,4,8,80.0,with_chunking,LMM-2,14.0,13.849999999999977,0.48689122477433155
56,1255,6,2,20.0,without_chunking,LMM-1,11.0,11.000000000000007,0.8010895154577435
56,1255,6,2,20.0,without_chunking,LMM-2,11.0,11.000000000000007,0.8010895154577435
56,1255,6,2,20.0,with_chunking,LMM-1,11.5,11.475000000000009,0.6193473157628957
56,1255,6,2,20.0,with_chunking,LMM-2,11.5,11.475000000000009,0.6193473157628957
56,1255,6,4,40.0,without_chunking,LMM-1,11.0,10.99999999999999,0.7572878351816734
56,1255,6,4,40.0,without_chunking,LMM-2,11.0,10.99999999999999,0.7572878351816734
56,1255,6,4,40.0,with_chunking,LMM-1,11.5,11.474999999999989,0.5501178134146785
56,1255,6,4,40.0,with_chunking,LMM-2,11.5,11.474999999999989,0.5501178134146785
56,1255,6,6,60.0,without_chunking,LMM-1,11.0,10.999999999999977,0.7157506702725729
56,1255,6,6,60.0,without_chunking,LMM-2,11.0,10.999999999999977,0.7157506702725729
56,1255,6,6,60.0,with_chunking,LMM-1,11.5,11.474999999999975,0.4885772999123501
56,1255,6,6,60.0,with_chunking,LMM-2,11.5,11.474999999999975,0.4885772999123501
56,1255,6,8,80.0,without_chunking,LMM-1,11.0,10.99999999999998,0.6765440977013137
56,1255,6,8,80.0,without_chunking,LMM-2,11.0,10.99999999999998,0.6765440977013137
56,1255,6,8,80.0,with_chunking,LMM-1,11.5,11.47499999999998,0.43402127991976075
56,1255,6,8,80.0,with_chunking,LMM-2,11.5,11.47499999999998,0.43402127991976075
56,1255,8,2,20.0,without_chunking,LMM-1,10.0,10.050000000000006,0.818450168717477
56,1255,8,2,20.0,without_chunking,LMM-2,10.0,10.050000000000006,0.818450168717477
56,1255,8,2,20.0,with_chunking,LMM-1,10.5,10.525000000000006,0.6557174263479162
56,1255,8,2,20.0,with_chunking,LMM-2,10.5,10.525000000000006,0.6557174263479162
56,1255,8,4,40.0,without_chunking,LMM-1,10.0,10.04999999999999,0.7775879001396513
56,1255,8,4,40.0,without_chunking,LMM-2,10.0,10.04999999999999,0.7775879001396513
56,1255,8,4,40.0,with_chunking,LMM-1,10.5,10.52499999999999,0.5891077764418229
56,1255,8,4,40.0,with_chunking,LMM-2,10.5,10.52499999999999,0.5891077764418229
56,1255,8,6,60.0,without_chunking,LMM-1,10.0,10.049999999999978,0.7386362474858257
56,1255,8,6,60.0,without_chunking,LMM-2,10.0,10.049999999999978,0.7386362474858257
56,1255,8,6,60.0,with_chunking,LMM-1,10.5,10.524999999999977,0.5291939422000391
56,1255,8,6,60.0,with_chunking,LMM-2,10.5,10.524999999999977,0.5291939422000391
56,1255,8,8,80.0,without_chunking,LMM-1,10.0,10.049999999999981,0.7016123724822138
56,1255,8,8,80.0,without_chunking,LMM-2,10.0,10.049999999999981,0.7016123724822138
56,1255,8,8,80.0,with_chunking,LMM-1,10.5,10.52499999999998,0.47549198745860066
56,1255,8,8,80.0,with_chunking,LMM-2,10.5,10.52499999999998,0.47549198745860066
56,1255,10,2,20.0,without_chunking,LMM-1,9.0,9.100000000000005,0.839736047122297
56,1255,10,2,20.0,without_chunking,LMM-2,9.0,9.100000000000005,0.839736047122297
56,1255,10,2,20.0,with_chunking,LMM-1,9.5,9.575000000000005,0.6865263165530486
56,1255,10,2,20.0,with_chunking,LMM-2,9.5,9.575000000000005,0.6865263165530486
56,1255,10,4,40.0,without_chunking,LMM-1,9.0,9.09999999999999,0.8023869607322843
56,1255,10,4,40.0,without_chunking,LMM-2,9.0,9.09999999999999,0.8023869607322843
56,1255,10,4,40.0,with_chunking,LMM-1,9.5,9.57499999999999,0.6237274724009724
56,1255,10,4,40.0,with_chunking,LMM-2,9.5,9.57499999999999,0.6237274724009724
56,1255,10,6,60.0,without_chunking,LMM-1,9.0,9.09999999999998,0.7665748922353888
56,1255,10,6,60.0,without_chunking,LMM-2,9.0,9.09999999999998,0.7665748922353888
56,1255,10,6,60.0,with_chunking,LMM-1,9.5,9.57499999999998,0.566585405102273
56,1255,10,6,60.0,with_chunking,LMM-2,9.5,9.57499999999998,0.566585405102273
56,1255,10,8,80.0,without_chunking,LMM-1,9.0,9.099999999999984,0.7322424065412538
56,1255,10,8,80.0,without_chunking,LMM-2,9.0,9.099999999999984,0.7322424065412538
56,1255,10,8,80.0,with_chunking,LMM-1,9.5,9.574999999999982,0.5146270910467089
56,1255,10,8,80.0,with_chunking,LMM-2,9.5,9.574999999999982,0.5146270910467089
57,1256,4,2,20.0,without_chunking,LMM-1,11.0,11.000000000000007,0.7836837676696771
57,1256,4,2,20.0,without_chunking,LMM-2,11.0,11.000000000000007,0.7836837676696771
57,1256,4,2,20.0,with_chunking,LMM-1,11.666666666666666,11.633333333333342,0.44262783688104557
57,1256,4,2,20.0,with_chunking,LMM-2,10.583333333333334,10.604166666666673,0.49926179425615685
57,1256,4,4,40.0,without_chunking,LMM-1,11.0,10.99999999999999,0.7399295831478264
57,1256,4,4,40.0,without_chunking,LMM-2,11.0,10.99999999999999,0.7399295831478264
57,1256,4,4,40.0,with_chunking,LMM-1,11.666666666666666,11.633333333333322,0.3680321027635486
57,1256,4,4,40.0,with_chunking,LMM-2,10.125,10.16874999999999,0.46592394941724213
57,1256,4,6,60.0,without_chunking,LMM-1,11.0,10.999999999999977,0.6984857921845045
57,1256,4,6,60.0,without_chunking,LMM-2,11.0,10.999999999999977,0.6984857921845045
57,1256,4,6,60.0,with_chunking,LMM-1,11.666666666666666,11.63333333333331,0.3060988107355498
57,1256,4,6,60.0,with_chunking,LMM-2,10.166666666666668,10.20833333333331,0.4182526471101483
57,1256,4,8,80.0,without_chunking,LMM-1,11.0,10.99999999999998,0.6595679976739495
57,1256,4,8,80.0,without_chunking,LMM-2,11.0,10.99999999999998,0.6595679976739495
57,1256,4,8,80.0,with_chunking,LMM-1,11.666666666666666,13.679166666666648,0.22961943704199203
57,1256,4,8,80.0,with_chunking,LMM-2,10.145833333333334,10.188541666666648,0.39133501100992285
57,1256,6,2,20.0,without_chunking,LMM-1,10.0,10.050000000000006,0.810068496386001
57,1256,6,2,20.0,without_chunking,LMM-2,10.0,10.050000000000004,0.8326530039754957
57,1256,6,2,20.0,with_chunking,LMM-1,11.0,11.000000000000007,0.4804641838301352
57,1256,6,2,20.0,with_chunking,LMM-2,10.958333333333334,10.960416666666674,0.5287840141548098
57,1256,6,4,40.0,without_chunking,LMM-1,10.0,10.04999999999999,0.7693738231431315
57,1256,6,4,40.0,without_chunking,LMM-2,10.0,10.049999999999988,0.814872781513237
57,1256,6,4,40.0,with_chunking,LMM-1,11.0,10.99999999999999,0.41005503283410405
57,1256,6,4,40.0,with_chunking,LMM-2,9.875,9.931249999999991,0.4862503358636736
57,1256,6,6,60.0,without_chunking,LMM-1,10.0,10.049999999999978,0.7305935567990244
57,1256,6,6,60.0,without_chunking,LMM-2,10.0,10.049999999999978,0.7974843153616348
57,1256,6,6,60.0,with_chunking,LMM-1,11.0,10.999999999999977,0.3500146800786508
57,1256,6,6,60.0,with_chunking,LMM-2,9.333333333333334,9.416666666666645,0.45784005026492214
57,1256,6,8,80.0,without_chunking,LMM-1,10.0,10.049999999999981,0.6937389583103861
57,1256,6,8,80.0,without_chunking,LMM-2,10.0,10.049999999999983,0.7804789613266399
57,1256,6,8,80.0,with_chunking,LMM-1,11.0,13.124999999999982,0.2682989651641927
57,1256,6,8,80.0,with_chunking,LMM-2,9.333333333333334,9.41666666666665,0.40954398612902027
57,1256,8,2,20.0,without_chunking,LMM-1,9.0,9.100000000000005,0.8267330499405142
57,1256,8,2,20.0,without_chunking,LMM-2,9.0,9.100000000000005,0.8267330499405142
57,1256,8,2,20.0,with_chunking,LMM-1,10.333333333333334,10.366666666666674,0.5005124017090126
57,1256,8,2,20.0,with_chunking,LMM-2,10.375,10.406250000000007,0.5417966827367799
57,1256,8,4,40.0,without_chunking,LMM-1,9.0,9.09999999999999,0.7895594060297357
57,1256,8,4,40.0,without_chunking,LMM-2,9.0,9.09999999999999,0.7895594060297357
57,1256,8,4,40.0,with_chunking,LMM-1,10.333333333333334,10.366666666666656,0.4259813679536796
57,1256,8,4,40.0,with_chunking,LMM-2,9.125,9.218749999999991,0.5131101819006534
57,1256,8,6,60.0,without_chunking,LMM-1,9.0,9.09999999999998,0.7539313991601044
57,1256,8,6,60.0,without_chunking,LMM-2,9.0,9.09999999999998,0.7539313991601044
57,1256,8,6,60.0,with_chunking,LMM-1,10.333333333333334,10.366666666666644,0.3625932473196519
57,1256,8,6,60.0,with_chunking,LMM-2,8.666666666666666,8.783333333333315,0.48105645765507254
57,1256,8,8,80.0,without_chunking,LMM-1,9.0,9.099999999999984,0.7198326303273209
57,1256,8,8,80.0,without_chunking,LMM-2,9.0,9.099999999999984,0.7198326303273209
57,1256,8,8,80.0,with_chunking,LMM-1,10.333333333333334,12.570833333333315,0.2772774681286942
57,1256,8,8,80.0,with_chunking,LMM-2,8.666666666666666,8.783333333333317,0.43166966282515196
57,1256,10,2,20.0,without_chunking,LMM-1,9.0,9.100000000000005,0.8335798632731464
57,1256,10,2,20.0,without_chunking,LMM-2,9.0,9.100000000000005,0.8335798632731464
57,1256,10,2,20.0,with_chunking,LMM-1,9.0,9.100000000000005,0.5691398043804949
57,1256,10,2,20.0,with_chunking,LMM-2,8.333333333333334,8.46666666666667,0.605855462227383
57,1256,10,4,40.0,without_chunking,LMM-1,9.0,9.09999999999999,0.7963275985962445
57,1256,10,4,40.0,without_chunking,LMM-2,9.0,9.09999999999999,0.7963275985962445
57,1256,10,4,40.0,with_chunking,LMM-1,9.0,9.09999999999999,0.49597579442550477
57,1256,10,4,40.0,with_chunking,LMM-2,8.333333333333334,8.466666666666658,0.5430186459945929
57,1256,10,6,60.0,without_chunking,LMM-1,9.0,9.09999999999998,0.7606152494374268
57,1256,10,6,60.0,without_chunking,LMM-2,9.0,9.09999999999998,0.7606152494374268
57,1256,10,6,60.0,with_chunking,LMM-1,9.0,9.09999999999998,0.4322143588798827
57,1256,10,6,60.0,with_chunking,LMM-2,8.333333333333334,8.466666666666647,0.4857752379332072
57,1256,10,8,80.0,without_chunking,LMM-1,9.0,9.099999999999984,0.726402592092938
57,1256,10,8,80.0,without_chunking,LMM-2,9.0,9.099999999999984,0.726402592092938
57,1256,10,8,80.0,with_chunking,LMM-1,9.0,9.099999999999984,0.3767269222655528
57,1256,10,8,80.0,with_chunking,LMM-2,8.333333333333334,8.46666666666665,0.4341785486071824
58,1257,4,2,20.0,without_chunking,LMM-1,15.0,14.800000000000011,0.7325291922549704
58,1257,4,2,20.0,without_chunking,LMM-2,15.0,14.800000000000011,0.7325291922549704
58,1257,4,2,20.0,with_chunking,LMM-1,15.0,14.800000000000011,0.7325291922549704
58,1257,4,2,20.0,with_chunking,LMM-2,15.0,14.800000000000011,0.7325291922549704
58,1257,4,4,40.0,without_chunking,LMM-1,15.0,14.799999999999981,0.6777208383871021
58,1257,4,4,40.0,without_chunking,LMM-2,15.0,14.799999999999981,0.6777208383871021
58,1257,4,4,40.0,with_chunking,LMM-1,15.0,14.799999999999981,0.6777208383871021
58,1257,4,4,40.0,with_chunking,LMM-2,15.0,14.799999999999981,0.6777208383871021
58,1257,4,6,60.0,without_chunking,LMM-1,15.0,14.799999999999967,0.6268943447836254
58,1257,4,6,60.0,without_chunking,LMM-2,15.0,14.799999999999967,0.6268943447836254
58,1257,4,6,60.0,with_chunking,LMM-1,15.0,14.799999999999967,0.6268943447836254
58,1257,4,6,60.0,with_chunking,LMM-2,15.0,14.799999999999967,0.6268943447836254
58,1257,4,8,80.0,without_chunking,LMM-1,15.0,14.799999999999976,0.5797710506762223
58,1257,4,8,80.0,without_chunking,LMM-2,15.0,14.799999999999976,0.5797710506762223
58,1257,4,8,80.0,with_chunking,LMM-1,15.0,14.799999999999976,0.5797710506762223
58,1257,4,8,80.0,with_chunking,LMM-2,15.0,14.799999999999976,0.5797710506762223
58,1257,6,2,20.0,without_chunking,LMM-1,14.0,13.850000000000012,0.7509741776710572
58,1257,6,2,20.0,without_chunking,LMM-2,14.0,13.850000000000012,0.7509741776710572
58,1257,6,2,20.0,with_chunking,LMM-1,14.0,13.850000000000012,0.7509741776710572
58,1257,6,2,20.0,with_chunking,LMM-2,14.0,13.850000000000012,0.7509741776710572
58,1257,6,4,40.0,without_chunking,LMM-1,14.0,13.849999999999985,0.6986487317823349
58,1257,6,4,40.0,without_chunking,LMM-2,14.0,13.849999999999985,0.6986487317823349
58,1257,6,4,40.0,with_chunking,LMM-1,14.0,13.849999999999985,0.6986487317823349
58,1257,6,4,40.0,with_chunking,LMM-2,14.0,13.849999999999985,0.6986487317823349
58,1257,6,6,60.0,without_chunking,LMM-1,14.0,13.849999999999968,0.649845874034628
58,1257,6,6,60.0,without_chunking,LMM-2,14.0,13.849999999999968,0.649845874034628
58,1257,6,6,60.0,with_chunking,LMM-1,14.0,13.849999999999968,0.649845874034628
58,1257,6,6,60.0,with_chunking,LMM-2,14.0,13.849999999999968,0.649845874034628
58,1257,6,8,80.0,without_chunking,LMM-1,14.0,13.849999999999977,0.6043384952542914
58,1257,6,8,80.0,without_chunking,LMM-2,14.0,13.849999999999977,0.6043384952542914
58,1257,6,8,80.0,with_chunking,LMM-1,14.0,13.849999999999977,0.6043384952542914
58,1257,6,8,80.0,with_chunking,LMM-2,14.0,13.849999999999977,0.6043384952542914
58,1257,8,2,20.0,without_chunking,LMM-1,14.0,13.850000000000012,0.7509741776710572
58,1257,8,2,20.0,without_chunking,LMM-2,14.0,13.850000000000012,0.7509741776710572
58,1257,8,2,20.0,with_chunking,LMM-1,14.0,13.850000000000012,0.7509741776710572
58,1257,8,2,20.0,with_chunking,LMM-2,14.0,13.850000000000012,0.7509741776710572
58,1257,8,4,40.0,without_chunking,LMM-1,14.0,13.849999999999985,0.6986487317823349
58,1257,8,4,40.0,without_chunking,LMM-2,14.0,13.849999999999985,0.6986487317823349
58,1257,8,4,40.0,with_chunking,LMM-1,14.0,13.849999999999985,0.6986487317823349
58,1257,8,4,40.0,with_chunking,LMM-2,14.0,13.849999999999985,0.6986487317823349
58,1257,8,6,60.0,without_chunking,LMM-1,14.0,13.849999999999968,0.649845874034628
58,1257,8,6,60.0,without_chunking,LMM-2,14.0,13.849999999999968,0.649845874034628
58,1257,8,6,60.0,with_chunking,LMM-1,14.0,13.849999999999968,0.649845874034628
58,1257,8,6,60.0,with_chunking,LMM-2,14.0,13.849999999999968,0.649845874034628
58,1257,8,8,80.0,without_chunking,LMM-1,14.0,13.849999999999977,0.6043384952542914
58,1257,8,8,80.0,without_chunking,LMM-2,14.0,13.849999999999977,0.6043384952542914
58,1257,8,8,80.0,with_chunking,LMM-1,14.0,13.849999999999977,0.6043384952542914
58,1257,8,8,80.0,with_chunking,LMM-2,14.0,13.849999999999977,0.6043384952542914
58,1257,10,2,20.0,without_chunking,LMM-1,14.0,13.850000000000012,0.7509741776710572
58,1257,10,2,20.0,without_chunking,LMM-2,14.0,13.850000000000012,0.7509741776710572
58,1257,10,2,20.0,with_chunking,LMM-1,14.0,13.850000000000012,0.7509741776710572
58,1257,10,2,20.0,with_chunking,LMM-2,14.0,13.850000000000012,0.7509741776710572
58,1257,10,4,40.0,without_chunking,LMM-1,14.0,13.849999999999985,0.6986487317823349
58,1257,10,4,40.0,without_chunking,LMM-2,14.0,13.849999999999985,0.6986487317823349
58,1257,10,4,40.0,with_chunking,LMM-1,14.0,13.849999999999985,0.6986487317823349
58,1257,10,4,40.0,with_chunking,LMM-2,14.0,13.849999999999985,0.6986487317823349
58,1257,10,6,60.0,without_chunking,LMM-1,14.0,13.849999999999968,0.649845874034628
58,1257,10,6,60.0,without_chunking,LMM-2,14.0,13.849999999999968,0.649845874034628
58,1257,10,6,60.0,with_chunking,LMM-1,14.0,13.849999999999968,0.649845874034628
58,1257,10,6,60.0,with_chunking,LMM-2,14.0,13.849999999999968,0.649845874034628
58,1257,10,8,80.0,without_chunking,LMM-1,14.0,13.849999999999977,0.6043384952542914
58,1257,10,8,80.0,without_chunking,LMM-2,14.0,13.849999999999977,0.6043384952542914
58,1257,10,8,80.0,with_chunking,LMM-1,14.0,13.849999999999977,0.6043384952542914
58,1257,10,8,80.0,with_chunking,LMM-2,14.0,13.849999999999977,0.6043384952542914
59,1258,4,2,20.0,without_chunking,LMM-1,12.0,11.95000000000001,0.7654985837843384
59,1258,4,2,20.0,without_chunking,LMM-2,12.0,11.95000000000001,0.7654985837843384
59,1258,4,2,20.0,with_chunking,LMM-1,12.375,12.30625000000001,0.6343508825160733
59,1258,4,2,20.0,with_chunking,LMM-2,12.375,12.30625000000001,0.6343508825160733
59,1258,4,4,40.0,without_chunking,LMM-1,12.0,11.949999999999989,0.7188157111263966
59,1258,4,4,40.0,without_chunking,LMM-2,12.0,11.949999999999989,0.7188157111263966
59,1258,4,4,40.0,with_chunking,LMM-1,12.5,12.424999999999986,0.5200829365480231
59,1258,4,4,40.0,with_chunking,LMM-2,12.5,12.424999999999986,0.5200829365480231
59,1258,4,6,60.0,without_chunking,LMM-1,12.0,11.949999999999974,0.6748474039577432
59,1258,4,6,60.0,without_chunking,LMM-2,12.0,11.949999999999974,0.6748474039577432
59,1258,4,6,60.0,with_chunking,LMM-1,12.5,12.424999999999974,0.45596519417972226
59,1258,4,6,60.0,with_chunking,LMM-2,12.5,12.424999999999974,0.45596519417972226
59,1258,4,8,80.0,without_chunking,LMM-1,12.0,11.94999999999998,0.6337629634765858
59,1258,4,8,80.0,without_chunking,LMM-2,12.0,11.94999999999998,0.6337629634765858
59,1258,4,8,80.0,with_chunking,LMM-1,12.5,12.42499999999998,0.39991776878305185
59,1258,4,8,80.0,with_chunking,LMM-2,12.5,12.42499999999998,0.39991776878305185
59,1258,6,2,20.0,without_chunking,LMM-1,12.0,11.95000000000001,0.771083543654606
59,1258,6,2,20.0,without_chunking,LMM-2,12.0,11.95000000000001,0.771083543654606
59,1258,6,2,20.0,with_chunking,LMM-1,11.25,11.237500000000008,0.6754819231916063
59,1258,6,2,20.0,with_chunking,LMM-2,11.25,11.237500000000008,0.6754819231916063
59,1258,6,4,40.0,without_chunking,LMM-1,12.0,11.949999999999989,0.724105424406351
59,1258,6,4,40.0,without_chunking,LMM-2,12.0,11.949999999999989,0.724105424406351
59,1258,6,4,40.0,with_chunking,LMM-1,11.0,10.99999999999999,0.5760561616157982
59,1258,6,4,40.0,with_chunking,LMM-2,11.0,10.99999999999999,0.5760561616157982
59,1258,6,6,60.0,without_chunking,LMM-1,12.0,11.949999999999974,0.6798572259140283
59,1258,6,6,60.0,without_chunking,LMM-2,12.0,11.949999999999974,0.6798572259140283
59,1258,6,6,60.0,with_chunking,LMM-1,11.0,10.999999999999977,0.5138091335426588
59,1258,6,6,60.0,with_chunking,LMM-2,11.0,10.999999999999977,0.5138091335426588
59,1258,6,8,80.0,without_chunking,LMM-1,12.0,11.94999999999998,0.6382297757739802
59,1258,6,8,80.0,without_chunking,LMM-2,12.0,11.94999999999998,0.6382297757739802
59,1258,6,8,80.0,with_chunking,LMM-1,11.0,10.99999999999998,0.45826377404675
59,1258,6,8,80.0,with_chunking,LMM-2,11.0,10.99999999999998,0.45826377404675
59,1258,8,2,20.0,without_chunking,LMM-1,10.0,10.050000000000006,0.8291030205071175
59,1258,8,2,20.0,without_chunking,LMM-2,10.0,10.050000000000006,0.8291030205071175
59,1258,8,2,20.0,with_chunking,LMM-1,10.5,10.525000000000006,0.7111497759405562
59,1258,8,2,20.0,with_chunking,LMM-2,10.5,10.525000000000006,0.7111497759405562
59,1258,8,4,40.0,without_chunking,LMM-1,10.0,10.04999999999999,0.8043290428123127
59,1258,8,4,40.0,without_chunking,LMM-2,10.0,10.04999999999999,0.8043290428123127
59,1258,8,4,40.0,with_chunking,LMM-1,10.5,10.52499999999999,0.6273035900948958
59,1258,8,4,40.0,with_chunking,LMM-2,10.5,10.52499999999999,0.6273035900948958
59,1258,8,6,60.0,without_chunking,LMM-1,10.0,10.049999999999978,0.7802418138509644
59,1258,8,6,60.0,without_chunking,LMM-2,10.0,10.049999999999978,0.7802418138509644
59,1258,8,6,60.0,with_chunking,LMM-1,10.5,10.524999999999977,0.5801380403489445
59,1258,8,6,60.0,with_chunking,LMM-2,10.5,10.524999999999977,0.5801380403489445
59,1258,8,8,80.0,without_chunking,LMM-1,10.0,10.049999999999981,0.756823939973347
59,1258,8,8,80.0,without_chunking,LMM-2,10.0,10.049999999999981,0.756823939973347
59,1258,8,8,80.0,with_chunking,LMM-1,10.5,10.52499999999998,0.5364719701275844
59,1258,8,8,80.0,with_chunking,LMM-2,10.5,10.52499999999998,0.5364719701275844
59,1258,10,2,20.0,without_chunking,LMM-1,9.0,9.100000000000005,0.8324189233166968
59,1258,10,2,20.0,without_chunking,LMM-2,9.0,9.100000000000005,0.8324189233166968
59,1258,10,2,20.0,with_chunking,LMM-1,9.5,9.575000000000005,0.7011086129426043
59,1258,10,2,20.0,with_chunking,LMM-2,9.5,9.575000000000005,0.7011086129426043
59,1258,10,4,40.0,without_chunking,LMM-1,9.0,9.09999999999999,0.7949035364108918
59,1258,10,4,40.0,without_chunking,LMM-2,9.0,9.09999999999999,0.7949035364108918
59,1258,10,4,40.0,with_chunking,LMM-1,9.5,9.57499999999999,0.6365530487248676
59,1258,10,4,40.0,with_chunking,LMM-2,9.5,9.57499999999999,0.6365530487248676
59,1258,10,6,60.0,without_chunking,LMM-1,9.0,9.09999999999998,0.7589519062637802
59,1258,10,6,60.0,without_chunking,LMM-2,9.0,9.09999999999998,0.7589519062637802
59,1258,10,6,60.0,with_chunking,LMM-1,9.5,9.57499999999998,0.5778504384796291
59,1258,10,6,60.0,with_chunking,LMM-2,9.5,9.57499999999998,0.5778504384796291
59,1258,10,8,80.0,without_chunking,LMM-1,9.0,9.099999999999984,0.7245670105040178
59,1258,10,8,80.0,without_chunking,LMM-2,9.0,9.099999999999984,0.7245670105040178
59,1258,10,8,80.0,with_chunking,LMM-1,9.5,9.574999999999982,0.5245234553848718
59,1258,10,8,80.0,with_chunking,LMM-2,9.5,9.574999999999982,0.5245234553848718
60,1259,4,2,20.0,without_chunking,LMM-1,11.0,11.000000000000007,0.7733233829182935
60,1259,4,2,20.0,without_chunking,LMM-2,11.0,11.000000000000007,0.7733233829182935
60,1259,4,2,20.0,with_chunking,LMM-1,12.0,11.950000000000006,0.563852802106313
60,1259,4,2,20.0,with_chunking,LMM-2,12.0,11.950000000000006,0.563852802106313
60,1259,4,4,40.0,without_chunking,LMM-1,11.0,10.99999999999999,0.7291623413845347
60,1259,4,4,40.0,without_chunking,LMM-2,11.0,10.99999999999999,0.7291623413845347
60,1259,4,4,40.0,with_chunking,LMM-1,12.0,11.949999999999987,0.49596233887995606
60,1259,4,4,40.0,with_chunking,LMM-2,12.0,11.949999999999987,0.49596233887995606
60,1259,4,6,60.0,without_chunking,LMM-1,11.0,10.999999999999977,0.6873859049425561
60,1259,4,6,60.0,without_chunking,LMM-2,11.0,10.999999999999977,0.6873859049425561
60,1259,4,6,60.0,with_chunking,LMM-1,12.0,11.949999999999974,0.4362077535275412
60,1259,4,6,60.0,with_chunking,LMM-2,12.0,11.949999999999974,0.4362077535275412
60,1259,4,8,80.0,without_chunking,LMM-1,11.0,10.99999999999998,0.6486400001533223
60,1259,4,8,80.0,without_chunking,LMM-2,11.0,10.99999999999998,0.6486400001533223
60,1259,4,8,80.0,with_chunking,LMM-1,12.0,11.94999999999998,0.38463607284495793
60,1259,4,8,80.0,with_chunking,LMM-2,12.0,11.94999999999998,0.38463607284495793
60,1259,6,2,20.0,without_chunking,LMM-1,11.0,11.000000000000007,0.7821124780669133
60,1259,6,2,20.0,without_chunking,LMM-2,11.0,11.000000000000007,0.7821124780669133
60,1259,6,2,20.0,with_chunking,LMM-1,11.0,11.000000000000005,0.4836228726995253
60,1259,6,2,20.0,with_chunking,LMM-2,10.0,10.050000000000004,0.522670075019668
60,1259,6,4,40.0,without_chunking,LMM-1,11.0,10.99999999999999,0.7382839827370984
60,1259,6,4,40.0,without_chunking,LMM-2,11.0,10.99999999999999,0.7382839827370984
60,1259,6,4,40.0,with_chunking,LMM-1,11.0,10.99999999999999,0.40702140565983846
60,1259,6,4,40.0,with_chunking,LMM-2,10.25,10.28749999999999,0.5212348439111378
60,1259,6,6,60.0,without_chunking,LMM-1,11.0,10.999999999999977,0.6967782282460102
60,1259,6,6,60.0,without_chunking,LMM-2,11.0,10.999999999999977,0.6967782282460102
60,1259,6,6,60.0,with_chunking,LMM-1,11.0,10.999999999999977,0.3426225624374384
60,1259,6,6,60.0,with_chunking,LMM-2,11.0,10.999999999999977,0.4795050062494304
60,1259,6,8,80.0,without_chunking,LMM-1,11.0,10.99999999999998,0.6577574885488544
60,1259,6,8,80.0,without_chunking,LMM-2,11.0,10.99999999999998,0.6577574885488544
60,1259,6,8,80.0,with_chunking,LMM-1,11.0,10.99999999999998,0.28888610205317544
60,1259,6,8,80.0,with_chunking,LMM-2,11.0,10.99999999999998,0.42748881882521056
60,1259,8,2,20.0,without_chunking,LMM-1,10.0,10.050000000000004,0.823720749152124
60,1259,8,2,20.0,without_chunking,LMM-2,10.0,10.050000000000004,0.823720749152124
60,1259,8,2,20.0,with_chunking,LMM-1,10.666666666666668,10.683333333333337,0.5094082616174287
60,1259,8,2,20.0,with_chunking,LMM-2,9.666666666666668,9.733333333333338,0.5506502189754419
60,1259,8,4,40.0,without_chunking,LMM-1,10.0,10.049999999999988,0.793215474473599
60,1259,8,4,40.0,without_chunking,LMM-2,10.0,10.049999999999988,0.793215474473599
60,1259,8,4,40.0,with_chunking,LMM-1,10.666666666666668,10.683333333333321,0.4372518679349431
60,1259,8,4,40.0,with_chunking,LMM-2,9.6875,9.75312499999999,0.5654602206225838
60,1259,8,6,60.0,without_chunking,LMM-1,10.0,10.049999999999978,0.7637643525778433
60,1259,8,6,60.0,without_chunking,LMM-2,10.0,10.049999999999978,0.7637643525778433
60,1259,8,6,60.0,with_chunking,LMM-1,10.666666666666666,10.683333333333309,0.3753590662984268
60,1259,8,6,60.0,with_chunking,LMM-2,10.458333333333332,10.485416666666644,0.529282634259618
60,1259,8,8,80.0,without_chunking,LMM-1,10.0,10.049999999999983,0.7353338350913833
60,1259,8,8,80.0,without_chunking,LMM-2,10.0,10.049999999999983,0.7353338350913833
60,1259,8,8,80.0,with_chunking,LMM-1,10.666666666666668,10.683333333333314,0.3226121550661349
60,1259,8,8,80.0,with_chunking,LMM-2,10.46875,10.495312499999981,0.4811412175328713
60,1259,10,2,20.0,without_chunking,LMM-1,8.0,8.150000000000004,0.8499927847475344
60,1259,10,2,20.0,without_chunking,LMM-2,6.5,6.725000000000003,0.9025440202732062
60,1259,10,2,20.0,with_chunking,LMM-1,8.333333333333334,8.466666666666672,0.6086646669213742
60,1259,10,2,20.0,with_chunking,LMM-2,7.875,8.031250000000004,0.6611349661867225
60,1259,10,4,40.0,without_chunking,LMM-1,8.0,8.149999999999991,0.8160640044280218
60,1259,10,4,40.0,without_chunking,LMM-2,5.5,5.774999999999995,0.9187169348723333
60,1259,10,4,40.0,with_chunking,LMM-1,8.333333333333334,8.466666666666658,0.5363340847040663
60,1259,10,4,40.0,with_chunking,LMM-2,7.270833333333333,7.457291666666659,0.6190412098616672
60,1259,10,6,60.0,without_chunking,LMM-1,8.0,8.149999999999983,0.78336795478232
60,1259,10,6,60.0,without_chunking,LMM-2,5.0,5.299999999999988,0.9203868401927167
60,1259,10,6,60.0,with_chunking,LMM-1,8.333333333333334,8.466666666666647,0.4725724315675719
60,1259,10,6,60.0,with_chunking,LMM-2,7.0,7.199999999999984,0.6072757279031814
60,1259,10,8,80.0,without_chunking,LMM-1,8.0,8.149999999999984,0.7519914523435675
60,1259,10,8,80.0,without_chunking,LMM-2,5.0,5.29999999999999,0.9131403402629106
60,1259,10,8,80.0,with_chunking,LMM-1,8.333333333333334,8.46666666666665,0.4164530243292359
60,1259,10,8,80.0,with_chunking,LMM-2,7.322916666666666,7.506770833333319,0.5811521697321314
61,1260,4,2,20.0,without_chunking,LMM-1,12.0,11.95000000000001,0.7749045068791152
61,1260,4,2,20.0,without_chunking,LMM-2,12.0,11.95000000000001,0.7749045068791152
61,1260,4,2,20.0,with_chunking,LMM-1,13.5,13.37500000000001,0.526815460352966
61,1260,4,2,20.0,with_chunking,LMM-2,13.5,13.37500000000001,0.526815460352966
61,1260,4,4,40.0,without_chunking,LMM-1,12.0,11.949999999999989,0.728230627797075
61,1260,4,4,40.0,without_chunking,LMM-2,12.0,11.949999999999989,0.728230627797075
61,1260,4,4,40.0,with_chunking,LMM-1,13.5,13.374999999999986,0.4560806026913691
61,1260,4,4,40.0,with_chunking,LMM-2,13.5,13.374999999999986,0.4560806026913691
61,1260,4,6,60.0,without_chunking,LMM-1,12.0,11.949999999999974,0.6842377255541008
61,1260,4,6,60.0,without_chunking,LMM-2,12.0,11.949999999999974,0.6842377255541008
61,1260,4,6,60.0,with_chunking,LMM-1,13.5,13.374999999999972,0.3948405156358048
61,1260,4,6,60.0,with_chunking,LMM-2,13.5,13.374999999999972,0.3948405156358048
61,1260,4,8,80.0,without_chunking,LMM-1,12.0,11.94999999999998,0.6431790222861842
61,1260,4,8,80.0,without_chunking,LMM-2,12.0,11.94999999999998,0.6431790222861842
61,1260,4,8,80.0,with_chunking,LMM-1,13.5,13.374999999999979,0.3422324469998581
61,1260,4,8,80.0,with_chunking,LMM-2,13.5,13.374999999999979,0.3422324469998581
61,1260,6,2,20.0,without_chunking,LMM-1,12.0,11.95000000000001,0.7749045068791152
61,1260,6,2,20.0,without_chunking,LMM-2,12.0,11.95000000000001,0.7749045068791152
61,1260,6,2,20.0,with_chunking,LMM-1,11.5,11.475000000000009,0.6003009875128824
61,1260,6,2,20.0,with_chunking,LMM-2,11.5,11.475000000000009,0.6003009875128824
61,1260,6,4,40.0,without_chunking,LMM-1,12.0,11.949999999999989,0.728230627797075
61,1260,6,4,40.0,without_chunking,LMM-2,12.0,11.949999999999989,0.728230627797075
61,1260,6,4,40.0,with_chunking,LMM-1,11.5,11.474999999999989,0.5325835599761126
61,1260,6,4,40.0,with_chunking,LMM-2,11.5,11.474999999999989,0.5325835599761126
61,1260,6,6,60.0,without_chunking,LMM-1,12.0,11.949999999999974,0.6842377255541008
61,1260,6,6,60.0,without_chunking,LMM-2,12.0,11.949999999999974,0.6842377255541008
61,1260,6,6,60.0,with_chunking,LMM-1,11.5,11.474999999999975,0.47245621814960165
61,1260,6,6,60.0,with_chunking,LMM-2,11.5,11.474999999999975,0.47245621814960165
61,1260,6,8,80.0,without_chunking,LMM-1,12.0,11.94999999999998,0.6431790222861842
61,1260,6,8,80.0,without_chunking,LMM-2,12.0,11.94999999999998,0.6431790222861842
61,1260,6,8,80.0,with_chunking,LMM-1,11.5,11.47499999999998,0.4197220807649964
61,1260,6,8,80.0,with_chunking,LMM-2,11.5,11.47499999999998,0.4197220807649964
61,1260,8,2,20.0,without_chunking,LMM-1,11.0,11.000000000000007,0.8013792734299785
61,1260,8,2,20.0,without_chunking,LMM-2,11.0,11.000000000000007,0.8013792734299785
61,1260,8,2,20.0,with_chunking,LMM-1,11.0,11.000000000000007,0.6229148963902471
61,1260,8,2,20.0,with_chunking,LMM-2,11.0,11.000000000000007,0.6229148963902471
61,1260,8,4,40.0,without_chunking,LMM-1,11.0,10.99999999999999,0.7577683106015344
61,1260,8,4,40.0,without_chunking,LMM-2,11.0,10.99999999999999,0.7577683106015344
61,1260,8,4,40.0,with_chunking,LMM-1,11.0,10.99999999999999,0.5560701046843484
61,1260,8,4,40.0,with_chunking,LMM-2,11.0,10.99999999999999,0.5560701046843484
61,1260,8,6,60.0,without_chunking,LMM-1,11.0,10.999999999999977,0.7164027344784202
61,1260,8,6,60.0,without_chunking,LMM-2,11.0,10.999999999999977,0.7164027344784202
61,1260,8,6,60.0,with_chunking,LMM-1,11.0,10.999999999999977,0.49633920910996054
61,1260,8,6,60.0,with_chunking,LMM-2,11.0,10.999999999999977,0.49633920910996054
61,1260,8,8,80.0,without_chunking,LMM-1,11.0,10.99999999999998,0.6771745856657349
61,1260,8,8,80.0,without_chunking,LMM-2,11.0,10.99999999999998,0.6771745856657349
61,1260,8,8,80.0,with_chunking,LMM-1,11.0,10.99999999999998,0.44315358000145366
61,1260,8,8,80.0,with_chunking,LMM-2,11.0,10.99999999999998,0.44315358000145366
61,1260,10,2,20.0,without_chunking,LMM-1,11.0,11.000000000000007,0.8013792734299785
61,1260,10,2,20.0,without_chunking,LMM-2,11.0,11.000000000000007,0.8013792734299785
61,1260,10,2,20.0,with_chunking,LMM-1,10.333333333333332,10.366666666666672,0.5987952859887761
61,1260,10,2,20.0,with_chunking,LMM-2,10.083333333333332,10.129166666666674,0.6096376816374958
61,1260,10,4,40.0,without_chunking,LMM-1,11.0,10.99999999999999,0.7577683106015344
61,1260,10,4,40.0,without_chunking,LMM-2,11.0,10.99999999999999,0.7577683106015344
61,1260,10,4,40.0,with_chunking,LMM-1,10.333333333333332,10.366666666666656,0.5350898671972992
61,1260,10,4,40.0,with_chunking,LMM-2,9.9375,9.99062499999999,0.5719604195960291
61,1260,10,6,60.0,without_chunking,LMM-1,11.0,10.999999999999977,0.7164027344784202
61,1260,10,6,60.0,without_chunking,LMM-2,11.0,10.999999999999977,0.7164027344784202
61,1260,10,6,60.0,with_chunking,LMM-1,10.333333333333334,10.366666666666644,0.4782479610360588
61,1260,10,6,60.0,with_chunking,LMM-2,10.11111111111111,10.155555555555534,0.5387502138263498
61,1260,10,8,80.0,without_chunking,LMM-1,11.0,10.99999999999998,0.6771745856657349
61,1260,10,8,80.0,without_chunking,LMM-2,11.0,10.99999999999998,0.6771745856657349
61,1260,10,8,80.0,with_chunking,LMM-1,10.333333333333332,10.366666666666648,0.42752199064118224
61,1260,10,8,80.0,with_chunking,LMM-2,10.145833333333334,10.188541666666648,0.4955847794932623
62,1261,4,2,20.0,without_chunking,LMM-1,13.0,12.90000000000001,0.7455562964707214
62,1261,4,2,20.0,without_chunking,LMM-2,13.0,12.90000000000001,0.7455562964707214
62,1261,4,2,20.0,with_chunking,LMM-1,13.0,12.90000000000001,0.7455562964707214
62,1261,4,2,20.0,with_chunking,LMM-2,13.0,12.90000000000001,0.7455562964707214
62,1261,4,4,40.0,without_chunking,LMM-1,13.0,12.899999999999986,0.6957695141550045
62,1261,4,4,40.0,without_chunking,LMM-2,13.0,12.899999999999986,0.6957695141550045
62,1261,4,4,40.0,with_chunking,LMM-1,13.0,12.899999999999986,0.6957695141550045
62,1261,4,4,40.0,with_chunking,LMM-2,13.0,12.899999999999986,0.6957695141550045
62,1261,4,6,60.0,without_chunking,LMM-1,13.0,12.899999999999972,0.6491756782580622
62,1261,4,6,60.0,without_chunking,LMM-2,13.0,12.899999999999972,0.6491756782580622
62,1261,4,6,60.0,with_chunking,LMM-1,13.0,12.899999999999972,0.6491756782580622
62,1261,4,6,60.0,with_chunking,LMM-2,13.0,12.899999999999972,0.6491756782580622
62,1261,4,8,80.0,without_chunking,LMM-1,13.0,12.899999999999977,0.605607589458314
62,1261,4,8,80.0,without_chunking,LMM-2,13.0,12.899999999999977,0.605607589458314
62,1261,4,8,80.0,with_chunking,LMM-1,13.0,12.899999999999977,0.605607589458314
62,1261,4,8,80.0,with_chunking,LMM-2,13.0,12.899999999999977,0.605607589458314
62,1261,6,2,20.0,without_chunking,LMM-1,9.0,9.100000000000005,0.8315330267557515
62,1261,6,2,20.0,without_chunking,LMM-2,9.0,9.100000000000005,0.8315330267557515
62,1261,6,2,20.0,with_chunking,LMM-1,10.0,10.050000000000004,0.6803755036186288
62,1261,6,2,20.0,with_chunking,LMM-2,10.0,10.050000000000004,0.6803755036186288
62,1261,6,4,40.0,without_chunking,LMM-1,9.0,9.09999999999999,0.7941555384815985
62,1261,6,4,40.0,without_chunking,LMM-2,9.0,9.09999999999999,0.7941555384815985
62,1261,6,4,40.0,with_chunking,LMM-1,10.0,10.04999999999999,0.6135860704086356
62,1261,6,4,40.0,with_chunking,LMM-2,10.0,10.04999999999999,0.6135860704086356
62,1261,6,6,60.0,without_chunking,LMM-1,9.0,9.09999999999998,0.7583318249896476
62,1261,6,6,60.0,without_chunking,LMM-2,9.0,9.09999999999998,0.7583318249896476
62,1261,6,6,60.0,with_chunking,LMM-1,10.0,10.049999999999978,0.5532696778510015
62,1261,6,6,60.0,with_chunking,LMM-2,10.0,10.049999999999978,0.5532696778510015
62,1261,6,8,80.0,without_chunking,LMM-1,9.0,9.099999999999984,0.724069682391463
62,1261,6,8,80.0,without_chunking,LMM-2,9.0,9.099999999999984,0.724069682391463
62,1261,6,8,80.0,with_chunking,LMM-1,10.0,10.049999999999981,0.49885285030670035
62,1261,6,8,80.0,with_chunking,LMM-2,10.0,10.049999999999981,0.49885285030670035
62,1261,8,2,20.0,without_chunking,LMM-1,9.0,9.100000000000005,0.85170475378058
62,1261,8,2,20.0,without_chunking,LMM-2,8.5,8.625000000000004,0.8649102611335955
62,1261,8,2,20.0,with_chunking,LMM-1,9.0,9.100000000000005,0.770018846157345
62,1261,8,2,20.0,with_chunking,LMM-2,8.75,8.862500000000004,0.7802173233328915
62,1261,8,4,40.0,without_chunking,LMM-1,9.0,9.09999999999999,0.8324359578117808
62,1261,8,4,40.0,without_chunking,LMM-2,8.5,8.62499999999999,0.8495758300337433
62,1261,8,4,40.0,with_chunking,LMM-1,9.0,9.09999999999999,0.7277720292455938
62,1261,8,4,40.0,with_chunking,LMM-2,8.4375,8.56562499999999,0.7540828412894147
62,1261,8,6,60.0,without_chunking,LMM-1,9.0,9.09999999999998,0.8135694688615827
62,1261,8,6,60.0,without_chunking,LMM-2,8.5,8.62499999999998,0.8345100405125407
62,1261,8,6,60.0,with_chunking,LMM-1,9.0,9.09999999999998,0.6878285057248348
62,1261,8,6,60.0,with_chunking,LMM-2,8.166666666666666,8.308333333333314,0.7258702315642229
62,1261,8,8,80.0,without_chunking,LMM-1,9.0,9.099999999999984,0.7950976820172366
62,1261,8,8,80.0,without_chunking,LMM-2,8.5,8.624999999999984,0.8197083747220262
62,1261,8,8,80.0,with_chunking,LMM-1,9.0,9.099999999999984,0.650126699659969
62,1261,8,8,80.0,with_chunking,LMM-2,8.1875,8.328124999999986,0.6905401509855376
62,1261,10,2,20.0,without_chunking,LMM-1,8.0,8.150000000000004,0.8548233527539965
62,1261,10,2,20.0,without_chunking,LMM-2,8.0,8.150000000000004,0.8548233527539965
62,1261,10,2,20.0,with_chunking,LMM-1,8.5,8.625000000000004,0.7108591351706426
62,1261,10,2,20.0,with_chunking,LMM-2,8.5,8.625000000000004,0.7300970139725966
62,1261,10,4,40.0,without_chunking,LMM-1,8.0,8.149999999999991,0.8213631323897556
62,1261,10,4,40.0,without_chunking,LMM-2,8.0,8.149999999999991,0.8213631323897556
62,1261,10,4,40.0,with_chunking,LMM-1,8.5,8.624999999999991,0.652466399094169
62,1261,10,4,40.0,with_chunking,LMM-2,9.5,9.57499999999999,0.6453679943489894
62,1261,10,6,60.0,without_chunking,LMM-1,8.0,8.149999999999983,0.7890954853099754
62,1261,10,6,60.0,without_chunking,LMM-2,8.0,8.149999999999983,0.7890954853099754
62,1261,10,6,60.0,with_chunking,LMM-1,8.5,8.62499999999998,0.5987671137884245
62,1261,10,6,60.0,with_chunking,LMM-2,9.5,9.57499999999998,0.5872454066670685
62,1261,10,8,80.0,without_chunking,LMM-1,8.0,8.149999999999984,0.7579826140727288
62,1261,10,8,80.0,without_chunking,LMM-2,8.0,8.149999999999984,0.7579826140727288
62,1261,10,8,80.0,with_chunking,LMM-1,8.5,8.624999999999984,0.5494425212777603
62,1261,10,8,80.0,with_chunking,LMM-2,9.5,9.574999999999982,0.5342767698345601
63,1262,4,2,20.0,without_chunking,LMM-1,11.0,11.000000000000007,0.7855155286980962
63,1262,4,2,20.0,without_chunking,LMM-2,11.0,11.000000000000007,0.7855155286980962
63,1262,4,2,20.0,with_chunking,LMM-1,12.166666666666668,12.108333333333341,0.44368354106160174
63,1262,4,2,20.0,with_chunking,LMM-2,11.833333333333334,11.791666666666673,0.4567077374471494
63,1262,4,4,40.0,without_chunking,LMM-1,11.0,10.99999999999999,0.7416761649602752
63,1262,4,4,40.0,without_chunking,LMM-2,11.0,10.99999999999999,0.7416761649602752
63,1262,4,4,40.0,with_chunking,LMM-1,12.166666666666668,12.108333333333322,0.3672734925669363
63,1262,4,4,40.0,with_chunking,LMM-2,11.8125,11.771874999999987,0.4418380139023357
63,1262,4,6,60.0,without_chunking,LMM-1,11.0,10.999999999999977,0.700150631859257
63,1262,4,6,60.0,without_chunking,LMM-2,11.0,10.999999999999977,0.700150631859257
63,1262,4,6,60.0,with_chunking,LMM-1,12.166666666666666,12.108333333333306,0.30413036197060034
63,1262,4,6,60.0,with_chunking,LMM-2,11.555555555555554,11.527777777777754,0.3526390424009844
63,1262,4,8,80.0,without_chunking,LMM-1,11.0,10.99999999999998,0.6613939871787599
63,1262,4,8,80.0,without_chunking,LMM-2,11.0,10.99999999999998,0.6613939871787599
63,1262,4,8,80.0,with_chunking,LMM-1,12.166666666666668,12.108333333333313,0.2521894282762233
63,1262,4,8,80.0,with_chunking,LMM-2,11.104166666666668,11.098958333333314,0.3195980734635032
63,1262,6,2,20.0,without_chunking,LMM-1,10.0,10.050000000000006,0.8131179560455855
63,1262,6,2,20.0,without_chunking,LMM-2,10.0,10.050000000000006,0.8131179560455855
63,1262,6,2,20.0,with_chunking,LMM-1,10.333333333333332,10.366666666666674,0.5876148597846289
63,1262,6,2,20.0,with_chunking,LMM-2,10.333333333333332,10.366666666666674,0.5875918406556155
63,1262,6,4,40.0,without_chunking,LMM-1,10.0,10.04999999999999,0.7728843987885711
63,1262,6,4,40.0,without_chunking,LMM-2,10.0,10.04999999999999,0.7728843987885711
63,1262,6,4,40.0,with_chunking,LMM-1,10.333333333333332,10.366666666666656,0.5229660029681458
63,1262,6,4,40.0,with_chunking,LMM-2,10.041666666666666,10.089583333333323,0.536705272674121
63,1262,6,6,60.0,without_chunking,LMM-1,10.0,10.049999999999978,0.7345155643157628
63,1262,6,6,60.0,without_chunking,LMM-2,10.0,10.049999999999978,0.7345155643157628
63,1262,6,6,60.0,with_chunking,LMM-1,10.333333333333334,10.366666666666644,0.4655137937728022
63,1262,6,6,60.0,with_chunking,LMM-2,9.805555555555554,9.865277777777756,0.4895355709720768
63,1262,6,8,80.0,without_chunking,LMM-1,10.0,10.049999999999981,0.697931740327059
63,1262,6,8,80.0,without_chunking,LMM-2,10.0,10.049999999999981,0.697931740327059
63,1262,6,8,80.0,with_chunking,LMM-1,10.333333333333332,10.366666666666648,0.41468600847224996
63,1262,6,8,80.0,with_chunking,LMM-2,9.666666666666666,9.733333333333315,0.4443733519680297
63,1262,8,2,20.0,without_chunking,LMM-1,9.0,9.100000000000005,0.8311105309465613
63,1262,8,2,20.0,without_chunking,LMM-2,9.0,9.100000000000005,0.8311105309465613
63,1262,8,2,20.0,with_chunking,LMM-1,9.666666666666668,9.733333333333338,0.5094503630080196
63,1262,8,2,20.0,with_chunking,LMM-2,9.666666666666668,9.733333333333338,0.5728884168538781
63,1262,8,4,40.0,without_chunking,LMM-1,9.0,9.09999999999999,0.793941364612415
63,1262,8,4,40.0,without_chunking,LMM-2,9.0,9.09999999999999,0.793941364612415
63,1262,8,4,40.0,with_chunking,LMM-1,10.0,10.04999999999999,0.3709080631663234
63,1262,8,4,40.0,with_chunking,LMM-2,9.25,9.33749999999999,0.42458815245020787
63,1262,8,6,60.0,without_chunking,LMM-1,9.0,9.09999999999998,0.7583095328570149
63,1262,8,6,60.0,without_chunking,LMM-2,9.0,9.09999999999998,0.7583095328570149
63,1262,8,6,60.0,with_chunking,LMM-1,10.0,10.049999999999978,0.3020751999895209
63,1262,8,6,60.0,with_chunking,LMM-2,8.868055555555557,8.97465277777776,0.4302515969793425
63,1262,8,8,80.0,without_chunking,LMM-1,9.0,9.099999999999984,0.7241923434424515
63,1262,8,8,80.0,without_chunking,LMM-2,9.0,9.099999999999984,0.7241923434424515
63,1262,8,8,80.0,with_chunking,LMM-1,10.0,10.049999999999983,0.24632431696287993
63,1262,8,8,80.0,with_chunking,LMM-2,9.015625,9.114843749999983,0.42621635474664377
63,1262,10,2,20.0,without_chunking,LMM-1,9.0,9.100000000000005,0.8311105309465613
63,1262,10,2,20.0,without_chunking,LMM-2,9.0,9.100000000000005,0.8311105309465613
63,1262,10,2,20.0,with_chunking,LMM-1,9.0,9.100000000000005,0.5852523856292542
63,1262,10,2,20.0,with_chunking,LMM-2,8.5,8.625000000000004,0.6753772870292949
63,1262,10,4,40.0,without_chunking,LMM-1,9.0,9.09999999999999,0.793941364612415
63,1262,10,4,40.0,without_chunking,LMM-2,9.0,9.09999999999999,0.793941364612415
63,1262,10,4,40.0,with_chunking,LMM-1,9.0,9.09999999999999,0.5102317149101852
63,1262,10,4,40.0,with_chunking,LMM-2,8.229166666666668,8.367708333333324,0.6250719239484065
63,1262,10,6,60.0,without_chunking,LMM-1,9.0,9.09999999999998,0.7583095328570149
63,1262,10,6,60.0,without_chunking,LMM-2,9.0,9.09999999999998,0.7583095328570149
63,1262,10,6,60.0,with_chunking,LMM-1,9.0,9.09999999999998,0.4448249110032845
63,1262,10,6,60.0,with_chunking,LMM-2,8.659722222222221,8.776736111111092,0.4953069170296974
63,1262,10,8,80.0,without_chunking,LMM-1,9.0,9.099999999999984,0.7241923434424515
63,1262,10,8,80.0,without_chunking,LMM-2,9.0,9.099999999999984,0.7241923434424515
63,1262,10,8,80.0,with_chunking,LMM-1,9.0,9.099999999999984,0.3878848916787274
63,1262,10,8,80.0,with_chunking,LMM-2,8.5,8.624999999999984,0.43158964933817967
64,1263,4,2,20.0,without_chunking,LMM-1,11.5,11.475000000000009,0.7870477465963264
64,1263,4,2,20.0,without_chunking,LMM-2,11.5,11.475000000000009,0.7870477465963264
64,1263,4,2,20.0,with_chunking,LMM-1,11.5,11.475000000000009,0.7870477465963264
64,1263,4,2,20.0,with_chunking,LMM-2,11.5,11.475000000000009,0.7870477465963264
64,1263,4,4,40.0,without_chunking,LMM-1,11.5,11.474999999999989,0.7471154211746727
64,1263,4,4,40.0,without_chunking,LMM-2,11.5,11.474999999999989,0.7471154211746727
64,1263,4,4,40.0,with_chunking,LMM-1,11.5,11.474999999999989,0.7471154211746727
64,1263,4,4,40.0,with_chunking,LMM-2,11.5,11.474999999999989,0.7471154211746727
64,1263,4,6,60.0,without_chunking,LMM-1,11.5,11.474999999999975,0.7091033078615916
64,1263,4,6,60.0,without_chunking,LMM-2,11.5,11.474999999999975,0.7091033078615916
64,1263,4,6,60.0,with_chunking,LMM-1,11.5,11.474999999999975,0.7091033078615916
64,1263,4,6,60.0,with_chunking,LMM-2,11.5,11.474999999999975,0.7091033078615916
64,1263,4,8,80.0,without_chunking,LMM-1,11.5,11.47499999999998,0.6729249426658825
64,1263,4,8,80.0,without_chunking,LMM-2,11.5,11.47499999999998,0.6729249426658825
64,1263,4,8,80.0,with_chunking,LMM-1,11.5,11.47499999999998,0.6729249426658825
64,1263,4,8,80.0,with_chunking,LMM-2,11.5,11.47499999999998,0.6729249426658825
64,1263,6,2,20.0,without_chunking,LMM-1,10.0,10.050000000000006,0.8158844383713478
64,1263,6,2,20.0,without_chunking,LMM-2,10.0,10.050000000000006,0.8158844383713478
64,1263,6,2,20.0,with_chunking,LMM-1,10.0,10.050000000000006,0.7469647369910648
64,1263,6,2,20.0,with_chunking,LMM-2,10.0,10.050000000000006,0.7469647369910648
64,1263,6,4,40.0,without_chunking,LMM-1,10.0,10.04999999999999,0.7754127475220383
64,1263,6,4,40.0,without_chunking,LMM-2,10.0,10.04999999999999,0.7754127475220383
64,1263,6,4,40.0,with_chunking,LMM-1,10.0,10.04999999999999,0.7017768282384946
64,1263,6,4,40.0,with_chunking,LMM-2,10.0,10.04999999999999,0.7017768282384946
64,1263,6,6,60.0,without_chunking,LMM-1,10.0,10.049999999999978,0.7368205500991025
64,1263,6,6,60.0,without_chunking,LMM-2,10.0,10.049999999999978,0.7368205500991025
64,1263,6,6,60.0,with_chunking,LMM-1,10.0,10.049999999999978,0.6593295615469124
64,1263,6,6,60.0,with_chunking,LMM-2,10.0,10.049999999999978,0.6593295615469124
64,1263,6,8,80.0,without_chunking,LMM-1,10.0,10.049999999999981,0.7000958791858096
64,1263,6,8,80.0,without_chunking,LMM-2,10.0,10.049999999999981,0.7000958791858096
64,1263,6,8,80.0,with_chunking,LMM-1,10.0,10.049999999999981,0.6195207020984921
64,1263,6,8,80.0,with_chunking,LMM-2,10.0,10.049999999999981,0.6195207020984921
64,1263,8,2,20.0,without_chunking,LMM-1,9.5,9.575000000000005,0.8396329729067153
64,1263,8,2,20.0,without_chunking,LMM-2,9.5,9.575000000000005,0.8396329729067153
64,1263,8,2,20.0,with_chunking,LMM-1,9.75,9.812500000000005,0.6807136614789239
64,1263,8,2,20.0,with_chunking,LMM-2,9.75,9.812500000000005,0.6807136614789239
64,1263,8,4,40.0,without_chunking,LMM-1,9.5,9.57499999999999,0.8102734924054563
64,1263,8,4,40.0,without_chunking,LMM-2,9.5,9.57499999999999,0.8102734924054563
64,1263,8,4,40.0,with_chunking,LMM-1,9.75,9.81249999999999,0.6241887911288004
64,1263,8,4,40.0,with_chunking,LMM-2,9.75,9.81249999999999,0.6241887911288004
64,1263,8,6,60.0,without_chunking,LMM-1,9.5,9.57499999999998,0.7818635548478274
64,1263,8,6,60.0,without_chunking,LMM-2,9.5,9.57499999999998,0.7818635548478274
64,1263,8,6,60.0,with_chunking,LMM-1,9.75,9.812499999999979,0.5722813950436362
64,1263,8,6,60.0,with_chunking,LMM-2,9.75,9.812499999999979,0.5722813950436362
64,1263,8,8,80.0,without_chunking,LMM-1,9.5,9.574999999999982,0.7543752229320129
64,1263,8,8,80.0,without_chunking,LMM-2,9.5,9.574999999999982,0.7543752229320129
64,1263,8,8,80.0,with_chunking,LMM-1,9.75,9.812499999999982,0.5246303318503498
64,1263,8,8,80.0,with_chunking,LMM-2,9.75,9.812499999999982,0.5246303318503498
64,1263,10,2,20.0,without_chunking,LMM-1,9.0,9.100000000000005,0.8430127731514739
64,1263,10,2,20.0,without_chunking,LMM-2,9.0,9.100000000000005,0.8430127731514739
64,1263,10,2,20.0,with_chunking,LMM-1,9.5,9.575000000000005,0.6835116057469814
64,1263,10,2,20.0,with_chunking,LMM-2,9.5,9.575000000000005,0.6835116057469814
64,1263,10,4,40.0,without_chunking,LMM-1,9.0,9.09999999999999,0.8059157862135128
64,1263,10,4,40.0,without_chunking,LMM-2,9.0,9.09999999999999,0.8059157862135128
64,1263,10,4,40.0,with_chunking,LMM-1,9.5,9.57499999999999,0.620922347213908
64,1263,10,4,40.0,with_chunking,LMM-2,9.5,9.57499999999999,0.620922347213908
64,1263,10,6,60.0,without_chunking,LMM-1,9.0,9.09999999999998,0.7703280075269239
64,1263,10,6,60.0,without_chunking,LMM-2,9.0,9.09999999999998,0.7703280075269239
64,1263,10,6,60.0,with_chunking,LMM-1,9.5,9.57499999999998,0.5639762467414977
64,1263,10,6,60.0,with_chunking,LMM-2,9.5,9.57499999999998,0.5639762467414977
64,1263,10,8,80.0,without_chunking,LMM-1,9.0,9.099999999999984,0.736279909536676
64,1263,10,8,80.0,without_chunking,LMM-2,9.0,9.099999999999984,0.736279909536676
64,1263,10,8,80.0,with_chunking,LMM-1,9.5,9.574999999999982,0.5122387764398434
64,1263,10,8,80.0,with_chunking,LMM-2,9.5,9.574999999999982,0.5122387764398434
65,1264,4,2,20.0,without_chunking,LMM-1,12.0,11.95000000000001,0.7816076408998434
65,1264,4,2,20.0,without_chunking,LMM-2,12.0,11.95000000000001,0.7816076408998434
65,1264,4,2,20.0,with_chunking,LMM-1,12.0,11.95000000000001,0.7816076408998434
65,1264,4,2,20.0,with_chunking,LMM-2,12.0,11.95000000000001,0.7816076408998434
65,1264,4,4,40.0,without_chunking,LMM-1,12.0,11.949999999999989,0.7347687669491163
65,1264,4,4,40.0,without_chunking,LMM-2,12.0,11.949999999999989,0.7347687669491163
65,1264,4,4,40.0,with_chunking,LMM-1,12.0,11.949999999999989,0.7347687669491163
65,1264,4,4,40.0,with_chunking,LMM-2,12.0,11.949999999999989,0.7347687669491163
65,1264,4,6,60.0,without_chunking,LMM-1,12.0,11.949999999999974,0.6906075369642407
65,1264,4,6,60.0,without_chunking,LMM-2,12.0,11.949999999999974,0.6906075369642407
65,1264,4,6,60.0,with_chunking,LMM-1,12.0,11.949999999999974,0.6906075369642407
65,1264,4,6,60.0,with_chunking,LMM-2,12.0,11.949999999999974,0.6906075369642407
65,1264,4,8,80.0,without_chunking,LMM-1,12.0,11.94999999999998,0.648979559986816
65,1264,4,8,80.0,without_chunking,LMM-2,12.0,11.94999999999998,0.648979559986816
65,1264,4,8,80.0,with_chunking,LMM-1,12.0,11.94999999999998,0.648979559986816
65,1264,4,8,80.0,with_chunking,LMM-2,12.0,11.94999999999998,0.648979559986816
65,1264,6,2,20.0,without_chunking,LMM-1,12.0,11.95000000000001,0.7816076408998434
65,1264,6,2,20.0,without_chunking,LMM-2,12.0,11.95000000000001,0.7816076408998434
65,1264,6,2,20.0,with_chunking,LMM-1,11.5,11.475000000000009,0.6070407914394416
65,1264,6,2,20.0,with_chunking,LMM-2,11.5,11.475000000000009,0.6070407914394416
65,1264,6,4,40.0,without_chunking,LMM-1,12.0,11.949999999999989,0.7347687669491163
65,1264,6,4,40.0,without_chunking,LMM-2,12.0,11.949999999999989,0.7347687669491163
65,1264,6,4,40.0,with_chunking,LMM-1,11.5,11.474999999999989,0.538632831622801
65,1264,6,4,40.0,with_chunking,LMM-2,11.5,11.474999999999989,0.538632831622801
65,1264,6,6,60.0,without_chunking,LMM-1,12.0,11.949999999999974,0.6906075369642407
65,1264,6,6,60.0,without_chunking,LMM-2,12.0,11.949999999999974,0.6906075369642407
65,1264,6,6,60.0,with_chunking,LMM-1,11.5,11.474999999999975,0.4778851523949083
65,1264,6,6,60.0,with_chunking,LMM-2,11.5,11.474999999999975,0.4778851523949083
65,1264,6,8,80.0,without_chunking,LMM-1,12.0,11.94999999999998,0.648979559986816
65,1264,6,8,80.0,without_chunking,LMM-2,12.0,11.94999999999998,0.648979559986816
65,1264,6,8,80.0,with_chunking,LMM-1,11.5,11.47499999999998,0.42428623553879163
65,1264,6,8,80.0,with_chunking,LMM-2,11.5,11.47499999999998,0.42428623553879163
65,1264,8,2,20.0,without_chunking,LMM-1,12.0,11.95000000000001,0.7816076408998434
65,1264,8,2,20.0,without_chunking,LMM-2,12.0,11.95000000000001,0.7816076408998434
65,1264,8,2,20.0,with_chunking,LMM-1,11.5,11.475000000000009,0.6070407914394416
65,1264,8,2,20.0,with_chunking,LMM-2,11.5,11.475000000000009,0.6070407914394416
65,1264,8,4,40.0,without_chunking,LMM-1,12.0,11.949999999999989,0.7347687669491163
65,1264,8,4,40.0,without_chunking,LMM-2,12.0,11.949999999999989,0.7347687669491163
65,1264,8,4,40.0,with_chunking,LMM-1,11.5,11.474999999999989,0.538632831622801
65,1264,8,4,40.0,with_chunking,LMM-2,11.5,11.474999999999989,0.538632831622801
65,1264,8,6,60.0,without_chunking,LMM-1,12.0,11.949999999999974,0.6906075369642407
65,1264,8,6,60.0,without_chunking,LMM-2,12.0,11.949999999999974,0.6906075369642407
65,1264,8,6,60.0,with_chunking,LMM-1,11.5,11.474999999999975,0.4778851523949083
65,1264,8,6,60.0,with_chunking,LMM-2,11.5,11.474999999999975,0.4778851523949083
65,1264,8,8,80.0,without_chunking,LMM-1,12.0,11.94999999999998,0.648979559986816
65,1264,8,8,80.0,without_chunking,LMM-2,12.0,11.94999999999998,0.648979559986816
65,1264,8,8,80.0,with_chunking,LMM-1,11.5,11.47499999999998,0.42428623553879163
65,1264,8,8,80.0,with_chunking,LMM-2,11.5,11.47499999999998,0.42428623553879163
65,1264,10,2,20.0,without_chunking,LMM-1,12.0,11.95000000000001,0.7816076408998434
65,1264,10,2,20.0,without_chunking,LMM-2,12.0,11.95000000000001,0.7816076408998434
65,1264,10,2,20.0,with_chunking,LMM-1,10.666666666666668,10.68333333333334,0.5250537861997295
65,1264,10,2,20.0,with_chunking,LMM-2,10.333333333333334,10.366666666666674,0.5377441470533377
65,1264,10,4,40.0,without_chunking,LMM-1,12.0,11.949999999999989,0.7347687669491163
65,1264,10,4,40.0,without_chunking,LMM-2,12.0,11.949999999999989,0.7347687669491163
65,1264,10,4,40.0,with_chunking,LMM-1,10.666666666666668,10.683333333333323,0.4544196695182713
65,1264,10,4,40.0,with_chunking,LMM-2,10.208333333333334,10.247916666666658,0.480683781707823
65,1264,10,6,60.0,without_chunking,LMM-1,12.0,11.949999999999974,0.6906075369642407
65,1264,10,6,60.0,without_chunking,LMM-2,12.0,11.949999999999974,0.6906075369642407
65,1264,10,6,60.0,with_chunking,LMM-1,10.666666666666666,10.68333333333331,0.39332728572284775
65,1264,10,6,60.0,with_chunking,LMM-2,9.972222222222221,10.023611111111089,0.4515675166543809
65,1264,10,8,80.0,without_chunking,LMM-1,12.0,11.94999999999998,0.648979559986816
65,1264,10,8,80.0,without_chunking,LMM-2,12.0,11.94999999999998,0.648979559986816
65,1264,10,8,80.0,with_chunking,LMM-1,10.666666666666668,10.683333333333314,0.3404869693337661
65,1264,10,8,80.0,with_chunking,LMM-2,9.625,9.693749999999984,0.42535710836296536
66,1265,4,2,20.0,without_chunking,LMM-1,14.0,13.850000000000012,0.7588333527062703
66,1265,4,2,20.0,without_chunking,LMM-2,14.0,13.850000000000012,0.7588333527062703
66,1265,4,2,20.0,with_chunking,LMM-1,14.0,13.850000000000012,0.7588333527062703
66,1265,4,2,20.0,with_chunking,LMM-2,14.0,13.850000000000012,0.7588333527062703
66,1265,4,4,40.0,without_chunking,LMM-1,14.0,13.849999999999985,0.7060981681554701
66,1265,4,4,40.0,without_chunking,LMM-2,14.0,13.849999999999985,0.7060981681554701
66,1265,4,4,40.0,with_chunking,LMM-1,14.0,13.849999999999985,0.7060981681554701
66,1265,4,4,40.0,with_chunking,LMM-2,14.0,13.849999999999985,0.7060981681554701
66,1265,4,6,60.0,without_chunking,LMM-1,14.0,13.849999999999968,0.6569032438001864
66,1265,4,6,60.0,without_chunking,LMM-2,14.0,13.849999999999968,0.6569032438001864
66,1265,4,6,60.0,with_chunking,LMM-1,14.0,13.849999999999968,0.6569032438001864
66,1265,4,6,60.0,with_chunking,LMM-2,14.0,13.849999999999968,0.6569032438001864
66,1265,4,8,80.0,without_chunking,LMM-1,14.0,13.849999999999977,0.6110349318819586
66,1265,4,8,80.0,without_chunking,LMM-2,14.0,13.849999999999977,0.6110349318819586
66,1265,4,8,80.0,with_chunking,LMM-1,14.0,13.849999999999977,0.6110349318819586
66,1265,4,8,80.0,with_chunking,LMM-2,14.0,13.849999999999977,0.6110349318819586
66,1265,6,2,20.0,without_chunking,LMM-1,14.0,13.850000000000012,0.7588333527062703
66,1265,6,2,20.0,without_chunking,LMM-2,14.0,13.850000000000012,0.7588333527062703
66,1265,6,2,20.0,with_chunking,LMM-1,14.0,13.850000000000012,0.7588333527062703
66,1265,6,2,20.0,with_chunking,LMM-2,14.0,13.850000000000012,0.7588333527062703
66,1265,6,4,40.0,without_chunking,LMM-1,14.0,13.849999999999985,0.7060981681554701
66,1265,6,4,40.0,without_chunking,LMM-2,14.0,13.849999999999985,0.7060981681554701
66,1265,6,4,40.0,with_chunking,LMM-1,14.0,13.849999999999985,0.7060981681554701
66,1265,6,4,40.0,with_chunking,LMM-2,14.0,13.849999999999985,0.7060981681554701
66,1265,6,6,60.0,without_chunking,LMM-1,14.0,13.849999999999968,0.6569032438001864
66,1265,6,6,60.0,without_chunking,LMM-2,14.0,13.849999999999968,0.6569032438001864
66,1265,6,6,60.0,with_chunking,LMM-1,14.0,13.849999999999968,0.6569032438001864
66,1265,6,6,60.0,with_chunking,LMM-2,14.0,13.849999999999968,0.6569032438001864
66,1265,6,8,80.0,without_chunking,LMM-1,14.0,13.849999999999977,0.6110349318819586
66,1265,6,8,80.0,without_chunking,LMM-2,14.0,13.849999999999977,0.6110349318819586
66,1265,6,8,80.0,with_chunking,LMM-1,14.0,13.849999999999977,0.6110349318819586
66,1265,6,8,80.0,with_chunking,LMM-2,14.0,13.849999999999977,0.6110349318819586
66,1265,8,2,20.0,without_chunking,LMM-1,14.0,13.850000000000012,0.7588333527062703
66,1265,8,2,20.0,without_chunking,LMM-2,14.0,13.850000000000012,0.7588333527062703
66,1265,8,2,20.0,with_chunking,LMM-1,12.5,12.425000000000008,0.6201868156641732
66,1265,8,2,20.0,with_chunking,LMM-2,12.5,12.425000000000008,0.6201868156641732
66,1265,8,4,40.0,without_chunking,LMM-1,14.0,13.849999999999985,0.7060981681554701
66,1265,8,4,40.0,without_chunking,LMM-2,14.0,13.849999999999985,0.7060981681554701
66,1265,8,4,40.0,with_chunking,LMM-1,12.5,12.424999999999986,0.5484936193040293
66,1265,8,4,40.0,with_chunking,LMM-2,12.5,12.424999999999986,0.5484936193040293
66,1265,8,6,60.0,without_chunking,LMM-1,14.0,13.849999999999968,0.6569032438001864
66,1265,8,6,60.0,without_chunking,LMM-2,14.0,13.849999999999968,0.6569032438001864
66,1265,8,6,60.0,with_chunking,LMM-1,12.5,12.424999999999974,0.4850595924441212
66,1265,8,6,60.0,with_chunking,LMM-2,12.5,12.424999999999974,0.4850595924441212
66,1265,8,8,80.0,without_chunking,LMM-1,14.0,13.849999999999977,0.6110349318819586
66,1265,8,8,80.0,without_chunking,LMM-2,14.0,13.849999999999977,0.6110349318819586
66,1265,8,8,80.0,with_chunking,LMM-1,12.5,12.42499999999998,0.42894984116809676
66,1265,8,8,80.0,with_chunking,LMM-2,12.5,12.42499999999998,0.42894984116809676
66,1265,10,2,20.0,without_chunking,LMM-1,11.0,11.000000000000007,0.8048128731521117
66,1265,10,2,20.0,without_chunking,LMM-2,11.0,11.000000000000007,0.8048128731521117
66,1265,10,2,20.0,with_chunking,LMM-1,11.0,11.000000000000007,0.6563892304837567
66,1265,10,2,20.0,with_chunking,LMM-2,11.0,11.000000000000007,0.6563892304837567
66,1265,10,4,40.0,without_chunking,LMM-1,11.0,10.99999999999999,0.7610795330723021
66,1265,10,4,40.0,without_chunking,LMM-2,11.0,10.99999999999999,0.7610795330723021
66,1265,10,4,40.0,with_chunking,LMM-1,11.0,10.99999999999999,0.5861759241490914
66,1265,10,4,40.0,with_chunking,LMM-2,11.0,10.99999999999999,0.5861759241490914
66,1265,10,6,60.0,without_chunking,LMM-1,11.0,10.999999999999977,0.7195943736779227
66,1265,10,6,60.0,without_chunking,LMM-2,11.0,10.999999999999977,0.7195943736779227
66,1265,10,6,60.0,with_chunking,LMM-1,11.0,10.999999999999977,0.5234111443325182
66,1265,10,6,60.0,with_chunking,LMM-2,11.0,10.999999999999977,0.5234111443325182
66,1265,10,8,80.0,without_chunking,LMM-1,11.0,10.99999999999998,0.680249478864305
66,1265,10,8,80.0,without_chunking,LMM-2,11.0,10.99999999999998,0.680249478864305
66,1265,10,8,80.0,with_chunking,LMM-1,11.0,10.99999999999998,0.4673151284672009
66,1265,10,8,80.0,with_chunking,LMM-2,11.0,10.99999999999998,0.4673151284672009
67,1266,4,2,20.0,without_chunking,LMM-1,13.5,13.37500000000001,0.7371452053636887
67,1266,4,2,20.0,without_chunking,LMM-2,13.5,13.37500000000001,0.7371452053636887
67,1266,4,2,20.0,with_chunking,LMM-1,12.75,12.66250000000001,0.5690280052008134
67,1266,4,2,20.0,with_chunking,LMM-2,12.75,12.66250000000001,0.5690280052008134
67,1266,4,4,40.0,without_chunking,LMM-1,13.5,13.374999999999984,0.6913233300299767
67,1266,4,4,40.0,without_chunking,LMM-2,13.5,13.374999999999984,0.6913233300299767
67,1266,4,4,40.0,with_chunking,LMM-1,12.75,12.662499999999987,0.5006194422797587
67,1266,4,4,40.0,with_chunking,LMM-2,12.75,12.662499999999987,0.5006194422797587
67,1266,4,6,60.0,without_chunking,LMM-1,13.5,13.37499999999997,0.6482514466751899
67,1266,4,6,60.0,without_chunking,LMM-2,13.5,13.37499999999997,0.6482514466751899
67,1266,4,6,60.0,with_chunking,LMM-1,12.75,12.662499999999973,0.44041914174143687
67,1266,4,6,60.0,with_chunking,LMM-2,12.75,12.662499999999973,0.44041914174143687
67,1266,4,8,80.0,without_chunking,LMM-1,13.5,13.374999999999977,0.6077714593276367
67,1266,4,8,80.0,without_chunking,LMM-2,13.5,13.374999999999977,0.6077714593276367
67,1266,4,8,80.0,with_chunking,LMM-1,12.75,12.662499999999978,0.38756639097698475
67,1266,4,8,80.0,with_chunking,LMM-2,12.75,12.662499999999978,0.38756639097698475
67,1266,6,2,20.0,without_chunking,LMM-1,12.0,11.95000000000001,0.7661422390393369
67,1266,6,2,20.0,without_chunking,LMM-2,12.0,11.95000000000001,0.7661422390393369
67,1266,6,2,20.0,with_chunking,LMM-1,11.5,11.475000000000009,0.618082147734667
67,1266,6,2,20.0,with_chunking,LMM-2,11.5,11.475000000000009,0.618082147734667
67,1266,6,4,40.0,without_chunking,LMM-1,12.0,11.949999999999989,0.7194344296427932
67,1266,6,4,40.0,without_chunking,LMM-2,12.0,11.949999999999989,0.7194344296427932
67,1266,6,4,40.0,with_chunking,LMM-1,11.5,11.474999999999989,0.5544604467406415
67,1266,6,4,40.0,with_chunking,LMM-2,11.5,11.474999999999989,0.5544604467406415
67,1266,6,6,60.0,without_chunking,LMM-1,12.0,11.949999999999974,0.6754421717129191
67,1266,6,6,60.0,without_chunking,LMM-2,12.0,11.949999999999974,0.6754421717129191
67,1266,6,6,60.0,with_chunking,LMM-1,11.5,11.474999999999975,0.4973402940376732
67,1266,6,6,60.0,with_chunking,LMM-2,11.5,11.474999999999975,0.4973402940376732
67,1266,6,8,80.0,without_chunking,LMM-1,12.0,11.94999999999998,0.6343354886551951
67,1266,6,8,80.0,without_chunking,LMM-2,12.0,11.94999999999998,0.6343354886551951
67,1266,6,8,80.0,with_chunking,LMM-1,11.5,11.47499999999998,0.44627650151474196
67,1266,6,8,80.0,with_chunking,LMM-2,11.5,11.47499999999998,0.44627650151474196
67,1266,8,2,20.0,without_chunking,LMM-1,10.0,10.050000000000006,0.8127302156368978
67,1266,8,2,20.0,without_chunking,LMM-2,10.0,10.050000000000006,0.8127302156368978
67,1266,8,2,20.0,with_chunking,LMM-1,10.0,10.050000000000006,0.6731000266498577
67,1266,8,2,20.0,with_chunking,LMM-2,10.0,10.050000000000006,0.6731000266498577
67,1266,8,4,40.0,without_chunking,LMM-1,10.0,10.04999999999999,0.7722116068701564
67,1266,8,4,40.0,without_chunking,LMM-2,10.0,10.04999999999999,0.7722116068701564
67,1266,8,4,40.0,with_chunking,LMM-1,10.0,10.04999999999999,0.6074569517194497
67,1266,8,4,40.0,with_chunking,LMM-2,10.0,10.04999999999999,0.6074569517194497
67,1266,8,6,60.0,without_chunking,LMM-1,10.0,10.049999999999978,0.7335847143120249
67,1266,8,6,60.0,without_chunking,LMM-2,10.0,10.049999999999978,0.7335847143120249
67,1266,8,6,60.0,with_chunking,LMM-1,10.0,10.049999999999978,0.5481345375617602
67,1266,8,6,60.0,with_chunking,LMM-2,10.0,10.049999999999978,0.5481345375617602
67,1266,8,8,80.0,without_chunking,LMM-1,10.0,10.049999999999981,0.6968316170368336
67,1266,8,8,80.0,without_chunking,LMM-2,10.0,10.049999999999981,0.6968316170368336
67,1266,8,8,80.0,with_chunking,LMM-1,10.0,10.049999999999981,0.4945773729235799
67,1266,8,8,80.0,with_chunking,LMM-2,10.0,10.049999999999981,0.4945773729235799
67,1266,10,2,20.0,without_chunking,LMM-1,8.0,8.150000000000004,0.8556298037039294
67,1266,10,2,20.0,without_chunking,LMM-2,7.5,7.675000000000004,0.8677953823659239
67,1266,10,2,20.0,with_chunking,LMM-1,8.75,8.862500000000004,0.7199256437403294
67,1266,10,2,20.0,with_chunking,LMM-2,8.25,8.387500000000005,0.7404211891042144
67,1266,10,4,40.0,without_chunking,LMM-1,8.0,8.149999999999991,0.8219941013911441
67,1266,10,4,40.0,without_chunking,LMM-2,7.0,7.199999999999992,0.8551424962368472
67,1266,10,4,40.0,with_chunking,LMM-1,8.75,8.86249999999999,0.6668929567552841
67,1266,10,4,40.0,with_chunking,LMM-2,7.6875,7.853124999999992,0.7185703099041273
67,1266,10,6,60.0,without_chunking,LMM-1,8.0,8.149999999999983,0.7895620593392276
67,1266,10,6,60.0,without_chunking,LMM-2,7.0,7.199999999999984,0.8325609030996615
67,1266,10,6,60.0,with_chunking,LMM-1,8.75,8.862499999999981,0.6176794257826211
67,1266,10,6,60.0,with_chunking,LMM-2,7.583333333333334,7.754166666666649,0.7175441103836535
67,1266,10,8,80.0,without_chunking,LMM-1,8.0,8.149999999999984,0.758329469195703
67,1266,10,8,80.0,without_chunking,LMM-2,7.0,7.199999999999987,0.810516431027775
67,1266,10,8,80.0,with_chunking,LMM-1,8.75,8.862499999999983,0.5720420865429383
67,1266,10,8,80.0,with_chunking,LMM-2,8.46875,8.595312499999984,0.7064073074001074
68,1267,4,2,20.0,without_chunking,LMM-1,18.0,17.650000000000013,0.6375770334485067
68,1267,4,2,20.0,without_chunking,LMM-2,18.0,17.650000000000013,0.6375770334485067
68,1267,4,2,20.0,with_chunking,LMM-1,18.0,17.650000000000013,0.6375770334485067
68,1267,4,2,20.0,with_chunking,LMM-2,18.0,17.650000000000013,0.6375770334485067
68,1267,4,4,40.0,without_chunking,LMM-1,18.0,17.649999999999974,0.5770355891498826
68,1267,4,4,40.0,without_chunking,LMM-2,18.0,17.649999999999974,0.5770355891498826
68,1267,4,4,40.0,with_chunking,LMM-1,18.0,17.649999999999974,0.5770355891498826
68,1267,4,4,40.0,with_chunking,LMM-2,18.0,17.649999999999974,0.5770355891498826
68,1267,4,6,60.0,without_chunking,LMM-1,18.0,17.649999999999956,0.5221404969601194
68,1267,4,6,60.0,without_chunking,LMM-2,18.0,17.649999999999956,0.5221404969601194
68,1267,4,6,60.0,with_chunking,LMM-1,18.0,17.649999999999956,0.5221404969601194
68,1267,4,6,60.0,with_chunking,LMM-2,18.0,17.649999999999956,0.5221404969601194
68,1267,4,8,80.0,without_chunking,LMM-1,18.0,17.64999999999997,0.472377725923098
68,1267,4,8,80.0,without_chunking,LMM-2,18.0,17.64999999999997,0.472377725923098
68,1267,4,8,80.0,with_chunking,LMM-1,18.0,17.64999999999997,0.472377725923098
68,1267,4,8,80.0,with_chunking,LMM-2,18.0,17.64999999999997,0.472377725923098
68,1267,6,2,20.0,without_chunking,LMM-1,18.0,17.650000000000013,0.6375770334485067
68,1267,6,2,20.0,without_chunking,LMM-2,18.0,17.650000000000013,0.6375770334485067
68,1267,6,2,20.0,with_chunking,LMM-1,18.0,17.650000000000013,0.6375770334485067
68,1267,6,2,20.0,with_chunking,LMM-2,18.0,17.650000000000013,0.6375770334485067
68,1267,6,4,40.0,without_chunking,LMM-1,18.0,17.649999999999974,0.5770355891498826
68,1267,6,4,40.0,without_chunking,LMM-2,18.0,17.649999999999974,0.5770355891498826
68,1267,6,4,40.0,with_chunking,LMM-1,18.0,17.649999999999974,0.5770355891498826
68,1267,6,4,40.0,with_chunking,LMM-2,18.0,17.649999999999974,0.5770355891498826
68,1267,6,6,60.0,without_chunking,LMM-1,18.0,17.649999999999956,0.5221404969601194
68,1267,6,6,60.0,without_chunking,LMM-2,18.0,17.649999999999956,0.5221404969601194
68,1267,6,6,60.0,with_chunking,LMM-1,18.0,17.649999999999956,0.5221404969601194
68,1267,6,6,60.0,with_chunking,LMM-2,18.0,17.649999999999956,0.5221404969601194
68,1267,6,8,80.0,without_chunking,LMM-1,18.0,17.64999999999997,0.472377725923098
68,1267,6,8,80.0,without_chunking,LMM-2,18.0,17.64999999999997,0.472377725923098
68,1267,6,8,80.0,with_chunking,LMM-1,18.0,17.64999999999997,0.472377725923098
68,1267,6,8,80.0,with_chunking,LMM-2,18.0,17.64999999999997,0.472377725923098
68,1267,8,2,20.0,without_chunking,LMM-1,14.0,13.850000000000012,0.7080263124739014
68,1267,8,2,20.0,without_chunking,LMM-2,14.0,13.850000000000012,0.7080263124739014
68,1267,8,2,20.0,with_chunking,LMM-1,14.0,13.850000000000012,0.7080263124739014
68,1267,8,2,20.0,with_chunking,LMM-2,14.0,13.850000000000012,0.7080263124739014
68,1267,8,4,40.0,without_chunking,LMM-1,14.0,13.849999999999985,0.6560625690841678
68,1267,8,4,40.0,without_chunking,LMM-2,14.0,13.849999999999985,0.6560625690841678
68,1267,8,4,40.0,with_chunking,LMM-1,14.0,13.849999999999985,0.6560625690841678
68,1267,8,4,40.0,with_chunking,LMM-2,14.0,13.849999999999985,0.6560625690841678
68,1267,8,6,60.0,without_chunking,LMM-1,14.0,13.849999999999968,0.6077832080274741
68,1267,8,6,60.0,without_chunking,LMM-2,14.0,13.849999999999968,0.6077832080274741
68,1267,8,6,60.0,with_chunking,LMM-1,14.0,13.849999999999968,0.6077832080274741
68,1267,8,6,60.0,with_chunking,LMM-2,14.0,13.849999999999968,0.6077832080274741
68,1267,8,8,80.0,without_chunking,LMM-1,14.0,13.849999999999977,0.5629622616929795
68,1267,8,8,80.0,without_chunking,LMM-2,14.0,13.849999999999977,0.5629622616929795
68,1267,8,8,80.0,with_chunking,LMM-1,14.0,13.849999999999977,0.5629622616929795
68,1267,8,8,80.0,with_chunking,LMM-2,14.0,13.849999999999977,0.5629622616929795
68,1267,10,2,20.0,without_chunking,LMM-1,10.0,10.050000000000006,0.7948593800681039
68,1267,10,2,20.0,without_chunking,LMM-2,10.0,10.050000000000006,0.7948593800681039
68,1267,10,2,20.0,with_chunking,LMM-1,10.5,10.525000000000006,0.6116727048916002
68,1267,10,2,20.0,with_chunking,LMM-2,10.5,10.525000000000006,0.6116727048916002
68,1267,10,4,40.0,without_chunking,LMM-1,10.0,10.04999999999999,0.7544185641005106
68,1267,10,4,40.0,without_chunking,LMM-2,10.0,10.04999999999999,0.7544185641005106
68,1267,10,4,40.0,with_chunking,LMM-1,10.5,10.52499999999999,0.5476478018765316
68,1267,10,4,40.0,with_chunking,LMM-2,10.5,10.52499999999999,0.5476478018765316
68,1267,10,6,60.0,without_chunking,LMM-1,10.0,10.049999999999978,0.7159046532591361
68,1267,10,6,60.0,without_chunking,LMM-2,10.0,10.049999999999978,0.7159046532591361
68,1267,10,6,60.0,with_chunking,LMM-1,10.5,10.524999999999977,0.49025471315041336
68,1267,10,6,60.0,with_chunking,LMM-2,10.5,10.524999999999977,0.49025471315041336
68,1267,10,8,80.0,without_chunking,LMM-1,10.0,10.049999999999981,0.6793145004706176
68,1267,10,8,80.0,without_chunking,LMM-2,10.0,10.049999999999981,0.6793145004706176
68,1267,10,8,80.0,with_chunking,LMM-1,10.5,10.52499999999998,0.4393457305520788
68,1267,10,8,80.0,with_chunking,LMM-2,10.5,10.52499999999998,0.4393457305520788
69,1268,4,2,20.0,without_chunking,LMM-1,11.0,11.000000000000007,0.7912669126327804
69,1268,4,2,20.0,without_chunking,LMM-2,11.0,11.000000000000007,0.7912669126327804
69,1268,4,2,20.0,with_chunking,LMM-1,11.0,11.000000000000007,0.7912669126327804
69,1268,4,2,20.0,with_chunking,LMM-2,11.0,11.000000000000007,0.7912669126327804
69,1268,4,4,40.0,without_chunking,LMM-1,11.0,10.99999999999999,0.7473282383446709
69,1268,4,4,40.0,without_chunking,LMM-2,11.0,10.99999999999999,0.7473282383446709
69,1268,4,4,40.0,with_chunking,LMM-1,11.0,10.99999999999999,0.7473282383446709
69,1268,4,4,40.0,with_chunking,LMM-2,11.0,10.99999999999999,0.7473282383446709
69,1268,4,6,60.0,without_chunking,LMM-1,11.0,10.999999999999977,0.7056974758945332
69,1268,4,6,60.0,without_chunking,LMM-2,11.0,10.999999999999977,0.7056974758945332
69,1268,4,6,60.0,with_chunking,LMM-1,11.0,10.999999999999977,0.7056974758945332
69,1268,4,6,60.0,with_chunking,LMM-2,11.0,10.999999999999977,0.7056974758945332
69,1268,4,8,80.0,without_chunking,LMM-1,11.0,10.99999999999998,0.6662984012242493
69,1268,4,8,80.0,without_chunking,LMM-2,11.0,10.99999999999998,0.6662984012242493
69,1268,4,8,80.0,with_chunking,LMM-1,11.0,10.99999999999998,0.6662984012242493
69,1268,4,8,80.0,with_chunking,LMM-2,11.0,10.99999999999998,0.6662984012242493
69,1268,6,2,20.0,without_chunking,LMM-1,11.0,11.000000000000007,0.7912669126327804
69,1268,6,2,20.0,without_chunking,LMM-2,11.0,11.000000000000007,0.7912669126327804
69,1268,6,2,20.0,with_chunking,LMM-1,10.5,10.525000000000006,0.6548918241064863
69,1268,6,2,20.0,with_chunking,LMM-2,10.5,10.525000000000006,0.6548918241064863
69,1268,6,4,40.0,without_chunking,LMM-1,11.0,10.99999999999999,0.7473282383446709
69,1268,6,4,40.0,without_chunking,LMM-2,11.0,10.99999999999999,0.7473282383446709
69,1268,6,4,40.0,with_chunking,LMM-1,10.5,10.52499999999999,0.587860822758809
69,1268,6,4,40.0,with_chunking,LMM-2,10.5,10.52499999999999,0.587860822758809
69,1268,6,6,60.0,without_chunking,LMM-1,11.0,10.999999999999977,0.7056974758945332
69,1268,6,6,60.0,without_chunking,LMM-2,11.0,10.999999999999977,0.7056974758945332
69,1268,6,6,60.0,with_chunking,LMM-1,10.5,10.524999999999977,0.5276191706686222
69,1268,6,6,60.0,with_chunking,LMM-2,10.5,10.524999999999977,0.5276191706686222
69,1268,6,8,80.0,without_chunking,LMM-1,11.0,10.99999999999998,0.6662984012242493
69,1268,6,8,80.0,without_chunking,LMM-2,11.0,10.99999999999998,0.6662984012242493
69,1268,6,8,80.0,with_chunking,LMM-1,10.5,10.52499999999998,0.47358546097330717
69,1268,6,8,80.0,with_chunking,LMM-2,10.5,10.52499999999998,0.47358546097330717
69,1268,8,2,20.0,without_chunking,LMM-1,10.0,10.050000000000006,0.8090153721306075
69,1268,8,2,20.0,without_chunking,LMM-2,10.0,10.050000000000006,0.8090153721306075
69,1268,8,2,20.0,with_chunking,LMM-1,10.0,10.050000000000006,0.6555343196945145
69,1268,8,2,20.0,with_chunking,LMM-2,10.0,10.050000000000006,0.6555343196945145
69,1268,8,4,40.0,without_chunking,LMM-1,10.0,10.04999999999999,0.7683557327027681
69,1268,8,4,40.0,without_chunking,LMM-2,10.0,10.04999999999999,0.7683557327027681
69,1268,8,4,40.0,with_chunking,LMM-1,10.0,10.04999999999999,0.5915736832489208
69,1268,8,4,40.0,with_chunking,LMM-2,10.0,10.04999999999999,0.5915736832489208
69,1268,8,6,60.0,without_chunking,LMM-1,10.0,10.049999999999978,0.7296094892880971
69,1268,8,6,60.0,without_chunking,LMM-2,10.0,10.049999999999978,0.7296094892880971
69,1268,8,6,60.0,with_chunking,LMM-1,10.0,10.049999999999978,0.5337742951011382
69,1268,8,6,60.0,with_chunking,LMM-2,10.0,10.049999999999978,0.5337742951011382
69,1268,8,8,80.0,without_chunking,LMM-1,10.0,10.049999999999981,0.6927403625074058
69,1268,8,8,80.0,without_chunking,LMM-2,10.0,10.049999999999981,0.6927403625074058
69,1268,8,8,80.0,with_chunking,LMM-1,10.0,10.049999999999981,0.48160799177954894
69,1268,8,8,80.0,with_chunking,LMM-2,10.0,10.049999999999981,0.48160799177954894
69,1268,10,2,20.0,without_chunking,LMM-1,9.0,9.100000000000005,0.844342973019598
69,1268,10,2,20.0,without_chunking,LMM-2,9.0,9.100000000000005,0.844342973019598
69,1268,10,2,20.0,with_chunking,LMM-1,9.75,9.812500000000005,0.6809757398714464
69,1268,10,2,20.0,with_chunking,LMM-2,9.75,9.812500000000005,0.6809757398714464
69,1268,10,4,40.0,without_chunking,LMM-1,9.0,9.09999999999999,0.8074355879897568
69,1268,10,4,40.0,without_chunking,LMM-2,9.0,9.09999999999999,0.8074355879897568
69,1268,10,4,40.0,with_chunking,LMM-1,9.75,9.81249999999999,0.6214529198767273
69,1268,10,4,40.0,with_chunking,LMM-2,9.75,9.81249999999999,0.6214529198767273
69,1268,10,6,60.0,without_chunking,LMM-1,9.0,9.09999999999998,0.7720207715113048
69,1268,10,6,60.0,without_chunking,LMM-2,9.0,9.09999999999998,0.7720207715113048
69,1268,10,6,60.0,with_chunking,LMM-1,9.75,9.812499999999979,0.5670557157000804
69,1268,10,6,60.0,with_chunking,LMM-2,9.75,9.812499999999979,0.5670557157000804
69,1268,10,8,80.0,without_chunking,LMM-1,9.0,9.099999999999984,0.7380437196821144
69,1268,10,8,80.0,without_chunking,LMM-2,9.0,9.099999999999984,0.7380437196821144
69,1268,10,8,80.0,with_chunking,LMM-1,9.75,9.812499999999982,0.5173517966396355
69,1268,10,8,80.0,with_chunking,LMM-2,9.75,9.812499999999982,0.5173517966396355
70,1269,4,2,20.0,without_chunking,LMM-1,11.0,11.000000000000007,0.7898188399259201
70,1269,4,2,20.0,without_chunking,LMM-2,11.0,11.000000000000007,0.7898188399259201
70,1269,4,2,20.0,with_chunking,LMM-1,11.833333333333332,11.791666666666675,0.5214848731271287
70,1269,4,2,20.0,with_chunking,LMM-2,11.666666666666668,11.63333333333334,0.5311005433088454
70,1269,4,4,40.0,without_chunking,LMM-1,11.0,10.99999999999999,0.7460812855886159
70,1269,4,4,40.0,without_chunking,LMM-2,11.0,10.99999999999999,0.7460812855886159
70,1269,4,4,40.0,with_chunking,LMM-1,11.833333333333332,11.791666666666654,0.45754061198957896
70,1269,4,4,40.0,with_chunking,LMM-2,11.208333333333334,11.197916666666655,0.48913818397604314
70,1269,4,6,60.0,without_chunking,LMM-1,11.0,10.999999999999977,0.7046338494086379
70,1269,4,6,60.0,without_chunking,LMM-2,11.0,10.999999999999977,0.7046338494086379
70,1269,4,6,60.0,with_chunking,LMM-1,11.833333333333334,11.791666666666641,0.40151958650478126
70,1269,4,6,60.0,with_chunking,LMM-2,10.666666666666666,10.68333333333331,0.4580115817704038
70,1269,4,8,80.0,without_chunking,LMM-1,11.0,10.99999999999998,0.6659470314287738
70,1269,4,8,80.0,without_chunking,LMM-2,11.0,10.99999999999998,0.6659470314287738
70,1269,4,8,80.0,with_chunking,LMM-1,11.833333333333332,11.791666666666647,0.3529714119475569
70,1269,4,8,80.0,with_chunking,LMM-2,10.666666666666668,10.683333333333314,0.4105107485323505
70,1269,6,2,20.0,without_chunking,LMM-1,11.0,11.000000000000007,0.7968552498429108
70,1269,6,2,20.0,without_chunking,LMM-2,11.0,11.000000000000007,0.7968552498429108
70,1269,6,2,20.0,with_chunking,LMM-1,11.166666666666666,11.158333333333339,0.4952569029583951
70,1269,6,2,20.0,with_chunking,LMM-2,10.416666666666668,10.445833333333338,0.5274079968968415
70,1269,6,4,40.0,without_chunking,LMM-1,11.0,10.99999999999999,0.7531840398369283
70,1269,6,4,40.0,without_chunking,LMM-2,11.0,10.99999999999999,0.7531840398369283
70,1269,6,4,40.0,with_chunking,LMM-1,11.166666666666666,11.158333333333323,0.4237289109518204
70,1269,6,4,40.0,with_chunking,LMM-2,9.75,9.81249999999999,0.491814622455409
70,1269,6,6,60.0,without_chunking,LMM-1,11.0,10.999999999999977,0.7117763297562365
70,1269,6,6,60.0,without_chunking,LMM-2,11.0,10.999999999999977,0.7117763297562365
70,1269,6,6,60.0,with_chunking,LMM-1,11.166666666666666,11.15833333333331,0.36259199691875077
70,1269,6,6,60.0,with_chunking,LMM-2,9.833333333333334,9.891666666666644,0.4358695585492679
70,1269,6,8,80.0,without_chunking,LMM-1,11.0,10.99999999999998,0.6726300705705066
70,1269,6,8,80.0,without_chunking,LMM-2,11.0,10.99999999999998,0.6726300705705066
70,1269,6,8,80.0,with_chunking,LMM-1,11.166666666666666,11.158333333333314,0.31046314102446915
70,1269,6,8,80.0,with_chunking,LMM-2,9.854166666666668,9.911458333333314,0.38684413679529256
70,1269,8,2,20.0,without_chunking,LMM-1,11.0,11.000000000000007,0.7968552498429108
70,1269,8,2,20.0,without_chunking,LMM-2,11.0,11.000000000000007,0.7968552498429108
70,1269,8,2,20.0,with_chunking,LMM-1,10.0,10.050000000000004,0.5374145035015478
70,1269,8,2,20.0,with_chunking,LMM-2,8.666666666666666,8.783333333333339,0.5972683550458746
70,1269,8,4,40.0,without_chunking,LMM-1,11.0,10.99999999999999,0.7531840398369283
70,1269,8,4,40.0,without_chunking,LMM-2,11.0,10.99999999999999,0.7531840398369283
70,1269,8,4,40.0,with_chunking,LMM-1,10.0,10.04999999999999,0.46092576180745526
70,1269,8,4,40.0,with_chunking,LMM-2,8.666666666666666,8.783333333333324,0.530851794544102
70,1269,8,6,60.0,without_chunking,LMM-1,11.0,10.999999999999977,0.7117763297562365
70,1269,8,6,60.0,without_chunking,LMM-2,11.0,10.999999999999977,0.7117763297562365
70,1269,8,6,60.0,with_chunking,LMM-1,10.0,10.049999999999978,0.39535707380004725
70,1269,8,6,60.0,with_chunking,LMM-2,8.666666666666666,8.783333333333315,0.4712363462051398
70,1269,8,8,80.0,without_chunking,LMM-1,11.0,10.99999999999998,0.6726300705705066
70,1269,8,8,80.0,without_chunking,LMM-2,11.0,10.99999999999998,0.6726300705705066
70,1269,8,8,80.0,with_chunking,LMM-1,10.0,10.049999999999981,0.33927911246509557
70,1269,8,8,80.0,with_chunking,LMM-2,8.666666666666666,8.783333333333317,0.4184876671438119
70,1269,10,2,20.0,without_chunking,LMM-1,9.0,9.100000000000005,0.8401214727552088
70,1269,10,2,20.0,without_chunking,LMM-2,9.0,9.100000000000005,0.8401214727552088
70,1269,10,2,20.0,with_chunking,LMM-1,9.333333333333334,9.416666666666671,0.5715228091638932
70,1269,10,2,20.0,with_chunking,LMM-2,8.5,8.625000000000005,0.6227783054336873
70,1269,10,4,40.0,without_chunking,LMM-1,9.0,9.09999999999999,0.8029789118933446
70,1269,10,4,40.0,without_chunking,LMM-2,9.0,9.09999999999999,0.8029789118933446
70,1269,10,4,40.0,with_chunking,LMM-1,9.333333333333334,9.416666666666657,0.4956347102165173
70,1269,10,4,40.0,with_chunking,LMM-2,8.875,8.98124999999999,0.5472952162469906
70,1269,10,6,60.0,without_chunking,LMM-1,9.0,9.09999999999998,0.7673547318512647
70,1269,10,6,60.0,without_chunking,LMM-2,9.0,9.09999999999998,0.7673547318512647
70,1269,10,6,60.0,with_chunking,LMM-1,9.333333333333334,9.416666666666645,0.42983230794894245
70,1269,10,6,60.0,with_chunking,LMM-2,8.61111111111111,8.730555555555537,0.5050564026403613
70,1269,10,8,80.0,without_chunking,LMM-1,9.0,9.099999999999984,0.7332666184031245
70,1269,10,8,80.0,without_chunking,LMM-2,9.0,9.099999999999984,0.7332666184031245
70,1269,10,8,80.0,with_chunking,LMM-1,9.333333333333334,9.41666666666665,0.3728690644135077
70,1269,10,8,80.0,with_chunking,LMM-2,8.625,8.743749999999984,0.4567944601817588
71,1270,4,2,20.0,without_chunking,LMM-1,12.0,11.95000000000001,0.7707619447014765
71,1270,4,2,20.0,without_chunking,LMM-2,12.0,11.95000000000001,0.7707619447014765
71,1270,4,2,20.0,with_chunking,LMM-1,12.0,11.95000000000001,0.7707619447014765
71,1270,4,2,20.0,with_chunking,LMM-2,12.0,11.95000000000001,0.7707619447014765
71,1270,4,4,40.0,without_chunking,LMM-1,12.0,11.949999999999989,0.7243216905147685
71,1270,4,4,40.0,without_chunking,LMM-2,12.0,11.949999999999989,0.7243216905147685
71,1270,4,4,40.0,with_chunking,LMM-1,12.0,11.949999999999989,0.7243216905147685
71,1270,4,4,40.0,with_chunking,LMM-2,12.0,11.949999999999989,0.7243216905147685
71,1270,4,6,60.0,without_chunking,LMM-1,12.0,11.949999999999974,0.6805502617909442
71,1270,4,6,60.0,without_chunking,LMM-2,12.0,11.949999999999974,0.6805502617909442
71,1270,4,6,60.0,with_chunking,LMM-1,12.0,11.949999999999974,0.6805502617909442
71,1270,4,6,60.0,with_chunking,LMM-2,12.0,11.949999999999974,0.6805502617909442
71,1270,4,8,80.0,without_chunking,LMM-1,12.0,11.94999999999998,0.6393416154132633
71,1270,4,8,80.0,without_chunking,LMM-2,12.0,11.94999999999998,0.6393416154132633
71,1270,4,8,80.0,with_chunking,LMM-1,12.0,11.94999999999998,0.6393416154132633
71,1270,4,8,80.0,with_chunking,LMM-2,12.0,11.94999999999998,0.6393416154132633
71,1270,6,2,20.0,without_chunking,LMM-1,12.0,11.95000000000001,0.7707619447014765
71,1270,6,2,20.0,without_chunking,LMM-2,12.0,11.95000000000001,0.7707619447014765
71,1270,6,2,20.0,with_chunking,LMM-1,12.0,11.95000000000001,0.7707619447014765
71,1270,6,2,20.0,with_chunking,LMM-2,12.0,11.95000000000001,0.7707619447014765
71,1270,6,4,40.0,without_chunking,LMM-1,12.0,11.949999999999989,0.7243216905147685
71,1270,6,4,40.0,without_chunking,LMM-2,12.0,11.949999999999989,0.7243216905147685
71,1270,6,4,40.0,with_chunking,LMM-1,12.0,11.949999999999989,0.7243216905147685
71,1270,6,4,40.0,with_chunking,LMM-2,12.0,11.949999999999989,0.7243216905147685
71,1270,6,6,60.0,without_chunking,LMM-1,12.0,11.949999999999974,0.6805502617909442
71,1270,6,6,60.0,without_chunking,LMM-2,12.0,11.949999999999974,0.6805502617909442
71,1270,6,6,60.0,with_chunking,LMM-1,12.0,11.949999999999974,0.6805502617909442
71,1270,6,6,60.0,with_chunking,LMM-2,12.0,11.949999999999974,0.6805502617909442
71,1270,6,8,80.0,without_chunking,LMM-1,12.0,11.94999999999998,0.6393416154132633
71,1270,6,8,80.0,without_chunking,LMM-2,12.0,11.94999999999998,0.6393416154132633
71,1270,6,8,80.0,with_chunking,LMM-1,12.0,11.94999999999998,0.6393416154132633
71,1270,6,8,80.0,with_chunking,LMM-2,12.0,11.94999999999998,0.6393416154132633
71,1270,8,2,20.0,without_chunking,LMM-1,11.5,11.475000000000009,0.7934308250650621
71,1270,8,2,20.0,without_chunking,LMM-2,11.5,11.475000000000009,0.7934308250650621
71,1270,8,2,20.0,with_chunking,LMM-1,11.5,11.475000000000009,0.7934308250650621
71,1270,8,2,20.0,with_chunking,LMM-2,11.5,11.475000000000009,0.7934308250650621
71,1270,8,4,40.0,without_chunking,LMM-1,11.5,11.474999999999989,0.759139960858061
71,1270,8,4,40.0,without_chunking,LMM-2,11.5,11.474999999999989,0.759139960858061
71,1270,8,4,40.0,with_chunking,LMM-1,11.5,11.474999999999989,0.759139960858061
71,1270,8,4,40.0,with_chunking,LMM-2,11.5,11.474999999999989,0.759139960858061
71,1270,8,6,60.0,without_chunking,LMM-1,11.5,11.474999999999975,0.7262481563505657
71,1270,8,6,60.0,without_chunking,LMM-2,11.5,11.474999999999975,0.7262481563505657
71,1270,8,6,60.0,with_chunking,LMM-1,11.5,11.474999999999975,0.7262481563505657
71,1270,8,6,60.0,with_chunking,LMM-2,11.5,11.474999999999975,0.7262481563505657
71,1270,8,8,80.0,without_chunking,LMM-1,11.5,11.47499999999998,0.6947021741761525
71,1270,8,8,80.0,without_chunking,LMM-2,11.5,11.47499999999998,0.6947021741761525
71,1270,8,8,80.0,with_chunking,LMM-1,11.5,11.47499999999998,0.6947021741761525
71,1270,8,8,80.0,with_chunking,LMM-2,11.5,11.47499999999998,0.6947021741761525
71,1270,10,2,20.0,without_chunking,LMM-1,10.0,10.050000000000006,0.8213454199058116
71,1270,10,2,20.0,without_chunking,LMM-2,10.0,10.050000000000006,0.8213454199058116
71,1270,10,2,20.0,with_chunking,LMM-1,10.0,10.050000000000006,0.8213454199058116
71,1270,10,2,20.0,with_chunking,LMM-2,10.0,10.050000000000006,0.8213454199058116
71,1270,10,4,40.0,without_chunking,LMM-1,10.0,10.04999999999999,0.7800769547409321
71,1270,10,4,40.0,without_chunking,LMM-2,10.0,10.04999999999999,0.7800769547409321
71,1270,10,4,40.0,with_chunking,LMM-1,10.0,10.04999999999999,0.7800769547409321
71,1270,10,4,40.0,with_chunking,LMM-2,10.0,10.04999999999999,0.7800769547409321
71,1270,10,6,60.0,without_chunking,LMM-1,10.0,10.049999999999978,0.7407497892008823
71,1270,10,6,60.0,without_chunking,LMM-2,10.0,10.049999999999978,0.7407497892008823
71,1270,10,6,60.0,with_chunking,LMM-1,10.0,10.049999999999978,0.7407497892008823
71,1270,10,6,60.0,with_chunking,LMM-2,10.0,10.049999999999978,0.7407497892008823
71,1270,10,8,80.0,without_chunking,LMM-1,10.0,10.049999999999981,0.7034366534954115
71,1270,10,8,80.0,without_chunking,LMM-2,10.0,10.049999999999981,0.7034366534954115
71,1270,10,8,80.0,with_chunking,LMM-1,10.0,10.049999999999981,0.7034366534954115
71,1270,10,8,80.0,with_chunking,LMM-2,10.0,10.049999999999981,0.7034366534954115
72,1271,4,2,20.0,without_chunking,LMM-1,10.5,10.525000000000006,0.8040521624436789
72,1271,4,2,20.0,without_chunking,LMM-2,10.5,10.525000000000006,0.8040521624436789
72,1271,4,2,20.0,with_chunking,LMM-1,10.75,10.762500000000006,0.6919827952621821
72,1271,4,2,20.0,with_chunking,LMM-2,10.75,10.762500000000006,0.6919827952621821
72,1271,4,4,40.0,without_chunking,LMM-1,10.5,10.52499999999999,0.7710745284387732
72,1271,4,4,40.0,without_chunking,LMM-2,10.5,10.52499999999999,0.7710745284387732
72,1271,4,4,40.0,with_chunking,LMM-1,10.75,10.762499999999989,0.5955261572885309
72,1271,4,4,40.0,with_chunking,LMM-2,10.75,10.762499999999989,0.5955261572885309
72,1271,4,6,60.0,without_chunking,LMM-1,10.5,10.524999999999977,0.7393632082614834
72,1271,4,6,60.0,without_chunking,LMM-2,10.5,10.524999999999977,0.7393632082614834
72,1271,4,6,60.0,with_chunking,LMM-1,10.75,10.762499999999976,0.5392258819226377
72,1271,4,6,60.0,with_chunking,LMM-2,10.75,10.762499999999976,0.5392258819226377
72,1271,4,8,80.0,without_chunking,LMM-1,10.5,10.52499999999998,0.7088733121249702
72,1271,4,8,80.0,without_chunking,LMM-2,10.5,10.52499999999998,0.7088733121249702
72,1271,4,8,80.0,with_chunking,LMM-1,10.75,10.762499999999982,0.48819721508309866
72,1271,4,8,80.0,with_chunking,LMM-2,10.75,10.762499999999982,0.48819721508309866
72,1271,6,2,20.0,without_chunking,LMM-1,9.0,9.100000000000005,0.8321666838437336
72,1271,6,2,20.0,without_chunking,LMM-2,9.0,9.100000000000005,0.8321666838437336
72,1271,6,2,20.0,with_chunking,LMM-1,9.666666666666666,9.733333333333338,0.5662403492959557
72,1271,6,2,20.0,with_chunking,LMM-2,9.25,9.337500000000006,0.5921784015852976
72,1271,6,4,40.0,without_chunking,LMM-1,9.0,9.09999999999999,0.7949146011093493
72,1271,6,4,40.0,without_chunking,LMM-2,9.0,9.09999999999999,0.7949146011093493
72,1271,6,4,40.0,with_chunking,LMM-1,9.666666666666666,9.733333333333324,0.4948906990893561
72,1271,6,4,40.0,with_chunking,LMM-2,8.708333333333332,8.822916666666657,0.5899696156870397
72,1271,6,6,60.0,without_chunking,LMM-1,9.0,9.09999999999998,0.7592046478093601
72,1271,6,6,60.0,without_chunking,LMM-2,9.0,9.09999999999998,0.7592046478093601
72,1271,6,6,60.0,with_chunking,LMM-1,9.666666666666666,9.733333333333313,0.43254028089220575
72,1271,6,6,60.0,with_chunking,LMM-2,8.277777777777779,8.41388888888887,0.5914059950579726
72,1271,6,8,80.0,without_chunking,LMM-1,9.0,9.099999999999984,0.7250768884799895
72,1271,6,8,80.0,without_chunking,LMM-2,9.0,9.099999999999984,0.7250768884799895
72,1271,6,8,80.0,with_chunking,LMM-1,9.666666666666666,9.733333333333317,0.37818181482823376
72,1271,6,8,80.0,with_chunking,LMM-2,8.333333333333332,8.46666666666665,0.538057810678535
72,1271,8,2,20.0,without_chunking,LMM-1,8.0,8.150000000000004,0.8544882423169459
72,1271,8,2,20.0,without_chunking,LMM-2,9.0,9.100000000000005,0.8579137534598419
72,1271,8,2,20.0,with_chunking,LMM-1,8.625,8.743750000000006,0.6358097116789901
72,1271,8,2,20.0,with_chunking,LMM-2,8.375,8.506250000000003,0.6575946481772301
72,1271,8,4,40.0,without_chunking,LMM-1,8.0,8.149999999999991,0.8208302005192956
72,1271,8,4,40.0,without_chunking,LMM-2,9.0,9.09999999999999,0.8196372963067168
72,1271,8,4,40.0,with_chunking,LMM-1,8.666666666666666,8.783333333333324,0.5371721927315423
72,1271,8,4,40.0,with_chunking,LMM-2,8.6875,8.80312499999999,0.6198061344562338
72,1271,8,6,60.0,without_chunking,LMM-1,8.0,8.149999999999983,0.7883792878418628
72,1271,8,6,60.0,without_chunking,LMM-2,9.0,9.09999999999998,0.7829400767393044
72,1271,8,6,60.0,with_chunking,LMM-1,8.666666666666666,8.783333333333315,0.47120811747575864
72,1271,8,6,60.0,with_chunking,LMM-2,8.555555555555557,8.67777777777776,0.5851015002681744
72,1271,8,8,80.0,without_chunking,LMM-1,8.0,8.149999999999984,0.7570970681199062
72,1271,8,8,80.0,without_chunking,LMM-2,9.0,9.099999999999984,0.7477629606074473
72,1271,8,8,80.0,with_chunking,LMM-1,8.666666666666666,8.783333333333317,0.41338579600246445
72,1271,8,8,80.0,with_chunking,LMM-2,8.052083333333334,8.19947916666665,0.568301411133555
72,1271,10,2,20.0,without_chunking,LMM-1,8.0,8.150000000000004,0.8532139708272695
72,1271,10,2,20.0,without_chunking,LMM-2,8.0,8.150000000000004,0.8532139708272695
72,1271,10,2,20.0,with_chunking,LMM-1,8.25,8.387500000000005,0.6629937699234945
72,1271,10,2,20.0,with_chunking,LMM-2,7.666666666666667,7.8333333333333375,0.6879472562193585
72,1271,10,4,40.0,without_chunking,LMM-1,8.0,8.149999999999991,0.8195848040262901
72,1271,10,4,40.0,without_chunking,LMM-2,8.0,8.149999999999991,0.8195848040262901
72,1271,10,4,40.0,with_chunking,LMM-1,8.333333333333334,8.466666666666658,0.5720697146579219
72,1271,10,4,40.0,with_chunking,LMM-2,7.5,7.674999999999993,0.6560406034435113
72,1271,10,6,60.0,without_chunking,LMM-1,8.0,8.149999999999983,0.787162358023161
72,1271,10,6,60.0,without_chunking,LMM-2,8.0,8.149999999999983,0.787162358023161
72,1271,10,6,60.0,with_chunking,LMM-1,8.333333333333334,8.466666666666647,0.5123971728046215
72,1271,10,6,60.0,with_chunking,LMM-2,7.652777777777779,7.820138888888872,0.6561436277635294
72,1271,10,8,80.0,without_chunking,LMM-1,8.0,8.149999999999984,0.7559087065510036
72,1271,10,8,80.0,without_chunking,LMM-2,8.0,8.149999999999984,0.7559087065510036
72,1271,10,8,80.0,with_chunking,LMM-1,8.333333333333334,8.46666666666665,0.45891949040078617
72,1271,10,8,80.0,with_chunking,LMM-2,7.802083333333334,7.9619791666666515,0.5756416603358988
73,1272,4,2,20.0,without_chunking,LMM-1,12.0,11.95000000000001,0.7499637618666838
73,1272,4,2,20.0,without_chunking,LMM-2,12.0,11.95000000000001,0.7499637618666838
73,1272,4,2,20.0,with_chunking,LMM-1,12.0,11.95000000000001,0.562985908838007
73,1272,4,2,20.0,with_chunking,LMM-2,12.0,11.95000000000001,0.562985908838007
73,1272,4,4,40.0,without_chunking,LMM-1,12.0,11.949999999999989,0.7031484920489282
73,1272,4,4,40.0,without_chunking,LMM-2,12.0,11.949999999999989,0.7031484920489282
73,1272,4,4,40.0,with_chunking,LMM-1,12.0,11.949999999999989,0.4951426212200365
73,1272,4,4,40.0,with_chunking,LMM-2,12.0,11.949999999999989,0.4951426212200365
73,1272,4,6,60.0,without_chunking,LMM-1,12.0,11.949999999999974,0.6591197333337167
73,1272,4,6,60.0,without_chunking,LMM-2,12.0,11.949999999999974,0.6591197333337167
73,1272,4,6,60.0,with_chunking,LMM-1,12.0,11.949999999999974,0.4354371497228927
73,1272,4,6,60.0,with_chunking,LMM-2,12.0,11.949999999999974,0.4354371497228927
73,1272,4,8,80.0,without_chunking,LMM-1,12.0,11.94999999999998,0.618418375120952
73,1272,4,8,80.0,without_chunking,LMM-2,12.0,11.94999999999998,0.618418375120952
73,1272,4,8,80.0,with_chunking,LMM-1,12.0,11.94999999999998,0.3833923394552705
73,1272,4,8,80.0,with_chunking,LMM-2,12.0,11.94999999999998,0.3833923394552705
73,1272,6,2,20.0,without_chunking,LMM-1,10.0,10.050000000000006,0.8023742480616574
73,1272,6,2,20.0,without_chunking,LMM-2,10.0,10.050000000000006,0.8023742480616574
73,1272,6,2,20.0,with_chunking,LMM-1,10.333333333333332,10.366666666666674,0.5748674623324315
73,1272,6,2,20.0,with_chunking,LMM-2,9.666666666666668,9.733333333333338,0.6067703807263389
73,1272,6,4,40.0,without_chunking,LMM-1,10.0,10.04999999999999,0.7615170639548062
73,1272,6,4,40.0,without_chunking,LMM-2,10.0,10.04999999999999,0.7615170639548062
73,1272,6,4,40.0,with_chunking,LMM-1,10.333333333333332,10.366666666666656,0.5110597640900915
73,1272,6,4,40.0,with_chunking,LMM-2,9.666666666666668,9.733333333333324,0.5434252171321934
73,1272,6,6,60.0,without_chunking,LMM-1,10.0,10.049999999999978,0.722607927555314
73,1272,6,6,60.0,without_chunking,LMM-2,10.0,10.049999999999978,0.722607927555314
73,1272,6,6,60.0,with_chunking,LMM-1,10.333333333333334,10.366666666666644,0.4544168010506919
73,1272,6,6,60.0,with_chunking,LMM-2,9.666666666666666,9.733333333333311,0.48753855101863597
73,1272,6,8,80.0,without_chunking,LMM-1,10.0,10.049999999999981,0.6857187755825815
73,1272,6,8,80.0,without_chunking,LMM-2,10.0,10.049999999999981,0.6857187755825815
73,1272,6,8,80.0,with_chunking,LMM-1,10.333333333333332,10.366666666666648,0.40445081707560376
73,1272,6,8,80.0,with_chunking,LMM-2,9.666666666666668,9.733333333333315,0.4375077581486779
73,1272,8,2,20.0,without_chunking,LMM-1,9.0,9.100000000000005,0.8347530887935616
73,1272,8,2,20.0,without_chunking,LMM-2,9.0,9.100000000000005,0.8347530887935616
73,1272,8,2,20.0,with_chunking,LMM-1,9.666666666666668,9.733333333333338,0.5376250665363345
73,1272,8,2,20.0,with_chunking,LMM-2,9.0,9.100000000000005,0.5726870312590943
73,1272,8,4,40.0,without_chunking,LMM-1,9.0,9.09999999999999,0.8059572472971102
73,1272,8,4,40.0,without_chunking,LMM-2,9.0,9.09999999999999,0.8059572472971102
73,1272,8,4,40.0,with_chunking,LMM-1,9.666666666666668,9.733333333333324,0.4677835584389906
73,1272,8,4,40.0,with_chunking,LMM-2,9.0,9.09999999999999,0.5209605618900892
73,1272,8,6,60.0,without_chunking,LMM-1,9.0,9.09999999999998,0.7780788217961373
73,1272,8,6,60.0,without_chunking,LMM-2,9.0,9.09999999999998,0.7780788217961373
73,1272,8,6,60.0,with_chunking,LMM-1,9.666666666666666,9.733333333333311,0.40702800806678663
73,1272,8,6,60.0,with_chunking,LMM-2,9.0,9.09999999999998,0.4667537611992476
73,1272,8,8,80.0,without_chunking,LMM-1,9.0,9.099999999999982,0.751091227177251
73,1272,8,8,80.0,without_chunking,LMM-2,9.0,9.099999999999982,0.751091227177251
73,1272,8,8,80.0,with_chunking,LMM-1,9.666666666666668,9.733333333333315,0.35447704485222287
73,1272,8,8,80.0,with_chunking,LMM-2,9.0,9.099999999999982,0.41773851811676255
73,1272,10,2,20.0,without_chunking,LMM-1,8.0,8.150000000000004,0.8568639699577174
73,1272,10,2,20.0,without_chunking,LMM-2,8.0,8.150000000000004,0.8568639699577174
73,1272,10,2,20.0,with_chunking,LMM-1,8.666666666666666,8.783333333333339,0.5798967520885518
73,1272,10,2,20.0,with_chunking,LMM-2,8.0,8.150000000000004,0.6266176221986353
73,1272,10,4,40.0,without_chunking,LMM-1,8.0,8.149999999999991,0.8229453006090965
73,1272,10,4,40.0,without_chunking,LMM-2,8.0,8.149999999999991,0.8229453006090965
73,1272,10,4,40.0,with_chunking,LMM-1,8.666666666666666,8.783333333333324,0.507608884025252
73,1272,10,4,40.0,with_chunking,LMM-2,8.0,8.149999999999991,0.5656600494667616
73,1272,10,6,60.0,without_chunking,LMM-1,8.0,8.149999999999983,0.7902488751804524
73,1272,10,6,60.0,without_chunking,LMM-2,8.0,8.149999999999983,0.7902488751804524
73,1272,10,6,60.0,with_chunking,LMM-1,8.666666666666666,8.783333333333315,0.444317225556188
73,1272,10,6,60.0,with_chunking,LMM-2,8.0,8.149999999999983,0.510195782555826
73,1272,10,8,80.0,without_chunking,LMM-1,8.0,8.149999999999984,0.7588003316919629
73,1272,10,8,80.0,without_chunking,LMM-2,8.0,8.149999999999984,0.7588003316919629
73,1272,10,8,80.0,with_chunking,LMM-1,8.666666666666666,8.783333333333317,0.3890648169072358
73,1272,10,8,80.0,with_chunking,LMM-2,8.0,8.149999999999984,0.45990005841491943
74,1273,4,2,20.0,without_chunking,LMM-1,12.5,12.425000000000008,0.7872568043511099
74,1273,4,2,20.0,without_chunking,LMM-2,12.5,12.425000000000008,0.7872568043511099
74,1273,4,2,20.0,with_chunking,LMM-1,12.833333333333332,12.741666666666674,0.5045675879861204
74,1273,4,2,20.0,with_chunking,LMM-2,12.5,12.425000000000008,0.5179060632632027
74,1273,4,4,40.0,without_chunking,LMM-1,12.5,12.424999999999988,0.7619861125952705
74,1273,4,4,40.0,without_chunking,LMM-2,12.5,12.424999999999988,0.7619861125952705
74,1273,4,4,40.0,with_chunking,LMM-1,12.833333333333332,12.741666666666653,0.4351724507330742
74,1273,4,4,40.0,with_chunking,LMM-2,12.3125,12.246874999999987,0.4744641638270689
74,1273,4,6,60.0,without_chunking,LMM-1,12.5,12.424999999999974,0.7374918332549041
74,1273,4,6,60.0,without_chunking,LMM-2,12.5,12.424999999999974,0.7374918332549041
74,1273,4,6,60.0,with_chunking,LMM-1,12.833333333333334,12.741666666666639,0.37543923228532916
74,1273,4,6,60.0,with_chunking,LMM-2,12.652777777777779,12.570138888888863,0.4383531590116124
74,1273,4,8,80.0,without_chunking,LMM-1,12.5,12.42499999999998,0.7137513711050656
74,1273,4,8,80.0,without_chunking,LMM-2,12.5,12.42499999999998,0.7137513711050656
74,1273,4,8,80.0,with_chunking,LMM-1,12.833333333333332,12.741666666666646,0.3241339170034704
74,1273,4,8,80.0,with_chunking,LMM-2,12.75,12.662499999999978,0.3922077279714603
74,1273,6,2,20.0,without_chunking,LMM-1,12.0,11.95000000000001,0.783031820589466
74,1273,6,2,20.0,without_chunking,LMM-2,12.0,11.95000000000001,0.783031820589466
74,1273,6,2,20.0,with_chunking,LMM-1,12.25,12.187500000000009,0.49934468847400254
74,1273,6,2,20.0,with_chunking,LMM-2,11.916666666666668,11.87083333333334,0.5121629058204369
74,1273,6,4,40.0,without_chunking,LMM-1,12.0,11.949999999999989,0.7361039032452684
74,1273,6,4,40.0,without_chunking,LMM-2,12.0,11.949999999999989,0.7361039032452684
74,1273,6,4,40.0,with_chunking,LMM-1,12.333333333333334,12.266666666666655,0.3846770466084444
74,1273,6,4,40.0,with_chunking,LMM-2,11.25,11.237499999999988,0.46530383274972553
74,1273,6,6,60.0,without_chunking,LMM-1,12.0,11.949999999999974,0.6918591544357056
74,1273,6,6,60.0,without_chunking,LMM-2,12.0,11.949999999999974,0.6918591544357056
74,1273,6,6,60.0,with_chunking,LMM-1,12.333333333333334,12.266666666666639,0.3175149386047358
74,1273,6,6,60.0,with_chunking,LMM-2,11.833333333333332,11.79166666666664,0.45525646143784193
74,1273,6,8,80.0,without_chunking,LMM-1,12.0,11.94999999999998,0.6501528499596732
74,1273,6,8,80.0,without_chunking,LMM-2,12.0,11.94999999999998,0.6501528499596732
74,1273,6,8,80.0,with_chunking,LMM-1,12.333333333333334,12.266666666666646,0.2621957466681806
74,1273,6,8,80.0,with_chunking,LMM-2,12.0,11.94999999999998,0.4152737963175005
74,1273,8,2,20.0,without_chunking,LMM-1,12.0,11.95000000000001,0.783031820589466
74,1273,8,2,20.0,without_chunking,LMM-2,12.0,11.95000000000001,0.783031820589466
74,1273,8,2,20.0,with_chunking,LMM-1,12.25,12.187500000000009,0.49934468847400254
74,1273,8,2,20.0,with_chunking,LMM-2,11.916666666666668,11.87083333333334,0.5121629058204369
74,1273,8,4,40.0,without_chunking,LMM-1,12.0,11.949999999999989,0.7361039032452684
74,1273,8,4,40.0,without_chunking,LMM-2,12.0,11.949999999999989,0.7361039032452684
74,1273,8,4,40.0,with_chunking,LMM-1,12.333333333333334,12.266666666666655,0.3846770466084444
74,1273,8,4,40.0,with_chunking,LMM-2,11.25,11.237499999999988,0.46530383274972553
74,1273,8,6,60.0,without_chunking,LMM-1,12.0,11.949999999999974,0.6918591544357056
74,1273,8,6,60.0,without_chunking,LMM-2,12.0,11.949999999999974,0.6918591544357056
74,1273,8,6,60.0,with_chunking,LMM-1,12.333333333333334,12.266666666666639,0.3175149386047358
74,1273,8,6,60.0,with_chunking,LMM-2,11.833333333333332,11.79166666666664,0.45525646143784193
74,1273,8,8,80.0,without_chunking,LMM-1,12.0,11.94999999999998,0.6501528499596732
74,1273,8,8,80.0,without_chunking,LMM-2,12.0,11.94999999999998,0.6501528499596732
74,1273,8,8,80.0,with_chunking,LMM-1,12.333333333333334,12.266666666666646,0.2621957466681806
74,1273,8,8,80.0,with_chunking,LMM-2,12.0,11.94999999999998,0.4152737963175005
74,1273,10,2,20.0,without_chunking,LMM-1,12.0,11.95000000000001,0.783031820589466
74,1273,10,2,20.0,without_chunking,LMM-2,12.0,11.95000000000001,0.783031820589466
74,1273,10,2,20.0,with_chunking,LMM-1,10.333333333333334,10.366666666666674,0.5291340322795441
74,1273,10,2,20.0,with_chunking,LMM-2,10.5,10.525000000000006,0.5328914805172037
74,1273,10,4,40.0,without_chunking,LMM-1,12.0,11.949999999999989,0.7361039032452684
74,1273,10,4,40.0,without_chunking,LMM-2,12.0,11.949999999999989,0.7361039032452684
74,1273,10,4,40.0,with_chunking,LMM-1,10.333333333333334,10.366666666666656,0.45179613219470305
74,1273,10,4,40.0,with_chunking,LMM-2,10.0,10.04999999999999,0.48727467407879044
74,1273,10,6,60.0,without_chunking,LMM-1,12.0,11.949999999999974,0.6918591544357056
74,1273,10,6,60.0,without_chunking,LMM-2,12.0,11.949999999999974,0.6918591544357056
74,1273,10,6,60.0,with_chunking,LMM-1,10.333333333333334,10.366666666666644,0.38580812244447826
74,1273,10,6,60.0,with_chunking,LMM-2,9.944444444444446,9.9972222222222,0.4334342284481906
74,1273,10,8,80.0,without_chunking,LMM-1,12.0,11.94999999999998,0.6501528499596732
74,1273,10,8,80.0,without_chunking,LMM-2,12.0,11.94999999999998,0.6501528499596732
74,1273,10,8,80.0,with_chunking,LMM-1,10.333333333333334,10.366666666666648,0.32961095877084146
74,1273,10,8,80.0,with_chunking,LMM-2,10.041666666666668,10.089583333333316,0.3784099463691565
75,1274,4,2,20.0,without_chunking,LMM-1,11.0,11.000000000000007,0.7806404251522607
75,1274,4,2,20.0,without_chunking,LMM-2,11.0,11.000000000000007,0.7806404251522607
75,1274,4,2,20.0,with_chunking,LMM-1,11.5,11.475000000000009,0.587461716599676
75,1274,4,2,20.0,with_chunking,LMM-2,11.5,11.475000000000009,0.587461716599676
75,1274,4,4,40.0,without_chunking,LMM-1,11.0,10.99999999999999,0.7369437498227085
75,1274,4,4,40.0,without_chunking,LMM-2,11.0,10.99999999999999,0.7369437498227085
75,1274,4,4,40.0,with_chunking,LMM-1,11.5,11.474999999999989,0.5202740029332744
75,1274,4,4,40.0,with_chunking,LMM-2,11.5,11.474999999999989,0.5202740029332744
75,1274,4,6,60.0,without_chunking,LMM-1,11.0,10.999999999999977,0.6955609277325061
75,1274,4,6,60.0,without_chunking,LMM-2,11.0,10.999999999999977,0.6955609277325061
75,1274,4,6,60.0,with_chunking,LMM-1,11.5,11.474999999999975,0.4607219205245885
75,1274,4,6,60.0,with_chunking,LMM-2,11.5,11.474999999999975,0.4607219205245885
75,1274,4,8,80.0,without_chunking,LMM-1,11.0,10.99999999999998,0.6564702363581362
75,1274,4,8,80.0,without_chunking,LMM-2,11.0,10.99999999999998,0.6564702363581362
75,1274,4,8,80.0,with_chunking,LMM-1,11.5,11.47499999999998,0.4083730114898805
75,1274,4,8,80.0,with_chunking,LMM-2,11.5,11.47499999999998,0.4083730114898805
75,1274,6,2,20.0,without_chunking,LMM-1,10.0,10.050000000000006,0.7990616606900536
75,1274,6,2,20.0,without_chunking,LMM-2,10.0,10.050000000000006,0.7990616606900536
75,1274,6,2,20.0,with_chunking,LMM-1,10.5,10.525000000000006,0.6238450667950022
75,1274,6,2,20.0,with_chunking,LMM-2,10.5,10.525000000000006,0.6238450667950022
75,1274,6,4,40.0,without_chunking,LMM-1,10.0,10.04999999999999,0.7583661175783111
75,1274,6,4,40.0,without_chunking,LMM-2,10.0,10.04999999999999,0.7583661175783111
75,1274,6,4,40.0,with_chunking,LMM-1,10.5,10.52499999999999,0.5591212264874881
75,1274,6,4,40.0,with_chunking,LMM-2,10.5,10.52499999999999,0.5591212264874881
75,1274,6,6,60.0,without_chunking,LMM-1,10.0,10.049999999999978,0.7196111826831604
75,1274,6,6,60.0,without_chunking,LMM-2,10.0,10.049999999999978,0.7196111826831604
75,1274,6,6,60.0,with_chunking,LMM-1,10.5,10.524999999999977,0.5010430051771569
75,1274,6,6,60.0,with_chunking,LMM-2,10.5,10.524999999999977,0.5010430051771569
75,1274,6,8,80.0,without_chunking,LMM-1,10.0,10.049999999999981,0.6829027639260541
75,1274,6,8,80.0,without_chunking,LMM-2,10.0,10.049999999999981,0.6829027639260541
75,1274,6,8,80.0,with_chunking,LMM-1,10.5,10.52499999999998,0.44911527284232855
75,1274,6,8,80.0,with_chunking,LMM-2,10.5,10.52499999999998,0.44911527284232855
75,1274,8,2,20.0,without_chunking,LMM-1,10.0,10.050000000000006,0.8055516178945239
75,1274,8,2,20.0,without_chunking,LMM-2,10.0,10.050000000000006,0.8055516178945239
75,1274,8,2,20.0,with_chunking,LMM-1,10.0,10.050000000000006,0.6423584154552981
75,1274,8,2,20.0,with_chunking,LMM-2,10.0,10.050000000000006,0.6423584154552981
75,1274,8,4,40.0,without_chunking,LMM-1,10.0,10.04999999999999,0.7647749837763199
75,1274,8,4,40.0,without_chunking,LMM-2,10.0,10.04999999999999,0.7647749837763199
75,1274,8,4,40.0,with_chunking,LMM-1,10.0,10.04999999999999,0.5788847865162556
75,1274,8,4,40.0,with_chunking,LMM-2,10.0,10.04999999999999,0.5788847865162556
75,1274,8,6,60.0,without_chunking,LMM-1,10.0,10.049999999999978,0.7259316354810859
75,1274,8,6,60.0,without_chunking,LMM-2,10.0,10.049999999999978,0.7259316354810859
75,1274,8,6,60.0,with_chunking,LMM-1,10.0,10.049999999999978,0.5216040024249705
75,1274,8,6,60.0,with_chunking,LMM-2,10.0,10.049999999999978,0.5216040024249705
75,1274,8,8,80.0,without_chunking,LMM-1,10.0,10.049999999999981,0.6889717588354604
75,1274,8,8,80.0,without_chunking,LMM-2,10.0,10.049999999999981,0.6889717588354604
75,1274,8,8,80.0,with_chunking,LMM-1,10.0,10.049999999999981,0.4700011380154272
75,1274,8,8,80.0,with_chunking,LMM-2,10.0,10.049999999999981,0.4700011380154272
75,1274,10,2,20.0,without_chunking,LMM-1,10.0,10.050000000000006,0.8134681611492128
75,1274,10,2,20.0,without_chunking,LMM-2,10.0,10.050000000000006,0.8134681611492128
75,1274,10,2,20.0,with_chunking,LMM-1,10.0,10.050000000000006,0.5226357921014931
75,1274,10,2,20.0,with_chunking,LMM-2,9.75,9.812500000000005,0.5432780885948392
75,1274,10,4,40.0,without_chunking,LMM-1,10.0,10.04999999999999,0.7725622798057363
75,1274,10,4,40.0,without_chunking,LMM-2,10.0,10.04999999999999,0.7725622798057363
75,1274,10,4,40.0,with_chunking,LMM-1,10.0,10.04999999999999,0.4475792780862925
75,1274,10,4,40.0,with_chunking,LMM-2,9.666666666666666,9.733333333333324,0.4887839761589826
75,1274,10,6,60.0,without_chunking,LMM-1,10.0,10.049999999999978,0.7335820339685162
75,1274,10,6,60.0,without_chunking,LMM-2,10.0,10.049999999999978,0.7335820339685162
75,1274,10,6,60.0,with_chunking,LMM-1,10.0,10.049999999999978,0.3833352651310471
75,1274,10,6,60.0,with_chunking,LMM-2,9.36111111111111,9.443055555555535,0.4495853279857259
75,1274,10,8,80.0,without_chunking,LMM-1,10.0,10.049999999999981,0.6966281861603616
75,1274,10,8,80.0,without_chunking,LMM-2,10.0,10.049999999999981,0.6966281861603616
75,1274,10,8,80.0,with_chunking,LMM-1,10.0,10.049999999999981,0.32847465509394663
75,1274,10,8,80.0,with_chunking,LMM-2,9.166666666666668,9.258333333333317,0.4115590432226253
76,1275,4,2,20.0,without_chunking,LMM-1,11.0,11.000000000000007,0.778388574307176
76,1275,4,2,20.0,without_chunking,LMM-2,11.0,11.000000000000007,0.778388574307176
76,1275,4,2,20.0,with_chunking,LMM-1,11.0,11.000000000000007,0.778388574307176
76,1275,4,2,20.0,with_chunking,LMM-2,11.0,11.000000000000007,0.778388574307176
76,1275,4,4,40.0,without_chunking,LMM-1,11.0,10.99999999999999,0.7347043485650894
76,1275,4,4,40.0,without_chunking,LMM-2,11.0,10.99999999999999,0.7347043485650894
76,1275,4,4,40.0,with_chunking,LMM-1,11.0,10.99999999999999,0.7347043485650894
76,1275,4,4,40.0,with_chunking,LMM-2,11.0,10.99999999999999,0.7347043485650894
76,1275,4,6,60.0,without_chunking,LMM-1,11.0,10.999999999999977,0.6933382294493884
76,1275,4,6,60.0,without_chunking,LMM-2,11.0,10.999999999999977,0.6933382294493884
76,1275,4,6,60.0,with_chunking,LMM-1,11.0,10.999999999999977,0.6933382294493884
76,1275,4,6,60.0,with_chunking,LMM-2,11.0,10.999999999999977,0.6933382294493884
76,1275,4,8,80.0,without_chunking,LMM-1,11.0,10.99999999999998,0.6544914415354449
76,1275,4,8,80.0,without_chunking,LMM-2,11.0,10.99999999999998,0.6544914415354449
76,1275,4,8,80.0,with_chunking,LMM-1,11.0,10.99999999999998,0.6544914415354449
76,1275,4,8,80.0,with_chunking,LMM-2,11.0,10.99999999999998,0.6544914415354449
76,1275,6,2,20.0,without_chunking,LMM-1,11.0,11.000000000000007,0.7805031054178881
76,1275,6,2,20.0,without_chunking,LMM-2,11.0,11.000000000000007,0.7805031054178881
76,1275,6,2,20.0,with_chunking,LMM-1,11.0,11.000000000000007,0.6302849736062799
76,1275,6,2,20.0,with_chunking,LMM-2,11.0,11.000000000000007,0.6302849736062799
76,1275,6,4,40.0,without_chunking,LMM-1,11.0,10.99999999999999,0.7369091279576939
76,1275,6,4,40.0,without_chunking,LMM-2,11.0,10.99999999999999,0.7369091279576939
76,1275,6,4,40.0,with_chunking,LMM-1,11.0,10.99999999999999,0.5620351381450251
76,1275,6,4,40.0,with_chunking,LMM-2,11.0,10.99999999999999,0.5620351381450251
76,1275,6,6,60.0,without_chunking,LMM-1,11.0,10.999999999999977,0.6956176276215056
76,1275,6,6,60.0,without_chunking,LMM-2,11.0,10.999999999999977,0.6956176276215056
76,1275,6,6,60.0,with_chunking,LMM-1,11.0,10.999999999999977,0.5011142121192413
76,1275,6,6,60.0,with_chunking,LMM-2,11.0,10.999999999999977,0.5011142121192413
76,1275,6,8,80.0,without_chunking,LMM-1,11.0,10.99999999999998,0.6570336755312716
76,1275,6,8,80.0,without_chunking,LMM-2,11.0,10.99999999999998,0.6570336755312716
76,1275,6,8,80.0,with_chunking,LMM-1,11.0,10.99999999999998,0.44707669548307044
76,1275,6,8,80.0,with_chunking,LMM-2,11.0,10.99999999999998,0.44707669548307044
76,1275,8,2,20.0,without_chunking,LMM-1,8.0,8.150000000000004,0.8519866008199816
76,1275,8,2,20.0,without_chunking,LMM-2,8.0,8.150000000000004,0.8519866008199816
76,1275,8,2,20.0,with_chunking,LMM-1,9.5,9.575000000000005,0.6879862477844746
76,1275,8,2,20.0,with_chunking,LMM-2,9.5,9.575000000000005,0.6879862477844746
76,1275,8,4,40.0,without_chunking,LMM-1,8.0,8.149999999999991,0.8187087719679449
76,1275,8,4,40.0,without_chunking,LMM-2,8.0,8.149999999999991,0.8187087719679449
76,1275,8,4,40.0,with_chunking,LMM-1,9.5,9.57499999999999,0.624329585376558
76,1275,8,4,40.0,with_chunking,LMM-2,9.5,9.57499999999999,0.624329585376558
76,1275,8,6,60.0,without_chunking,LMM-1,8.0,8.149999999999983,0.7866139149462201
76,1275,8,6,60.0,without_chunking,LMM-2,8.0,8.149999999999983,0.7866139149462201
76,1275,8,6,60.0,with_chunking,LMM-1,9.5,9.57499999999998,0.5664721186604447
76,1275,8,6,60.0,with_chunking,LMM-2,9.5,9.57499999999998,0.5664721186604447
76,1275,8,8,80.0,without_chunking,LMM-1,8.0,8.149999999999984,0.7557205757573436
76,1275,8,8,80.0,without_chunking,LMM-2,8.0,8.149999999999984,0.7557205757573436
76,1275,8,8,80.0,with_chunking,LMM-1,9.5,9.574999999999982,0.5139320144055435
76,1275,8,8,80.0,with_chunking,LMM-2,9.5,9.574999999999982,0.5139320144055435
76,1275,10,2,20.0,without_chunking,LMM-1,8.0,8.150000000000004,0.8563169721880923
76,1275,10,2,20.0,without_chunking,LMM-2,8.0,8.150000000000004,0.8563169721880923
76,1275,10,2,20.0,with_chunking,LMM-1,8.0,8.150000000000004,0.8563169721880923
76,1275,10,2,20.0,with_chunking,LMM-2,8.0,8.150000000000004,0.8563169721880923
76,1275,10,4,40.0,without_chunking,LMM-1,8.0,8.149999999999991,0.8223377166252428
76,1275,10,4,40.0,without_chunking,LMM-2,8.0,8.149999999999991,0.8223377166252428
76,1275,10,4,40.0,with_chunking,LMM-1,8.0,8.149999999999991,0.8223377166252428
76,1275,10,4,40.0,with_chunking,LMM-2,8.0,8.149999999999991,0.8223377166252428
76,1275,10,6,60.0,without_chunking,LMM-1,8.0,8.149999999999983,0.7895859453746881
76,1275,10,6,60.0,without_chunking,LMM-2,8.0,8.149999999999983,0.7895859453746881
76,1275,10,6,60.0,with_chunking,LMM-1,8.0,8.149999999999983,0.7895859453746881
76,1275,10,6,60.0,with_chunking,LMM-2,8.0,8.149999999999983,0.7895859453746881
76,1275,10,8,80.0,without_chunking,LMM-1,8.0,8.149999999999984,0.7580920913128397
76,1275,10,8,80.0,without_chunking,LMM-2,8.0,8.149999999999984,0.7580920913128397
76,1275,10,8,80.0,with_chunking,LMM-1,8.0,8.149999999999984,0.7580920913128397
76,1275,10,8,80.0,with_chunking,LMM-2,8.0,8.149999999999984,0.7580920913128397
77,1276,4,2,20.0,without_chunking,LMM-1,15.0,14.800000000000011,0.726167181669649
77,1276,4,2,20.0,without_chunking,LMM-2,15.0,14.800000000000011,0.726167181669649
77,1276,4,2,20.0,with_chunking,LMM-1,15.0,14.800000000000011,0.726167181669649
77,1276,4,2,20.0,with_chunking,LMM-2,15.0,14.800000000000011,0.726167181669649
77,1276,4,4,40.0,without_chunking,LMM-1,15.0,14.799999999999981,0.6768501376372517
77,1276,4,4,40.0,without_chunking,LMM-2,15.0,14.799999999999981,0.6768501376372517
77,1276,4,4,40.0,with_chunking,LMM-1,15.0,14.799999999999981,0.6768501376372517
77,1276,4,4,40.0,with_chunking,LMM-2,15.0,14.799999999999981,0.6768501376372517
77,1276,4,6,60.0,without_chunking,LMM-1,15.0,14.799999999999967,0.630777313928163
77,1276,4,6,60.0,without_chunking,LMM-2,15.0,14.799999999999967,0.630777313928163
77,1276,4,6,60.0,with_chunking,LMM-1,15.0,14.799999999999967,0.630777313928163
77,1276,4,6,60.0,with_chunking,LMM-2,15.0,14.799999999999967,0.630777313928163
77,1276,4,8,80.0,without_chunking,LMM-1,15.0,14.799999999999976,0.5877436807280426
77,1276,4,8,80.0,without_chunking,LMM-2,15.0,14.799999999999976,0.5877436807280426
77,1276,4,8,80.0,with_chunking,LMM-1,15.0,14.799999999999976,0.5877436807280426
77,1276,4,8,80.0,with_chunking,LMM-2,15.0,14.799999999999976,0.5877436807280426
77,1276,6,2,20.0,without_chunking,LMM-1,15.0,14.800000000000011,0.7389304920790435
77,1276,6,2,20.0,without_chunking,LMM-2,15.0,14.800000000000011,0.7389304920790435
77,1276,6,2,20.0,with_chunking,LMM-1,15.0,14.800000000000011,0.7389304920790435
77,1276,6,2,20.0,with_chunking,LMM-2,15.0,14.800000000000011,0.7389304920790435
77,1276,6,4,40.0,without_chunking,LMM-1,15.0,14.799999999999981,0.6833399900703454
77,1276,6,4,40.0,without_chunking,LMM-2,15.0,14.799999999999981,0.6833399900703454
77,1276,6,4,40.0,with_chunking,LMM-1,15.0,14.799999999999981,0.6833399900703454
77,1276,6,4,40.0,with_chunking,LMM-2,15.0,14.799999999999981,0.6833399900703454
77,1276,6,6,60.0,without_chunking,LMM-1,15.0,14.799999999999967,0.631809988660637
77,1276,6,6,60.0,without_chunking,LMM-2,15.0,14.799999999999967,0.631809988660637
77,1276,6,6,60.0,with_chunking,LMM-1,15.0,14.799999999999967,0.631809988660637
77,1276,6,6,60.0,with_chunking,LMM-2,15.0,14.799999999999967,0.631809988660637
77,1276,6,8,80.0,without_chunking,LMM-1,15.0,14.799999999999976,0.5840548099876406
77,1276,6,8,80.0,without_chunking,LMM-2,15.0,14.799999999999976,0.5840548099876406
77,1276,6,8,80.0,with_chunking,LMM-1,15.0,14.799999999999976,0.5840548099876406
77,1276,6,8,80.0,with_chunking,LMM-2,15.0,14.799999999999976,0.5840548099876406
77,1276,8,2,20.0,without_chunking,LMM-1,12.0,11.95000000000001,0.7830032129503597
77,1276,8,2,20.0,without_chunking,LMM-2,12.0,11.95000000000001,0.7830032129503597
77,1276,8,2,20.0,with_chunking,LMM-1,12.0,11.95000000000001,0.7830032129503597
77,1276,8,2,20.0,with_chunking,LMM-2,12.0,11.95000000000001,0.7830032129503597
77,1276,8,4,40.0,without_chunking,LMM-1,12.0,11.949999999999989,0.7362318976753645
77,1276,8,4,40.0,without_chunking,LMM-2,12.0,11.949999999999989,0.7362318976753645
77,1276,8,4,40.0,with_chunking,LMM-1,12.0,11.949999999999989,0.7362318976753645
77,1276,8,4,40.0,with_chunking,LMM-2,12.0,11.949999999999989,0.7362318976753645
77,1276,8,6,60.0,without_chunking,LMM-1,12.0,11.949999999999974,0.6921254023450177
77,1276,8,6,60.0,without_chunking,LMM-2,12.0,11.949999999999974,0.6921254023450177
77,1276,8,6,60.0,with_chunking,LMM-1,12.0,11.949999999999974,0.6921254023450177
77,1276,8,6,60.0,with_chunking,LMM-2,12.0,11.949999999999974,0.6921254023450177
77,1276,8,8,80.0,without_chunking,LMM-1,12.0,11.94999999999998,0.6505405277295484
77,1276,8,8,80.0,without_chunking,LMM-2,12.0,11.94999999999998,0.6505405277295484
77,1276,8,8,80.0,with_chunking,LMM-1,12.0,11.94999999999998,0.6505405277295484
77,1276,8,8,80.0,with_chunking,LMM-2,12.0,11.94999999999998,0.6505405277295484
77,1276,10,2,20.0,without_chunking,LMM-1,12.0,11.95000000000001,0.7925695678719809
77,1276,10,2,20.0,without_chunking,LMM-2,12.0,11.95000000000001,0.7925695678719809
77,1276,10,2,20.0,with_chunking,LMM-1,12.0,11.95000000000001,0.7925695678719809
77,1276,10,2,20.0,with_chunking,LMM-2,12.0,11.95000000000001,0.7925695678719809
77,1276,10,4,40.0,without_chunking,LMM-1,12.0,11.949999999999989,0.7455066817088065
77,1276,10,4,40.0,without_chunking,LMM-2,12.0,11.949999999999989,0.7455066817088065
77,1276,10,4,40.0,with_chunking,LMM-1,12.0,11.949999999999989,0.7455066817088065
77,1276,10,4,40.0,with_chunking,LMM-2,12.0,11.949999999999989,0.7455066817088065
77,1276,10,6,60.0,without_chunking,LMM-1,12.0,11.949999999999974,0.7011097579130493
77,1276,10,6,60.0,without_chunking,LMM-2,12.0,11.949999999999974,0.7011097579130493
77,1276,10,6,60.0,with_chunking,LMM-1,12.0,11.949999999999974,0.7011097579130493
77,1276,10,6,60.0,with_chunking,LMM-2,12.0,11.949999999999974,0.7011097579130493
77,1276,10,8,80.0,without_chunking,LMM-1,12.0,11.94999999999998,0.6592363433414987
77,1276,10,8,80.0,without_chunking,LMM-2,12.0,11.94999999999998,0.6592363433414987
77,1276,10,8,80.0,with_chunking,LMM-1,12.0,11.94999999999998,0.6592363433414987
77,1276,10,8,80.0,with_chunking,LMM-2,12.0,11.94999999999998,0.6592363433414987
78,1277,4,2,20.0,without_chunking,LMM-1,16.0,15.750000000000012,0.6788495982994126
78,1277,4,2,20.0,without_chunking,LMM-2,16.0,15.750000000000012,0.6788495982994126
78,1277,4,2,20.0,with_chunking,LMM-1,16.0,15.750000000000012,0.6788495982994126
78,1277,4,2,20.0,with_chunking,LMM-2,16.0,15.750000000000012,0.6788495982994126
78,1277,4,4,40.0,without_chunking,LMM-1,16.0,15.749999999999979,0.6224356068635076
78,1277,4,4,40.0,without_chunking,LMM-2,16.0,15.749999999999979,0.6224356068635076
78,1277,4,4,40.0,with_chunking,LMM-1,16.0,15.749999999999979,0.6224356068635076
78,1277,4,4,40.0,with_chunking,LMM-2,16.0,15.749999999999979,0.6224356068635076
78,1277,4,6,60.0,without_chunking,LMM-1,16.0,15.749999999999963,0.5705927888882427
78,1277,4,6,60.0,without_chunking,LMM-2,16.0,15.749999999999963,0.5705927888882427
78,1277,4,6,60.0,with_chunking,LMM-1,16.0,15.749999999999963,0.5705927888882427
78,1277,4,6,60.0,with_chunking,LMM-2,16.0,15.749999999999963,0.5705927888882427
78,1277,4,8,80.0,without_chunking,LMM-1,16.0,15.749999999999973,0.5230184383259789
78,1277,4,8,80.0,without_chunking,LMM-2,16.0,15.749999999999973,0.5230184383259789
78,1277,4,8,80.0,with_chunking,LMM-1,16.0,15.749999999999973,0.5230184383259789
78,1277,4,8,80.0,with_chunking,LMM-2,16.0,15.749999999999973,0.5230184383259789
78,1277,6,2,20.0,without_chunking,LMM-1,13.5,13.37500000000001,0.7319550905989718
78,1277,6,2,20.0,without_chunking,LMM-2,13.5,13.37500000000001,0.7319550905989718
78,1277,6,2,20.0,with_chunking,LMM-1,13.5,13.37500000000001,0.7319550905989718
78,1277,6,2,20.0,with_chunking,LMM-2,13.5,13.37500000000001,0.7319550905989718
78,1277,6,4,40.0,without_chunking,LMM-1,13.5,13.374999999999986,0.6844723955936685
78,1277,6,4,40.0,without_chunking,LMM-2,13.5,13.374999999999986,0.6844723955936685
78,1277,6,4,40.0,with_chunking,LMM-1,13.5,13.374999999999986,0.6844723955936685
78,1277,6,4,40.0,with_chunking,LMM-2,13.5,13.374999999999986,0.6844723955936685
78,1277,6,6,60.0,without_chunking,LMM-1,13.5,13.374999999999972,0.6399540894151152
78,1277,6,6,60.0,without_chunking,LMM-2,13.5,13.374999999999972,0.6399540894151152
78,1277,6,6,60.0,with_chunking,LMM-1,13.5,13.374999999999972,0.6399540894151152
78,1277,6,6,60.0,with_chunking,LMM-2,13.5,13.374999999999972,0.6399540894151152
78,1277,6,8,80.0,without_chunking,LMM-1,13.5,13.374999999999979,0.5982237120416749
78,1277,6,8,80.0,without_chunking,LMM-2,13.5,13.374999999999979,0.5982237120416749
78,1277,6,8,80.0,with_chunking,LMM-1,13.5,13.374999999999979,0.5982237120416749
78,1277,6,8,80.0,with_chunking,LMM-2,13.5,13.374999999999979,0.5982237120416749
78,1277,8,2,20.0,without_chunking,LMM-1,11.0,11.000000000000007,0.7821177046860533
78,1277,8,2,20.0,without_chunking,LMM-2,11.0,11.000000000000007,0.7821177046860533
78,1277,8,2,20.0,with_chunking,LMM-1,11.0,11.000000000000007,0.629674313574643
78,1277,8,2,20.0,with_chunking,LMM-2,11.0,11.000000000000007,0.629674313574643
78,1277,8,4,40.0,without_chunking,LMM-1,11.0,10.99999999999999,0.7383594803528539
78,1277,8,4,40.0,without_chunking,LMM-2,11.0,10.99999999999999,0.7383594803528539
78,1277,8,4,40.0,with_chunking,LMM-1,11.0,10.99999999999999,0.561697073509007
78,1277,8,4,40.0,with_chunking,LMM-2,11.0,10.99999999999999,0.561697073509007
78,1277,8,6,60.0,without_chunking,LMM-1,11.0,10.999999999999977,0.6969163433347214
78,1277,8,6,60.0,without_chunking,LMM-2,11.0,10.999999999999977,0.6969163433347214
78,1277,8,6,60.0,with_chunking,LMM-1,11.0,10.999999999999977,0.5009971780316627
78,1277,8,6,60.0,with_chunking,LMM-2,11.0,10.999999999999977,0.5009971780316627
78,1277,8,8,80.0,without_chunking,LMM-1,11.0,10.99999999999998,0.6579168288294399
78,1277,8,8,80.0,without_chunking,LMM-2,11.0,10.99999999999998,0.6579168288294399
78,1277,8,8,80.0,with_chunking,LMM-1,11.0,10.99999999999998,0.4469599061218448
78,1277,8,8,80.0,with_chunking,LMM-2,11.0,10.99999999999998,0.4469599061218448
78,1277,10,2,20.0,without_chunking,LMM-1,9.0,9.100000000000005,0.8472806378554654
78,1277,10,2,20.0,without_chunking,LMM-2,8.5,8.625000000000004,0.8592452815834575
78,1277,10,2,20.0,with_chunking,LMM-1,9.666666666666666,9.733333333333338,0.6662848281337905
78,1277,10,2,20.0,with_chunking,LMM-2,9.458333333333334,9.535416666666672,0.6753847386389228
78,1277,10,4,40.0,without_chunking,LMM-1,9.0,9.09999999999999,0.8263016500596039
78,1277,10,4,40.0,without_chunking,LMM-2,8.375,8.50624999999999,0.8494175677716311
78,1277,10,4,40.0,with_chunking,LMM-1,9.833333333333332,9.891666666666657,0.576026770577627
78,1277,10,4,40.0,with_chunking,LMM-2,9.708333333333332,9.772916666666656,0.6021876835726142
78,1277,10,6,60.0,without_chunking,LMM-1,9.0,9.09999999999998,0.8057992861173713
78,1277,10,6,60.0,without_chunking,LMM-2,8.25,8.387499999999982,0.8394093454548965
78,1277,10,6,60.0,with_chunking,LMM-1,9.833333333333334,9.891666666666646,0.5222917227527935
78,1277,10,6,60.0,with_chunking,LMM-2,9.333333333333332,9.416666666666647,0.5865467461303131
78,1277,10,8,80.0,without_chunking,LMM-1,9.0,9.099999999999984,0.7857637912514701
78,1277,10,8,80.0,without_chunking,LMM-2,8.0625,8.209374999999984,0.826154173133469
78,1277,10,8,80.0,with_chunking,LMM-1,9.833333333333332,9.891666666666648,0.4735982424791696
78,1277,10,8,80.0,with_chunking,LMM-2,9.125,9.218749999999982,0.5786223188887649
79,1278,4,2,20.0,without_chunking,LMM-1,13.0,12.90000000000001,0.764437117031148
79,1278,4,2,20.0,without_chunking,LMM-2,13.0,12.90000000000001,0.764437117031148
79,1278,4,2,20.0,with_chunking,LMM-1,13.0,12.90000000000001,0.764437117031148
79,1278,4,2,20.0,with_chunking,LMM-2,13.0,12.90000000000001,0.764437117031148
79,1278,4,4,40.0,without_chunking,LMM-1,13.0,12.899999999999988,0.7351273278361168
79,1278,4,4,40.0,without_chunking,LMM-2,13.0,12.899999999999988,0.7351273278361168
79,1278,4,4,40.0,with_chunking,LMM-1,13.0,12.899999999999988,0.7351273278361168
79,1278,4,4,40.0,with_chunking,LMM-2,13.0,12.899999999999988,0.7351273278361168
79,1278,4,6,60.0,without_chunking,LMM-1,13.0,12.899999999999972,0.7068953297902938
79,1278,4,6,60.0,without_chunking,LMM-2,13.0,12.899999999999972,0.7068953297902938
79,1278,4,6,60.0,with_chunking,LMM-1,13.0,12.899999999999972,0.7068953297902938
79,1278,4,6,60.0,with_chunking,LMM-2,13.0,12.899999999999972,0.7068953297902938
79,1278,4,8,80.0,without_chunking,LMM-1,13.0,12.899999999999979,0.6797034335788331
79,1278,4,8,80.0,without_chunking,LMM-2,13.0,12.899999999999979,0.6797034335788331
79,1278,4,8,80.0,with_chunking,LMM-1,13.0,12.899999999999979,0.6797034335788331
79,1278,4,8,80.0,with_chunking,LMM-2,13.0,12.899999999999979,0.6797034335788331
79,1278,6,2,20.0,without_chunking,LMM-1,12.0,11.95000000000001,0.7774724657745655
79,1278,6,2,20.0,without_chunking,LMM-2,12.0,11.95000000000001,0.7774724657745655
79,1278,6,2,20.0,with_chunking,LMM-1,12.0,11.95000000000001,0.7774724657745655
79,1278,6,2,20.0,with_chunking,LMM-2,12.0,11.95000000000001,0.7774724657745655
79,1278,6,4,40.0,without_chunking,LMM-1,12.0,11.949999999999989,0.7307364938842685
79,1278,6,4,40.0,without_chunking,LMM-2,12.0,11.949999999999989,0.7307364938842685
79,1278,6,4,40.0,with_chunking,LMM-1,12.0,11.949999999999989,0.7307364938842685
79,1278,6,4,40.0,with_chunking,LMM-2,12.0,11.949999999999989,0.7307364938842685
79,1278,6,6,60.0,without_chunking,LMM-1,12.0,11.949999999999974,0.6866803148235894
79,1278,6,6,60.0,without_chunking,LMM-2,12.0,11.949999999999974,0.6866803148235894
79,1278,6,6,60.0,with_chunking,LMM-1,12.0,11.949999999999974,0.6866803148235894
79,1278,6,6,60.0,with_chunking,LMM-2,12.0,11.949999999999974,0.6866803148235894
79,1278,6,8,80.0,without_chunking,LMM-1,12.0,11.94999999999998,0.6451658588887585
79,1278,6,8,80.0,without_chunking,LMM-2,12.0,11.94999999999998,0.6451658588887585
79,1278,6,8,80.0,with_chunking,LMM-1,12.0,11.94999999999998,0.6451658588887585
79,1278,6,8,80.0,with_chunking,LMM-2,12.0,11.94999999999998,0.6451658588887585
79,1278,8,2,20.0,without_chunking,LMM-1,11.0,11.000000000000007,0.8136959029426155
79,1278,8,2,20.0,without_chunking,LMM-2,11.0,11.000000000000007,0.8136959029426155
79,1278,8,2,20.0,with_chunking,LMM-1,11.0,11.000000000000007,0.8136959029426155
79,1278,8,2,20.0,with_chunking,LMM-2,11.0,11.000000000000007,0.8136959029426155
79,1278,8,4,40.0,without_chunking,LMM-1,11.0,10.99999999999999,0.7698188963635322
79,1278,8,4,40.0,without_chunking,LMM-2,11.0,10.99999999999999,0.7698188963635322
79,1278,8,4,40.0,with_chunking,LMM-1,11.0,10.99999999999999,0.7698188963635322
79,1278,8,4,40.0,with_chunking,LMM-2,11.0,10.99999999999999,0.7698188963635322
79,1278,8,6,60.0,without_chunking,LMM-1,11.0,10.999999999999977,0.7281808030581415
79,1278,8,6,60.0,without_chunking,LMM-2,11.0,10.999999999999977,0.7281808030581415
79,1278,8,6,60.0,with_chunking,LMM-1,11.0,10.999999999999977,0.7281808030581415
79,1278,8,6,60.0,with_chunking,LMM-2,11.0,10.999999999999977,0.7281808030581415
79,1278,8,8,80.0,without_chunking,LMM-1,11.0,10.99999999999998,0.6886749154823297
79,1278,8,8,80.0,without_chunking,LMM-2,11.0,10.99999999999998,0.6886749154823297
79,1278,8,8,80.0,with_chunking,LMM-1,11.0,10.99999999999998,0.6886749154823297
79,1278,8,8,80.0,with_chunking,LMM-2,11.0,10.99999999999998,0.6886749154823297
79,1278,10,2,20.0,without_chunking,LMM-1,11.0,11.000000000000007,0.8136959029426155
79,1278,10,2,20.0,without_chunking,LMM-2,11.0,11.000000000000007,0.8136959029426155
79,1278,10,2,20.0,with_chunking,LMM-1,11.0,11.000000000000007,0.8136959029426155
79,1278,10,2,20.0,with_chunking,LMM-2,11.0,11.000000000000007,0.8136959029426155
79,1278,10,4,40.0,without_chunking,LMM-1,11.0,10.99999999999999,0.7698188963635322
79,1278,10,4,40.0,without_chunking,LMM-2,11.0,10.99999999999999,0.7698188963635322
79,1278,10,4,40.0,with_chunking,LMM-1,11.0,10.99999999999999,0.7698188963635322
79,1278,10,4,40.0,with_chunking,LMM-2,11.0,10.99999999999999,0.7698188963635322
79,1278,10,6,60.0,without_chunking,LMM-1,11.0,10.999999999999977,0.7281808030581415
79,1278,10,6,60.0,without_chunking,LMM-2,11.0,10.999999999999977,0.7281808030581415
79,1278,10,6,60.0,with_chunking,LMM-1,11.0,10.999999999999977,0.7281808030581415
79,1278,10,6,60.0,with_chunking,LMM-2,11.0,10.999999999999977,0.7281808030581415
79,1278,10,8,80.0,without_chunking,LMM-1,11.0,10.99999999999998,0.6886749154823297
79,1278,10,8,80.0,without_chunking,LMM-2,11.0,10.99999999999998,0.6886749154823297
79,1278,10,8,80.0,with_chunking,LMM-1,11.0,10.99999999999998,0.6886749154823297
79,1278,10,8,80.0,with_chunking,LMM-2,11.0,10.99999999999998,0.6886749154823297
80,1279,4,2,20.0,without_chunking,LMM-1,13.0,12.90000000000001,0.7635427461442479
80,1279,4,2,20.0,without_chunking,LMM-2,13.0,12.90000000000001,0.7635427461442479
80,1279,4,2,20.0,with_chunking,LMM-1,13.25,13.13750000000001,0.536564005301424
80,1279,4,2,20.0,with_chunking,LMM-2,13.25,13.13750000000001,0.536564005301424
80,1279,4,4,40.0,without_chunking,LMM-1,13.0,12.899999999999986,0.7375498104145484
80,1279,4,4,40.0,without_chunking,LMM-2,13.0,12.899999999999986,0.7375498104145484
80,1279,4,4,40.0,with_chunking,LMM-1,13.25,13.137499999999987,0.46923222093733197
80,1279,4,4,40.0,with_chunking,LMM-2,13.25,13.137499999999987,0.46923222093733197
80,1279,4,6,60.0,without_chunking,LMM-1,13.0,12.899999999999972,0.7124119734240464
80,1279,4,6,60.0,without_chunking,LMM-2,13.0,12.899999999999972,0.7124119734240464
80,1279,4,6,60.0,with_chunking,LMM-1,13.25,13.137499999999973,0.41033843680249804
80,1279,4,6,60.0,with_chunking,LMM-2,13.25,13.137499999999973,0.41033843680249804
80,1279,4,8,80.0,without_chunking,LMM-1,13.0,12.899999999999979,0.6881022802900038
80,1279,4,8,80.0,without_chunking,LMM-2,13.0,12.899999999999979,0.6881022802900038
80,1279,4,8,80.0,with_chunking,LMM-1,13.25,13.137499999999978,0.3589253710154433
80,1279,4,8,80.0,with_chunking,LMM-2,13.25,13.137499999999978,0.3589253710154433
80,1279,6,2,20.0,without_chunking,LMM-1,11.0,11.000000000000007,0.7919230912945615
80,1279,6,2,20.0,without_chunking,LMM-2,11.0,11.000000000000007,0.7919230912945615
80,1279,6,2,20.0,with_chunking,LMM-1,11.0,11.000000000000007,0.6175791800599765
80,1279,6,2,20.0,with_chunking,LMM-2,11.0,11.000000000000007,0.6175791800599765
80,1279,6,4,40.0,without_chunking,LMM-1,11.0,10.99999999999999,0.7478925879741629
80,1279,6,4,40.0,without_chunking,LMM-2,11.0,10.99999999999999,0.7478925879741629
80,1279,6,4,40.0,with_chunking,LMM-1,11.0,10.99999999999999,0.55052586378204
80,1279,6,4,40.0,with_chunking,LMM-2,11.0,10.99999999999999,0.55052586378204
80,1279,6,6,60.0,without_chunking,LMM-1,11.0,10.999999999999977,0.7061774941056755
80,1279,6,6,60.0,without_chunking,LMM-2,11.0,10.999999999999977,0.7061774941056755
80,1279,6,6,60.0,with_chunking,LMM-1,11.0,10.999999999999977,0.49069258092525836
80,1279,6,6,60.0,with_chunking,LMM-2,11.0,10.999999999999977,0.49069258092525836
80,1279,6,8,80.0,without_chunking,LMM-1,11.0,10.99999999999998,0.6667552377797126
80,1279,6,8,80.0,without_chunking,LMM-2,11.0,10.99999999999998,0.6667552377797126
80,1279,6,8,80.0,with_chunking,LMM-1,11.0,10.99999999999998,0.43745288814385813
80,1279,6,8,80.0,with_chunking,LMM-2,11.0,10.99999999999998,0.43745288814385813
80,1279,8,2,20.0,without_chunking,LMM-1,10.0,10.050000000000006,0.8110661994867812
80,1279,8,2,20.0,without_chunking,LMM-2,10.0,10.050000000000006,0.8110661994867812
80,1279,8,2,20.0,with_chunking,LMM-1,10.333333333333334,10.366666666666672,0.5275644858533264
80,1279,8,2,20.0,with_chunking,LMM-2,10.0,10.050000000000004,0.5445936935869238
80,1279,8,4,40.0,without_chunking,LMM-1,10.0,10.04999999999999,0.7707486577258689
80,1279,8,4,40.0,without_chunking,LMM-2,10.0,10.04999999999999,0.7707486577258689
80,1279,8,4,40.0,with_chunking,LMM-1,10.333333333333334,10.366666666666656,0.44982192542065563
80,1279,8,4,40.0,with_chunking,LMM-2,9.833333333333332,9.891666666666657,0.48073965617556425
80,1279,8,6,60.0,without_chunking,LMM-1,10.0,10.049999999999978,0.7323075560054813
80,1279,8,6,60.0,without_chunking,LMM-2,10.0,10.049999999999978,0.7323075560054813
80,1279,8,6,60.0,with_chunking,LMM-1,10.333333333333334,10.366666666666644,0.38358182992068146
80,1279,8,6,60.0,with_chunking,LMM-2,9.666666666666666,9.733333333333313,0.4400711514029638
80,1279,8,8,80.0,without_chunking,LMM-1,10.0,10.049999999999981,0.6957447509183832
80,1279,8,8,80.0,without_chunking,LMM-2,10.0,10.049999999999981,0.6957447509183832
80,1279,8,8,80.0,with_chunking,LMM-1,10.333333333333334,10.366666666666648,0.32723540340111
80,1279,8,8,80.0,with_chunking,LMM-2,9.666666666666666,9.733333333333315,0.3918436239860226
80,1279,10,2,20.0,without_chunking,LMM-1,10.0,10.050000000000006,0.8241212674461256
80,1279,10,2,20.0,without_chunking,LMM-2,10.0,10.050000000000006,0.8241212674461256
80,1279,10,2,20.0,with_chunking,LMM-1,10.333333333333334,10.366666666666672,0.5373295197717114
80,1279,10,2,20.0,with_chunking,LMM-2,10.166666666666668,10.20833333333334,0.5458179618732663
80,1279,10,4,40.0,without_chunking,LMM-1,10.0,10.04999999999999,0.7834820964646885
80,1279,10,4,40.0,without_chunking,LMM-2,10.0,10.04999999999999,0.7834820964646885
80,1279,10,4,40.0,with_chunking,LMM-1,10.333333333333334,10.366666666666656,0.4585050705759942
80,1279,10,4,40.0,with_chunking,LMM-2,9.583333333333332,9.654166666666658,0.5019792787017819
80,1279,10,6,60.0,without_chunking,LMM-1,10.0,10.049999999999978,0.7447201486830275
80,1279,10,6,60.0,without_chunking,LMM-2,10.0,10.049999999999978,0.7447201486830275
80,1279,10,6,60.0,with_chunking,LMM-1,10.333333333333334,10.366666666666644,0.39129106414677695
80,1279,10,6,60.0,with_chunking,LMM-2,9.11111111111111,9.205555555555534,0.4802155048679125
80,1279,10,8,80.0,without_chunking,LMM-1,10.0,10.049999999999981,0.7077554417341276
80,1279,10,8,80.0,without_chunking,LMM-2,10.0,10.049999999999981,0.7077554417341276
80,1279,10,8,80.0,with_chunking,LMM-1,10.333333333333334,10.366666666666648,0.3340379584770192
80,1279,10,8,80.0,with_chunking,LMM-2,9.21875,9.307812499999983,0.4585994986635458
81,1280,4,2,20.0,without_chunking,LMM-1,12.0,11.95000000000001,0.7748776416671477
81,1280,4,2,20.0,without_chunking,LMM-2,12.0,11.95000000000001,0.7748776416671477
81,1280,4,2,20.0,with_chunking,LMM-1,12.5,12.425000000000008,0.5888605003046827
81,1280,4,2,20.0,with_chunking,LMM-2,12.5,12.425000000000008,0.5888605003046827
81,1280,4,4,40.0,without_chunking,LMM-1,12.0,11.949999999999989,0.7283210672622501
81,1280,4,4,40.0,without_chunking,LMM-2,12.0,11.949999999999989,0.7283210672622501
81,1280,4,4,40.0,with_chunking,LMM-1,12.5,12.424999999999986,0.5178774680491701
81,1280,4,4,40.0,with_chunking,LMM-2,12.5,12.424999999999986,0.5178774680491701
81,1280,4,6,60.0,without_chunking,LMM-1,12.0,11.949999999999974,0.6844319080416561
81,1280,4,6,60.0,without_chunking,LMM-2,12.0,11.949999999999974,0.6844319080416561
81,1280,4,6,60.0,with_chunking,LMM-1,12.5,12.424999999999974,0.45542517340215416
81,1280,4,6,60.0,with_chunking,LMM-2,12.5,12.424999999999974,0.45542517340215416
81,1280,4,8,80.0,without_chunking,LMM-1,12.0,11.94999999999998,0.6431664943851412
81,1280,4,8,80.0,without_chunking,LMM-2,12.0,11.94999999999998,0.6431664943851412
81,1280,4,8,80.0,with_chunking,LMM-1,12.5,12.42499999999998,0.40056643952350623
81,1280,4,8,80.0,with_chunking,LMM-2,12.5,12.42499999999998,0.40056643952350623
81,1280,6,2,20.0,without_chunking,LMM-1,11.0,11.000000000000007,0.7928493710840064
81,1280,6,2,20.0,without_chunking,LMM-2,11.0,11.000000000000007,0.7928493710840064
81,1280,6,2,20.0,with_chunking,LMM-1,12.0,11.950000000000006,0.6025104060496257
81,1280,6,2,20.0,with_chunking,LMM-2,12.0,11.950000000000006,0.6025104060496257
81,1280,6,4,40.0,without_chunking,LMM-1,11.0,10.99999999999999,0.7492123131644812
81,1280,6,4,40.0,without_chunking,LMM-2,11.0,10.99999999999999,0.7492123131644812
81,1280,6,4,40.0,with_chunking,LMM-1,12.0,11.949999999999987,0.5327040852053393
81,1280,6,4,40.0,with_chunking,LMM-2,12.0,11.949999999999987,0.5327040852053393
81,1280,6,6,60.0,without_chunking,LMM-1,11.0,10.999999999999977,0.7078464183035673
81,1280,6,6,60.0,without_chunking,LMM-2,11.0,10.999999999999977,0.7078464183035673
81,1280,6,6,60.0,with_chunking,LMM-1,12.0,11.949999999999974,0.47094812019576116
81,1280,6,6,60.0,with_chunking,LMM-2,12.0,11.949999999999974,0.47094812019576116
81,1280,6,8,80.0,without_chunking,LMM-1,11.0,10.99999999999998,0.6687508799469535
81,1280,6,8,80.0,without_chunking,LMM-2,11.0,10.99999999999998,0.6687508799469535
81,1280,6,8,80.0,with_chunking,LMM-1,12.0,11.94999999999998,0.41640938935961413
81,1280,6,8,80.0,with_chunking,LMM-2,12.0,11.94999999999998,0.41640938935961413
81,1280,8,2,20.0,without_chunking,LMM-1,11.0,11.000000000000007,0.819668874651116
81,1280,8,2,20.0,without_chunking,LMM-2,11.0,11.000000000000007,0.819668874651116
81,1280,8,2,20.0,with_chunking,LMM-1,10.75,10.762500000000006,0.6449714748139663
81,1280,8,2,20.0,with_chunking,LMM-2,10.75,10.762500000000006,0.6449714748139663
81,1280,8,4,40.0,without_chunking,LMM-1,11.0,10.99999999999999,0.7970791466419258
81,1280,8,4,40.0,without_chunking,LMM-2,11.0,10.99999999999999,0.7970791466419258
81,1280,8,4,40.0,with_chunking,LMM-1,10.75,10.762499999999989,0.5851014082423359
81,1280,8,4,40.0,with_chunking,LMM-2,10.75,10.762499999999989,0.5851014082423359
81,1280,8,6,60.0,without_chunking,LMM-1,11.0,10.999999999999977,0.775077160754678
81,1280,8,6,60.0,without_chunking,LMM-2,11.0,10.999999999999977,0.775077160754678
81,1280,8,6,60.0,with_chunking,LMM-1,10.75,10.762499999999976,0.5307257441603911
81,1280,8,6,60.0,with_chunking,LMM-2,10.75,10.762499999999976,0.5307257441603911
81,1280,8,8,80.0,without_chunking,LMM-1,11.0,10.99999999999998,0.7536486727171523
81,1280,8,8,80.0,without_chunking,LMM-2,11.0,10.99999999999998,0.7536486727171523
81,1280,8,8,80.0,with_chunking,LMM-1,10.75,10.76249999999998,0.48142332554416284
81,1280,8,8,80.0,with_chunking,LMM-2,10.75,10.76249999999998,0.48142332554416284
81,1280,10,2,20.0,without_chunking,LMM-1,10.0,10.050000000000004,0.8419873036522358
81,1280,10,2,20.0,without_chunking,LMM-2,10.0,10.050000000000004,0.8419873036522358
81,1280,10,2,20.0,with_chunking,LMM-1,10.5,10.525000000000006,0.6604374536861686
81,1280,10,2,20.0,with_chunking,LMM-2,10.5,10.525000000000006,0.6604374536861686
81,1280,10,4,40.0,without_chunking,LMM-1,10.0,10.049999999999988,0.8212702819183981
81,1280,10,4,40.0,without_chunking,LMM-2,10.0,10.049999999999988,0.8212702819183981
81,1280,10,4,40.0,with_chunking,LMM-1,10.5,10.524999999999988,0.5992823386566812
81,1280,10,4,40.0,with_chunking,LMM-2,10.5,10.524999999999988,0.5992823386566812
81,1280,10,6,60.0,without_chunking,LMM-1,10.0,10.049999999999978,0.8010355915351755
81,1280,10,6,60.0,without_chunking,LMM-2,10.0,10.049999999999978,0.8010355915351755
81,1280,10,6,60.0,with_chunking,LMM-1,10.5,10.524999999999977,0.5437293569287696
81,1280,10,6,60.0,with_chunking,LMM-2,10.5,10.524999999999977,0.5437293569287696
81,1280,10,8,80.0,without_chunking,LMM-1,10.0,10.049999999999983,0.7812727324877327
81,1280,10,8,80.0,without_chunking,LMM-2,10.0,10.049999999999983,0.7812727324877327
81,1280,10,8,80.0,with_chunking,LMM-1,10.5,10.52499999999998,0.4932734499881425
81,1280,10,8,80.0,with_chunking,LMM-2,10.5,10.52499999999998,0.4932734499881425
82,1281,4,2,20.0,without_chunking,LMM-1,11.0,11.000000000000007,0.7994989369237573
82,1281,4,2,20.0,without_chunking,LMM-2,11.0,11.000000000000007,0.7994989369237573
82,1281,4,2,20.0,with_chunking,LMM-1,11.0,11.000000000000007,0.6343542649424391
82,1281,4,2,20.0,with_chunking,LMM-2,11.0,11.000000000000007,0.6343542649424391
82,1281,4,4,40.0,without_chunking,LMM-1,11.0,10.99999999999999,0.7556351116856362
82,1281,4,4,40.0,without_chunking,LMM-2,11.0,10.99999999999999,0.7556351116856362
82,1281,4,4,40.0,with_chunking,LMM-1,11.0,10.99999999999999,0.5798363048036927
82,1281,4,4,40.0,with_chunking,LMM-2,11.0,10.99999999999999,0.5798363048036927
82,1281,4,6,60.0,without_chunking,LMM-1,11.0,10.999999999999977,0.7140473016755944
82,1281,4,6,60.0,without_chunking,LMM-2,11.0,10.999999999999977,0.7140473016755944
82,1281,4,6,60.0,with_chunking,LMM-1,11.0,10.999999999999977,0.5299499971595487
82,1281,4,6,60.0,with_chunking,LMM-2,11.0,10.999999999999977,0.5299499971595487
82,1281,4,8,80.0,without_chunking,LMM-1,11.0,10.99999999999998,0.6747004952285528
82,1281,4,8,80.0,without_chunking,LMM-2,11.0,10.99999999999998,0.6747004952285528
82,1281,4,8,80.0,with_chunking,LMM-1,11.0,10.99999999999998,0.4843608377146157
82,1281,4,8,80.0,with_chunking,LMM-2,11.0,10.99999999999998,0.4843608377146157
82,1281,6,2,20.0,without_chunking,LMM-1,11.0,11.000000000000007,0.7994989369237573
82,1281,6,2,20.0,without_chunking,LMM-2,11.0,11.000000000000007,0.7994989369237573
82,1281,6,2,20.0,with_chunking,LMM-1,10.5,10.525000000000006,0.6372707496275718
82,1281,6,2,20.0,with_chunking,LMM-2,10.5,10.525000000000006,0.6372707496275718
82,1281,6,4,40.0,without_chunking,LMM-1,11.0,10.99999999999999,0.7556351116856362
82,1281,6,4,40.0,without_chunking,LMM-2,11.0,10.99999999999999,0.7556351116856362
82,1281,6,4,40.0,with_chunking,LMM-1,10.5,10.52499999999999,0.5718216098758946
82,1281,6,4,40.0,with_chunking,LMM-2,10.5,10.52499999999999,0.5718216098758946
82,1281,6,6,60.0,without_chunking,LMM-1,11.0,10.999999999999977,0.7140473016755944
82,1281,6,6,60.0,without_chunking,LMM-2,11.0,10.999999999999977,0.7140473016755944
82,1281,6,6,60.0,with_chunking,LMM-1,10.5,10.524999999999977,0.5130240901579316
82,1281,6,6,60.0,with_chunking,LMM-2,10.5,10.524999999999977,0.5130240901579316
82,1281,6,8,80.0,without_chunking,LMM-1,11.0,10.99999999999998,0.6747004952285528
82,1281,6,8,80.0,without_chunking,LMM-2,11.0,10.99999999999998,0.6747004952285528
82,1281,6,8,80.0,with_chunking,LMM-1,10.5,10.52499999999998,0.4604161680154753
82,1281,6,8,80.0,with_chunking,LMM-2,10.5,10.52499999999998,0.4604161680154753
82,1281,8,2,20.0,without_chunking,LMM-1,9.0,9.100000000000005,0.8429992521197015
82,1281,8,2,20.0,without_chunking,LMM-2,7.0,7.200000000000003,0.8916936704217782
82,1281,8,2,20.0,with_chunking,LMM-1,9.0,9.100000000000005,0.6954509542845708
82,1281,8,2,20.0,with_chunking,LMM-2,8.0,8.150000000000004,0.741107273256016
82,1281,8,4,40.0,without_chunking,LMM-1,9.0,9.09999999999999,0.8054461326942814
82,1281,8,4,40.0,without_chunking,LMM-2,7.0,7.199999999999992,0.871954825199569
82,1281,8,4,40.0,with_chunking,LMM-1,9.0,9.09999999999999,0.6343979457003037
82,1281,8,4,40.0,with_chunking,LMM-2,7.5,7.674999999999992,0.7788178094686231
82,1281,8,6,60.0,without_chunking,LMM-1,9.0,9.09999999999998,0.7694398725550422
82,1281,8,6,60.0,without_chunking,LMM-2,7.0,7.199999999999984,0.85260487274862
82,1281,8,6,60.0,with_chunking,LMM-1,9.0,9.09999999999998,0.5786063140130858
82,1281,8,6,60.0,with_chunking,LMM-2,9.666666666666668,9.73333333333331,0.6689873217040656
82,1281,8,8,80.0,without_chunking,LMM-1,9.0,9.099999999999984,0.7350029175292278
82,1281,8,8,80.0,without_chunking,LMM-2,7.0,7.199999999999987,0.8336372048835647
82,1281,8,8,80.0,with_chunking,LMM-1,9.0,9.099999999999984,0.5280995068982673
82,1281,8,8,80.0,with_chunking,LMM-2,10.5,10.52499999999998,0.5776557211391069
82,1281,10,2,20.0,without_chunking,LMM-1,9.0,9.100000000000005,0.8429992521197015
82,1281,10,2,20.0,without_chunking,LMM-2,7.0,7.200000000000004,0.8951758484807839
82,1281,10,2,20.0,with_chunking,LMM-1,8.75,8.862500000000004,0.7126038319279383
82,1281,10,2,20.0,with_chunking,LMM-2,7.875,8.031250000000004,0.7482028279902706
82,1281,10,4,40.0,without_chunking,LMM-1,9.0,9.09999999999999,0.8054461326942814
82,1281,10,4,40.0,without_chunking,LMM-2,6.125,6.368749999999994,0.9027459366417941
82,1281,10,4,40.0,with_chunking,LMM-1,8.75,8.86249999999999,0.6598473801745166
82,1281,10,4,40.0,with_chunking,LMM-2,7.75,7.912499999999991,0.7889998229247248
82,1281,10,6,60.0,without_chunking,LMM-1,9.0,9.09999999999998,0.7694398725550422
82,1281,10,6,60.0,without_chunking,LMM-2,6.0,6.249999999999987,0.896491984002509
82,1281,10,6,60.0,with_chunking,LMM-1,8.75,8.862499999999981,0.610907537436348
82,1281,10,6,60.0,with_chunking,LMM-2,9.208333333333332,9.297916666666646,0.7527637094323842
82,1281,10,8,80.0,without_chunking,LMM-1,9.0,9.099999999999984,0.7350029175292278
82,1281,10,8,80.0,without_chunking,LMM-2,6.0,6.2499999999999885,0.8879877492271295
82,1281,10,8,80.0,with_chunking,LMM-1,8.75,8.862499999999983,0.5655761915197439
82,1281,10,8,80.0,with_chunking,LMM-2,9.25,9.337499999999983,0.7055780737451349
83,1282,4,2,20.0,without_chunking,LMM-1,11.0,11.000000000000007,0.8041392155008502
83,1282,4,2,20.0,without_chunking,LMM-2,11.0,11.000000000000007,0.8041392155008502
83,1282,4,2,20.0,with_chunking,LMM-1,11.5,11.475000000000007,0.6001763244059282
83,1282,4,2,20.0,with_chunking,LMM-2,11.5,11.475000000000007,0.6001763244059282
83,1282,4,4,40.0,without_chunking,LMM-1,11.0,10.99999999999999,0.7813526587669808
83,1282,4,4,40.0,without_chunking,LMM-2,11.0,10.99999999999999,0.7813526587669808
83,1282,4,4,40.0,with_chunking,LMM-1,11.5,11.474999999999987,0.5409305249822904
83,1282,4,4,40.0,with_chunking,LMM-2,11.5,11.474999999999987,0.5409305249822904
83,1282,4,6,60.0,without_chunking,LMM-1,11.0,10.999999999999977,0.7591755057392853
83,1282,4,6,60.0,without_chunking,LMM-2,11.0,10.999999999999977,0.7591755057392853
83,1282,4,6,60.0,with_chunking,LMM-1,11.5,11.474999999999975,0.4874877432011201
83,1282,4,6,60.0,with_chunking,LMM-2,11.5,11.474999999999975,0.4874877432011201
83,1282,4,8,80.0,without_chunking,LMM-1,11.0,10.99999999999998,0.7375925790630871
83,1282,4,8,80.0,without_chunking,LMM-2,11.0,10.99999999999998,0.7375925790630871
83,1282,4,8,80.0,with_chunking,LMM-1,11.5,11.47499999999998,0.4394909306679057
83,1282,4,8,80.0,with_chunking,LMM-2,11.5,11.47499999999998,0.4394909306679057
83,1282,6,2,20.0,without_chunking,LMM-1,11.0,11.000000000000007,0.783063003642791
83,1282,6,2,20.0,without_chunking,LMM-2,11.0,11.000000000000007,0.783063003642791
83,1282,6,2,20.0,with_chunking,LMM-1,10.5,10.525000000000006,0.6287504211790889
83,1282,6,2,20.0,with_chunking,LMM-2,10.5,10.525000000000006,0.6287504211790889
83,1282,6,4,40.0,without_chunking,LMM-1,11.0,10.99999999999999,0.7391704587627548
83,1282,6,4,40.0,without_chunking,LMM-2,11.0,10.99999999999999,0.7391704587627548
83,1282,6,4,40.0,with_chunking,LMM-1,10.5,10.52499999999999,0.563663281165043
83,1282,6,4,40.0,with_chunking,LMM-2,10.5,10.52499999999999,0.563663281165043
83,1282,6,6,60.0,without_chunking,LMM-1,11.0,10.999999999999977,0.6976052967287386
83,1282,6,6,60.0,without_chunking,LMM-2,11.0,10.999999999999977,0.6976052967287386
83,1282,6,6,60.0,with_chunking,LMM-1,10.5,10.524999999999977,0.5052439166310141
83,1282,6,6,60.0,with_chunking,LMM-2,10.5,10.524999999999977,0.5052439166310141
83,1282,6,8,80.0,without_chunking,LMM-1,11.0,10.99999999999998,0.6583097381693125
83,1282,6,8,80.0,without_chunking,LMM-2,11.0,10.99999999999998,0.6583097381693125
83,1282,6,8,80.0,with_chunking,LMM-1,10.5,10.52499999999998,0.4529830628056015
83,1282,6,8,80.0,with_chunking,LMM-2,10.5,10.52499999999998,0.4529830628056015
83,1282,8,2,20.0,without_chunking,LMM-1,11.0,11.000000000000007,0.783063003642791
83,1282,8,2,20.0,without_chunking,LMM-2,11.0,11.000000000000007,0.783063003642791
83,1282,8,2,20.0,with_chunking,LMM-1,10.333333333333334,10.366666666666672,0.5066931486946811
83,1282,8,2,20.0,with_chunking,LMM-2,10.0,10.050000000000004,0.52540368257375
83,1282,8,4,40.0,without_chunking,LMM-1,11.0,10.99999999999999,0.7391704587627548
83,1282,8,4,40.0,without_chunking,LMM-2,11.0,10.99999999999999,0.7391704587627548
83,1282,8,4,40.0,with_chunking,LMM-1,10.333333333333334,10.366666666666656,0.4319107560705314
83,1282,8,4,40.0,with_chunking,LMM-2,9.75,9.81249999999999,0.47398588234388006
83,1282,8,6,60.0,without_chunking,LMM-1,11.0,10.999999999999977,0.6976052967287386
83,1282,8,6,60.0,without_chunking,LMM-2,11.0,10.999999999999977,0.6976052967287386
83,1282,8,6,60.0,with_chunking,LMM-1,10.333333333333334,10.366666666666644,0.3682102488719998
83,1282,8,6,60.0,with_chunking,LMM-2,9.777777777777779,9.838888888888867,0.41587635785392696
83,1282,8,8,80.0,without_chunking,LMM-1,11.0,10.99999999999998,0.6583097381693125
83,1282,8,8,80.0,without_chunking,LMM-2,11.0,10.99999999999998,0.6583097381693125
83,1282,8,8,80.0,with_chunking,LMM-1,10.333333333333334,10.366666666666648,0.31416261706889803
83,1282,8,8,80.0,with_chunking,LMM-2,9.6875,9.753124999999983,0.3680240527837497
83,1282,10,2,20.0,without_chunking,LMM-1,10.0,10.050000000000006,0.8125907930399736
83,1282,10,2,20.0,without_chunking,LMM-2,10.0,10.050000000000006,0.8125907930399736
83,1282,10,2,20.0,with_chunking,LMM-1,10.166666666666668,10.20833333333334,0.5335566346952658
83,1282,10,2,20.0,with_chunking,LMM-2,9.666666666666668,9.73333333333334,0.5579823455732951
83,1282,10,4,40.0,without_chunking,LMM-1,10.0,10.04999999999999,0.7716197909593817
83,1282,10,4,40.0,without_chunking,LMM-2,10.0,10.04999999999999,0.7716197909593817
83,1282,10,4,40.0,with_chunking,LMM-1,10.166666666666668,10.208333333333323,0.464356575857475
83,1282,10,4,40.0,with_chunking,LMM-2,9.666666666666666,9.733333333333324,0.5045644624557661
83,1282,10,6,60.0,without_chunking,LMM-1,10.0,10.049999999999978,0.7325838582740749
83,1282,10,6,60.0,without_chunking,LMM-2,10.0,10.049999999999978,0.7325838582740749
83,1282,10,6,60.0,with_chunking,LMM-1,10.166666666666666,10.20833333333331,0.40415262163809595
83,1282,10,6,60.0,with_chunking,LMM-2,9.555555555555555,9.627777777777759,0.4568745170127373
83,1282,10,8,80.0,without_chunking,LMM-1,10.0,10.049999999999981,0.6954028954661082
83,1282,10,8,80.0,without_chunking,LMM-2,10.0,10.049999999999981,0.6954028954661082
83,1282,10,8,80.0,with_chunking,LMM-1,10.166666666666668,10.208333333333314,0.3518006944401019
83,1282,10,8,80.0,with_chunking,LMM-2,9.520833333333332,9.594791666666648,0.4144560275358101
84,1283,4,2,20.0,without_chunking,LMM-1,17.0,16.70000000000001,0.7018400382810717
84,1283,4,2,20.0,without_chunking,LMM-2,17.0,16.70000000000001,0.7018400382810717
84,1283,4,2,20.0,with_chunking,LMM-1,17.0,16.70000000000001,0.7018400382810717
84,1283,4,2,20.0,with_chunking,LMM-2,17.0,16.70000000000001,0.7018400382810717
84,1283,4,4,40.0,without_chunking,LMM-1,17.0,16.699999999999978,0.6421232166073367
84,1283,4,4,40.0,without_chunking,LMM-2,17.0,16.699999999999978,0.6421232166073367
84,1283,4,4,40.0,with_chunking,LMM-1,17.0,16.699999999999978,0.6421232166073367
84,1283,4,4,40.0,with_chunking,LMM-2,17.0,16.699999999999978,0.6421232166073367
84,1283,4,6,60.0,without_chunking,LMM-1,17.0,16.69999999999996,0.5873804551503694
84,1283,4,6,60.0,without_chunking,LMM-2,17.0,16.69999999999996,0.5873804551503694
84,1283,4,6,60.0,with_chunking,LMM-1,17.0,16.69999999999996,0.5873804551503694
84,1283,4,6,60.0,with_chunking,LMM-2,17.0,16.69999999999996,0.5873804551503694
84,1283,4,8,80.0,without_chunking,LMM-1,17.0,16.699999999999974,0.537208885339318
84,1283,4,8,80.0,without_chunking,LMM-2,17.0,16.699999999999974,0.537208885339318
84,1283,4,8,80.0,with_chunking,LMM-1,17.0,16.699999999999974,0.537208885339318
84,1283,4,8,80.0,with_chunking,LMM-2,17.0,16.699999999999974,0.537208885339318
84,1283,6,2,20.0,without_chunking,LMM-1,15.5,15.275000000000013,0.7282197611829151
84,1283,6,2,20.0,without_chunking,LMM-2,15.5,15.275000000000013,0.7282197611829151
84,1283,6,2,20.0,with_chunking,LMM-1,15.5,15.275000000000013,0.7282197611829151
84,1283,6,2,20.0,with_chunking,LMM-2,15.5,15.275000000000013,0.7282197611829151
84,1283,6,4,40.0,without_chunking,LMM-1,15.5,15.27499999999998,0.6799249364038955
84,1283,6,4,40.0,without_chunking,LMM-2,15.5,15.27499999999998,0.6799249364038955
84,1283,6,4,40.0,with_chunking,LMM-1,15.5,15.27499999999998,0.6799249364038955
84,1283,6,4,40.0,with_chunking,LMM-2,15.5,15.27499999999998,0.6799249364038955
84,1283,6,6,60.0,without_chunking,LMM-1,15.5,15.274999999999963,0.6347427243172536
84,1283,6,6,60.0,without_chunking,LMM-2,15.5,15.274999999999963,0.6347427243172536
84,1283,6,6,60.0,with_chunking,LMM-1,15.5,15.274999999999963,0.6347427243172536
84,1283,6,6,60.0,with_chunking,LMM-2,15.5,15.274999999999963,0.6347427243172536
84,1283,6,8,80.0,without_chunking,LMM-1,15.5,15.274999999999974,0.5924795276899886
84,1283,6,8,80.0,without_chunking,LMM-2,15.5,15.274999999999974,0.5924795276899886
84,1283,6,8,80.0,with_chunking,LMM-1,15.5,15.274999999999974,0.5924795276899886
84,1283,6,8,80.0,with_chunking,LMM-2,15.5,15.274999999999974,0.5924795276899886
84,1283,8,2,20.0,without_chunking,LMM-1,14.0,13.850000000000012,0.7439241621605033
84,1283,8,2,20.0,without_chunking,LMM-2,14.0,13.850000000000012,0.7439241621605033
84,1283,8,2,20.0,with_chunking,LMM-1,14.0,13.850000000000012,0.7439241621605033
84,1283,8,2,20.0,with_chunking,LMM-2,14.0,13.850000000000012,0.7439241621605033
84,1283,8,4,40.0,without_chunking,LMM-1,14.0,13.849999999999985,0.691763141436516
84,1283,8,4,40.0,without_chunking,LMM-2,14.0,13.849999999999985,0.691763141436516
84,1283,8,4,40.0,with_chunking,LMM-1,14.0,13.849999999999985,0.691763141436516
84,1283,8,4,40.0,with_chunking,LMM-2,14.0,13.849999999999985,0.691763141436516
84,1283,8,6,60.0,without_chunking,LMM-1,14.0,13.849999999999968,0.6431356040654547
84,1283,8,6,60.0,without_chunking,LMM-2,14.0,13.849999999999968,0.6431356040654547
84,1283,8,6,60.0,with_chunking,LMM-1,14.0,13.849999999999968,0.6431356040654547
84,1283,8,6,60.0,with_chunking,LMM-2,14.0,13.849999999999968,0.6431356040654547
84,1283,8,8,80.0,without_chunking,LMM-1,14.0,13.849999999999977,0.5978123232186421
84,1283,8,8,80.0,without_chunking,LMM-2,14.0,13.849999999999977,0.5978123232186421
84,1283,8,8,80.0,with_chunking,LMM-1,14.0,13.849999999999977,0.5978123232186421
84,1283,8,8,80.0,with_chunking,LMM-2,14.0,13.849999999999977,0.5978123232186421
84,1283,10,2,20.0,without_chunking,LMM-1,12.0,11.95000000000001,0.7809588912730808
84,1283,10,2,20.0,without_chunking,LMM-2,12.0,11.95000000000001,0.7809588912730808
84,1283,10,2,20.0,with_chunking,LMM-1,12.0,11.95000000000001,0.7809588912730808
84,1283,10,2,20.0,with_chunking,LMM-2,12.0,11.95000000000001,0.7809588912730808
84,1283,10,4,40.0,without_chunking,LMM-1,12.0,11.949999999999989,0.7342964622235564
84,1283,10,4,40.0,without_chunking,LMM-2,12.0,11.949999999999989,0.7342964622235564
84,1283,10,4,40.0,with_chunking,LMM-1,12.0,11.949999999999989,0.7342964622235564
84,1283,10,4,40.0,with_chunking,LMM-2,12.0,11.949999999999989,0.7342964622235564
84,1283,10,6,60.0,without_chunking,LMM-1,12.0,11.949999999999974,0.6902935578606102
84,1283,10,6,60.0,without_chunking,LMM-2,12.0,11.949999999999974,0.6902935578606102
84,1283,10,6,60.0,with_chunking,LMM-1,12.0,11.949999999999974,0.6902935578606102
84,1283,10,6,60.0,with_chunking,LMM-2,12.0,11.949999999999974,0.6902935578606102
84,1283,10,8,80.0,without_chunking,LMM-1,12.0,11.94999999999998,0.6488072064909511
84,1283,10,8,80.0,without_chunking,LMM-2,12.0,11.94999999999998,0.6488072064909511
84,1283,10,8,80.0,with_chunking,LMM-1,12.0,11.94999999999998,0.6488072064909511
84,1283,10,8,80.0,with_chunking,LMM-2,12.0,11.94999999999998,0.6488072064909511
85,1284,4,2,20.0,without_chunking,LMM-1,17.0,16.70000000000001,0.6611565442483638
85,1284,4,2,20.0,without_chunking,LMM-2,17.0,16.70000000000001,0.6611565442483638
85,1284,4,2,20.0,with_chunking,LMM-1,17.0,16.70000000000001,0.6611565442483638
85,1284,4,2,20.0,with_chunking,LMM-2,17.0,16.70000000000001,0.6611565442483638
85,1284,4,4,40.0,without_chunking,LMM-1,17.0,16.699999999999978,0.6024967480905465
85,1284,4,4,40.0,without_chunking,LMM-2,17.0,16.699999999999978,0.6024967480905465
85,1284,4,4,40.0,with_chunking,LMM-1,17.0,16.699999999999978,0.6024967480905465
85,1284,4,4,40.0,with_chunking,LMM-2,17.0,16.699999999999978,0.6024967480905465
85,1284,4,6,60.0,without_chunking,LMM-1,17.0,16.69999999999996,0.5489306494524661
85,1284,4,6,60.0,without_chunking,LMM-2,17.0,16.69999999999996,0.5489306494524661
85,1284,4,6,60.0,with_chunking,LMM-1,17.0,16.69999999999996,0.5489306494524661
85,1284,4,6,60.0,with_chunking,LMM-2,17.0,16.69999999999996,0.5489306494524661
85,1284,4,8,80.0,without_chunking,LMM-1,17.0,16.699999999999974,0.5003123367538977
85,1284,4,8,80.0,without_chunking,LMM-2,17.0,16.699999999999974,0.5003123367538977
85,1284,4,8,80.0,with_chunking,LMM-1,17.0,16.699999999999974,0.5003123367538977
85,1284,4,8,80.0,with_chunking,LMM-2,17.0,16.699999999999974,0.5003123367538977
85,1284,6,2,20.0,without_chunking,LMM-1,16.0,15.750000000000012,0.680691419161155
85,1284,6,2,20.0,without_chunking,LMM-2,16.0,15.750000000000012,0.680691419161155
85,1284,6,2,20.0,with_chunking,LMM-1,16.0,15.750000000000012,0.680691419161155
85,1284,6,2,20.0,with_chunking,LMM-2,16.0,15.750000000000012,0.680691419161155
85,1284,6,4,40.0,without_chunking,LMM-1,16.0,15.749999999999979,0.6238902393048573
85,1284,6,4,40.0,without_chunking,LMM-2,16.0,15.749999999999979,0.6238902393048573
85,1284,6,4,40.0,with_chunking,LMM-1,16.0,15.749999999999979,0.6238902393048573
85,1284,6,4,40.0,with_chunking,LMM-2,16.0,15.749999999999979,0.6238902393048573
85,1284,6,6,60.0,without_chunking,LMM-1,16.0,15.749999999999963,0.5717101308873613
85,1284,6,6,60.0,without_chunking,LMM-2,16.0,15.749999999999963,0.5717101308873613
85,1284,6,6,60.0,with_chunking,LMM-1,16.0,15.749999999999963,0.5717101308873613
85,1284,6,6,60.0,with_chunking,LMM-2,16.0,15.749999999999963,0.5717101308873613
85,1284,6,8,80.0,without_chunking,LMM-1,16.0,15.749999999999973,0.524211614613433
85,1284,6,8,80.0,without_chunking,LMM-2,16.0,15.749999999999973,0.524211614613433
85,1284,6,8,80.0,with_chunking,LMM-1,16.0,15.749999999999973,0.524211614613433
85,1284,6,8,80.0,with_chunking,LMM-2,16.0,15.749999999999973,0.524211614613433
85,1284,8,2,20.0,without_chunking,LMM-1,11.0,11.000000000000007,0.7976574795563403
85,1284,8,2,20.0,without_chunking,LMM-2,11.0,11.000000000000007,0.7976574795563403
85,1284,8,2,20.0,with_chunking,LMM-1,11.0,11.000000000000007,0.7976574795563403
85,1284,8,2,20.0,with_chunking,LMM-2,11.0,11.000000000000007,0.7976574795563403
85,1284,8,4,40.0,without_chunking,LMM-1,11.0,10.99999999999999,0.7538791016228564
85,1284,8,4,40.0,without_chunking,LMM-2,11.0,10.99999999999999,0.7538791016228564
85,1284,8,4,40.0,with_chunking,LMM-1,11.0,10.99999999999999,0.7538791016228564
85,1284,8,4,40.0,with_chunking,LMM-2,11.0,10.99999999999999,0.7538791016228564
85,1284,8,6,60.0,without_chunking,LMM-1,11.0,10.999999999999977,0.7123732821319838
85,1284,8,6,60.0,without_chunking,LMM-2,11.0,10.999999999999977,0.7123732821319838
85,1284,8,6,60.0,with_chunking,LMM-1,11.0,10.999999999999977,0.7123732821319838
85,1284,8,6,60.0,with_chunking,LMM-2,11.0,10.999999999999977,0.7123732821319838
85,1284,8,8,80.0,without_chunking,LMM-1,11.0,10.99999999999998,0.6731202139537779
85,1284,8,8,80.0,without_chunking,LMM-2,11.0,10.99999999999998,0.6731202139537779
85,1284,8,8,80.0,with_chunking,LMM-1,11.0,10.99999999999998,0.6731202139537779
85,1284,8,8,80.0,with_chunking,LMM-2,11.0,10.99999999999998,0.6731202139537779
85,1284,10,2,20.0,without_chunking,LMM-1,9.0,9.100000000000005,0.8437638436511523
85,1284,10,2,20.0,without_chunking,LMM-2,9.0,9.100000000000005,0.8437638436511523
85,1284,10,2,20.0,with_chunking,LMM-1,9.0,9.100000000000005,0.8437638436511523
85,1284,10,2,20.0,with_chunking,LMM-2,9.0,9.100000000000005,0.8437638436511523
85,1284,10,4,40.0,without_chunking,LMM-1,9.0,9.09999999999999,0.8066461666534039
85,1284,10,4,40.0,without_chunking,LMM-2,9.0,9.09999999999999,0.8066461666534039
85,1284,10,4,40.0,with_chunking,LMM-1,9.0,9.09999999999999,0.8066461666534039
85,1284,10,4,40.0,with_chunking,LMM-2,9.0,9.09999999999999,0.8066461666534039
85,1284,10,6,60.0,without_chunking,LMM-1,9.0,9.09999999999998,0.771038958481825
85,1284,10,6,60.0,without_chunking,LMM-2,9.0,9.09999999999998,0.771038958481825
85,1284,10,6,60.0,with_chunking,LMM-1,9.0,9.09999999999998,0.771038958481825
85,1284,10,6,60.0,with_chunking,LMM-2,9.0,9.09999999999998,0.771038958481825
85,1284,10,8,80.0,without_chunking,LMM-1,9.0,9.099999999999984,0.7368864173405456
85,1284,10,8,80.0,without_chunking,LMM-2,9.0,9.099999999999984,0.7368864173405456
85,1284,10,8,80.0,with_chunking,LMM-1,9.0,9.099999999999984,0.7368864173405456
85,1284,10,8,80.0,with_chunking,LMM-2,9.0,9.099999999999984,0.7368864173405456
86,1285,4,2,20.0,without_chunking,LMM-1,13.0,12.90000000000001,0.751230995003049
86,1285,4,2,20.0,without_chunking,LMM-2,13.0,12.90000000000001,0.751230995003049
86,1285,4,2,20.0,with_chunking,LMM-1,13.0,12.90000000000001,0.5709098881485197
86,1285,4,2,20.0,with_chunking,LMM-2,13.0,12.90000000000001,0.5709098881485197
86,1285,4,4,40.0,without_chunking,LMM-1,13.0,12.899999999999986,0.7016548780791042
86,1285,4,4,40.0,without_chunking,LMM-2,13.0,12.899999999999986,0.7016548780791042
86,1285,4,4,40.0,with_chunking,LMM-1,13.0,12.899999999999986,0.4972999870637892
86,1285,4,4,40.0,with_chunking,LMM-2,13.0,12.899999999999986,0.4972999870637892
86,1285,4,6,60.0,without_chunking,LMM-1,13.0,12.899999999999972,0.6552206464594454
86,1285,4,6,60.0,without_chunking,LMM-2,13.0,12.899999999999972,0.6552206464594454
86,1285,4,6,60.0,with_chunking,LMM-1,13.0,12.899999999999972,0.4331655499792042
86,1285,4,6,60.0,with_chunking,LMM-2,13.0,12.899999999999972,0.4331655499792042
86,1285,4,8,80.0,without_chunking,LMM-1,13.0,12.899999999999977,0.6117406367335412
86,1285,4,8,80.0,without_chunking,LMM-2,13.0,12.899999999999977,0.6117406367335412
86,1285,4,8,80.0,with_chunking,LMM-1,13.0,12.899999999999977,0.3774321406336119
86,1285,4,8,80.0,with_chunking,LMM-2,13.0,12.899999999999977,0.3774321406336119
86,1285,6,2,20.0,without_chunking,LMM-1,12.0,11.95000000000001,0.781626677500216
86,1285,6,2,20.0,without_chunking,LMM-2,12.0,11.95000000000001,0.781626677500216
86,1285,6,2,20.0,with_chunking,LMM-1,12.0,11.950000000000006,0.4950975348244897
86,1285,6,2,20.0,with_chunking,LMM-2,11.833333333333334,11.791666666666673,0.502083580220499
86,1285,6,4,40.0,without_chunking,LMM-1,12.0,11.949999999999989,0.73494106744177
86,1285,6,4,40.0,without_chunking,LMM-2,12.0,11.949999999999989,0.73494106744177
86,1285,6,4,40.0,with_chunking,LMM-1,12.0,11.949999999999987,0.411093737784861
86,1285,6,4,40.0,with_chunking,LMM-2,11.583333333333334,11.554166666666656,0.43678797018445314
86,1285,6,6,60.0,without_chunking,LMM-1,12.0,11.949999999999974,0.6909150953978639
86,1285,6,6,60.0,without_chunking,LMM-2,12.0,11.949999999999974,0.6909150953978639
86,1285,6,6,60.0,with_chunking,LMM-1,12.0,11.949999999999974,0.3414563884047601
86,1285,6,6,60.0,with_chunking,LMM-2,11.5,11.474999999999975,0.38713628579003756
86,1285,6,8,80.0,without_chunking,LMM-1,12.0,11.94999999999998,0.6494058625877916
86,1285,6,8,80.0,without_chunking,LMM-2,12.0,11.94999999999998,0.6494058625877916
86,1285,6,8,80.0,with_chunking,LMM-1,12.0,11.94999999999998,0.2837167591058975
86,1285,6,8,80.0,with_chunking,LMM-2,11.270833333333334,11.257291666666648,0.3516267232452542
86,1285,8,2,20.0,without_chunking,LMM-1,10.0,10.050000000000006,0.8176260541305391
86,1285,8,2,20.0,without_chunking,LMM-2,10.0,10.050000000000006,0.8176260541305391
86,1285,8,2,20.0,with_chunking,LMM-1,11.0,11.000000000000007,0.5321191955702806
86,1285,8,2,20.0,with_chunking,LMM-2,10.916666666666666,10.920833333333341,0.5352075827646556
86,1285,8,4,40.0,without_chunking,LMM-1,10.0,10.04999999999999,0.7771053656552604
86,1285,8,4,40.0,without_chunking,LMM-2,10.0,10.04999999999999,0.7771053656552604
86,1285,8,4,40.0,with_chunking,LMM-1,11.0,10.99999999999999,0.4491497013393312
86,1285,8,4,40.0,with_chunking,LMM-2,10.666666666666666,10.683333333333323,0.4739770509359259
86,1285,8,6,60.0,without_chunking,LMM-1,10.0,10.049999999999978,0.7384648721777534
86,1285,8,6,60.0,without_chunking,LMM-2,10.0,10.049999999999978,0.7384648721777534
86,1285,8,6,60.0,with_chunking,LMM-1,11.0,10.999999999999977,0.37919175022962365
86,1285,8,6,60.0,with_chunking,LMM-2,10.666666666666666,10.68333333333331,0.41562666407452287
86,1285,8,8,80.0,without_chunking,LMM-1,10.0,10.049999999999981,0.7016590937656673
86,1285,8,8,80.0,without_chunking,LMM-2,10.0,10.049999999999981,0.7016590937656673
86,1285,8,8,80.0,with_chunking,LMM-1,11.0,10.99999999999998,0.3202167481896661
86,1285,8,8,80.0,with_chunking,LMM-2,10.666666666666666,10.683333333333314,0.36430947095229804
86,1285,10,2,20.0,without_chunking,LMM-1,10.0,10.050000000000006,0.8219158676170715
86,1285,10,2,20.0,without_chunking,LMM-2,10.0,10.050000000000006,0.8219158676170715
86,1285,10,2,20.0,with_chunking,LMM-1,10.916666666666666,10.920833333333341,0.5410836859103825
86,1285,10,2,20.0,with_chunking,LMM-2,10.833333333333332,10.841666666666674,0.5442075401345907
86,1285,10,4,40.0,without_chunking,LMM-1,10.0,10.04999999999999,0.7815441807387377
86,1285,10,4,40.0,without_chunking,LMM-2,10.0,10.04999999999999,0.7815441807387377
86,1285,10,4,40.0,with_chunking,LMM-1,10.833333333333332,10.841666666666654,0.4702339133830735
86,1285,10,4,40.0,with_chunking,LMM-2,10.5,10.52499999999999,0.4962292431421954
86,1285,10,6,60.0,without_chunking,LMM-1,10.0,10.049999999999978,0.7430297326542881
86,1285,10,6,60.0,without_chunking,LMM-2,10.0,10.049999999999978,0.7430297326542881
86,1285,10,6,60.0,with_chunking,LMM-1,10.833333333333334,10.841666666666642,0.4052477973787299
86,1285,10,6,60.0,with_chunking,LMM-2,10.5,10.524999999999977,0.4442707813889707
86,1285,10,8,80.0,without_chunking,LMM-1,10.0,10.049999999999981,0.7062937299684483
86,1285,10,8,80.0,without_chunking,LMM-2,10.0,10.049999999999981,0.7062937299684483
86,1285,10,8,80.0,with_chunking,LMM-1,10.833333333333332,10.841666666666647,0.3492859307148346
86,1285,10,8,80.0,with_chunking,LMM-2,10.5,10.52499999999998,0.3975384541458016
87,1286,4,2,20.0,without_chunking,LMM-1,12.0,11.95000000000001,0.7544086278615315
87,1286,4,2,20.0,without_chunking,LMM-2,12.0,11.95000000000001,0.7544086278615315
87,1286,4,2,20.0,with_chunking,LMM-1,12.0,11.95000000000001,0.7544086278615315
87,1286,4,2,20.0,with_chunking,LMM-2,12.0,11.95000000000001,0.7544086278615315
87,1286,4,4,40.0,without_chunking,LMM-1,12.0,11.949999999999989,0.7076381214723884
87,1286,4,4,40.0,without_chunking,LMM-2,12.0,11.949999999999989,0.7076381214723884
87,1286,4,4,40.0,with_chunking,LMM-1,12.0,11.949999999999989,0.7076381214723884
87,1286,4,4,40.0,with_chunking,LMM-2,12.0,11.949999999999989,0.7076381214723884
87,1286,4,6,60.0,without_chunking,LMM-1,12.0,11.949999999999974,0.6636330142263518
87,1286,4,6,60.0,without_chunking,LMM-2,12.0,11.949999999999974,0.6636330142263518
87,1286,4,6,60.0,with_chunking,LMM-1,12.0,11.949999999999974,0.6636330142263518
87,1286,4,6,60.0,with_chunking,LMM-2,12.0,11.949999999999974,0.6636330142263518
87,1286,4,8,80.0,without_chunking,LMM-1,12.0,11.94999999999998,0.6224983330266065
87,1286,4,8,80.0,without_chunking,LMM-2,12.0,11.94999999999998,0.6224983330266065
87,1286,4,8,80.0,with_chunking,LMM-1,12.0,11.94999999999998,0.6224983330266065
87,1286,4,8,80.0,with_chunking,LMM-2,12.0,11.94999999999998,0.6224983330266065
87,1286,6,2,20.0,without_chunking,LMM-1,12.0,11.95000000000001,0.757470759123648
87,1286,6,2,20.0,without_chunking,LMM-2,12.0,11.95000000000001,0.757470759123648
87,1286,6,2,20.0,with_chunking,LMM-1,12.0,11.95000000000001,0.757470759123648
87,1286,6,2,20.0,with_chunking,LMM-2,12.0,11.95000000000001,0.757470759123648
87,1286,6,4,40.0,without_chunking,LMM-1,12.0,11.949999999999989,0.7109218353274407
87,1286,6,4,40.0,without_chunking,LMM-2,12.0,11.949999999999989,0.7109218353274407
87,1286,6,4,40.0,with_chunking,LMM-1,12.0,11.949999999999989,0.7109218353274407
87,1286,6,4,40.0,with_chunking,LMM-2,12.0,11.949999999999989,0.7109218353274407
87,1286,6,6,60.0,without_chunking,LMM-1,12.0,11.949999999999974,0.6671017147639062
87,1286,6,6,60.0,without_chunking,LMM-2,12.0,11.949999999999974,0.6671017147639062
87,1286,6,6,60.0,with_chunking,LMM-1,12.0,11.949999999999974,0.6671017147639062
87,1286,6,6,60.0,with_chunking,LMM-2,12.0,11.949999999999974,0.6671017147639062
87,1286,6,8,80.0,without_chunking,LMM-1,12.0,11.94999999999998,0.6259272075047617
87,1286,6,8,80.0,without_chunking,LMM-2,12.0,11.94999999999998,0.6259272075047617
87,1286,6,8,80.0,with_chunking,LMM-1,12.0,11.94999999999998,0.6259272075047617
87,1286,6,8,80.0,with_chunking,LMM-2,12.0,11.94999999999998,0.6259272075047617
87,1286,8,2,20.0,without_chunking,LMM-1,10.0,10.050000000000006,0.8139776742249731
87,1286,8,2,20.0,without_chunking,LMM-2,10.0,10.050000000000006,0.8139776742249731
87,1286,8,2,20.0,with_chunking,LMM-1,10.5,10.525000000000006,0.6308792451200351
87,1286,8,2,20.0,with_chunking,LMM-2,10.5,10.525000000000006,0.6308792451200351
87,1286,8,4,40.0,without_chunking,LMM-1,10.0,10.04999999999999,0.7733306601544034
87,1286,8,4,40.0,without_chunking,LMM-2,10.0,10.04999999999999,0.7733306601544034
87,1286,8,4,40.0,with_chunking,LMM-1,10.5,10.52499999999999,0.5657500401717679
87,1286,8,4,40.0,with_chunking,LMM-2,10.5,10.52499999999999,0.5657500401717679
87,1286,8,6,60.0,without_chunking,LMM-1,10.0,10.049999999999978,0.7345838479366325
87,1286,8,6,60.0,without_chunking,LMM-2,10.0,10.049999999999978,0.7345838479366325
87,1286,8,6,60.0,with_chunking,LMM-1,10.5,10.524999999999977,0.5072748968338668
87,1286,8,6,60.0,with_chunking,LMM-2,10.5,10.524999999999977,0.5072748968338668
87,1286,8,8,80.0,without_chunking,LMM-1,10.0,10.049999999999981,0.6981984120200992
87,1286,8,8,80.0,without_chunking,LMM-2,10.0,10.049999999999981,0.6981984120200992
87,1286,8,8,80.0,with_chunking,LMM-1,10.5,10.52499999999998,0.4551294311843017
87,1286,8,8,80.0,with_chunking,LMM-2,10.5,10.52499999999998,0.4551294311843017
87,1286,10,2,20.0,without_chunking,LMM-1,10.0,10.050000000000006,0.8139776742249731
87,1286,10,2,20.0,without_chunking,LMM-2,10.0,10.050000000000006,0.8139776742249731
87,1286,10,2,20.0,with_chunking,LMM-1,9.5,9.575000000000005,0.672910346880484
87,1286,10,2,20.0,with_chunking,LMM-2,9.5,9.575000000000005,0.672910346880484
87,1286,10,4,40.0,without_chunking,LMM-1,10.0,10.04999999999999,0.7733306601544034
87,1286,10,4,40.0,without_chunking,LMM-2,10.0,10.04999999999999,0.7733306601544034
87,1286,10,4,40.0,with_chunking,LMM-1,9.5,9.57499999999999,0.6139756345453237
87,1286,10,4,40.0,with_chunking,LMM-2,9.5,9.57499999999999,0.6139756345453237
87,1286,10,6,60.0,without_chunking,LMM-1,10.0,10.049999999999978,0.7345838479366325
87,1286,10,6,60.0,without_chunking,LMM-2,10.0,10.049999999999978,0.7345838479366325
87,1286,10,6,60.0,with_chunking,LMM-1,9.5,9.57499999999998,0.5601181815089065
87,1286,10,6,60.0,with_chunking,LMM-2,9.5,9.57499999999998,0.5601181815089065
87,1286,10,8,80.0,without_chunking,LMM-1,10.0,10.049999999999981,0.6981984120200992
87,1286,10,8,80.0,without_chunking,LMM-2,10.0,10.049999999999981,0.6981984120200992
87,1286,10,8,80.0,with_chunking,LMM-1,9.5,9.574999999999982,0.5112907896170951
87,1286,10,8,80.0,with_chunking,LMM-2,9.5,9.574999999999982,0.5112907896170951
88,1287,4,2,20.0,without_chunking,LMM-1,11.0,11.000000000000007,0.7879086377457251
88,1287,4,2,20.0,without_chunking,LMM-2,11.0,11.000000000000007,0.7879086377457251
88,1287,4,2,20.0,with_chunking,LMM-1,11.0,11.000000000000007,0.7879086377457251
88,1287,4,2,20.0,with_chunking,LMM-2,11.0,11.000000000000007,0.7879086377457251
88,1287,4,4,40.0,without_chunking,LMM-1,11.0,10.99999999999999,0.7442404347448528
88,1287,4,4,40.0,without_chunking,LMM-2,11.0,10.99999999999999,0.7442404347448528
88,1287,4,4,40.0,with_chunking,LMM-1,11.0,10.99999999999999,0.7442404347448528
88,1287,4,4,40.0,with_chunking,LMM-2,11.0,10.99999999999999,0.7442404347448528
88,1287,4,6,60.0,without_chunking,LMM-1,11.0,10.999999999999977,0.7028615201545574
88,1287,4,6,60.0,without_chunking,LMM-2,11.0,10.999999999999977,0.7028615201545574
88,1287,4,6,60.0,with_chunking,LMM-1,11.0,10.999999999999977,0.7028615201545574
88,1287,4,6,60.0,with_chunking,LMM-2,11.0,10.999999999999977,0.7028615201545574
88,1287,4,8,80.0,without_chunking,LMM-1,11.0,10.99999999999998,0.6637016466419671
88,1287,4,8,80.0,without_chunking,LMM-2,11.0,10.99999999999998,0.6637016466419671
88,1287,4,8,80.0,with_chunking,LMM-1,11.0,10.99999999999998,0.6637016466419671
88,1287,4,8,80.0,with_chunking,LMM-2,11.0,10.99999999999998,0.6637016466419671
88,1287,6,2,20.0,without_chunking,LMM-1,10.5,10.525000000000006,0.8149187906798387
88,1287,6,2,20.0,without_chunking,LMM-2,10.5,10.525000000000006,0.8149187906798387
88,1287,6,2,20.0,with_chunking,LMM-1,10.5,10.525000000000006,0.8149187906798387
88,1287,6,2,20.0,with_chunking,LMM-2,10.5,10.525000000000006,0.8149187906798387
88,1287,6,4,40.0,without_chunking,LMM-1,10.5,10.52499999999999,0.78574061281019
88,1287,6,4,40.0,without_chunking,LMM-2,10.5,10.52499999999999,0.78574061281019
88,1287,6,4,40.0,with_chunking,LMM-1,10.5,10.52499999999999,0.78574061281019
88,1287,6,4,40.0,with_chunking,LMM-2,10.5,10.52499999999999,0.78574061281019
88,1287,6,6,60.0,without_chunking,LMM-1,10.5,10.524999999999977,0.7575383505347183
88,1287,6,6,60.0,without_chunking,LMM-2,10.5,10.524999999999977,0.7575383505347183
88,1287,6,6,60.0,with_chunking,LMM-1,10.5,10.524999999999977,0.7575383505347183
88,1287,6,6,60.0,with_chunking,LMM-2,10.5,10.524999999999977,0.7575383505347183
88,1287,6,8,80.0,without_chunking,LMM-1,10.5,10.52499999999998,0.7302819261063751
88,1287,6,8,80.0,without_chunking,LMM-2,10.5,10.52499999999998,0.7302819261063751
88,1287,6,8,80.0,with_chunking,LMM-1,10.5,10.52499999999998,0.7302819261063751
88,1287,6,8,80.0,with_chunking,LMM-2,10.5,10.52499999999998,0.7302819261063751
88,1287,8,2,20.0,without_chunking,LMM-1,10.0,10.050000000000006,0.8258986290908222
88,1287,8,2,20.0,without_chunking,LMM-2,10.0,10.050000000000006,0.8258986290908222
88,1287,8,2,20.0,with_chunking,LMM-1,10.0,10.050000000000006,0.8258986290908222
88,1287,8,2,20.0,with_chunking,LMM-2,10.0,10.050000000000006,0.8258986290908222
88,1287,8,4,40.0,without_chunking,LMM-1,10.0,10.04999999999999,0.797521906602772
88,1287,8,4,40.0,without_chunking,LMM-2,10.0,10.04999999999999,0.797521906602772
88,1287,8,4,40.0,with_chunking,LMM-1,10.0,10.04999999999999,0.797521906602772
88,1287,8,4,40.0,with_chunking,LMM-2,10.0,10.04999999999999,0.797521906602772
88,1287,8,6,60.0,without_chunking,LMM-1,10.0,10.049999999999978,0.7700491555703625
88,1287,8,6,60.0,without_chunking,LMM-2,10.0,10.049999999999978,0.7700491555703625
88,1287,8,6,60.0,with_chunking,LMM-1,10.0,10.049999999999978,0.7700491555703625
88,1287,8,6,60.0,with_chunking,LMM-2,10.0,10.049999999999978,0.7700491555703625
88,1287,8,8,80.0,without_chunking,LMM-1,10.0,10.049999999999981,0.7434540951186932
88,1287,8,8,80.0,without_chunking,LMM-2,10.0,10.049999999999981,0.7434540951186932
88,1287,8,8,80.0,with_chunking,LMM-1,10.0,10.049999999999981,0.7434540951186932
88,1287,8,8,80.0,with_chunking,LMM-2,10.0,10.049999999999981,0.7434540951186932
88,1287,10,2,20.0,without_chunking,LMM-1,9.5,9.575000000000005,0.8380756672156731
88,1287,10,2,20.0,without_chunking,LMM-2,9.5,9.575000000000005,0.8380756672156731
88,1287,10,2,20.0,with_chunking,LMM-1,9.5,9.575000000000005,0.8380756672156731
88,1287,10,2,20.0,with_chunking,LMM-2,9.5,9.575000000000005,0.8380756672156731
88,1287,10,4,40.0,without_chunking,LMM-1,9.5,9.57499999999999,0.8104060032031124
88,1287,10,4,40.0,without_chunking,LMM-2,9.5,9.57499999999999,0.8104060032031124
88,1287,10,4,40.0,with_chunking,LMM-1,9.5,9.57499999999999,0.8104060032031124
88,1287,10,4,40.0,with_chunking,LMM-2,9.5,9.57499999999999,0.8104060032031124
88,1287,10,6,60.0,without_chunking,LMM-1,9.5,9.57499999999998,0.7835794740624404
88,1287,10,6,60.0,without_chunking,LMM-2,9.5,9.57499999999998,0.7835794740624404
88,1287,10,6,60.0,with_chunking,LMM-1,9.5,9.57499999999998,0.7835794740624404
88,1287,10,6,60.0,with_chunking,LMM-2,9.5,9.57499999999998,0.7835794740624404
88,1287,10,8,80.0,without_chunking,LMM-1,9.5,9.574999999999982,0.757572755118656
88,1287,10,8,80.0,without_chunking,LMM-2,9.5,9.574999999999982,0.757572755118656
88,1287,10,8,80.0,with_chunking,LMM-1,9.5,9.574999999999982,0.757572755118656
88,1287,10,8,80.0,with_chunking,LMM-2,9.5,9.574999999999982,0.757572755118656
89,1288,4,2,20.0,without_chunking,LMM-1,12.0,11.95000000000001,0.7618487487919117
89,1288,4,2,20.0,without_chunking,LMM-2,12.0,11.95000000000001,0.7618487487919117
89,1288,4,2,20.0,with_chunking,LMM-1,11.5,11.475000000000009,0.59685027383251
89,1288,4,2,20.0,with_chunking,LMM-2,11.5,11.475000000000009,0.59685027383251
89,1288,4,4,40.0,without_chunking,LMM-1,12.0,11.949999999999989,0.7153872100522869
89,1288,4,4,40.0,without_chunking,LMM-2,12.0,11.949999999999989,0.7153872100522869
89,1288,4,4,40.0,with_chunking,LMM-1,11.5,11.474999999999989,0.5292305496555909
89,1288,4,4,40.0,with_chunking,LMM-2,11.5,11.474999999999989,0.5292305496555909
89,1288,4,6,60.0,without_chunking,LMM-1,12.0,11.949999999999974,0.671628088548391
89,1288,4,6,60.0,without_chunking,LMM-2,12.0,11.949999999999974,0.671628088548391
89,1288,4,6,60.0,with_chunking,LMM-1,11.5,11.474999999999975,0.4692231492302086
89,1288,4,6,60.0,with_chunking,LMM-2,11.5,11.474999999999975,0.4692231492302086
89,1288,4,8,80.0,without_chunking,LMM-1,12.0,11.94999999999998,0.630484419736385
89,1288,4,8,80.0,without_chunking,LMM-2,12.0,11.94999999999998,0.630484419736385
89,1288,4,8,80.0,with_chunking,LMM-1,11.5,11.47499999999998,0.4163424412521426
89,1288,4,8,80.0,with_chunking,LMM-2,11.5,11.47499999999998,0.4163424412521426
89,1288,6,2,20.0,without_chunking,LMM-1,11.0,11.000000000000007,0.7899222590283466
89,1288,6,2,20.0,without_chunking,LMM-2,11.0,11.000000000000007,0.7899222590283466
89,1288,6,2,20.0,with_chunking,LMM-1,11.333333333333334,11.316666666666674,0.4715777333900802
89,1288,6,2,20.0,with_chunking,LMM-2,10.5,10.525000000000006,0.5137224478504906
89,1288,6,4,40.0,without_chunking,LMM-1,11.0,10.99999999999999,0.7462442395019173
89,1288,6,4,40.0,without_chunking,LMM-2,11.0,10.99999999999999,0.7462442395019173
89,1288,6,4,40.0,with_chunking,LMM-1,11.333333333333334,11.316666666666656,0.3953348322068002
89,1288,6,4,40.0,with_chunking,LMM-2,8.833333333333332,8.94166666666666,0.5226831319699623
89,1288,6,6,60.0,without_chunking,LMM-1,11.0,10.999999999999977,0.7048503553918232
89,1288,6,6,60.0,without_chunking,LMM-2,11.0,10.999999999999977,0.7048503553918232
89,1288,6,6,60.0,with_chunking,LMM-1,11.333333333333334,11.316666666666642,0.3314993534579125
89,1288,6,6,60.0,with_chunking,LMM-2,9.416666666666668,9.495833333333312,0.443757026911747
89,1288,6,8,80.0,without_chunking,LMM-1,11.0,10.99999999999998,0.6657098678562495
89,1288,6,8,80.0,without_chunking,LMM-2,11.0,10.99999999999998,0.6657098678562495
89,1288,6,8,80.0,with_chunking,LMM-1,11.333333333333334,11.316666666666647,0.27830113840117177
89,1288,6,8,80.0,with_chunking,LMM-2,9.666666666666666,9.733333333333317,0.3832684143057317
89,1288,8,2,20.0,without_chunking,LMM-1,10.0,10.050000000000006,0.8156484329768724
89,1288,8,2,20.0,without_chunking,LMM-2,10.0,10.050000000000006,0.8156484329768724
89,1288,8,2,20.0,with_chunking,LMM-1,11.0,11.000000000000007,0.4928557006423899
89,1288,8,2,20.0,with_chunking,LMM-2,9.333333333333334,9.416666666666671,0.5681348937347447
89,1288,8,4,40.0,without_chunking,LMM-1,10.0,10.04999999999999,0.7748843329946041
89,1288,8,4,40.0,without_chunking,LMM-2,10.0,10.04999999999999,0.7748843329946041
89,1288,8,4,40.0,with_chunking,LMM-1,11.0,10.99999999999999,0.4157322161079636
89,1288,8,4,40.0,with_chunking,LMM-2,8.75,8.86249999999999,0.5369215206997817
89,1288,8,6,60.0,without_chunking,LMM-1,10.0,10.049999999999978,0.7360271420752496
89,1288,8,6,60.0,without_chunking,LMM-2,10.0,10.049999999999978,0.7360271420752496
89,1288,8,6,60.0,with_chunking,LMM-1,11.0,10.999999999999977,0.3507470908882707
89,1288,8,6,60.0,with_chunking,LMM-2,8.61111111111111,8.730555555555537,0.4952363971862249
89,1288,8,8,80.0,without_chunking,LMM-1,10.0,10.049999999999981,0.6992120095698416
89,1288,8,8,80.0,without_chunking,LMM-2,10.0,10.049999999999981,0.6992120095698416
89,1288,8,8,80.0,with_chunking,LMM-1,11.0,10.99999999999998,0.29608974061362586
89,1288,8,8,80.0,with_chunking,LMM-2,8.5,8.624999999999984,0.4552485147769062
89,1288,10,2,20.0,without_chunking,LMM-1,10.0,10.050000000000006,0.8375031475163459
89,1288,10,2,20.0,without_chunking,LMM-2,10.0,10.050000000000006,0.8375031475163459
89,1288,10,2,20.0,with_chunking,LMM-1,10.666666666666668,10.68333333333334,0.5197114714915869
89,1288,10,2,20.0,with_chunking,LMM-2,9.0,9.100000000000005,0.5960144102857553
89,1288,10,4,40.0,without_chunking,LMM-1,10.0,10.04999999999999,0.8164619169118317
89,1288,10,4,40.0,without_chunking,LMM-2,10.0,10.04999999999999,0.8164619169118317
89,1288,10,4,40.0,with_chunking,LMM-1,10.666666666666668,10.683333333333323,0.4473821023210234
89,1288,10,4,40.0,with_chunking,LMM-2,8.375,8.50624999999999,0.5637721484300893
89,1288,10,6,60.0,without_chunking,LMM-1,10.0,10.049999999999978,0.7959147006120182
89,1288,10,6,60.0,without_chunking,LMM-2,10.0,10.049999999999978,0.7959147006120182
89,1288,10,6,60.0,with_chunking,LMM-1,10.666666666666666,10.683333333333309,0.3851635965958967
89,1288,10,6,60.0,with_chunking,LMM-2,8.166666666666666,8.308333333333316,0.5203164291841946
89,1288,10,8,80.0,without_chunking,LMM-1,10.0,10.049999999999981,0.775850829366666
89,1288,10,8,80.0,without_chunking,LMM-2,10.0,10.049999999999981,0.775850829366666
89,1288,10,8,80.0,with_chunking,LMM-1,10.666666666666668,10.683333333333314,0.33164135182794674
89,1288,10,8,80.0,with_chunking,LMM-2,8.166666666666666,8.308333333333318,0.4722866898964334
90,1289,4,2,20.0,without_chunking,LMM-1,12.0,11.95000000000001,0.7693011652521176
90,1289,4,2,20.0,without_chunking,LMM-2,12.0,11.95000000000001,0.7693011652521176
90,1289,4,2,20.0,with_chunking,LMM-1,12.0,11.95000000000001,0.7693011652521176
90,1289,4,2,20.0,with_chunking,LMM-2,12.0,11.95000000000001,0.7693011652521176
90,1289,4,4,40.0,without_chunking,LMM-1,12.0,11.949999999999989,0.7227092950502296
90,1289,4,4,40.0,without_chunking,LMM-2,12.0,11.949999999999989,0.7227092950502296
90,1289,4,4,40.0,with_chunking,LMM-1,12.0,11.949999999999989,0.7227092950502296
90,1289,4,4,40.0,with_chunking,LMM-2,12.0,11.949999999999989,0.7227092950502296
90,1289,4,6,60.0,without_chunking,LMM-1,12.0,11.949999999999974,0.6788083892302997
90,1289,4,6,60.0,without_chunking,LMM-2,12.0,11.949999999999974,0.6788083892302997
90,1289,4,6,60.0,with_chunking,LMM-1,12.0,11.949999999999974,0.6788083892302997
90,1289,4,6,60.0,with_chunking,LMM-2,12.0,11.949999999999974,0.6788083892302997
90,1289,4,8,80.0,without_chunking,LMM-1,12.0,11.94999999999998,0.637542834240479
90,1289,4,8,80.0,without_chunking,LMM-2,12.0,11.94999999999998,0.637542834240479
90,1289,4,8,80.0,with_chunking,LMM-1,12.0,11.94999999999998,0.637542834240479
90,1289,4,8,80.0,with_chunking,LMM-2,12.0,11.94999999999998,0.637542834240479
90,1289,6,2,20.0,without_chunking,LMM-1,12.0,11.95000000000001,0.7693011652521176
90,1289,6,2,20.0,without_chunking,LMM-2,12.0,11.95000000000001,0.7693011652521176
90,1289,6,2,20.0,with_chunking,LMM-1,12.0,11.95000000000001,0.7693011652521176
90,1289,6,2,20.0,with_chunking,LMM-2,12.0,11.95000000000001,0.7693011652521176
90,1289,6,4,40.0,without_chunking,LMM-1,12.0,11.949999999999989,0.7227092950502296
90,1289,6,4,40.0,without_chunking,LMM-2,12.0,11.949999999999989,0.7227092950502296
90,1289,6,4,40.0,with_chunking,LMM-1,12.0,11.949999999999989,0.7227092950502296
90,1289,6,4,40.0,with_chunking,LMM-2,12.0,11.949999999999989,0.7227092950502296
90,1289,6,6,60.0,without_chunking,LMM-1,12.0,11.949999999999974,0.6788083892302997
90,1289,6,6,60.0,without_chunking,LMM-2,12.0,11.949999999999974,0.6788083892302997
90,1289,6,6,60.0,with_chunking,LMM-1,12.0,11.949999999999974,0.6788083892302997
90,1289,6,6,60.0,with_chunking,LMM-2,12.0,11.949999999999974,0.6788083892302997
90,1289,6,8,80.0,without_chunking,LMM-1,12.0,11.94999999999998,0.637542834240479
90,1289,6,8,80.0,without_chunking,LMM-2,12.0,11.94999999999998,0.637542834240479
90,1289,6,8,80.0,with_chunking,LMM-1,12.0,11.94999999999998,0.637542834240479
90,1289,6,8,80.0,with_chunking,LMM-2,12.0,11.94999999999998,0.637542834240479
90,1289,8,2,20.0,without_chunking,LMM-1,11.0,11.000000000000007,0.7860995385948479
90,1289,8,2,20.0,without_chunking,LMM-2,11.0,11.000000000000007,0.7860995385948479
90,1289,8,2,20.0,with_chunking,LMM-1,11.0,11.000000000000007,0.7860995385948479
90,1289,8,2,20.0,with_chunking,LMM-2,11.0,11.000000000000007,0.7860995385948479
90,1289,8,4,40.0,without_chunking,LMM-1,11.0,10.99999999999999,0.7426972974132457
90,1289,8,4,40.0,without_chunking,LMM-2,11.0,10.99999999999999,0.7426972974132457
90,1289,8,4,40.0,with_chunking,LMM-1,11.0,10.99999999999999,0.7426972974132457
90,1289,8,4,40.0,with_chunking,LMM-2,11.0,10.99999999999999,0.7426972974132457
90,1289,8,6,60.0,without_chunking,LMM-1,11.0,10.999999999999977,0.7015618841031752
90,1289,8,6,60.0,without_chunking,LMM-2,11.0,10.999999999999977,0.7015618841031752
90,1289,8,6,60.0,with_chunking,LMM-1,11.0,10.999999999999977,0.7015618841031752
90,1289,8,6,60.0,with_chunking,LMM-2,11.0,10.999999999999977,0.7015618841031752
90,1289,8,8,80.0,without_chunking,LMM-1,11.0,10.99999999999998,0.6625827546226353
90,1289,8,8,80.0,without_chunking,LMM-2,11.0,10.99999999999998,0.6625827546226353
90,1289,8,8,80.0,with_chunking,LMM-1,11.0,10.99999999999998,0.6625827546226353
90,1289,8,8,80.0,with_chunking,LMM-2,11.0,10.99999999999998,0.6625827546226353
90,1289,10,2,20.0,without_chunking,LMM-1,10.0,10.050000000000006,0.8139838904873503
90,1289,10,2,20.0,without_chunking,LMM-2,10.0,10.050000000000006,0.8139838904873503
90,1289,10,2,20.0,with_chunking,LMM-1,10.0,10.050000000000006,0.8139838904873503
90,1289,10,2,20.0,with_chunking,LMM-2,10.0,10.050000000000006,0.8139838904873503
90,1289,10,4,40.0,without_chunking,LMM-1,10.0,10.04999999999999,0.7737403901691118
90,1289,10,4,40.0,without_chunking,LMM-2,10.0,10.04999999999999,0.7737403901691118
90,1289,10,4,40.0,with_chunking,LMM-1,10.0,10.04999999999999,0.7737403901691118
90,1289,10,4,40.0,with_chunking,LMM-2,10.0,10.04999999999999,0.7737403901691118
90,1289,10,6,60.0,without_chunking,LMM-1,10.0,10.049999999999978,0.7353601715609352
90,1289,10,6,60.0,without_chunking,LMM-2,10.0,10.049999999999978,0.7353601715609352
90,1289,10,6,60.0,with_chunking,LMM-1,10.0,10.049999999999978,0.7353601715609352
90,1289,10,6,60.0,with_chunking,LMM-2,10.0,10.049999999999978,0.7353601715609352
90,1289,10,8,80.0,without_chunking,LMM-1,10.0,10.049999999999981,0.6987636816133839
90,1289,10,8,80.0,without_chunking,LMM-2,10.0,10.049999999999981,0.6987636816133839
90,1289,10,8,80.0,with_chunking,LMM-1,10.0,10.049999999999981,0.6987636816133839
90,1289,10,8,80.0,with_chunking,LMM-2,10.0,10.049999999999981,0.6987636816133839
91,1290,4,2,20.0,without_chunking,LMM-1,11.0,11.000000000000007,0.7892170422145823
91,1290,4,2,20.0,without_chunking,LMM-2,11.0,11.000000000000007,0.7892170422145823
91,1290,4,2,20.0,with_chunking,LMM-1,11.5,11.475000000000009,0.595452059024121
91,1290,4,2,20.0,with_chunking,LMM-2,11.5,11.475000000000009,0.595452059024121
91,1290,4,4,40.0,without_chunking,LMM-1,11.0,10.99999999999999,0.7455643905966889
91,1290,4,4,40.0,without_chunking,LMM-2,11.0,10.99999999999999,0.7455643905966889
91,1290,4,4,40.0,with_chunking,LMM-1,11.5,11.474999999999989,0.5281567406173224
91,1290,4,4,40.0,with_chunking,LMM-2,11.5,11.474999999999989,0.5281567406173224
91,1290,4,6,60.0,without_chunking,LMM-1,11.0,10.999999999999977,0.7041955494855519
91,1290,4,6,60.0,without_chunking,LMM-2,11.0,10.999999999999977,0.7041955494855519
91,1290,4,6,60.0,with_chunking,LMM-1,11.5,11.474999999999975,0.4684185890751392
91,1290,4,6,60.0,with_chunking,LMM-2,11.5,11.474999999999975,0.4684185890751392
91,1290,4,8,80.0,without_chunking,LMM-1,11.0,10.99999999999998,0.6650343325704992
91,1290,4,8,80.0,without_chunking,LMM-2,11.0,10.99999999999998,0.6650343325704992
91,1290,4,8,80.0,with_chunking,LMM-1,11.5,11.47499999999998,0.415704937748294
91,1290,4,8,80.0,with_chunking,LMM-2,11.5,11.47499999999998,0.415704937748294
91,1290,6,2,20.0,without_chunking,LMM-1,11.0,11.000000000000007,0.7892170422145823
91,1290,6,2,20.0,without_chunking,LMM-2,11.0,11.000000000000007,0.7892170422145823
91,1290,6,2,20.0,with_chunking,LMM-1,11.0,11.000000000000007,0.6215569475362973
91,1290,6,2,20.0,with_chunking,LMM-2,11.0,11.000000000000007,0.6215569475362973
91,1290,6,4,40.0,without_chunking,LMM-1,11.0,10.99999999999999,0.7455643905966889
91,1290,6,4,40.0,without_chunking,LMM-2,11.0,10.99999999999999,0.7455643905966889
91,1290,6,4,40.0,with_chunking,LMM-1,11.0,10.99999999999999,0.5548265221529083
91,1290,6,4,40.0,with_chunking,LMM-2,11.0,10.99999999999999,0.5548265221529083
91,1290,6,6,60.0,without_chunking,LMM-1,11.0,10.999999999999977,0.7041955494855519
91,1290,6,6,60.0,without_chunking,LMM-2,11.0,10.999999999999977,0.7041955494855519
91,1290,6,6,60.0,with_chunking,LMM-1,11.0,10.999999999999977,0.49520161570657106
91,1290,6,6,60.0,with_chunking,LMM-2,11.0,10.999999999999977,0.49520161570657106
91,1290,6,8,80.0,without_chunking,LMM-1,11.0,10.99999999999998,0.6650343325704992
91,1290,6,8,80.0,without_chunking,LMM-2,11.0,10.99999999999998,0.6650343325704992
91,1290,6,8,80.0,with_chunking,LMM-1,11.0,10.99999999999998,0.44196656597838896
91,1290,6,8,80.0,with_chunking,LMM-2,11.0,10.99999999999998,0.44196656597838896
91,1290,8,2,20.0,without_chunking,LMM-1,11.0,11.000000000000007,0.8110667145053286
91,1290,8,2,20.0,without_chunking,LMM-2,11.0,11.000000000000007,0.8110667145053286
91,1290,8,2,20.0,with_chunking,LMM-1,11.0,11.000000000000007,0.7130874798523057
91,1290,8,2,20.0,with_chunking,LMM-2,11.0,11.000000000000007,0.7130874798523057
91,1290,8,4,40.0,without_chunking,LMM-1,11.0,10.99999999999999,0.788344870567392
91,1290,8,4,40.0,without_chunking,LMM-2,11.0,10.99999999999999,0.788344870567392
91,1290,8,4,40.0,with_chunking,LMM-1,11.0,10.99999999999999,0.6651144333546539
91,1290,8,4,40.0,with_chunking,LMM-2,11.0,10.99999999999999,0.6651144333546539
91,1290,8,6,60.0,without_chunking,LMM-1,11.0,10.999999999999977,0.7662239521442485
91,1290,8,6,60.0,without_chunking,LMM-2,11.0,10.999999999999977,0.7662239521442485
91,1290,8,6,60.0,with_chunking,LMM-1,11.0,10.999999999999977,0.6203960238128143
91,1290,8,6,60.0,with_chunking,LMM-2,11.0,10.999999999999977,0.6203960238128143
91,1290,8,8,80.0,without_chunking,LMM-1,11.0,10.99999999999998,0.7446891557373934
91,1290,8,8,80.0,without_chunking,LMM-2,11.0,10.99999999999998,0.7446891557373934
91,1290,8,8,80.0,with_chunking,LMM-1,11.0,10.99999999999998,0.5787241711704674
91,1290,8,8,80.0,with_chunking,LMM-2,11.0,10.99999999999998,0.5787241711704674
91,1290,10,2,20.0,without_chunking,LMM-1,9.0,9.100000000000005,0.8367932662975135
91,1290,10,2,20.0,without_chunking,LMM-2,7.0,7.200000000000004,0.8947031689649177
91,1290,10,2,20.0,with_chunking,LMM-1,8.5,8.625000000000004,0.7102452950913253
91,1290,10,2,20.0,with_chunking,LMM-2,8.0,8.150000000000004,0.7394658630316169
91,1290,10,4,40.0,without_chunking,LMM-1,9.0,9.09999999999999,0.7995312306891946
91,1290,10,4,40.0,without_chunking,LMM-2,6.125,6.368749999999994,0.9020448775730321
91,1290,10,4,40.0,with_chunking,LMM-1,8.5,8.624999999999991,0.6518901277197476
91,1290,10,4,40.0,with_chunking,LMM-2,7.5,7.674999999999992,0.7152591686946634
91,1290,10,6,60.0,without_chunking,LMM-1,9.0,9.09999999999998,0.7638036852255656
91,1290,10,6,60.0,without_chunking,LMM-2,6.0,6.249999999999987,0.8958479796895282
91,1290,10,6,60.0,with_chunking,LMM-1,8.5,8.62499999999998,0.5982265181829154
91,1290,10,6,60.0,with_chunking,LMM-2,7.5,7.674999999999983,0.6749571177156248
91,1290,10,8,80.0,without_chunking,LMM-1,9.0,9.099999999999984,0.7295750161443404
91,1290,10,8,80.0,without_chunking,LMM-2,6.0,6.2499999999999885,0.8873762274742389
91,1290,10,8,80.0,with_chunking,LMM-1,8.5,8.624999999999984,0.5489033798672149
91,1290,10,8,80.0,with_chunking,LMM-2,7.5,7.674999999999986,0.6369152251029899
92,1291,4,2,20.0,without_chunking,LMM-1,13.0,12.90000000000001,0.7551053936122438
92,1291,4,2,20.0,without_chunking,LMM-2,13.0,12.90000000000001,0.7551053936122438
92,1291,4,2,20.0,with_chunking,LMM-1,12.5,12.425000000000008,0.572657114446486
92,1291,4,2,20.0,with_chunking,LMM-2,12.5,12.425000000000008,0.572657114446486
92,1291,4,4,40.0,without_chunking,LMM-1,13.0,12.899999999999986,0.7055317454747251
92,1291,4,4,40.0,without_chunking,LMM-2,13.0,12.899999999999986,0.7055317454747251
92,1291,4,4,40.0,with_chunking,LMM-1,12.5,12.424999999999986,0.5026535567921597
92,1291,4,4,40.0,with_chunking,LMM-2,12.5,12.424999999999986,0.5026535567921597
92,1291,4,6,60.0,without_chunking,LMM-1,13.0,12.899999999999972,0.6590838999403239
92,1291,4,6,60.0,without_chunking,LMM-2,13.0,12.899999999999972,0.6590838999403239
92,1291,4,6,60.0,with_chunking,LMM-1,12.5,12.424999999999974,0.4411818217219008
92,1291,4,6,60.0,with_chunking,LMM-2,12.5,12.424999999999974,0.4411818217219008
92,1291,4,8,80.0,without_chunking,LMM-1,13.0,12.899999999999977,0.6155877685825604
92,1291,4,8,80.0,without_chunking,LMM-2,13.0,12.899999999999977,0.6155877685825604
92,1291,4,8,80.0,with_chunking,LMM-1,12.5,12.42499999999998,0.38748242990420606
92,1291,4,8,80.0,with_chunking,LMM-2,12.5,12.42499999999998,0.38748242990420606
92,1291,6,2,20.0,without_chunking,LMM-1,12.0,11.95000000000001,0.7713642667700084
92,1291,6,2,20.0,without_chunking,LMM-2,12.0,11.95000000000001,0.7713642667700084
92,1291,6,2,20.0,with_chunking,LMM-1,12.5,12.425000000000008,0.5825475099491546
92,1291,6,2,20.0,with_chunking,LMM-2,12.5,12.425000000000008,0.5825475099491546
92,1291,6,4,40.0,without_chunking,LMM-1,12.0,11.949999999999989,0.7245055749922232
92,1291,6,4,40.0,without_chunking,LMM-2,12.0,11.949999999999989,0.7245055749922232
92,1291,6,4,40.0,with_chunking,LMM-1,12.5,12.424999999999986,0.511482707564803
92,1291,6,4,40.0,with_chunking,LMM-2,12.5,12.424999999999986,0.511482707564803
92,1291,6,6,60.0,without_chunking,LMM-1,12.0,11.949999999999974,0.6803611855755849
92,1291,6,6,60.0,without_chunking,LMM-2,12.0,11.949999999999974,0.6803611855755849
92,1291,6,6,60.0,with_chunking,LMM-1,12.5,12.424999999999974,0.44906101281620214
92,1291,6,6,60.0,with_chunking,LMM-2,12.5,12.424999999999974,0.44906101281620214
92,1291,6,8,80.0,without_chunking,LMM-1,12.0,11.94999999999998,0.6389860229134039
92,1291,6,8,80.0,without_chunking,LMM-2,12.0,11.94999999999998,0.6389860229134039
92,1291,6,8,80.0,with_chunking,LMM-1,12.5,12.42499999999998,0.39436220411321643
92,1291,6,8,80.0,with_chunking,LMM-2,12.5,12.42499999999998,0.39436220411321643
92,1291,8,2,20.0,without_chunking,LMM-1,11.0,11.000000000000007,0.8045210263682592
92,1291,8,2,20.0,without_chunking,LMM-2,11.0,11.000000000000007,0.8045210263682592
92,1291,8,2,20.0,with_chunking,LMM-1,11.5,11.475000000000009,0.49060335301957514
92,1291,8,2,20.0,with_chunking,LMM-2,10.75,10.762500000000006,0.5213609523961154
92,1291,8,4,40.0,without_chunking,LMM-1,11.0,10.99999999999999,0.7607182183359318
92,1291,8,4,40.0,without_chunking,LMM-2,11.0,10.99999999999999,0.7607182183359318
92,1291,8,4,40.0,with_chunking,LMM-1,11.5,11.474999999999989,0.41801378480711554
92,1291,8,4,40.0,with_chunking,LMM-2,10.833333333333332,10.841666666666656,0.454130382989491
92,1291,8,6,60.0,without_chunking,LMM-1,11.0,10.999999999999977,0.7191717744326352
92,1291,8,6,60.0,without_chunking,LMM-2,11.0,10.999999999999977,0.7191717744326352
92,1291,8,6,60.0,with_chunking,LMM-1,11.5,11.474999999999975,0.3562353705474799
92,1291,8,6,60.0,with_chunking,LMM-2,10.666666666666666,10.683333333333312,0.40026042751361113
92,1291,8,8,80.0,without_chunking,LMM-1,11.0,10.99999999999998,0.6797731526917252
92,1291,8,8,80.0,without_chunking,LMM-2,11.0,10.99999999999998,0.6797731526917252
92,1291,8,8,80.0,with_chunking,LMM-1,11.5,11.47499999999998,0.3037398921208956
92,1291,8,8,80.0,with_chunking,LMM-2,10.541666666666666,10.564583333333314,0.35230476350451956
92,1291,10,2,20.0,without_chunking,LMM-1,9.0,9.100000000000005,0.8390639629501613
92,1291,10,2,20.0,without_chunking,LMM-2,9.0,9.100000000000005,0.8390639629501613
92,1291,10,2,20.0,with_chunking,LMM-1,10.0,10.050000000000004,0.5428912559822168
92,1291,10,2,20.0,with_chunking,LMM-2,10.166666666666666,10.20833333333334,0.6110324626525132
92,1291,10,4,40.0,without_chunking,LMM-1,9.0,9.09999999999999,0.8020800505149903
92,1291,10,4,40.0,without_chunking,LMM-2,9.0,9.09999999999999,0.8020800505149903
92,1291,10,4,40.0,with_chunking,LMM-1,10.0,10.04999999999999,0.4661872802462761
92,1291,10,4,40.0,with_chunking,LMM-2,9.5,9.57499999999999,0.5177775325994286
92,1291,10,6,60.0,without_chunking,LMM-1,9.0,9.09999999999998,0.766604204559449
92,1291,10,6,60.0,without_chunking,LMM-2,9.0,9.09999999999998,0.766604204559449
92,1291,10,6,60.0,with_chunking,LMM-1,10.0,10.049999999999978,0.4003546419241636
92,1291,10,6,60.0,with_chunking,LMM-2,9.583333333333332,9.654166666666647,0.4660892131573423
92,1291,10,8,80.0,without_chunking,LMM-1,9.0,9.099999999999984,0.7325805970371382
92,1291,10,8,80.0,without_chunking,LMM-2,9.0,9.099999999999984,0.7325805970371382
92,1291,10,8,80.0,with_chunking,LMM-1,10.0,10.049999999999981,0.3439696587898006
92,1291,10,8,80.0,with_chunking,LMM-2,9.729166666666666,9.792708333333316,0.4349601200394384
93,1292,4,2,20.0,without_chunking,LMM-1,16.0,15.750000000000012,0.7039445213590654
93,1292,4,2,20.0,without_chunking,LMM-2,16.0,15.750000000000012,0.7039445213590654
93,1292,4,2,20.0,with_chunking,LMM-1,16.0,15.750000000000012,0.7039445213590654
93,1292,4,2,20.0,with_chunking,LMM-2,16.0,15.750000000000012,0.7039445213590654
93,1292,4,4,40.0,without_chunking,LMM-1,16.0,15.749999999999979,0.6465149070367195
93,1292,4,4,40.0,without_chunking,LMM-2,16.0,15.749999999999979,0.6465149070367195
93,1292,4,4,40.0,with_chunking,LMM-1,16.0,15.749999999999979,0.6465149070367195
93,1292,4,4,40.0,with_chunking,LMM-2,16.0,15.749999999999979,0.6465149070367195
93,1292,4,6,60.0,without_chunking,LMM-1,16.0,15.749999999999963,0.5936539403385451
93,1292,4,6,60.0,without_chunking,LMM-2,16.0,15.749999999999963,0.5936539403385451
93,1292,4,6,60.0,with_chunking,LMM-1,16.0,15.749999999999963,0.5936539403385451
93,1292,4,6,60.0,with_chunking,LMM-2,16.0,15.749999999999963,0.5936539403385451
93,1292,4,8,80.0,without_chunking,LMM-1,16.0,15.749999999999973,0.5450603947687876
93,1292,4,8,80.0,without_chunking,LMM-2,16.0,15.749999999999973,0.5450603947687876
93,1292,4,8,80.0,with_chunking,LMM-1,16.0,15.749999999999973,0.5450603947687876
93,1292,4,8,80.0,with_chunking,LMM-2,16.0,15.749999999999973,0.5450603947687876
93,1292,6,2,20.0,without_chunking,LMM-1,16.0,15.750000000000012,0.7039445213590654
93,1292,6,2,20.0,without_chunking,LMM-2,16.0,15.750000000000012,0.7039445213590654
93,1292,6,2,20.0,with_chunking,LMM-1,16.0,15.750000000000012,0.7039445213590654
93,1292,6,2,20.0,with_chunking,LMM-2,16.0,15.750000000000012,0.7039445213590654
93,1292,6,4,40.0,without_chunking,LMM-1,16.0,15.749999999999979,0.6465149070367195
93,1292,6,4,40.0,without_chunking,LMM-2,16.0,15.749999999999979,0.6465149070367195
93,1292,6,4,40.0,with_chunking,LMM-1,16.0,15.749999999999979,0.6465149070367195
93,1292,6,4,40.0,with_chunking,LMM-2,16.0,15.749999999999979,0.6465149070367195
93,1292,6,6,60.0,without_chunking,LMM-1,16.0,15.749999999999963,0.5936539403385451
93,1292,6,6,60.0,without_chunking,LMM-2,16.0,15.749999999999963,0.5936539403385451
93,1292,6,6,60.0,with_chunking,LMM-1,16.0,15.749999999999963,0.5936539403385451
93,1292,6,6,60.0,with_chunking,LMM-2,16.0,15.749999999999963,0.5936539403385451
93,1292,6,8,80.0,without_chunking,LMM-1,16.0,15.749999999999973,0.5450603947687876
93,1292,6,8,80.0,without_chunking,LMM-2,16.0,15.749999999999973,0.5450603947687876
93,1292,6,8,80.0,with_chunking,LMM-1,16.0,15.749999999999973,0.5450603947687876
93,1292,6,8,80.0,with_chunking,LMM-2,16.0,15.749999999999973,0.5450603947687876
93,1292,8,2,20.0,without_chunking,LMM-1,12.0,11.95000000000001,0.7814751654836398
93,1292,8,2,20.0,without_chunking,LMM-2,12.0,11.95000000000001,0.7814751654836398
93,1292,8,2,20.0,with_chunking,LMM-1,12.0,11.95000000000001,0.7814751654836398
93,1292,8,2,20.0,with_chunking,LMM-2,12.0,11.95000000000001,0.7814751654836398
93,1292,8,4,40.0,without_chunking,LMM-1,12.0,11.949999999999989,0.7345182411433713
93,1292,8,4,40.0,without_chunking,LMM-2,12.0,11.949999999999989,0.7345182411433713
93,1292,8,4,40.0,with_chunking,LMM-1,12.0,11.949999999999989,0.7345182411433713
93,1292,8,4,40.0,with_chunking,LMM-2,12.0,11.949999999999989,0.7345182411433713
93,1292,8,6,60.0,without_chunking,LMM-1,12.0,11.949999999999974,0.690252442327678
93,1292,8,6,60.0,without_chunking,LMM-2,12.0,11.949999999999974,0.690252442327678
93,1292,8,6,60.0,with_chunking,LMM-1,12.0,11.949999999999974,0.690252442327678
93,1292,8,6,60.0,with_chunking,LMM-2,12.0,11.949999999999974,0.690252442327678
93,1292,8,8,80.0,without_chunking,LMM-1,12.0,11.94999999999998,0.6485676741428155
93,1292,8,8,80.0,without_chunking,LMM-2,12.0,11.94999999999998,0.6485676741428155
93,1292,8,8,80.0,with_chunking,LMM-1,12.0,11.94999999999998,0.6485676741428155
93,1292,8,8,80.0,with_chunking,LMM-2,12.0,11.94999999999998,0.6485676741428155
93,1292,10,2,20.0,without_chunking,LMM-1,11.0,11.000000000000007,0.8099675396941964
93,1292,10,2,20.0,without_chunking,LMM-2,11.0,11.000000000000007,0.8099675396941964
93,1292,10,2,20.0,with_chunking,LMM-1,11.0,11.000000000000007,0.8099675396941964
93,1292,10,2,20.0,with_chunking,LMM-2,11.0,11.000000000000007,0.8099675396941964
93,1292,10,4,40.0,without_chunking,LMM-1,11.0,10.99999999999999,0.7658317994000341
93,1292,10,4,40.0,without_chunking,LMM-2,11.0,10.99999999999999,0.7658317994000341
93,1292,10,4,40.0,with_chunking,LMM-1,11.0,10.99999999999999,0.7658317994000341
93,1292,10,4,40.0,with_chunking,LMM-2,11.0,10.99999999999999,0.7658317994000341
93,1292,10,6,60.0,without_chunking,LMM-1,11.0,10.999999999999977,0.7239711741336292
93,1292,10,6,60.0,without_chunking,LMM-2,11.0,10.999999999999977,0.7239711741336292
93,1292,10,6,60.0,with_chunking,LMM-1,11.0,10.999999999999977,0.7239711741336292
93,1292,10,6,60.0,with_chunking,LMM-2,11.0,10.999999999999977,0.7239711741336292
93,1292,10,8,80.0,without_chunking,LMM-1,11.0,10.99999999999998,0.6842761558867412
93,1292,10,8,80.0,without_chunking,LMM-2,11.0,10.99999999999998,0.6842761558867412
93,1292,10,8,80.0,with_chunking,LMM-1,11.0,10.99999999999998,0.6842761558867412
93,1292,10,8,80.0,with_chunking,LMM-2,11.0,10.99999999999998,0.6842761558867412
94,1293,4,2,20.0,without_chunking,LMM-1,13.0,12.90000000000001,0.746585058354049
94,1293,4,2,20.0,without_chunking,LMM-2,13.0,12.90000000000001,0.746585058354049
94,1293,4,2,20.0,with_chunking,LMM-1,13.0,12.90000000000001,0.746585058354049
94,1293,4,2,20.0,with_chunking,LMM-2,13.0,12.90000000000001,0.746585058354049
94,1293,4,4,40.0,without_chunking,LMM-1,13.0,12.899999999999986,0.6972937283829252
94,1293,4,4,40.0,without_chunking,LMM-2,13.0,12.899999999999986,0.6972937283829252
94,1293,4,4,40.0,with_chunking,LMM-1,13.0,12.899999999999986,0.6972937283829252
94,1293,4,4,40.0,with_chunking,LMM-2,13.0,12.899999999999986,0.6972937283829252
94,1293,4,6,60.0,without_chunking,LMM-1,13.0,12.899999999999972,0.6511276667806472
94,1293,4,6,60.0,without_chunking,LMM-2,13.0,12.899999999999972,0.6511276667806472
94,1293,4,6,60.0,with_chunking,LMM-1,13.0,12.899999999999972,0.6511276667806472
94,1293,4,6,60.0,with_chunking,LMM-2,13.0,12.899999999999972,0.6511276667806472
94,1293,4,8,80.0,without_chunking,LMM-1,13.0,12.899999999999977,0.607965880109791
94,1293,4,8,80.0,without_chunking,LMM-2,13.0,12.899999999999977,0.607965880109791
94,1293,4,8,80.0,with_chunking,LMM-1,13.0,12.899999999999977,0.607965880109791
94,1293,4,8,80.0,with_chunking,LMM-2,13.0,12.899999999999977,0.607965880109791
94,1293,6,2,20.0,without_chunking,LMM-1,12.0,11.95000000000001,0.7767040865435585
94,1293,6,2,20.0,without_chunking,LMM-2,12.0,11.95000000000001,0.7767040865435585
94,1293,6,2,20.0,with_chunking,LMM-1,12.5,12.425000000000008,0.5998443292798787
94,1293,6,2,20.0,with_chunking,LMM-2,12.5,12.425000000000008,0.5998443292798787
94,1293,6,4,40.0,without_chunking,LMM-1,12.0,11.949999999999989,0.7301646194024212
94,1293,6,4,40.0,without_chunking,LMM-2,12.0,11.949999999999989,0.7301646194024212
94,1293,6,4,40.0,with_chunking,LMM-1,12.5,12.424999999999986,0.5269933519287742
94,1293,6,4,40.0,with_chunking,LMM-2,12.5,12.424999999999986,0.5269933519287742
94,1293,6,6,60.0,without_chunking,LMM-1,12.0,11.949999999999974,0.6862853543506013
94,1293,6,6,60.0,without_chunking,LMM-2,12.0,11.949999999999974,0.6862853543506013
94,1293,6,6,60.0,with_chunking,LMM-1,12.5,12.424999999999974,0.46296406498680553
94,1293,6,6,60.0,with_chunking,LMM-2,12.5,12.424999999999974,0.46296406498680553
94,1293,6,8,80.0,without_chunking,LMM-1,12.0,11.94999999999998,0.6449228589730664
94,1293,6,8,80.0,without_chunking,LMM-2,12.0,11.94999999999998,0.6449228589730664
94,1293,6,8,80.0,with_chunking,LMM-1,12.5,12.42499999999998,0.406695986388396
94,1293,6,8,80.0,with_chunking,LMM-2,12.5,12.42499999999998,0.406695986388396
94,1293,8,2,20.0,without_chunking,LMM-1,11.0,11.000000000000007,0.7906891733752519
94,1293,8,2,20.0,without_chunking,LMM-2,11.0,11.000000000000007,0.7906891733752519
94,1293,8,2,20.0,with_chunking,LMM-1,11.583333333333334,11.554166666666674,0.604019767877464
94,1293,8,2,20.0,with_chunking,LMM-2,11.583333333333334,11.554166666666674,0.6040111237516292
94,1293,8,4,40.0,without_chunking,LMM-1,11.0,10.99999999999999,0.7468410405556369
94,1293,8,4,40.0,without_chunking,LMM-2,11.0,10.99999999999999,0.7468410405556369
94,1293,8,4,40.0,with_chunking,LMM-1,11.666666666666668,11.63333333333332,0.5141764790162728
94,1293,8,4,40.0,with_chunking,LMM-2,11.458333333333332,11.435416666666654,0.5247187674624072
94,1293,8,6,60.0,without_chunking,LMM-1,11.0,10.999999999999977,0.7052927716632393
94,1293,8,6,60.0,without_chunking,LMM-2,11.0,10.999999999999977,0.7052927716632393
94,1293,8,6,60.0,with_chunking,LMM-1,11.666666666666666,11.633333333333306,0.46093228100058437
94,1293,8,6,60.0,with_chunking,LMM-2,11.444444444444445,11.422222222222196,0.47373274777276553
94,1293,8,8,80.0,without_chunking,LMM-1,11.0,10.99999999999998,0.6660504348633582
94,1293,8,8,80.0,without_chunking,LMM-2,11.0,10.99999999999998,0.6660504348633582
94,1293,8,8,80.0,with_chunking,LMM-1,11.666666666666668,11.633333333333313,0.4133273395282493
94,1293,8,8,80.0,with_chunking,LMM-2,11.5625,11.53437499999998,0.4207715382405685
94,1293,10,2,20.0,without_chunking,LMM-1,11.0,11.000000000000007,0.7919306304919649
94,1293,10,2,20.0,without_chunking,LMM-2,11.0,11.000000000000007,0.7919306304919649
94,1293,10,2,20.0,with_chunking,LMM-1,11.0,11.000000000000007,0.6456184842222108
94,1293,10,2,20.0,with_chunking,LMM-2,11.0,11.000000000000007,0.6456184842222108
94,1293,10,4,40.0,without_chunking,LMM-1,11.0,10.99999999999999,0.7483997198003653
94,1293,10,4,40.0,without_chunking,LMM-2,11.0,10.99999999999999,0.7483997198003653
94,1293,10,4,40.0,with_chunking,LMM-1,11.0,10.99999999999999,0.5766892412858583
94,1293,10,4,40.0,with_chunking,LMM-2,11.0,10.99999999999999,0.5766892412858583
94,1293,10,6,60.0,without_chunking,LMM-1,11.0,10.999999999999977,0.7071322095469128
94,1293,10,6,60.0,without_chunking,LMM-2,11.0,10.999999999999977,0.7071322095469128
94,1293,10,6,60.0,with_chunking,LMM-1,11.0,10.999999999999977,0.5150585648689486
94,1293,10,6,60.0,with_chunking,LMM-2,11.0,10.999999999999977,0.5150585648689486
94,1293,10,8,80.0,without_chunking,LMM-1,11.0,10.99999999999998,0.668083647116755
94,1293,10,8,80.0,without_chunking,LMM-2,11.0,10.99999999999998,0.668083647116755
94,1293,10,8,80.0,with_chunking,LMM-1,11.0,10.99999999999998,0.46000568455461854
94,1293,10,8,80.0,with_chunking,LMM-2,11.0,10.99999999999998,0.46000568455461854
95,1294,4,2,20.0,without_chunking,LMM-1,12.0,11.95000000000001,0.7896535916716005
95,1294,4,2,20.0,without_chunking,LMM-2,12.0,11.95000000000001,0.7896535916716005
95,1294,4,2,20.0,with_chunking,LMM-1,13.0,12.90000000000001,0.5913029939213734
95,1294,4,2,20.0,with_chunking,LMM-2,13.0,12.90000000000001,0.5913029939213734
95,1294,4,4,40.0,without_chunking,LMM-1,12.0,11.949999999999989,0.7580654440958459
95,1294,4,4,40.0,without_chunking,LMM-2,12.0,11.949999999999989,0.7580654440958459
95,1294,4,4,40.0,with_chunking,LMM-1,13.0,12.899999999999986,0.5319059982315055
95,1294,4,4,40.0,with_chunking,LMM-2,13.0,12.899999999999986,0.5319059982315055
95,1294,4,6,60.0,without_chunking,LMM-1,12.0,11.949999999999974,0.7276728468258827
95,1294,4,6,60.0,without_chunking,LMM-2,12.0,11.949999999999974,0.7276728468258827
95,1294,4,6,60.0,with_chunking,LMM-1,13.0,12.899999999999972,0.47845410117663234
95,1294,4,6,60.0,with_chunking,LMM-2,13.0,12.899999999999972,0.47845410117663234
95,1294,4,8,80.0,without_chunking,LMM-1,12.0,11.94999999999998,0.6984334772026888
95,1294,4,8,80.0,without_chunking,LMM-2,12.0,11.94999999999998,0.6984334772026888
95,1294,4,8,80.0,with_chunking,LMM-1,13.0,12.899999999999977,0.4303569547324543
95,1294,4,8,80.0,with_chunking,LMM-2,13.0,12.899999999999977,0.4303569547324543
95,1294,6,2,20.0,without_chunking,LMM-1,10.0,10.050000000000006,0.8221132293491729
95,1294,6,2,20.0,without_chunking,LMM-2,10.0,10.050000000000006,0.8221132293491729
95,1294,6,2,20.0,with_chunking,LMM-1,11.5,11.475000000000009,0.6311977121903778
95,1294,6,2,20.0,with_chunking,LMM-2,11.5,11.475000000000009,0.6311977121903778
95,1294,6,4,40.0,without_chunking,LMM-1,10.0,10.04999999999999,0.781557799190648
95,1294,6,4,40.0,without_chunking,LMM-2,10.0,10.04999999999999,0.781557799190648
95,1294,6,4,40.0,with_chunking,LMM-1,11.5,11.474999999999987,0.5606197039663747
95,1294,6,4,40.0,with_chunking,LMM-2,11.5,11.474999999999987,0.5606197039663747
95,1294,6,6,60.0,without_chunking,LMM-1,10.0,10.049999999999978,0.7428760880289195
95,1294,6,6,60.0,without_chunking,LMM-2,10.0,10.049999999999978,0.7428760880289195
95,1294,6,6,60.0,with_chunking,LMM-1,11.5,11.474999999999975,0.49788337208367595
95,1294,6,6,60.0,with_chunking,LMM-2,11.5,11.474999999999975,0.49788337208367595
95,1294,6,8,80.0,without_chunking,LMM-1,10.0,10.049999999999981,0.7059884675656267
95,1294,6,8,80.0,without_chunking,LMM-2,10.0,10.049999999999981,0.7059884675656267
95,1294,6,8,80.0,with_chunking,LMM-1,11.5,11.47499999999998,0.44215936865569594
95,1294,6,8,80.0,with_chunking,LMM-2,11.5,11.47499999999998,0.44215936865569594
95,1294,8,2,20.0,without_chunking,LMM-1,10.5,10.525000000000006,0.8261877663529922
95,1294,8,2,20.0,without_chunking,LMM-2,10.5,10.525000000000006,0.8261877663529922
95,1294,8,2,20.0,with_chunking,LMM-1,10.25,10.287500000000005,0.6920077439768338
95,1294,8,2,20.0,with_chunking,LMM-2,10.25,10.287500000000005,0.6920077439768338
95,1294,8,4,40.0,without_chunking,LMM-1,10.5,10.524999999999988,0.796835147165802
95,1294,8,4,40.0,without_chunking,LMM-2,10.5,10.524999999999988,0.796835147165802
95,1294,8,4,40.0,with_chunking,LMM-1,10.25,10.287499999999989,0.6347578654018657
95,1294,8,4,40.0,with_chunking,LMM-2,10.25,10.287499999999989,0.6347578654018657
95,1294,8,6,60.0,without_chunking,LMM-1,10.5,10.524999999999977,0.7684564828221743
95,1294,8,6,60.0,without_chunking,LMM-2,10.5,10.524999999999977,0.7684564828221743
95,1294,8,6,60.0,with_chunking,LMM-1,10.25,10.287499999999978,0.5821754217424056
95,1294,8,6,60.0,with_chunking,LMM-2,10.25,10.287499999999978,0.5821754217424056
95,1294,8,8,80.0,without_chunking,LMM-1,10.5,10.52499999999998,0.741022000774577
95,1294,8,8,80.0,without_chunking,LMM-2,10.5,10.52499999999998,0.741022000774577
95,1294,8,8,80.0,with_chunking,LMM-1,10.25,10.28749999999998,0.5338875106959744
95,1294,8,8,80.0,with_chunking,LMM-2,10.25,10.28749999999998,0.5338875106959744
95,1294,10,2,20.0,without_chunking,LMM-1,9.0,9.100000000000005,0.8420628521470567
95,1294,10,2,20.0,without_chunking,LMM-2,9.0,9.100000000000005,0.8420628521470567
95,1294,10,2,20.0,with_chunking,LMM-1,9.5,9.575000000000005,0.705287891919353
95,1294,10,2,20.0,with_chunking,LMM-2,9.5,9.575000000000005,0.705287891919353
95,1294,10,4,40.0,without_chunking,LMM-1,9.0,9.09999999999999,0.8047216590826152
95,1294,10,4,40.0,without_chunking,LMM-2,9.0,9.09999999999999,0.8047216590826152
95,1294,10,4,40.0,with_chunking,LMM-1,9.5,9.57499999999999,0.6410546629514282
95,1294,10,4,40.0,with_chunking,LMM-2,9.5,9.57499999999999,0.6410546629514282
95,1294,10,6,60.0,without_chunking,LMM-1,9.0,9.09999999999998,0.7689118922144609
95,1294,10,6,60.0,without_chunking,LMM-2,9.0,9.09999999999998,0.7689118922144609
95,1294,10,6,60.0,with_chunking,LMM-1,9.5,9.57499999999998,0.5825818719412035
95,1294,10,6,60.0,with_chunking,LMM-2,9.5,9.57499999999998,0.5825818719412035
95,1294,10,8,80.0,without_chunking,LMM-1,9.0,9.099999999999984,0.7346111583934765
95,1294,10,8,80.0,without_chunking,LMM-2,9.0,9.099999999999984,0.7346111583934765
95,1294,10,8,80.0,with_chunking,LMM-1,9.5,9.574999999999982,0.5293871526587137
95,1294,10,8,80.0,with_chunking,LMM-2,9.5,9.574999999999982,0.5293871526587137
96,1295,4,2,20.0,without_chunking,LMM-1,12.0,11.95000000000001,0.7700357785179379
96,1295,4,2,20.0,without_chunking,LMM-2,12.0,11.95000000000001,0.7700357785179379
96,1295,4,2,20.0,with_chunking,LMM-1,12.0,11.95000000000001,0.7700357785179379
96,1295,4,2,20.0,with_chunking,LMM-2,12.0,11.95000000000001,0.7700357785179379
96,1295,4,4,40.0,without_chunking,LMM-1,12.0,11.949999999999989,0.7233632087498169
96,1295,4,4,40.0,without_chunking,LMM-2,12.0,11.949999999999989,0.7233632087498169
96,1295,4,4,40.0,with_chunking,LMM-1,12.0,11.949999999999989,0.7233632087498169
96,1295,4,4,40.0,with_chunking,LMM-2,12.0,11.949999999999989,0.7233632087498169
96,1295,4,6,60.0,without_chunking,LMM-1,12.0,11.949999999999974,0.6793890191901213
96,1295,4,6,60.0,without_chunking,LMM-2,12.0,11.949999999999974,0.6793890191901213
96,1295,4,6,60.0,with_chunking,LMM-1,12.0,11.949999999999974,0.6793890191901213
96,1295,4,6,60.0,with_chunking,LMM-2,12.0,11.949999999999974,0.6793890191901213
96,1295,4,8,80.0,without_chunking,LMM-1,12.0,11.94999999999998,0.6379903570179634
96,1295,4,8,80.0,without_chunking,LMM-2,12.0,11.94999999999998,0.6379903570179634
96,1295,4,8,80.0,with_chunking,LMM-1,12.0,11.94999999999998,0.6379903570179634
96,1295,4,8,80.0,with_chunking,LMM-2,12.0,11.94999999999998,0.6379903570179634
96,1295,6,2,20.0,without_chunking,LMM-1,12.0,11.95000000000001,0.7700357785179379
96,1295,6,2,20.0,without_chunking,LMM-2,12.0,11.95000000000001,0.7700357785179379
96,1295,6,2,20.0,with_chunking,LMM-1,12.0,11.95000000000001,0.7700357785179379
96,1295,6,2,20.0,with_chunking,LMM-2,12.0,11.95000000000001,0.7700357785179379
96,1295,6,4,40.0,without_chunking,LMM-1,12.0,11.949999999999989,0.7233632087498169
96,1295,6,4,40.0,without_chunking,LMM-2,12.0,11.949999999999989,0.7233632087498169
96,1295,6,4,40.0,with_chunking,LMM-1,12.0,11.949999999999989,0.7233632087498169
96,1295,6,4,40.0,with_chunking,LMM-2,12.0,11.949999999999989,0.7233632087498169
96,1295,6,6,60.0,without_chunking,LMM-1,12.0,11.949999999999974,0.6793890191901213
96,1295,6,6,60.0,without_chunking,LMM-2,12.0,11.949999999999974,0.6793890191901213
96,1295,6,6,60.0,with_chunking,LMM-1,12.0,11.949999999999974,0.6793890191901213
96,1295,6,6,60.0,with_chunking,LMM-2,12.0,11.949999999999974,0.6793890191901213
96,1295,6,8,80.0,without_chunking,LMM-1,12.0,11.94999999999998,0.6379903570179634
96,1295,6,8,80.0,without_chunking,LMM-2,12.0,11.94999999999998,0.6379903570179634
96,1295,6,8,80.0,with_chunking,LMM-1,12.0,11.94999999999998,0.6379903570179634
96,1295,6,8,80.0,with_chunking,LMM-2,12.0,11.94999999999998,0.6379903570179634
96,1295,8,2,20.0,without_chunking,LMM-1,12.0,11.95000000000001,0.7700357785179379
96,1295,8,2,20.0,without_chunking,LMM-2,12.0,11.95000000000001,0.7700357785179379
96,1295,8,2,20.0,with_chunking,LMM-1,12.0,11.95000000000001,0.7700357785179379
96,1295,8,2,20.0,with_chunking,LMM-2,12.0,11.95000000000001,0.7700357785179379
96,1295,8,4,40.0,without_chunking,LMM-1,12.0,11.949999999999989,0.7233632087498169
96,1295,8,4,40.0,without_chunking,LMM-2,12.0,11.949999999999989,0.7233632087498169
96,1295,8,4,40.0,with_chunking,LMM-1,12.0,11.949999999999989,0.7233632087498169
96,1295,8,4,40.0,with_chunking,LMM-2,12.0,11.949999999999989,0.7233632087498169
96,1295,8,6,60.0,without_chunking,LMM-1,12.0,11.949999999999974,0.6793890191901213
96,1295,8,6,60.0,without_chunking,LMM-2,12.0,11.949999999999974,0.6793890191901213
96,1295,8,6,60.0,with_chunking,LMM-1,12.0,11.949999999999974,0.6793890191901213
96,1295,8,6,60.0,with_chunking,LMM-2,12.0,11.949999999999974,0.6793890191901213
96,1295,8,8,80.0,without_chunking,LMM-1,12.0,11.94999999999998,0.6379903570179634
96,1295,8,8,80.0,without_chunking,LMM-2,12.0,11.94999999999998,0.6379903570179634
96,1295,8,8,80.0,with_chunking,LMM-1,12.0,11.94999999999998,0.6379903570179634
96,1295,8,8,80.0,with_chunking,LMM-2,12.0,11.94999999999998,0.6379903570179634
96,1295,10,2,20.0,without_chunking,LMM-1,9.0,9.100000000000005,0.8269147037180795
96,1295,10,2,20.0,without_chunking,LMM-2,9.0,9.100000000000005,0.8269147037180795
96,1295,10,2,20.0,with_chunking,LMM-1,9.0,9.100000000000005,0.8269147037180795
96,1295,10,2,20.0,with_chunking,LMM-2,9.0,9.100000000000005,0.8269147037180795
96,1295,10,4,40.0,without_chunking,LMM-1,9.0,9.09999999999999,0.7898988558911517
96,1295,10,4,40.0,without_chunking,LMM-2,9.0,9.09999999999999,0.7898988558911517
96,1295,10,4,40.0,with_chunking,LMM-1,9.0,9.09999999999999,0.7898988558911517
96,1295,10,4,40.0,with_chunking,LMM-2,9.0,9.09999999999999,0.7898988558911517
96,1295,10,6,60.0,without_chunking,LMM-1,9.0,9.09999999999998,0.7544156391779074
96,1295,10,6,60.0,without_chunking,LMM-2,9.0,9.09999999999998,0.7544156391779074
96,1295,10,6,60.0,with_chunking,LMM-1,9.0,9.09999999999998,0.7544156391779074
96,1295,10,6,60.0,with_chunking,LMM-2,9.0,9.09999999999998,0.7544156391779074
96,1295,10,8,80.0,without_chunking,LMM-1,9.0,9.099999999999984,0.7204408887204113
96,1295,10,8,80.0,without_chunking,LMM-2,9.0,9.099999999999984,0.7204408887204113
96,1295,10,8,80.0,with_chunking,LMM-1,9.0,9.099999999999984,0.7204408887204113
96,1295,10,8,80.0,with_chunking,LMM-2,9.0,9.099999999999984,0.7204408887204113
97,1296,4,2,20.0,without_chunking,LMM-1,12.5,12.425000000000008,0.7499766082528752
97,1296,4,2,20.0,without_chunking,LMM-2,12.5,12.425000000000008,0.7499766082528752
97,1296,4,2,20.0,with_chunking,LMM-1,12.25,12.187500000000009,0.5621305598583185
97,1296,4,2,20.0,with_chunking,LMM-2,12.25,12.187500000000009,0.5621305598583185
97,1296,4,4,40.0,without_chunking,LMM-1,12.5,12.424999999999988,0.708787409196144
97,1296,4,4,40.0,without_chunking,LMM-2,12.5,12.424999999999988,0.708787409196144
97,1296,4,4,40.0,with_chunking,LMM-1,12.25,12.18749999999999,0.4984741563179802
97,1296,4,4,40.0,with_chunking,LMM-2,12.25,12.18749999999999,0.4984741563179802
97,1296,4,6,60.0,without_chunking,LMM-1,12.5,12.424999999999974,0.6697564580985229
97,1296,4,6,60.0,without_chunking,LMM-2,12.5,12.424999999999974,0.6697564580985229
97,1296,4,6,60.0,with_chunking,LMM-1,12.25,12.187499999999973,0.44199228014557473
97,1296,4,6,60.0,with_chunking,LMM-2,12.25,12.187499999999973,0.44199228014557473
97,1296,4,8,80.0,without_chunking,LMM-1,12.5,12.42499999999998,0.6327770003204795
97,1296,4,8,80.0,without_chunking,LMM-2,12.5,12.42499999999998,0.6327770003204795
97,1296,4,8,80.0,with_chunking,LMM-1,12.25,12.187499999999979,0.39218784371030846
97,1296,4,8,80.0,with_chunking,LMM-2,12.25,12.187499999999979,0.39218784371030846
97,1296,6,2,20.0,without_chunking,LMM-1,11.0,11.000000000000007,0.7841333105429575
97,1296,6,2,20.0,without_chunking,LMM-2,11.0,11.000000000000007,0.7841333105429575
97,1296,6,2,20.0,with_chunking,LMM-1,11.0,11.000000000000007,0.609885439708945
97,1296,6,2,20.0,with_chunking,LMM-2,11.0,11.000000000000007,0.609885439708945
97,1296,6,4,40.0,without_chunking,LMM-1,11.0,10.99999999999999,0.7401646306176288
97,1296,6,4,40.0,without_chunking,LMM-2,11.0,10.99999999999999,0.7401646306176288
97,1296,6,4,40.0,with_chunking,LMM-1,11.0,10.99999999999999,0.5435996938552169
97,1296,6,4,40.0,with_chunking,LMM-2,11.0,10.99999999999999,0.5435996938552169
97,1296,6,6,60.0,without_chunking,LMM-1,11.0,10.999999999999977,0.6985280565383879
97,1296,6,6,60.0,without_chunking,LMM-2,11.0,10.999999999999977,0.6985280565383879
97,1296,6,6,60.0,with_chunking,LMM-1,11.0,10.999999999999977,0.4844588958180289
97,1296,6,6,60.0,with_chunking,LMM-2,11.0,10.999999999999977,0.4844588958180289
97,1296,6,8,80.0,without_chunking,LMM-1,11.0,10.99999999999998,0.659326495146924
97,1296,6,8,80.0,without_chunking,LMM-2,11.0,10.99999999999998,0.659326495146924
97,1296,6,8,80.0,with_chunking,LMM-1,11.0,10.99999999999998,0.43189969806301864
97,1296,6,8,80.0,with_chunking,LMM-2,11.0,10.99999999999998,0.43189969806301864
97,1296,8,2,20.0,without_chunking,LMM-1,10.0,10.050000000000006,0.8047952709310027
97,1296,8,2,20.0,without_chunking,LMM-2,10.0,10.050000000000006,0.8047952709310027
97,1296,8,2,20.0,with_chunking,LMM-1,9.5,9.575000000000005,0.6632470685671795
97,1296,8,2,20.0,with_chunking,LMM-2,9.5,9.575000000000005,0.6632470685671795
97,1296,8,4,40.0,without_chunking,LMM-1,10.0,10.04999999999999,0.7642558395492461
97,1296,8,4,40.0,without_chunking,LMM-2,10.0,10.04999999999999,0.7642558395492461
97,1296,8,4,40.0,with_chunking,LMM-1,9.5,9.57499999999999,0.601573978579679
97,1296,8,4,40.0,with_chunking,LMM-2,9.5,9.57499999999999,0.601573978579679
97,1296,8,6,60.0,without_chunking,LMM-1,10.0,10.049999999999978,0.7256292291240305
97,1296,8,6,60.0,without_chunking,LMM-2,10.0,10.049999999999978,0.7256292291240305
97,1296,8,6,60.0,with_chunking,LMM-1,9.5,9.57499999999998,0.5455478788536932
97,1296,8,6,60.0,with_chunking,LMM-2,9.5,9.57499999999998,0.5455478788536932
97,1296,8,8,80.0,without_chunking,LMM-1,10.0,10.049999999999981,0.688833791852258
97,1296,8,8,80.0,without_chunking,LMM-2,10.0,10.049999999999981,0.688833791852258
97,1296,8,8,80.0,with_chunking,LMM-1,9.5,9.574999999999982,0.49501977524140306
97,1296,8,8,80.0,with_chunking,LMM-2,9.5,9.574999999999982,0.49501977524140306
97,1296,10,2,20.0,without_chunking,LMM-1,9.0,9.100000000000005,0.8325506582075334
97,1296,10,2,20.0,without_chunking,LMM-2,9.0,9.100000000000005,0.8325506582075334
97,1296,10,2,20.0,with_chunking,LMM-1,9.5,9.575000000000005,0.6700875086165596
97,1296,10,2,20.0,with_chunking,LMM-2,9.5,9.575000000000005,0.6700875086165596
97,1296,10,4,40.0,without_chunking,LMM-1,9.0,9.09999999999999,0.7955311231208678
97,1296,10,4,40.0,without_chunking,LMM-2,9.0,9.09999999999999,0.7955311231208678
97,1296,10,4,40.0,with_chunking,LMM-1,9.5,9.57499999999999,0.6081998264983645
97,1296,10,4,40.0,with_chunking,LMM-2,9.5,9.57499999999999,0.6081998264983645
97,1296,10,6,60.0,without_chunking,LMM-1,9.0,9.09999999999998,0.7600341773970212
97,1296,10,6,60.0,without_chunking,LMM-2,9.0,9.09999999999998,0.7600341773970212
97,1296,10,6,60.0,with_chunking,LMM-1,9.5,9.57499999999998,0.5519409260611625
97,1296,10,6,60.0,with_chunking,LMM-2,9.5,9.57499999999998,0.5519409260611625
97,1296,10,8,80.0,without_chunking,LMM-1,9.0,9.099999999999984,0.7260029741836245
97,1296,10,8,80.0,without_chunking,LMM-2,9.0,9.099999999999984,0.7260029741836245
97,1296,10,8,80.0,with_chunking,LMM-1,9.5,9.574999999999982,0.5008106983040712
97,1296,10,8,80.0,with_chunking,LMM-2,9.5,9.574999999999982,0.5008106983040712
98,1297,4,2,20.0,without_chunking,LMM-1,14.0,13.850000000000012,0.7516949026755164
98,1297,4,2,20.0,without_chunking,LMM-2,14.0,13.850000000000012,0.7516949026755164
98,1297,4,2,20.0,with_chunking,LMM-1,14.0,13.850000000000012,0.7516949026755164
98,1297,4,2,20.0,with_chunking,LMM-2,14.0,13.850000000000012,0.7516949026755164
98,1297,4,4,40.0,without_chunking,LMM-1,14.0,13.849999999999985,0.6992808170671452
98,1297,4,4,40.0,without_chunking,LMM-2,14.0,13.849999999999985,0.6992808170671452
98,1297,4,4,40.0,with_chunking,LMM-1,14.0,13.849999999999985,0.6992808170671452
98,1297,4,4,40.0,with_chunking,LMM-2,14.0,13.849999999999985,0.6992808170671452
98,1297,4,6,60.0,without_chunking,LMM-1,14.0,13.849999999999968,0.6503976132770056
98,1297,4,6,60.0,without_chunking,LMM-2,14.0,13.849999999999968,0.6503976132770056
98,1297,4,6,60.0,with_chunking,LMM-1,14.0,13.849999999999968,0.6503976132770056
98,1297,4,6,60.0,with_chunking,LMM-2,14.0,13.849999999999968,0.6503976132770056
98,1297,4,8,80.0,without_chunking,LMM-1,14.0,13.849999999999977,0.6048175139038803
98,1297,4,8,80.0,without_chunking,LMM-2,14.0,13.849999999999977,0.6048175139038803
98,1297,4,8,80.0,with_chunking,LMM-1,14.0,13.849999999999977,0.6048175139038803
98,1297,4,8,80.0,with_chunking,LMM-2,14.0,13.849999999999977,0.6048175139038803
98,1297,6,2,20.0,without_chunking,LMM-1,13.5,13.37500000000001,0.7641679171866529
98,1297,6,2,20.0,without_chunking,LMM-2,13.5,13.37500000000001,0.7641679171866529
98,1297,6,2,20.0,with_chunking,LMM-1,13.5,13.37500000000001,0.7641679171866529
98,1297,6,2,20.0,with_chunking,LMM-2,13.5,13.37500000000001,0.7641679171866529
98,1297,6,4,40.0,without_chunking,LMM-1,13.5,13.374999999999986,0.7215867003055718
98,1297,6,4,40.0,without_chunking,LMM-2,13.5,13.374999999999986,0.7215867003055718
98,1297,6,4,40.0,with_chunking,LMM-1,13.5,13.374999999999986,0.7215867003055718
98,1297,6,4,40.0,with_chunking,LMM-2,13.5,13.374999999999986,0.7215867003055718
98,1297,6,6,60.0,without_chunking,LMM-1,13.5,13.37499999999997,0.6812815180462367
98,1297,6,6,60.0,without_chunking,LMM-2,13.5,13.37499999999997,0.6812815180462367
98,1297,6,6,60.0,with_chunking,LMM-1,13.5,13.37499999999997,0.6812815180462367
98,1297,6,6,60.0,with_chunking,LMM-2,13.5,13.37499999999997,0.6812815180462367
98,1297,6,8,80.0,without_chunking,LMM-1,13.5,13.374999999999977,0.6431367813326238
98,1297,6,8,80.0,without_chunking,LMM-2,13.5,13.374999999999977,0.6431367813326238
98,1297,6,8,80.0,with_chunking,LMM-1,13.5,13.374999999999977,0.6431367813326238
98,1297,6,8,80.0,with_chunking,LMM-2,13.5,13.374999999999977,0.6431367813326238
98,1297,8,2,20.0,without_chunking,LMM-1,12.0,11.95000000000001,0.7803660802161214
98,1297,8,2,20.0,without_chunking,LMM-2,12.0,11.95000000000001,0.7803660802161214
98,1297,8,2,20.0,with_chunking,LMM-1,12.0,11.95000000000001,0.7803660802161214
98,1297,8,2,20.0,with_chunking,LMM-2,12.0,11.95000000000001,0.7803660802161214
98,1297,8,4,40.0,without_chunking,LMM-1,12.0,11.949999999999989,0.7335874211112803
98,1297,8,4,40.0,without_chunking,LMM-2,12.0,11.949999999999989,0.7335874211112803
98,1297,8,4,40.0,with_chunking,LMM-1,12.0,11.949999999999989,0.7335874211112803
98,1297,8,4,40.0,with_chunking,LMM-2,12.0,11.949999999999989,0.7335874211112803
98,1297,8,6,60.0,without_chunking,LMM-1,12.0,11.949999999999974,0.6894827803708848
98,1297,8,6,60.0,without_chunking,LMM-2,12.0,11.949999999999974,0.6894827803708848
98,1297,8,6,60.0,with_chunking,LMM-1,12.0,11.949999999999974,0.6894827803708848
98,1297,8,6,60.0,with_chunking,LMM-2,12.0,11.949999999999974,0.6894827803708848
98,1297,8,8,80.0,without_chunking,LMM-1,12.0,11.94999999999998,0.6479774488167585
98,1297,8,8,80.0,without_chunking,LMM-2,12.0,11.94999999999998,0.6479774488167585
98,1297,8,8,80.0,with_chunking,LMM-1,12.0,11.94999999999998,0.6479774488167585
98,1297,8,8,80.0,with_chunking,LMM-2,12.0,11.94999999999998,0.6479774488167585
98,1297,10,2,20.0,without_chunking,LMM-1,11.0,11.000000000000007,0.8002761043861486
98,1297,10,2,20.0,without_chunking,LMM-2,11.0,11.000000000000007,0.8002761043861486
98,1297,10,2,20.0,with_chunking,LMM-1,11.0,11.000000000000007,0.8002761043861486
98,1297,10,2,20.0,with_chunking,LMM-2,11.0,11.000000000000007,0.8002761043861486
98,1297,10,4,40.0,without_chunking,LMM-1,11.0,10.99999999999999,0.7565829065331962
98,1297,10,4,40.0,without_chunking,LMM-2,11.0,10.99999999999999,0.7565829065331962
98,1297,10,4,40.0,with_chunking,LMM-1,11.0,10.99999999999999,0.7565829065331962
98,1297,10,4,40.0,with_chunking,LMM-2,11.0,10.99999999999999,0.7565829065331962
98,1297,10,6,60.0,without_chunking,LMM-1,11.0,10.999999999999977,0.7151457697530024
98,1297,10,6,60.0,without_chunking,LMM-2,11.0,10.999999999999977,0.7151457697530024
98,1297,10,6,60.0,with_chunking,LMM-1,11.0,10.999999999999977,0.7151457697530024
98,1297,10,6,60.0,with_chunking,LMM-2,11.0,10.999999999999977,0.7151457697530024
98,1297,10,8,80.0,without_chunking,LMM-1,11.0,10.99999999999998,0.6759639416235406
98,1297,10,8,80.0,without_chunking,LMM-2,11.0,10.99999999999998,0.6759639416235406
98,1297,10,8,80.0,with_chunking,LMM-1,11.0,10.99999999999998,0.6759639416235406
98,1297,10,8,80.0,with_chunking,LMM-2,11.0,10.99999999999998,0.6759639416235406
99,1298,4,2,20.0,without_chunking,LMM-1,18.0,17.650000000000013,0.6482959797013385
99,1298,4,2,20.0,without_chunking,LMM-2,18.0,17.650000000000013,0.6482959797013385
99,1298,4,2,20.0,with_chunking,LMM-1,18.0,17.650000000000013,0.6482959797013385
99,1298,4,2,20.0,with_chunking,LMM-2,18.0,17.650000000000013,0.6482959797013385
99,1298,4,4,40.0,without_chunking,LMM-1,18.0,17.649999999999974,0.5878584699345497
99,1298,4,4,40.0,without_chunking,LMM-2,18.0,17.649999999999974,0.5878584699345497
99,1298,4,4,40.0,with_chunking,LMM-1,18.0,17.649999999999974,0.5878584699345497
99,1298,4,4,40.0,with_chunking,LMM-2,18.0,17.649999999999974,0.5878584699345497
99,1298,4,6,60.0,without_chunking,LMM-1,18.0,17.649999999999956,0.5329548936486432
99,1298,4,6,60.0,without_chunking,LMM-2,18.0,17.649999999999956,0.5329548936486432
99,1298,4,6,60.0,with_chunking,LMM-1,18.0,17.649999999999956,0.5329548936486432
99,1298,4,6,60.0,with_chunking,LMM-2,18.0,17.649999999999956,0.5329548936486432
99,1298,4,8,80.0,without_chunking,LMM-1,18.0,17.64999999999997,0.48309064529247314
99,1298,4,8,80.0,without_chunking,LMM-2,18.0,17.64999999999997,0.48309064529247314
99,1298,4,8,80.0,with_chunking,LMM-1,18.0,17.64999999999997,0.48309064529247314
99,1298,4,8,80.0,with_chunking,LMM-2,18.0,17.64999999999997,0.48309064529247314
99,1298,6,2,20.0,without_chunking,LMM-1,13.0,12.90000000000001,0.7320956592857972
99,1298,6,2,20.0,without_chunking,LMM-2,13.0,12.90000000000001,0.7320956592857972
99,1298,6,2,20.0,with_chunking,LMM-1,13.0,12.90000000000001,0.7320956592857972
99,1298,6,2,20.0,with_chunking,LMM-2,13.0,12.90000000000001,0.7320956592857972
99,1298,6,4,40.0,without_chunking,LMM-1,13.0,12.899999999999986,0.6828670159411379
99,1298,6,4,40.0,without_chunking,LMM-2,13.0,12.899999999999986,0.6828670159411379
99,1298,6,4,40.0,with_chunking,LMM-1,13.0,12.899999999999986,0.6828670159411379
99,1298,6,4,40.0,with_chunking,LMM-2,13.0,12.899999999999986,0.6828670159411379
99,1298,6,6,60.0,without_chunking,LMM-1,13.0,12.899999999999972,0.6368166418957877
99,1298,6,6,60.0,without_chunking,LMM-2,13.0,12.899999999999972,0.6368166418957877
99,1298,6,6,60.0,with_chunking,LMM-1,13.0,12.899999999999972,0.6368166418957877
99,1298,6,6,60.0,with_chunking,LMM-2,13.0,12.899999999999972,0.6368166418957877
99,1298,6,8,80.0,without_chunking,LMM-1,13.0,12.899999999999977,0.5944208920875929
99,1298,6,8,80.0,without_chunking,LMM-2,13.0,12.899999999999977,0.5944208920875929
99,1298,6,8,80.0,with_chunking,LMM-1,13.0,12.899999999999977,0.5944208920875929
99,1298,6,8,80.0,with_chunking,LMM-2,13.0,12.899999999999977,0.5944208920875929
99,1298,8,2,20.0,without_chunking,LMM-1,10.0,10.050000000000006,0.7983032487479194
99,1298,8,2,20.0,without_chunking,LMM-2,10.0,10.050000000000006,0.7983032487479194
99,1298,8,2,20.0,with_chunking,LMM-1,10.0,10.050000000000006,0.7983032487479194
99,1298,8,2,20.0,with_chunking,LMM-2,10.0,10.050000000000006,0.7983032487479194
99,1298,8,4,40.0,without_chunking,LMM-1,10.0,10.04999999999999,0.7575467985891817
99,1298,8,4,40.0,without_chunking,LMM-2,10.0,10.04999999999999,0.7575467985891817
99,1298,8,4,40.0,with_chunking,LMM-1,10.0,10.04999999999999,0.7575467985891817
99,1298,8,4,40.0,with_chunking,LMM-2,10.0,10.04999999999999,0.7575467985891817
99,1298,8,6,60.0,without_chunking,LMM-1,10.0,10.049999999999978,0.7187379497663298
99,1298,8,6,60.0,without_chunking,LMM-2,10.0,10.049999999999978,0.7187379497663298
99,1298,8,6,60.0,with_chunking,LMM-1,10.0,10.049999999999978,0.7187379497663298
99,1298,8,6,60.0,with_chunking,LMM-2,10.0,10.049999999999978,0.7187379497663298
99,1298,8,8,80.0,without_chunking,LMM-1,10.0,10.049999999999981,0.682125078796284
99,1298,8,8,80.0,without_chunking,LMM-2,10.0,10.049999999999981,0.682125078796284
99,1298,8,8,80.0,with_chunking,LMM-1,10.0,10.049999999999981,0.682125078796284
99,1298,8,8,80.0,with_chunking,LMM-2,10.0,10.049999999999981,0.682125078796284
99,1298,10,2,20.0,without_chunking,LMM-1,9.0,9.100000000000005,0.8240720059224751
99,1298,10,2,20.0,without_chunking,LMM-2,9.0,9.100000000000005,0.8240720059224751
99,1298,10,2,20.0,with_chunking,LMM-1,9.0,9.100000000000005,0.8240720059224751
99,1298,10,2,20.0,with_chunking,LMM-2,9.0,9.100000000000005,0.8240720059224751
99,1298,10,4,40.0,without_chunking,LMM-1,9.0,9.09999999999999,0.7869924427370173
99,1298,10,4,40.0,without_chunking,LMM-2,9.0,9.09999999999999,0.7869924427370173
99,1298,10,4,40.0,with_chunking,LMM-1,9.0,9.09999999999999,0.7869924427370173
99,1298,10,4,40.0,with_chunking,LMM-2,9.0,9.09999999999999,0.7869924427370173
99,1298,10,6,60.0,without_chunking,LMM-1,9.0,9.09999999999998,0.7514558282660737
99,1298,10,6,60.0,without_chunking,LMM-2,9.0,9.09999999999998,0.7514558282660737
99,1298,10,6,60.0,with_chunking,LMM-1,9.0,9.09999999999998,0.7514558282660737
99,1298,10,6,60.0,with_chunking,LMM-2,9.0,9.09999999999998,0.7514558282660737
99,1298,10,8,80.0,without_chunking,LMM-1,9.0,9.099999999999984,0.7174384124333981
99,1298,10,8,80.0,without_chunking,LMM-2,9.0,9.099999999999984,0.7174384124333981
99,1298,10,8,80.0,with_chunking,LMM-1,9.0,9.099999999999984,0.7174384124333981
99,1298,10,8,80.0,with_chunking,LMM-2,9.0,9.099999999999984,0.7174384124333981
100,1299,4,2,20.0,without_chunking,LMM-1,11.0,11.000000000000007,0.7728083725100211
100,1299,4,2,20.0,without_chunking,LMM-2,11.0,11.000000000000007,0.7728083725100211
100,1299,4,2,20.0,with_chunking,LMM-1,11.0,11.000000000000007,0.7728083725100211
100,1299,4,2,20.0,with_chunking,LMM-2,11.0,11.000000000000007,0.7728083725100211
100,1299,4,4,40.0,without_chunking,LMM-1,11.0,10.99999999999999,0.7291799124947426
100,1299,4,4,40.0,without_chunking,LMM-2,11.0,10.99999999999999,0.7291799124947426
100,1299,4,4,40.0,with_chunking,LMM-1,11.0,10.99999999999999,0.7291799124947426
100,1299,4,4,40.0,with_chunking,LMM-2,11.0,10.99999999999999,0.7291799124947426
100,1299,4,6,60.0,without_chunking,LMM-1,11.0,10.999999999999977,0.6878811166950639
100,1299,4,6,60.0,without_chunking,LMM-2,11.0,10.999999999999977,0.6878811166950639
100,1299,4,6,60.0,with_chunking,LMM-1,11.0,10.999999999999977,0.6878811166950639
100,1299,4,6,60.0,with_chunking,LMM-2,11.0,10.999999999999977,0.6878811166950639
100,1299,4,8,80.0,without_chunking,LMM-1,11.0,10.99999999999998,0.6489281729314101
100,1299,4,8,80.0,without_chunking,LMM-2,11.0,10.99999999999998,0.6489281729314101
100,1299,4,8,80.0,with_chunking,LMM-1,11.0,10.99999999999998,0.6489281729314101
100,1299,4,8,80.0,with_chunking,LMM-2,11.0,10.99999999999998,0.6489281729314101
100,1299,6,2,20.0,without_chunking,LMM-1,11.0,11.000000000000007,0.7828853579141982
100,1299,6,2,20.0,without_chunking,LMM-2,11.0,11.000000000000007,0.7828853579141982
100,1299,6,2,20.0,with_chunking,LMM-1,11.0,11.000000000000007,0.608579118984131
100,1299,6,2,20.0,with_chunking,LMM-2,11.0,11.000000000000007,0.608579118984131
100,1299,6,4,40.0,without_chunking,LMM-1,11.0,10.99999999999999,0.7391901350980893
100,1299,6,4,40.0,without_chunking,LMM-2,11.0,10.99999999999999,0.7391901350980893
100,1299,6,4,40.0,with_chunking,LMM-1,11.0,10.99999999999999,0.5425532003531732
100,1299,6,4,40.0,with_chunking,LMM-2,11.0,10.99999999999999,0.5425532003531732
100,1299,6,6,60.0,without_chunking,LMM-1,11.0,10.999999999999977,0.697801382338213
100,1299,6,6,60.0,without_chunking,LMM-2,11.0,10.999999999999977,0.697801382338213
100,1299,6,6,60.0,with_chunking,LMM-1,11.0,10.999999999999977,0.48363149495967483
100,1299,6,6,60.0,with_chunking,LMM-2,11.0,10.999999999999977,0.48363149495967483
100,1299,6,8,80.0,without_chunking,LMM-1,11.0,10.99999999999998,0.6586761158336014
100,1299,6,8,80.0,without_chunking,LMM-2,11.0,10.99999999999998,0.6586761158336014
100,1299,6,8,80.0,with_chunking,LMM-1,11.0,10.99999999999998,0.43112428842789
100,1299,6,8,80.0,with_chunking,LMM-2,11.0,10.99999999999998,0.43112428842789
100,1299,8,2,20.0,without_chunking,LMM-1,10.0,10.050000000000006,0.8064190040769269
100,1299,8,2,20.0,without_chunking,LMM-2,10.0,10.050000000000006,0.8064190040769269
100,1299,8,2,20.0,with_chunking,LMM-1,10.0,10.050000000000006,0.640676843830206
100,1299,8,2,20.0,with_chunking,LMM-2,10.0,10.050000000000006,0.640676843830206
100,1299,8,4,40.0,without_chunking,LMM-1,10.0,10.04999999999999,0.7660942296916242
100,1299,8,4,40.0,without_chunking,LMM-2,10.0,10.04999999999999,0.7660942296916242
100,1299,8,4,40.0,with_chunking,LMM-1,10.0,10.04999999999999,0.5776636185007317
100,1299,8,4,40.0,with_chunking,LMM-2,10.0,10.04999999999999,0.5776636185007317
100,1299,8,6,60.0,without_chunking,LMM-1,10.0,10.049999999999978,0.7276575419804413
100,1299,8,6,60.0,without_chunking,LMM-2,10.0,10.049999999999978,0.7276575419804413
100,1299,8,6,60.0,with_chunking,LMM-1,10.0,10.049999999999978,0.5207687093271529
100,1299,8,6,60.0,with_chunking,LMM-2,10.0,10.049999999999978,0.5207687093271529
100,1299,8,8,80.0,without_chunking,LMM-1,10.0,10.049999999999981,0.6910852978737638
100,1299,8,8,80.0,without_chunking,LMM-2,10.0,10.049999999999981,0.6910852978737638
100,1299,8,8,80.0,with_chunking,LMM-1,10.0,10.049999999999981,0.4695925240419564
100,1299,8,8,80.0,with_chunking,LMM-2,10.0,10.049999999999981,0.4695925240419564
100,1299,10,2,20.0,without_chunking,LMM-1,10.0,10.050000000000006,0.8064190040769269
100,1299,10,2,20.0,without_chunking,LMM-2,9.0,9.100000000000005,0.836454363577003
100,1299,10,2,20.0,with_chunking,LMM-1,9.25,9.337500000000006,0.6821539624748725
100,1299,10,2,20.0,with_chunking,LMM-2,9.125,9.218750000000005,0.6894974930817717
100,1299,10,4,40.0,without_chunking,LMM-1,10.0,10.04999999999999,0.7660942296916242
100,1299,10,4,40.0,without_chunking,LMM-2,9.0,9.09999999999999,0.8072966179350082
100,1299,10,4,40.0,with_chunking,LMM-1,9.25,9.33749999999999,0.6297949130780411
100,1299,10,4,40.0,with_chunking,LMM-2,8.9375,9.04062499999999,0.6629759201334311
100,1299,10,6,60.0,without_chunking,LMM-1,10.0,10.049999999999978,0.7276575419804413
100,1299,10,6,60.0,without_chunking,LMM-2,9.0,9.09999999999998,0.7790845637642507
100,1299,10,6,60.0,with_chunking,LMM-1,9.25,9.337499999999979,0.5813737070724876
100,1299,10,6,60.0,with_chunking,LMM-2,9.916666666666668,9.970833333333312,0.6081087949380275
100,1299,10,8,80.0,without_chunking,LMM-1,10.0,10.049999999999981,0.6910852978737638
100,1299,10,8,80.0,without_chunking,LMM-2,9.0,9.099999999999984,0.7517900921394547
100,1299,10,8,80.0,with_chunking,LMM-1,9.25,9.337499999999983,0.5366448457171229
100,1299,10,8,80.0,with_chunking,LMM-2,10.25,10.287499999999982,0.5635250975305535
