iteration,seed,num_publishers,num_users,arrival_window_used,chunking_mode,lmm,avg_hops,avg_delay,avg_success_rate
1,1200,4,2,20.0,without_chunking,LMM-1,18.0,17.650000000000013,0.6610500485480977
1,1200,4,2,20.0,without_chunking,LMM-2,18.0,17.650000000000013,0.6610500485480977
1,1200,4,4,40.0,without_chunking,LMM-1,18.0,17.649999999999974,0.601474429224288
1,1200,4,4,40.0,without_chunking,LMM-2,18.0,17.649999999999974,0.601474429224288
1,1200,4,6,60.0,without_chunking,LMM-1,18.0,17.64999999999996,0.5471737055727904
1,1200,4,6,60.0,without_chunking,LMM-2,18.0,17.64999999999996,0.5471737055727904
1,1200,4,8,80.0,without_chunking,LMM-1,18.0,17.64999999999997,0.4976917814728506
1,1200,4,8,80.0,without_chunking,LMM-2,18.0,17.64999999999997,0.4976917814728506
1,1200,6,2,20.0,without_chunking,LMM-1,14.0,13.850000000000012,0.7300104255572843
1,1200,6,2,20.0,without_chunking,LMM-2,14.0,13.850000000000012,0.7300104255572843
1,1200,6,4,40.0,without_chunking,LMM-1,14.0,13.849999999999985,0.6777535148051896
1,1200,6,4,40.0,without_chunking,LMM-2,14.0,13.849999999999985,0.6777535148051896
1,1200,6,6,60.0,without_chunking,LMM-1,14.0,13.849999999999968,0.6291101368198033
1,1200,6,6,60.0,without_chunking,LMM-2,14.0,13.849999999999968,0.6291101368198033
1,1200,6,8,80.0,without_chunking,LMM-1,14.0,13.849999999999977,0.5838410337219806
1,1200,6,8,80.0,without_chunking,LMM-2,14.0,13.849999999999977,0.5838410337219806
1,1200,8,2,20.0,without_chunking,LMM-1,11.0,11.000000000000007,0.783358374619094
1,1200,8,2,20.0,without_chunking,LMM-2,11.0,11.000000000000007,0.783358374619094
1,1200,8,4,40.0,without_chunking,LMM-1,11.0,10.99999999999999,0.739441076198341
1,1200,8,4,40.0,without_chunking,LMM-2,11.0,10.99999999999999,0.739441076198341
1,1200,8,6,60.0,without_chunking,LMM-1,11.0,10.999999999999977,0.6978527447926298
1,1200,8,6,60.0,without_chunking,LMM-2,11.0,10.999999999999977,0.6978527447926298
1,1200,8,8,80.0,without_chunking,LMM-1,11.0,10.99999999999998,0.6585693432291222
1,1200,8,8,80.0,without_chunking,LMM-2,11.0,10.99999999999998,0.6585693432291222
1,1200,10,2,20.0,without_chunking,LMM-1,9.0,9.100000000000005,0.8286599766071574
1,1200,10,2,20.0,without_chunking,LMM-2,9.0,9.100000000000005,0.8286599766071574
1,1200,10,4,40.0,without_chunking,LMM-1,9.0,9.09999999999999,0.7913416547934774
1,1200,10,4,40.0,without_chunking,LMM-2,9.0,9.09999999999999,0.7913416547934774
1,1200,10,6,60.0,without_chunking,LMM-1,9.0,9.09999999999998,0.7555777222942783
1,1200,10,6,60.0,without_chunking,LMM-2,9.0,9.09999999999998,0.7555777222942783
1,1200,10,8,80.0,without_chunking,LMM-1,9.0,9.099999999999984,0.7213775838441694
1,1200,10,8,80.0,without_chunking,LMM-2,9.0,9.099999999999984,0.7213775838441694
2,1201,4,2,20.0,without_chunking,LMM-1,12.0,11.95000000000001,0.759781360490748
2,1201,4,2,20.0,without_chunking,LMM-2,12.0,11.95000000000001,0.759781360490748
2,1201,4,4,40.0,without_chunking,LMM-1,12.0,11.949999999999989,0.7128514060446149
2,1201,4,4,40.0,without_chunking,LMM-2,12.0,11.949999999999989,0.7128514060446149
2,1201,4,6,60.0,without_chunking,LMM-1,12.0,11.949999999999974,0.6686852712325517
2,1201,4,6,60.0,without_chunking,LMM-2,12.0,11.949999999999974,0.6686852712325517
2,1201,4,8,80.0,without_chunking,LMM-1,12.0,11.94999999999998,0.6277934436008703
2,1201,4,8,80.0,without_chunking,LMM-2,12.0,11.94999999999998,0.6277934436008703
2,1201,6,2,20.0,without_chunking,LMM-1,10.0,10.050000000000006,0.8117169887823187
2,1201,6,2,20.0,without_chunking,LMM-2,10.0,10.050000000000006,0.8117169887823187
2,1201,6,4,40.0,without_chunking,LMM-1,10.0,10.04999999999999,0.7709112147902744
2,1201,6,4,40.0,without_chunking,LMM-2,10.0,10.04999999999999,0.7709112147902744
2,1201,6,6,60.0,without_chunking,LMM-1,10.0,10.049999999999978,0.7320259129525815
2,1201,6,6,60.0,without_chunking,LMM-2,10.0,10.049999999999978,0.7320259129525815
2,1201,6,8,80.0,without_chunking,LMM-1,10.0,10.049999999999981,0.6951773847857502
2,1201,6,8,80.0,without_chunking,LMM-2,10.0,10.049999999999981,0.6951773847857502
2,1201,8,2,20.0,without_chunking,LMM-1,10.0,10.050000000000006,0.8117169887823187
2,1201,8,2,20.0,without_chunking,LMM-2,10.0,10.050000000000006,0.8117169887823187
2,1201,8,4,40.0,without_chunking,LMM-1,10.0,10.04999999999999,0.7709112147902744
2,1201,8,4,40.0,without_chunking,LMM-2,10.0,10.04999999999999,0.7709112147902744
2,1201,8,6,60.0,without_chunking,LMM-1,10.0,10.049999999999978,0.7320259129525815
2,1201,8,6,60.0,without_chunking,LMM-2,10.0,10.049999999999978,0.7320259129525815
2,1201,8,8,80.0,without_chunking,LMM-1,10.0,10.049999999999981,0.6951773847857502
2,1201,8,8,80.0,without_chunking,LMM-2,10.0,10.049999999999981,0.6951773847857502
2,1201,10,2,20.0,without_chunking,LMM-1,9.0,9.100000000000005,0.8415179418394014
2,1201,10,2,20.0,without_chunking,LMM-2,9.0,9.100000000000005,0.8415179418394014
2,1201,10,4,40.0,without_chunking,LMM-1,9.0,9.09999999999999,0.8044779462212291
2,1201,10,4,40.0,without_chunking,LMM-2,9.0,9.09999999999999,0.8044779462212291
2,1201,10,6,60.0,without_chunking,LMM-1,9.0,9.09999999999998,0.7689460821428444
2,1201,10,6,60.0,without_chunking,LMM-2,9.0,9.09999999999998,0.7689460821428444
2,1201,10,8,80.0,without_chunking,LMM-1,9.0,9.099999999999984,0.7348666050066949
2,1201,10,8,80.0,without_chunking,LMM-2,9.0,9.099999999999984,0.7348666050066949
3,1202,4,2,20.0,without_chunking,LMM-1,12.0,11.95000000000001,0.7642116024680589
3,1202,4,2,20.0,without_chunking,LMM-2,12.0,11.95000000000001,0.7642116024680589
3,1202,4,4,40.0,without_chunking,LMM-1,12.0,11.949999999999989,0.7169537912198818
3,1202,4,4,40.0,without_chunking,LMM-2,12.0,11.949999999999989,0.7169537912198818
3,1202,4,6,60.0,without_chunking,LMM-1,12.0,11.949999999999974,0.6724824475223636
3,1202,4,6,60.0,without_chunking,LMM-2,12.0,11.949999999999974,0.6724824475223636
3,1202,4,8,80.0,without_chunking,LMM-1,12.0,11.94999999999998,0.630922228450969
3,1202,4,8,80.0,without_chunking,LMM-2,12.0,11.94999999999998,0.630922228450969
3,1202,6,2,20.0,without_chunking,LMM-1,10.0,10.050000000000006,0.8074414063534863
3,1202,6,2,20.0,without_chunking,LMM-2,10.0,10.050000000000006,0.8074414063534863
3,1202,6,4,40.0,without_chunking,LMM-1,10.0,10.04999999999999,0.7670151235843566
3,1202,6,4,40.0,without_chunking,LMM-2,10.0,10.04999999999999,0.7670151235843566
3,1202,6,6,60.0,without_chunking,LMM-1,10.0,10.049999999999978,0.7284839357638957
3,1202,6,6,60.0,without_chunking,LMM-2,10.0,10.049999999999978,0.7284839357638957
3,1202,6,8,80.0,without_chunking,LMM-1,10.0,10.049999999999981,0.691921187737689
3,1202,6,8,80.0,without_chunking,LMM-2,10.0,10.049999999999981,0.691921187737689
3,1202,8,2,20.0,without_chunking,LMM-1,10.0,10.050000000000006,0.8199732990720354
3,1202,8,2,20.0,without_chunking,LMM-2,10.0,10.050000000000006,0.8199732990720354
3,1202,8,4,40.0,without_chunking,LMM-1,10.0,10.04999999999999,0.7877772268730403
3,1202,8,4,40.0,without_chunking,LMM-2,10.0,10.04999999999999,0.7877772268730403
3,1202,8,6,60.0,without_chunking,LMM-1,10.0,10.049999999999978,0.7567566585409338
3,1202,8,6,60.0,without_chunking,LMM-2,10.0,10.049999999999978,0.7567566585409338
3,1202,8,8,80.0,without_chunking,LMM-1,10.0,10.049999999999981,0.726872320777574
3,1202,8,8,80.0,without_chunking,LMM-2,10.0,10.049999999999981,0.726872320777574
3,1202,10,2,20.0,without_chunking,LMM-1,9.0,9.100000000000005,0.8384608834251905
3,1202,10,2,20.0,without_chunking,LMM-2,8.0,8.150000000000004,0.8768131407078033
3,1202,10,4,40.0,without_chunking,LMM-1,9.0,9.09999999999999,0.801546704371449
3,1202,10,4,40.0,without_chunking,LMM-2,8.0,8.149999999999991,0.8425565784712077
3,1202,10,6,60.0,without_chunking,LMM-1,9.0,9.09999999999998,0.7661359552537355
3,1202,10,6,60.0,without_chunking,LMM-2,8.0,8.149999999999983,0.8095184397618022
3,1202,10,8,80.0,without_chunking,LMM-1,9.0,9.099999999999984,0.7321730467038251
3,1202,10,8,80.0,without_chunking,LMM-2,8.0,8.149999999999984,0.7776601961465572
4,1203,4,2,20.0,without_chunking,LMM-1,15.0,14.800000000000011,0.7070898012749737
4,1203,4,2,20.0,without_chunking,LMM-2,15.0,14.800000000000011,0.7070898012749737
4,1203,4,4,40.0,without_chunking,LMM-1,15.0,14.799999999999981,0.652599846840054
4,1203,4,4,40.0,without_chunking,LMM-2,15.0,14.799999999999981,0.652599846840054
4,1203,4,6,60.0,without_chunking,LMM-1,15.0,14.799999999999967,0.6021871549503114
4,1203,4,6,60.0,without_chunking,LMM-2,15.0,14.799999999999967,0.6021871549503114
4,1203,4,8,80.0,without_chunking,LMM-1,15.0,14.799999999999976,0.5555756669255507
4,1203,4,8,80.0,without_chunking,LMM-2,15.0,14.799999999999976,0.5555756669255507
4,1203,6,2,20.0,without_chunking,LMM-1,15.0,14.800000000000011,0.7070898012749737
4,1203,6,2,20.0,without_chunking,LMM-2,15.0,14.800000000000011,0.7070898012749737
4,1203,6,4,40.0,without_chunking,LMM-1,15.0,14.799999999999981,0.652599846840054
4,1203,6,4,40.0,without_chunking,LMM-2,15.0,14.799999999999981,0.652599846840054
4,1203,6,6,60.0,without_chunking,LMM-1,15.0,14.799999999999967,0.6021871549503114
4,1203,6,6,60.0,without_chunking,LMM-2,15.0,14.799999999999967,0.6021871549503114
4,1203,6,8,80.0,without_chunking,LMM-1,15.0,14.799999999999976,0.5555756669255507
4,1203,6,8,80.0,without_chunking,LMM-2,15.0,14.799999999999976,0.5555756669255507
4,1203,8,2,20.0,without_chunking,LMM-1,13.0,12.90000000000001,0.7396819272620682
4,1203,8,2,20.0,without_chunking,LMM-2,13.0,12.90000000000001,0.7396819272620682
4,1203,8,4,40.0,without_chunking,LMM-1,13.0,12.899999999999986,0.6904644330435494
4,1203,8,4,40.0,without_chunking,LMM-2,13.0,12.899999999999986,0.6904644330435494
4,1203,8,6,60.0,without_chunking,LMM-1,13.0,12.899999999999972,0.644392327131089
4,1203,8,6,60.0,without_chunking,LMM-2,13.0,12.899999999999972,0.644392327131089
4,1203,8,8,80.0,without_chunking,LMM-1,13.0,12.899999999999977,0.6012976255452667
4,1203,8,8,80.0,without_chunking,LMM-2,13.0,12.899999999999977,0.6012976255452667
4,1203,10,2,20.0,without_chunking,LMM-1,9.0,9.100000000000005,0.8244645347238488
4,1203,10,2,20.0,without_chunking,LMM-2,9.0,9.100000000000005,0.8244645347238488
4,1203,10,4,40.0,without_chunking,LMM-1,9.0,9.09999999999999,0.7870236465764611
4,1203,10,4,40.0,without_chunking,LMM-2,9.0,9.09999999999999,0.7870236465764611
4,1203,10,6,60.0,without_chunking,LMM-1,9.0,9.09999999999998,0.7511550523080357
4,1203,10,6,60.0,without_chunking,LMM-2,9.0,9.09999999999998,0.7511550523080357
4,1203,10,8,80.0,without_chunking,LMM-1,9.0,9.099999999999984,0.7169638719347486
4,1203,10,8,80.0,without_chunking,LMM-2,9.0,9.099999999999984,0.7169638719347486
5,1204,4,2,20.0,without_chunking,LMM-1,14.0,13.850000000000012,0.7302715807697133
5,1204,4,2,20.0,without_chunking,LMM-2,14.0,13.850000000000012,0.7302715807697133
5,1204,4,4,40.0,without_chunking,LMM-1,14.0,13.849999999999985,0.67780053254364
5,1204,4,4,40.0,without_chunking,LMM-2,14.0,13.849999999999985,0.67780053254364
5,1204,4,6,60.0,without_chunking,LMM-1,14.0,13.849999999999968,0.6289714951634694
5,1204,4,6,60.0,without_chunking,LMM-2,14.0,13.849999999999968,0.6289714951634694
5,1204,4,8,80.0,without_chunking,LMM-1,14.0,13.849999999999977,0.5836155229543032
5,1204,4,8,80.0,without_chunking,LMM-2,14.0,13.849999999999977,0.5836155229543032
5,1204,6,2,20.0,without_chunking,LMM-1,12.0,11.95000000000001,0.7688703358189068
5,1204,6,2,20.0,without_chunking,LMM-2,12.0,11.95000000000001,0.7688703358189068
5,1204,6,4,40.0,without_chunking,LMM-1,12.0,11.949999999999989,0.7217448275831939
5,1204,6,4,40.0,without_chunking,LMM-2,12.0,11.949999999999989,0.7217448275831939
5,1204,6,6,60.0,without_chunking,LMM-1,12.0,11.949999999999974,0.6773738643514602
5,1204,6,6,60.0,without_chunking,LMM-2,12.0,11.949999999999974,0.6773738643514602
5,1204,6,8,80.0,without_chunking,LMM-1,12.0,11.94999999999998,0.6357092974121319
5,1204,6,8,80.0,without_chunking,LMM-2,12.0,11.94999999999998,0.6357092974121319
5,1204,8,2,20.0,without_chunking,LMM-1,10.0,10.050000000000006,0.8152456830617643
5,1204,8,2,20.0,without_chunking,LMM-2,10.0,10.050000000000006,0.8152456830617643
5,1204,8,4,40.0,without_chunking,LMM-1,10.0,10.04999999999999,0.7743515285054113
5,1204,8,4,40.0,without_chunking,LMM-2,10.0,10.04999999999999,0.7743515285054113
5,1204,8,6,60.0,without_chunking,LMM-1,10.0,10.049999999999978,0.7353781700751394
5,1204,8,6,60.0,without_chunking,LMM-2,10.0,10.049999999999978,0.7353781700751394
5,1204,8,8,80.0,without_chunking,LMM-1,10.0,10.049999999999981,0.6983343016602889
5,1204,8,8,80.0,without_chunking,LMM-2,10.0,10.049999999999981,0.6983343016602889
5,1204,10,2,20.0,without_chunking,LMM-1,8.0,8.150000000000004,0.857584951420206
5,1204,10,2,20.0,without_chunking,LMM-2,8.0,8.150000000000004,0.857584951420206
5,1204,10,4,40.0,without_chunking,LMM-1,8.0,8.149999999999991,0.8238236125562018
5,1204,10,4,40.0,without_chunking,LMM-2,8.0,8.149999999999991,0.8238236125562018
5,1204,10,6,60.0,without_chunking,LMM-1,8.0,8.149999999999983,0.7912720657474239
5,1204,10,6,60.0,without_chunking,LMM-2,8.0,8.149999999999983,0.7912720657474239
5,1204,10,8,80.0,without_chunking,LMM-1,8.0,8.149999999999984,0.7599799318139699
5,1204,10,8,80.0,without_chunking,LMM-2,8.0,8.149999999999984,0.7599799318139699
6,1205,4,2,20.0,without_chunking,LMM-1,13.0,12.90000000000001,0.7548931572946918
6,1205,4,2,20.0,without_chunking,LMM-2,13.0,12.90000000000001,0.7548931572946918
6,1205,4,4,40.0,without_chunking,LMM-1,13.0,12.899999999999986,0.705374923724079
6,1205,4,4,40.0,without_chunking,LMM-2,13.0,12.899999999999986,0.705374923724079
6,1205,4,6,60.0,without_chunking,LMM-1,13.0,12.899999999999972,0.658975513241755
6,1205,4,6,60.0,without_chunking,LMM-2,13.0,12.899999999999972,0.658975513241755
6,1205,4,8,80.0,without_chunking,LMM-1,13.0,12.899999999999977,0.6159317098411805
6,1205,4,8,80.0,without_chunking,LMM-2,13.0,12.899999999999977,0.6159317098411805
6,1205,6,2,20.0,without_chunking,LMM-1,13.0,12.90000000000001,0.7548931572946918
6,1205,6,2,20.0,without_chunking,LMM-2,13.0,12.90000000000001,0.7548931572946918
6,1205,6,4,40.0,without_chunking,LMM-1,13.0,12.899999999999986,0.705374923724079
6,1205,6,4,40.0,without_chunking,LMM-2,13.0,12.899999999999986,0.705374923724079
6,1205,6,6,60.0,without_chunking,LMM-1,13.0,12.899999999999972,0.658975513241755
6,1205,6,6,60.0,without_chunking,LMM-2,13.0,12.899999999999972,0.658975513241755
6,1205,6,8,80.0,without_chunking,LMM-1,13.0,12.899999999999977,0.6159317098411805
6,1205,6,8,80.0,without_chunking,LMM-2,13.0,12.899999999999977,0.6159317098411805
6,1205,8,2,20.0,without_chunking,LMM-1,10.5,10.525000000000006,0.8189565058534791
6,1205,8,2,20.0,without_chunking,LMM-2,10.5,10.525000000000006,0.8189565058534791
6,1205,8,4,40.0,without_chunking,LMM-1,10.5,10.52499999999999,0.7896831187368459
6,1205,8,4,40.0,without_chunking,LMM-2,10.5,10.52499999999999,0.7896831187368459
6,1205,8,6,60.0,without_chunking,LMM-1,10.5,10.524999999999977,0.7613862274243863
6,1205,8,6,60.0,without_chunking,LMM-2,10.5,10.524999999999977,0.7613862274243863
6,1205,8,8,80.0,without_chunking,LMM-1,10.5,10.52499999999998,0.734035856173957
6,1205,8,8,80.0,without_chunking,LMM-2,10.5,10.52499999999998,0.734035856173957
6,1205,10,2,20.0,without_chunking,LMM-1,11.0,11.000000000000007,0.8047839852738514
6,1205,10,2,20.0,without_chunking,LMM-2,11.0,11.000000000000007,0.8047839852738514
6,1205,10,4,40.0,without_chunking,LMM-1,11.0,10.99999999999999,0.7610626146338457
6,1205,10,4,40.0,without_chunking,LMM-2,11.0,10.99999999999999,0.7610626146338457
6,1205,10,6,60.0,without_chunking,LMM-1,11.0,10.999999999999977,0.7195877436674816
6,1205,10,6,60.0,without_chunking,LMM-2,11.0,10.999999999999977,0.7195877436674816
6,1205,10,8,80.0,without_chunking,LMM-1,11.0,10.99999999999998,0.680287996920411
6,1205,10,8,80.0,without_chunking,LMM-2,11.0,10.99999999999998,0.680287996920411
7,1206,4,2,20.0,without_chunking,LMM-1,11.0,11.000000000000007,0.8039529887479813
7,1206,4,2,20.0,without_chunking,LMM-2,11.0,11.000000000000007,0.8039529887479813
7,1206,4,4,40.0,without_chunking,LMM-1,11.0,10.99999999999999,0.7740225759562891
7,1206,4,4,40.0,without_chunking,LMM-2,11.0,10.99999999999999,0.7740225759562891
7,1206,4,6,60.0,without_chunking,LMM-1,11.0,10.999999999999977,0.7451369313037737
7,1206,4,6,60.0,without_chunking,LMM-2,11.0,10.999999999999977,0.7451369313037737
7,1206,4,8,80.0,without_chunking,LMM-1,11.0,10.99999999999998,0.7172623129623712
7,1206,4,8,80.0,without_chunking,LMM-2,11.0,10.99999999999998,0.7172623129623712
7,1206,6,2,20.0,without_chunking,LMM-1,11.0,11.000000000000007,0.7949916603450424
7,1206,6,2,20.0,without_chunking,LMM-2,11.0,11.000000000000007,0.7949916603450424
7,1206,6,4,40.0,without_chunking,LMM-1,11.0,10.99999999999999,0.7554844299438042
7,1206,6,4,40.0,without_chunking,LMM-2,11.0,10.99999999999999,0.7554844299438042
7,1206,6,6,60.0,without_chunking,LMM-1,11.0,10.999999999999977,0.7178292787321143
7,1206,6,6,60.0,without_chunking,LMM-2,11.0,10.999999999999977,0.7178292787321143
7,1206,6,8,80.0,without_chunking,LMM-1,11.0,10.99999999999998,0.681945388060502
7,1206,6,8,80.0,without_chunking,LMM-2,11.0,10.99999999999998,0.681945388060502
7,1206,8,2,20.0,without_chunking,LMM-1,10.0,10.050000000000006,0.8118584912848608
7,1206,8,2,20.0,without_chunking,LMM-2,10.0,10.050000000000006,0.8118584912848608
7,1206,8,4,40.0,without_chunking,LMM-1,10.0,10.04999999999999,0.7711558676141759
7,1206,8,4,40.0,without_chunking,LMM-2,10.0,10.04999999999999,0.7711558676141759
7,1206,8,6,60.0,without_chunking,LMM-1,10.0,10.049999999999978,0.7323642438566262
7,1206,8,6,60.0,without_chunking,LMM-2,10.0,10.049999999999978,0.7323642438566262
7,1206,8,8,80.0,without_chunking,LMM-1,10.0,10.049999999999981,0.6954601428591906
7,1206,8,8,80.0,without_chunking,LMM-2,10.0,10.049999999999981,0.6954601428591906
7,1206,10,2,20.0,without_chunking,LMM-1,9.0,9.100000000000005,0.8438162829385418
7,1206,10,2,20.0,without_chunking,LMM-2,9.0,9.100000000000005,0.8438162829385418
7,1206,10,4,40.0,without_chunking,LMM-1,9.0,9.09999999999999,0.8066292455613473
7,1206,10,4,40.0,without_chunking,LMM-2,9.0,9.09999999999999,0.8066292455613473
7,1206,10,6,60.0,without_chunking,LMM-1,9.0,9.09999999999998,0.7709583267593487
7,1206,10,6,60.0,without_chunking,LMM-2,9.0,9.09999999999998,0.7709583267593487
7,1206,10,8,80.0,without_chunking,LMM-1,9.0,9.099999999999984,0.7367474075134797
7,1206,10,8,80.0,without_chunking,LMM-2,9.0,9.099999999999984,0.7367474075134797
8,1207,4,2,20.0,without_chunking,LMM-1,11.0,11.000000000000007,0.7836981898654076
8,1207,4,2,20.0,without_chunking,LMM-2,11.0,11.000000000000007,0.7836981898654076
8,1207,4,4,40.0,without_chunking,LMM-1,11.0,10.99999999999999,0.7397430848087339
8,1207,4,4,40.0,without_chunking,LMM-2,11.0,10.99999999999999,0.7397430848087339
8,1207,4,6,60.0,without_chunking,LMM-1,11.0,10.999999999999977,0.6981196499085591
8,1207,4,6,60.0,without_chunking,LMM-2,11.0,10.999999999999977,0.6981196499085591
8,1207,4,8,80.0,without_chunking,LMM-1,11.0,10.99999999999998,0.6588275468362035
8,1207,4,8,80.0,without_chunking,LMM-2,11.0,10.99999999999998,0.6588275468362035
8,1207,6,2,20.0,without_chunking,LMM-1,11.0,11.000000000000007,0.7925410748380763
8,1207,6,2,20.0,without_chunking,LMM-2,11.0,11.000000000000007,0.7925410748380763
8,1207,6,4,40.0,without_chunking,LMM-1,11.0,10.99999999999999,0.7488079647441754
8,1207,6,4,40.0,without_chunking,LMM-2,11.0,10.99999999999999,0.7488079647441754
8,1207,6,6,60.0,without_chunking,LMM-1,11.0,10.999999999999977,0.7073576647424495
8,1207,6,6,60.0,without_chunking,LMM-2,11.0,10.999999999999977,0.7073576647424495
8,1207,6,8,80.0,without_chunking,LMM-1,11.0,10.99999999999998,0.6681097716999446
8,1207,6,8,80.0,without_chunking,LMM-2,11.0,10.99999999999998,0.6681097716999446
8,1207,8,2,20.0,without_chunking,LMM-1,10.0,10.050000000000006,0.8140368986474371
8,1207,8,2,20.0,without_chunking,LMM-2,10.0,10.050000000000006,0.8140368986474371
8,1207,8,4,40.0,without_chunking,LMM-1,10.0,10.04999999999999,0.77320034578087
8,1207,8,4,40.0,without_chunking,LMM-2,10.0,10.04999999999999,0.77320034578087
8,1207,8,6,60.0,without_chunking,LMM-1,10.0,10.049999999999978,0.7342818680758991
8,1207,8,6,60.0,without_chunking,LMM-2,10.0,10.049999999999978,0.7342818680758991
8,1207,8,8,80.0,without_chunking,LMM-1,10.0,10.049999999999981,0.6973771893107935
8,1207,8,8,80.0,without_chunking,LMM-2,10.0,10.049999999999981,0.6973771893107935
8,1207,10,2,20.0,without_chunking,LMM-1,9.0,9.100000000000005,0.8387403240003424
8,1207,10,2,20.0,without_chunking,LMM-2,9.0,9.100000000000005,0.8387403240003424
8,1207,10,4,40.0,without_chunking,LMM-1,9.0,9.09999999999999,0.8014665769178868
8,1207,10,4,40.0,without_chunking,LMM-2,9.0,9.09999999999999,0.8014665769178868
8,1207,10,6,60.0,without_chunking,LMM-1,9.0,9.09999999999998,0.765724669271292
8,1207,10,6,60.0,without_chunking,LMM-2,9.0,9.09999999999998,0.765724669271292
8,1207,10,8,80.0,without_chunking,LMM-1,9.0,9.099999999999984,0.7315231440995813
8,1207,10,8,80.0,without_chunking,LMM-2,9.0,9.099999999999984,0.7315231440995813
9,1208,4,2,20.0,without_chunking,LMM-1,15.0,14.800000000000011,0.7241441042491774
9,1208,4,2,20.0,without_chunking,LMM-2,15.0,14.800000000000011,0.7241441042491774
9,1208,4,4,40.0,without_chunking,LMM-1,15.0,14.799999999999981,0.6687853031182615
9,1208,4,4,40.0,without_chunking,LMM-2,15.0,14.799999999999981,0.6687853031182615
9,1208,4,6,60.0,without_chunking,LMM-1,15.0,14.799999999999967,0.6175359619982395
9,1208,4,6,60.0,without_chunking,LMM-2,15.0,14.799999999999967,0.6175359619982395
9,1208,4,8,80.0,without_chunking,LMM-1,15.0,14.799999999999976,0.5701022074042765
9,1208,4,8,80.0,without_chunking,LMM-2,15.0,14.799999999999976,0.5701022074042765
9,1208,6,2,20.0,without_chunking,LMM-1,17.0,16.70000000000001,0.7003673704990265
9,1208,6,2,20.0,without_chunking,LMM-2,17.0,16.70000000000001,0.7003673704990265
9,1208,6,4,40.0,without_chunking,LMM-1,17.0,16.699999999999978,0.6433152007437059
9,1208,6,4,40.0,without_chunking,LMM-2,17.0,16.699999999999978,0.6433152007437059
9,1208,6,6,60.0,without_chunking,LMM-1,17.0,16.69999999999996,0.5908221149758119
9,1208,6,6,60.0,without_chunking,LMM-2,17.0,16.69999999999996,0.5908221149758119
9,1208,6,8,80.0,without_chunking,LMM-1,17.0,16.699999999999974,0.5425327640285091
9,1208,6,8,80.0,without_chunking,LMM-2,17.0,16.699999999999974,0.5425327640285091
9,1208,8,2,20.0,without_chunking,LMM-1,12.0,11.95000000000001,0.777636359541043
9,1208,8,2,20.0,without_chunking,LMM-2,12.0,11.95000000000001,0.777636359541043
9,1208,8,4,40.0,without_chunking,LMM-1,12.0,11.949999999999989,0.7307149826216026
9,1208,8,4,40.0,without_chunking,LMM-2,12.0,11.949999999999989,0.7307149826216026
9,1208,8,6,60.0,without_chunking,LMM-1,12.0,11.949999999999974,0.6864945701216699
9,1208,8,6,60.0,without_chunking,LMM-2,12.0,11.949999999999974,0.6864945701216699
9,1208,8,8,80.0,without_chunking,LMM-1,12.0,11.94999999999998,0.6448284544068261
9,1208,8,8,80.0,without_chunking,LMM-2,12.0,11.94999999999998,0.6448284544068261
9,1208,10,2,20.0,without_chunking,LMM-1,11.0,11.000000000000007,0.8023774006872186
9,1208,10,2,20.0,without_chunking,LMM-2,11.0,11.000000000000007,0.8023774006872186
9,1208,10,4,40.0,without_chunking,LMM-1,11.0,10.99999999999999,0.7584371144430441
9,1208,10,4,40.0,without_chunking,LMM-2,11.0,10.99999999999999,0.7584371144430441
9,1208,10,6,60.0,without_chunking,LMM-1,11.0,10.999999999999977,0.716773588178441
9,1208,10,6,60.0,without_chunking,LMM-2,11.0,10.999999999999977,0.716773588178441
9,1208,10,8,80.0,without_chunking,LMM-1,11.0,10.99999999999998,0.6772766479269241
9,1208,10,8,80.0,without_chunking,LMM-2,11.0,10.99999999999998,0.6772766479269241
10,1209,4,2,20.0,without_chunking,LMM-1,12.0,11.950000000000006,0.7765837300212884
10,1209,4,2,20.0,without_chunking,LMM-2,12.0,11.950000000000006,0.7765837300212884
10,1209,4,4,40.0,without_chunking,LMM-1,12.0,11.949999999999987,0.7505952092863784
10,1209,4,4,40.0,without_chunking,LMM-2,12.0,11.949999999999987,0.7505952092863784
10,1209,4,6,60.0,without_chunking,LMM-1,12.0,11.949999999999974,0.7254367752527314
10,1209,4,6,60.0,without_chunking,LMM-2,12.0,11.949999999999974,0.7254367752527314
10,1209,4,8,80.0,without_chunking,LMM-1,12.0,11.94999999999998,0.7010833567275792
10,1209,4,8,80.0,without_chunking,LMM-2,12.0,11.94999999999998,0.7010833567275792
10,1209,6,2,20.0,without_chunking,LMM-1,9.0,9.100000000000005,0.8285378533815883
10,1209,6,2,20.0,without_chunking,LMM-2,9.0,9.100000000000005,0.8285378533815883
10,1209,6,4,40.0,without_chunking,LMM-1,9.0,9.09999999999999,0.79081087694891
10,1209,6,4,40.0,without_chunking,LMM-2,9.0,9.09999999999999,0.79081087694891
10,1209,6,6,60.0,without_chunking,LMM-1,9.0,9.09999999999998,0.7546727128868551
10,1209,6,6,60.0,without_chunking,LMM-2,9.0,9.09999999999998,0.7546727128868551
10,1209,6,8,80.0,without_chunking,LMM-1,9.0,9.099999999999984,0.7201579945658589
10,1209,6,8,80.0,without_chunking,LMM-2,9.0,9.099999999999984,0.7201579945658589
10,1209,8,2,20.0,without_chunking,LMM-1,9.0,9.100000000000005,0.8285378533815883
10,1209,8,2,20.0,without_chunking,LMM-2,9.0,9.100000000000005,0.8285378533815883
10,1209,8,4,40.0,without_chunking,LMM-1,9.0,9.09999999999999,0.79081087694891
10,1209,8,4,40.0,without_chunking,LMM-2,9.0,9.09999999999999,0.79081087694891
10,1209,8,6,60.0,without_chunking,LMM-1,9.0,9.09999999999998,0.7546727128868551
10,1209,8,6,60.0,without_chunking,LMM-2,9.0,9.09999999999998,0.7546727128868551
10,1209,8,8,80.0,without_chunking,LMM-1,9.0,9.099999999999984,0.7201579945658589
10,1209,8,8,80.0,without_chunking,LMM-2,9.0,9.099999999999984,0.7201579945658589
10,1209,10,2,20.0,without_chunking,LMM-1,7.0,7.200000000000003,0.8760648179244905
10,1209,10,2,20.0,without_chunking,LMM-2,7.0,7.200000000000003,0.8760648179244905
10,1209,10,4,40.0,without_chunking,LMM-1,7.0,7.199999999999992,0.8456661122489878
10,1209,10,4,40.0,without_chunking,LMM-2,7.0,7.199999999999992,0.8456661122489878
10,1209,10,6,60.0,without_chunking,LMM-1,7.0,7.199999999999984,0.8162077810319817
10,1209,10,6,60.0,without_chunking,LMM-2,7.0,7.199999999999984,0.8162077810319817
10,1209,10,8,80.0,without_chunking,LMM-1,7.0,7.199999999999987,0.787747135215466
10,1209,10,8,80.0,without_chunking,LMM-2,7.0,7.199999999999987,0.787747135215466
11,1210,4,2,20.0,without_chunking,LMM-1,13.0,12.90000000000001,0.7408918107709592
11,1210,4,2,20.0,without_chunking,LMM-2,13.0,12.90000000000001,0.7408918107709592
11,1210,4,4,40.0,without_chunking,LMM-1,13.0,12.899999999999986,0.6914260455106971
11,1210,4,4,40.0,without_chunking,LMM-2,13.0,12.899999999999986,0.6914260455106971
11,1210,4,6,60.0,without_chunking,LMM-1,13.0,12.899999999999972,0.6451316156508768
11,1210,4,6,60.0,without_chunking,LMM-2,13.0,12.899999999999972,0.6451316156508768
11,1210,4,8,80.0,without_chunking,LMM-1,13.0,12.899999999999977,0.6022063014440969
11,1210,4,8,80.0,without_chunking,LMM-2,13.0,12.899999999999977,0.6022063014440969
11,1210,6,2,20.0,without_chunking,LMM-1,10.0,10.050000000000006,0.8047054235766549
11,1210,6,2,20.0,without_chunking,LMM-2,10.0,10.050000000000006,0.8047054235766549
11,1210,6,4,40.0,without_chunking,LMM-1,10.0,10.04999999999999,0.7639644693179104
11,1210,6,4,40.0,without_chunking,LMM-2,10.0,10.04999999999999,0.7639644693179104
11,1210,6,6,60.0,without_chunking,LMM-1,10.0,10.049999999999978,0.7251546008210306
11,1210,6,6,60.0,without_chunking,LMM-2,10.0,10.049999999999978,0.7251546008210306
11,1210,6,8,80.0,without_chunking,LMM-1,10.0,10.049999999999981,0.6883566777629697
11,1210,6,8,80.0,without_chunking,LMM-2,10.0,10.049999999999981,0.6883566777629697
11,1210,8,2,20.0,without_chunking,LMM-1,10.0,10.050000000000006,0.8092593690866263
11,1210,8,2,20.0,without_chunking,LMM-2,10.0,10.050000000000006,0.8092593690866263
11,1210,8,4,40.0,without_chunking,LMM-1,10.0,10.04999999999999,0.7685484938702112
11,1210,8,4,40.0,without_chunking,LMM-2,10.0,10.04999999999999,0.7685484938702112
11,1210,8,6,60.0,without_chunking,LMM-1,10.0,10.049999999999978,0.7297553430492616
11,1210,8,6,60.0,without_chunking,LMM-2,10.0,10.049999999999978,0.7297553430492616
11,1210,8,8,80.0,without_chunking,LMM-1,10.0,10.049999999999981,0.6928952927938465
11,1210,8,8,80.0,without_chunking,LMM-2,10.0,10.049999999999981,0.6928952927938465
11,1210,10,2,20.0,without_chunking,LMM-1,8.0,8.150000000000004,0.8506809191010491
11,1210,10,2,20.0,without_chunking,LMM-2,6.0,6.2500000000000036,0.9033053905636503
11,1210,10,4,40.0,without_chunking,LMM-1,8.0,8.149999999999991,0.8167230386714195
11,1210,10,4,40.0,without_chunking,LMM-2,6.0,6.249999999999994,0.8861803423390745
11,1210,10,6,60.0,without_chunking,LMM-1,8.0,8.149999999999983,0.7839986045100003
11,1210,10,6,60.0,without_chunking,LMM-2,6.0,6.249999999999986,0.8693361751645299
11,1210,10,8,80.0,without_chunking,LMM-1,8.0,8.149999999999984,0.7525995240883858
11,1210,10,8,80.0,without_chunking,LMM-2,6.0,6.249999999999988,0.8527690753054518
12,1211,4,2,20.0,without_chunking,LMM-1,11.0,11.000000000000007,0.7923858414140299
12,1211,4,2,20.0,without_chunking,LMM-2,11.0,11.000000000000007,0.7923858414140299
12,1211,4,4,40.0,without_chunking,LMM-1,11.0,10.99999999999999,0.756796836146959
12,1211,4,4,40.0,without_chunking,LMM-2,11.0,10.99999999999999,0.756796836146959
12,1211,4,6,60.0,without_chunking,LMM-1,11.0,10.999999999999977,0.7227120601614652
12,1211,4,6,60.0,without_chunking,LMM-2,11.0,10.999999999999977,0.7227120601614652
12,1211,4,8,80.0,without_chunking,LMM-1,11.0,10.99999999999998,0.6900724824435926
12,1211,4,8,80.0,without_chunking,LMM-2,11.0,10.99999999999998,0.6900724824435926
12,1211,6,2,20.0,without_chunking,LMM-1,11.0,11.000000000000007,0.7937637070497483
12,1211,6,2,20.0,without_chunking,LMM-2,11.0,11.000000000000007,0.7937637070497483
12,1211,6,4,40.0,without_chunking,LMM-1,11.0,10.99999999999999,0.7497554679760248
12,1211,6,4,40.0,without_chunking,LMM-2,11.0,10.99999999999999,0.7497554679760248
12,1211,6,6,60.0,without_chunking,LMM-1,11.0,10.999999999999977,0.708055034545515
12,1211,6,6,60.0,without_chunking,LMM-2,11.0,10.999999999999977,0.708055034545515
12,1211,6,8,80.0,without_chunking,LMM-1,11.0,10.99999999999998,0.6686557371339832
12,1211,6,8,80.0,without_chunking,LMM-2,11.0,10.99999999999998,0.6686557371339832
12,1211,8,2,20.0,without_chunking,LMM-1,10.0,10.050000000000006,0.8107172476453469
12,1211,8,2,20.0,without_chunking,LMM-2,10.0,10.050000000000006,0.8107172476453469
12,1211,8,4,40.0,without_chunking,LMM-1,10.0,10.04999999999999,0.769790898239725
12,1211,8,4,40.0,without_chunking,LMM-2,10.0,10.04999999999999,0.769790898239725
12,1211,8,6,60.0,without_chunking,LMM-1,10.0,10.049999999999978,0.7307988705918644
12,1211,8,6,60.0,without_chunking,LMM-2,10.0,10.049999999999978,0.7307988705918644
12,1211,8,8,80.0,without_chunking,LMM-1,10.0,10.049999999999981,0.6938550281965006
12,1211,8,8,80.0,without_chunking,LMM-2,10.0,10.049999999999981,0.6938550281965006
12,1211,10,2,20.0,without_chunking,LMM-1,9.0,9.100000000000005,0.8344647365980145
12,1211,10,2,20.0,without_chunking,LMM-2,9.0,9.100000000000005,0.8344647365980145
12,1211,10,4,40.0,without_chunking,LMM-1,9.0,9.09999999999999,0.7970835395016468
12,1211,10,4,40.0,without_chunking,LMM-2,9.0,9.09999999999999,0.7970835395016468
12,1211,10,6,60.0,without_chunking,LMM-1,9.0,9.09999999999998,0.7612508658619003
12,1211,10,6,60.0,without_chunking,LMM-2,9.0,9.09999999999998,0.7612508658619003
12,1211,10,8,80.0,without_chunking,LMM-1,9.0,9.099999999999984,0.726987457721
12,1211,10,8,80.0,without_chunking,LMM-2,9.0,9.099999999999984,0.726987457721
13,1212,4,2,20.0,without_chunking,LMM-1,11.0,11.000000000000007,0.7893671253200207
13,1212,4,2,20.0,without_chunking,LMM-2,11.0,11.000000000000007,0.7893671253200207
13,1212,4,4,40.0,without_chunking,LMM-1,11.0,10.99999999999999,0.7452924958060201
13,1212,4,4,40.0,without_chunking,LMM-2,11.0,10.99999999999999,0.7452924958060201
13,1212,4,6,60.0,without_chunking,LMM-1,11.0,10.999999999999977,0.7035455282176832
13,1212,4,6,60.0,without_chunking,LMM-2,11.0,10.999999999999977,0.7035455282176832
13,1212,4,8,80.0,without_chunking,LMM-1,11.0,10.99999999999998,0.6641478433682819
13,1212,4,8,80.0,without_chunking,LMM-2,11.0,10.99999999999998,0.6641478433682819
13,1212,6,2,20.0,without_chunking,LMM-1,11.0,11.000000000000007,0.7893671253200207
13,1212,6,2,20.0,without_chunking,LMM-2,11.0,11.000000000000007,0.7893671253200207
13,1212,6,4,40.0,without_chunking,LMM-1,11.0,10.99999999999999,0.7452924958060201
13,1212,6,4,40.0,without_chunking,LMM-2,11.0,10.99999999999999,0.7452924958060201
13,1212,6,6,60.0,without_chunking,LMM-1,11.0,10.999999999999977,0.7035455282176832
13,1212,6,6,60.0,without_chunking,LMM-2,11.0,10.999999999999977,0.7035455282176832
13,1212,6,8,80.0,without_chunking,LMM-1,11.0,10.99999999999998,0.6641478433682819
13,1212,6,8,80.0,without_chunking,LMM-2,11.0,10.99999999999998,0.6641478433682819
13,1212,8,2,20.0,without_chunking,LMM-1,9.0,9.100000000000005,0.8294053884183133
13,1212,8,2,20.0,without_chunking,LMM-2,9.0,9.100000000000005,0.8294053884183133
13,1212,8,4,40.0,without_chunking,LMM-1,9.0,9.09999999999999,0.7916120380307305
13,1212,8,4,40.0,without_chunking,LMM-2,9.0,9.09999999999999,0.7916120380307305
13,1212,8,6,60.0,without_chunking,LMM-1,9.0,9.09999999999998,0.7554115630685105
13,1212,8,6,60.0,without_chunking,LMM-2,9.0,9.09999999999998,0.7554115630685105
13,1212,8,8,80.0,without_chunking,LMM-1,9.0,9.099999999999984,0.7207988646410071
13,1212,8,8,80.0,without_chunking,LMM-2,9.0,9.099999999999984,0.7207988646410071
13,1212,10,2,20.0,without_chunking,LMM-1,9.0,9.100000000000005,0.8460132134117464
13,1212,10,2,20.0,without_chunking,LMM-2,9.0,9.100000000000005,0.8460132134117464
13,1212,10,4,40.0,without_chunking,LMM-1,9.0,9.09999999999999,0.8087566061584577
13,1212,10,4,40.0,without_chunking,LMM-2,9.0,9.09999999999999,0.8087566061584577
13,1212,10,6,60.0,without_chunking,LMM-1,9.0,9.09999999999998,0.7730182221142927
13,1212,10,6,60.0,without_chunking,LMM-2,9.0,9.09999999999998,0.7730182221142927
13,1212,10,8,80.0,without_chunking,LMM-1,9.0,9.099999999999984,0.7387418779614923
13,1212,10,8,80.0,without_chunking,LMM-2,9.0,9.099999999999984,0.7387418779614923
14,1213,4,2,20.0,without_chunking,LMM-1,10.0,10.050000000000006,0.8126393217919001
14,1213,4,2,20.0,without_chunking,LMM-2,10.0,10.050000000000006,0.8126393217919001
14,1213,4,4,40.0,without_chunking,LMM-1,10.0,10.04999999999999,0.7722458144300669
14,1213,4,4,40.0,without_chunking,LMM-2,10.0,10.04999999999999,0.7722458144300669
14,1213,4,6,60.0,without_chunking,LMM-1,10.0,10.049999999999978,0.7337321833549886
14,1213,4,6,60.0,without_chunking,LMM-2,10.0,10.049999999999978,0.7337321833549886
14,1213,4,8,80.0,without_chunking,LMM-1,10.0,10.049999999999981,0.6972972636566219
14,1213,4,8,80.0,without_chunking,LMM-2,10.0,10.049999999999981,0.6972972636566219
14,1213,6,2,20.0,without_chunking,LMM-1,10.0,10.050000000000006,0.817582749771735
14,1213,6,2,20.0,without_chunking,LMM-2,10.0,10.050000000000006,0.817582749771735
14,1213,6,4,40.0,without_chunking,LMM-1,10.0,10.04999999999999,0.7772887492389395
14,1213,6,4,40.0,without_chunking,LMM-2,10.0,10.04999999999999,0.7772887492389395
14,1213,6,6,60.0,without_chunking,LMM-1,10.0,10.049999999999978,0.7388544179721546
14,1213,6,6,60.0,without_chunking,LMM-2,10.0,10.049999999999978,0.7388544179721546
14,1213,6,8,80.0,without_chunking,LMM-1,10.0,10.049999999999981,0.7022272709626148
14,1213,6,8,80.0,without_chunking,LMM-2,10.0,10.049999999999981,0.7022272709626148
14,1213,8,2,20.0,without_chunking,LMM-1,9.0,9.100000000000005,0.8529537508060532
14,1213,8,2,20.0,without_chunking,LMM-2,8.5,8.625000000000004,0.865885173662412
14,1213,8,4,40.0,without_chunking,LMM-1,9.0,9.09999999999999,0.8338757321873789
14,1213,8,4,40.0,without_chunking,LMM-2,8.5,8.624999999999993,0.8504739350788024
14,1213,8,6,60.0,without_chunking,LMM-1,9.0,9.09999999999998,0.8151968177038538
14,1213,8,6,60.0,without_chunking,LMM-2,8.5,8.62499999999998,0.8353547145757911
14,1213,8,8,80.0,without_chunking,LMM-1,9.0,9.099999999999982,0.7969093057924257
14,1213,8,8,80.0,without_chunking,LMM-2,8.5,8.624999999999982,0.8205218982423468
14,1213,10,2,20.0,without_chunking,LMM-1,7.0,7.200000000000003,0.8704403938967838
14,1213,10,2,20.0,without_chunking,LMM-2,9.0,9.100000000000005,0.8657920780581052
14,1213,10,4,40.0,without_chunking,LMM-1,7.0,7.199999999999992,0.8408346754241346
14,1213,10,4,40.0,without_chunking,LMM-2,5.75,6.012499999999994,0.9091677845402328
14,1213,10,6,60.0,without_chunking,LMM-1,7.0,7.199999999999984,0.8121270451816958
14,1213,10,6,60.0,without_chunking,LMM-2,5.5,5.774999999999987,0.9060324721758012
14,1213,10,8,80.0,without_chunking,LMM-1,7.0,7.199999999999987,0.7842939528406914
14,1213,10,8,80.0,without_chunking,LMM-2,5.5,5.77499999999999,0.898237704362181
15,1214,4,2,20.0,without_chunking,LMM-1,10.5,10.525000000000006,0.8128879120146054
15,1214,4,2,20.0,without_chunking,LMM-2,10.5,10.525000000000006,0.8128879120146054
15,1214,4,4,40.0,without_chunking,LMM-1,10.5,10.524999999999988,0.7873907729527025
15,1214,4,4,40.0,without_chunking,LMM-2,10.5,10.524999999999988,0.7873907729527025
15,1214,4,6,60.0,without_chunking,LMM-1,10.5,10.524999999999977,0.7626421878138188
15,1214,4,6,60.0,without_chunking,LMM-2,10.5,10.524999999999977,0.7626421878138188
15,1214,4,8,80.0,without_chunking,LMM-1,10.5,10.52499999999998,0.7386218547101415
15,1214,4,8,80.0,without_chunking,LMM-2,10.5,10.52499999999998,0.7386218547101415
15,1214,6,2,20.0,without_chunking,LMM-1,10.0,10.050000000000006,0.8037756643839733
15,1214,6,2,20.0,without_chunking,LMM-2,10.0,10.050000000000006,0.8037756643839733
15,1214,6,4,40.0,without_chunking,LMM-1,10.0,10.04999999999999,0.7633877304930318
15,1214,6,4,40.0,without_chunking,LMM-2,10.0,10.04999999999999,0.7633877304930318
15,1214,6,6,60.0,without_chunking,LMM-1,10.0,10.049999999999978,0.7249001195721994
15,1214,6,6,60.0,without_chunking,LMM-2,10.0,10.049999999999978,0.7249001195721994
15,1214,6,8,80.0,without_chunking,LMM-1,10.0,10.049999999999981,0.6882942681144565
15,1214,6,8,80.0,without_chunking,LMM-2,10.0,10.049999999999981,0.6882942681144565
15,1214,8,2,20.0,without_chunking,LMM-1,9.0,9.100000000000005,0.8371725885686804
15,1214,8,2,20.0,without_chunking,LMM-2,9.0,9.100000000000005,0.8371725885686804
15,1214,8,4,40.0,without_chunking,LMM-1,9.0,9.09999999999999,0.7997947461234266
15,1214,8,4,40.0,without_chunking,LMM-2,9.0,9.09999999999999,0.7997947461234266
15,1214,8,6,60.0,without_chunking,LMM-1,9.0,9.09999999999998,0.7639605502360508
15,1214,8,6,60.0,without_chunking,LMM-2,9.0,9.09999999999998,0.7639605502360508
15,1214,8,8,80.0,without_chunking,LMM-1,9.0,9.099999999999984,0.7296308771756181
15,1214,8,8,80.0,without_chunking,LMM-2,9.0,9.099999999999984,0.7296308771756181
15,1214,10,2,20.0,without_chunking,LMM-1,8.0,8.150000000000004,0.8608060788647327
15,1214,10,2,20.0,without_chunking,LMM-2,8.0,8.150000000000004,0.8608060788647327
15,1214,10,4,40.0,without_chunking,LMM-1,8.0,8.149999999999991,0.8269604931140124
15,1214,10,4,40.0,without_chunking,LMM-2,8.0,8.149999999999991,0.8269604931140124
15,1214,10,6,60.0,without_chunking,LMM-1,8.0,8.149999999999983,0.7943265727087412
15,1214,10,6,60.0,without_chunking,LMM-2,8.0,8.149999999999983,0.7943265727087412
15,1214,10,8,80.0,without_chunking,LMM-1,8.0,8.149999999999984,0.7628752998763546
15,1214,10,8,80.0,without_chunking,LMM-2,8.0,8.149999999999984,0.7628752998763546
16,1215,4,2,20.0,without_chunking,LMM-1,11.0,11.000000000000007,0.7772886027018289
16,1215,4,2,20.0,without_chunking,LMM-2,11.0,11.000000000000007,0.7772886027018289
16,1215,4,4,40.0,without_chunking,LMM-1,11.0,10.99999999999999,0.7335001639469071
16,1215,4,4,40.0,without_chunking,LMM-2,11.0,10.99999999999999,0.7335001639469071
16,1215,4,6,60.0,without_chunking,LMM-1,11.0,10.999999999999977,0.6920446259505258
16,1215,4,6,60.0,without_chunking,LMM-2,11.0,10.999999999999977,0.6920446259505258
16,1215,4,8,80.0,without_chunking,LMM-1,11.0,10.99999999999998,0.653534412458987
16,1215,4,8,80.0,without_chunking,LMM-2,11.0,10.99999999999998,0.653534412458987
16,1215,6,2,20.0,without_chunking,LMM-1,11.0,11.000000000000007,0.7820385116067777
16,1215,6,2,20.0,without_chunking,LMM-2,11.0,11.000000000000007,0.7820385116067777
16,1215,6,4,40.0,without_chunking,LMM-1,11.0,10.99999999999999,0.7379826774907274
16,1215,6,4,40.0,without_chunking,LMM-2,11.0,10.99999999999999,0.7379826774907274
16,1215,6,6,60.0,without_chunking,LMM-1,11.0,10.999999999999977,0.6962746517777754
16,1215,6,6,60.0,without_chunking,LMM-2,11.0,10.999999999999977,0.6962746517777754
16,1215,6,8,80.0,without_chunking,LMM-1,11.0,10.99999999999998,0.6568812438709357
16,1215,6,8,80.0,without_chunking,LMM-2,11.0,10.99999999999998,0.6568812438709357
16,1215,8,2,20.0,without_chunking,LMM-1,10.0,10.050000000000006,0.8118297675917983
16,1215,8,2,20.0,without_chunking,LMM-2,10.0,10.050000000000006,0.8118297675917983
16,1215,8,4,40.0,without_chunking,LMM-1,10.0,10.04999999999999,0.7708829862684903
16,1215,8,4,40.0,without_chunking,LMM-2,10.0,10.04999999999999,0.7708829862684903
16,1215,8,6,60.0,without_chunking,LMM-1,10.0,10.049999999999978,0.7318702996896385
16,1215,8,6,60.0,without_chunking,LMM-2,10.0,10.049999999999978,0.7318702996896385
16,1215,8,8,80.0,without_chunking,LMM-1,10.0,10.049999999999981,0.6948500217092989
16,1215,8,8,80.0,without_chunking,LMM-2,10.0,10.049999999999981,0.6948500217092989
16,1215,10,2,20.0,without_chunking,LMM-1,10.0,10.050000000000006,0.8118297675917983
16,1215,10,2,20.0,without_chunking,LMM-2,10.0,10.050000000000006,0.8118297675917983
16,1215,10,4,40.0,without_chunking,LMM-1,10.0,10.04999999999999,0.7708829862684903
16,1215,10,4,40.0,without_chunking,LMM-2,10.0,10.04999999999999,0.7708829862684903
16,1215,10,6,60.0,without_chunking,LMM-1,10.0,10.049999999999978,0.7318702996896385
16,1215,10,6,60.0,without_chunking,LMM-2,10.0,10.049999999999978,0.7318702996896385
16,1215,10,8,80.0,without_chunking,LMM-1,10.0,10.049999999999981,0.6948500217092989
16,1215,10,8,80.0,without_chunking,LMM-2,10.0,10.049999999999981,0.6948500217092989
17,1216,4,2,20.0,without_chunking,LMM-1,17.0,16.70000000000001,0.6633991045027301
17,1216,4,2,20.0,without_chunking,LMM-2,17.0,16.70000000000001,0.6633991045027301
17,1216,4,4,40.0,without_chunking,LMM-1,17.0,16.699999999999978,0.6044494150743506
17,1216,4,4,40.0,without_chunking,LMM-2,17.0,16.699999999999978,0.6044494150743506
17,1216,4,6,60.0,without_chunking,LMM-1,17.0,16.69999999999996,0.5506270728628389
17,1216,4,6,60.0,without_chunking,LMM-2,17.0,16.69999999999996,0.5506270728628389
17,1216,4,8,80.0,without_chunking,LMM-1,17.0,18.112499999999972,0.4455355344515013
17,1216,4,8,80.0,without_chunking,LMM-2,17.0,18.112499999999972,0.4455355344515013
17,1216,6,2,20.0,without_chunking,LMM-1,15.5,15.27500000000001,0.6981763026089982
17,1216,6,2,20.0,without_chunking,LMM-2,15.5,15.27500000000001,0.6981763026089982
17,1216,6,4,40.0,without_chunking,LMM-1,15.5,15.27499999999998,0.6469747561166688
17,1216,6,4,40.0,without_chunking,LMM-2,15.5,15.27499999999998,0.6469747561166688
17,1216,6,6,60.0,without_chunking,LMM-1,15.5,15.274999999999965,0.5994307938972596
17,1216,6,6,60.0,without_chunking,LMM-2,15.5,15.274999999999965,0.5994307938972596
17,1216,6,8,80.0,without_chunking,LMM-1,15.5,15.981249999999974,0.5255924526859888
17,1216,6,8,80.0,without_chunking,LMM-2,15.5,15.981249999999974,0.5255924526859888
17,1216,8,2,20.0,without_chunking,LMM-1,10.5,10.525000000000006,0.814727957355703
17,1216,8,2,20.0,without_chunking,LMM-2,10.5,10.525000000000006,0.814727957355703
17,1216,8,4,40.0,without_chunking,LMM-1,10.5,10.524999999999988,0.7875090945577494
17,1216,8,4,40.0,without_chunking,LMM-2,10.5,10.524999999999988,0.7875090945577494
17,1216,8,6,60.0,without_chunking,LMM-1,10.5,10.524999999999975,0.7611523558742301
17,1216,8,6,60.0,without_chunking,LMM-2,10.5,10.524999999999975,0.7611523558742301
17,1216,8,8,80.0,without_chunking,LMM-1,10.5,10.524999999999983,0.7356320470511402
17,1216,8,8,80.0,without_chunking,LMM-2,10.5,10.524999999999983,0.7356320470511402
17,1216,10,2,20.0,without_chunking,LMM-1,9.0,9.100000000000005,0.8367618188154361
17,1216,10,2,20.0,without_chunking,LMM-2,9.0,9.100000000000005,0.8367618188154361
17,1216,10,4,40.0,without_chunking,LMM-1,9.0,9.09999999999999,0.7994968945672142
17,1216,10,4,40.0,without_chunking,LMM-2,9.0,9.09999999999999,0.7994968945672142
17,1216,10,6,60.0,without_chunking,LMM-1,9.0,9.09999999999998,0.7637673018964061
17,1216,10,6,60.0,without_chunking,LMM-2,9.0,9.09999999999998,0.7637673018964061
17,1216,10,8,80.0,without_chunking,LMM-1,9.0,9.099999999999984,0.7295156098443505
17,1216,10,8,80.0,without_chunking,LMM-2,9.0,9.099999999999984,0.7295156098443505
18,1217,4,2,20.0,without_chunking,LMM-1,11.0,11.000000000000007,0.7916391094774502
18,1217,4,2,20.0,without_chunking,LMM-2,11.0,11.000000000000007,0.7916391094774502
18,1217,4,4,40.0,without_chunking,LMM-1,11.0,10.99999999999999,0.7481164848676666
18,1217,4,4,40.0,without_chunking,LMM-2,11.0,10.99999999999999,0.7481164848676666
18,1217,4,6,60.0,without_chunking,LMM-1,11.0,10.999999999999977,0.7068564920436072
18,1217,4,6,60.0,without_chunking,LMM-2,11.0,10.999999999999977,0.7068564920436072
18,1217,4,8,80.0,without_chunking,LMM-1,11.0,10.99999999999998,0.6678555607118939
18,1217,4,8,80.0,without_chunking,LMM-2,11.0,10.99999999999998,0.6678555607118939
18,1217,6,2,20.0,without_chunking,LMM-1,10.0,10.050000000000006,0.8108163599796011
18,1217,6,2,20.0,without_chunking,LMM-2,10.0,10.050000000000006,0.8108163599796011
18,1217,6,4,40.0,without_chunking,LMM-1,10.0,10.04999999999999,0.7703013080505742
18,1217,6,4,40.0,without_chunking,LMM-2,10.0,10.04999999999999,0.7703013080505742
18,1217,6,6,60.0,without_chunking,LMM-1,10.0,10.049999999999978,0.7316818374356122
18,1217,6,6,60.0,without_chunking,LMM-2,10.0,10.049999999999978,0.7316818374356122
18,1217,6,8,80.0,without_chunking,LMM-1,10.0,10.049999999999981,0.6952196469916605
18,1217,6,8,80.0,without_chunking,LMM-2,10.0,10.049999999999981,0.6952196469916605
18,1217,8,2,20.0,without_chunking,LMM-1,10.0,10.050000000000006,0.8200881412694
18,1217,8,2,20.0,without_chunking,LMM-2,10.0,10.050000000000006,0.8200881412694
18,1217,8,4,40.0,without_chunking,LMM-1,10.0,10.04999999999999,0.7792559215682842
18,1217,8,4,40.0,without_chunking,LMM-2,10.0,10.04999999999999,0.7792559215682842
18,1217,8,6,60.0,without_chunking,LMM-1,10.0,10.049999999999978,0.7403272658915349
18,1217,8,6,60.0,without_chunking,LMM-2,10.0,10.049999999999978,0.7403272658915349
18,1217,8,8,80.0,without_chunking,LMM-1,10.0,10.049999999999981,0.7033439743315965
18,1217,8,8,80.0,without_chunking,LMM-2,10.0,10.049999999999981,0.7033439743315965
18,1217,10,2,20.0,without_chunking,LMM-1,8.0,8.150000000000004,0.8579615903996047
18,1217,10,2,20.0,without_chunking,LMM-2,8.0,8.150000000000004,0.8579615903996047
18,1217,10,4,40.0,without_chunking,LMM-1,8.0,8.149999999999991,0.8246480802598056
18,1217,10,4,40.0,without_chunking,LMM-2,8.0,8.149999999999991,0.8246480802598056
18,1217,10,6,60.0,without_chunking,LMM-1,8.0,8.149999999999983,0.7925118983653683
18,1217,10,6,60.0,without_chunking,LMM-2,8.0,8.149999999999983,0.7925118983653683
18,1217,10,8,80.0,without_chunking,LMM-1,8.0,8.149999999999984,0.7615166386527286
18,1217,10,8,80.0,without_chunking,LMM-2,8.0,8.149999999999984,0.7615166386527286
19,1218,4,2,20.0,without_chunking,LMM-1,11.0,11.000000000000007,0.7880406811011871
19,1218,4,2,20.0,without_chunking,LMM-2,11.0,11.000000000000007,0.7880406811011871
19,1218,4,4,40.0,without_chunking,LMM-1,11.0,10.99999999999999,0.7444035490470258
19,1218,4,4,40.0,without_chunking,LMM-2,11.0,10.99999999999999,0.7444035490470258
19,1218,4,6,60.0,without_chunking,LMM-1,11.0,10.999999999999977,0.703051858640501
19,1218,4,6,60.0,without_chunking,LMM-2,11.0,10.999999999999977,0.703051858640501
19,1218,4,8,80.0,without_chunking,LMM-1,11.0,10.99999999999998,0.6641714208779814
19,1218,4,8,80.0,without_chunking,LMM-2,11.0,10.99999999999998,0.6641714208779814
19,1218,6,2,20.0,without_chunking,LMM-1,11.0,11.000000000000007,0.7932329407215929
19,1218,6,2,20.0,without_chunking,LMM-2,11.0,11.000000000000007,0.7932329407215929
19,1218,6,4,40.0,without_chunking,LMM-1,11.0,10.99999999999999,0.7494342074358279
19,1218,6,4,40.0,without_chunking,LMM-2,11.0,10.99999999999999,0.7494342074358279
19,1218,6,6,60.0,without_chunking,LMM-1,11.0,10.999999999999977,0.7079225540304637
19,1218,6,6,60.0,without_chunking,LMM-2,11.0,10.999999999999977,0.7079225540304637
19,1218,6,8,80.0,without_chunking,LMM-1,11.0,10.99999999999998,0.6686906375888315
19,1218,6,8,80.0,without_chunking,LMM-2,11.0,10.99999999999998,0.6686906375888315
19,1218,8,2,20.0,without_chunking,LMM-1,10.0,10.050000000000006,0.8168563120003418
19,1218,8,2,20.0,without_chunking,LMM-2,10.0,10.050000000000006,0.8168563120003418
19,1218,8,4,40.0,without_chunking,LMM-1,10.0,10.04999999999999,0.7761653235429261
19,1218,8,4,40.0,without_chunking,LMM-2,10.0,10.04999999999999,0.7761653235429261
19,1218,8,6,60.0,without_chunking,LMM-1,10.0,10.049999999999978,0.7373721341873252
19,1218,8,6,60.0,without_chunking,LMM-2,10.0,10.049999999999978,0.7373721341873252
19,1218,8,8,80.0,without_chunking,LMM-1,10.0,10.049999999999981,0.7004564040690342
19,1218,8,8,80.0,without_chunking,LMM-2,10.0,10.049999999999981,0.7004564040690342
19,1218,10,2,20.0,without_chunking,LMM-1,10.0,10.050000000000006,0.8225472592319781
19,1218,10,2,20.0,without_chunking,LMM-2,10.0,10.050000000000006,0.8225472592319781
19,1218,10,4,40.0,without_chunking,LMM-1,10.0,10.04999999999999,0.7819270548933208
19,1218,10,4,40.0,without_chunking,LMM-2,10.0,10.04999999999999,0.7819270548933208
19,1218,10,6,60.0,without_chunking,LMM-1,10.0,10.049999999999978,0.7431854672550977
19,1218,10,6,60.0,without_chunking,LMM-2,10.0,10.049999999999978,0.7431854672550977
19,1218,10,8,80.0,without_chunking,LMM-1,10.0,10.049999999999981,0.7062423762225022
19,1218,10,8,80.0,without_chunking,LMM-2,10.0,10.049999999999981,0.7062423762225022
20,1219,4,2,20.0,without_chunking,LMM-1,13.0,12.90000000000001,0.756346975762083
20,1219,4,2,20.0,without_chunking,LMM-2,13.0,12.90000000000001,0.756346975762083
20,1219,4,4,40.0,without_chunking,LMM-1,13.0,12.899999999999986,0.7063190750154752
20,1219,4,4,40.0,without_chunking,LMM-2,13.0,12.899999999999986,0.7063190750154752
20,1219,4,6,60.0,without_chunking,LMM-1,13.0,12.899999999999972,0.659467923393749
20,1219,4,6,60.0,without_chunking,LMM-2,13.0,12.899999999999972,0.659467923393749
20,1219,4,8,80.0,without_chunking,LMM-1,13.0,12.899999999999977,0.6161775602031979
20,1219,4,8,80.0,without_chunking,LMM-2,13.0,12.899999999999977,0.6161775602031979
20,1219,6,2,20.0,without_chunking,LMM-1,11.0,11.000000000000007,0.8049369610542454
20,1219,6,2,20.0,without_chunking,LMM-2,11.0,11.000000000000007,0.8049369610542454
20,1219,6,4,40.0,without_chunking,LMM-1,11.0,10.99999999999999,0.7611490080330409
20,1219,6,4,40.0,without_chunking,LMM-2,11.0,10.99999999999999,0.7611490080330409
20,1219,6,6,60.0,without_chunking,LMM-1,11.0,10.999999999999977,0.7196140035544749
20,1219,6,6,60.0,without_chunking,LMM-2,11.0,10.999999999999977,0.7196140035544749
20,1219,6,8,80.0,without_chunking,LMM-1,11.0,10.99999999999998,0.6802520174733995
20,1219,6,8,80.0,without_chunking,LMM-2,11.0,10.99999999999998,0.6802520174733995
20,1219,8,2,20.0,without_chunking,LMM-1,11.0,11.000000000000007,0.8049369610542454
20,1219,8,2,20.0,without_chunking,LMM-2,11.0,11.000000000000007,0.8049369610542454
20,1219,8,4,40.0,without_chunking,LMM-1,11.0,10.99999999999999,0.7611490080330409
20,1219,8,4,40.0,without_chunking,LMM-2,11.0,10.99999999999999,0.7611490080330409
20,1219,8,6,60.0,without_chunking,LMM-1,11.0,10.999999999999977,0.7196140035544749
20,1219,8,6,60.0,without_chunking,LMM-2,11.0,10.999999999999977,0.7196140035544749
20,1219,8,8,80.0,without_chunking,LMM-1,11.0,10.99999999999998,0.6802520174733995
20,1219,8,8,80.0,without_chunking,LMM-2,11.0,10.99999999999998,0.6802520174733995
20,1219,10,2,20.0,without_chunking,LMM-1,9.0,9.100000000000005,0.842424256033582
20,1219,10,2,20.0,without_chunking,LMM-2,8.5,8.625000000000004,0.873580665849473
20,1219,10,4,40.0,without_chunking,LMM-1,9.0,9.09999999999999,0.8052346041893791
20,1219,10,4,40.0,without_chunking,LMM-2,8.5,8.62499999999999,0.858216477105689
20,1219,10,6,60.0,without_chunking,LMM-1,9.0,9.09999999999998,0.7695635145841762
20,1219,10,6,60.0,without_chunking,LMM-2,8.5,8.62499999999998,0.8431192097125431
20,1219,10,8,80.0,without_chunking,LMM-1,9.0,9.099999999999984,0.7353547013803725
20,1219,10,8,80.0,without_chunking,LMM-2,8.5,8.624999999999984,0.8282844146350365
21,1220,4,2,20.0,without_chunking,LMM-1,12.0,11.95000000000001,0.7717996799695802
21,1220,4,2,20.0,without_chunking,LMM-2,12.0,11.95000000000001,0.7717996799695802
21,1220,4,4,40.0,without_chunking,LMM-1,12.0,11.949999999999989,0.7253627510162919
21,1220,4,4,40.0,without_chunking,LMM-2,12.0,11.949999999999989,0.7253627510162919
21,1220,4,6,60.0,without_chunking,LMM-1,12.0,11.949999999999974,0.6815898405946508
21,1220,4,6,60.0,without_chunking,LMM-2,12.0,11.949999999999974,0.6815898405946508
21,1220,4,8,80.0,without_chunking,LMM-1,12.0,11.94999999999998,0.6404333014705678
21,1220,4,8,80.0,without_chunking,LMM-2,12.0,11.94999999999998,0.6404333014705678
21,1220,6,2,20.0,without_chunking,LMM-1,10.0,10.050000000000006,0.8298988459640941
21,1220,6,2,20.0,without_chunking,LMM-2,10.0,10.050000000000006,0.8298988459640941
21,1220,6,4,40.0,without_chunking,LMM-1,10.0,10.04999999999999,0.8089134199552414
21,1220,6,4,40.0,without_chunking,LMM-2,10.0,10.04999999999999,0.8089134199552414
21,1220,6,6,60.0,without_chunking,LMM-1,10.0,10.049999999999978,0.7884238162789202
21,1220,6,6,60.0,without_chunking,LMM-2,10.0,10.049999999999978,0.7884238162789202
21,1220,6,8,80.0,without_chunking,LMM-1,10.0,10.049999999999981,0.76841926046467
21,1220,6,8,80.0,without_chunking,LMM-2,10.0,10.049999999999981,0.76841926046467
21,1220,8,2,20.0,without_chunking,LMM-1,10.0,10.050000000000006,0.8172311971997557
21,1220,8,2,20.0,without_chunking,LMM-2,10.0,10.050000000000006,0.8172311971997557
21,1220,8,4,40.0,without_chunking,LMM-1,10.0,10.04999999999999,0.777175069448896
21,1220,8,4,40.0,without_chunking,LMM-2,10.0,10.04999999999999,0.777175069448896
21,1220,8,6,60.0,without_chunking,LMM-1,10.0,10.049999999999978,0.7389572444190484
21,1220,8,6,60.0,without_chunking,LMM-2,10.0,10.049999999999978,0.7389572444190484
21,1220,8,8,80.0,without_chunking,LMM-1,10.0,10.049999999999981,0.7025223269850984
21,1220,8,8,80.0,without_chunking,LMM-2,10.0,10.049999999999981,0.7025223269850984
21,1220,10,2,20.0,without_chunking,LMM-1,8.0,8.150000000000004,0.8554378207378
21,1220,10,2,20.0,without_chunking,LMM-2,8.0,8.150000000000004,0.8554378207378
21,1220,10,4,40.0,without_chunking,LMM-1,8.0,8.149999999999991,0.8215928122595242
21,1220,10,4,40.0,without_chunking,LMM-2,8.0,8.149999999999991,0.8215928122595242
21,1220,10,6,60.0,without_chunking,LMM-1,8.0,8.149999999999983,0.7889671262847222
21,1220,10,6,60.0,without_chunking,LMM-2,8.0,8.149999999999983,0.7889671262847222
21,1220,10,8,80.0,without_chunking,LMM-1,8.0,8.149999999999984,0.7575216995601528
21,1220,10,8,80.0,without_chunking,LMM-2,8.0,8.149999999999984,0.7575216995601528
22,1221,4,2,20.0,without_chunking,LMM-1,12.0,11.95000000000001,0.7701829623219708
22,1221,4,2,20.0,without_chunking,LMM-2,12.0,11.95000000000001,0.7701829623219708
22,1221,4,4,40.0,without_chunking,LMM-1,12.0,11.949999999999989,0.7236742966093139
22,1221,4,4,40.0,without_chunking,LMM-2,12.0,11.949999999999989,0.7236742966093139
22,1221,4,6,60.0,without_chunking,LMM-1,12.0,11.949999999999974,0.6798434851871475
22,1221,4,6,60.0,without_chunking,LMM-2,12.0,11.949999999999974,0.6798434851871475
22,1221,4,8,80.0,without_chunking,LMM-1,12.0,11.94999999999998,0.6387520572646908
22,1221,4,8,80.0,without_chunking,LMM-2,12.0,11.94999999999998,0.6387520572646908
22,1221,6,2,20.0,without_chunking,LMM-1,11.0,11.000000000000007,0.7913628690969836
22,1221,6,2,20.0,without_chunking,LMM-2,11.0,11.000000000000007,0.7913628690969836
22,1221,6,4,40.0,without_chunking,LMM-1,11.0,10.99999999999999,0.7480622025401114
22,1221,6,4,40.0,without_chunking,LMM-2,11.0,10.99999999999999,0.7480622025401114
22,1221,6,6,60.0,without_chunking,LMM-1,11.0,10.999999999999977,0.7070021355171778
22,1221,6,6,60.0,without_chunking,LMM-2,11.0,10.999999999999977,0.7070021355171778
22,1221,6,8,80.0,without_chunking,LMM-1,11.0,10.99999999999998,0.6681684095152434
22,1221,6,8,80.0,without_chunking,LMM-2,11.0,10.99999999999998,0.6681684095152434
22,1221,8,2,20.0,without_chunking,LMM-1,11.0,11.000000000000007,0.8151173649286794
22,1221,8,2,20.0,without_chunking,LMM-2,11.0,11.000000000000007,0.8151173649286794
22,1221,8,4,40.0,without_chunking,LMM-1,11.0,10.99999999999999,0.790709192832759
22,1221,8,4,40.0,without_chunking,LMM-2,11.0,10.99999999999999,0.790709192832759
22,1221,8,6,60.0,without_chunking,LMM-1,11.0,10.999999999999977,0.7669882794949145
22,1221,8,6,60.0,without_chunking,LMM-2,11.0,10.999999999999977,0.7669882794949145
22,1221,8,8,80.0,without_chunking,LMM-1,11.0,10.99999999999998,0.7439366627982215
22,1221,8,8,80.0,without_chunking,LMM-2,11.0,10.99999999999998,0.7439366627982215
22,1221,10,2,20.0,without_chunking,LMM-1,11.0,11.000000000000007,0.7973359795017139
22,1221,10,2,20.0,without_chunking,LMM-2,11.0,11.000000000000007,0.7973359795017139
22,1221,10,4,40.0,without_chunking,LMM-1,11.0,10.99999999999999,0.7536121164566969
22,1221,10,4,40.0,without_chunking,LMM-2,11.0,10.99999999999999,0.7536121164566969
22,1221,10,6,60.0,without_chunking,LMM-1,11.0,10.999999999999977,0.7121568806786693
22,1221,10,6,60.0,without_chunking,LMM-2,11.0,10.999999999999977,0.7121568806786693
22,1221,10,8,80.0,without_chunking,LMM-1,11.0,10.99999999999998,0.6728603430519071
22,1221,10,8,80.0,without_chunking,LMM-2,11.0,10.99999999999998,0.6728603430519071
23,1222,4,2,20.0,without_chunking,LMM-1,14.0,13.850000000000012,0.7440770144924718
23,1222,4,2,20.0,without_chunking,LMM-2,14.0,13.850000000000012,0.7440770144924718
23,1222,4,4,40.0,without_chunking,LMM-1,14.0,13.849999999999985,0.6914479644113255
23,1222,4,4,40.0,without_chunking,LMM-2,14.0,13.849999999999985,0.6914479644113255
23,1222,4,6,60.0,without_chunking,LMM-1,14.0,13.849999999999968,0.6424144862898755
23,1222,4,6,60.0,without_chunking,LMM-2,14.0,13.849999999999968,0.6424144862898755
23,1222,4,8,80.0,without_chunking,LMM-1,14.0,13.849999999999977,0.5967672574445202
23,1222,4,8,80.0,without_chunking,LMM-2,14.0,13.849999999999977,0.5967672574445202
23,1222,6,2,20.0,without_chunking,LMM-1,13.0,12.90000000000001,0.7667999995916823
23,1222,6,2,20.0,without_chunking,LMM-2,13.0,12.90000000000001,0.7667999995916823
23,1222,6,4,40.0,without_chunking,LMM-1,13.0,12.899999999999986,0.717038595744837
23,1222,6,4,40.0,without_chunking,LMM-2,13.0,12.899999999999986,0.717038595744837
23,1222,6,6,60.0,without_chunking,LMM-1,13.0,12.899999999999972,0.6703780864484838
23,1222,6,6,60.0,without_chunking,LMM-2,13.0,12.899999999999972,0.6703780864484838
23,1222,6,8,80.0,without_chunking,LMM-1,13.0,12.899999999999977,0.6267343612996628
23,1222,6,8,80.0,without_chunking,LMM-2,13.0,12.899999999999977,0.6267343612996628
23,1222,8,2,20.0,without_chunking,LMM-1,13.0,12.90000000000001,0.7667999995916823
23,1222,8,2,20.0,without_chunking,LMM-2,13.0,12.90000000000001,0.7667999995916823
23,1222,8,4,40.0,without_chunking,LMM-1,13.0,12.899999999999986,0.717038595744837
23,1222,8,4,40.0,without_chunking,LMM-2,13.0,12.899999999999986,0.717038595744837
23,1222,8,6,60.0,without_chunking,LMM-1,13.0,12.899999999999972,0.6703780864484838
23,1222,8,6,60.0,without_chunking,LMM-2,13.0,12.899999999999972,0.6703780864484838
23,1222,8,8,80.0,without_chunking,LMM-1,13.0,12.899999999999977,0.6267343612996628
23,1222,8,8,80.0,without_chunking,LMM-2,13.0,12.899999999999977,0.6267343612996628
23,1222,10,2,20.0,without_chunking,LMM-1,11.0,11.000000000000007,0.8136677290078616
23,1222,10,2,20.0,without_chunking,LMM-2,11.0,11.000000000000007,0.8136677290078616
23,1222,10,4,40.0,without_chunking,LMM-1,11.0,10.99999999999999,0.7699004917691548
23,1222,10,4,40.0,without_chunking,LMM-2,11.0,10.99999999999999,0.7699004917691548
23,1222,10,6,60.0,without_chunking,LMM-1,11.0,10.999999999999977,0.7283604065687945
23,1222,10,6,60.0,without_chunking,LMM-2,11.0,10.999999999999977,0.7283604065687945
23,1222,10,8,80.0,without_chunking,LMM-1,11.0,10.99999999999998,0.6889416495159879
23,1222,10,8,80.0,without_chunking,LMM-2,11.0,10.99999999999998,0.6889416495159879
24,1223,4,2,20.0,without_chunking,LMM-1,12.0,11.95000000000001,0.7624812208153384
24,1223,4,2,20.0,without_chunking,LMM-2,12.0,11.95000000000001,0.7624812208153384
24,1223,4,4,40.0,without_chunking,LMM-1,12.0,11.949999999999989,0.7157333440613685
24,1223,4,4,40.0,without_chunking,LMM-2,12.0,11.949999999999989,0.7157333440613685
24,1223,4,6,60.0,without_chunking,LMM-1,12.0,11.949999999999974,0.6717183235325505
24,1223,4,6,60.0,without_chunking,LMM-2,12.0,11.949999999999974,0.6717183235325505
24,1223,4,8,80.0,without_chunking,LMM-1,12.0,11.94999999999998,0.6307132812918403
24,1223,4,8,80.0,without_chunking,LMM-2,12.0,11.94999999999998,0.6307132812918403
24,1223,6,2,20.0,without_chunking,LMM-1,11.0,11.000000000000007,0.7979672264418816
24,1223,6,2,20.0,without_chunking,LMM-2,11.0,11.000000000000007,0.7979672264418816
24,1223,6,4,40.0,without_chunking,LMM-1,11.0,10.99999999999999,0.7545590760845269
24,1223,6,4,40.0,without_chunking,LMM-2,11.0,10.99999999999999,0.7545590760845269
24,1223,6,6,60.0,without_chunking,LMM-1,11.0,10.999999999999977,0.713384431318848
24,1223,6,6,60.0,without_chunking,LMM-2,11.0,10.999999999999977,0.713384431318848
24,1223,6,8,80.0,without_chunking,LMM-1,11.0,10.99999999999998,0.6744135495042443
24,1223,6,8,80.0,without_chunking,LMM-2,11.0,10.99999999999998,0.6744135495042443
24,1223,8,2,20.0,without_chunking,LMM-1,11.0,11.000000000000007,0.7979672264418816
24,1223,8,2,20.0,without_chunking,LMM-2,11.0,11.000000000000007,0.7979672264418816
24,1223,8,4,40.0,without_chunking,LMM-1,11.0,10.99999999999999,0.7545590760845269
24,1223,8,4,40.0,without_chunking,LMM-2,11.0,10.99999999999999,0.7545590760845269
24,1223,8,6,60.0,without_chunking,LMM-1,11.0,10.999999999999977,0.713384431318848
24,1223,8,6,60.0,without_chunking,LMM-2,11.0,10.999999999999977,0.713384431318848
24,1223,8,8,80.0,without_chunking,LMM-1,11.0,10.99999999999998,0.6744135495042443
24,1223,8,8,80.0,without_chunking,LMM-2,11.0,10.99999999999998,0.6744135495042443
24,1223,10,2,20.0,without_chunking,LMM-1,10.0,10.050000000000006,0.8148442003592786
24,1223,10,2,20.0,without_chunking,LMM-2,10.0,10.050000000000006,0.8148442003592786
24,1223,10,4,40.0,without_chunking,LMM-1,10.0,10.04999999999999,0.7742156647490142
24,1223,10,4,40.0,without_chunking,LMM-2,10.0,10.04999999999999,0.7742156647490142
24,1223,10,6,60.0,without_chunking,LMM-1,10.0,10.049999999999978,0.7354839274724183
24,1223,10,6,60.0,without_chunking,LMM-2,10.0,10.049999999999978,0.7354839274724183
24,1223,10,8,80.0,without_chunking,LMM-1,10.0,10.049999999999981,0.69865061846693
24,1223,10,8,80.0,without_chunking,LMM-2,10.0,10.049999999999981,0.69865061846693
25,1224,4,2,20.0,without_chunking,LMM-1,12.0,11.95000000000001,0.76442832665145
25,1224,4,2,20.0,without_chunking,LMM-2,12.0,11.95000000000001,0.76442832665145
25,1224,4,4,40.0,without_chunking,LMM-1,12.0,11.949999999999989,0.7173985727623948
25,1224,4,4,40.0,without_chunking,LMM-2,12.0,11.949999999999989,0.7173985727623948
25,1224,4,6,60.0,without_chunking,LMM-1,12.0,11.949999999999974,0.6731271911377181
25,1224,4,6,60.0,without_chunking,LMM-2,12.0,11.949999999999974,0.6731271911377181
25,1224,4,8,80.0,without_chunking,LMM-1,12.0,11.94999999999998,0.6318298420120925
25,1224,4,8,80.0,without_chunking,LMM-2,12.0,11.94999999999998,0.6318298420120925
25,1224,6,2,20.0,without_chunking,LMM-1,11.5,11.475000000000009,0.7973579025388844
25,1224,6,2,20.0,without_chunking,LMM-2,11.5,11.475000000000009,0.7973579025388844
25,1224,6,4,40.0,without_chunking,LMM-1,11.5,11.474999999999989,0.76483169514342
25,1224,6,4,40.0,without_chunking,LMM-2,11.5,11.474999999999989,0.76483169514342
25,1224,6,6,60.0,without_chunking,LMM-1,11.5,11.474999999999975,0.7335589745361283
25,1224,6,6,60.0,without_chunking,LMM-2,11.5,11.474999999999975,0.7335589745361283
25,1224,6,8,80.0,without_chunking,LMM-1,11.5,11.47499999999998,0.7034946355732841
25,1224,6,8,80.0,without_chunking,LMM-2,11.5,11.47499999999998,0.7034946355732841
25,1224,8,2,20.0,without_chunking,LMM-1,10.0,10.050000000000006,0.8212770148503792
25,1224,8,2,20.0,without_chunking,LMM-2,10.0,10.050000000000006,0.8212770148503792
25,1224,8,4,40.0,without_chunking,LMM-1,10.0,10.04999999999999,0.7802943976658083
25,1224,8,4,40.0,without_chunking,LMM-2,10.0,10.04999999999999,0.7802943976658083
25,1224,8,6,60.0,without_chunking,LMM-1,10.0,10.049999999999978,0.7412264129317907
25,1224,8,6,60.0,without_chunking,LMM-2,10.0,10.049999999999978,0.7412264129317907
25,1224,8,8,80.0,without_chunking,LMM-1,10.0,10.049999999999981,0.7041367618177823
25,1224,8,8,80.0,without_chunking,LMM-2,10.0,10.049999999999981,0.7041367618177823
25,1224,10,2,20.0,without_chunking,LMM-1,10.0,10.050000000000006,0.8212770148503792
25,1224,10,2,20.0,without_chunking,LMM-2,10.0,10.050000000000006,0.8212770148503792
25,1224,10,4,40.0,without_chunking,LMM-1,10.0,10.04999999999999,0.7802943976658083
25,1224,10,4,40.0,without_chunking,LMM-2,10.0,10.04999999999999,0.7802943976658083
25,1224,10,6,60.0,without_chunking,LMM-1,10.0,10.049999999999978,0.7412264129317907
25,1224,10,6,60.0,without_chunking,LMM-2,10.0,10.049999999999978,0.7412264129317907
25,1224,10,8,80.0,without_chunking,LMM-1,10.0,10.049999999999981,0.7041367618177823
25,1224,10,8,80.0,without_chunking,LMM-2,10.0,10.049999999999981,0.7041367618177823
26,1225,4,2,20.0,without_chunking,LMM-1,11.0,11.000000000000007,0.7771236897647349
26,1225,4,2,20.0,without_chunking,LMM-2,11.0,11.000000000000007,0.7771236897647349
26,1225,4,4,40.0,without_chunking,LMM-1,11.0,10.99999999999999,0.7330182198027799
26,1225,4,4,40.0,without_chunking,LMM-2,11.0,10.99999999999999,0.7330182198027799
26,1225,4,6,60.0,without_chunking,LMM-1,11.0,10.999999999999977,0.691280365606117
26,1225,4,6,60.0,without_chunking,LMM-2,11.0,10.999999999999977,0.691280365606117
26,1225,4,8,80.0,without_chunking,LMM-1,11.0,10.99999999999998,0.6521951586699869
26,1225,4,8,80.0,without_chunking,LMM-2,11.0,10.99999999999998,0.6521951586699869
26,1225,6,2,20.0,without_chunking,LMM-1,11.0,11.000000000000007,0.7836681409092988
26,1225,6,2,20.0,without_chunking,LMM-2,9.25,9.337500000000006,0.8446153002227336
26,1225,6,4,40.0,without_chunking,LMM-1,11.0,10.99999999999999,0.7393347047376377
26,1225,6,4,40.0,without_chunking,LMM-2,8.0,8.149999999999993,0.8584480537752122
26,1225,6,6,60.0,without_chunking,LMM-1,11.0,10.999999999999977,0.697373440547866
26,1225,6,6,60.0,without_chunking,LMM-2,8.0,8.149999999999983,0.8474055868569008
26,1225,6,8,80.0,without_chunking,LMM-1,11.0,10.99999999999998,0.6578488778910805
26,1225,6,8,80.0,without_chunking,LMM-2,8.0,8.149999999999984,0.8365041342662205
26,1225,8,2,20.0,without_chunking,LMM-1,10.5,10.525000000000006,0.8166337701777505
26,1225,8,2,20.0,without_chunking,LMM-2,10.5,10.525000000000006,0.8166337701777505
26,1225,8,4,40.0,without_chunking,LMM-1,10.5,10.524999999999988,0.7946489763208155
26,1225,8,4,40.0,without_chunking,LMM-2,10.5,10.524999999999988,0.7946489763208155
26,1225,8,6,60.0,without_chunking,LMM-1,10.5,10.524999999999977,0.7732224247771851
26,1225,8,6,60.0,without_chunking,LMM-2,10.5,10.524999999999977,0.7732224247771851
26,1225,8,8,80.0,without_chunking,LMM-1,10.5,10.52499999999998,0.7523409232372038
26,1225,8,8,80.0,without_chunking,LMM-2,10.5,10.52499999999998,0.7523409232372038
26,1225,10,2,20.0,without_chunking,LMM-1,9.0,9.100000000000005,0.8285301701111383
26,1225,10,2,20.0,without_chunking,LMM-2,9.0,9.100000000000005,0.8285301701111383
26,1225,10,4,40.0,without_chunking,LMM-1,9.0,9.09999999999999,0.7908471173219374
26,1225,10,4,40.0,without_chunking,LMM-2,9.0,9.09999999999999,0.7908471173219374
26,1225,10,6,60.0,without_chunking,LMM-1,9.0,9.09999999999998,0.7547491090165175
26,1225,10,6,60.0,without_chunking,LMM-2,9.0,9.09999999999998,0.7547491090165175
26,1225,10,8,80.0,without_chunking,LMM-1,9.0,9.099999999999984,0.7202510360371601
26,1225,10,8,80.0,without_chunking,LMM-2,9.0,9.099999999999984,0.7202510360371601
27,1226,4,2,20.0,without_chunking,LMM-1,10.0,10.050000000000006,0.8099023662355349
27,1226,4,2,20.0,without_chunking,LMM-2,10.0,10.050000000000006,0.8099023662355349
27,1226,4,4,40.0,without_chunking,LMM-1,10.0,10.04999999999999,0.7691990984694055
27,1226,4,4,40.0,without_chunking,LMM-2,10.0,10.04999999999999,0.7691990984694055
27,1226,4,6,60.0,without_chunking,LMM-1,10.0,10.049999999999978,0.7304105626750108
27,1226,4,6,60.0,without_chunking,LMM-2,10.0,10.049999999999978,0.7304105626750108
27,1226,4,8,80.0,without_chunking,LMM-1,10.0,10.049999999999981,0.6936777694521831
27,1226,4,8,80.0,without_chunking,LMM-2,10.0,10.049999999999981,0.6936777694521831
27,1226,6,2,20.0,without_chunking,LMM-1,10.0,10.050000000000006,0.8154610618230982
27,1226,6,2,20.0,without_chunking,LMM-2,10.0,10.050000000000006,0.8154610618230982
27,1226,6,4,40.0,without_chunking,LMM-1,10.0,10.04999999999999,0.7749715453181028
27,1226,6,4,40.0,without_chunking,LMM-2,10.0,10.04999999999999,0.7749715453181028
27,1226,6,6,60.0,without_chunking,LMM-1,10.0,10.049999999999978,0.7363641625793711
27,1226,6,6,60.0,without_chunking,LMM-2,10.0,10.049999999999978,0.7363641625793711
27,1226,6,8,80.0,without_chunking,LMM-1,10.0,10.049999999999981,0.699733468456037
27,1226,6,8,80.0,without_chunking,LMM-2,10.0,10.049999999999981,0.699733468456037
27,1226,8,2,20.0,without_chunking,LMM-1,10.0,10.050000000000006,0.8154610618230982
27,1226,8,2,20.0,without_chunking,LMM-2,10.0,10.050000000000006,0.8154610618230982
27,1226,8,4,40.0,without_chunking,LMM-1,10.0,10.04999999999999,0.7749715453181028
27,1226,8,4,40.0,without_chunking,LMM-2,10.0,10.04999999999999,0.7749715453181028
27,1226,8,6,60.0,without_chunking,LMM-1,10.0,10.049999999999978,0.7363641625793711
27,1226,8,6,60.0,without_chunking,LMM-2,10.0,10.049999999999978,0.7363641625793711
27,1226,8,8,80.0,without_chunking,LMM-1,10.0,10.049999999999981,0.699733468456037
27,1226,8,8,80.0,without_chunking,LMM-2,10.0,10.049999999999981,0.699733468456037
27,1226,10,2,20.0,without_chunking,LMM-1,9.0,9.100000000000005,0.8421770173636132
27,1226,10,2,20.0,without_chunking,LMM-2,9.0,9.100000000000005,0.8421770173636132
27,1226,10,4,40.0,without_chunking,LMM-1,9.0,9.09999999999999,0.8053337320733327
27,1226,10,4,40.0,without_chunking,LMM-2,9.0,9.09999999999999,0.8053337320733327
27,1226,10,6,60.0,without_chunking,LMM-1,9.0,9.09999999999998,0.7699809300508209
27,1226,10,6,60.0,without_chunking,LMM-2,9.0,9.09999999999998,0.7699809300508209
27,1226,10,8,80.0,without_chunking,LMM-1,9.0,9.099999999999984,0.7360729067653414
27,1226,10,8,80.0,without_chunking,LMM-2,9.0,9.099999999999984,0.7360729067653414
28,1227,4,2,20.0,without_chunking,LMM-1,16.0,15.750000000000012,0.7079420522887063
28,1227,4,2,20.0,without_chunking,LMM-2,16.0,15.750000000000012,0.7079420522887063
28,1227,4,4,40.0,without_chunking,LMM-1,16.0,15.749999999999979,0.6504001164663555
28,1227,4,4,40.0,without_chunking,LMM-2,16.0,15.749999999999979,0.6504001164663555
28,1227,4,6,60.0,without_chunking,LMM-1,16.0,15.749999999999963,0.5974193867045655
28,1227,4,6,60.0,without_chunking,LMM-2,16.0,15.749999999999963,0.5974193867045655
28,1227,4,8,80.0,without_chunking,LMM-1,16.0,15.749999999999973,0.5486498183356091
28,1227,4,8,80.0,without_chunking,LMM-2,16.0,15.749999999999973,0.5486498183356091
28,1227,6,2,20.0,without_chunking,LMM-1,12.5,12.425000000000008,0.7787293052811666
28,1227,6,2,20.0,without_chunking,LMM-2,12.5,12.425000000000008,0.7787293052811666
28,1227,6,4,40.0,without_chunking,LMM-1,12.5,12.424999999999988,0.7330698799096852
28,1227,6,4,40.0,without_chunking,LMM-2,12.5,12.424999999999988,0.7330698799096852
28,1227,6,6,60.0,without_chunking,LMM-1,12.5,12.424999999999974,0.68997088127505
28,1227,6,6,60.0,without_chunking,LMM-2,12.5,12.424999999999974,0.68997088127505
28,1227,6,8,80.0,without_chunking,LMM-1,12.5,12.42499999999998,0.6492964188836945
28,1227,6,8,80.0,without_chunking,LMM-2,12.5,12.42499999999998,0.6492964188836945
28,1227,8,2,20.0,without_chunking,LMM-1,12.0,11.95000000000001,0.787863627930787
28,1227,8,2,20.0,without_chunking,LMM-2,12.0,11.95000000000001,0.787863627930787
28,1227,8,4,40.0,without_chunking,LMM-1,12.0,11.949999999999989,0.7404975247265428
28,1227,8,4,40.0,without_chunking,LMM-2,12.0,11.949999999999989,0.7404975247265428
28,1227,8,6,60.0,without_chunking,LMM-1,12.0,11.949999999999974,0.6958476241190233
28,1227,8,6,60.0,without_chunking,LMM-2,12.0,11.949999999999974,0.6958476241190233
28,1227,8,8,80.0,without_chunking,LMM-1,12.0,11.94999999999998,0.6537670169979227
28,1227,8,8,80.0,without_chunking,LMM-2,12.0,11.94999999999998,0.6537670169979227
28,1227,10,2,20.0,without_chunking,LMM-1,12.0,11.95000000000001,0.787863627930787
28,1227,10,2,20.0,without_chunking,LMM-2,12.0,11.95000000000001,0.787863627930787
28,1227,10,4,40.0,without_chunking,LMM-1,12.0,11.949999999999989,0.7404975247265428
28,1227,10,4,40.0,without_chunking,LMM-2,12.0,11.949999999999989,0.7404975247265428
28,1227,10,6,60.0,without_chunking,LMM-1,12.0,11.949999999999974,0.6958476241190233
28,1227,10,6,60.0,without_chunking,LMM-2,12.0,11.949999999999974,0.6958476241190233
28,1227,10,8,80.0,without_chunking,LMM-1,12.0,11.94999999999998,0.6537670169979227
28,1227,10,8,80.0,without_chunking,LMM-2,12.0,11.94999999999998,0.6537670169979227
29,1228,4,2,20.0,without_chunking,LMM-1,13.0,12.90000000000001,0.7749635278408706
29,1228,4,2,20.0,without_chunking,LMM-2,13.0,12.90000000000001,0.7749635278408706
29,1228,4,4,40.0,without_chunking,LMM-1,13.0,12.899999999999986,0.7249990198477747
29,1228,4,4,40.0,without_chunking,LMM-2,13.0,12.899999999999986,0.7249990198477747
29,1228,4,6,60.0,without_chunking,LMM-1,13.0,12.899999999999972,0.678127745060226
29,1228,4,6,60.0,without_chunking,LMM-2,13.0,12.899999999999972,0.678127745060226
29,1228,4,8,80.0,without_chunking,LMM-1,13.0,12.899999999999977,0.6342093586887578
29,1228,4,8,80.0,without_chunking,LMM-2,13.0,12.899999999999977,0.6342093586887578
29,1228,6,2,20.0,without_chunking,LMM-1,13.0,12.90000000000001,0.7749635278408706
29,1228,6,2,20.0,without_chunking,LMM-2,13.0,12.90000000000001,0.7749635278408706
29,1228,6,4,40.0,without_chunking,LMM-1,13.0,12.899999999999986,0.7249990198477747
29,1228,6,4,40.0,without_chunking,LMM-2,13.0,12.899999999999986,0.7249990198477747
29,1228,6,6,60.0,without_chunking,LMM-1,13.0,12.899999999999972,0.678127745060226
29,1228,6,6,60.0,without_chunking,LMM-2,13.0,12.899999999999972,0.678127745060226
29,1228,6,8,80.0,without_chunking,LMM-1,13.0,12.899999999999977,0.6342093586887578
29,1228,6,8,80.0,without_chunking,LMM-2,13.0,12.899999999999977,0.6342093586887578
29,1228,8,2,20.0,without_chunking,LMM-1,12.0,11.95000000000001,0.8026685999855471
29,1228,8,2,20.0,without_chunking,LMM-2,12.0,11.95000000000001,0.8026685999855471
29,1228,8,4,40.0,without_chunking,LMM-1,12.0,11.949999999999989,0.7557339944176522
29,1228,8,4,40.0,without_chunking,LMM-2,12.0,11.949999999999989,0.7557339944176522
29,1228,8,6,60.0,without_chunking,LMM-1,12.0,11.949999999999974,0.7114170358944618
29,1228,8,6,60.0,without_chunking,LMM-2,12.0,11.949999999999974,0.7114170358944618
29,1228,8,8,80.0,without_chunking,LMM-1,12.0,11.94999999999998,0.6695800367539331
29,1228,8,8,80.0,without_chunking,LMM-2,12.0,11.94999999999998,0.6695800367539331
29,1228,10,2,20.0,without_chunking,LMM-1,11.5,11.475000000000009,0.8153955861290259
29,1228,10,2,20.0,without_chunking,LMM-2,11.5,11.475000000000009,0.8153955861290259
29,1228,10,4,40.0,without_chunking,LMM-1,11.5,11.474999999999989,0.773174691160637
29,1228,10,4,40.0,without_chunking,LMM-2,11.5,11.474999999999989,0.773174691160637
29,1228,10,6,60.0,without_chunking,LMM-1,11.5,11.474999999999975,0.7330277409495511
29,1228,10,6,60.0,without_chunking,LMM-2,11.5,11.474999999999975,0.7330277409495511
29,1228,10,8,80.0,without_chunking,LMM-1,11.5,11.47499999999998,0.6948592482780328
29,1228,10,8,80.0,without_chunking,LMM-2,11.5,11.47499999999998,0.6948592482780328
30,1229,4,2,20.0,without_chunking,LMM-1,12.0,11.95000000000001,0.769169818871296
30,1229,4,2,20.0,without_chunking,LMM-2,12.0,11.95000000000001,0.769169818871296
30,1229,4,4,40.0,without_chunking,LMM-1,12.0,11.949999999999989,0.7230138481733681
30,1229,4,4,40.0,without_chunking,LMM-2,12.0,11.949999999999989,0.7230138481733681
30,1229,4,6,60.0,without_chunking,LMM-1,12.0,11.949999999999974,0.6794989611845975
30,1229,4,6,60.0,without_chunking,LMM-2,12.0,11.949999999999974,0.6794989611845975
30,1229,4,8,80.0,without_chunking,LMM-1,12.0,11.94999999999998,0.6385485806325408
30,1229,4,8,80.0,without_chunking,LMM-2,12.0,11.94999999999998,0.6385485806325408
30,1229,6,2,20.0,without_chunking,LMM-1,10.0,10.050000000000006,0.8155437280023734
30,1229,6,2,20.0,without_chunking,LMM-2,10.0,10.050000000000006,0.8155437280023734
30,1229,6,4,40.0,without_chunking,LMM-1,10.0,10.04999999999999,0.7751633024374545
30,1229,6,4,40.0,without_chunking,LMM-2,10.0,10.04999999999999,0.7751633024374545
30,1229,6,6,60.0,without_chunking,LMM-1,10.0,10.049999999999978,0.7366549883802535
30,1229,6,6,60.0,without_chunking,LMM-2,10.0,10.049999999999978,0.7366549883802535
30,1229,6,8,80.0,without_chunking,LMM-1,10.0,10.049999999999981,0.6999700801412465
30,1229,6,8,80.0,without_chunking,LMM-2,10.0,10.049999999999981,0.6999700801412465
30,1229,8,2,20.0,without_chunking,LMM-1,9.0,9.100000000000005,0.8397890089402794
30,1229,8,2,20.0,without_chunking,LMM-2,9.0,9.100000000000005,0.8397890089402794
30,1229,8,4,40.0,without_chunking,LMM-1,9.0,9.09999999999999,0.8032373855417243
30,1229,8,4,40.0,without_chunking,LMM-2,9.0,9.09999999999999,0.8032373855417243
30,1229,8,6,60.0,without_chunking,LMM-1,9.0,9.09999999999998,0.7681573905499692
30,1229,8,6,60.0,without_chunking,LMM-2,9.0,9.09999999999998,0.7681573905499692
30,1229,8,8,80.0,without_chunking,LMM-1,9.0,9.099999999999984,0.73449523685155
30,1229,8,8,80.0,without_chunking,LMM-2,9.0,9.099999999999984,0.73449523685155
30,1229,10,2,20.0,without_chunking,LMM-1,8.0,8.150000000000004,0.8548624400872855
30,1229,10,2,20.0,without_chunking,LMM-2,8.0,8.150000000000004,0.8548624400872855
30,1229,10,4,40.0,without_chunking,LMM-1,8.0,8.149999999999991,0.8213694214010797
30,1229,10,4,40.0,without_chunking,LMM-2,8.0,8.149999999999991,0.8213694214010797
30,1229,10,6,60.0,without_chunking,LMM-1,8.0,8.149999999999983,0.7890712361249762
30,1229,10,6,60.0,without_chunking,LMM-2,8.0,8.149999999999983,0.7890712361249762
30,1229,10,8,80.0,without_chunking,LMM-1,8.0,8.149999999999984,0.7579299818769447
30,1229,10,8,80.0,without_chunking,LMM-2,8.0,8.149999999999984,0.7579299818769447
31,1230,4,2,20.0,without_chunking,LMM-1,13.0,12.90000000000001,0.7634406259639069
31,1230,4,2,20.0,without_chunking,LMM-2,13.0,12.90000000000001,0.7634406259639069
31,1230,4,4,40.0,without_chunking,LMM-1,13.0,12.899999999999986,0.7375038112690268
31,1230,4,4,40.0,without_chunking,LMM-2,13.0,12.899999999999986,0.7375038112690268
31,1230,4,6,60.0,without_chunking,LMM-1,13.0,12.899999999999972,0.7124114080516892
31,1230,4,6,60.0,without_chunking,LMM-2,13.0,12.899999999999972,0.7124114080516892
31,1230,4,8,80.0,without_chunking,LMM-1,13.0,12.899999999999977,0.6881373413875145
31,1230,4,8,80.0,without_chunking,LMM-2,13.0,12.899999999999977,0.6881373413875145
31,1230,6,2,20.0,without_chunking,LMM-1,11.0,11.000000000000007,0.8099003885614834
31,1230,6,2,20.0,without_chunking,LMM-2,11.0,11.000000000000007,0.8099003885614834
31,1230,6,4,40.0,without_chunking,LMM-1,11.0,10.99999999999999,0.7872247312843534
31,1230,6,4,40.0,without_chunking,LMM-2,11.0,10.99999999999999,0.7872247312843534
31,1230,6,6,60.0,without_chunking,LMM-1,11.0,10.999999999999977,0.7651482410460146
31,1230,6,6,60.0,without_chunking,LMM-2,11.0,10.999999999999977,0.7651482410460146
31,1230,6,8,80.0,without_chunking,LMM-1,11.0,10.99999999999998,0.7436561751111785
31,1230,6,8,80.0,without_chunking,LMM-2,11.0,10.99999999999998,0.7436561751111785
31,1230,8,2,20.0,without_chunking,LMM-1,10.0,10.050000000000006,0.8110666646960152
31,1230,8,2,20.0,without_chunking,LMM-2,10.0,10.050000000000006,0.8110666646960152
31,1230,8,4,40.0,without_chunking,LMM-1,10.0,10.04999999999999,0.7701678375641305
31,1230,8,4,40.0,without_chunking,LMM-2,10.0,10.04999999999999,0.7701678375641305
31,1230,8,6,60.0,without_chunking,LMM-1,10.0,10.049999999999978,0.731199570827958
31,1230,8,6,60.0,without_chunking,LMM-2,10.0,10.049999999999978,0.731199570827958
31,1230,8,8,80.0,without_chunking,LMM-1,10.0,10.049999999999981,0.6943467593870576
31,1230,8,8,80.0,without_chunking,LMM-2,10.0,10.049999999999981,0.6943467593870576
31,1230,10,2,20.0,without_chunking,LMM-1,9.0,9.100000000000005,0.8367364029712512
31,1230,10,2,20.0,without_chunking,LMM-2,9.0,9.100000000000005,0.8367364029712512
31,1230,10,4,40.0,without_chunking,LMM-1,9.0,9.09999999999999,0.7991554365522561
31,1230,10,4,40.0,without_chunking,LMM-2,9.0,9.09999999999999,0.7991554365522561
31,1230,10,6,60.0,without_chunking,LMM-1,9.0,9.09999999999998,0.7631351983644344
31,1230,10,6,60.0,without_chunking,LMM-2,9.0,9.09999999999998,0.7631351983644344
31,1230,10,8,80.0,without_chunking,LMM-1,9.0,9.099999999999984,0.728684457509442
31,1230,10,8,80.0,without_chunking,LMM-2,9.0,9.099999999999984,0.728684457509442
32,1231,4,2,20.0,without_chunking,LMM-1,12.0,11.95000000000001,0.7706932149394277
32,1231,4,2,20.0,without_chunking,LMM-2,12.0,11.95000000000001,0.7706932149394277
32,1231,4,4,40.0,without_chunking,LMM-1,12.0,11.949999999999989,0.724335515839893
32,1231,4,4,40.0,without_chunking,LMM-2,12.0,11.949999999999989,0.724335515839893
32,1231,4,6,60.0,without_chunking,LMM-1,12.0,11.949999999999974,0.6806371110021556
32,1231,4,6,60.0,without_chunking,LMM-2,12.0,11.949999999999974,0.6806371110021556
32,1231,4,8,80.0,without_chunking,LMM-1,12.0,11.94999999999998,0.6395061513026062
32,1231,4,8,80.0,without_chunking,LMM-2,12.0,11.94999999999998,0.6395061513026062
32,1231,6,2,20.0,without_chunking,LMM-1,12.0,11.95000000000001,0.7838441086541814
32,1231,6,2,20.0,without_chunking,LMM-2,12.0,11.95000000000001,0.7838441086541814
32,1231,6,4,40.0,without_chunking,LMM-1,12.0,11.949999999999989,0.7373182113144789
32,1231,6,4,40.0,without_chunking,LMM-2,12.0,11.949999999999989,0.7373182113144789
32,1231,6,6,60.0,without_chunking,LMM-1,12.0,11.949999999999974,0.6934266157254818
32,1231,6,6,60.0,without_chunking,LMM-2,12.0,11.949999999999974,0.6934266157254818
32,1231,6,8,80.0,without_chunking,LMM-1,12.0,11.94999999999998,0.6520286359334129
32,1231,6,8,80.0,without_chunking,LMM-2,12.0,11.94999999999998,0.6520286359334129
32,1231,8,2,20.0,without_chunking,LMM-1,11.0,11.000000000000007,0.7965742252138139
32,1231,8,2,20.0,without_chunking,LMM-2,11.0,11.000000000000007,0.7965742252138139
32,1231,8,4,40.0,without_chunking,LMM-1,11.0,10.99999999999999,0.7532843242356217
32,1231,8,4,40.0,without_chunking,LMM-2,11.0,10.99999999999999,0.7532843242356217
32,1231,8,6,60.0,without_chunking,LMM-1,11.0,10.999999999999977,0.7122200765186033
32,1231,8,6,60.0,without_chunking,LMM-2,11.0,10.999999999999977,0.7122200765186033
32,1231,8,8,80.0,without_chunking,LMM-1,11.0,10.99999999999998,0.6732746322199624
32,1231,8,8,80.0,without_chunking,LMM-2,11.0,10.99999999999998,0.6732746322199624
32,1231,10,2,20.0,without_chunking,LMM-1,10.0,10.050000000000006,0.8146701851364324
32,1231,10,2,20.0,without_chunking,LMM-2,10.0,10.050000000000006,0.8146701851364324
32,1231,10,4,40.0,without_chunking,LMM-1,10.0,10.04999999999999,0.7743111286796549
32,1231,10,4,40.0,without_chunking,LMM-2,10.0,10.04999999999999,0.7743111286796549
32,1231,10,6,60.0,without_chunking,LMM-1,10.0,10.049999999999978,0.7358240745808777
32,1231,10,6,60.0,without_chunking,LMM-2,10.0,10.049999999999978,0.7358240745808777
32,1231,10,8,80.0,without_chunking,LMM-1,10.0,10.049999999999981,0.6992236971883363
32,1231,10,8,80.0,without_chunking,LMM-2,10.0,10.049999999999981,0.6992236971883363
33,1232,4,2,20.0,without_chunking,LMM-1,20.0,19.55000000000001,0.6236876729536323
33,1232,4,2,20.0,without_chunking,LMM-2,20.0,19.55000000000001,0.6236876729536323
33,1232,4,4,40.0,without_chunking,LMM-1,20.0,19.54999999999997,0.5581716346030698
33,1232,4,4,40.0,without_chunking,LMM-2,20.0,19.54999999999997,0.5581716346030698
33,1232,4,6,60.0,without_chunking,LMM-1,20.0,19.54999999999995,0.4994533679414385
33,1232,4,6,60.0,without_chunking,LMM-2,20.0,19.54999999999995,0.4994533679414385
33,1232,4,8,80.0,without_chunking,LMM-1,20.0,19.54999999999997,0.44683998676470804
33,1232,4,8,80.0,without_chunking,LMM-2,20.0,19.54999999999997,0.44683998676470804
33,1232,6,2,20.0,without_chunking,LMM-1,20.0,19.55000000000001,0.6236876729536323
33,1232,6,2,20.0,without_chunking,LMM-2,20.0,19.55000000000001,0.6236876729536323
33,1232,6,4,40.0,without_chunking,LMM-1,20.0,19.54999999999997,0.5581716346030698
33,1232,6,4,40.0,without_chunking,LMM-2,20.0,19.54999999999997,0.5581716346030698
33,1232,6,6,60.0,without_chunking,LMM-1,20.0,19.54999999999995,0.4994533679414385
33,1232,6,6,60.0,without_chunking,LMM-2,20.0,19.54999999999995,0.4994533679414385
33,1232,6,8,80.0,without_chunking,LMM-1,20.0,19.54999999999997,0.44683998676470804
33,1232,6,8,80.0,without_chunking,LMM-2,20.0,19.54999999999997,0.44683998676470804
33,1232,8,2,20.0,without_chunking,LMM-1,20.0,19.55000000000001,0.6236876729536323
33,1232,8,2,20.0,without_chunking,LMM-2,20.0,19.55000000000001,0.6236876729536323
33,1232,8,4,40.0,without_chunking,LMM-1,20.0,19.54999999999997,0.5581716346030698
33,1232,8,4,40.0,without_chunking,LMM-2,20.0,19.54999999999997,0.5581716346030698
33,1232,8,6,60.0,without_chunking,LMM-1,20.0,19.54999999999995,0.4994533679414385
33,1232,8,6,60.0,without_chunking,LMM-2,20.0,19.54999999999995,0.4994533679414385
33,1232,8,8,80.0,without_chunking,LMM-1,20.0,19.54999999999997,0.44683998676470804
33,1232,8,8,80.0,without_chunking,LMM-2,20.0,19.54999999999997,0.44683998676470804
33,1232,10,2,20.0,without_chunking,LMM-1,15.0,14.800000000000011,0.6960930256399966
33,1232,10,2,20.0,without_chunking,LMM-2,15.0,14.800000000000011,0.6960930256399966
33,1232,10,4,40.0,without_chunking,LMM-1,15.0,14.799999999999981,0.6414557143322994
33,1232,10,4,40.0,without_chunking,LMM-2,15.0,14.799999999999981,0.6414557143322994
33,1232,10,6,60.0,without_chunking,LMM-1,15.0,14.799999999999967,0.5909824699047986
33,1232,10,6,60.0,without_chunking,LMM-2,15.0,14.799999999999967,0.5909824699047986
33,1232,10,8,80.0,without_chunking,LMM-1,15.0,14.799999999999976,0.5443916857246269
33,1232,10,8,80.0,without_chunking,LMM-2,15.0,14.799999999999976,0.5443916857246269
34,1233,4,2,20.0,without_chunking,LMM-1,14.0,13.850000000000012,0.7484894808511504
34,1233,4,2,20.0,without_chunking,LMM-2,14.0,13.850000000000012,0.7484894808511504
34,1233,4,4,40.0,without_chunking,LMM-1,14.0,13.849999999999985,0.6956305615863962
34,1233,4,4,40.0,without_chunking,LMM-2,14.0,13.849999999999985,0.6956305615863962
34,1233,4,6,60.0,without_chunking,LMM-1,14.0,13.849999999999968,0.6463779324544967
34,1233,4,6,60.0,without_chunking,LMM-2,14.0,13.849999999999968,0.6463779324544967
34,1233,4,8,80.0,without_chunking,LMM-1,14.0,13.849999999999977,0.6004995824784152
34,1233,4,8,80.0,without_chunking,LMM-2,14.0,13.849999999999977,0.6004995824784152
34,1233,6,2,20.0,without_chunking,LMM-1,12.0,11.95000000000001,0.7892009064683531
34,1233,6,2,20.0,without_chunking,LMM-2,12.0,11.95000000000001,0.7892009064683531
34,1233,6,4,40.0,without_chunking,LMM-1,12.0,11.949999999999989,0.7420143784446527
34,1233,6,4,40.0,without_chunking,LMM-2,12.0,11.949999999999989,0.7420143784446527
34,1233,6,6,60.0,without_chunking,LMM-1,12.0,11.949999999999974,0.6975191103285325
34,1233,6,6,60.0,without_chunking,LMM-2,12.0,11.949999999999974,0.6975191103285325
34,1233,6,8,80.0,without_chunking,LMM-1,12.0,11.94999999999998,0.6555703211746173
34,1233,6,8,80.0,without_chunking,LMM-2,12.0,11.94999999999998,0.6555703211746173
34,1233,8,2,20.0,without_chunking,LMM-1,11.0,11.000000000000007,0.8041208553077202
34,1233,8,2,20.0,without_chunking,LMM-2,11.0,11.000000000000007,0.8041208553077202
34,1233,8,4,40.0,without_chunking,LMM-1,11.0,10.99999999999999,0.7599589136727549
34,1233,8,4,40.0,without_chunking,LMM-2,11.0,10.99999999999999,0.7599589136727549
34,1233,8,6,60.0,without_chunking,LMM-1,11.0,10.999999999999977,0.718090966461328
34,1233,8,6,60.0,without_chunking,LMM-2,11.0,10.999999999999977,0.718090966461328
34,1233,8,8,80.0,without_chunking,LMM-1,11.0,10.99999999999998,0.6784837334626213
34,1233,8,8,80.0,without_chunking,LMM-2,11.0,10.99999999999998,0.6784837334626213
34,1233,10,2,20.0,without_chunking,LMM-1,11.0,11.000000000000007,0.8041208553077202
34,1233,10,2,20.0,without_chunking,LMM-2,11.0,11.000000000000007,0.8041208553077202
34,1233,10,4,40.0,without_chunking,LMM-1,11.0,10.99999999999999,0.7599589136727549
34,1233,10,4,40.0,without_chunking,LMM-2,11.0,10.99999999999999,0.7599589136727549
34,1233,10,6,60.0,without_chunking,LMM-1,11.0,10.999999999999977,0.718090966461328
34,1233,10,6,60.0,without_chunking,LMM-2,11.0,10.999999999999977,0.718090966461328
34,1233,10,8,80.0,without_chunking,LMM-1,11.0,10.99999999999998,0.6784837334626213
34,1233,10,8,80.0,without_chunking,LMM-2,11.0,10.99999999999998,0.6784837334626213
35,1234,4,2,20.0,without_chunking,LMM-1,11.5,11.475000000000009,0.7937811517679825
35,1234,4,2,20.0,without_chunking,LMM-2,11.5,11.475000000000009,0.7937811517679825
35,1234,4,4,40.0,without_chunking,LMM-1,11.5,11.474999999999989,0.766562328164374
35,1234,4,4,40.0,without_chunking,LMM-2,11.5,11.474999999999989,0.766562328164374
35,1234,4,6,60.0,without_chunking,LMM-1,11.5,11.474999999999975,0.7402242404627455
35,1234,4,6,60.0,without_chunking,LMM-2,11.5,11.474999999999975,0.7402242404627455
35,1234,4,8,80.0,without_chunking,LMM-1,11.5,11.47499999999998,0.7147403105812766
35,1234,4,8,80.0,without_chunking,LMM-2,11.5,11.47499999999998,0.7147403105812766
35,1234,6,2,20.0,without_chunking,LMM-1,12.0,11.95000000000001,0.7755199617180866
35,1234,6,2,20.0,without_chunking,LMM-2,12.0,11.95000000000001,0.7755199617180866
35,1234,6,4,40.0,without_chunking,LMM-1,12.0,11.949999999999989,0.7287937663889417
35,1234,6,4,40.0,without_chunking,LMM-2,12.0,11.949999999999989,0.7287937663889417
35,1234,6,6,60.0,without_chunking,LMM-1,12.0,11.949999999999974,0.6847524119349173
35,1234,6,6,60.0,without_chunking,LMM-2,12.0,11.949999999999974,0.6847524119349173
35,1234,6,8,80.0,without_chunking,LMM-1,12.0,11.94999999999998,0.6433155292598277
35,1234,6,8,80.0,without_chunking,LMM-2,12.0,11.94999999999998,0.6433155292598277
35,1234,8,2,20.0,without_chunking,LMM-1,11.0,11.000000000000007,0.8013356015286429
35,1234,8,2,20.0,without_chunking,LMM-2,11.0,11.000000000000007,0.8013356015286429
35,1234,8,4,40.0,without_chunking,LMM-1,11.0,10.99999999999999,0.7576170752710285
35,1234,8,4,40.0,without_chunking,LMM-2,11.0,10.99999999999999,0.7576170752710285
35,1234,8,6,60.0,without_chunking,LMM-1,11.0,10.999999999999977,0.7161548220201917
35,1234,8,6,60.0,without_chunking,LMM-2,11.0,10.999999999999977,0.7161548220201917
35,1234,8,8,80.0,without_chunking,LMM-1,11.0,10.99999999999998,0.67684011639522
35,1234,8,8,80.0,without_chunking,LMM-2,11.0,10.99999999999998,0.67684011639522
35,1234,10,2,20.0,without_chunking,LMM-1,11.0,11.000000000000007,0.8013356015286429
35,1234,10,2,20.0,without_chunking,LMM-2,11.0,11.000000000000007,0.8013356015286429
35,1234,10,4,40.0,without_chunking,LMM-1,11.0,10.99999999999999,0.7576170752710285
35,1234,10,4,40.0,without_chunking,LMM-2,11.0,10.99999999999999,0.7576170752710285
35,1234,10,6,60.0,without_chunking,LMM-1,11.0,10.999999999999977,0.7161548220201917
35,1234,10,6,60.0,without_chunking,LMM-2,11.0,10.999999999999977,0.7161548220201917
35,1234,10,8,80.0,without_chunking,LMM-1,11.0,10.99999999999998,0.67684011639522
35,1234,10,8,80.0,without_chunking,LMM-2,11.0,10.99999999999998,0.67684011639522
36,1235,4,2,20.0,without_chunking,LMM-1,16.0,15.750000000000012,0.7038042513407909
36,1235,4,2,20.0,without_chunking,LMM-2,16.0,15.750000000000012,0.7038042513407909
36,1235,4,4,40.0,without_chunking,LMM-1,16.0,15.749999999999979,0.6466030793507522
36,1235,4,4,40.0,without_chunking,LMM-2,16.0,15.749999999999979,0.6466030793507522
36,1235,4,6,60.0,without_chunking,LMM-1,16.0,15.749999999999963,0.5939346574480533
36,1235,4,6,60.0,without_chunking,LMM-2,16.0,15.749999999999963,0.5939346574480533
36,1235,4,8,80.0,without_chunking,LMM-1,16.0,15.749999999999973,0.545479574224728
36,1235,4,8,80.0,without_chunking,LMM-2,16.0,15.749999999999973,0.545479574224728
36,1235,6,2,20.0,without_chunking,LMM-1,14.0,13.850000000000012,0.7422033604963236
36,1235,6,2,20.0,without_chunking,LMM-2,14.0,13.850000000000012,0.7422033604963236
36,1235,6,4,40.0,without_chunking,LMM-1,14.0,13.849999999999985,0.6900106135091126
36,1235,6,4,40.0,without_chunking,LMM-2,14.0,13.849999999999985,0.6900106135091126
36,1235,6,6,60.0,without_chunking,LMM-1,14.0,13.849999999999968,0.6413629191470225
36,1235,6,6,60.0,without_chunking,LMM-2,14.0,13.849999999999968,0.6413629191470225
36,1235,6,8,80.0,without_chunking,LMM-1,14.0,13.849999999999977,0.5962261004547285
36,1235,6,8,80.0,without_chunking,LMM-2,14.0,13.849999999999977,0.5962261004547285
36,1235,8,2,20.0,without_chunking,LMM-1,14.0,13.850000000000012,0.7422033604963236
36,1235,8,2,20.0,without_chunking,LMM-2,14.0,13.850000000000012,0.7422033604963236
36,1235,8,4,40.0,without_chunking,LMM-1,14.0,13.849999999999985,0.6900106135091126
36,1235,8,4,40.0,without_chunking,LMM-2,14.0,13.849999999999985,0.6900106135091126
36,1235,8,6,60.0,without_chunking,LMM-1,14.0,13.849999999999968,0.6413629191470225
36,1235,8,6,60.0,without_chunking,LMM-2,14.0,13.849999999999968,0.6413629191470225
36,1235,8,8,80.0,without_chunking,LMM-1,14.0,13.849999999999977,0.5962261004547285
36,1235,8,8,80.0,without_chunking,LMM-2,14.0,13.849999999999977,0.5962261004547285
36,1235,10,2,20.0,without_chunking,LMM-1,11.0,11.000000000000007,0.7953508675679123
36,1235,10,2,20.0,without_chunking,LMM-2,11.0,11.000000000000007,0.7953508675679123
36,1235,10,4,40.0,without_chunking,LMM-1,11.0,10.99999999999999,0.7514795505398412
36,1235,10,4,40.0,without_chunking,LMM-2,11.0,10.99999999999999,0.7514795505398412
36,1235,10,6,60.0,without_chunking,LMM-1,11.0,10.999999999999977,0.7098968170493576
36,1235,10,6,60.0,without_chunking,LMM-2,11.0,10.999999999999977,0.7098968170493576
36,1235,10,8,80.0,without_chunking,LMM-1,11.0,10.99999999999998,0.6706006884320918
36,1235,10,8,80.0,without_chunking,LMM-2,11.0,10.99999999999998,0.6706006884320918
37,1236,4,2,20.0,without_chunking,LMM-1,14.0,13.850000000000012,0.7227195720021716
37,1236,4,2,20.0,without_chunking,LMM-2,14.0,13.850000000000012,0.7227195720021716
37,1236,4,4,40.0,without_chunking,LMM-1,14.0,13.849999999999985,0.670300418972162
37,1236,4,4,40.0,without_chunking,LMM-2,14.0,13.849999999999985,0.670300418972162
37,1236,4,6,60.0,without_chunking,LMM-1,14.0,13.849999999999968,0.6215537861833313
37,1236,4,6,60.0,without_chunking,LMM-2,14.0,13.849999999999968,0.6215537861833313
37,1236,4,8,80.0,without_chunking,LMM-1,14.0,13.849999999999977,0.5763815808857069
37,1236,4,8,80.0,without_chunking,LMM-2,14.0,13.849999999999977,0.5763815808857069
37,1236,6,2,20.0,without_chunking,LMM-1,14.0,13.850000000000012,0.7227195720021716
37,1236,6,2,20.0,without_chunking,LMM-2,14.0,13.850000000000012,0.7227195720021716
37,1236,6,4,40.0,without_chunking,LMM-1,14.0,13.849999999999985,0.670300418972162
37,1236,6,4,40.0,without_chunking,LMM-2,14.0,13.849999999999985,0.670300418972162
37,1236,6,6,60.0,without_chunking,LMM-1,14.0,13.849999999999968,0.6215537861833313
37,1236,6,6,60.0,without_chunking,LMM-2,14.0,13.849999999999968,0.6215537861833313
37,1236,6,8,80.0,without_chunking,LMM-1,14.0,13.849999999999977,0.5763815808857069
37,1236,6,8,80.0,without_chunking,LMM-2,14.0,13.849999999999977,0.5763815808857069
37,1236,8,2,20.0,without_chunking,LMM-1,11.0,11.000000000000007,0.7929775496198502
37,1236,8,2,20.0,without_chunking,LMM-2,11.0,11.000000000000007,0.7929775496198502
37,1236,8,4,40.0,without_chunking,LMM-1,11.0,10.99999999999999,0.7489001947917299
37,1236,8,4,40.0,without_chunking,LMM-2,11.0,10.99999999999999,0.7489001947917299
37,1236,8,6,60.0,without_chunking,LMM-1,11.0,10.999999999999977,0.707139899420306
37,1236,8,6,60.0,without_chunking,LMM-2,11.0,10.999999999999977,0.707139899420306
37,1236,8,8,80.0,without_chunking,LMM-1,11.0,10.99999999999998,0.66808377822939
37,1236,8,8,80.0,without_chunking,LMM-2,11.0,10.99999999999998,0.66808377822939
37,1236,10,2,20.0,without_chunking,LMM-1,10.0,10.050000000000004,0.8285533320756279
37,1236,10,2,20.0,without_chunking,LMM-2,10.0,10.050000000000004,0.8285533320756279
37,1236,10,4,40.0,without_chunking,LMM-1,10.0,10.049999999999988,0.8038439118215257
37,1236,10,4,40.0,without_chunking,LMM-2,10.0,10.049999999999988,0.8038439118215257
37,1236,10,6,60.0,without_chunking,LMM-1,10.0,10.049999999999978,0.7798246305909358
37,1236,10,6,60.0,without_chunking,LMM-2,10.0,10.049999999999978,0.7798246305909358
37,1236,10,8,80.0,without_chunking,LMM-1,10.0,10.049999999999983,0.7564776393618835
37,1236,10,8,80.0,without_chunking,LMM-2,10.0,10.049999999999983,0.7564776393618835
38,1237,4,2,20.0,without_chunking,LMM-1,11.0,11.000000000000007,0.7824135044127118
38,1237,4,2,20.0,without_chunking,LMM-2,11.0,11.000000000000007,0.7824135044127118
38,1237,4,4,40.0,without_chunking,LMM-1,11.0,10.99999999999999,0.7390230458335293
38,1237,4,4,40.0,without_chunking,LMM-2,11.0,10.99999999999999,0.7390230458335293
38,1237,4,6,60.0,without_chunking,LMM-1,11.0,10.999999999999977,0.6979081489702654
38,1237,4,6,60.0,without_chunking,LMM-2,11.0,10.999999999999977,0.6979081489702654
38,1237,4,8,80.0,without_chunking,LMM-1,11.0,10.99999999999998,0.6593523310434812
38,1237,4,8,80.0,without_chunking,LMM-2,11.0,10.99999999999998,0.6593523310434812
38,1237,6,2,20.0,without_chunking,LMM-1,11.0,11.000000000000007,0.7943323924056833
38,1237,6,2,20.0,without_chunking,LMM-2,11.0,11.000000000000007,0.7943323924056833
38,1237,6,4,40.0,without_chunking,LMM-1,11.0,10.99999999999999,0.7510110649611428
38,1237,6,4,40.0,without_chunking,LMM-2,11.0,10.99999999999999,0.7510110649611428
38,1237,6,6,60.0,without_chunking,LMM-1,11.0,10.999999999999977,0.709924903452142
38,1237,6,6,60.0,without_chunking,LMM-2,11.0,10.999999999999977,0.709924903452142
38,1237,6,8,80.0,without_chunking,LMM-1,11.0,10.99999999999998,0.6709662216622045
38,1237,6,8,80.0,without_chunking,LMM-2,11.0,10.99999999999998,0.6709662216622045
38,1237,8,2,20.0,without_chunking,LMM-1,11.0,11.000000000000007,0.7943323924056833
38,1237,8,2,20.0,without_chunking,LMM-2,11.0,11.000000000000007,0.7943323924056833
38,1237,8,4,40.0,without_chunking,LMM-1,11.0,10.99999999999999,0.7510110649611428
38,1237,8,4,40.0,without_chunking,LMM-2,11.0,10.99999999999999,0.7510110649611428
38,1237,8,6,60.0,without_chunking,LMM-1,11.0,10.999999999999977,0.709924903452142
38,1237,8,6,60.0,without_chunking,LMM-2,11.0,10.999999999999977,0.709924903452142
38,1237,8,8,80.0,without_chunking,LMM-1,11.0,10.99999999999998,0.6709662216622045
38,1237,8,8,80.0,without_chunking,LMM-2,11.0,10.99999999999998,0.6709662216622045
38,1237,10,2,20.0,without_chunking,LMM-1,9.0,9.100000000000005,0.8297062382753786
38,1237,10,2,20.0,without_chunking,LMM-2,9.0,9.100000000000005,0.8297062382753786
38,1237,10,4,40.0,without_chunking,LMM-1,9.0,9.09999999999999,0.7925904567796094
38,1237,10,4,40.0,without_chunking,LMM-2,9.0,9.09999999999999,0.7925904567796094
38,1237,10,6,60.0,without_chunking,LMM-1,9.0,9.09999999999998,0.7570096015541725
38,1237,10,6,60.0,without_chunking,LMM-2,9.0,9.09999999999998,0.7570096015541725
38,1237,10,8,80.0,without_chunking,LMM-1,9.0,9.099999999999984,0.7230944997833795
38,1237,10,8,80.0,without_chunking,LMM-2,9.0,9.099999999999984,0.7230944997833795
39,1238,4,2,20.0,without_chunking,LMM-1,13.0,12.90000000000001,0.7571398784997853
39,1238,4,2,20.0,without_chunking,LMM-2,13.0,12.90000000000001,0.7571398784997853
39,1238,4,4,40.0,without_chunking,LMM-1,13.0,12.899999999999986,0.7072177488735019
39,1238,4,4,40.0,without_chunking,LMM-2,13.0,12.899999999999986,0.7072177488735019
39,1238,4,6,60.0,without_chunking,LMM-1,13.0,12.899999999999972,0.6604564957654888
39,1238,4,6,60.0,without_chunking,LMM-2,13.0,12.899999999999972,0.6604564957654888
39,1238,4,8,80.0,without_chunking,LMM-1,13.0,12.899999999999977,0.6167949385402703
39,1238,4,8,80.0,without_chunking,LMM-2,13.0,12.899999999999977,0.6167949385402703
39,1238,6,2,20.0,without_chunking,LMM-1,12.5,12.42500000000001,0.7753758523593337
39,1238,6,2,20.0,without_chunking,LMM-2,12.5,12.42500000000001,0.7753758523593337
39,1238,6,4,40.0,without_chunking,LMM-1,12.5,12.424999999999986,0.7338382202220695
39,1238,6,4,40.0,without_chunking,LMM-2,12.5,12.424999999999986,0.7338382202220695
39,1238,6,6,60.0,without_chunking,LMM-1,12.5,12.424999999999974,0.6944234366991495
39,1238,6,6,60.0,without_chunking,LMM-2,12.5,12.424999999999974,0.6944234366991495
39,1238,6,8,80.0,without_chunking,LMM-1,12.5,12.42499999999998,0.6570290940472976
39,1238,6,8,80.0,without_chunking,LMM-2,12.5,12.42499999999998,0.6570290940472976
39,1238,8,2,20.0,without_chunking,LMM-1,11.0,11.000000000000007,0.8054874515812589
39,1238,8,2,20.0,without_chunking,LMM-2,11.0,11.000000000000007,0.8054874515812589
39,1238,8,4,40.0,without_chunking,LMM-1,11.0,10.99999999999999,0.7614626231703188
39,1238,8,4,40.0,without_chunking,LMM-2,11.0,10.99999999999999,0.7614626231703188
39,1238,8,6,60.0,without_chunking,LMM-1,11.0,10.999999999999977,0.7197142632828544
39,1238,8,6,60.0,without_chunking,LMM-2,11.0,10.999999999999977,0.7197142632828544
39,1238,8,8,80.0,without_chunking,LMM-1,11.0,10.99999999999998,0.6801324491852297
39,1238,8,8,80.0,without_chunking,LMM-2,11.0,10.99999999999998,0.6801324491852297
39,1238,10,2,20.0,without_chunking,LMM-1,11.0,11.000000000000007,0.8054874515812589
39,1238,10,2,20.0,without_chunking,LMM-2,11.0,11.000000000000007,0.8054874515812589
39,1238,10,4,40.0,without_chunking,LMM-1,11.0,10.99999999999999,0.7614626231703188
39,1238,10,4,40.0,without_chunking,LMM-2,11.0,10.99999999999999,0.7614626231703188
39,1238,10,6,60.0,without_chunking,LMM-1,11.0,10.999999999999977,0.7197142632828544
39,1238,10,6,60.0,without_chunking,LMM-2,11.0,10.999999999999977,0.7197142632828544
39,1238,10,8,80.0,without_chunking,LMM-1,11.0,10.99999999999998,0.6801324491852297
39,1238,10,8,80.0,without_chunking,LMM-2,11.0,10.99999999999998,0.6801324491852297
40,1239,4,2,20.0,without_chunking,LMM-1,11.0,11.000000000000007,0.7838947089283959
40,1239,4,2,20.0,without_chunking,LMM-2,11.0,11.000000000000007,0.7838947089283959
40,1239,4,4,40.0,without_chunking,LMM-1,11.0,10.99999999999999,0.7485678675423184
40,1239,4,4,40.0,without_chunking,LMM-2,11.0,10.99999999999999,0.7485678675423184
40,1239,4,6,60.0,without_chunking,LMM-1,11.0,10.999999999999977,0.714738805226822
40,1239,4,6,60.0,without_chunking,LMM-2,11.0,10.999999999999977,0.714738805226822
40,1239,4,8,80.0,without_chunking,LMM-1,11.0,10.99999999999998,0.682348579639216
40,1239,4,8,80.0,without_chunking,LMM-2,11.0,10.99999999999998,0.682348579639216
40,1239,6,2,20.0,without_chunking,LMM-1,11.0,11.000000000000007,0.7956596162885746
40,1239,6,2,20.0,without_chunking,LMM-2,11.0,11.000000000000007,0.7956596162885746
40,1239,6,4,40.0,without_chunking,LMM-1,11.0,10.99999999999999,0.7516811207980882
40,1239,6,4,40.0,without_chunking,LMM-2,11.0,10.99999999999999,0.7516811207980882
40,1239,6,6,60.0,without_chunking,LMM-1,11.0,10.999999999999977,0.7100022818700006
40,1239,6,6,60.0,without_chunking,LMM-2,11.0,10.999999999999977,0.7100022818700006
40,1239,6,8,80.0,without_chunking,LMM-1,11.0,10.99999999999998,0.670542388404028
40,1239,6,8,80.0,without_chunking,LMM-2,11.0,10.99999999999998,0.670542388404028
40,1239,8,2,20.0,without_chunking,LMM-1,10.0,10.050000000000006,0.8145597226166106
40,1239,8,2,20.0,without_chunking,LMM-2,10.0,10.050000000000006,0.8145597226166106
40,1239,8,4,40.0,without_chunking,LMM-1,10.0,10.04999999999999,0.7736266023412097
40,1239,8,4,40.0,without_chunking,LMM-2,10.0,10.04999999999999,0.7736266023412097
40,1239,8,6,60.0,without_chunking,LMM-1,10.0,10.049999999999978,0.7346197564338439
40,1239,8,6,60.0,without_chunking,LMM-2,10.0,10.049999999999978,0.7346197564338439
40,1239,8,8,80.0,without_chunking,LMM-1,10.0,10.049999999999981,0.697536731782863
40,1239,8,8,80.0,without_chunking,LMM-2,10.0,10.049999999999981,0.697536731782863
40,1239,10,2,20.0,without_chunking,LMM-1,9.0,9.100000000000005,0.8299455178353465
40,1239,10,2,20.0,without_chunking,LMM-2,4.0,4.350000000000002,0.9421211533954126
40,1239,10,4,40.0,without_chunking,LMM-1,9.0,9.09999999999999,0.7928932805117417
40,1239,10,4,40.0,without_chunking,LMM-2,4.0,4.349999999999996,0.93038482006971
40,1239,10,6,60.0,without_chunking,LMM-1,9.0,9.09999999999998,0.7573714025805436
40,1239,10,6,60.0,without_chunking,LMM-2,4.0,4.349999999999991,0.9187623103613533
40,1239,10,8,80.0,without_chunking,LMM-1,9.0,9.099999999999984,0.7233224953446473
40,1239,10,8,80.0,without_chunking,LMM-2,4.0,4.349999999999992,0.9072528628099101
41,1240,4,2,20.0,without_chunking,LMM-1,19.0,18.600000000000016,0.6669184782949099
41,1240,4,2,20.0,without_chunking,LMM-2,19.0,18.600000000000016,0.6669184782949099
41,1240,4,4,40.0,without_chunking,LMM-1,19.0,18.599999999999973,0.6021345396626788
41,1240,4,4,40.0,without_chunking,LMM-2,19.0,18.599999999999973,0.6021345396626788
41,1240,4,6,60.0,without_chunking,LMM-1,19.0,18.599999999999955,0.5435492574942934
41,1240,4,6,60.0,without_chunking,LMM-2,19.0,18.599999999999955,0.5435492574942934
41,1240,4,8,80.0,without_chunking,LMM-1,19.0,18.59999999999997,0.49058181560853076
41,1240,4,8,80.0,without_chunking,LMM-2,19.0,18.59999999999997,0.49058181560853076
41,1240,6,2,20.0,without_chunking,LMM-1,19.0,18.600000000000016,0.6669184782949099
41,1240,6,2,20.0,without_chunking,LMM-2,19.0,18.600000000000016,0.6669184782949099
41,1240,6,4,40.0,without_chunking,LMM-1,19.0,18.599999999999973,0.6021345396626788
41,1240,6,4,40.0,without_chunking,LMM-2,19.0,18.599999999999973,0.6021345396626788
41,1240,6,6,60.0,without_chunking,LMM-1,19.0,18.599999999999955,0.5435492574942934
41,1240,6,6,60.0,without_chunking,LMM-2,19.0,18.599999999999955,0.5435492574942934
41,1240,6,8,80.0,without_chunking,LMM-1,19.0,18.59999999999997,0.49058181560853076
41,1240,6,8,80.0,without_chunking,LMM-2,19.0,18.59999999999997,0.49058181560853076
41,1240,8,2,20.0,without_chunking,LMM-1,17.0,16.700000000000017,0.7221216692339554
41,1240,8,2,20.0,without_chunking,LMM-2,17.0,16.700000000000017,0.7221216692339554
41,1240,8,4,40.0,without_chunking,LMM-1,17.0,16.699999999999978,0.6735718344850627
41,1240,8,4,40.0,without_chunking,LMM-2,17.0,16.699999999999978,0.6735718344850627
41,1240,8,6,60.0,without_chunking,LMM-1,17.0,16.69999999999996,0.6282251517456855
41,1240,8,6,60.0,without_chunking,LMM-2,17.0,16.69999999999996,0.6282251517456855
41,1240,8,8,80.0,without_chunking,LMM-1,17.0,16.699999999999974,0.5858752847780075
41,1240,8,8,80.0,without_chunking,LMM-2,17.0,16.699999999999974,0.5858752847780075
41,1240,10,2,20.0,without_chunking,LMM-1,15.0,14.800000000000011,0.7536341223600684
41,1240,10,2,20.0,without_chunking,LMM-2,15.0,14.800000000000011,0.7536341223600684
41,1240,10,4,40.0,without_chunking,LMM-1,15.0,14.799999999999981,0.6981867753331643
41,1240,10,4,40.0,without_chunking,LMM-2,15.0,14.799999999999981,0.6981867753331643
41,1240,10,6,60.0,without_chunking,LMM-1,15.0,14.799999999999967,0.6467008048275356
41,1240,10,6,60.0,without_chunking,LMM-2,15.0,14.799999999999967,0.6467008048275356
41,1240,10,8,80.0,without_chunking,LMM-1,15.0,14.799999999999976,0.5989035742789275
41,1240,10,8,80.0,without_chunking,LMM-2,15.0,14.799999999999976,0.5989035742789275
42,1241,4,2,20.0,without_chunking,LMM-1,17.0,16.700000000000014,0.6896746345139544
42,1241,4,2,20.0,without_chunking,LMM-2,17.0,16.700000000000014,0.6896746345139544
42,1241,4,4,40.0,without_chunking,LMM-1,17.0,16.699999999999974,0.6381732977875263
42,1241,4,4,40.0,without_chunking,LMM-2,17.0,16.699999999999974,0.6381732977875263
42,1241,4,6,60.0,without_chunking,LMM-1,17.0,16.69999999999996,0.590424936129334
42,1241,4,6,60.0,without_chunking,LMM-2,17.0,16.69999999999996,0.590424936129334
42,1241,4,8,80.0,without_chunking,LMM-1,17.0,16.69999999999997,0.5461644529462979
42,1241,4,8,80.0,without_chunking,LMM-2,17.0,16.69999999999997,0.5461644529462979
42,1241,6,2,20.0,without_chunking,LMM-1,18.0,17.650000000000013,0.671546251016353
42,1241,6,2,20.0,without_chunking,LMM-2,18.0,17.650000000000013,0.671546251016353
42,1241,6,4,40.0,without_chunking,LMM-1,18.0,17.649999999999974,0.6095460374223527
42,1241,6,4,40.0,without_chunking,LMM-2,18.0,17.649999999999974,0.6095460374223527
42,1241,6,6,60.0,without_chunking,LMM-1,18.0,17.649999999999956,0.553168307277945
42,1241,6,6,60.0,without_chunking,LMM-2,18.0,17.649999999999956,0.553168307277945
42,1241,6,8,80.0,without_chunking,LMM-1,18.0,17.64999999999997,0.501915345643635
42,1241,6,8,80.0,without_chunking,LMM-2,18.0,17.64999999999997,0.501915345643635
42,1241,8,2,20.0,without_chunking,LMM-1,16.5,16.225000000000012,0.6987213610912202
42,1241,8,2,20.0,without_chunking,LMM-2,16.5,16.225000000000012,0.6987213610912202
42,1241,8,4,40.0,without_chunking,LMM-1,16.5,16.224999999999977,0.6476122132172786
42,1241,8,4,40.0,without_chunking,LMM-2,16.5,16.224999999999977,0.6476122132172786
42,1241,8,6,60.0,without_chunking,LMM-1,16.5,16.224999999999962,0.6001508028172114
42,1241,8,6,60.0,without_chunking,LMM-2,16.5,16.224999999999962,0.6001508028172114
42,1241,8,8,80.0,without_chunking,LMM-1,16.5,16.224999999999973,0.5560847415815608
42,1241,8,8,80.0,without_chunking,LMM-2,16.5,16.224999999999973,0.5560847415815608
42,1241,10,2,20.0,without_chunking,LMM-1,18.0,17.650000000000013,0.671546251016353
42,1241,10,2,20.0,without_chunking,LMM-2,18.0,17.650000000000013,0.671546251016353
42,1241,10,4,40.0,without_chunking,LMM-1,18.0,17.649999999999974,0.6095460374223527
42,1241,10,4,40.0,without_chunking,LMM-2,18.0,17.649999999999974,0.6095460374223527
42,1241,10,6,60.0,without_chunking,LMM-1,18.0,17.649999999999956,0.553168307277945
42,1241,10,6,60.0,without_chunking,LMM-2,18.0,17.649999999999956,0.553168307277945
42,1241,10,8,80.0,without_chunking,LMM-1,18.0,17.64999999999997,0.501915345643635
42,1241,10,8,80.0,without_chunking,LMM-2,18.0,17.64999999999997,0.501915345643635
43,1242,4,2,20.0,without_chunking,LMM-1,19.0,18.600000000000016,0.6659116043391933
43,1242,4,2,20.0,without_chunking,LMM-2,19.0,18.600000000000016,0.6659116043391933
43,1242,4,4,40.0,without_chunking,LMM-1,19.0,18.599999999999973,0.6019295699794054
43,1242,4,4,40.0,without_chunking,LMM-2,19.0,18.599999999999973,0.6019295699794054
43,1242,4,6,60.0,without_chunking,LMM-1,19.0,18.599999999999955,0.5440030453331939
43,1242,4,6,60.0,without_chunking,LMM-2,19.0,18.599999999999955,0.5440030453331939
43,1242,4,8,80.0,without_chunking,LMM-1,19.0,19.187499999999964,0.4646489972283012
43,1242,4,8,80.0,without_chunking,LMM-2,19.0,19.187499999999964,0.4646489972283012
43,1242,6,2,20.0,without_chunking,LMM-1,19.0,18.600000000000016,0.6775538426989348
43,1242,6,2,20.0,without_chunking,LMM-2,19.0,18.600000000000016,0.6775538426989348
43,1242,6,4,40.0,without_chunking,LMM-1,19.0,18.599999999999973,0.6127104839004498
43,1242,6,4,40.0,without_chunking,LMM-2,19.0,18.599999999999973,0.6127104839004498
43,1242,6,6,60.0,without_chunking,LMM-1,19.0,18.599999999999955,0.5539801877078536
43,1242,6,6,60.0,without_chunking,LMM-2,19.0,18.599999999999955,0.5539801877078536
43,1242,6,8,80.0,without_chunking,LMM-1,19.0,19.187499999999964,0.4733555851909627
43,1242,6,8,80.0,without_chunking,LMM-2,19.0,19.187499999999964,0.4733555851909627
43,1242,8,2,20.0,without_chunking,LMM-1,19.0,18.600000000000016,0.6790868119026814
43,1242,8,2,20.0,without_chunking,LMM-2,19.0,18.600000000000016,0.6790868119026814
43,1242,8,4,40.0,without_chunking,LMM-1,19.0,18.599999999999973,0.6207367078049308
43,1242,8,4,40.0,without_chunking,LMM-2,19.0,18.599999999999973,0.6207367078049308
43,1242,8,6,60.0,without_chunking,LMM-1,19.0,18.599999999999955,0.5673123302840264
43,1242,8,6,60.0,without_chunking,LMM-2,19.0,18.599999999999955,0.5673123302840264
43,1242,8,8,80.0,without_chunking,LMM-1,19.0,19.187499999999964,0.48929505232847514
43,1242,8,8,80.0,without_chunking,LMM-2,19.0,19.187499999999964,0.48929505232847514
43,1242,10,2,20.0,without_chunking,LMM-1,19.0,18.600000000000016,0.6775538426989348
43,1242,10,2,20.0,without_chunking,LMM-2,19.0,18.600000000000016,0.6775538426989348
43,1242,10,4,40.0,without_chunking,LMM-1,19.0,18.599999999999973,0.6127104839004498
43,1242,10,4,40.0,without_chunking,LMM-2,19.0,18.599999999999973,0.6127104839004498
43,1242,10,6,60.0,without_chunking,LMM-1,19.0,18.599999999999955,0.5539801877078536
43,1242,10,6,60.0,without_chunking,LMM-2,19.0,18.599999999999955,0.5539801877078536
43,1242,10,8,80.0,without_chunking,LMM-1,19.0,19.187499999999964,0.4733555851909627
43,1242,10,8,80.0,without_chunking,LMM-2,19.0,19.187499999999964,0.4733555851909627
44,1243,4,2,20.0,without_chunking,LMM-1,12.0,11.95000000000001,0.7885189353235686
44,1243,4,2,20.0,without_chunking,LMM-2,12.0,11.95000000000001,0.7885189353235686
44,1243,4,4,40.0,without_chunking,LMM-1,12.0,11.949999999999989,0.7415964140639406
44,1243,4,4,40.0,without_chunking,LMM-2,12.0,11.949999999999989,0.7415964140639406
44,1243,4,6,60.0,without_chunking,LMM-1,12.0,11.949999999999974,0.697337449227549
44,1243,4,6,60.0,without_chunking,LMM-2,12.0,11.949999999999974,0.697337449227549
44,1243,4,8,80.0,without_chunking,LMM-1,12.0,11.94999999999998,0.6555994263736373
44,1243,4,8,80.0,without_chunking,LMM-2,12.0,11.94999999999998,0.6555994263736373
44,1243,6,2,20.0,without_chunking,LMM-1,12.0,11.95000000000001,0.7885189353235686
44,1243,6,2,20.0,without_chunking,LMM-2,12.0,11.95000000000001,0.7885189353235686
44,1243,6,4,40.0,without_chunking,LMM-1,12.0,11.949999999999989,0.7415964140639406
44,1243,6,4,40.0,without_chunking,LMM-2,12.0,11.949999999999989,0.7415964140639406
44,1243,6,6,60.0,without_chunking,LMM-1,12.0,11.949999999999974,0.697337449227549
44,1243,6,6,60.0,without_chunking,LMM-2,12.0,11.949999999999974,0.697337449227549
44,1243,6,8,80.0,without_chunking,LMM-1,12.0,11.94999999999998,0.6555994263736373
44,1243,6,8,80.0,without_chunking,LMM-2,12.0,11.94999999999998,0.6555994263736373
44,1243,8,2,20.0,without_chunking,LMM-1,12.0,11.95000000000001,0.7885189353235686
44,1243,8,2,20.0,without_chunking,LMM-2,12.0,11.95000000000001,0.7885189353235686
44,1243,8,4,40.0,without_chunking,LMM-1,12.0,11.949999999999989,0.7415964140639406
44,1243,8,4,40.0,without_chunking,LMM-2,12.0,11.949999999999989,0.7415964140639406
44,1243,8,6,60.0,without_chunking,LMM-1,12.0,11.949999999999974,0.697337449227549
44,1243,8,6,60.0,without_chunking,LMM-2,12.0,11.949999999999974,0.697337449227549
44,1243,8,8,80.0,without_chunking,LMM-1,12.0,11.94999999999998,0.6555994263736373
44,1243,8,8,80.0,without_chunking,LMM-2,12.0,11.94999999999998,0.6555994263736373
44,1243,10,2,20.0,without_chunking,LMM-1,12.0,11.95000000000001,0.7885189353235686
44,1243,10,2,20.0,without_chunking,LMM-2,12.0,11.95000000000001,0.7885189353235686
44,1243,10,4,40.0,without_chunking,LMM-1,12.0,11.949999999999989,0.7415964140639406
44,1243,10,4,40.0,without_chunking,LMM-2,12.0,11.949999999999989,0.7415964140639406
44,1243,10,6,60.0,without_chunking,LMM-1,12.0,11.949999999999974,0.697337449227549
44,1243,10,6,60.0,without_chunking,LMM-2,12.0,11.949999999999974,0.697337449227549
44,1243,10,8,80.0,without_chunking,LMM-1,12.0,11.94999999999998,0.6555994263736373
44,1243,10,8,80.0,without_chunking,LMM-2,12.0,11.94999999999998,0.6555994263736373
45,1244,4,2,20.0,without_chunking,LMM-1,13.0,12.90000000000001,0.7647677211816031
45,1244,4,2,20.0,without_chunking,LMM-2,13.0,12.90000000000001,0.7647677211816031
45,1244,4,4,40.0,without_chunking,LMM-1,13.0,12.899999999999986,0.7152652680449145
45,1244,4,4,40.0,without_chunking,LMM-2,13.0,12.899999999999986,0.7152652680449145
45,1244,4,6,60.0,without_chunking,LMM-1,13.0,12.899999999999972,0.6688399624313315
45,1244,4,6,60.0,without_chunking,LMM-2,13.0,12.899999999999972,0.6688399624313315
45,1244,4,8,80.0,without_chunking,LMM-1,13.0,12.899999999999977,0.6253405475242015
45,1244,4,8,80.0,without_chunking,LMM-2,13.0,12.899999999999977,0.6253405475242015
45,1244,6,2,20.0,without_chunking,LMM-1,13.0,12.90000000000001,0.7647677211816031
45,1244,6,2,20.0,without_chunking,LMM-2,13.0,12.90000000000001,0.7647677211816031
45,1244,6,4,40.0,without_chunking,LMM-1,13.0,12.899999999999986,0.7152652680449145
45,1244,6,4,40.0,without_chunking,LMM-2,13.0,12.899999999999986,0.7152652680449145
45,1244,6,6,60.0,without_chunking,LMM-1,13.0,12.899999999999972,0.6688399624313315
45,1244,6,6,60.0,without_chunking,LMM-2,13.0,12.899999999999972,0.6688399624313315
45,1244,6,8,80.0,without_chunking,LMM-1,13.0,12.899999999999977,0.6253405475242015
45,1244,6,8,80.0,without_chunking,LMM-2,13.0,12.899999999999977,0.6253405475242015
45,1244,8,2,20.0,without_chunking,LMM-1,11.0,11.000000000000007,0.8105161663203639
45,1244,8,2,20.0,without_chunking,LMM-2,11.0,11.000000000000007,0.8105161663203639
45,1244,8,4,40.0,without_chunking,LMM-1,11.0,10.99999999999999,0.7711102905261178
45,1244,8,4,40.0,without_chunking,LMM-2,11.0,10.99999999999999,0.7711102905261178
45,1244,8,6,60.0,without_chunking,LMM-1,11.0,10.999999999999977,0.7335118860544874
45,1244,8,6,60.0,without_chunking,LMM-2,11.0,10.999999999999977,0.7335118860544874
45,1244,8,8,80.0,without_chunking,LMM-1,11.0,10.99999999999998,0.6976437762659242
45,1244,8,8,80.0,without_chunking,LMM-2,11.0,10.99999999999998,0.6976437762659242
45,1244,10,2,20.0,without_chunking,LMM-1,11.0,11.000000000000007,0.8095160402527519
45,1244,10,2,20.0,without_chunking,LMM-2,11.0,11.000000000000007,0.8095160402527519
45,1244,10,4,40.0,without_chunking,LMM-1,11.0,10.99999999999999,0.7658996791326688
45,1244,10,4,40.0,without_chunking,LMM-2,11.0,10.99999999999999,0.7658996791326688
45,1244,10,6,60.0,without_chunking,LMM-1,11.0,10.999999999999977,0.724506639701452
45,1244,10,6,60.0,without_chunking,LMM-2,11.0,10.999999999999977,0.724506639701452
45,1244,10,8,80.0,without_chunking,LMM-1,11.0,10.99999999999998,0.6852310892112106
45,1244,10,8,80.0,without_chunking,LMM-2,11.0,10.99999999999998,0.6852310892112106
46,1245,4,2,20.0,without_chunking,LMM-1,10.0,10.050000000000006,0.7934262582551515
46,1245,4,2,20.0,without_chunking,LMM-2,10.0,10.050000000000006,0.7934262582551515
46,1245,4,4,40.0,without_chunking,LMM-1,10.0,10.04999999999999,0.7522576262194642
46,1245,4,4,40.0,without_chunking,LMM-2,10.0,10.04999999999999,0.7522576262194642
46,1245,4,6,60.0,without_chunking,LMM-1,10.0,10.049999999999978,0.7130888864009667
46,1245,4,6,60.0,without_chunking,LMM-2,10.0,10.049999999999978,0.7130888864009667
46,1245,4,8,80.0,without_chunking,LMM-1,10.0,10.049999999999981,0.6765321095251631
46,1245,4,8,80.0,without_chunking,LMM-2,10.0,10.049999999999981,0.6765321095251631
46,1245,6,2,20.0,without_chunking,LMM-1,10.0,10.050000000000006,0.8117270667023816
46,1245,6,2,20.0,without_chunking,LMM-2,10.0,10.050000000000006,0.8117270667023816
46,1245,6,4,40.0,without_chunking,LMM-1,10.0,10.04999999999999,0.7708652606837529
46,1245,6,4,40.0,without_chunking,LMM-2,10.0,10.04999999999999,0.7708652606837529
46,1245,6,6,60.0,without_chunking,LMM-1,10.0,10.049999999999978,0.7319293571527052
46,1245,6,6,60.0,without_chunking,LMM-2,10.0,10.049999999999978,0.7319293571527052
46,1245,6,8,80.0,without_chunking,LMM-1,10.0,10.049999999999981,0.6950444655766899
46,1245,6,8,80.0,without_chunking,LMM-2,10.0,10.049999999999981,0.6950444655766899
46,1245,8,2,20.0,without_chunking,LMM-1,9.0,9.100000000000005,0.8426047640854433
46,1245,8,2,20.0,without_chunking,LMM-2,9.0,9.100000000000005,0.8426047640854433
46,1245,8,4,40.0,without_chunking,LMM-1,9.0,9.09999999999999,0.8175242309513986
46,1245,8,4,40.0,without_chunking,LMM-2,9.0,9.09999999999999,0.8175242309513986
46,1245,8,6,60.0,without_chunking,LMM-1,9.0,9.09999999999998,0.7931319148762571
46,1245,8,6,60.0,without_chunking,LMM-2,9.0,9.09999999999998,0.7931319148762571
46,1245,8,8,80.0,without_chunking,LMM-1,9.0,9.099999999999982,0.7694106576616281
46,1245,8,8,80.0,without_chunking,LMM-2,9.0,9.099999999999982,0.7694106576616281
46,1245,10,2,20.0,without_chunking,LMM-1,8.0,8.150000000000004,0.8488124798921988
46,1245,10,2,20.0,without_chunking,LMM-2,8.0,8.150000000000004,0.8488124798921988
46,1245,10,4,40.0,without_chunking,LMM-1,8.0,8.149999999999991,0.8149083189409454
46,1245,10,4,40.0,without_chunking,LMM-2,8.0,8.149999999999991,0.8149083189409454
46,1245,10,6,60.0,without_chunking,LMM-1,8.0,8.149999999999983,0.7822372012600465
46,1245,10,6,60.0,without_chunking,LMM-2,8.0,8.149999999999983,0.7822372012600465
46,1245,10,8,80.0,without_chunking,LMM-1,8.0,8.149999999999984,0.750788009355497
46,1245,10,8,80.0,without_chunking,LMM-2,8.0,8.149999999999984,0.750788009355497
47,1246,4,2,20.0,without_chunking,LMM-1,15.0,14.800000000000011,0.7269068701481456
47,1246,4,2,20.0,without_chunking,LMM-2,15.0,14.800000000000011,0.7269068701481456
47,1246,4,4,40.0,without_chunking,LMM-1,15.0,14.799999999999981,0.6719145598067302
47,1246,4,4,40.0,without_chunking,LMM-2,15.0,14.799999999999981,0.6719145598067302
47,1246,4,6,60.0,without_chunking,LMM-1,15.0,14.799999999999967,0.6209614029428818
47,1246,4,6,60.0,without_chunking,LMM-2,15.0,14.799999999999967,0.6209614029428818
47,1246,4,8,80.0,without_chunking,LMM-1,15.0,14.799999999999976,0.5738062225814982
47,1246,4,8,80.0,without_chunking,LMM-2,15.0,14.799999999999976,0.5738062225814982
47,1246,6,2,20.0,without_chunking,LMM-1,13.0,12.90000000000001,0.7692219189791938
47,1246,6,2,20.0,without_chunking,LMM-2,13.0,12.90000000000001,0.7692219189791938
47,1246,6,4,40.0,without_chunking,LMM-1,13.0,12.899999999999986,0.7193061455440151
47,1246,6,4,40.0,without_chunking,LMM-2,13.0,12.899999999999986,0.7193061455440151
47,1246,6,6,60.0,without_chunking,LMM-1,13.0,12.899999999999972,0.6725012270868195
47,1246,6,6,60.0,without_chunking,LMM-2,13.0,12.899999999999972,0.6725012270868195
47,1246,6,8,80.0,without_chunking,LMM-1,13.0,12.899999999999977,0.6286655899075947
47,1246,6,8,80.0,without_chunking,LMM-2,13.0,12.899999999999977,0.6286655899075947
47,1246,8,2,20.0,without_chunking,LMM-1,12.0,11.95000000000001,0.7989207884878643
47,1246,8,2,20.0,without_chunking,LMM-2,12.0,11.95000000000001,0.7989207884878643
47,1246,8,4,40.0,without_chunking,LMM-1,12.0,11.949999999999989,0.7520021606619254
47,1246,8,4,40.0,without_chunking,LMM-2,12.0,11.949999999999989,0.7520021606619254
47,1246,8,6,60.0,without_chunking,LMM-1,12.0,11.949999999999974,0.7077124190391599
47,1246,8,6,60.0,without_chunking,LMM-2,12.0,11.949999999999974,0.7077124190391599
47,1246,8,8,80.0,without_chunking,LMM-1,12.0,11.94999999999998,0.6659126037678057
47,1246,8,8,80.0,without_chunking,LMM-2,12.0,11.94999999999998,0.6659126037678057
47,1246,10,2,20.0,without_chunking,LMM-1,12.0,11.95000000000001,0.7989207884878643
47,1246,10,2,20.0,without_chunking,LMM-2,12.0,11.95000000000001,0.7989207884878643
47,1246,10,4,40.0,without_chunking,LMM-1,12.0,11.949999999999989,0.7520021606619254
47,1246,10,4,40.0,without_chunking,LMM-2,12.0,11.949999999999989,0.7520021606619254
47,1246,10,6,60.0,without_chunking,LMM-1,12.0,11.949999999999974,0.7077124190391599
47,1246,10,6,60.0,without_chunking,LMM-2,12.0,11.949999999999974,0.7077124190391599
47,1246,10,8,80.0,without_chunking,LMM-1,12.0,11.94999999999998,0.6659126037678057
47,1246,10,8,80.0,without_chunking,LMM-2,12.0,11.94999999999998,0.6659126037678057
48,1247,4,2,20.0,without_chunking,LMM-1,15.0,14.800000000000011,0.7167227162867025
48,1247,4,2,20.0,without_chunking,LMM-2,15.0,14.800000000000011,0.7167227162867025
48,1247,4,4,40.0,without_chunking,LMM-1,15.0,14.799999999999981,0.6621387059932397
48,1247,4,4,40.0,without_chunking,LMM-2,15.0,14.799999999999981,0.6621387059932397
48,1247,4,6,60.0,without_chunking,LMM-1,15.0,14.799999999999967,0.6115905790806982
48,1247,4,6,60.0,without_chunking,LMM-2,15.0,14.799999999999967,0.6115905790806982
48,1247,4,8,80.0,without_chunking,LMM-1,15.0,14.799999999999976,0.5647909199951844
48,1247,4,8,80.0,without_chunking,LMM-2,15.0,14.799999999999976,0.5647909199951844
48,1247,6,2,20.0,without_chunking,LMM-1,12.0,11.95000000000001,0.7817331141940631
48,1247,6,2,20.0,without_chunking,LMM-2,12.0,11.95000000000001,0.7817331141940631
48,1247,6,4,40.0,without_chunking,LMM-1,12.0,11.949999999999989,0.7350380910890233
48,1247,6,4,40.0,without_chunking,LMM-2,12.0,11.949999999999989,0.7350380910890233
48,1247,6,6,60.0,without_chunking,LMM-1,12.0,11.949999999999974,0.6910032810510794
48,1247,6,6,60.0,without_chunking,LMM-2,12.0,11.949999999999974,0.6910032810510794
48,1247,6,8,80.0,without_chunking,LMM-1,12.0,11.94999999999998,0.6495027743448194
48,1247,6,8,80.0,without_chunking,LMM-2,12.0,11.94999999999998,0.6495027743448194
48,1247,8,2,20.0,without_chunking,LMM-1,12.0,11.95000000000001,0.7817331141940631
48,1247,8,2,20.0,without_chunking,LMM-2,12.0,11.95000000000001,0.7817331141940631
48,1247,8,4,40.0,without_chunking,LMM-1,12.0,11.949999999999989,0.7350380910890233
48,1247,8,4,40.0,without_chunking,LMM-2,12.0,11.949999999999989,0.7350380910890233
48,1247,8,6,60.0,without_chunking,LMM-1,12.0,11.949999999999974,0.6910032810510794
48,1247,8,6,60.0,without_chunking,LMM-2,12.0,11.949999999999974,0.6910032810510794
48,1247,8,8,80.0,without_chunking,LMM-1,12.0,11.94999999999998,0.6495027743448194
48,1247,8,8,80.0,without_chunking,LMM-2,12.0,11.94999999999998,0.6495027743448194
48,1247,10,2,20.0,without_chunking,LMM-1,9.0,9.100000000000005,0.835730589428773
48,1247,10,2,20.0,without_chunking,LMM-2,6.0,6.2500000000000036,0.9064800110429083
48,1247,10,4,40.0,without_chunking,LMM-1,9.0,9.09999999999999,0.798180042097376
48,1247,10,4,40.0,without_chunking,LMM-2,6.0,6.249999999999994,0.8893265227156205
48,1247,10,6,60.0,without_chunking,LMM-1,9.0,9.09999999999998,0.7621896310993337
48,1247,10,6,60.0,without_chunking,LMM-2,6.0,6.249999999999986,0.8724539647412872
48,1247,10,8,80.0,without_chunking,LMM-1,9.0,9.099999999999984,0.7278408463200197
48,1247,10,8,80.0,without_chunking,LMM-2,6.0,6.249999999999988,0.8558585270771852
49,1248,4,2,20.0,without_chunking,LMM-1,13.0,12.90000000000001,0.7417818294441816
49,1248,4,2,20.0,without_chunking,LMM-2,13.0,12.90000000000001,0.7417818294441816
49,1248,4,4,40.0,without_chunking,LMM-1,13.0,12.899999999999986,0.692547983531427
49,1248,4,4,40.0,without_chunking,LMM-2,13.0,12.899999999999986,0.692547983531427
49,1248,4,6,60.0,without_chunking,LMM-1,13.0,12.899999999999972,0.6464511572088059
49,1248,4,6,60.0,without_chunking,LMM-2,13.0,12.899999999999972,0.6464511572088059
49,1248,4,8,80.0,without_chunking,LMM-1,13.0,12.899999999999977,0.603656023605518
49,1248,4,8,80.0,without_chunking,LMM-2,13.0,12.899999999999977,0.603656023605518
49,1248,6,2,20.0,without_chunking,LMM-1,12.0,11.95000000000001,0.7694060966524279
49,1248,6,2,20.0,without_chunking,LMM-2,12.0,11.95000000000001,0.7694060966524279
49,1248,6,4,40.0,without_chunking,LMM-1,12.0,11.949999999999989,0.7226529640214707
49,1248,6,4,40.0,without_chunking,LMM-2,12.0,11.949999999999989,0.7226529640214707
49,1248,6,6,60.0,without_chunking,LMM-1,12.0,11.949999999999974,0.6786092966020314
49,1248,6,6,60.0,without_chunking,LMM-2,12.0,11.949999999999974,0.6786092966020314
49,1248,6,8,80.0,without_chunking,LMM-1,12.0,11.94999999999998,0.6374438279769215
49,1248,6,8,80.0,without_chunking,LMM-2,12.0,11.94999999999998,0.6374438279769215
49,1248,8,2,20.0,without_chunking,LMM-1,10.0,10.050000000000006,0.8114042411839766
49,1248,8,2,20.0,without_chunking,LMM-2,10.0,10.050000000000006,0.8114042411839766
49,1248,8,4,40.0,without_chunking,LMM-1,10.0,10.04999999999999,0.7705941577538467
49,1248,8,4,40.0,without_chunking,LMM-2,10.0,10.04999999999999,0.7705941577538467
49,1248,8,6,60.0,without_chunking,LMM-1,10.0,10.049999999999978,0.7317063856997923
49,1248,8,6,60.0,without_chunking,LMM-2,10.0,10.049999999999978,0.7317063856997923
49,1248,8,8,80.0,without_chunking,LMM-1,10.0,10.049999999999981,0.6947066006091349
49,1248,8,8,80.0,without_chunking,LMM-2,10.0,10.049999999999981,0.6947066006091349
49,1248,10,2,20.0,without_chunking,LMM-1,10.0,10.050000000000006,0.8114042411839766
49,1248,10,2,20.0,without_chunking,LMM-2,10.0,10.050000000000006,0.8114042411839766
49,1248,10,4,40.0,without_chunking,LMM-1,10.0,10.04999999999999,0.7705941577538467
49,1248,10,4,40.0,without_chunking,LMM-2,10.0,10.04999999999999,0.7705941577538467
49,1248,10,6,60.0,without_chunking,LMM-1,10.0,10.049999999999978,0.7317063856997923
49,1248,10,6,60.0,without_chunking,LMM-2,10.0,10.049999999999978,0.7317063856997923
49,1248,10,8,80.0,without_chunking,LMM-1,10.0,10.049999999999981,0.6947066006091349
49,1248,10,8,80.0,without_chunking,LMM-2,10.0,10.049999999999981,0.6947066006091349
50,1249,4,2,20.0,without_chunking,LMM-1,12.0,11.95000000000001,0.7607282631166757
50,1249,4,2,20.0,without_chunking,LMM-2,12.0,11.95000000000001,0.7607282631166757
50,1249,4,4,40.0,without_chunking,LMM-1,12.0,11.949999999999989,0.7144694256143888
50,1249,4,4,40.0,without_chunking,LMM-2,12.0,11.949999999999989,0.7144694256143888
50,1249,4,6,60.0,without_chunking,LMM-1,12.0,11.949999999999974,0.6708925872816215
50,1249,4,6,60.0,without_chunking,LMM-2,12.0,11.949999999999974,0.6708925872816215
50,1249,4,8,80.0,without_chunking,LMM-1,12.0,11.94999999999998,0.6302189458460593
50,1249,4,8,80.0,without_chunking,LMM-2,12.0,11.94999999999998,0.6302189458460593
50,1249,6,2,20.0,without_chunking,LMM-1,11.0,11.000000000000007,0.7877329158375397
50,1249,6,2,20.0,without_chunking,LMM-2,11.0,11.000000000000007,0.7877329158375397
50,1249,6,4,40.0,without_chunking,LMM-1,11.0,10.99999999999999,0.7438136912900655
50,1249,6,4,40.0,without_chunking,LMM-2,11.0,10.99999999999999,0.7438136912900655
50,1249,6,6,60.0,without_chunking,LMM-1,11.0,10.999999999999977,0.702210171930463
50,1249,6,6,60.0,without_chunking,LMM-2,11.0,10.999999999999977,0.702210171930463
50,1249,6,8,80.0,without_chunking,LMM-1,11.0,10.99999999999998,0.6629890466590838
50,1249,6,8,80.0,without_chunking,LMM-2,11.0,10.99999999999998,0.6629890466590838
50,1249,8,2,20.0,without_chunking,LMM-1,10.0,10.050000000000006,0.8109409063882957
50,1249,8,2,20.0,without_chunking,LMM-2,10.0,10.050000000000006,0.8109409063882957
50,1249,8,4,40.0,without_chunking,LMM-1,10.0,10.04999999999999,0.7708975502148486
50,1249,8,4,40.0,without_chunking,LMM-2,10.0,10.04999999999999,0.7708975502148486
50,1249,8,6,60.0,without_chunking,LMM-1,10.0,10.049999999999978,0.7327057252237588
50,1249,8,6,60.0,without_chunking,LMM-2,10.0,10.049999999999978,0.7327057252237588
50,1249,8,8,80.0,without_chunking,LMM-1,10.0,10.049999999999981,0.6963093625818142
50,1249,8,8,80.0,without_chunking,LMM-2,10.0,10.049999999999981,0.6963093625818142
50,1249,10,2,20.0,without_chunking,LMM-1,9.0,9.100000000000005,0.8401381623775906
50,1249,10,2,20.0,without_chunking,LMM-2,5.0,5.3000000000000025,0.9291406678995218
50,1249,10,4,40.0,without_chunking,LMM-1,9.0,9.09999999999999,0.8029831128547853
50,1249,10,4,40.0,without_chunking,LMM-2,5.0,5.2999999999999945,0.9147503208255797
50,1249,10,6,60.0,without_chunking,LMM-1,9.0,9.09999999999998,0.7673481009570159
50,1249,10,6,60.0,without_chunking,LMM-2,5.0,5.299999999999988,0.900545046275749
50,1249,10,8,80.0,without_chunking,LMM-1,9.0,9.099999999999984,0.7331766727290494
50,1249,10,8,80.0,without_chunking,LMM-2,5.0,5.29999999999999,0.8865229973413911
51,1250,4,2,20.0,without_chunking,LMM-1,11.0,11.000000000000007,0.7870556059593208
51,1250,4,2,20.0,without_chunking,LMM-2,11.0,11.000000000000007,0.7870556059593208
51,1250,4,4,40.0,without_chunking,LMM-1,11.0,10.99999999999999,0.7437576447530465
51,1250,4,4,40.0,without_chunking,LMM-2,11.0,10.99999999999999,0.7437576447530465
51,1250,4,6,60.0,without_chunking,LMM-1,11.0,10.999999999999977,0.7027120013163136
51,1250,4,6,60.0,without_chunking,LMM-2,11.0,10.999999999999977,0.7027120013163136
51,1250,4,8,80.0,without_chunking,LMM-1,11.0,10.99999999999998,0.6641480621585117
51,1250,4,8,80.0,without_chunking,LMM-2,11.0,10.99999999999998,0.6641480621585117
51,1250,6,2,20.0,without_chunking,LMM-1,10.0,10.050000000000006,0.810043332068505
51,1250,6,2,20.0,without_chunking,LMM-2,10.0,10.050000000000006,0.810043332068505
51,1250,6,4,40.0,without_chunking,LMM-1,10.0,10.04999999999999,0.7694037738157158
51,1250,6,4,40.0,without_chunking,LMM-2,10.0,10.04999999999999,0.7694037738157158
51,1250,6,6,60.0,without_chunking,LMM-1,10.0,10.049999999999978,0.7306736248199104
51,1250,6,6,60.0,without_chunking,LMM-2,10.0,10.049999999999978,0.7306736248199104
51,1250,6,8,80.0,without_chunking,LMM-1,10.0,10.049999999999981,0.6938235749870449
51,1250,6,8,80.0,without_chunking,LMM-2,10.0,10.049999999999981,0.6938235749870449
51,1250,8,2,20.0,without_chunking,LMM-1,10.0,10.050000000000006,0.8295713430994299
51,1250,8,2,20.0,without_chunking,LMM-2,10.0,10.050000000000006,0.8295713430994299
51,1250,8,4,40.0,without_chunking,LMM-1,10.0,10.04999999999999,0.7995499294380188
51,1250,8,4,40.0,without_chunking,LMM-2,10.0,10.04999999999999,0.7995499294380188
51,1250,8,6,60.0,without_chunking,LMM-1,10.0,10.049999999999978,0.7705377900910326
51,1250,8,6,60.0,without_chunking,LMM-2,10.0,10.049999999999978,0.7705377900910326
51,1250,8,8,80.0,without_chunking,LMM-1,10.0,10.049999999999981,0.7425039032490879
51,1250,8,8,80.0,without_chunking,LMM-2,10.0,10.049999999999981,0.7425039032490879
51,1250,10,2,20.0,without_chunking,LMM-1,10.0,10.050000000000006,0.8200174042417557
51,1250,10,2,20.0,without_chunking,LMM-2,10.0,10.050000000000006,0.8200174042417557
51,1250,10,4,40.0,without_chunking,LMM-1,10.0,10.04999999999999,0.7794131812618306
51,1250,10,4,40.0,without_chunking,LMM-2,10.0,10.04999999999999,0.7794131812618306
51,1250,10,6,60.0,without_chunking,LMM-1,10.0,10.049999999999978,0.7406919189270889
51,1250,10,6,60.0,without_chunking,LMM-2,10.0,10.049999999999978,0.7406919189270889
51,1250,10,8,80.0,without_chunking,LMM-1,10.0,10.049999999999981,0.7037911504479937
51,1250,10,8,80.0,without_chunking,LMM-2,10.0,10.049999999999981,0.7037911504479937
52,1251,4,2,20.0,without_chunking,LMM-1,13.0,12.90000000000001,0.7486347783799768
52,1251,4,2,20.0,without_chunking,LMM-2,13.0,12.90000000000001,0.7486347783799768
52,1251,4,4,40.0,without_chunking,LMM-1,13.0,12.899999999999986,0.6993904625472173
52,1251,4,4,40.0,without_chunking,LMM-2,13.0,12.899999999999986,0.6993904625472173
52,1251,4,6,60.0,without_chunking,LMM-1,13.0,12.899999999999972,0.6532574917408434
52,1251,4,6,60.0,without_chunking,LMM-2,13.0,12.899999999999972,0.6532574917408434
52,1251,4,8,80.0,without_chunking,LMM-1,13.0,12.899999999999977,0.6100489040520438
52,1251,4,8,80.0,without_chunking,LMM-2,13.0,12.899999999999977,0.6100489040520438
52,1251,6,2,20.0,without_chunking,LMM-1,11.0,11.000000000000007,0.7850791717518686
52,1251,6,2,20.0,without_chunking,LMM-2,11.0,11.000000000000007,0.7850791717518686
52,1251,6,4,40.0,without_chunking,LMM-1,11.0,10.99999999999999,0.7412030734911146
52,1251,6,4,40.0,without_chunking,LMM-2,11.0,10.99999999999999,0.7412030734911146
52,1251,6,6,60.0,without_chunking,LMM-1,11.0,10.999999999999977,0.6996464752431728
52,1251,6,6,60.0,without_chunking,LMM-2,11.0,10.999999999999977,0.6996464752431728
52,1251,6,8,80.0,without_chunking,LMM-1,11.0,10.99999999999998,0.6603466457366887
52,1251,6,8,80.0,without_chunking,LMM-2,11.0,10.99999999999998,0.6603466457366887
52,1251,8,2,20.0,without_chunking,LMM-1,11.0,11.000000000000007,0.7875155515198955
52,1251,8,2,20.0,without_chunking,LMM-2,11.0,11.000000000000007,0.7875155515198955
52,1251,8,4,40.0,without_chunking,LMM-1,11.0,10.99999999999999,0.7458380260026245
52,1251,8,4,40.0,without_chunking,LMM-2,11.0,10.99999999999999,0.7458380260026245
52,1251,8,6,60.0,without_chunking,LMM-1,11.0,10.999999999999977,0.7062448961535892
52,1251,8,6,60.0,without_chunking,LMM-2,11.0,10.999999999999977,0.7062448961535892
52,1251,8,8,80.0,without_chunking,LMM-1,11.0,10.99999999999998,0.6686389370660863
52,1251,8,8,80.0,without_chunking,LMM-2,11.0,10.99999999999998,0.6686389370660863
52,1251,10,2,20.0,without_chunking,LMM-1,11.0,11.000000000000007,0.7850791717518686
52,1251,10,2,20.0,without_chunking,LMM-2,11.0,11.000000000000007,0.7850791717518686
52,1251,10,4,40.0,without_chunking,LMM-1,11.0,10.99999999999999,0.7412030734911146
52,1251,10,4,40.0,without_chunking,LMM-2,11.0,10.99999999999999,0.7412030734911146
52,1251,10,6,60.0,without_chunking,LMM-1,11.0,10.999999999999977,0.6996464752431728
52,1251,10,6,60.0,without_chunking,LMM-2,11.0,10.999999999999977,0.6996464752431728
52,1251,10,8,80.0,without_chunking,LMM-1,11.0,10.99999999999998,0.6603466457366887
52,1251,10,8,80.0,without_chunking,LMM-2,11.0,10.99999999999998,0.6603466457366887
53,1252,4,2,20.0,without_chunking,LMM-1,23.0,22.400000000000013,0.5677511375974977
53,1252,4,2,20.0,without_chunking,LMM-2,23.0,22.400000000000013,0.5677511375974977
53,1252,4,4,40.0,without_chunking,LMM-1,23.0,22.399999999999963,0.4986580707128635
53,1252,4,4,40.0,without_chunking,LMM-2,23.0,12.400000000000013,0.5677511375974977
53,1252,4,6,60.0,without_chunking,LMM-1,23.0,22.399999999999938,0.43792284641521695
53,1252,4,6,60.0,without_chunking,LMM-2,23.0,15.733333333333311,0.5022877434464371
53,1252,4,8,80.0,without_chunking,LMM-1,23.0,24.149999999999977,0.2786360532141575
53,1252,4,8,80.0,without_chunking,LMM-2,23.0,12.399999999999958,0.4986580707128635
53,1252,6,2,20.0,without_chunking,LMM-1,15.0,14.800000000000011,0.7005712097439878
53,1252,6,2,20.0,without_chunking,LMM-2,15.0,14.800000000000011,0.7005712097439878
53,1252,6,4,40.0,without_chunking,LMM-1,15.0,14.799999999999981,0.6497595855069873
53,1252,6,4,40.0,without_chunking,LMM-2,15.0,14.799999999999981,0.6497595855069873
53,1252,6,6,60.0,without_chunking,LMM-1,15.0,14.799999999999967,0.6025202823100754
53,1252,6,6,60.0,without_chunking,LMM-2,15.0,14.799999999999967,0.6025202823100754
53,1252,6,8,80.0,without_chunking,LMM-1,15.0,14.799999999999976,0.5586118133667853
53,1252,6,8,80.0,without_chunking,LMM-2,15.0,14.799999999999976,0.5586118133667853
53,1252,8,2,20.0,without_chunking,LMM-1,13.0,12.90000000000001,0.7360848652386345
53,1252,8,2,20.0,without_chunking,LMM-2,13.0,12.90000000000001,0.7360848652386345
53,1252,8,4,40.0,without_chunking,LMM-1,13.0,12.899999999999986,0.686664743960499
53,1252,8,4,40.0,without_chunking,LMM-2,13.0,12.899999999999986,0.686664743960499
53,1252,8,6,60.0,without_chunking,LMM-1,13.0,12.899999999999972,0.6404305112866655
53,1252,8,6,60.0,without_chunking,LMM-2,13.0,12.899999999999972,0.6404305112866655
53,1252,8,8,80.0,without_chunking,LMM-1,13.0,12.899999999999977,0.5977255785235147
53,1252,8,8,80.0,without_chunking,LMM-2,13.0,12.899999999999977,0.5977255785235147
53,1252,10,2,20.0,without_chunking,LMM-1,11.0,11.000000000000007,0.7971121647696369
53,1252,10,2,20.0,without_chunking,LMM-2,11.0,11.000000000000007,0.7971121647696369
53,1252,10,4,40.0,without_chunking,LMM-1,11.0,10.99999999999999,0.752990290631479
53,1252,10,4,40.0,without_chunking,LMM-2,11.0,10.99999999999999,0.752990290631479
53,1252,10,6,60.0,without_chunking,LMM-1,11.0,10.999999999999977,0.711177808309609
53,1252,10,6,60.0,without_chunking,LMM-2,11.0,10.999999999999977,0.711177808309609
53,1252,10,8,80.0,without_chunking,LMM-1,11.0,10.99999999999998,0.6717359125277358
53,1252,10,8,80.0,without_chunking,LMM-2,11.0,10.99999999999998,0.6717359125277358
54,1253,4,2,20.0,without_chunking,LMM-1,13.0,12.90000000000001,0.7638126384814409
54,1253,4,2,20.0,without_chunking,LMM-2,13.0,12.90000000000001,0.7638126384814409
54,1253,4,4,40.0,without_chunking,LMM-1,13.0,12.899999999999986,0.7200157120182832
54,1253,4,4,40.0,without_chunking,LMM-2,13.0,12.899999999999986,0.7200157120182832
54,1253,4,6,60.0,without_chunking,LMM-1,13.0,12.899999999999972,0.6786221160959005
54,1253,4,6,60.0,without_chunking,LMM-2,13.0,12.899999999999972,0.6786221160959005
54,1253,4,8,80.0,without_chunking,LMM-1,13.0,12.899999999999977,0.6395069244742928
54,1253,4,8,80.0,without_chunking,LMM-2,13.0,12.899999999999977,0.6395069244742928
54,1253,6,2,20.0,without_chunking,LMM-1,13.0,12.90000000000001,0.762345002128114
54,1253,6,2,20.0,without_chunking,LMM-2,13.0,12.90000000000001,0.762345002128114
54,1253,6,4,40.0,without_chunking,LMM-1,13.0,12.899999999999986,0.712895803525913
54,1253,6,4,40.0,without_chunking,LMM-2,13.0,12.899999999999986,0.712895803525913
54,1253,6,6,60.0,without_chunking,LMM-1,13.0,12.899999999999972,0.6665275890930099
54,1253,6,6,60.0,without_chunking,LMM-2,13.0,12.899999999999972,0.6665275890930099
54,1253,6,8,80.0,without_chunking,LMM-1,13.0,12.899999999999977,0.6230577825245962
54,1253,6,8,80.0,without_chunking,LMM-2,13.0,12.899999999999977,0.6230577825245962
54,1253,8,2,20.0,without_chunking,LMM-1,11.5,11.475000000000007,0.8027804319711689
54,1253,8,2,20.0,without_chunking,LMM-2,11.5,11.475000000000007,0.8027804319711689
54,1253,8,4,40.0,without_chunking,LMM-1,11.5,11.474999999999987,0.775700105054153
54,1253,8,4,40.0,without_chunking,LMM-2,11.5,11.474999999999987,0.775700105054153
54,1253,8,6,60.0,without_chunking,LMM-1,11.5,11.474999999999975,0.7494914977143777
54,1253,8,6,60.0,without_chunking,LMM-2,11.5,11.474999999999975,0.7494914977143777
54,1253,8,8,80.0,without_chunking,LMM-1,11.5,11.47499999999998,0.7241280312147267
54,1253,8,8,80.0,without_chunking,LMM-2,11.5,11.47499999999998,0.7241280312147267
54,1253,10,2,20.0,without_chunking,LMM-1,13.0,12.90000000000001,0.762345002128114
54,1253,10,2,20.0,without_chunking,LMM-2,13.0,12.90000000000001,0.762345002128114
54,1253,10,4,40.0,without_chunking,LMM-1,13.0,12.899999999999986,0.712895803525913
54,1253,10,4,40.0,without_chunking,LMM-2,13.0,12.899999999999986,0.712895803525913
54,1253,10,6,60.0,without_chunking,LMM-1,13.0,12.899999999999972,0.6665275890930099
54,1253,10,6,60.0,without_chunking,LMM-2,13.0,12.899999999999972,0.6665275890930099
54,1253,10,8,80.0,without_chunking,LMM-1,13.0,12.899999999999977,0.6230577825245962
54,1253,10,8,80.0,without_chunking,LMM-2,13.0,12.899999999999977,0.6230577825245962
55,1254,4,2,20.0,without_chunking,LMM-1,11.0,11.000000000000007,0.7823715218130393
55,1254,4,2,20.0,without_chunking,LMM-2,11.0,11.000000000000007,0.7823715218130393
55,1254,4,4,40.0,without_chunking,LMM-1,11.0,10.99999999999999,0.7382277934774449
55,1254,4,4,40.0,without_chunking,LMM-2,11.0,10.99999999999999,0.7382277934774449
55,1254,4,6,60.0,without_chunking,LMM-1,11.0,10.999999999999977,0.6964396726929345
55,1254,4,6,60.0,without_chunking,LMM-2,11.0,10.999999999999977,0.6964396726929345
55,1254,4,8,80.0,without_chunking,LMM-1,11.0,10.99999999999998,0.6571933986557001
55,1254,4,8,80.0,without_chunking,LMM-2,11.0,10.99999999999998,0.6571933986557001
55,1254,6,2,20.0,without_chunking,LMM-1,10.0,10.050000000000006,0.8098900732069784
55,1254,6,2,20.0,without_chunking,LMM-2,10.0,10.050000000000006,0.8098900732069784
55,1254,6,4,40.0,without_chunking,LMM-1,10.0,10.04999999999999,0.7691894762640549
55,1254,6,4,40.0,without_chunking,LMM-2,10.0,10.04999999999999,0.7691894762640549
55,1254,6,6,60.0,without_chunking,LMM-1,10.0,10.049999999999978,0.7304045700560331
55,1254,6,6,60.0,without_chunking,LMM-2,10.0,10.049999999999978,0.7304045700560331
55,1254,6,8,80.0,without_chunking,LMM-1,10.0,10.049999999999981,0.6934754576875133
55,1254,6,8,80.0,without_chunking,LMM-2,10.0,10.049999999999981,0.6934754576875133
55,1254,8,2,20.0,without_chunking,LMM-1,9.0,9.100000000000005,0.8298692192667748
55,1254,8,2,20.0,without_chunking,LMM-2,9.0,9.100000000000005,0.8298692192667748
55,1254,8,4,40.0,without_chunking,LMM-1,9.0,9.09999999999999,0.7922378292156576
55,1254,8,4,40.0,without_chunking,LMM-2,9.0,9.09999999999999,0.7922378292156576
55,1254,8,6,60.0,without_chunking,LMM-1,9.0,9.09999999999998,0.7561848559024258
55,1254,8,6,60.0,without_chunking,LMM-2,9.0,9.09999999999998,0.7561848559024258
55,1254,8,8,80.0,without_chunking,LMM-1,9.0,9.099999999999984,0.721681908847609
55,1254,8,8,80.0,without_chunking,LMM-2,9.0,9.099999999999984,0.721681908847609
55,1254,10,2,20.0,without_chunking,LMM-1,8.0,8.150000000000004,0.8602958686399931
55,1254,10,2,20.0,without_chunking,LMM-2,8.5,8.625000000000004,0.871704583462245
55,1254,10,4,40.0,without_chunking,LMM-1,8.0,8.149999999999991,0.8263554829470252
55,1254,10,4,40.0,without_chunking,LMM-2,5.375,5.656249999999995,0.912191670348039
55,1254,10,6,60.0,without_chunking,LMM-1,8.0,8.149999999999983,0.793634571250481
55,1254,10,6,60.0,without_chunking,LMM-2,5.0,5.299999999999988,0.9046181835738394
55,1254,10,8,80.0,without_chunking,LMM-1,8.0,8.149999999999984,0.7620941641975969
55,1254,10,8,80.0,without_chunking,LMM-2,5.0,5.29999999999999,0.8903497064555221
56,1255,4,2,20.0,without_chunking,LMM-1,13.0,12.90000000000001,0.7730108830809314
56,1255,4,2,20.0,without_chunking,LMM-2,13.0,12.90000000000001,0.7730108830809314
56,1255,4,4,40.0,without_chunking,LMM-1,13.0,12.899999999999986,0.7470301351417694
56,1255,4,4,40.0,without_chunking,LMM-2,13.0,12.899999999999986,0.7470301351417694
56,1255,4,6,60.0,without_chunking,LMM-1,13.0,12.899999999999972,0.7218928891879163
56,1255,4,6,60.0,without_chunking,LMM-2,13.0,12.899999999999972,0.7218928891879163
56,1255,4,8,80.0,without_chunking,LMM-1,13.0,12.899999999999979,0.6975729172453836
56,1255,4,8,80.0,without_chunking,LMM-2,13.0,12.899999999999979,0.6975729172453836
56,1255,6,2,20.0,without_chunking,LMM-1,11.0,11.000000000000007,0.8010895154577435
56,1255,6,2,20.0,without_chunking,LMM-2,11.0,11.000000000000007,0.8010895154577435
56,1255,6,4,40.0,without_chunking,LMM-1,11.0,10.99999999999999,0.7572878351816734
56,1255,6,4,40.0,without_chunking,LMM-2,11.0,10.99999999999999,0.7572878351816734
56,1255,6,6,60.0,without_chunking,LMM-1,11.0,10.999999999999977,0.7157506702725729
56,1255,6,6,60.0,without_chunking,LMM-2,11.0,10.999999999999977,0.7157506702725729
56,1255,6,8,80.0,without_chunking,LMM-1,11.0,10.99999999999998,0.6765440977013137
56,1255,6,8,80.0,without_chunking,LMM-2,11.0,10.99999999999998,0.6765440977013137
56,1255,8,2,20.0,without_chunking,LMM-1,10.0,10.050000000000006,0.818450168717477
56,1255,8,2,20.0,without_chunking,LMM-2,10.0,10.050000000000006,0.818450168717477
56,1255,8,4,40.0,without_chunking,LMM-1,10.0,10.04999999999999,0.7775879001396513
56,1255,8,4,40.0,without_chunking,LMM-2,10.0,10.04999999999999,0.7775879001396513
56,1255,8,6,60.0,without_chunking,LMM-1,10.0,10.049999999999978,0.7386362474858257
56,1255,8,6,60.0,without_chunking,LMM-2,10.0,10.049999999999978,0.7386362474858257
56,1255,8,8,80.0,without_chunking,LMM-1,10.0,10.049999999999981,0.7016123724822138
56,1255,8,8,80.0,without_chunking,LMM-2,10.0,10.049999999999981,0.7016123724822138
56,1255,10,2,20.0,without_chunking,LMM-1,9.0,9.100000000000005,0.839736047122297
56,1255,10,2,20.0,without_chunking,LMM-2,9.0,9.100000000000005,0.839736047122297
56,1255,10,4,40.0,without_chunking,LMM-1,9.0,9.09999999999999,0.8023869607322843
56,1255,10,4,40.0,without_chunking,LMM-2,9.0,9.09999999999999,0.8023869607322843
56,1255,10,6,60.0,without_chunking,LMM-1,9.0,9.09999999999998,0.7665748922353888
56,1255,10,6,60.0,without_chunking,LMM-2,9.0,9.09999999999998,0.7665748922353888
56,1255,10,8,80.0,without_chunking,LMM-1,9.0,9.099999999999984,0.7322424065412538
56,1255,10,8,80.0,without_chunking,LMM-2,9.0,9.099999999999984,0.7322424065412538
57,1256,4,2,20.0,without_chunking,LMM-1,11.0,11.000000000000007,0.7836837676696771
57,1256,4,2,20.0,without_chunking,LMM-2,11.0,11.000000000000007,0.7836837676696771
57,1256,4,4,40.0,without_chunking,LMM-1,11.0,10.99999999999999,0.7399295831478264
57,1256,4,4,40.0,without_chunking,LMM-2,11.0,10.99999999999999,0.7399295831478264
57,1256,4,6,60.0,without_chunking,LMM-1,11.0,10.999999999999977,0.6984857921845045
57,1256,4,6,60.0,without_chunking,LMM-2,11.0,10.999999999999977,0.6984857921845045
57,1256,4,8,80.0,without_chunking,LMM-1,11.0,10.99999999999998,0.6595679976739495
57,1256,4,8,80.0,without_chunking,LMM-2,11.0,10.99999999999998,0.6595679976739495
57,1256,6,2,20.0,without_chunking,LMM-1,10.0,10.050000000000006,0.810068496386001
57,1256,6,2,20.0,without_chunking,LMM-2,10.0,10.050000000000004,0.8326530039754957
57,1256,6,4,40.0,without_chunking,LMM-1,10.0,10.04999999999999,0.7693738231431315
57,1256,6,4,40.0,without_chunking,LMM-2,10.0,10.049999999999988,0.814872781513237
57,1256,6,6,60.0,without_chunking,LMM-1,10.0,10.049999999999978,0.7305935567990244
57,1256,6,6,60.0,without_chunking,LMM-2,10.0,10.049999999999978,0.7974843153616348
57,1256,6,8,80.0,without_chunking,LMM-1,10.0,10.049999999999981,0.6937389583103861
57,1256,6,8,80.0,without_chunking,LMM-2,10.0,10.049999999999983,0.7804789613266399
57,1256,8,2,20.0,without_chunking,LMM-1,9.0,9.100000000000005,0.8267330499405142
57,1256,8,2,20.0,without_chunking,LMM-2,9.0,9.100000000000005,0.8267330499405142
57,1256,8,4,40.0,without_chunking,LMM-1,9.0,9.09999999999999,0.7895594060297357
57,1256,8,4,40.0,without_chunking,LMM-2,9.0,9.09999999999999,0.7895594060297357
57,1256,8,6,60.0,without_chunking,LMM-1,9.0,9.09999999999998,0.7539313991601044
57,1256,8,6,60.0,without_chunking,LMM-2,9.0,9.09999999999998,0.7539313991601044
57,1256,8,8,80.0,without_chunking,LMM-1,9.0,9.099999999999984,0.7198326303273209
57,1256,8,8,80.0,without_chunking,LMM-2,9.0,9.099999999999984,0.7198326303273209
57,1256,10,2,20.0,without_chunking,LMM-1,9.0,9.100000000000005,0.8335798632731464
57,1256,10,2,20.0,without_chunking,LMM-2,9.0,9.100000000000005,0.8335798632731464
57,1256,10,4,40.0,without_chunking,LMM-1,9.0,9.09999999999999,0.7963275985962445
57,1256,10,4,40.0,without_chunking,LMM-2,9.0,9.09999999999999,0.7963275985962445
57,1256,10,6,60.0,without_chunking,LMM-1,9.0,9.09999999999998,0.7606152494374268
57,1256,10,6,60.0,without_chunking,LMM-2,9.0,9.09999999999998,0.7606152494374268
57,1256,10,8,80.0,without_chunking,LMM-1,9.0,9.099999999999984,0.726402592092938
57,1256,10,8,80.0,without_chunking,LMM-2,9.0,9.099999999999984,0.726402592092938
58,1257,4,2,20.0,without_chunking,LMM-1,15.0,14.800000000000011,0.7325291922549704
58,1257,4,2,20.0,without_chunking,LMM-2,15.0,14.800000000000011,0.7325291922549704
58,1257,4,4,40.0,without_chunking,LMM-1,15.0,14.799999999999981,0.6777208383871021
58,1257,4,4,40.0,without_chunking,LMM-2,15.0,14.799999999999981,0.6777208383871021
58,1257,4,6,60.0,without_chunking,LMM-1,15.0,14.799999999999967,0.6268943447836254
58,1257,4,6,60.0,without_chunking,LMM-2,15.0,14.799999999999967,0.6268943447836254
58,1257,4,8,80.0,without_chunking,LMM-1,15.0,14.799999999999976,0.5797710506762223
58,1257,4,8,80.0,without_chunking,LMM-2,15.0,14.799999999999976,0.5797710506762223
58,1257,6,2,20.0,without_chunking,LMM-1,14.0,13.850000000000012,0.7509741776710572
58,1257,6,2,20.0,without_chunking,LMM-2,14.0,13.850000000000012,0.7509741776710572
58,1257,6,4,40.0,without_chunking,LMM-1,14.0,13.849999999999985,0.6986487317823349
58,1257,6,4,40.0,without_chunking,LMM-2,14.0,13.849999999999985,0.6986487317823349
58,1257,6,6,60.0,without_chunking,LMM-1,14.0,13.849999999999968,0.649845874034628
58,1257,6,6,60.0,without_chunking,LMM-2,14.0,13.849999999999968,0.649845874034628
58,1257,6,8,80.0,without_chunking,LMM-1,14.0,13.849999999999977,0.6043384952542914
58,1257,6,8,80.0,without_chunking,LMM-2,14.0,13.849999999999977,0.6043384952542914
58,1257,8,2,20.0,without_chunking,LMM-1,14.0,13.850000000000012,0.7509741776710572
58,1257,8,2,20.0,without_chunking,LMM-2,14.0,13.850000000000012,0.7509741776710572
58,1257,8,4,40.0,without_chunking,LMM-1,14.0,13.849999999999985,0.6986487317823349
58,1257,8,4,40.0,without_chunking,LMM-2,14.0,13.849999999999985,0.6986487317823349
58,1257,8,6,60.0,without_chunking,LMM-1,14.0,13.849999999999968,0.649845874034628
58,1257,8,6,60.0,without_chunking,LMM-2,14.0,13.849999999999968,0.649845874034628
58,1257,8,8,80.0,without_chunking,LMM-1,14.0,13.849999999999977,0.6043384952542914
58,1257,8,8,80.0,without_chunking,LMM-2,14.0,13.849999999999977,0.6043384952542914
58,1257,10,2,20.0,without_chunking,LMM-1,14.0,13.850000000000012,0.7509741776710572
58,1257,10,2,20.0,without_chunking,LMM-2,14.0,13.850000000000012,0.7509741776710572
58,1257,10,4,40.0,without_chunking,LMM-1,14.0,13.849999999999985,0.6986487317823349
58,1257,10,4,40.0,without_chunking,LMM-2,14.0,13.849999999999985,0.6986487317823349
58,1257,10,6,60.0,without_chunking,LMM-1,14.0,13.849999999999968,0.649845874034628
58,1257,10,6,60.0,without_chunking,LMM-2,14.0,13.849999999999968,0.649845874034628
58,1257,10,8,80.0,without_chunking,LMM-1,14.0,13.849999999999977,0.6043384952542914
58,1257,10,8,80.0,without_chunking,LMM-2,14.0,13.849999999999977,0.6043384952542914
59,1258,4,2,20.0,without_chunking,LMM-1,12.0,11.95000000000001,0.7654985837843384
59,1258,4,2,20.0,without_chunking,LMM-2,12.0,11.95000000000001,0.7654985837843384
59,1258,4,4,40.0,without_chunking,LMM-1,12.0,11.949999999999989,0.7188157111263966
59,1258,4,4,40.0,without_chunking,LMM-2,12.0,11.949999999999989,0.7188157111263966
59,1258,4,6,60.0,without_chunking,LMM-1,12.0,11.949999999999974,0.6748474039577432
59,1258,4,6,60.0,without_chunking,LMM-2,12.0,11.949999999999974,0.6748474039577432
59,1258,4,8,80.0,without_chunking,LMM-1,12.0,11.94999999999998,0.6337629634765858
59,1258,4,8,80.0,without_chunking,LMM-2,12.0,11.94999999999998,0.6337629634765858
59,1258,6,2,20.0,without_chunking,LMM-1,12.0,11.95000000000001,0.771083543654606
59,1258,6,2,20.0,without_chunking,LMM-2,12.0,11.95000000000001,0.771083543654606
59,1258,6,4,40.0,without_chunking,LMM-1,12.0,11.949999999999989,0.724105424406351
59,1258,6,4,40.0,without_chunking,LMM-2,12.0,11.949999999999989,0.724105424406351
59,1258,6,6,60.0,without_chunking,LMM-1,12.0,11.949999999999974,0.6798572259140283
59,1258,6,6,60.0,without_chunking,LMM-2,12.0,11.949999999999974,0.6798572259140283
59,1258,6,8,80.0,without_chunking,LMM-1,12.0,11.94999999999998,0.6382297757739802
59,1258,6,8,80.0,without_chunking,LMM-2,12.0,11.94999999999998,0.6382297757739802
59,1258,8,2,20.0,without_chunking,LMM-1,10.0,10.050000000000006,0.8291030205071175
59,1258,8,2,20.0,without_chunking,LMM-2,10.0,10.050000000000006,0.8291030205071175
59,1258,8,4,40.0,without_chunking,LMM-1,10.0,10.04999999999999,0.8043290428123127
59,1258,8,4,40.0,without_chunking,LMM-2,10.0,10.04999999999999,0.8043290428123127
59,1258,8,6,60.0,without_chunking,LMM-1,10.0,10.049999999999978,0.7802418138509644
59,1258,8,6,60.0,without_chunking,LMM-2,10.0,10.049999999999978,0.7802418138509644
59,1258,8,8,80.0,without_chunking,LMM-1,10.0,10.049999999999981,0.756823939973347
59,1258,8,8,80.0,without_chunking,LMM-2,10.0,10.049999999999981,0.756823939973347
59,1258,10,2,20.0,without_chunking,LMM-1,9.0,9.100000000000005,0.8324189233166968
59,1258,10,2,20.0,without_chunking,LMM-2,9.0,9.100000000000005,0.8324189233166968
59,1258,10,4,40.0,without_chunking,LMM-1,9.0,9.09999999999999,0.7949035364108918
59,1258,10,4,40.0,without_chunking,LMM-2,9.0,9.09999999999999,0.7949035364108918
59,1258,10,6,60.0,without_chunking,LMM-1,9.0,9.09999999999998,0.7589519062637802
59,1258,10,6,60.0,without_chunking,LMM-2,9.0,9.09999999999998,0.7589519062637802
59,1258,10,8,80.0,without_chunking,LMM-1,9.0,9.099999999999984,0.7245670105040178
59,1258,10,8,80.0,without_chunking,LMM-2,9.0,9.099999999999984,0.7245670105040178
60,1259,4,2,20.0,without_chunking,LMM-1,11.0,11.000000000000007,0.7733233829182935
60,1259,4,2,20.0,without_chunking,LMM-2,11.0,11.000000000000007,0.7733233829182935
60,1259,4,4,40.0,without_chunking,LMM-1,11.0,10.99999999999999,0.7291623413845347
60,1259,4,4,40.0,without_chunking,LMM-2,11.0,10.99999999999999,0.7291623413845347
60,1259,4,6,60.0,without_chunking,LMM-1,11.0,10.999999999999977,0.6873859049425561
60,1259,4,6,60.0,without_chunking,LMM-2,11.0,10.999999999999977,0.6873859049425561
60,1259,4,8,80.0,without_chunking,LMM-1,11.0,10.99999999999998,0.6486400001533223
60,1259,4,8,80.0,without_chunking,LMM-2,11.0,10.99999999999998,0.6486400001533223
60,1259,6,2,20.0,without_chunking,LMM-1,11.0,11.000000000000007,0.7821124780669133
60,1259,6,2,20.0,without_chunking,LMM-2,11.0,11.000000000000007,0.7821124780669133
60,1259,6,4,40.0,without_chunking,LMM-1,11.0,10.99999999999999,0.7382839827370984
60,1259,6,4,40.0,without_chunking,LMM-2,11.0,10.99999999999999,0.7382839827370984
60,1259,6,6,60.0,without_chunking,LMM-1,11.0,10.999999999999977,0.6967782282460102
60,1259,6,6,60.0,without_chunking,LMM-2,11.0,10.999999999999977,0.6967782282460102
60,1259,6,8,80.0,without_chunking,LMM-1,11.0,10.99999999999998,0.6577574885488544
60,1259,6,8,80.0,without_chunking,LMM-2,11.0,10.99999999999998,0.6577574885488544
60,1259,8,2,20.0,without_chunking,LMM-1,10.0,10.050000000000004,0.823720749152124
60,1259,8,2,20.0,without_chunking,LMM-2,10.0,10.050000000000004,0.823720749152124
60,1259,8,4,40.0,without_chunking,LMM-1,10.0,10.049999999999988,0.793215474473599
60,1259,8,4,40.0,without_chunking,LMM-2,10.0,10.049999999999988,0.793215474473599
60,1259,8,6,60.0,without_chunking,LMM-1,10.0,10.049999999999978,0.7637643525778433
60,1259,8,6,60.0,without_chunking,LMM-2,10.0,10.049999999999978,0.7637643525778433
60,1259,8,8,80.0,without_chunking,LMM-1,10.0,10.049999999999983,0.7353338350913833
60,1259,8,8,80.0,without_chunking,LMM-2,10.0,10.049999999999983,0.7353338350913833
60,1259,10,2,20.0,without_chunking,LMM-1,8.0,8.150000000000004,0.8499927847475344
60,1259,10,2,20.0,without_chunking,LMM-2,6.5,6.725000000000003,0.9025440202732062
60,1259,10,4,40.0,without_chunking,LMM-1,8.0,8.149999999999991,0.8160640044280218
60,1259,10,4,40.0,without_chunking,LMM-2,5.5,5.774999999999995,0.9187169348723333
60,1259,10,6,60.0,without_chunking,LMM-1,8.0,8.149999999999983,0.78336795478232
60,1259,10,6,60.0,without_chunking,LMM-2,5.0,5.299999999999988,0.9203868401927167
60,1259,10,8,80.0,without_chunking,LMM-1,8.0,8.149999999999984,0.7519914523435675
60,1259,10,8,80.0,without_chunking,LMM-2,5.0,5.29999999999999,0.9131403402629106
61,1260,4,2,20.0,without_chunking,LMM-1,12.0,11.95000000000001,0.7749045068791152
61,1260,4,2,20.0,without_chunking,LMM-2,12.0,11.95000000000001,0.7749045068791152
61,1260,4,4,40.0,without_chunking,LMM-1,12.0,11.949999999999989,0.728230627797075
61,1260,4,4,40.0,without_chunking,LMM-2,12.0,11.949999999999989,0.728230627797075
61,1260,4,6,60.0,without_chunking,LMM-1,12.0,11.949999999999974,0.6842377255541008
61,1260,4,6,60.0,without_chunking,LMM-2,12.0,11.949999999999974,0.6842377255541008
61,1260,4,8,80.0,without_chunking,LMM-1,12.0,11.94999999999998,0.6431790222861842
61,1260,4,8,80.0,without_chunking,LMM-2,12.0,11.94999999999998,0.6431790222861842
61,1260,6,2,20.0,without_chunking,LMM-1,12.0,11.95000000000001,0.7749045068791152
61,1260,6,2,20.0,without_chunking,LMM-2,12.0,11.95000000000001,0.7749045068791152
61,1260,6,4,40.0,without_chunking,LMM-1,12.0,11.949999999999989,0.728230627797075
61,1260,6,4,40.0,without_chunking,LMM-2,12.0,11.949999999999989,0.728230627797075
61,1260,6,6,60.0,without_chunking,LMM-1,12.0,11.949999999999974,0.6842377255541008
61,1260,6,6,60.0,without_chunking,LMM-2,12.0,11.949999999999974,0.6842377255541008
61,1260,6,8,80.0,without_chunking,LMM-1,12.0,11.94999999999998,0.6431790222861842
61,1260,6,8,80.0,without_chunking,LMM-2,12.0,11.94999999999998,0.6431790222861842
61,1260,8,2,20.0,without_chunking,LMM-1,11.0,11.000000000000007,0.8013792734299785
61,1260,8,2,20.0,without_chunking,LMM-2,11.0,11.000000000000007,0.8013792734299785
61,1260,8,4,40.0,without_chunking,LMM-1,11.0,10.99999999999999,0.7577683106015344
61,1260,8,4,40.0,without_chunking,LMM-2,11.0,10.99999999999999,0.7577683106015344
61,1260,8,6,60.0,without_chunking,LMM-1,11.0,10.999999999999977,0.7164027344784202
61,1260,8,6,60.0,without_chunking,LMM-2,11.0,10.999999999999977,0.7164027344784202
61,1260,8,8,80.0,without_chunking,LMM-1,11.0,10.99999999999998,0.6771745856657349
61,1260,8,8,80.0,without_chunking,LMM-2,11.0,10.99999999999998,0.6771745856657349
61,1260,10,2,20.0,without_chunking,LMM-1,11.0,11.000000000000007,0.8013792734299785
61,1260,10,2,20.0,without_chunking,LMM-2,11.0,11.000000000000007,0.8013792734299785
61,1260,10,4,40.0,without_chunking,LMM-1,11.0,10.99999999999999,0.7577683106015344
61,1260,10,4,40.0,without_chunking,LMM-2,11.0,10.99999999999999,0.7577683106015344
61,1260,10,6,60.0,without_chunking,LMM-1,11.0,10.999999999999977,0.7164027344784202
61,1260,10,6,60.0,without_chunking,LMM-2,11.0,10.999999999999977,0.7164027344784202
61,1260,10,8,80.0,without_chunking,LMM-1,11.0,10.99999999999998,0.6771745856657349
61,1260,10,8,80.0,without_chunking,LMM-2,11.0,10.99999999999998,0.6771745856657349
62,1261,4,2,20.0,without_chunking,LMM-1,13.0,12.90000000000001,0.7455562964707214
62,1261,4,2,20.0,without_chunking,LMM-2,13.0,12.90000000000001,0.7455562964707214
62,1261,4,4,40.0,without_chunking,LMM-1,13.0,12.899999999999986,0.6957695141550045
62,1261,4,4,40.0,without_chunking,LMM-2,13.0,12.899999999999986,0.6957695141550045
62,1261,4,6,60.0,without_chunking,LMM-1,13.0,12.899999999999972,0.6491756782580622
62,1261,4,6,60.0,without_chunking,LMM-2,13.0,12.899999999999972,0.6491756782580622
62,1261,4,8,80.0,without_chunking,LMM-1,13.0,12.899999999999977,0.605607589458314
62,1261,4,8,80.0,without_chunking,LMM-2,13.0,12.899999999999977,0.605607589458314
62,1261,6,2,20.0,without_chunking,LMM-1,9.0,9.100000000000005,0.8315330267557515
62,1261,6,2,20.0,without_chunking,LMM-2,9.0,9.100000000000005,0.8315330267557515
62,1261,6,4,40.0,without_chunking,LMM-1,9.0,9.09999999999999,0.7941555384815985
62,1261,6,4,40.0,without_chunking,LMM-2,9.0,9.09999999999999,0.7941555384815985
62,1261,6,6,60.0,without_chunking,LMM-1,9.0,9.09999999999998,0.7583318249896476
62,1261,6,6,60.0,without_chunking,LMM-2,9.0,9.09999999999998,0.7583318249896476
62,1261,6,8,80.0,without_chunking,LMM-1,9.0,9.099999999999984,0.724069682391463
62,1261,6,8,80.0,without_chunking,LMM-2,9.0,9.099999999999984,0.724069682391463
62,1261,8,2,20.0,without_chunking,LMM-1,9.0,9.100000000000005,0.85170475378058
62,1261,8,2,20.0,without_chunking,LMM-2,8.5,8.625000000000004,0.8649102611335955
62,1261,8,4,40.0,without_chunking,LMM-1,9.0,9.09999999999999,0.8324359578117808
62,1261,8,4,40.0,without_chunking,LMM-2,8.5,8.62499999999999,0.8495758300337433
62,1261,8,6,60.0,without_chunking,LMM-1,9.0,9.09999999999998,0.8135694688615827
62,1261,8,6,60.0,without_chunking,LMM-2,8.5,8.62499999999998,0.8345100405125407
62,1261,8,8,80.0,without_chunking,LMM-1,9.0,9.099999999999984,0.7950976820172366
62,1261,8,8,80.0,without_chunking,LMM-2,8.5,8.624999999999984,0.8197083747220262
62,1261,10,2,20.0,without_chunking,LMM-1,8.0,8.150000000000004,0.8548233527539965
62,1261,10,2,20.0,without_chunking,LMM-2,8.0,8.150000000000004,0.8548233527539965
62,1261,10,4,40.0,without_chunking,LMM-1,8.0,8.149999999999991,0.8213631323897556
62,1261,10,4,40.0,without_chunking,LMM-2,8.0,8.149999999999991,0.8213631323897556
62,1261,10,6,60.0,without_chunking,LMM-1,8.0,8.149999999999983,0.7890954853099754
62,1261,10,6,60.0,without_chunking,LMM-2,8.0,8.149999999999983,0.7890954853099754
62,1261,10,8,80.0,without_chunking,LMM-1,8.0,8.149999999999984,0.7579826140727288
62,1261,10,8,80.0,without_chunking,LMM-2,8.0,8.149999999999984,0.7579826140727288
63,1262,4,2,20.0,without_chunking,LMM-1,11.0,11.000000000000007,0.7855155286980962
63,1262,4,2,20.0,without_chunking,LMM-2,11.0,11.000000000000007,0.7855155286980962
63,1262,4,4,40.0,without_chunking,LMM-1,11.0,10.99999999999999,0.7416761649602752
63,1262,4,4,40.0,without_chunking,LMM-2,11.0,10.99999999999999,0.7416761649602752
63,1262,4,6,60.0,without_chunking,LMM-1,11.0,10.999999999999977,0.700150631859257
63,1262,4,6,60.0,without_chunking,LMM-2,11.0,10.999999999999977,0.700150631859257
63,1262,4,8,80.0,without_chunking,LMM-1,11.0,10.99999999999998,0.6613939871787599
63,1262,4,8,80.0,without_chunking,LMM-2,11.0,10.99999999999998,0.6613939871787599
63,1262,6,2,20.0,without_chunking,LMM-1,10.0,10.050000000000006,0.8131179560455855
63,1262,6,2,20.0,without_chunking,LMM-2,10.0,10.050000000000006,0.8131179560455855
63,1262,6,4,40.0,without_chunking,LMM-1,10.0,10.04999999999999,0.7728843987885711
63,1262,6,4,40.0,without_chunking,LMM-2,10.0,10.04999999999999,0.7728843987885711
63,1262,6,6,60.0,without_chunking,LMM-1,10.0,10.049999999999978,0.7345155643157628
63,1262,6,6,60.0,without_chunking,LMM-2,10.0,10.049999999999978,0.7345155643157628
63,1262,6,8,80.0,without_chunking,LMM-1,10.0,10.049999999999981,0.697931740327059
63,1262,6,8,80.0,without_chunking,LMM-2,10.0,10.049999999999981,0.697931740327059
63,1262,8,2,20.0,without_chunking,LMM-1,9.0,9.100000000000005,0.8311105309465613
63,1262,8,2,20.0,without_chunking,LMM-2,9.0,9.100000000000005,0.8311105309465613
63,1262,8,4,40.0,without_chunking,LMM-1,9.0,9.09999999999999,0.793941364612415
63,1262,8,4,40.0,without_chunking,LMM-2,9.0,9.09999999999999,0.793941364612415
63,1262,8,6,60.0,without_chunking,LMM-1,9.0,9.09999999999998,0.7583095328570149
63,1262,8,6,60.0,without_chunking,LMM-2,9.0,9.09999999999998,0.7583095328570149
63,1262,8,8,80.0,without_chunking,LMM-1,9.0,9.099999999999984,0.7241923434424515
63,1262,8,8,80.0,without_chunking,LMM-2,9.0,9.099999999999984,0.7241923434424515
63,1262,10,2,20.0,without_chunking,LMM-1,9.0,9.100000000000005,0.8311105309465613
63,1262,10,2,20.0,without_chunking,LMM-2,9.0,9.100000000000005,0.8311105309465613
63,1262,10,4,40.0,without_chunking,LMM-1,9.0,9.09999999999999,0.793941364612415
63,1262,10,4,40.0,without_chunking,LMM-2,9.0,9.09999999999999,0.793941364612415
63,1262,10,6,60.0,without_chunking,LMM-1,9.0,9.09999999999998,0.7583095328570149
63,1262,10,6,60.0,without_chunking,LMM-2,9.0,9.09999999999998,0.7583095328570149
63,1262,10,8,80.0,without_chunking,LMM-1,9.0,9.099999999999984,0.7241923434424515
63,1262,10,8,80.0,without_chunking,LMM-2,9.0,9.099999999999984,0.7241923434424515
64,1263,4,2,20.0,without_chunking,LMM-1,11.5,11.475000000000009,0.7870477465963264
64,1263,4,2,20.0,without_chunking,LMM-2,11.5,11.475000000000009,0.7870477465963264
64,1263,4,4,40.0,without_chunking,LMM-1,11.5,11.474999999999989,0.7471154211746727
64,1263,4,4,40.0,without_chunking,LMM-2,11.5,11.474999999999989,0.7471154211746727
64,1263,4,6,60.0,without_chunking,LMM-1,11.5,11.474999999999975,0.7091033078615916
64,1263,4,6,60.0,without_chunking,LMM-2,11.5,11.474999999999975,0.7091033078615916
64,1263,4,8,80.0,without_chunking,LMM-1,11.5,11.47499999999998,0.6729249426658825
64,1263,4,8,80.0,without_chunking,LMM-2,11.5,11.47499999999998,0.6729249426658825
64,1263,6,2,20.0,without_chunking,LMM-1,10.0,10.050000000000006,0.8158844383713478
64,1263,6,2,20.0,without_chunking,LMM-2,10.0,10.050000000000006,0.8158844383713478
64,1263,6,4,40.0,without_chunking,LMM-1,10.0,10.04999999999999,0.7754127475220383
64,1263,6,4,40.0,without_chunking,LMM-2,10.0,10.04999999999999,0.7754127475220383
64,1263,6,6,60.0,without_chunking,LMM-1,10.0,10.049999999999978,0.7368205500991025
64,1263,6,6,60.0,without_chunking,LMM-2,10.0,10.049999999999978,0.7368205500991025
64,1263,6,8,80.0,without_chunking,LMM-1,10.0,10.049999999999981,0.7000958791858096
64,1263,6,8,80.0,without_chunking,LMM-2,10.0,10.049999999999981,0.7000958791858096
64,1263,8,2,20.0,without_chunking,LMM-1,9.5,9.575000000000005,0.8396329729067153
64,1263,8,2,20.0,without_chunking,LMM-2,9.5,9.575000000000005,0.8396329729067153
64,1263,8,4,40.0,without_chunking,LMM-1,9.5,9.57499999999999,0.8102734924054563
64,1263,8,4,40.0,without_chunking,LMM-2,9.5,9.57499999999999,0.8102734924054563
64,1263,8,6,60.0,without_chunking,LMM-1,9.5,9.57499999999998,0.7818635548478274
64,1263,8,6,60.0,without_chunking,LMM-2,9.5,9.57499999999998,0.7818635548478274
64,1263,8,8,80.0,without_chunking,LMM-1,9.5,9.574999999999982,0.7543752229320129
64,1263,8,8,80.0,without_chunking,LMM-2,9.5,9.574999999999982,0.7543752229320129
64,1263,10,2,20.0,without_chunking,LMM-1,9.0,9.100000000000005,0.8430127731514739
64,1263,10,2,20.0,without_chunking,LMM-2,9.0,9.100000000000005,0.8430127731514739
64,1263,10,4,40.0,without_chunking,LMM-1,9.0,9.09999999999999,0.8059157862135128
64,1263,10,4,40.0,without_chunking,LMM-2,9.0,9.09999999999999,0.8059157862135128
64,1263,10,6,60.0,without_chunking,LMM-1,9.0,9.09999999999998,0.7703280075269239
64,1263,10,6,60.0,without_chunking,LMM-2,9.0,9.09999999999998,0.7703280075269239
64,1263,10,8,80.0,without_chunking,LMM-1,9.0,9.099999999999984,0.736279909536676
64,1263,10,8,80.0,without_chunking,LMM-2,9.0,9.099999999999984,0.736279909536676
65,1264,4,2,20.0,without_chunking,LMM-1,12.0,11.95000000000001,0.7816076408998434
65,1264,4,2,20.0,without_chunking,LMM-2,12.0,11.95000000000001,0.7816076408998434
65,1264,4,4,40.0,without_chunking,LMM-1,12.0,11.949999999999989,0.7347687669491163
65,1264,4,4,40.0,without_chunking,LMM-2,12.0,11.949999999999989,0.7347687669491163
65,1264,4,6,60.0,without_chunking,LMM-1,12.0,11.949999999999974,0.6906075369642407
65,1264,4,6,60.0,without_chunking,LMM-2,12.0,11.949999999999974,0.6906075369642407
65,1264,4,8,80.0,without_chunking,LMM-1,12.0,11.94999999999998,0.648979559986816
65,1264,4,8,80.0,without_chunking,LMM-2,12.0,11.94999999999998,0.648979559986816
65,1264,6,2,20.0,without_chunking,LMM-1,12.0,11.95000000000001,0.7816076408998434
65,1264,6,2,20.0,without_chunking,LMM-2,12.0,11.95000000000001,0.7816076408998434
65,1264,6,4,40.0,without_chunking,LMM-1,12.0,11.949999999999989,0.7347687669491163
65,1264,6,4,40.0,without_chunking,LMM-2,12.0,11.949999999999989,0.7347687669491163
65,1264,6,6,60.0,without_chunking,LMM-1,12.0,11.949999999999974,0.6906075369642407
65,1264,6,6,60.0,without_chunking,LMM-2,12.0,11.949999999999974,0.6906075369642407
65,1264,6,8,80.0,without_chunking,LMM-1,12.0,11.94999999999998,0.648979559986816
65,1264,6,8,80.0,without_chunking,LMM-2,12.0,11.94999999999998,0.648979559986816
65,1264,8,2,20.0,without_chunking,LMM-1,12.0,11.95000000000001,0.7816076408998434
65,1264,8,2,20.0,without_chunking,LMM-2,12.0,11.95000000000001,0.7816076408998434
65,1264,8,4,40.0,without_chunking,LMM-1,12.0,11.949999999999989,0.7347687669491163
65,1264,8,4,40.0,without_chunking,LMM-2,12.0,11.949999999999989,0.7347687669491163
65,1264,8,6,60.0,without_chunking,LMM-1,12.0,11.949999999999974,0.6906075369642407
65,1264,8,6,60.0,without_chunking,LMM-2,12.0,11.949999999999974,0.6906075369642407
65,1264,8,8,80.0,without_chunking,LMM-1,12.0,11.94999999999998,0.648979559986816
65,1264,8,8,80.0,without_chunking,LMM-2,12.0,11.94999999999998,0.648979559986816
65,1264,10,2,20.0,without_chunking,LMM-1,12.0,11.95000000000001,0.7816076408998434
65,1264,10,2,20.0,without_chunking,LMM-2,12.0,11.95000000000001,0.7816076408998434
65,1264,10,4,40.0,without_chunking,LMM-1,12.0,11.949999999999989,0.7347687669491163
65,1264,10,4,40.0,without_chunking,LMM-2,12.0,11.949999999999989,0.7347687669491163
65,1264,10,6,60.0,without_chunking,LMM-1,12.0,11.949999999999974,0.6906075369642407
65,1264,10,6,60.0,without_chunking,LMM-2,12.0,11.949999999999974,0.6906075369642407
65,1264,10,8,80.0,without_chunking,LMM-1,12.0,11.94999999999998,0.648979559986816
65,1264,10,8,80.0,without_chunking,LMM-2,12.0,11.94999999999998,0.648979559986816
66,1265,4,2,20.0,without_chunking,LMM-1,14.0,13.850000000000012,0.7588333527062703
66,1265,4,2,20.0,without_chunking,LMM-2,14.0,13.850000000000012,0.7588333527062703
66,1265,4,4,40.0,without_chunking,LMM-1,14.0,13.849999999999985,0.7060981681554701
66,1265,4,4,40.0,without_chunking,LMM-2,14.0,13.849999999999985,0.7060981681554701
66,1265,4,6,60.0,without_chunking,LMM-1,14.0,13.849999999999968,0.6569032438001864
66,1265,4,6,60.0,without_chunking,LMM-2,14.0,13.849999999999968,0.6569032438001864
66,1265,4,8,80.0,without_chunking,LMM-1,14.0,13.849999999999977,0.6110349318819586
66,1265,4,8,80.0,without_chunking,LMM-2,14.0,13.849999999999977,0.6110349318819586
66,1265,6,2,20.0,without_chunking,LMM-1,14.0,13.850000000000012,0.7588333527062703
66,1265,6,2,20.0,without_chunking,LMM-2,14.0,13.850000000000012,0.7588333527062703
66,1265,6,4,40.0,without_chunking,LMM-1,14.0,13.849999999999985,0.7060981681554701
66,1265,6,4,40.0,without_chunking,LMM-2,14.0,13.849999999999985,0.7060981681554701
66,1265,6,6,60.0,without_chunking,LMM-1,14.0,13.849999999999968,0.6569032438001864
66,1265,6,6,60.0,without_chunking,LMM-2,14.0,13.849999999999968,0.6569032438001864
66,1265,6,8,80.0,without_chunking,LMM-1,14.0,13.849999999999977,0.6110349318819586
66,1265,6,8,80.0,without_chunking,LMM-2,14.0,13.849999999999977,0.6110349318819586
66,1265,8,2,20.0,without_chunking,LMM-1,14.0,13.850000000000012,0.7588333527062703
66,1265,8,2,20.0,without_chunking,LMM-2,14.0,13.850000000000012,0.7588333527062703
66,1265,8,4,40.0,without_chunking,LMM-1,14.0,13.849999999999985,0.7060981681554701
66,1265,8,4,40.0,without_chunking,LMM-2,14.0,13.849999999999985,0.7060981681554701
66,1265,8,6,60.0,without_chunking,LMM-1,14.0,13.849999999999968,0.6569032438001864
66,1265,8,6,60.0,without_chunking,LMM-2,14.0,13.849999999999968,0.6569032438001864
66,1265,8,8,80.0,without_chunking,LMM-1,14.0,13.849999999999977,0.6110349318819586
66,1265,8,8,80.0,without_chunking,LMM-2,14.0,13.849999999999977,0.6110349318819586
66,1265,10,2,20.0,without_chunking,LMM-1,11.0,11.000000000000007,0.8048128731521117
66,1265,10,2,20.0,without_chunking,LMM-2,11.0,11.000000000000007,0.8048128731521117
66,1265,10,4,40.0,without_chunking,LMM-1,11.0,10.99999999999999,0.7610795330723021
66,1265,10,4,40.0,without_chunking,LMM-2,11.0,10.99999999999999,0.7610795330723021
66,1265,10,6,60.0,without_chunking,LMM-1,11.0,10.999999999999977,0.7195943736779227
66,1265,10,6,60.0,without_chunking,LMM-2,11.0,10.999999999999977,0.7195943736779227
66,1265,10,8,80.0,without_chunking,LMM-1,11.0,10.99999999999998,0.680249478864305
66,1265,10,8,80.0,without_chunking,LMM-2,11.0,10.99999999999998,0.680249478864305
67,1266,4,2,20.0,without_chunking,LMM-1,13.5,13.37500000000001,0.7371452053636887
67,1266,4,2,20.0,without_chunking,LMM-2,13.5,13.37500000000001,0.7371452053636887
67,1266,4,4,40.0,without_chunking,LMM-1,13.5,13.374999999999984,0.6913233300299767
67,1266,4,4,40.0,without_chunking,LMM-2,13.5,13.374999999999984,0.6913233300299767
67,1266,4,6,60.0,without_chunking,LMM-1,13.5,13.37499999999997,0.6482514466751899
67,1266,4,6,60.0,without_chunking,LMM-2,13.5,13.37499999999997,0.6482514466751899
67,1266,4,8,80.0,without_chunking,LMM-1,13.5,13.374999999999977,0.6077714593276367
67,1266,4,8,80.0,without_chunking,LMM-2,13.5,13.374999999999977,0.6077714593276367
67,1266,6,2,20.0,without_chunking,LMM-1,12.0,11.95000000000001,0.7661422390393369
67,1266,6,2,20.0,without_chunking,LMM-2,12.0,11.95000000000001,0.7661422390393369
67,1266,6,4,40.0,without_chunking,LMM-1,12.0,11.949999999999989,0.7194344296427932
67,1266,6,4,40.0,without_chunking,LMM-2,12.0,11.949999999999989,0.7194344296427932
67,1266,6,6,60.0,without_chunking,LMM-1,12.0,11.949999999999974,0.6754421717129191
67,1266,6,6,60.0,without_chunking,LMM-2,12.0,11.949999999999974,0.6754421717129191
67,1266,6,8,80.0,without_chunking,LMM-1,12.0,11.94999999999998,0.6343354886551951
67,1266,6,8,80.0,without_chunking,LMM-2,12.0,11.94999999999998,0.6343354886551951
67,1266,8,2,20.0,without_chunking,LMM-1,10.0,10.050000000000006,0.8127302156368978
67,1266,8,2,20.0,without_chunking,LMM-2,10.0,10.050000000000006,0.8127302156368978
67,1266,8,4,40.0,without_chunking,LMM-1,10.0,10.04999999999999,0.7722116068701564
67,1266,8,4,40.0,without_chunking,LMM-2,10.0,10.04999999999999,0.7722116068701564
67,1266,8,6,60.0,without_chunking,LMM-1,10.0,10.049999999999978,0.7335847143120249
67,1266,8,6,60.0,without_chunking,LMM-2,10.0,10.049999999999978,0.7335847143120249
67,1266,8,8,80.0,without_chunking,LMM-1,10.0,10.049999999999981,0.6968316170368336
67,1266,8,8,80.0,without_chunking,LMM-2,10.0,10.049999999999981,0.6968316170368336
67,1266,10,2,20.0,without_chunking,LMM-1,8.0,8.150000000000004,0.8556298037039294
67,1266,10,2,20.0,without_chunking,LMM-2,7.5,7.675000000000004,0.8677953823659239
67,1266,10,4,40.0,without_chunking,LMM-1,8.0,8.149999999999991,0.8219941013911441
67,1266,10,4,40.0,without_chunking,LMM-2,7.0,7.199999999999992,0.8551424962368472
67,1266,10,6,60.0,without_chunking,LMM-1,8.0,8.149999999999983,0.7895620593392276
67,1266,10,6,60.0,without_chunking,LMM-2,7.0,7.199999999999984,0.8325609030996615
67,1266,10,8,80.0,without_chunking,LMM-1,8.0,8.149999999999984,0.758329469195703
67,1266,10,8,80.0,without_chunking,LMM-2,7.0,7.199999999999987,0.810516431027775
68,1267,4,2,20.0,without_chunking,LMM-1,18.0,17.650000000000013,0.6375770334485067
68,1267,4,2,20.0,without_chunking,LMM-2,18.0,17.650000000000013,0.6375770334485067
68,1267,4,4,40.0,without_chunking,LMM-1,18.0,17.649999999999974,0.5770355891498826
68,1267,4,4,40.0,without_chunking,LMM-2,18.0,17.649999999999974,0.5770355891498826
68,1267,4,6,60.0,without_chunking,LMM-1,18.0,17.649999999999956,0.5221404969601194
68,1267,4,6,60.0,without_chunking,LMM-2,18.0,17.649999999999956,0.5221404969601194
68,1267,4,8,80.0,without_chunking,LMM-1,18.0,17.64999999999997,0.472377725923098
68,1267,4,8,80.0,without_chunking,LMM-2,18.0,17.64999999999997,0.472377725923098
68,1267,6,2,20.0,without_chunking,LMM-1,18.0,17.650000000000013,0.6375770334485067
68,1267,6,2,20.0,without_chunking,LMM-2,18.0,17.650000000000013,0.6375770334485067
68,1267,6,4,40.0,without_chunking,LMM-1,18.0,17.649999999999974,0.5770355891498826
68,1267,6,4,40.0,without_chunking,LMM-2,18.0,17.649999999999974,0.5770355891498826
68,1267,6,6,60.0,without_chunking,LMM-1,18.0,17.649999999999956,0.5221404969601194
68,1267,6,6,60.0,without_chunking,LMM-2,18.0,17.649999999999956,0.5221404969601194
68,1267,6,8,80.0,without_chunking,LMM-1,18.0,17.64999999999997,0.472377725923098
68,1267,6,8,80.0,without_chunking,LMM-2,18.0,17.64999999999997,0.472377725923098
68,1267,8,2,20.0,without_chunking,LMM-1,14.0,13.850000000000012,0.7080263124739014
68,1267,8,2,20.0,without_chunking,LMM-2,14.0,13.850000000000012,0.7080263124739014
68,1267,8,4,40.0,without_chunking,LMM-1,14.0,13.849999999999985,0.6560625690841678
68,1267,8,4,40.0,without_chunking,LMM-2,14.0,13.849999999999985,0.6560625690841678
68,1267,8,6,60.0,without_chunking,LMM-1,14.0,13.849999999999968,0.6077832080274741
68,1267,8,6,60.0,without_chunking,LMM-2,14.0,13.849999999999968,0.6077832080274741
68,1267,8,8,80.0,without_chunking,LMM-1,14.0,13.849999999999977,0.5629622616929795
68,1267,8,8,80.0,without_chunking,LMM-2,14.0,13.849999999999977,0.5629622616929795
68,1267,10,2,20.0,without_chunking,LMM-1,10.0,10.050000000000006,0.7948593800681039
68,1267,10,2,20.0,without_chunking,LMM-2,10.0,10.050000000000006,0.7948593800681039
68,1267,10,4,40.0,without_chunking,LMM-1,10.0,10.04999999999999,0.7544185641005106
68,1267,10,4,40.0,without_chunking,LMM-2,10.0,10.04999999999999,0.7544185641005106
68,1267,10,6,60.0,without_chunking,LMM-1,10.0,10.049999999999978,0.7159046532591361
68,1267,10,6,60.0,without_chunking,LMM-2,10.0,10.049999999999978,0.7159046532591361
68,1267,10,8,80.0,without_chunking,LMM-1,10.0,10.049999999999981,0.6793145004706176
68,1267,10,8,80.0,without_chunking,LMM-2,10.0,10.049999999999981,0.6793145004706176
69,1268,4,2,20.0,without_chunking,LMM-1,11.0,11.000000000000007,0.7912669126327804
69,1268,4,2,20.0,without_chunking,LMM-2,11.0,11.000000000000007,0.7912669126327804
69,1268,4,4,40.0,without_chunking,LMM-1,11.0,10.99999999999999,0.7473282383446709
69,1268,4,4,40.0,without_chunking,LMM-2,11.0,10.99999999999999,0.7473282383446709
69,1268,4,6,60.0,without_chunking,LMM-1,11.0,10.999999999999977,0.7056974758945332
69,1268,4,6,60.0,without_chunking,LMM-2,11.0,10.999999999999977,0.7056974758945332
69,1268,4,8,80.0,without_chunking,LMM-1,11.0,10.99999999999998,0.6662984012242493
69,1268,4,8,80.0,without_chunking,LMM-2,11.0,10.99999999999998,0.6662984012242493
69,1268,6,2,20.0,without_chunking,LMM-1,11.0,11.000000000000007,0.7912669126327804
69,1268,6,2,20.0,without_chunking,LMM-2,11.0,11.000000000000007,0.7912669126327804
69,1268,6,4,40.0,without_chunking,LMM-1,11.0,10.99999999999999,0.7473282383446709
69,1268,6,4,40.0,without_chunking,LMM-2,11.0,10.99999999999999,0.7473282383446709
69,1268,6,6,60.0,without_chunking,LMM-1,11.0,10.999999999999977,0.7056974758945332
69,1268,6,6,60.0,without_chunking,LMM-2,11.0,10.999999999999977,0.7056974758945332
69,1268,6,8,80.0,without_chunking,LMM-1,11.0,10.99999999999998,0.6662984012242493
69,1268,6,8,80.0,without_chunking,LMM-2,11.0,10.99999999999998,0.6662984012242493
69,1268,8,2,20.0,without_chunking,LMM-1,10.0,10.050000000000006,0.8090153721306075
69,1268,8,2,20.0,without_chunking,LMM-2,10.0,10.050000000000006,0.8090153721306075
69,1268,8,4,40.0,without_chunking,LMM-1,10.0,10.04999999999999,0.7683557327027681
69,1268,8,4,40.0,without_chunking,LMM-2,10.0,10.04999999999999,0.7683557327027681
69,1268,8,6,60.0,without_chunking,LMM-1,10.0,10.049999999999978,0.7296094892880971
69,1268,8,6,60.0,without_chunking,LMM-2,10.0,10.049999999999978,0.7296094892880971
69,1268,8,8,80.0,without_chunking,LMM-1,10.0,10.049999999999981,0.6927403625074058
69,1268,8,8,80.0,without_chunking,LMM-2,10.0,10.049999999999981,0.6927403625074058
69,1268,10,2,20.0,without_chunking,LMM-1,9.0,9.100000000000005,0.844342973019598
69,1268,10,2,20.0,without_chunking,LMM-2,9.0,9.100000000000005,0.844342973019598
69,1268,10,4,40.0,without_chunking,LMM-1,9.0,9.09999999999999,0.8074355879897568
69,1268,10,4,40.0,without_chunking,LMM-2,9.0,9.09999999999999,0.8074355879897568
69,1268,10,6,60.0,without_chunking,LMM-1,9.0,9.09999999999998,0.7720207715113048
69,1268,10,6,60.0,without_chunking,LMM-2,9.0,9.09999999999998,0.7720207715113048
69,1268,10,8,80.0,without_chunking,LMM-1,9.0,9.099999999999984,0.7380437196821144
69,1268,10,8,80.0,without_chunking,LMM-2,9.0,9.099999999999984,0.7380437196821144
70,1269,4,2,20.0,without_chunking,LMM-1,11.0,11.000000000000007,0.7898188399259201
70,1269,4,2,20.0,without_chunking,LMM-2,11.0,11.000000000000007,0.7898188399259201
70,1269,4,4,40.0,without_chunking,LMM-1,11.0,10.99999999999999,0.7460812855886159
70,1269,4,4,40.0,without_chunking,LMM-2,11.0,10.99999999999999,0.7460812855886159
70,1269,4,6,60.0,without_chunking,LMM-1,11.0,10.999999999999977,0.7046338494086379
70,1269,4,6,60.0,without_chunking,LMM-2,11.0,10.999999999999977,0.7046338494086379
70,1269,4,8,80.0,without_chunking,LMM-1,11.0,10.99999999999998,0.6659470314287738
70,1269,4,8,80.0,without_chunking,LMM-2,11.0,10.99999999999998,0.6659470314287738
70,1269,6,2,20.0,without_chunking,LMM-1,11.0,11.000000000000007,0.7968552498429108
70,1269,6,2,20.0,without_chunking,LMM-2,11.0,11.000000000000007,0.7968552498429108
70,1269,6,4,40.0,without_chunking,LMM-1,11.0,10.99999999999999,0.7531840398369283
70,1269,6,4,40.0,without_chunking,LMM-2,11.0,10.99999999999999,0.7531840398369283
70,1269,6,6,60.0,without_chunking,LMM-1,11.0,10.999999999999977,0.7117763297562365
70,1269,6,6,60.0,without_chunking,LMM-2,11.0,10.999999999999977,0.7117763297562365
70,1269,6,8,80.0,without_chunking,LMM-1,11.0,10.99999999999998,0.6726300705705066
70,1269,6,8,80.0,without_chunking,LMM-2,11.0,10.99999999999998,0.6726300705705066
70,1269,8,2,20.0,without_chunking,LMM-1,11.0,11.000000000000007,0.7968552498429108
70,1269,8,2,20.0,without_chunking,LMM-2,11.0,11.000000000000007,0.7968552498429108
70,1269,8,4,40.0,without_chunking,LMM-1,11.0,10.99999999999999,0.7531840398369283
70,1269,8,4,40.0,without_chunking,LMM-2,11.0,10.99999999999999,0.7531840398369283
70,1269,8,6,60.0,without_chunking,LMM-1,11.0,10.999999999999977,0.7117763297562365
70,1269,8,6,60.0,without_chunking,LMM-2,11.0,10.999999999999977,0.7117763297562365
70,1269,8,8,80.0,without_chunking,LMM-1,11.0,10.99999999999998,0.6726300705705066
70,1269,8,8,80.0,without_chunking,LMM-2,11.0,10.99999999999998,0.6726300705705066
70,1269,10,2,20.0,without_chunking,LMM-1,9.0,9.100000000000005,0.8401214727552088
70,1269,10,2,20.0,without_chunking,LMM-2,9.0,9.100000000000005,0.8401214727552088
70,1269,10,4,40.0,without_chunking,LMM-1,9.0,9.09999999999999,0.8029789118933446
70,1269,10,4,40.0,without_chunking,LMM-2,9.0,9.09999999999999,0.8029789118933446
70,1269,10,6,60.0,without_chunking,LMM-1,9.0,9.09999999999998,0.7673547318512647
70,1269,10,6,60.0,without_chunking,LMM-2,9.0,9.09999999999998,0.7673547318512647
70,1269,10,8,80.0,without_chunking,LMM-1,9.0,9.099999999999984,0.7332666184031245
70,1269,10,8,80.0,without_chunking,LMM-2,9.0,9.099999999999984,0.7332666184031245
71,1270,4,2,20.0,without_chunking,LMM-1,12.0,11.95000000000001,0.7707619447014765
71,1270,4,2,20.0,without_chunking,LMM-2,12.0,11.95000000000001,0.7707619447014765
71,1270,4,4,40.0,without_chunking,LMM-1,12.0,11.949999999999989,0.7243216905147685
71,1270,4,4,40.0,without_chunking,LMM-2,12.0,11.949999999999989,0.7243216905147685
71,1270,4,6,60.0,without_chunking,LMM-1,12.0,11.949999999999974,0.6805502617909442
71,1270,4,6,60.0,without_chunking,LMM-2,12.0,11.949999999999974,0.6805502617909442
71,1270,4,8,80.0,without_chunking,LMM-1,12.0,11.94999999999998,0.6393416154132633
71,1270,4,8,80.0,without_chunking,LMM-2,12.0,11.94999999999998,0.6393416154132633
71,1270,6,2,20.0,without_chunking,LMM-1,12.0,11.95000000000001,0.7707619447014765
71,1270,6,2,20.0,without_chunking,LMM-2,12.0,11.95000000000001,0.7707619447014765
71,1270,6,4,40.0,without_chunking,LMM-1,12.0,11.949999999999989,0.7243216905147685
71,1270,6,4,40.0,without_chunking,LMM-2,12.0,11.949999999999989,0.7243216905147685
71,1270,6,6,60.0,without_chunking,LMM-1,12.0,11.949999999999974,0.6805502617909442
71,1270,6,6,60.0,without_chunking,LMM-2,12.0,11.949999999999974,0.6805502617909442
71,1270,6,8,80.0,without_chunking,LMM-1,12.0,11.94999999999998,0.6393416154132633
71,1270,6,8,80.0,without_chunking,LMM-2,12.0,11.94999999999998,0.6393416154132633
71,1270,8,2,20.0,without_chunking,LMM-1,11.5,11.475000000000009,0.7934308250650621
71,1270,8,2,20.0,without_chunking,LMM-2,11.5,11.475000000000009,0.7934308250650621
71,1270,8,4,40.0,without_chunking,LMM-1,11.5,11.474999999999989,0.759139960858061
71,1270,8,4,40.0,without_chunking,LMM-2,11.5,11.474999999999989,0.759139960858061
71,1270,8,6,60.0,without_chunking,LMM-1,11.5,11.474999999999975,0.7262481563505657
71,1270,8,6,60.0,without_chunking,LMM-2,11.5,11.474999999999975,0.7262481563505657
71,1270,8,8,80.0,without_chunking,LMM-1,11.5,11.47499999999998,0.6947021741761525
71,1270,8,8,80.0,without_chunking,LMM-2,11.5,11.47499999999998,0.6947021741761525
71,1270,10,2,20.0,without_chunking,LMM-1,10.0,10.050000000000006,0.8213454199058116
71,1270,10,2,20.0,without_chunking,LMM-2,10.0,10.050000000000006,0.8213454199058116
71,1270,10,4,40.0,without_chunking,LMM-1,10.0,10.04999999999999,0.7800769547409321
71,1270,10,4,40.0,without_chunking,LMM-2,10.0,10.04999999999999,0.7800769547409321
71,1270,10,6,60.0,without_chunking,LMM-1,10.0,10.049999999999978,0.7407497892008823
71,1270,10,6,60.0,without_chunking,LMM-2,10.0,10.049999999999978,0.7407497892008823
71,1270,10,8,80.0,without_chunking,LMM-1,10.0,10.049999999999981,0.7034366534954115
71,1270,10,8,80.0,without_chunking,LMM-2,10.0,10.049999999999981,0.7034366534954115
72,1271,4,2,20.0,without_chunking,LMM-1,10.5,10.525000000000006,0.8040521624436789
72,1271,4,2,20.0,without_chunking,LMM-2,10.5,10.525000000000006,0.8040521624436789
72,1271,4,4,40.0,without_chunking,LMM-1,10.5,10.52499999999999,0.7710745284387732
72,1271,4,4,40.0,without_chunking,LMM-2,10.5,10.52499999999999,0.7710745284387732
72,1271,4,6,60.0,without_chunking,LMM-1,10.5,10.524999999999977,0.7393632082614834
72,1271,4,6,60.0,without_chunking,LMM-2,10.5,10.524999999999977,0.7393632082614834
72,1271,4,8,80.0,without_chunking,LMM-1,10.5,10.52499999999998,0.7088733121249702
72,1271,4,8,80.0,without_chunking,LMM-2,10.5,10.52499999999998,0.7088733121249702
72,1271,6,2,20.0,without_chunking,LMM-1,9.0,9.100000000000005,0.8321666838437336
72,1271,6,2,20.0,without_chunking,LMM-2,9.0,9.100000000000005,0.8321666838437336
72,1271,6,4,40.0,without_chunking,LMM-1,9.0,9.09999999999999,0.7949146011093493
72,1271,6,4,40.0,without_chunking,LMM-2,9.0,9.09999999999999,0.7949146011093493
72,1271,6,6,60.0,without_chunking,LMM-1,9.0,9.09999999999998,0.7592046478093601
72,1271,6,6,60.0,without_chunking,LMM-2,9.0,9.09999999999998,0.7592046478093601
72,1271,6,8,80.0,without_chunking,LMM-1,9.0,9.099999999999984,0.7250768884799895
72,1271,6,8,80.0,without_chunking,LMM-2,9.0,9.099999999999984,0.7250768884799895
72,1271,8,2,20.0,without_chunking,LMM-1,8.0,8.150000000000004,0.8544882423169459
72,1271,8,2,20.0,without_chunking,LMM-2,9.0,9.100000000000005,0.8579137534598419
72,1271,8,4,40.0,without_chunking,LMM-1,8.0,8.149999999999991,0.8208302005192956
72,1271,8,4,40.0,without_chunking,LMM-2,9.0,9.09999999999999,0.8196372963067168
72,1271,8,6,60.0,without_chunking,LMM-1,8.0,8.149999999999983,0.7883792878418628
72,1271,8,6,60.0,without_chunking,LMM-2,9.0,9.09999999999998,0.7829400767393044
72,1271,8,8,80.0,without_chunking,LMM-1,8.0,8.149999999999984,0.7570970681199062
72,1271,8,8,80.0,without_chunking,LMM-2,9.0,9.099999999999984,0.7477629606074473
72,1271,10,2,20.0,without_chunking,LMM-1,8.0,8.150000000000004,0.8532139708272695
72,1271,10,2,20.0,without_chunking,LMM-2,8.0,8.150000000000004,0.8532139708272695
72,1271,10,4,40.0,without_chunking,LMM-1,8.0,8.149999999999991,0.8195848040262901
72,1271,10,4,40.0,without_chunking,LMM-2,8.0,8.149999999999991,0.8195848040262901
72,1271,10,6,60.0,without_chunking,LMM-1,8.0,8.149999999999983,0.787162358023161
72,1271,10,6,60.0,without_chunking,LMM-2,8.0,8.149999999999983,0.787162358023161
72,1271,10,8,80.0,without_chunking,LMM-1,8.0,8.149999999999984,0.7559087065510036
72,1271,10,8,80.0,without_chunking,LMM-2,8.0,8.149999999999984,0.7559087065510036
73,1272,4,2,20.0,without_chunking,LMM-1,12.0,11.95000000000001,0.7499637618666838
73,1272,4,2,20.0,without_chunking,LMM-2,12.0,11.95000000000001,0.7499637618666838
73,1272,4,4,40.0,without_chunking,LMM-1,12.0,11.949999999999989,0.7031484920489282
73,1272,4,4,40.0,without_chunking,LMM-2,12.0,11.949999999999989,0.7031484920489282
73,1272,4,6,60.0,without_chunking,LMM-1,12.0,11.949999999999974,0.6591197333337167
73,1272,4,6,60.0,without_chunking,LMM-2,12.0,11.949999999999974,0.6591197333337167
73,1272,4,8,80.0,without_chunking,LMM-1,12.0,11.94999999999998,0.618418375120952
73,1272,4,8,80.0,without_chunking,LMM-2,12.0,11.94999999999998,0.618418375120952
73,1272,6,2,20.0,without_chunking,LMM-1,10.0,10.050000000000006,0.8023742480616574
73,1272,6,2,20.0,without_chunking,LMM-2,10.0,10.050000000000006,0.8023742480616574
73,1272,6,4,40.0,without_chunking,LMM-1,10.0,10.04999999999999,0.7615170639548062
73,1272,6,4,40.0,without_chunking,LMM-2,10.0,10.04999999999999,0.7615170639548062
73,1272,6,6,60.0,without_chunking,LMM-1,10.0,10.049999999999978,0.722607927555314
73,1272,6,6,60.0,without_chunking,LMM-2,10.0,10.049999999999978,0.722607927555314
73,1272,6,8,80.0,without_chunking,LMM-1,10.0,10.049999999999981,0.6857187755825815
73,1272,6,8,80.0,without_chunking,LMM-2,10.0,10.049999999999981,0.6857187755825815
73,1272,8,2,20.0,without_chunking,LMM-1,9.0,9.100000000000005,0.8347530887935616
73,1272,8,2,20.0,without_chunking,LMM-2,9.0,9.100000000000005,0.8347530887935616
73,1272,8,4,40.0,without_chunking,LMM-1,9.0,9.09999999999999,0.8059572472971102
73,1272,8,4,40.0,without_chunking,LMM-2,9.0,9.09999999999999,0.8059572472971102
73,1272,8,6,60.0,without_chunking,LMM-1,9.0,9.09999999999998,0.7780788217961373
73,1272,8,6,60.0,without_chunking,LMM-2,9.0,9.09999999999998,0.7780788217961373
73,1272,8,8,80.0,without_chunking,LMM-1,9.0,9.099999999999982,0.751091227177251
73,1272,8,8,80.0,without_chunking,LMM-2,9.0,9.099999999999982,0.751091227177251
73,1272,10,2,20.0,without_chunking,LMM-1,8.0,8.150000000000004,0.8568639699577174
73,1272,10,2,20.0,without_chunking,LMM-2,8.0,8.150000000000004,0.8568639699577174
73,1272,10,4,40.0,without_chunking,LMM-1,8.0,8.149999999999991,0.8229453006090965
73,1272,10,4,40.0,without_chunking,LMM-2,8.0,8.149999999999991,0.8229453006090965
73,1272,10,6,60.0,without_chunking,LMM-1,8.0,8.149999999999983,0.7902488751804524
73,1272,10,6,60.0,without_chunking,LMM-2,8.0,8.149999999999983,0.7902488751804524
73,1272,10,8,80.0,without_chunking,LMM-1,8.0,8.149999999999984,0.7588003316919629
73,1272,10,8,80.0,without_chunking,LMM-2,8.0,8.149999999999984,0.7588003316919629
74,1273,4,2,20.0,without_chunking,LMM-1,12.5,12.425000000000008,0.7872568043511099
74,1273,4,2,20.0,without_chunking,LMM-2,12.5,12.425000000000008,0.7872568043511099
74,1273,4,4,40.0,without_chunking,LMM-1,12.5,12.424999999999988,0.7619861125952705
74,1273,4,4,40.0,without_chunking,LMM-2,12.5,12.424999999999988,0.7619861125952705
74,1273,4,6,60.0,without_chunking,LMM-1,12.5,12.424999999999974,0.7374918332549041
74,1273,4,6,60.0,without_chunking,LMM-2,12.5,12.424999999999974,0.7374918332549041
74,1273,4,8,80.0,without_chunking,LMM-1,12.5,12.42499999999998,0.7137513711050656
74,1273,4,8,80.0,without_chunking,LMM-2,12.5,12.42499999999998,0.7137513711050656
74,1273,6,2,20.0,without_chunking,LMM-1,12.0,11.95000000000001,0.783031820589466
74,1273,6,2,20.0,without_chunking,LMM-2,12.0,11.95000000000001,0.783031820589466
74,1273,6,4,40.0,without_chunking,LMM-1,12.0,11.949999999999989,0.7361039032452684
74,1273,6,4,40.0,without_chunking,LMM-2,12.0,11.949999999999989,0.7361039032452684
74,1273,6,6,60.0,without_chunking,LMM-1,12.0,11.949999999999974,0.6918591544357056
74,1273,6,6,60.0,without_chunking,LMM-2,12.0,11.949999999999974,0.6918591544357056
74,1273,6,8,80.0,without_chunking,LMM-1,12.0,11.94999999999998,0.6501528499596732
74,1273,6,8,80.0,without_chunking,LMM-2,12.0,11.94999999999998,0.6501528499596732
74,1273,8,2,20.0,without_chunking,LMM-1,12.0,11.95000000000001,0.783031820589466
74,1273,8,2,20.0,without_chunking,LMM-2,12.0,11.95000000000001,0.783031820589466
74,1273,8,4,40.0,without_chunking,LMM-1,12.0,11.949999999999989,0.7361039032452684
74,1273,8,4,40.0,without_chunking,LMM-2,12.0,11.949999999999989,0.7361039032452684
74,1273,8,6,60.0,without_chunking,LMM-1,12.0,11.949999999999974,0.6918591544357056
74,1273,8,6,60.0,without_chunking,LMM-2,12.0,11.949999999999974,0.6918591544357056
74,1273,8,8,80.0,without_chunking,LMM-1,12.0,11.94999999999998,0.6501528499596732
74,1273,8,8,80.0,without_chunking,LMM-2,12.0,11.94999999999998,0.6501528499596732
74,1273,10,2,20.0,without_chunking,LMM-1,12.0,11.95000000000001,0.783031820589466
74,1273,10,2,20.0,without_chunking,LMM-2,12.0,11.95000000000001,0.783031820589466
74,1273,10,4,40.0,without_chunking,LMM-1,12.0,11.949999999999989,0.7361039032452684
74,1273,10,4,40.0,without_chunking,LMM-2,12.0,11.949999999999989,0.7361039032452684
74,1273,10,6,60.0,without_chunking,LMM-1,12.0,11.949999999999974,0.6918591544357056
74,1273,10,6,60.0,without_chunking,LMM-2,12.0,11.949999999999974,0.6918591544357056
74,1273,10,8,80.0,without_chunking,LMM-1,12.0,11.94999999999998,0.6501528499596732
74,1273,10,8,80.0,without_chunking,LMM-2,12.0,11.94999999999998,0.6501528499596732
75,1274,4,2,20.0,without_chunking,LMM-1,11.0,11.000000000000007,0.7806404251522607
75,1274,4,2,20.0,without_chunking,LMM-2,11.0,11.000000000000007,0.7806404251522607
75,1274,4,4,40.0,without_chunking,LMM-1,11.0,10.99999999999999,0.7369437498227085
75,1274,4,4,40.0,without_chunking,LMM-2,11.0,10.99999999999999,0.7369437498227085
75,1274,4,6,60.0,without_chunking,LMM-1,11.0,10.999999999999977,0.6955609277325061
75,1274,4,6,60.0,without_chunking,LMM-2,11.0,10.999999999999977,0.6955609277325061
75,1274,4,8,80.0,without_chunking,LMM-1,11.0,10.99999999999998,0.6564702363581362
75,1274,4,8,80.0,without_chunking,LMM-2,11.0,10.99999999999998,0.6564702363581362
75,1274,6,2,20.0,without_chunking,LMM-1,10.0,10.050000000000006,0.7990616606900536
75,1274,6,2,20.0,without_chunking,LMM-2,10.0,10.050000000000006,0.7990616606900536
75,1274,6,4,40.0,without_chunking,LMM-1,10.0,10.04999999999999,0.7583661175783111
75,1274,6,4,40.0,without_chunking,LMM-2,10.0,10.04999999999999,0.7583661175783111
75,1274,6,6,60.0,without_chunking,LMM-1,10.0,10.049999999999978,0.7196111826831604
75,1274,6,6,60.0,without_chunking,LMM-2,10.0,10.049999999999978,0.7196111826831604
75,1274,6,8,80.0,without_chunking,LMM-1,10.0,10.049999999999981,0.6829027639260541
75,1274,6,8,80.0,without_chunking,LMM-2,10.0,10.049999999999981,0.6829027639260541
75,1274,8,2,20.0,without_chunking,LMM-1,10.0,10.050000000000006,0.8055516178945239
75,1274,8,2,20.0,without_chunking,LMM-2,10.0,10.050000000000006,0.8055516178945239
75,1274,8,4,40.0,without_chunking,LMM-1,10.0,10.04999999999999,0.7647749837763199
75,1274,8,4,40.0,without_chunking,LMM-2,10.0,10.04999999999999,0.7647749837763199
75,1274,8,6,60.0,without_chunking,LMM-1,10.0,10.049999999999978,0.7259316354810859
75,1274,8,6,60.0,without_chunking,LMM-2,10.0,10.049999999999978,0.7259316354810859
75,1274,8,8,80.0,without_chunking,LMM-1,10.0,10.049999999999981,0.6889717588354604
75,1274,8,8,80.0,without_chunking,LMM-2,10.0,10.049999999999981,0.6889717588354604
75,1274,10,2,20.0,without_chunking,LMM-1,10.0,10.050000000000006,0.8134681611492128
75,1274,10,2,20.0,without_chunking,LMM-2,10.0,10.050000000000006,0.8134681611492128
75,1274,10,4,40.0,without_chunking,LMM-1,10.0,10.04999999999999,0.7725622798057363
75,1274,10,4,40.0,without_chunking,LMM-2,10.0,10.04999999999999,0.7725622798057363
75,1274,10,6,60.0,without_chunking,LMM-1,10.0,10.049999999999978,0.7335820339685162
75,1274,10,6,60.0,without_chunking,LMM-2,10.0,10.049999999999978,0.7335820339685162
75,1274,10,8,80.0,without_chunking,LMM-1,10.0,10.049999999999981,0.6966281861603616
75,1274,10,8,80.0,without_chunking,LMM-2,10.0,10.049999999999981,0.6966281861603616
76,1275,4,2,20.0,without_chunking,LMM-1,11.0,11.000000000000007,0.778388574307176
76,1275,4,2,20.0,without_chunking,LMM-2,11.0,11.000000000000007,0.778388574307176
76,1275,4,4,40.0,without_chunking,LMM-1,11.0,10.99999999999999,0.7347043485650894
76,1275,4,4,40.0,without_chunking,LMM-2,11.0,10.99999999999999,0.7347043485650894
76,1275,4,6,60.0,without_chunking,LMM-1,11.0,10.999999999999977,0.6933382294493884
76,1275,4,6,60.0,without_chunking,LMM-2,11.0,10.999999999999977,0.6933382294493884
76,1275,4,8,80.0,without_chunking,LMM-1,11.0,10.99999999999998,0.6544914415354449
76,1275,4,8,80.0,without_chunking,LMM-2,11.0,10.99999999999998,0.6544914415354449
76,1275,6,2,20.0,without_chunking,LMM-1,11.0,11.000000000000007,0.7805031054178881
76,1275,6,2,20.0,without_chunking,LMM-2,11.0,11.000000000000007,0.7805031054178881
76,1275,6,4,40.0,without_chunking,LMM-1,11.0,10.99999999999999,0.7369091279576939
76,1275,6,4,40.0,without_chunking,LMM-2,11.0,10.99999999999999,0.7369091279576939
76,1275,6,6,60.0,without_chunking,LMM-1,11.0,10.999999999999977,0.6956176276215056
76,1275,6,6,60.0,without_chunking,LMM-2,11.0,10.999999999999977,0.6956176276215056
76,1275,6,8,80.0,without_chunking,LMM-1,11.0,10.99999999999998,0.6570336755312716
76,1275,6,8,80.0,without_chunking,LMM-2,11.0,10.99999999999998,0.6570336755312716
76,1275,8,2,20.0,without_chunking,LMM-1,8.0,8.150000000000004,0.8519866008199816
76,1275,8,2,20.0,without_chunking,LMM-2,8.0,8.150000000000004,0.8519866008199816
76,1275,8,4,40.0,without_chunking,LMM-1,8.0,8.149999999999991,0.8187087719679449
76,1275,8,4,40.0,without_chunking,LMM-2,8.0,8.149999999999991,0.8187087719679449
76,1275,8,6,60.0,without_chunking,LMM-1,8.0,8.149999999999983,0.7866139149462201
76,1275,8,6,60.0,without_chunking,LMM-2,8.0,8.149999999999983,0.7866139149462201
76,1275,8,8,80.0,without_chunking,LMM-1,8.0,8.149999999999984,0.7557205757573436
76,1275,8,8,80.0,without_chunking,LMM-2,8.0,8.149999999999984,0.7557205757573436
76,1275,10,2,20.0,without_chunking,LMM-1,8.0,8.150000000000004,0.8563169721880923
76,1275,10,2,20.0,without_chunking,LMM-2,8.0,8.150000000000004,0.8563169721880923
76,1275,10,4,40.0,without_chunking,LMM-1,8.0,8.149999999999991,0.8223377166252428
76,1275,10,4,40.0,without_chunking,LMM-2,8.0,8.149999999999991,0.8223377166252428
76,1275,10,6,60.0,without_chunking,LMM-1,8.0,8.149999999999983,0.7895859453746881
76,1275,10,6,60.0,without_chunking,LMM-2,8.0,8.149999999999983,0.7895859453746881
76,1275,10,8,80.0,without_chunking,LMM-1,8.0,8.149999999999984,0.7580920913128397
76,1275,10,8,80.0,without_chunking,LMM-2,8.0,8.149999999999984,0.7580920913128397
77,1276,4,2,20.0,without_chunking,LMM-1,15.0,14.800000000000011,0.726167181669649
77,1276,4,2,20.0,without_chunking,LMM-2,15.0,14.800000000000011,0.726167181669649
77,1276,4,4,40.0,without_chunking,LMM-1,15.0,14.799999999999981,0.6768501376372517
77,1276,4,4,40.0,without_chunking,LMM-2,15.0,14.799999999999981,0.6768501376372517
77,1276,4,6,60.0,without_chunking,LMM-1,15.0,14.799999999999967,0.630777313928163
77,1276,4,6,60.0,without_chunking,LMM-2,15.0,14.799999999999967,0.630777313928163
77,1276,4,8,80.0,without_chunking,LMM-1,15.0,14.799999999999976,0.5877436807280426
77,1276,4,8,80.0,without_chunking,LMM-2,15.0,14.799999999999976,0.5877436807280426
77,1276,6,2,20.0,without_chunking,LMM-1,15.0,14.800000000000011,0.7389304920790435
77,1276,6,2,20.0,without_chunking,LMM-2,15.0,14.800000000000011,0.7389304920790435
77,1276,6,4,40.0,without_chunking,LMM-1,15.0,14.799999999999981,0.6833399900703454
77,1276,6,4,40.0,without_chunking,LMM-2,15.0,14.799999999999981,0.6833399900703454
77,1276,6,6,60.0,without_chunking,LMM-1,15.0,14.799999999999967,0.631809988660637
77,1276,6,6,60.0,without_chunking,LMM-2,15.0,14.799999999999967,0.631809988660637
77,1276,6,8,80.0,without_chunking,LMM-1,15.0,14.799999999999976,0.5840548099876406
77,1276,6,8,80.0,without_chunking,LMM-2,15.0,14.799999999999976,0.5840548099876406
77,1276,8,2,20.0,without_chunking,LMM-1,12.0,11.95000000000001,0.7830032129503597
77,1276,8,2,20.0,without_chunking,LMM-2,12.0,11.95000000000001,0.7830032129503597
77,1276,8,4,40.0,without_chunking,LMM-1,12.0,11.949999999999989,0.7362318976753645
77,1276,8,4,40.0,without_chunking,LMM-2,12.0,11.949999999999989,0.7362318976753645
77,1276,8,6,60.0,without_chunking,LMM-1,12.0,11.949999999999974,0.6921254023450177
77,1276,8,6,60.0,without_chunking,LMM-2,12.0,11.949999999999974,0.6921254023450177
77,1276,8,8,80.0,without_chunking,LMM-1,12.0,11.94999999999998,0.6505405277295484
77,1276,8,8,80.0,without_chunking,LMM-2,12.0,11.94999999999998,0.6505405277295484
77,1276,10,2,20.0,without_chunking,LMM-1,12.0,11.95000000000001,0.7925695678719809
77,1276,10,2,20.0,without_chunking,LMM-2,12.0,11.95000000000001,0.7925695678719809
77,1276,10,4,40.0,without_chunking,LMM-1,12.0,11.949999999999989,0.7455066817088065
77,1276,10,4,40.0,without_chunking,LMM-2,12.0,11.949999999999989,0.7455066817088065
77,1276,10,6,60.0,without_chunking,LMM-1,12.0,11.949999999999974,0.7011097579130493
77,1276,10,6,60.0,without_chunking,LMM-2,12.0,11.949999999999974,0.7011097579130493
77,1276,10,8,80.0,without_chunking,LMM-1,12.0,11.94999999999998,0.6592363433414987
77,1276,10,8,80.0,without_chunking,LMM-2,12.0,11.94999999999998,0.6592363433414987
78,1277,4,2,20.0,without_chunking,LMM-1,16.0,15.750000000000012,0.6788495982994126
78,1277,4,2,20.0,without_chunking,LMM-2,16.0,15.750000000000012,0.6788495982994126
78,1277,4,4,40.0,without_chunking,LMM-1,16.0,15.749999999999979,0.6224356068635076
78,1277,4,4,40.0,without_chunking,LMM-2,16.0,15.749999999999979,0.6224356068635076
78,1277,4,6,60.0,without_chunking,LMM-1,16.0,15.749999999999963,0.5705927888882427
78,1277,4,6,60.0,without_chunking,LMM-2,16.0,15.749999999999963,0.5705927888882427
78,1277,4,8,80.0,without_chunking,LMM-1,16.0,15.749999999999973,0.5230184383259789
78,1277,4,8,80.0,without_chunking,LMM-2,16.0,15.749999999999973,0.5230184383259789
78,1277,6,2,20.0,without_chunking,LMM-1,13.5,13.37500000000001,0.7319550905989718
78,1277,6,2,20.0,without_chunking,LMM-2,13.5,13.37500000000001,0.7319550905989718
78,1277,6,4,40.0,without_chunking,LMM-1,13.5,13.374999999999986,0.6844723955936685
78,1277,6,4,40.0,without_chunking,LMM-2,13.5,13.374999999999986,0.6844723955936685
78,1277,6,6,60.0,without_chunking,LMM-1,13.5,13.374999999999972,0.6399540894151152
78,1277,6,6,60.0,without_chunking,LMM-2,13.5,13.374999999999972,0.6399540894151152
78,1277,6,8,80.0,without_chunking,LMM-1,13.5,13.374999999999979,0.5982237120416749
78,1277,6,8,80.0,without_chunking,LMM-2,13.5,13.374999999999979,0.5982237120416749
78,1277,8,2,20.0,without_chunking,LMM-1,11.0,11.000000000000007,0.7821177046860533
78,1277,8,2,20.0,without_chunking,LMM-2,11.0,11.000000000000007,0.7821177046860533
78,1277,8,4,40.0,without_chunking,LMM-1,11.0,10.99999999999999,0.7383594803528539
78,1277,8,4,40.0,without_chunking,LMM-2,11.0,10.99999999999999,0.7383594803528539
78,1277,8,6,60.0,without_chunking,LMM-1,11.0,10.999999999999977,0.6969163433347214
78,1277,8,6,60.0,without_chunking,LMM-2,11.0,10.999999999999977,0.6969163433347214
78,1277,8,8,80.0,without_chunking,LMM-1,11.0,10.99999999999998,0.6579168288294399
78,1277,8,8,80.0,without_chunking,LMM-2,11.0,10.99999999999998,0.6579168288294399
78,1277,10,2,20.0,without_chunking,LMM-1,9.0,9.100000000000005,0.8472806378554654
78,1277,10,2,20.0,without_chunking,LMM-2,8.5,8.625000000000004,0.8592452815834575
78,1277,10,4,40.0,without_chunking,LMM-1,9.0,9.09999999999999,0.8263016500596039
78,1277,10,4,40.0,without_chunking,LMM-2,8.375,8.50624999999999,0.8494175677716311
78,1277,10,6,60.0,without_chunking,LMM-1,9.0,9.09999999999998,0.8057992861173713
78,1277,10,6,60.0,without_chunking,LMM-2,8.25,8.387499999999982,0.8394093454548965
78,1277,10,8,80.0,without_chunking,LMM-1,9.0,9.099999999999984,0.7857637912514701
78,1277,10,8,80.0,without_chunking,LMM-2,8.0625,8.209374999999984,0.826154173133469
79,1278,4,2,20.0,without_chunking,LMM-1,13.0,12.90000000000001,0.764437117031148
79,1278,4,2,20.0,without_chunking,LMM-2,13.0,12.90000000000001,0.764437117031148
79,1278,4,4,40.0,without_chunking,LMM-1,13.0,12.899999999999988,0.7351273278361168
79,1278,4,4,40.0,without_chunking,LMM-2,13.0,12.899999999999988,0.7351273278361168
79,1278,4,6,60.0,without_chunking,LMM-1,13.0,12.899999999999972,0.7068953297902938
79,1278,4,6,60.0,without_chunking,LMM-2,13.0,12.899999999999972,0.7068953297902938
79,1278,4,8,80.0,without_chunking,LMM-1,13.0,12.899999999999979,0.6797034335788331
79,1278,4,8,80.0,without_chunking,LMM-2,13.0,12.899999999999979,0.6797034335788331
79,1278,6,2,20.0,without_chunking,LMM-1,12.0,11.95000000000001,0.7774724657745655
79,1278,6,2,20.0,without_chunking,LMM-2,12.0,11.95000000000001,0.7774724657745655
79,1278,6,4,40.0,without_chunking,LMM-1,12.0,11.949999999999989,0.7307364938842685
79,1278,6,4,40.0,without_chunking,LMM-2,12.0,11.949999999999989,0.7307364938842685
79,1278,6,6,60.0,without_chunking,LMM-1,12.0,11.949999999999974,0.6866803148235894
79,1278,6,6,60.0,without_chunking,LMM-2,12.0,11.949999999999974,0.6866803148235894
79,1278,6,8,80.0,without_chunking,LMM-1,12.0,11.94999999999998,0.6451658588887585
79,1278,6,8,80.0,without_chunking,LMM-2,12.0,11.94999999999998,0.6451658588887585
79,1278,8,2,20.0,without_chunking,LMM-1,11.0,11.000000000000007,0.8136959029426155
79,1278,8,2,20.0,without_chunking,LMM-2,11.0,11.000000000000007,0.8136959029426155
79,1278,8,4,40.0,without_chunking,LMM-1,11.0,10.99999999999999,0.7698188963635322
79,1278,8,4,40.0,without_chunking,LMM-2,11.0,10.99999999999999,0.7698188963635322
79,1278,8,6,60.0,without_chunking,LMM-1,11.0,10.999999999999977,0.7281808030581415
79,1278,8,6,60.0,without_chunking,LMM-2,11.0,10.999999999999977,0.7281808030581415
79,1278,8,8,80.0,without_chunking,LMM-1,11.0,10.99999999999998,0.6886749154823297
79,1278,8,8,80.0,without_chunking,LMM-2,11.0,10.99999999999998,0.6886749154823297
79,1278,10,2,20.0,without_chunking,LMM-1,11.0,11.000000000000007,0.8136959029426155
79,1278,10,2,20.0,without_chunking,LMM-2,11.0,11.000000000000007,0.8136959029426155
79,1278,10,4,40.0,without_chunking,LMM-1,11.0,10.99999999999999,0.7698188963635322
79,1278,10,4,40.0,without_chunking,LMM-2,11.0,10.99999999999999,0.7698188963635322
79,1278,10,6,60.0,without_chunking,LMM-1,11.0,10.999999999999977,0.7281808030581415
79,1278,10,6,60.0,without_chunking,LMM-2,11.0,10.999999999999977,0.7281808030581415
79,1278,10,8,80.0,without_chunking,LMM-1,11.0,10.99999999999998,0.6886749154823297
79,1278,10,8,80.0,without_chunking,LMM-2,11.0,10.99999999999998,0.6886749154823297
80,1279,4,2,20.0,without_chunking,LMM-1,13.0,12.90000000000001,0.7635427461442479
80,1279,4,2,20.0,without_chunking,LMM-2,13.0,12.90000000000001,0.7635427461442479
80,1279,4,4,40.0,without_chunking,LMM-1,13.0,12.899999999999986,0.7375498104145484
80,1279,4,4,40.0,without_chunking,LMM-2,13.0,12.899999999999986,0.7375498104145484
80,1279,4,6,60.0,without_chunking,LMM-1,13.0,12.899999999999972,0.7124119734240464
80,1279,4,6,60.0,without_chunking,LMM-2,13.0,12.899999999999972,0.7124119734240464
80,1279,4,8,80.0,without_chunking,LMM-1,13.0,12.899999999999979,0.6881022802900038
80,1279,4,8,80.0,without_chunking,LMM-2,13.0,12.899999999999979,0.6881022802900038
80,1279,6,2,20.0,without_chunking,LMM-1,11.0,11.000000000000007,0.7919230912945615
80,1279,6,2,20.0,without_chunking,LMM-2,11.0,11.000000000000007,0.7919230912945615
80,1279,6,4,40.0,without_chunking,LMM-1,11.0,10.99999999999999,0.7478925879741629
80,1279,6,4,40.0,without_chunking,LMM-2,11.0,10.99999999999999,0.7478925879741629
80,1279,6,6,60.0,without_chunking,LMM-1,11.0,10.999999999999977,0.7061774941056755
80,1279,6,6,60.0,without_chunking,LMM-2,11.0,10.999999999999977,0.7061774941056755
80,1279,6,8,80.0,without_chunking,LMM-1,11.0,10.99999999999998,0.6667552377797126
80,1279,6,8,80.0,without_chunking,LMM-2,11.0,10.99999999999998,0.6667552377797126
80,1279,8,2,20.0,without_chunking,LMM-1,10.0,10.050000000000006,0.8110661994867812
80,1279,8,2,20.0,without_chunking,LMM-2,10.0,10.050000000000006,0.8110661994867812
80,1279,8,4,40.0,without_chunking,LMM-1,10.0,10.04999999999999,0.7707486577258689
80,1279,8,4,40.0,without_chunking,LMM-2,10.0,10.04999999999999,0.7707486577258689
80,1279,8,6,60.0,without_chunking,LMM-1,10.0,10.049999999999978,0.7323075560054813
80,1279,8,6,60.0,without_chunking,LMM-2,10.0,10.049999999999978,0.7323075560054813
80,1279,8,8,80.0,without_chunking,LMM-1,10.0,10.049999999999981,0.6957447509183832
80,1279,8,8,80.0,without_chunking,LMM-2,10.0,10.049999999999981,0.6957447509183832
80,1279,10,2,20.0,without_chunking,LMM-1,10.0,10.050000000000006,0.8241212674461256
80,1279,10,2,20.0,without_chunking,LMM-2,10.0,10.050000000000006,0.8241212674461256
80,1279,10,4,40.0,without_chunking,LMM-1,10.0,10.04999999999999,0.7834820964646885
80,1279,10,4,40.0,without_chunking,LMM-2,10.0,10.04999999999999,0.7834820964646885
80,1279,10,6,60.0,without_chunking,LMM-1,10.0,10.049999999999978,0.7447201486830275
80,1279,10,6,60.0,without_chunking,LMM-2,10.0,10.049999999999978,0.7447201486830275
80,1279,10,8,80.0,without_chunking,LMM-1,10.0,10.049999999999981,0.7077554417341276
80,1279,10,8,80.0,without_chunking,LMM-2,10.0,10.049999999999981,0.7077554417341276
81,1280,4,2,20.0,without_chunking,LMM-1,12.0,11.95000000000001,0.7748776416671477
81,1280,4,2,20.0,without_chunking,LMM-2,12.0,11.95000000000001,0.7748776416671477
81,1280,4,4,40.0,without_chunking,LMM-1,12.0,11.949999999999989,0.7283210672622501
81,1280,4,4,40.0,without_chunking,LMM-2,12.0,11.949999999999989,0.7283210672622501
81,1280,4,6,60.0,without_chunking,LMM-1,12.0,11.949999999999974,0.6844319080416561
81,1280,4,6,60.0,without_chunking,LMM-2,12.0,11.949999999999974,0.6844319080416561
81,1280,4,8,80.0,without_chunking,LMM-1,12.0,11.94999999999998,0.6431664943851412
81,1280,4,8,80.0,without_chunking,LMM-2,12.0,11.94999999999998,0.6431664943851412
81,1280,6,2,20.0,without_chunking,LMM-1,11.0,11.000000000000007,0.7928493710840064
81,1280,6,2,20.0,without_chunking,LMM-2,11.0,11.000000000000007,0.7928493710840064
81,1280,6,4,40.0,without_chunking,LMM-1,11.0,10.99999999999999,0.7492123131644812
81,1280,6,4,40.0,without_chunking,LMM-2,11.0,10.99999999999999,0.7492123131644812
81,1280,6,6,60.0,without_chunking,LMM-1,11.0,10.999999999999977,0.7078464183035673
81,1280,6,6,60.0,without_chunking,LMM-2,11.0,10.999999999999977,0.7078464183035673
81,1280,6,8,80.0,without_chunking,LMM-1,11.0,10.99999999999998,0.6687508799469535
81,1280,6,8,80.0,without_chunking,LMM-2,11.0,10.99999999999998,0.6687508799469535
81,1280,8,2,20.0,without_chunking,LMM-1,11.0,11.000000000000007,0.819668874651116
81,1280,8,2,20.0,without_chunking,LMM-2,11.0,11.000000000000007,0.819668874651116
81,1280,8,4,40.0,without_chunking,LMM-1,11.0,10.99999999999999,0.7970791466419258
81,1280,8,4,40.0,without_chunking,LMM-2,11.0,10.99999999999999,0.7970791466419258
81,1280,8,6,60.0,without_chunking,LMM-1,11.0,10.999999999999977,0.775077160754678
81,1280,8,6,60.0,without_chunking,LMM-2,11.0,10.999999999999977,0.775077160754678
81,1280,8,8,80.0,without_chunking,LMM-1,11.0,10.99999999999998,0.7536486727171523
81,1280,8,8,80.0,without_chunking,LMM-2,11.0,10.99999999999998,0.7536486727171523
81,1280,10,2,20.0,without_chunking,LMM-1,10.0,10.050000000000004,0.8419873036522358
81,1280,10,2,20.0,without_chunking,LMM-2,10.0,10.050000000000004,0.8419873036522358
81,1280,10,4,40.0,without_chunking,LMM-1,10.0,10.049999999999988,0.8212702819183981
81,1280,10,4,40.0,without_chunking,LMM-2,10.0,10.049999999999988,0.8212702819183981
81,1280,10,6,60.0,without_chunking,LMM-1,10.0,10.049999999999978,0.8010355915351755
81,1280,10,6,60.0,without_chunking,LMM-2,10.0,10.049999999999978,0.8010355915351755
81,1280,10,8,80.0,without_chunking,LMM-1,10.0,10.049999999999983,0.7812727324877327
81,1280,10,8,80.0,without_chunking,LMM-2,10.0,10.049999999999983,0.7812727324877327
82,1281,4,2,20.0,without_chunking,LMM-1,11.0,11.000000000000007,0.7994989369237573
82,1281,4,2,20.0,without_chunking,LMM-2,11.0,11.000000000000007,0.7994989369237573
82,1281,4,4,40.0,without_chunking,LMM-1,11.0,10.99999999999999,0.7556351116856362
82,1281,4,4,40.0,without_chunking,LMM-2,11.0,10.99999999999999,0.7556351116856362
82,1281,4,6,60.0,without_chunking,LMM-1,11.0,10.999999999999977,0.7140473016755944
82,1281,4,6,60.0,without_chunking,LMM-2,11.0,10.999999999999977,0.7140473016755944
82,1281,4,8,80.0,without_chunking,LMM-1,11.0,10.99999999999998,0.6747004952285528
82,1281,4,8,80.0,without_chunking,LMM-2,11.0,10.99999999999998,0.6747004952285528
82,1281,6,2,20.0,without_chunking,LMM-1,11.0,11.000000000000007,0.7994989369237573
82,1281,6,2,20.0,without_chunking,LMM-2,11.0,11.000000000000007,0.7994989369237573
82,1281,6,4,40.0,without_chunking,LMM-1,11.0,10.99999999999999,0.7556351116856362
82,1281,6,4,40.0,without_chunking,LMM-2,11.0,10.99999999999999,0.7556351116856362
82,1281,6,6,60.0,without_chunking,LMM-1,11.0,10.999999999999977,0.7140473016755944
82,1281,6,6,60.0,without_chunking,LMM-2,11.0,10.999999999999977,0.7140473016755944
82,1281,6,8,80.0,without_chunking,LMM-1,11.0,10.99999999999998,0.6747004952285528
82,1281,6,8,80.0,without_chunking,LMM-2,11.0,10.99999999999998,0.6747004952285528
82,1281,8,2,20.0,without_chunking,LMM-1,9.0,9.100000000000005,0.8429992521197015
82,1281,8,2,20.0,without_chunking,LMM-2,7.0,7.200000000000003,0.8916936704217782
82,1281,8,4,40.0,without_chunking,LMM-1,9.0,9.09999999999999,0.8054461326942814
82,1281,8,4,40.0,without_chunking,LMM-2,7.0,7.199999999999992,0.871954825199569
82,1281,8,6,60.0,without_chunking,LMM-1,9.0,9.09999999999998,0.7694398725550422
82,1281,8,6,60.0,without_chunking,LMM-2,7.0,7.199999999999984,0.85260487274862
82,1281,8,8,80.0,without_chunking,LMM-1,9.0,9.099999999999984,0.7350029175292278
82,1281,8,8,80.0,without_chunking,LMM-2,7.0,7.199999999999987,0.8336372048835647
82,1281,10,2,20.0,without_chunking,LMM-1,9.0,9.100000000000005,0.8429992521197015
82,1281,10,2,20.0,without_chunking,LMM-2,7.0,7.200000000000004,0.8951758484807839
82,1281,10,4,40.0,without_chunking,LMM-1,9.0,9.09999999999999,0.8054461326942814
82,1281,10,4,40.0,without_chunking,LMM-2,6.125,6.368749999999994,0.9027459366417941
82,1281,10,6,60.0,without_chunking,LMM-1,9.0,9.09999999999998,0.7694398725550422
82,1281,10,6,60.0,without_chunking,LMM-2,6.0,6.249999999999987,0.896491984002509
82,1281,10,8,80.0,without_chunking,LMM-1,9.0,9.099999999999984,0.7350029175292278
82,1281,10,8,80.0,without_chunking,LMM-2,6.0,6.2499999999999885,0.8879877492271295
83,1282,4,2,20.0,without_chunking,LMM-1,11.0,11.000000000000007,0.8041392155008502
83,1282,4,2,20.0,without_chunking,LMM-2,11.0,11.000000000000007,0.8041392155008502
83,1282,4,4,40.0,without_chunking,LMM-1,11.0,10.99999999999999,0.7813526587669808
83,1282,4,4,40.0,without_chunking,LMM-2,11.0,10.99999999999999,0.7813526587669808
83,1282,4,6,60.0,without_chunking,LMM-1,11.0,10.999999999999977,0.7591755057392853
83,1282,4,6,60.0,without_chunking,LMM-2,11.0,10.999999999999977,0.7591755057392853
83,1282,4,8,80.0,without_chunking,LMM-1,11.0,10.99999999999998,0.7375925790630871
83,1282,4,8,80.0,without_chunking,LMM-2,11.0,10.99999999999998,0.7375925790630871
83,1282,6,2,20.0,without_chunking,LMM-1,11.0,11.000000000000007,0.783063003642791
83,1282,6,2,20.0,without_chunking,LMM-2,11.0,11.000000000000007,0.783063003642791
83,1282,6,4,40.0,without_chunking,LMM-1,11.0,10.99999999999999,0.7391704587627548
83,1282,6,4,40.0,without_chunking,LMM-2,11.0,10.99999999999999,0.7391704587627548
83,1282,6,6,60.0,without_chunking,LMM-1,11.0,10.999999999999977,0.6976052967287386
83,1282,6,6,60.0,without_chunking,LMM-2,11.0,10.999999999999977,0.6976052967287386
83,1282,6,8,80.0,without_chunking,LMM-1,11.0,10.99999999999998,0.6583097381693125
83,1282,6,8,80.0,without_chunking,LMM-2,11.0,10.99999999999998,0.6583097381693125
83,1282,8,2,20.0,without_chunking,LMM-1,11.0,11.000000000000007,0.783063003642791
83,1282,8,2,20.0,without_chunking,LMM-2,11.0,11.000000000000007,0.783063003642791
83,1282,8,4,40.0,without_chunking,LMM-1,11.0,10.99999999999999,0.7391704587627548
83,1282,8,4,40.0,without_chunking,LMM-2,11.0,10.99999999999999,0.7391704587627548
83,1282,8,6,60.0,without_chunking,LMM-1,11.0,10.999999999999977,0.6976052967287386
83,1282,8,6,60.0,without_chunking,LMM-2,11.0,10.999999999999977,0.6976052967287386
83,1282,8,8,80.0,without_chunking,LMM-1,11.0,10.99999999999998,0.6583097381693125
83,1282,8,8,80.0,without_chunking,LMM-2,11.0,10.99999999999998,0.6583097381693125
83,1282,10,2,20.0,without_chunking,LMM-1,10.0,10.050000000000006,0.8125907930399736
83,1282,10,2,20.0,without_chunking,LMM-2,10.0,10.050000000000006,0.8125907930399736
83,1282,10,4,40.0,without_chunking,LMM-1,10.0,10.04999999999999,0.7716197909593817
83,1282,10,4,40.0,without_chunking,LMM-2,10.0,10.04999999999999,0.7716197909593817
83,1282,10,6,60.0,without_chunking,LMM-1,10.0,10.049999999999978,0.7325838582740749
83,1282,10,6,60.0,without_chunking,LMM-2,10.0,10.049999999999978,0.7325838582740749
83,1282,10,8,80.0,without_chunking,LMM-1,10.0,10.049999999999981,0.6954028954661082
83,1282,10,8,80.0,without_chunking,LMM-2,10.0,10.049999999999981,0.6954028954661082
84,1283,4,2,20.0,without_chunking,LMM-1,17.0,16.70000000000001,0.7018400382810717
84,1283,4,2,20.0,without_chunking,LMM-2,17.0,16.70000000000001,0.7018400382810717
84,1283,4,4,40.0,without_chunking,LMM-1,17.0,16.699999999999978,0.6421232166073367
84,1283,4,4,40.0,without_chunking,LMM-2,17.0,16.699999999999978,0.6421232166073367
84,1283,4,6,60.0,without_chunking,LMM-1,17.0,16.69999999999996,0.5873804551503694
84,1283,4,6,60.0,without_chunking,LMM-2,17.0,16.69999999999996,0.5873804551503694
84,1283,4,8,80.0,without_chunking,LMM-1,17.0,16.699999999999974,0.537208885339318
84,1283,4,8,80.0,without_chunking,LMM-2,17.0,16.699999999999974,0.537208885339318
84,1283,6,2,20.0,without_chunking,LMM-1,15.5,15.275000000000013,0.7282197611829151
84,1283,6,2,20.0,without_chunking,LMM-2,15.5,15.275000000000013,0.7282197611829151
84,1283,6,4,40.0,without_chunking,LMM-1,15.5,15.27499999999998,0.6799249364038955
84,1283,6,4,40.0,without_chunking,LMM-2,15.5,15.27499999999998,0.6799249364038955
84,1283,6,6,60.0,without_chunking,LMM-1,15.5,15.274999999999963,0.6347427243172536
84,1283,6,6,60.0,without_chunking,LMM-2,15.5,15.274999999999963,0.6347427243172536
84,1283,6,8,80.0,without_chunking,LMM-1,15.5,15.274999999999974,0.5924795276899886
84,1283,6,8,80.0,without_chunking,LMM-2,15.5,15.274999999999974,0.5924795276899886
84,1283,8,2,20.0,without_chunking,LMM-1,14.0,13.850000000000012,0.7439241621605033
84,1283,8,2,20.0,without_chunking,LMM-2,14.0,13.850000000000012,0.7439241621605033
84,1283,8,4,40.0,without_chunking,LMM-1,14.0,13.849999999999985,0.691763141436516
84,1283,8,4,40.0,without_chunking,LMM-2,14.0,13.849999999999985,0.691763141436516
84,1283,8,6,60.0,without_chunking,LMM-1,14.0,13.849999999999968,0.6431356040654547
84,1283,8,6,60.0,without_chunking,LMM-2,14.0,13.849999999999968,0.6431356040654547
84,1283,8,8,80.0,without_chunking,LMM-1,14.0,13.849999999999977,0.5978123232186421
84,1283,8,8,80.0,without_chunking,LMM-2,14.0,13.849999999999977,0.5978123232186421
84,1283,10,2,20.0,without_chunking,LMM-1,12.0,11.95000000000001,0.7809588912730808
84,1283,10,2,20.0,without_chunking,LMM-2,12.0,11.95000000000001,0.7809588912730808
84,1283,10,4,40.0,without_chunking,LMM-1,12.0,11.949999999999989,0.7342964622235564
84,1283,10,4,40.0,without_chunking,LMM-2,12.0,11.949999999999989,0.7342964622235564
84,1283,10,6,60.0,without_chunking,LMM-1,12.0,11.949999999999974,0.6902935578606102
84,1283,10,6,60.0,without_chunking,LMM-2,12.0,11.949999999999974,0.6902935578606102
84,1283,10,8,80.0,without_chunking,LMM-1,12.0,11.94999999999998,0.6488072064909511
84,1283,10,8,80.0,without_chunking,LMM-2,12.0,11.94999999999998,0.6488072064909511
85,1284,4,2,20.0,without_chunking,LMM-1,17.0,16.70000000000001,0.6611565442483638
85,1284,4,2,20.0,without_chunking,LMM-2,17.0,16.70000000000001,0.6611565442483638
85,1284,4,4,40.0,without_chunking,LMM-1,17.0,16.699999999999978,0.6024967480905465
85,1284,4,4,40.0,without_chunking,LMM-2,17.0,16.699999999999978,0.6024967480905465
85,1284,4,6,60.0,without_chunking,LMM-1,17.0,16.69999999999996,0.5489306494524661
85,1284,4,6,60.0,without_chunking,LMM-2,17.0,16.69999999999996,0.5489306494524661
85,1284,4,8,80.0,without_chunking,LMM-1,17.0,16.699999999999974,0.5003123367538977
85,1284,4,8,80.0,without_chunking,LMM-2,17.0,16.699999999999974,0.5003123367538977
85,1284,6,2,20.0,without_chunking,LMM-1,16.0,15.750000000000012,0.680691419161155
85,1284,6,2,20.0,without_chunking,LMM-2,16.0,15.750000000000012,0.680691419161155
85,1284,6,4,40.0,without_chunking,LMM-1,16.0,15.749999999999979,0.6238902393048573
85,1284,6,4,40.0,without_chunking,LMM-2,16.0,15.749999999999979,0.6238902393048573
85,1284,6,6,60.0,without_chunking,LMM-1,16.0,15.749999999999963,0.5717101308873613
85,1284,6,6,60.0,without_chunking,LMM-2,16.0,15.749999999999963,0.5717101308873613
85,1284,6,8,80.0,without_chunking,LMM-1,16.0,15.749999999999973,0.524211614613433
85,1284,6,8,80.0,without_chunking,LMM-2,16.0,15.749999999999973,0.524211614613433
85,1284,8,2,20.0,without_chunking,LMM-1,11.0,11.000000000000007,0.7976574795563403
85,1284,8,2,20.0,without_chunking,LMM-2,11.0,11.000000000000007,0.7976574795563403
85,1284,8,4,40.0,without_chunking,LMM-1,11.0,10.99999999999999,0.7538791016228564
85,1284,8,4,40.0,without_chunking,LMM-2,11.0,10.99999999999999,0.7538791016228564
85,1284,8,6,60.0,without_chunking,LMM-1,11.0,10.999999999999977,0.7123732821319838
85,1284,8,6,60.0,without_chunking,LMM-2,11.0,10.999999999999977,0.7123732821319838
85,1284,8,8,80.0,without_chunking,LMM-1,11.0,10.99999999999998,0.6731202139537779
85,1284,8,8,80.0,without_chunking,LMM-2,11.0,10.99999999999998,0.6731202139537779
85,1284,10,2,20.0,without_chunking,LMM-1,9.0,9.100000000000005,0.8437638436511523
85,1284,10,2,20.0,without_chunking,LMM-2,9.0,9.100000000000005,0.8437638436511523
85,1284,10,4,40.0,without_chunking,LMM-1,9.0,9.09999999999999,0.8066461666534039
85,1284,10,4,40.0,without_chunking,LMM-2,9.0,9.09999999999999,0.8066461666534039
85,1284,10,6,60.0,without_chunking,LMM-1,9.0,9.09999999999998,0.771038958481825
85,1284,10,6,60.0,without_chunking,LMM-2,9.0,9.09999999999998,0.771038958481825
85,1284,10,8,80.0,without_chunking,LMM-1,9.0,9.099999999999984,0.7368864173405456
85,1284,10,8,80.0,without_chunking,LMM-2,9.0,9.099999999999984,0.7368864173405456
86,1285,4,2,20.0,without_chunking,LMM-1,13.0,12.90000000000001,0.751230995003049
86,1285,4,2,20.0,without_chunking,LMM-2,13.0,12.90000000000001,0.751230995003049
86,1285,4,4,40.0,without_chunking,LMM-1,13.0,12.899999999999986,0.7016548780791042
86,1285,4,4,40.0,without_chunking,LMM-2,13.0,12.899999999999986,0.7016548780791042
86,1285,4,6,60.0,without_chunking,LMM-1,13.0,12.899999999999972,0.6552206464594454
86,1285,4,6,60.0,without_chunking,LMM-2,13.0,12.899999999999972,0.6552206464594454
86,1285,4,8,80.0,without_chunking,LMM-1,13.0,12.899999999999977,0.6117406367335412
86,1285,4,8,80.0,without_chunking,LMM-2,13.0,12.899999999999977,0.6117406367335412
86,1285,6,2,20.0,without_chunking,LMM-1,12.0,11.95000000000001,0.781626677500216
86,1285,6,2,20.0,without_chunking,LMM-2,12.0,11.95000000000001,0.781626677500216
86,1285,6,4,40.0,without_chunking,LMM-1,12.0,11.949999999999989,0.73494106744177
86,1285,6,4,40.0,without_chunking,LMM-2,12.0,11.949999999999989,0.73494106744177
86,1285,6,6,60.0,without_chunking,LMM-1,12.0,11.949999999999974,0.6909150953978639
86,1285,6,6,60.0,without_chunking,LMM-2,12.0,11.949999999999974,0.6909150953978639
86,1285,6,8,80.0,without_chunking,LMM-1,12.0,11.94999999999998,0.6494058625877916
86,1285,6,8,80.0,without_chunking,LMM-2,12.0,11.94999999999998,0.6494058625877916
86,1285,8,2,20.0,without_chunking,LMM-1,10.0,10.050000000000006,0.8176260541305391
86,1285,8,2,20.0,without_chunking,LMM-2,10.0,10.050000000000006,0.8176260541305391
86,1285,8,4,40.0,without_chunking,LMM-1,10.0,10.04999999999999,0.7771053656552604
86,1285,8,4,40.0,without_chunking,LMM-2,10.0,10.04999999999999,0.7771053656552604
86,1285,8,6,60.0,without_chunking,LMM-1,10.0,10.049999999999978,0.7384648721777534
86,1285,8,6,60.0,without_chunking,LMM-2,10.0,10.049999999999978,0.7384648721777534
86,1285,8,8,80.0,without_chunking,LMM-1,10.0,10.049999999999981,0.7016590937656673
86,1285,8,8,80.0,without_chunking,LMM-2,10.0,10.049999999999981,0.7016590937656673
86,1285,10,2,20.0,without_chunking,LMM-1,10.0,10.050000000000006,0.8219158676170715
86,1285,10,2,20.0,without_chunking,LMM-2,10.0,10.050000000000006,0.8219158676170715
86,1285,10,4,40.0,without_chunking,LMM-1,10.0,10.04999999999999,0.7815441807387377
86,1285,10,4,40.0,without_chunking,LMM-2,10.0,10.04999999999999,0.7815441807387377
86,1285,10,6,60.0,without_chunking,LMM-1,10.0,10.049999999999978,0.7430297326542881
86,1285,10,6,60.0,without_chunking,LMM-2,10.0,10.049999999999978,0.7430297326542881
86,1285,10,8,80.0,without_chunking,LMM-1,10.0,10.049999999999981,0.7062937299684483
86,1285,10,8,80.0,without_chunking,LMM-2,10.0,10.049999999999981,0.7062937299684483
87,1286,4,2,20.0,without_chunking,LMM-1,12.0,11.95000000000001,0.7544086278615315
87,1286,4,2,20.0,without_chunking,LMM-2,12.0,11.95000000000001,0.7544086278615315
87,1286,4,4,40.0,without_chunking,LMM-1,12.0,11.949999999999989,0.7076381214723884
87,1286,4,4,40.0,without_chunking,LMM-2,12.0,11.949999999999989,0.7076381214723884
87,1286,4,6,60.0,without_chunking,LMM-1,12.0,11.949999999999974,0.6636330142263518
87,1286,4,6,60.0,without_chunking,LMM-2,12.0,11.949999999999974,0.6636330142263518
87,1286,4,8,80.0,without_chunking,LMM-1,12.0,11.94999999999998,0.6224983330266065
87,1286,4,8,80.0,without_chunking,LMM-2,12.0,11.94999999999998,0.6224983330266065
87,1286,6,2,20.0,without_chunking,LMM-1,12.0,11.95000000000001,0.757470759123648
87,1286,6,2,20.0,without_chunking,LMM-2,12.0,11.95000000000001,0.757470759123648
87,1286,6,4,40.0,without_chunking,LMM-1,12.0,11.949999999999989,0.7109218353274407
87,1286,6,4,40.0,without_chunking,LMM-2,12.0,11.949999999999989,0.7109218353274407
87,1286,6,6,60.0,without_chunking,LMM-1,12.0,11.949999999999974,0.6671017147639062
87,1286,6,6,60.0,without_chunking,LMM-2,12.0,11.949999999999974,0.6671017147639062
87,1286,6,8,80.0,without_chunking,LMM-1,12.0,11.94999999999998,0.6259272075047617
87,1286,6,8,80.0,without_chunking,LMM-2,12.0,11.94999999999998,0.6259272075047617
87,1286,8,2,20.0,without_chunking,LMM-1,10.0,10.050000000000006,0.8139776742249731
87,1286,8,2,20.0,without_chunking,LMM-2,10.0,10.050000000000006,0.8139776742249731
87,1286,8,4,40.0,without_chunking,LMM-1,10.0,10.04999999999999,0.7733306601544034
87,1286,8,4,40.0,without_chunking,LMM-2,10.0,10.04999999999999,0.7733306601544034
87,1286,8,6,60.0,without_chunking,LMM-1,10.0,10.049999999999978,0.7345838479366325
87,1286,8,6,60.0,without_chunking,LMM-2,10.0,10.049999999999978,0.7345838479366325
87,1286,8,8,80.0,without_chunking,LMM-1,10.0,10.049999999999981,0.6981984120200992
87,1286,8,8,80.0,without_chunking,LMM-2,10.0,10.049999999999981,0.6981984120200992
87,1286,10,2,20.0,without_chunking,LMM-1,10.0,10.050000000000006,0.8139776742249731
87,1286,10,2,20.0,without_chunking,LMM-2,10.0,10.050000000000006,0.8139776742249731
87,1286,10,4,40.0,without_chunking,LMM-1,10.0,10.04999999999999,0.7733306601544034
87,1286,10,4,40.0,without_chunking,LMM-2,10.0,10.04999999999999,0.7733306601544034
87,1286,10,6,60.0,without_chunking,LMM-1,10.0,10.049999999999978,0.7345838479366325
87,1286,10,6,60.0,without_chunking,LMM-2,10.0,10.049999999999978,0.7345838479366325
87,1286,10,8,80.0,without_chunking,LMM-1,10.0,10.049999999999981,0.6981984120200992
87,1286,10,8,80.0,without_chunking,LMM-2,10.0,10.049999999999981,0.6981984120200992
88,1287,4,2,20.0,without_chunking,LMM-1,11.0,11.000000000000007,0.7879086377457251
88,1287,4,2,20.0,without_chunking,LMM-2,11.0,11.000000000000007,0.7879086377457251
88,1287,4,4,40.0,without_chunking,LMM-1,11.0,10.99999999999999,0.7442404347448528
88,1287,4,4,40.0,without_chunking,LMM-2,11.0,10.99999999999999,0.7442404347448528
88,1287,4,6,60.0,without_chunking,LMM-1,11.0,10.999999999999977,0.7028615201545574
88,1287,4,6,60.0,without_chunking,LMM-2,11.0,10.999999999999977,0.7028615201545574
88,1287,4,8,80.0,without_chunking,LMM-1,11.0,10.99999999999998,0.6637016466419671
88,1287,4,8,80.0,without_chunking,LMM-2,11.0,10.99999999999998,0.6637016466419671
88,1287,6,2,20.0,without_chunking,LMM-1,10.5,10.525000000000006,0.8149187906798387
88,1287,6,2,20.0,without_chunking,LMM-2,10.5,10.525000000000006,0.8149187906798387
88,1287,6,4,40.0,without_chunking,LMM-1,10.5,10.52499999999999,0.78574061281019
88,1287,6,4,40.0,without_chunking,LMM-2,10.5,10.52499999999999,0.78574061281019
88,1287,6,6,60.0,without_chunking,LMM-1,10.5,10.524999999999977,0.7575383505347183
88,1287,6,6,60.0,without_chunking,LMM-2,10.5,10.524999999999977,0.7575383505347183
88,1287,6,8,80.0,without_chunking,LMM-1,10.5,10.52499999999998,0.7302819261063751
88,1287,6,8,80.0,without_chunking,LMM-2,10.5,10.52499999999998,0.7302819261063751
88,1287,8,2,20.0,without_chunking,LMM-1,10.0,10.050000000000006,0.8258986290908222
88,1287,8,2,20.0,without_chunking,LMM-2,10.0,10.050000000000006,0.8258986290908222
88,1287,8,4,40.0,without_chunking,LMM-1,10.0,10.04999999999999,0.797521906602772
88,1287,8,4,40.0,without_chunking,LMM-2,10.0,10.04999999999999,0.797521906602772
88,1287,8,6,60.0,without_chunking,LMM-1,10.0,10.049999999999978,0.7700491555703625
88,1287,8,6,60.0,without_chunking,LMM-2,10.0,10.049999999999978,0.7700491555703625
88,1287,8,8,80.0,without_chunking,LMM-1,10.0,10.049999999999981,0.7434540951186932
88,1287,8,8,80.0,without_chunking,LMM-2,10.0,10.049999999999981,0.7434540951186932
88,1287,10,2,20.0,without_chunking,LMM-1,9.5,9.575000000000005,0.8380756672156731
88,1287,10,2,20.0,without_chunking,LMM-2,9.5,9.575000000000005,0.8380756672156731
88,1287,10,4,40.0,without_chunking,LMM-1,9.5,9.57499999999999,0.8104060032031124
88,1287,10,4,40.0,without_chunking,LMM-2,9.5,9.57499999999999,0.8104060032031124
88,1287,10,6,60.0,without_chunking,LMM-1,9.5,9.57499999999998,0.7835794740624404
88,1287,10,6,60.0,without_chunking,LMM-2,9.5,9.57499999999998,0.7835794740624404
88,1287,10,8,80.0,without_chunking,LMM-1,9.5,9.574999999999982,0.757572755118656
88,1287,10,8,80.0,without_chunking,LMM-2,9.5,9.574999999999982,0.757572755118656
89,1288,4,2,20.0,without_chunking,LMM-1,12.0,11.95000000000001,0.7618487487919117
89,1288,4,2,20.0,without_chunking,LMM-2,12.0,11.95000000000001,0.7618487487919117
89,1288,4,4,40.0,without_chunking,LMM-1,12.0,11.949999999999989,0.7153872100522869
89,1288,4,4,40.0,without_chunking,LMM-2,12.0,11.949999999999989,0.7153872100522869
89,1288,4,6,60.0,without_chunking,LMM-1,12.0,11.949999999999974,0.671628088548391
89,1288,4,6,60.0,without_chunking,LMM-2,12.0,11.949999999999974,0.671628088548391
89,1288,4,8,80.0,without_chunking,LMM-1,12.0,11.94999999999998,0.630484419736385
89,1288,4,8,80.0,without_chunking,LMM-2,12.0,11.94999999999998,0.630484419736385
89,1288,6,2,20.0,without_chunking,LMM-1,11.0,11.000000000000007,0.7899222590283466
89,1288,6,2,20.0,without_chunking,LMM-2,11.0,11.000000000000007,0.7899222590283466
89,1288,6,4,40.0,without_chunking,LMM-1,11.0,10.99999999999999,0.7462442395019173
89,1288,6,4,40.0,without_chunking,LMM-2,11.0,10.99999999999999,0.7462442395019173
89,1288,6,6,60.0,without_chunking,LMM-1,11.0,10.999999999999977,0.7048503553918232
89,1288,6,6,60.0,without_chunking,LMM-2,11.0,10.999999999999977,0.7048503553918232
89,1288,6,8,80.0,without_chunking,LMM-1,11.0,10.99999999999998,0.6657098678562495
89,1288,6,8,80.0,without_chunking,LMM-2,11.0,10.99999999999998,0.6657098678562495
89,1288,8,2,20.0,without_chunking,LMM-1,10.0,10.050000000000006,0.8156484329768724
89,1288,8,2,20.0,without_chunking,LMM-2,10.0,10.050000000000006,0.8156484329768724
89,1288,8,4,40.0,without_chunking,LMM-1,10.0,10.04999999999999,0.7748843329946041
89,1288,8,4,40.0,without_chunking,LMM-2,10.0,10.04999999999999,0.7748843329946041
89,1288,8,6,60.0,without_chunking,LMM-1,10.0,10.049999999999978,0.7360271420752496
89,1288,8,6,60.0,without_chunking,LMM-2,10.0,10.049999999999978,0.7360271420752496
89,1288,8,8,80.0,without_chunking,LMM-1,10.0,10.049999999999981,0.6992120095698416
89,1288,8,8,80.0,without_chunking,LMM-2,10.0,10.049999999999981,0.6992120095698416
89,1288,10,2,20.0,without_chunking,LMM-1,10.0,10.050000000000006,0.8375031475163459
89,1288,10,2,20.0,without_chunking,LMM-2,10.0,10.050000000000006,0.8375031475163459
89,1288,10,4,40.0,without_chunking,LMM-1,10.0,10.04999999999999,0.8164619169118317
89,1288,10,4,40.0,without_chunking,LMM-2,10.0,10.04999999999999,0.8164619169118317
89,1288,10,6,60.0,without_chunking,LMM-1,10.0,10.049999999999978,0.7959147006120182
89,1288,10,6,60.0,without_chunking,LMM-2,10.0,10.049999999999978,0.7959147006120182
89,1288,10,8,80.0,without_chunking,LMM-1,10.0,10.049999999999981,0.775850829366666
89,1288,10,8,80.0,without_chunking,LMM-2,10.0,10.049999999999981,0.775850829366666
90,1289,4,2,20.0,without_chunking,LMM-1,12.0,11.95000000000001,0.7693011652521176
90,1289,4,2,20.0,without_chunking,LMM-2,12.0,11.95000000000001,0.7693011652521176
90,1289,4,4,40.0,without_chunking,LMM-1,12.0,11.949999999999989,0.7227092950502296
90,1289,4,4,40.0,without_chunking,LMM-2,12.0,11.949999999999989,0.7227092950502296
90,1289,4,6,60.0,without_chunking,LMM-1,12.0,11.949999999999974,0.6788083892302997
90,1289,4,6,60.0,without_chunking,LMM-2,12.0,11.949999999999974,0.6788083892302997
90,1289,4,8,80.0,without_chunking,LMM-1,12.0,11.94999999999998,0.637542834240479
90,1289,4,8,80.0,without_chunking,LMM-2,12.0,11.94999999999998,0.637542834240479
90,1289,6,2,20.0,without_chunking,LMM-1,12.0,11.95000000000001,0.7693011652521176
90,1289,6,2,20.0,without_chunking,LMM-2,12.0,11.95000000000001,0.7693011652521176
90,1289,6,4,40.0,without_chunking,LMM-1,12.0,11.949999999999989,0.7227092950502296
90,1289,6,4,40.0,without_chunking,LMM-2,12.0,11.949999999999989,0.7227092950502296
90,1289,6,6,60.0,without_chunking,LMM-1,12.0,11.949999999999974,0.6788083892302997
90,1289,6,6,60.0,without_chunking,LMM-2,12.0,11.949999999999974,0.6788083892302997
90,1289,6,8,80.0,without_chunking,LMM-1,12.0,11.94999999999998,0.637542834240479
90,1289,6,8,80.0,without_chunking,LMM-2,12.0,11.94999999999998,0.637542834240479
90,1289,8,2,20.0,without_chunking,LMM-1,11.0,11.000000000000007,0.7860995385948479
90,1289,8,2,20.0,without_chunking,LMM-2,11.0,11.000000000000007,0.7860995385948479
90,1289,8,4,40.0,without_chunking,LMM-1,11.0,10.99999999999999,0.7426972974132457
90,1289,8,4,40.0,without_chunking,LMM-2,11.0,10.99999999999999,0.7426972974132457
90,1289,8,6,60.0,without_chunking,LMM-1,11.0,10.999999999999977,0.7015618841031752
90,1289,8,6,60.0,without_chunking,LMM-2,11.0,10.999999999999977,0.7015618841031752
90,1289,8,8,80.0,without_chunking,LMM-1,11.0,10.99999999999998,0.6625827546226353
90,1289,8,8,80.0,without_chunking,LMM-2,11.0,10.99999999999998,0.6625827546226353
90,1289,10,2,20.0,without_chunking,LMM-1,10.0,10.050000000000006,0.8139838904873503
90,1289,10,2,20.0,without_chunking,LMM-2,10.0,10.050000000000006,0.8139838904873503
90,1289,10,4,40.0,without_chunking,LMM-1,10.0,10.04999999999999,0.7737403901691118
90,1289,10,4,40.0,without_chunking,LMM-2,10.0,10.04999999999999,0.7737403901691118
90,1289,10,6,60.0,without_chunking,LMM-1,10.0,10.049999999999978,0.7353601715609352
90,1289,10,6,60.0,without_chunking,LMM-2,10.0,10.049999999999978,0.7353601715609352
90,1289,10,8,80.0,without_chunking,LMM-1,10.0,10.049999999999981,0.6987636816133839
90,1289,10,8,80.0,without_chunking,LMM-2,10.0,10.049999999999981,0.6987636816133839
91,1290,4,2,20.0,without_chunking,LMM-1,11.0,11.000000000000007,0.7892170422145823
91,1290,4,2,20.0,without_chunking,LMM-2,11.0,11.000000000000007,0.7892170422145823
91,1290,4,4,40.0,without_chunking,LMM-1,11.0,10.99999999999999,0.7455643905966889
91,1290,4,4,40.0,without_chunking,LMM-2,11.0,10.99999999999999,0.7455643905966889
91,1290,4,6,60.0,without_chunking,LMM-1,11.0,10.999999999999977,0.7041955494855519
91,1290,4,6,60.0,without_chunking,LMM-2,11.0,10.999999999999977,0.7041955494855519
91,1290,4,8,80.0,without_chunking,LMM-1,11.0,10.99999999999998,0.6650343325704992
91,1290,4,8,80.0,without_chunking,LMM-2,11.0,10.99999999999998,0.6650343325704992
91,1290,6,2,20.0,without_chunking,LMM-1,11.0,11.000000000000007,0.7892170422145823
91,1290,6,2,20.0,without_chunking,LMM-2,11.0,11.000000000000007,0.7892170422145823
91,1290,6,4,40.0,without_chunking,LMM-1,11.0,10.99999999999999,0.7455643905966889
91,1290,6,4,40.0,without_chunking,LMM-2,11.0,10.99999999999999,0.7455643905966889
91,1290,6,6,60.0,without_chunking,LMM-1,11.0,10.999999999999977,0.7041955494855519
91,1290,6,6,60.0,without_chunking,LMM-2,11.0,10.999999999999977,0.7041955494855519
91,1290,6,8,80.0,without_chunking,LMM-1,11.0,10.99999999999998,0.6650343325704992
91,1290,6,8,80.0,without_chunking,LMM-2,11.0,10.99999999999998,0.6650343325704992
91,1290,8,2,20.0,without_chunking,LMM-1,11.0,11.000000000000007,0.8110667145053286
91,1290,8,2,20.0,without_chunking,LMM-2,11.0,11.000000000000007,0.8110667145053286
91,1290,8,4,40.0,without_chunking,LMM-1,11.0,10.99999999999999,0.788344870567392
91,1290,8,4,40.0,without_chunking,LMM-2,11.0,10.99999999999999,0.788344870567392
91,1290,8,6,60.0,without_chunking,LMM-1,11.0,10.999999999999977,0.7662239521442485
91,1290,8,6,60.0,without_chunking,LMM-2,11.0,10.999999999999977,0.7662239521442485
91,1290,8,8,80.0,without_chunking,LMM-1,11.0,10.99999999999998,0.7446891557373934
91,1290,8,8,80.0,without_chunking,LMM-2,11.0,10.99999999999998,0.7446891557373934
91,1290,10,2,20.0,without_chunking,LMM-1,9.0,9.100000000000005,0.8367932662975135
91,1290,10,2,20.0,without_chunking,LMM-2,7.0,7.200000000000004,0.8947031689649177
91,1290,10,4,40.0,without_chunking,LMM-1,9.0,9.09999999999999,0.7995312306891946
91,1290,10,4,40.0,without_chunking,LMM-2,6.125,6.368749999999994,0.9020448775730321
91,1290,10,6,60.0,without_chunking,LMM-1,9.0,9.09999999999998,0.7638036852255656
91,1290,10,6,60.0,without_chunking,LMM-2,6.0,6.249999999999987,0.8958479796895282
91,1290,10,8,80.0,without_chunking,LMM-1,9.0,9.099999999999984,0.7295750161443404
91,1290,10,8,80.0,without_chunking,LMM-2,6.0,6.2499999999999885,0.8873762274742389
92,1291,4,2,20.0,without_chunking,LMM-1,13.0,12.90000000000001,0.7551053936122438
92,1291,4,2,20.0,without_chunking,LMM-2,13.0,12.90000000000001,0.7551053936122438
92,1291,4,4,40.0,without_chunking,LMM-1,13.0,12.899999999999986,0.7055317454747251
92,1291,4,4,40.0,without_chunking,LMM-2,13.0,12.899999999999986,0.7055317454747251
92,1291,4,6,60.0,without_chunking,LMM-1,13.0,12.899999999999972,0.6590838999403239
92,1291,4,6,60.0,without_chunking,LMM-2,13.0,12.899999999999972,0.6590838999403239
92,1291,4,8,80.0,without_chunking,LMM-1,13.0,12.899999999999977,0.6155877685825604
92,1291,4,8,80.0,without_chunking,LMM-2,13.0,12.899999999999977,0.6155877685825604
92,1291,6,2,20.0,without_chunking,LMM-1,12.0,11.95000000000001,0.7713642667700084
92,1291,6,2,20.0,without_chunking,LMM-2,12.0,11.95000000000001,0.7713642667700084
92,1291,6,4,40.0,without_chunking,LMM-1,12.0,11.949999999999989,0.7245055749922232
92,1291,6,4,40.0,without_chunking,LMM-2,12.0,11.949999999999989,0.7245055749922232
92,1291,6,6,60.0,without_chunking,LMM-1,12.0,11.949999999999974,0.6803611855755849
92,1291,6,6,60.0,without_chunking,LMM-2,12.0,11.949999999999974,0.6803611855755849
92,1291,6,8,80.0,without_chunking,LMM-1,12.0,11.94999999999998,0.6389860229134039
92,1291,6,8,80.0,without_chunking,LMM-2,12.0,11.94999999999998,0.6389860229134039
92,1291,8,2,20.0,without_chunking,LMM-1,11.0,11.000000000000007,0.8045210263682592
92,1291,8,2,20.0,without_chunking,LMM-2,11.0,11.000000000000007,0.8045210263682592
92,1291,8,4,40.0,without_chunking,LMM-1,11.0,10.99999999999999,0.7607182183359318
92,1291,8,4,40.0,without_chunking,LMM-2,11.0,10.99999999999999,0.7607182183359318
92,1291,8,6,60.0,without_chunking,LMM-1,11.0,10.999999999999977,0.7191717744326352
92,1291,8,6,60.0,without_chunking,LMM-2,11.0,10.999999999999977,0.7191717744326352
92,1291,8,8,80.0,without_chunking,LMM-1,11.0,10.99999999999998,0.6797731526917252
92,1291,8,8,80.0,without_chunking,LMM-2,11.0,10.99999999999998,0.6797731526917252
92,1291,10,2,20.0,without_chunking,LMM-1,9.0,9.100000000000005,0.8390639629501613
92,1291,10,2,20.0,without_chunking,LMM-2,9.0,9.100000000000005,0.8390639629501613
92,1291,10,4,40.0,without_chunking,LMM-1,9.0,9.09999999999999,0.8020800505149903
92,1291,10,4,40.0,without_chunking,LMM-2,9.0,9.09999999999999,0.8020800505149903
92,1291,10,6,60.0,without_chunking,LMM-1,9.0,9.09999999999998,0.766604204559449
92,1291,10,6,60.0,without_chunking,LMM-2,9.0,9.09999999999998,0.766604204559449
92,1291,10,8,80.0,without_chunking,LMM-1,9.0,9.099999999999984,0.7325805970371382
92,1291,10,8,80.0,without_chunking,LMM-2,9.0,9.099999999999984,0.7325805970371382
93,1292,4,2,20.0,without_chunking,LMM-1,16.0,15.750000000000012,0.7039445213590654
93,1292,4,2,20.0,without_chunking,LMM-2,16.0,15.750000000000012,0.7039445213590654
93,1292,4,4,40.0,without_chunking,LMM-1,16.0,15.749999999999979,0.6465149070367195
93,1292,4,4,40.0,without_chunking,LMM-2,16.0,15.749999999999979,0.6465149070367195
93,1292,4,6,60.0,without_chunking,LMM-1,16.0,15.749999999999963,0.5936539403385451
93,1292,4,6,60.0,without_chunking,LMM-2,16.0,15.749999999999963,0.5936539403385451
93,1292,4,8,80.0,without_chunking,LMM-1,16.0,15.749999999999973,0.5450603947687876
93,1292,4,8,80.0,without_chunking,LMM-2,16.0,15.749999999999973,0.5450603947687876
93,1292,6,2,20.0,without_chunking,LMM-1,16.0,15.750000000000012,0.7039445213590654
93,1292,6,2,20.0,without_chunking,LMM-2,16.0,15.750000000000012,0.7039445213590654
93,1292,6,4,40.0,without_chunking,LMM-1,16.0,15.749999999999979,0.6465149070367195
93,1292,6,4,40.0,without_chunking,LMM-2,16.0,15.749999999999979,0.6465149070367195
93,1292,6,6,60.0,without_chunking,LMM-1,16.0,15.749999999999963,0.5936539403385451
93,1292,6,6,60.0,without_chunking,LMM-2,16.0,15.749999999999963,0.5936539403385451
93,1292,6,8,80.0,without_chunking,LMM-1,16.0,15.749999999999973,0.5450603947687876
93,1292,6,8,80.0,without_chunking,LMM-2,16.0,15.749999999999973,0.5450603947687876
93,1292,8,2,20.0,without_chunking,LMM-1,12.0,11.95000000000001,0.7814751654836398
93,1292,8,2,20.0,without_chunking,LMM-2,12.0,11.95000000000001,0.7814751654836398
93,1292,8,4,40.0,without_chunking,LMM-1,12.0,11.949999999999989,0.7345182411433713
93,1292,8,4,40.0,without_chunking,LMM-2,12.0,11.949999999999989,0.7345182411433713
93,1292,8,6,60.0,without_chunking,LMM-1,12.0,11.949999999999974,0.690252442327678
93,1292,8,6,60.0,without_chunking,LMM-2,12.0,11.949999999999974,0.690252442327678
93,1292,8,8,80.0,without_chunking,LMM-1,12.0,11.94999999999998,0.6485676741428155
93,1292,8,8,80.0,without_chunking,LMM-2,12.0,11.94999999999998,0.6485676741428155
93,1292,10,2,20.0,without_chunking,LMM-1,11.0,11.000000000000007,0.8099675396941964
93,1292,10,2,20.0,without_chunking,LMM-2,11.0,11.000000000000007,0.8099675396941964
93,1292,10,4,40.0,without_chunking,LMM-1,11.0,10.99999999999999,0.7658317994000341
93,1292,10,4,40.0,without_chunking,LMM-2,11.0,10.99999999999999,0.7658317994000341
93,1292,10,6,60.0,without_chunking,LMM-1,11.0,10.999999999999977,0.7239711741336292
93,1292,10,6,60.0,without_chunking,LMM-2,11.0,10.999999999999977,0.7239711741336292
93,1292,10,8,80.0,without_chunking,LMM-1,11.0,10.99999999999998,0.6842761558867412
93,1292,10,8,80.0,without_chunking,LMM-2,11.0,10.99999999999998,0.6842761558867412
94,1293,4,2,20.0,without_chunking,LMM-1,13.0,12.90000000000001,0.746585058354049
94,1293,4,2,20.0,without_chunking,LMM-2,13.0,12.90000000000001,0.746585058354049
94,1293,4,4,40.0,without_chunking,LMM-1,13.0,12.899999999999986,0.6972937283829252
94,1293,4,4,40.0,without_chunking,LMM-2,13.0,12.899999999999986,0.6972937283829252
94,1293,4,6,60.0,without_chunking,LMM-1,13.0,12.899999999999972,0.6511276667806472
94,1293,4,6,60.0,without_chunking,LMM-2,13.0,12.899999999999972,0.6511276667806472
94,1293,4,8,80.0,without_chunking,LMM-1,13.0,12.899999999999977,0.607965880109791
94,1293,4,8,80.0,without_chunking,LMM-2,13.0,12.899999999999977,0.607965880109791
94,1293,6,2,20.0,without_chunking,LMM-1,12.0,11.95000000000001,0.7767040865435585
94,1293,6,2,20.0,without_chunking,LMM-2,12.0,11.95000000000001,0.7767040865435585
94,1293,6,4,40.0,without_chunking,LMM-1,12.0,11.949999999999989,0.7301646194024212
94,1293,6,4,40.0,without_chunking,LMM-2,12.0,11.949999999999989,0.7301646194024212
94,1293,6,6,60.0,without_chunking,LMM-1,12.0,11.949999999999974,0.6862853543506013
94,1293,6,6,60.0,without_chunking,LMM-2,12.0,11.949999999999974,0.6862853543506013
94,1293,6,8,80.0,without_chunking,LMM-1,12.0,11.94999999999998,0.6449228589730664
94,1293,6,8,80.0,without_chunking,LMM-2,12.0,11.94999999999998,0.6449228589730664
94,1293,8,2,20.0,without_chunking,LMM-1,11.0,11.000000000000007,0.7906891733752519
94,1293,8,2,20.0,without_chunking,LMM-2,11.0,11.000000000000007,0.7906891733752519
94,1293,8,4,40.0,without_chunking,LMM-1,11.0,10.99999999999999,0.7468410405556369
94,1293,8,4,40.0,without_chunking,LMM-2,11.0,10.99999999999999,0.7468410405556369
94,1293,8,6,60.0,without_chunking,LMM-1,11.0,10.999999999999977,0.7052927716632393
94,1293,8,6,60.0,without_chunking,LMM-2,11.0,10.999999999999977,0.7052927716632393
94,1293,8,8,80.0,without_chunking,LMM-1,11.0,10.99999999999998,0.6660504348633582
94,1293,8,8,80.0,without_chunking,LMM-2,11.0,10.99999999999998,0.6660504348633582
94,1293,10,2,20.0,without_chunking,LMM-1,11.0,11.000000000000007,0.7919306304919649
94,1293,10,2,20.0,without_chunking,LMM-2,11.0,11.000000000000007,0.7919306304919649
94,1293,10,4,40.0,without_chunking,LMM-1,11.0,10.99999999999999,0.7483997198003653
94,1293,10,4,40.0,without_chunking,LMM-2,11.0,10.99999999999999,0.7483997198003653
94,1293,10,6,60.0,without_chunking,LMM-1,11.0,10.999999999999977,0.7071322095469128
94,1293,10,6,60.0,without_chunking,LMM-2,11.0,10.999999999999977,0.7071322095469128
94,1293,10,8,80.0,without_chunking,LMM-1,11.0,10.99999999999998,0.668083647116755
94,1293,10,8,80.0,without_chunking,LMM-2,11.0,10.99999999999998,0.668083647116755
95,1294,4,2,20.0,without_chunking,LMM-1,12.0,11.95000000000001,0.7896535916716005
95,1294,4,2,20.0,without_chunking,LMM-2,12.0,11.95000000000001,0.7896535916716005
95,1294,4,4,40.0,without_chunking,LMM-1,12.0,11.949999999999989,0.7580654440958459
95,1294,4,4,40.0,without_chunking,LMM-2,12.0,11.949999999999989,0.7580654440958459
95,1294,4,6,60.0,without_chunking,LMM-1,12.0,11.949999999999974,0.7276728468258827
95,1294,4,6,60.0,without_chunking,LMM-2,12.0,11.949999999999974,0.7276728468258827
95,1294,4,8,80.0,without_chunking,LMM-1,12.0,11.94999999999998,0.6984334772026888
95,1294,4,8,80.0,without_chunking,LMM-2,12.0,11.94999999999998,0.6984334772026888
95,1294,6,2,20.0,without_chunking,LMM-1,10.0,10.050000000000006,0.8221132293491729
95,1294,6,2,20.0,without_chunking,LMM-2,10.0,10.050000000000006,0.8221132293491729
95,1294,6,4,40.0,without_chunking,LMM-1,10.0,10.04999999999999,0.781557799190648
95,1294,6,4,40.0,without_chunking,LMM-2,10.0,10.04999999999999,0.781557799190648
95,1294,6,6,60.0,without_chunking,LMM-1,10.0,10.049999999999978,0.7428760880289195
95,1294,6,6,60.0,without_chunking,LMM-2,10.0,10.049999999999978,0.7428760880289195
95,1294,6,8,80.0,without_chunking,LMM-1,10.0,10.049999999999981,0.7059884675656267
95,1294,6,8,80.0,without_chunking,LMM-2,10.0,10.049999999999981,0.7059884675656267
95,1294,8,2,20.0,without_chunking,LMM-1,10.5,10.525000000000006,0.8261877663529922
95,1294,8,2,20.0,without_chunking,LMM-2,10.5,10.525000000000006,0.8261877663529922
95,1294,8,4,40.0,without_chunking,LMM-1,10.5,10.524999999999988,0.796835147165802
95,1294,8,4,40.0,without_chunking,LMM-2,10.5,10.524999999999988,0.796835147165802
95,1294,8,6,60.0,without_chunking,LMM-1,10.5,10.524999999999977,0.7684564828221743
95,1294,8,6,60.0,without_chunking,LMM-2,10.5,10.524999999999977,0.7684564828221743
95,1294,8,8,80.0,without_chunking,LMM-1,10.5,10.52499999999998,0.741022000774577
95,1294,8,8,80.0,without_chunking,LMM-2,10.5,10.52499999999998,0.741022000774577
95,1294,10,2,20.0,without_chunking,LMM-1,9.0,9.100000000000005,0.8420628521470567
95,1294,10,2,20.0,without_chunking,LMM-2,9.0,9.100000000000005,0.8420628521470567
95,1294,10,4,40.0,without_chunking,LMM-1,9.0,9.09999999999999,0.8047216590826152
95,1294,10,4,40.0,without_chunking,LMM-2,9.0,9.09999999999999,0.8047216590826152
95,1294,10,6,60.0,without_chunking,LMM-1,9.0,9.09999999999998,0.7689118922144609
95,1294,10,6,60.0,without_chunking,LMM-2,9.0,9.09999999999998,0.7689118922144609
95,1294,10,8,80.0,without_chunking,LMM-1,9.0,9.099999999999984,0.7346111583934765
95,1294,10,8,80.0,without_chunking,LMM-2,9.0,9.099999999999984,0.7346111583934765
96,1295,4,2,20.0,without_chunking,LMM-1,12.0,11.95000000000001,0.7700357785179379
96,1295,4,2,20.0,without_chunking,LMM-2,12.0,11.95000000000001,0.7700357785179379
96,1295,4,4,40.0,without_chunking,LMM-1,12.0,11.949999999999989,0.7233632087498169
96,1295,4,4,40.0,without_chunking,LMM-2,12.0,11.949999999999989,0.7233632087498169
96,1295,4,6,60.0,without_chunking,LMM-1,12.0,11.949999999999974,0.6793890191901213
96,1295,4,6,60.0,without_chunking,LMM-2,12.0,11.949999999999974,0.6793890191901213
96,1295,4,8,80.0,without_chunking,LMM-1,12.0,11.94999999999998,0.6379903570179634
96,1295,4,8,80.0,without_chunking,LMM-2,12.0,11.94999999999998,0.6379903570179634
96,1295,6,2,20.0,without_chunking,LMM-1,12.0,11.95000000000001,0.7700357785179379
96,1295,6,2,20.0,without_chunking,LMM-2,12.0,11.95000000000001,0.7700357785179379
96,1295,6,4,40.0,without_chunking,LMM-1,12.0,11.949999999999989,0.7233632087498169
96,1295,6,4,40.0,without_chunking,LMM-2,12.0,11.949999999999989,0.7233632087498169
96,1295,6,6,60.0,without_chunking,LMM-1,12.0,11.949999999999974,0.6793890191901213
96,1295,6,6,60.0,without_chunking,LMM-2,12.0,11.949999999999974,0.6793890191901213
96,1295,6,8,80.0,without_chunking,LMM-1,12.0,11.94999999999998,0.6379903570179634
96,1295,6,8,80.0,without_chunking,LMM-2,12.0,11.94999999999998,0.6379903570179634
96,1295,8,2,20.0,without_chunking,LMM-1,12.0,11.95000000000001,0.7700357785179379
96,1295,8,2,20.0,without_chunking,LMM-2,12.0,11.95000000000001,0.7700357785179379
96,1295,8,4,40.0,without_chunking,LMM-1,12.0,11.949999999999989,0.7233632087498169
96,1295,8,4,40.0,without_chunking,LMM-2,12.0,11.949999999999989,0.7233632087498169
96,1295,8,6,60.0,without_chunking,LMM-1,12.0,11.949999999999974,0.6793890191901213
96,1295,8,6,60.0,without_chunking,LMM-2,12.0,11.949999999999974,0.6793890191901213
96,1295,8,8,80.0,without_chunking,LMM-1,12.0,11.94999999999998,0.6379903570179634
96,1295,8,8,80.0,without_chunking,LMM-2,12.0,11.94999999999998,0.6379903570179634
96,1295,10,2,20.0,without_chunking,LMM-1,9.0,9.100000000000005,0.8269147037180795
96,1295,10,2,20.0,without_chunking,LMM-2,9.0,9.100000000000005,0.8269147037180795
96,1295,10,4,40.0,without_chunking,LMM-1,9.0,9.09999999999999,0.7898988558911517
96,1295,10,4,40.0,without_chunking,LMM-2,9.0,9.09999999999999,0.7898988558911517
96,1295,10,6,60.0,without_chunking,LMM-1,9.0,9.09999999999998,0.7544156391779074
96,1295,10,6,60.0,without_chunking,LMM-2,9.0,9.09999999999998,0.7544156391779074
96,1295,10,8,80.0,without_chunking,LMM-1,9.0,9.099999999999984,0.7204408887204113
96,1295,10,8,80.0,without_chunking,LMM-2,9.0,9.099999999999984,0.7204408887204113
97,1296,4,2,20.0,without_chunking,LMM-1,12.5,12.425000000000008,0.7499766082528752
97,1296,4,2,20.0,without_chunking,LMM-2,12.5,12.425000000000008,0.7499766082528752
97,1296,4,4,40.0,without_chunking,LMM-1,12.5,12.424999999999988,0.708787409196144
97,1296,4,4,40.0,without_chunking,LMM-2,12.5,12.424999999999988,0.708787409196144
97,1296,4,6,60.0,without_chunking,LMM-1,12.5,12.424999999999974,0.6697564580985229
97,1296,4,6,60.0,without_chunking,LMM-2,12.5,12.424999999999974,0.6697564580985229
97,1296,4,8,80.0,without_chunking,LMM-1,12.5,12.42499999999998,0.6327770003204795
97,1296,4,8,80.0,without_chunking,LMM-2,12.5,12.42499999999998,0.6327770003204795
97,1296,6,2,20.0,without_chunking,LMM-1,11.0,11.000000000000007,0.7841333105429575
97,1296,6,2,20.0,without_chunking,LMM-2,11.0,11.000000000000007,0.7841333105429575
97,1296,6,4,40.0,without_chunking,LMM-1,11.0,10.99999999999999,0.7401646306176288
97,1296,6,4,40.0,without_chunking,LMM-2,11.0,10.99999999999999,0.7401646306176288
97,1296,6,6,60.0,without_chunking,LMM-1,11.0,10.999999999999977,0.6985280565383879
97,1296,6,6,60.0,without_chunking,LMM-2,11.0,10.999999999999977,0.6985280565383879
97,1296,6,8,80.0,without_chunking,LMM-1,11.0,10.99999999999998,0.659326495146924
97,1296,6,8,80.0,without_chunking,LMM-2,11.0,10.99999999999998,0.659326495146924
97,1296,8,2,20.0,without_chunking,LMM-1,10.0,10.050000000000006,0.8047952709310027
97,1296,8,2,20.0,without_chunking,LMM-2,10.0,10.050000000000006,0.8047952709310027
97,1296,8,4,40.0,without_chunking,LMM-1,10.0,10.04999999999999,0.7642558395492461
97,1296,8,4,40.0,without_chunking,LMM-2,10.0,10.04999999999999,0.7642558395492461
97,1296,8,6,60.0,without_chunking,LMM-1,10.0,10.049999999999978,0.7256292291240305
97,1296,8,6,60.0,without_chunking,LMM-2,10.0,10.049999999999978,0.7256292291240305
97,1296,8,8,80.0,without_chunking,LMM-1,10.0,10.049999999999981,0.688833791852258
97,1296,8,8,80.0,without_chunking,LMM-2,10.0,10.049999999999981,0.688833791852258
97,1296,10,2,20.0,without_chunking,LMM-1,9.0,9.100000000000005,0.8325506582075334
97,1296,10,2,20.0,without_chunking,LMM-2,9.0,9.100000000000005,0.8325506582075334
97,1296,10,4,40.0,without_chunking,LMM-1,9.0,9.09999999999999,0.7955311231208678
97,1296,10,4,40.0,without_chunking,LMM-2,9.0,9.09999999999999,0.7955311231208678
97,1296,10,6,60.0,without_chunking,LMM-1,9.0,9.09999999999998,0.7600341773970212
97,1296,10,6,60.0,without_chunking,LMM-2,9.0,9.09999999999998,0.7600341773970212
97,1296,10,8,80.0,without_chunking,LMM-1,9.0,9.099999999999984,0.7260029741836245
97,1296,10,8,80.0,without_chunking,LMM-2,9.0,9.099999999999984,0.7260029741836245
98,1297,4,2,20.0,without_chunking,LMM-1,14.0,13.850000000000012,0.7516949026755164
98,1297,4,2,20.0,without_chunking,LMM-2,14.0,13.850000000000012,0.7516949026755164
98,1297,4,4,40.0,without_chunking,LMM-1,14.0,13.849999999999985,0.6992808170671452
98,1297,4,4,40.0,without_chunking,LMM-2,14.0,13.849999999999985,0.6992808170671452
98,1297,4,6,60.0,without_chunking,LMM-1,14.0,13.849999999999968,0.6503976132770056
98,1297,4,6,60.0,without_chunking,LMM-2,14.0,13.849999999999968,0.6503976132770056
98,1297,4,8,80.0,without_chunking,LMM-1,14.0,13.849999999999977,0.6048175139038803
98,1297,4,8,80.0,without_chunking,LMM-2,14.0,13.849999999999977,0.6048175139038803
98,1297,6,2,20.0,without_chunking,LMM-1,13.5,13.37500000000001,0.7641679171866529
98,1297,6,2,20.0,without_chunking,LMM-2,13.5,13.37500000000001,0.7641679171866529
98,1297,6,4,40.0,without_chunking,LMM-1,13.5,13.374999999999986,0.7215867003055718
98,1297,6,4,40.0,without_chunking,LMM-2,13.5,13.374999999999986,0.7215867003055718
98,1297,6,6,60.0,without_chunking,LMM-1,13.5,13.37499999999997,0.6812815180462367
98,1297,6,6,60.0,without_chunking,LMM-2,13.5,13.37499999999997,0.6812815180462367
98,1297,6,8,80.0,without_chunking,LMM-1,13.5,13.374999999999977,0.6431367813326238
98,1297,6,8,80.0,without_chunking,LMM-2,13.5,13.374999999999977,0.6431367813326238
98,1297,8,2,20.0,without_chunking,LMM-1,12.0,11.95000000000001,0.7803660802161214
98,1297,8,2,20.0,without_chunking,LMM-2,12.0,11.95000000000001,0.7803660802161214
98,1297,8,4,40.0,without_chunking,LMM-1,12.0,11.949999999999989,0.7335874211112803
98,1297,8,4,40.0,without_chunking,LMM-2,12.0,11.949999999999989,0.7335874211112803
98,1297,8,6,60.0,without_chunking,LMM-1,12.0,11.949999999999974,0.6894827803708848
98,1297,8,6,60.0,without_chunking,LMM-2,12.0,11.949999999999974,0.6894827803708848
98,1297,8,8,80.0,without_chunking,LMM-1,12.0,11.94999999999998,0.6479774488167585
98,1297,8,8,80.0,without_chunking,LMM-2,12.0,11.94999999999998,0.6479774488167585
98,1297,10,2,20.0,without_chunking,LMM-1,11.0,11.000000000000007,0.8002761043861486
98,1297,10,2,20.0,without_chunking,LMM-2,11.0,11.000000000000007,0.8002761043861486
98,1297,10,4,40.0,without_chunking,LMM-1,11.0,10.99999999999999,0.7565829065331962
98,1297,10,4,40.0,without_chunking,LMM-2,11.0,10.99999999999999,0.7565829065331962
98,1297,10,6,60.0,without_chunking,LMM-1,11.0,10.999999999999977,0.7151457697530024
98,1297,10,6,60.0,without_chunking,LMM-2,11.0,10.999999999999977,0.7151457697530024
98,1297,10,8,80.0,without_chunking,LMM-1,11.0,10.99999999999998,0.6759639416235406
98,1297,10,8,80.0,without_chunking,LMM-2,11.0,10.99999999999998,0.6759639416235406
99,1298,4,2,20.0,without_chunking,LMM-1,18.0,17.650000000000013,0.6482959797013385
99,1298,4,2,20.0,without_chunking,LMM-2,18.0,17.650000000000013,0.6482959797013385
99,1298,4,4,40.0,without_chunking,LMM-1,18.0,17.649999999999974,0.5878584699345497
99,1298,4,4,40.0,without_chunking,LMM-2,18.0,17.649999999999974,0.5878584699345497
99,1298,4,6,60.0,without_chunking,LMM-1,18.0,17.649999999999956,0.5329548936486432
99,1298,4,6,60.0,without_chunking,LMM-2,18.0,17.649999999999956,0.5329548936486432
99,1298,4,8,80.0,without_chunking,LMM-1,18.0,17.64999999999997,0.48309064529247314
99,1298,4,8,80.0,without_chunking,LMM-2,18.0,17.64999999999997,0.48309064529247314
99,1298,6,2,20.0,without_chunking,LMM-1,13.0,12.90000000000001,0.7320956592857972
99,1298,6,2,20.0,without_chunking,LMM-2,13.0,12.90000000000001,0.7320956592857972
99,1298,6,4,40.0,without_chunking,LMM-1,13.0,12.899999999999986,0.6828670159411379
99,1298,6,4,40.0,without_chunking,LMM-2,13.0,12.899999999999986,0.6828670159411379
99,1298,6,6,60.0,without_chunking,LMM-1,13.0,12.899999999999972,0.6368166418957877
99,1298,6,6,60.0,without_chunking,LMM-2,13.0,12.899999999999972,0.6368166418957877
99,1298,6,8,80.0,without_chunking,LMM-1,13.0,12.899999999999977,0.5944208920875929
99,1298,6,8,80.0,without_chunking,LMM-2,13.0,12.899999999999977,0.5944208920875929
99,1298,8,2,20.0,without_chunking,LMM-1,10.0,10.050000000000006,0.7983032487479194
99,1298,8,2,20.0,without_chunking,LMM-2,10.0,10.050000000000006,0.7983032487479194
99,1298,8,4,40.0,without_chunking,LMM-1,10.0,10.04999999999999,0.7575467985891817
99,1298,8,4,40.0,without_chunking,LMM-2,10.0,10.04999999999999,0.7575467985891817
99,1298,8,6,60.0,without_chunking,LMM-1,10.0,10.049999999999978,0.7187379497663298
99,1298,8,6,60.0,without_chunking,LMM-2,10.0,10.049999999999978,0.7187379497663298
99,1298,8,8,80.0,without_chunking,LMM-1,10.0,10.049999999999981,0.682125078796284
99,1298,8,8,80.0,without_chunking,LMM-2,10.0,10.049999999999981,0.682125078796284
99,1298,10,2,20.0,without_chunking,LMM-1,9.0,9.100000000000005,0.8240720059224751
99,1298,10,2,20.0,without_chunking,LMM-2,9.0,9.100000000000005,0.8240720059224751
99,1298,10,4,40.0,without_chunking,LMM-1,9.0,9.09999999999999,0.7869924427370173
99,1298,10,4,40.0,without_chunking,LMM-2,9.0,9.09999999999999,0.7869924427370173
99,1298,10,6,60.0,without_chunking,LMM-1,9.0,9.09999999999998,0.7514558282660737
99,1298,10,6,60.0,without_chunking,LMM-2,9.0,9.09999999999998,0.7514558282660737
99,1298,10,8,80.0,without_chunking,LMM-1,9.0,9.099999999999984,0.7174384124333981
99,1298,10,8,80.0,without_chunking,LMM-2,9.0,9.099999999999984,0.7174384124333981
100,1299,4,2,20.0,without_chunking,LMM-1,11.0,11.000000000000007,0.7728083725100211
100,1299,4,2,20.0,without_chunking,LMM-2,11.0,11.000000000000007,0.7728083725100211
100,1299,4,4,40.0,without_chunking,LMM-1,11.0,10.99999999999999,0.7291799124947426
100,1299,4,4,40.0,without_chunking,LMM-2,11.0,10.99999999999999,0.7291799124947426
100,1299,4,6,60.0,without_chunking,LMM-1,11.0,10.999999999999977,0.6878811166950639
100,1299,4,6,60.0,without_chunking,LMM-2,11.0,10.999999999999977,0.6878811166950639
100,1299,4,8,80.0,without_chunking,LMM-1,11.0,10.99999999999998,0.6489281729314101
100,1299,4,8,80.0,without_chunking,LMM-2,11.0,10.99999999999998,0.6489281729314101
100,1299,6,2,20.0,without_chunking,LMM-1,11.0,11.000000000000007,0.7828853579141982
100,1299,6,2,20.0,without_chunking,LMM-2,11.0,11.000000000000007,0.7828853579141982
100,1299,6,4,40.0,without_chunking,LMM-1,11.0,10.99999999999999,0.7391901350980893
100,1299,6,4,40.0,without_chunking,LMM-2,11.0,10.99999999999999,0.7391901350980893
100,1299,6,6,60.0,without_chunking,LMM-1,11.0,10.999999999999977,0.697801382338213
100,1299,6,6,60.0,without_chunking,LMM-2,11.0,10.999999999999977,0.697801382338213
100,1299,6,8,80.0,without_chunking,LMM-1,11.0,10.99999999999998,0.6586761158336014
100,1299,6,8,80.0,without_chunking,LMM-2,11.0,10.99999999999998,0.6586761158336014
100,1299,8,2,20.0,without_chunking,LMM-1,10.0,10.050000000000006,0.8064190040769269
100,1299,8,2,20.0,without_chunking,LMM-2,10.0,10.050000000000006,0.8064190040769269
100,1299,8,4,40.0,without_chunking,LMM-1,10.0,10.04999999999999,0.7660942296916242
100,1299,8,4,40.0,without_chunking,LMM-2,10.0,10.04999999999999,0.7660942296916242
100,1299,8,6,60.0,without_chunking,LMM-1,10.0,10.049999999999978,0.7276575419804413
100,1299,8,6,60.0,without_chunking,LMM-2,10.0,10.049999999999978,0.7276575419804413
100,1299,8,8,80.0,without_chunking,LMM-1,10.0,10.049999999999981,0.6910852978737638
100,1299,8,8,80.0,without_chunking,LMM-2,10.0,10.049999999999981,0.6910852978737638
100,1299,10,2,20.0,without_chunking,LMM-1,10.0,10.050000000000006,0.8064190040769269
100,1299,10,2,20.0,without_chunking,LMM-2,9.0,9.100000000000005,0.836454363577003
100,1299,10,4,40.0,without_chunking,LMM-1,10.0,10.04999999999999,0.7660942296916242
100,1299,10,4,40.0,without_chunking,LMM-2,9.0,9.09999999999999,0.8072966179350082
100,1299,10,6,60.0,without_chunking,LMM-1,10.0,10.049999999999978,0.7276575419804413
100,1299,10,6,60.0,without_chunking,LMM-2,9.0,9.09999999999998,0.7790845637642507
100,1299,10,8,80.0,without_chunking,LMM-1,10.0,10.049999999999981,0.6910852978737638
100,1299,10,8,80.0,without_chunking,LMM-2,9.0,9.099999999999984,0.7517900921394547
