iteration,seed,num_publishers,num_users,arrival_window_used,chunking_mode,lmm,avg_hops,avg_delay,avg_success_rate
1,1200,4,2,20.0,without_chunking,LMM-1,10.5,10.525000000000006,0.7960113196605285
1,1200,4,2,20.0,without_chunking,LMM-2,10.5,10.525000000000006,0.7960113196605285
1,1200,4,4,40.0,without_chunking,LMM-1,10.5,10.524999999999988,0.7650482544425905
1,1200,4,4,40.0,without_chunking,LMM-2,10.5,10.524999999999988,0.7650482544425905
1,1200,4,6,60.0,without_chunking,LMM-1,10.25,10.287499999999977,0.76590596391991
1,1200,4,6,60.0,without_chunking,LMM-2,10.25,10.287499999999977,0.76590596391991
1,1200,4,8,80.0,without_chunking,LMM-1,10.25,10.28749999999998,0.7462350872008979
1,1200,4,8,80.0,without_chunking,LMM-2,10.25,10.28749999999998,0.7462350872008979
1,1200,6,2,20.0,without_chunking,LMM-1,8.5,8.625000000000004,0.8461448615447587
1,1200,6,2,20.0,without_chunking,LMM-2,8.5,8.625000000000004,0.8461448615447587
1,1200,6,4,40.0,without_chunking,LMM-1,8.5,8.62499999999999,0.8253598833708398
1,1200,6,4,40.0,without_chunking,LMM-2,8.5,8.62499999999999,0.8253598833708398
1,1200,6,6,60.0,without_chunking,LMM-1,8.5,8.62499999999998,0.8050340647296454
1,1200,6,6,60.0,without_chunking,LMM-2,8.5,8.62499999999998,0.8050340647296454
1,1200,6,8,80.0,without_chunking,LMM-1,8.5,8.624999999999984,0.7852007842079368
1,1200,6,8,80.0,without_chunking,LMM-2,8.5,8.624999999999984,0.7852007842079368
1,1200,8,2,20.0,without_chunking,LMM-1,7.5,7.675000000000003,0.8746132383119865
1,1200,8,2,20.0,without_chunking,LMM-2,7.0,7.200000000000003,0.8875416988201845
1,1200,8,4,40.0,without_chunking,LMM-1,7.5,7.674999999999992,0.8557452988274519
1,1200,8,4,40.0,without_chunking,LMM-2,7.25,7.437499999999991,0.8726613739687081
1,1200,8,6,60.0,without_chunking,LMM-1,7.5,7.674999999999983,0.8372344043276496
1,1200,8,6,60.0,without_chunking,LMM-2,7.0,7.199999999999983,0.8672541238677565
1,1200,8,8,80.0,without_chunking,LMM-1,8.5,8.624999999999984,0.841468377578477
1,1200,8,8,80.0,without_chunking,LMM-2,7.0,7.199999999999986,0.8558043228100163
1,1200,10,2,20.0,without_chunking,LMM-1,6.5,6.725000000000003,0.8929703336648259
1,1200,10,2,20.0,without_chunking,LMM-2,5.75,6.012500000000003,0.9147799517179139
1,1200,10,4,40.0,without_chunking,LMM-1,6.5,6.7249999999999925,0.8719252731829914
1,1200,10,4,40.0,without_chunking,LMM-2,6.25,6.487499999999994,0.8993675207234682
1,1200,10,6,60.0,without_chunking,LMM-1,6.5,6.7249999999999845,0.8513051989043905
1,1200,10,6,60.0,without_chunking,LMM-2,6.25,6.487499999999986,0.8907033351904021
1,1200,10,8,80.0,without_chunking,LMM-1,6.75,6.962499999999986,0.8504287029075676
1,1200,10,8,80.0,without_chunking,LMM-2,6.25,6.487499999999987,0.8821125194941004
2,1201,4,2,20.0,without_chunking,LMM-1,11.5,11.475000000000009,0.7923518590389913
2,1201,4,2,20.0,without_chunking,LMM-2,11.5,11.475000000000009,0.7923518590389913
2,1201,4,4,40.0,without_chunking,LMM-1,11.5,11.474999999999989,0.7651225089494713
2,1201,4,4,40.0,without_chunking,LMM-2,11.5,11.474999999999989,0.7651225089494713
2,1201,4,6,60.0,without_chunking,LMM-1,11.5,11.474999999999975,0.7387765038594392
2,1201,4,6,60.0,without_chunking,LMM-2,11.5,11.474999999999975,0.7387765038594392
2,1201,4,8,80.0,without_chunking,LMM-1,11.5,11.47499999999998,0.7132871038403067
2,1201,4,8,80.0,without_chunking,LMM-2,11.5,11.47499999999998,0.7132871038403067
2,1201,6,2,20.0,without_chunking,LMM-1,9.5,9.575000000000006,0.8239605366554134
2,1201,6,2,20.0,without_chunking,LMM-2,9.5,9.575000000000006,0.8239605366554134
2,1201,6,4,40.0,without_chunking,LMM-1,9.5,9.57499999999999,0.795182353549277
2,1201,6,4,40.0,without_chunking,LMM-2,9.5,9.57499999999999,0.795182353549277
2,1201,6,6,60.0,without_chunking,LMM-1,10.25,10.287499999999978,0.7819211752813056
2,1201,6,6,60.0,without_chunking,LMM-2,10.25,10.287499999999978,0.7819211752813056
2,1201,6,8,80.0,without_chunking,LMM-1,10.25,10.287499999999982,0.7624481920643733
2,1201,6,8,80.0,without_chunking,LMM-2,10.25,10.287499999999982,0.7624481920643733
2,1201,8,2,20.0,without_chunking,LMM-1,8.5,8.625000000000004,0.8554275517437804
2,1201,8,2,20.0,without_chunking,LMM-2,8.5,8.625000000000004,0.8554275517437804
2,1201,8,4,40.0,without_chunking,LMM-1,8.5,8.624999999999991,0.822304625305526
2,1201,8,4,40.0,without_chunking,LMM-2,8.5,8.624999999999991,0.822304625305526
2,1201,8,6,60.0,without_chunking,LMM-1,8.5,8.62499999999998,0.7903599119183863
2,1201,8,6,60.0,without_chunking,LMM-2,8.5,8.62499999999998,0.7903599119183863
2,1201,8,8,80.0,without_chunking,LMM-1,8.5,8.624999999999984,0.7595555232154172
2,1201,8,8,80.0,without_chunking,LMM-2,8.5,8.624999999999984,0.7595555232154172
2,1201,10,2,20.0,without_chunking,LMM-1,8.5,8.625000000000004,0.8685541853032901
2,1201,10,2,20.0,without_chunking,LMM-2,8.0,8.150000000000002,0.8781151747397533
2,1201,10,4,40.0,without_chunking,LMM-1,8.5,8.624999999999991,0.8463634211344048
2,1201,10,4,40.0,without_chunking,LMM-2,7.625,7.79374999999999,0.8757143019973214
2,1201,10,6,60.0,without_chunking,LMM-1,8.5,8.62499999999998,0.8246989168553124
2,1201,10,6,60.0,without_chunking,LMM-2,7.5,7.674999999999983,0.8648167358627654
2,1201,10,8,80.0,without_chunking,LMM-1,8.5,8.624999999999984,0.8035491833076575
2,1201,10,8,80.0,without_chunking,LMM-2,7.25,7.437499999999987,0.857026856522374
3,1202,4,2,20.0,without_chunking,LMM-1,13.5,13.375000000000009,0.7516371958315168
3,1202,4,2,20.0,without_chunking,LMM-2,13.5,13.375000000000009,0.7516371958315168
3,1202,4,4,40.0,without_chunking,LMM-1,13.5,13.374999999999982,0.7226628416277348
3,1202,4,4,40.0,without_chunking,LMM-2,13.5,13.374999999999982,0.7226628416277348
3,1202,4,6,60.0,without_chunking,LMM-1,13.5,13.37499999999997,0.6948571136417259
3,1202,4,6,60.0,without_chunking,LMM-2,13.5,13.37499999999997,0.6948571136417259
3,1202,4,8,80.0,without_chunking,LMM-1,11.75,11.712499999999979,0.730116747081988
3,1202,4,8,80.0,without_chunking,LMM-2,11.75,11.712499999999979,0.730116747081988
3,1202,6,2,20.0,without_chunking,LMM-1,9.25,9.337500000000006,0.8412858533152171
3,1202,6,2,20.0,without_chunking,LMM-2,9.25,9.337500000000006,0.8412858533152171
3,1202,6,4,40.0,without_chunking,LMM-1,9.25,9.33749999999999,0.8218750723032311
3,1202,6,4,40.0,without_chunking,LMM-2,9.25,9.33749999999999,0.8218750723032311
3,1202,6,6,60.0,without_chunking,LMM-1,9.25,9.337499999999979,0.8028857292064981
3,1202,6,6,60.0,without_chunking,LMM-2,9.25,9.337499999999979,0.8028857292064981
3,1202,6,8,80.0,without_chunking,LMM-1,9.25,9.337499999999983,0.7843094197349028
3,1202,6,8,80.0,without_chunking,LMM-2,9.25,9.337499999999983,0.7843094197349028
3,1202,8,2,20.0,without_chunking,LMM-1,9.25,9.337500000000006,0.8593525596139047
3,1202,8,2,20.0,without_chunking,LMM-2,7.5,7.537500000000005,0.8913970111433189
3,1202,8,4,40.0,without_chunking,LMM-1,9.25,9.337499999999988,0.8438936043024542
3,1202,8,4,40.0,without_chunking,LMM-2,6.75,6.82499999999999,0.8926159565972144
3,1202,8,6,60.0,without_chunking,LMM-1,9.25,9.337499999999977,0.8286967446175199
3,1202,8,6,60.0,without_chunking,LMM-2,6.75,6.824999999999983,0.8836582978492391
3,1202,8,8,80.0,without_chunking,LMM-1,9.25,9.337499999999983,0.8137577985123721
3,1202,8,8,80.0,without_chunking,LMM-2,6.75,6.8249999999999895,0.8748320654828985
3,1202,10,2,20.0,without_chunking,LMM-1,8.0,8.150000000000006,0.8742164621165912
3,1202,10,2,20.0,without_chunking,LMM-2,6.0,6.250000000000002,0.9257209417990864
3,1202,10,4,40.0,without_chunking,LMM-1,8.0,8.149999999999991,0.8446357593077207
3,1202,10,4,40.0,without_chunking,LMM-2,5.0,5.299999999999995,0.9350848835995393
3,1202,10,6,60.0,without_chunking,LMM-1,8.25,8.387499999999982,0.8398844219313422
3,1202,10,6,60.0,without_chunking,LMM-2,4.75,5.062499999999989,0.9329195810668115
3,1202,10,8,80.0,without_chunking,LMM-1,8.25,8.387499999999985,0.8207342079634921
3,1202,10,8,80.0,without_chunking,LMM-2,4.75,5.062499999999991,0.9280155170931312
4,1203,4,2,20.0,without_chunking,LMM-1,14.5,14.325000000000012,0.7391884795230754
4,1203,4,2,20.0,without_chunking,LMM-2,14.5,14.325000000000012,0.7391884795230754
4,1203,4,4,40.0,without_chunking,LMM-1,14.5,14.324999999999983,0.6905475118537341
4,1203,4,4,40.0,without_chunking,LMM-2,14.5,14.324999999999983,0.6905475118537341
4,1203,4,6,60.0,without_chunking,LMM-1,14.5,14.324999999999967,0.6449904577910108
4,1203,4,6,60.0,without_chunking,LMM-2,14.5,14.324999999999967,0.6449904577910108
4,1203,4,8,80.0,without_chunking,LMM-1,14.5,14.324999999999978,0.6023305707776877
4,1203,4,8,80.0,without_chunking,LMM-2,14.5,14.324999999999978,0.6023305707776877
4,1203,6,2,20.0,without_chunking,LMM-1,14.5,14.325000000000012,0.7391884795230754
4,1203,6,2,20.0,without_chunking,LMM-2,14.5,14.325000000000012,0.7391884795230754
4,1203,6,4,40.0,without_chunking,LMM-1,14.5,14.324999999999983,0.6905475118537341
4,1203,6,4,40.0,without_chunking,LMM-2,14.5,14.324999999999983,0.6905475118537341
4,1203,6,6,60.0,without_chunking,LMM-1,14.5,14.324999999999967,0.6449904577910108
4,1203,6,6,60.0,without_chunking,LMM-2,14.5,14.324999999999967,0.6449904577910108
4,1203,6,8,80.0,without_chunking,LMM-1,14.5,14.324999999999978,0.6023305707776877
4,1203,6,8,80.0,without_chunking,LMM-2,14.5,14.324999999999978,0.6023305707776877
4,1203,8,2,20.0,without_chunking,LMM-1,12.5,12.425000000000008,0.7742801433734303
4,1203,8,2,20.0,without_chunking,LMM-2,12.5,12.425000000000008,0.7742801433734303
4,1203,8,4,40.0,without_chunking,LMM-1,12.5,12.424999999999986,0.7315997611248917
4,1203,8,4,40.0,without_chunking,LMM-2,12.5,12.424999999999986,0.7315997611248917
4,1203,8,6,60.0,without_chunking,LMM-1,12.5,12.424999999999974,0.6911554821845896
4,1203,8,6,60.0,without_chunking,LMM-2,12.5,12.424999999999974,0.6911554821845896
4,1203,8,8,80.0,without_chunking,LMM-1,12.5,12.42499999999998,0.6528371806328064
4,1203,8,8,80.0,without_chunking,LMM-2,12.5,12.42499999999998,0.6528371806328064
4,1203,10,2,20.0,without_chunking,LMM-1,10.5,10.525000000000006,0.8134359291723425
4,1203,10,2,20.0,without_chunking,LMM-2,10.5,10.525000000000006,0.8134359291723425
4,1203,10,4,40.0,without_chunking,LMM-1,10.5,10.524999999999988,0.7773962880299767
4,1203,10,4,40.0,without_chunking,LMM-2,10.5,10.524999999999988,0.7773962880299767
4,1203,10,6,60.0,without_chunking,LMM-1,10.5,10.524999999999977,0.7428448305555475
4,1203,10,6,60.0,without_chunking,LMM-2,10.5,10.524999999999977,0.7428448305555475
4,1203,10,8,80.0,without_chunking,LMM-1,10.5,10.52499999999998,0.7097251266995479
4,1203,10,8,80.0,without_chunking,LMM-2,10.5,10.52499999999998,0.7097251266995479
5,1204,4,2,20.0,without_chunking,LMM-1,13.0,12.90000000000001,0.7737383005053013
5,1204,4,2,20.0,without_chunking,LMM-2,13.0,12.90000000000001,0.7737383005053013
5,1204,4,4,40.0,without_chunking,LMM-1,13.0,12.899999999999988,0.7272008834946134
5,1204,4,4,40.0,without_chunking,LMM-2,13.0,12.899999999999988,0.7272008834946134
5,1204,4,6,60.0,without_chunking,LMM-1,13.0,12.899999999999972,0.6833445120463945
5,1204,4,6,60.0,without_chunking,LMM-2,13.0,12.899999999999972,0.6833445120463945
5,1204,4,8,80.0,without_chunking,LMM-1,13.0,12.899999999999979,0.6420297295932307
5,1204,4,8,80.0,without_chunking,LMM-2,13.0,12.899999999999979,0.6420297295932307
5,1204,6,2,20.0,without_chunking,LMM-1,12.5,12.425000000000008,0.7858427014191589
5,1204,6,2,20.0,without_chunking,LMM-2,12.5,12.425000000000008,0.7858427014191589
5,1204,6,4,40.0,without_chunking,LMM-1,12.5,12.424999999999986,0.7497008769323545
5,1204,6,4,40.0,without_chunking,LMM-2,12.5,12.424999999999986,0.7497008769323545
5,1204,6,6,60.0,without_chunking,LMM-1,12.5,12.424999999999974,0.7151403747316206
5,1204,6,6,60.0,without_chunking,LMM-2,12.5,12.424999999999974,0.7151403747316206
5,1204,6,8,80.0,without_chunking,LMM-1,12.5,12.42499999999998,0.6820960996750136
5,1204,6,8,80.0,without_chunking,LMM-2,12.5,12.42499999999998,0.6820960996750136
5,1204,8,2,20.0,without_chunking,LMM-1,11.5,11.475000000000009,0.8082358677557038
5,1204,8,2,20.0,without_chunking,LMM-2,11.5,11.475000000000009,0.8082358677557038
5,1204,8,4,40.0,without_chunking,LMM-1,11.5,11.474999999999989,0.7753816658450827
5,1204,8,4,40.0,without_chunking,LMM-2,11.5,11.474999999999989,0.7753816658450827
5,1204,8,6,60.0,without_chunking,LMM-1,11.5,11.474999999999975,0.7437851599070562
5,1204,8,6,60.0,without_chunking,LMM-2,11.5,11.474999999999975,0.7437851599070562
5,1204,8,8,80.0,without_chunking,LMM-1,12.0,11.94999999999998,0.7366943508274146
5,1204,8,8,80.0,without_chunking,LMM-2,12.0,11.94999999999998,0.7366943508274146
5,1204,10,2,20.0,without_chunking,LMM-1,10.0,10.050000000000004,0.8336553524879449
5,1204,10,2,20.0,without_chunking,LMM-2,10.0,10.050000000000004,0.8336553524879449
5,1204,10,4,40.0,without_chunking,LMM-1,10.0,10.04999999999999,0.7967835130218259
5,1204,10,4,40.0,without_chunking,LMM-2,10.0,10.04999999999999,0.7967835130218259
5,1204,10,6,60.0,without_chunking,LMM-1,10.0,10.049999999999978,0.7614328039772674
5,1204,10,6,60.0,without_chunking,LMM-2,10.0,10.049999999999978,0.7614328039772674
5,1204,10,8,80.0,without_chunking,LMM-1,10.5,10.52499999999998,0.7594239243640704
5,1204,10,8,80.0,without_chunking,LMM-2,10.5,10.52499999999998,0.7594239243640704
6,1205,4,2,20.0,without_chunking,LMM-1,11.5,11.475000000000009,0.7674392056772797
6,1205,4,2,20.0,without_chunking,LMM-2,11.5,11.475000000000009,0.7674392056772797
6,1205,4,4,40.0,without_chunking,LMM-1,11.5,11.474999999999989,0.7295053773326754
6,1205,4,4,40.0,without_chunking,LMM-2,11.5,11.474999999999989,0.7295053773326754
6,1205,4,6,60.0,without_chunking,LMM-1,11.5,11.474999999999975,0.6933304951864707
6,1205,4,6,60.0,without_chunking,LMM-2,11.5,11.474999999999975,0.6933304951864707
6,1205,4,8,80.0,without_chunking,LMM-1,11.5,11.47499999999998,0.7187971249247749
6,1205,4,8,80.0,without_chunking,LMM-2,11.5,11.47499999999998,0.7187971249247749
6,1205,6,2,20.0,without_chunking,LMM-1,11.5,11.475000000000009,0.7882177624463589
6,1205,6,2,20.0,without_chunking,LMM-2,11.5,11.475000000000009,0.7882177624463589
6,1205,6,4,40.0,without_chunking,LMM-1,11.5,11.474999999999989,0.7507160731801094
6,1205,6,4,40.0,without_chunking,LMM-2,11.5,11.474999999999989,0.7507160731801094
6,1205,6,6,60.0,without_chunking,LMM-1,11.5,11.474999999999975,0.7148907991443894
6,1205,6,6,60.0,without_chunking,LMM-2,11.5,11.474999999999975,0.7148907991443894
6,1205,6,8,80.0,without_chunking,LMM-1,11.5,11.47499999999998,0.6806724208487687
6,1205,6,8,80.0,without_chunking,LMM-2,11.5,11.47499999999998,0.6806724208487687
6,1205,8,2,20.0,without_chunking,LMM-1,9.5,9.575000000000006,0.8223535802270002
6,1205,8,2,20.0,without_chunking,LMM-2,9.5,9.575000000000006,0.8223535802270002
6,1205,8,4,40.0,without_chunking,LMM-1,9.5,9.57499999999999,0.7915848905878571
6,1205,8,4,40.0,without_chunking,LMM-2,9.5,9.57499999999999,0.7915848905878571
6,1205,8,6,60.0,without_chunking,LMM-1,9.5,9.57499999999998,0.7618699836175669
6,1205,8,6,60.0,without_chunking,LMM-2,9.5,9.57499999999998,0.7618699836175669
6,1205,8,8,80.0,without_chunking,LMM-1,10.0,10.049999999999983,0.7576452953927596
6,1205,8,8,80.0,without_chunking,LMM-2,10.0,10.049999999999983,0.7576452953927596
6,1205,10,2,20.0,without_chunking,LMM-1,8.75,8.862500000000004,0.8611556663859796
6,1205,10,2,20.0,without_chunking,LMM-2,8.25,8.387500000000003,0.8726148608887578
6,1205,10,4,40.0,without_chunking,LMM-1,8.75,8.86249999999999,0.8446669330545105
6,1205,10,4,40.0,without_chunking,LMM-2,7.875,8.031249999999993,0.8654093089898863
6,1205,10,6,60.0,without_chunking,LMM-1,8.75,8.86249999999998,0.8284653348442365
6,1205,10,6,60.0,without_chunking,LMM-2,7.5,7.674999999999984,0.859769155013152
6,1205,10,8,80.0,without_chunking,LMM-1,8.75,8.862499999999983,0.8125464217647385
6,1205,10,8,80.0,without_chunking,LMM-2,7.375,7.556249999999984,0.8505450171000037
7,1206,4,2,20.0,without_chunking,LMM-1,11.5,11.475000000000009,0.7811659292040485
7,1206,4,2,20.0,without_chunking,LMM-2,11.5,11.475000000000009,0.7811659292040485
7,1206,4,4,40.0,without_chunking,LMM-1,11.5,11.474999999999989,0.7575666412601355
7,1206,4,4,40.0,without_chunking,LMM-2,11.5,11.474999999999989,0.7575666412601355
7,1206,4,6,60.0,without_chunking,LMM-1,11.5,11.474999999999975,0.7346445060029188
7,1206,4,6,60.0,without_chunking,LMM-2,11.5,11.474999999999975,0.7346445060029188
7,1206,4,8,80.0,without_chunking,LMM-1,11.5,11.47499999999998,0.7123812850861909
7,1206,4,8,80.0,without_chunking,LMM-2,11.5,11.47499999999998,0.7123812850861909
7,1206,6,2,20.0,without_chunking,LMM-1,9.0,9.100000000000005,0.8260899192163094
7,1206,6,2,20.0,without_chunking,LMM-2,9.0,9.100000000000005,0.8260899192163094
7,1206,6,4,40.0,without_chunking,LMM-1,9.0,9.09999999999999,0.7922510223258006
7,1206,6,4,40.0,without_chunking,LMM-2,9.0,9.09999999999999,0.7922510223258006
7,1206,6,6,60.0,without_chunking,LMM-1,9.25,9.33749999999998,0.786279981733434
7,1206,6,6,60.0,without_chunking,LMM-2,9.25,9.33749999999998,0.786279981733434
7,1206,6,8,80.0,without_chunking,LMM-1,10.25,10.287499999999982,0.7664375385671994
7,1206,6,8,80.0,without_chunking,LMM-2,10.25,10.287499999999982,0.7664375385671994
7,1206,8,2,20.0,without_chunking,LMM-1,8.0,8.150000000000002,0.8587030528018516
7,1206,8,2,20.0,without_chunking,LMM-2,8.0,8.150000000000002,0.8587030528018516
7,1206,8,4,40.0,without_chunking,LMM-1,8.0,8.149999999999991,0.8306148763814019
7,1206,8,4,40.0,without_chunking,LMM-2,8.0,8.149999999999991,0.8306148763814019
7,1206,8,6,60.0,without_chunking,LMM-1,8.25,8.387499999999982,0.8218514954706447
7,1206,8,6,60.0,without_chunking,LMM-2,8.166666666666668,8.308333333333314,0.8258148284390839
7,1206,8,8,80.0,without_chunking,LMM-1,8.25,8.387499999999985,0.8026726272647297
7,1206,8,8,80.0,without_chunking,LMM-2,8.0,8.149999999999984,0.8101318218154566
7,1206,10,2,20.0,without_chunking,LMM-1,8.0,8.150000000000006,0.8685638947477794
7,1206,10,2,20.0,without_chunking,LMM-2,8.0,8.150000000000006,0.8685638947477794
7,1206,10,4,40.0,without_chunking,LMM-1,8.0,8.149999999999991,0.8390813865255817
7,1206,10,4,40.0,without_chunking,LMM-2,8.0,8.149999999999991,0.8390813865255817
7,1206,10,6,60.0,without_chunking,LMM-1,8.25,8.387499999999982,0.8314352470341952
7,1206,10,6,60.0,without_chunking,LMM-2,8.25,8.387499999999982,0.8336173340242128
7,1206,10,8,80.0,without_chunking,LMM-1,8.0,8.149999999999984,0.8438442637849208
7,1206,10,8,80.0,without_chunking,LMM-2,7.375,7.556249999999986,0.8595239535777286
8,1207,4,2,20.0,without_chunking,LMM-1,10.5,10.525000000000006,0.8249529861592694
8,1207,4,2,20.0,without_chunking,LMM-2,10.5,10.525000000000006,0.8249529861592694
8,1207,4,4,40.0,without_chunking,LMM-1,10.5,10.524999999999988,0.7965881904022245
8,1207,4,4,40.0,without_chunking,LMM-2,10.5,10.524999999999988,0.7965881904022245
8,1207,4,6,60.0,without_chunking,LMM-1,10.5,10.524999999999977,0.7691260790200698
8,1207,4,6,60.0,without_chunking,LMM-2,10.5,10.524999999999977,0.7691260790200698
8,1207,4,8,80.0,without_chunking,LMM-1,10.5,10.52499999999998,0.7425404050176878
8,1207,4,8,80.0,without_chunking,LMM-2,10.5,10.52499999999998,0.7425404050176878
8,1207,6,2,20.0,without_chunking,LMM-1,10.5,10.525000000000006,0.8249529861592694
8,1207,6,2,20.0,without_chunking,LMM-2,10.5,10.525000000000006,0.8249529861592694
8,1207,6,4,40.0,without_chunking,LMM-1,10.5,10.524999999999988,0.7965881904022245
8,1207,6,4,40.0,without_chunking,LMM-2,10.5,10.524999999999988,0.7965881904022245
8,1207,6,6,60.0,without_chunking,LMM-1,10.5,10.524999999999977,0.7691260790200698
8,1207,6,6,60.0,without_chunking,LMM-2,10.5,10.524999999999977,0.7691260790200698
8,1207,6,8,80.0,without_chunking,LMM-1,10.5,10.52499999999998,0.7425404050176878
8,1207,6,8,80.0,without_chunking,LMM-2,10.5,10.52499999999998,0.7425404050176878
8,1207,8,2,20.0,without_chunking,LMM-1,10.5,10.525000000000006,0.8249529861592694
8,1207,8,2,20.0,without_chunking,LMM-2,10.5,10.525000000000006,0.8249529861592694
8,1207,8,4,40.0,without_chunking,LMM-1,10.5,10.524999999999988,0.7965881904022245
8,1207,8,4,40.0,without_chunking,LMM-2,10.5,10.524999999999988,0.7965881904022245
8,1207,8,6,60.0,without_chunking,LMM-1,10.5,10.524999999999977,0.7691260790200698
8,1207,8,6,60.0,without_chunking,LMM-2,10.5,10.524999999999977,0.7691260790200698
8,1207,8,8,80.0,without_chunking,LMM-1,10.5,10.52499999999998,0.7425404050176878
8,1207,8,8,80.0,without_chunking,LMM-2,10.5,10.52499999999998,0.7425404050176878
8,1207,10,2,20.0,without_chunking,LMM-1,8.0,8.150000000000006,0.8709836784547049
8,1207,10,2,20.0,without_chunking,LMM-2,8.0,8.150000000000006,0.8709836784547049
8,1207,10,4,40.0,without_chunking,LMM-1,8.0,8.149999999999991,0.8537359780993496
8,1207,10,4,40.0,without_chunking,LMM-2,8.0,8.149999999999991,0.8537359780993496
8,1207,10,6,60.0,without_chunking,LMM-1,8.0,8.14999999999998,0.8368215410509552
8,1207,10,6,60.0,without_chunking,LMM-2,8.0,8.14999999999998,0.8368215410509552
8,1207,10,8,80.0,without_chunking,LMM-1,8.0,8.149999999999984,0.820234125811643
8,1207,10,8,80.0,without_chunking,LMM-2,8.0,8.149999999999984,0.820234125811643
9,1208,4,2,20.0,without_chunking,LMM-1,10.5,10.525000000000006,0.8210792855330136
9,1208,4,2,20.0,without_chunking,LMM-2,10.5,10.525000000000006,0.8210792855330136
9,1208,4,4,40.0,without_chunking,LMM-1,10.5,10.524999999999988,0.7967185594857129
9,1208,4,4,40.0,without_chunking,LMM-2,10.5,10.524999999999988,0.7967185594857129
9,1208,4,6,60.0,without_chunking,LMM-1,10.5,10.524999999999977,0.7730271336881454
9,1208,4,6,60.0,without_chunking,LMM-2,10.5,10.524999999999977,0.7730271336881454
9,1208,4,8,80.0,without_chunking,LMM-1,10.5,10.52499999999998,0.7500481567347512
9,1208,4,8,80.0,without_chunking,LMM-2,10.5,10.52499999999998,0.7500481567347512
9,1208,6,2,20.0,without_chunking,LMM-1,10.0,10.050000000000004,0.8364646683400786
9,1208,6,2,20.0,without_chunking,LMM-2,10.0,10.050000000000004,0.8364646683400786
9,1208,6,4,40.0,without_chunking,LMM-1,10.0,10.04999999999999,0.8155313397514972
9,1208,6,4,40.0,without_chunking,LMM-2,10.0,10.04999999999999,0.8155313397514972
9,1208,6,6,60.0,without_chunking,LMM-1,10.0,10.049999999999978,0.7950927110284534
9,1208,6,6,60.0,without_chunking,LMM-2,10.0,10.049999999999978,0.7950927110284534
9,1208,6,8,80.0,without_chunking,LMM-1,10.0,10.049999999999983,0.7751378763993808
9,1208,6,8,80.0,without_chunking,LMM-2,10.0,10.049999999999983,0.7751378763993808
9,1208,8,2,20.0,without_chunking,LMM-1,8.5,8.625000000000004,0.8663702275799388
9,1208,8,2,20.0,without_chunking,LMM-2,8.5,8.625000000000004,0.8663702275799388
9,1208,8,4,40.0,without_chunking,LMM-1,8.5,8.62499999999999,0.8481691557131327
9,1208,8,4,40.0,without_chunking,LMM-2,8.5,8.62499999999999,0.8481691557131327
9,1208,8,6,60.0,without_chunking,LMM-1,8.5,8.62499999999998,0.8303205462069362
9,1208,8,6,60.0,without_chunking,LMM-2,8.5,8.62499999999998,0.8303205462069362
9,1208,8,8,80.0,without_chunking,LMM-1,8.5,8.624999999999984,0.8128182271390573
9,1208,8,8,80.0,without_chunking,LMM-2,8.5,8.624999999999984,0.8128182271390573
9,1208,10,2,20.0,without_chunking,LMM-1,7.5,7.675000000000003,0.8907660342262688
9,1208,10,2,20.0,without_chunking,LMM-2,7.5,7.675000000000003,0.8907660342262688
9,1208,10,4,40.0,without_chunking,LMM-1,7.5,7.674999999999992,0.8745685139042012
9,1208,10,4,40.0,without_chunking,LMM-2,7.5,7.674999999999992,0.8745685139042012
9,1208,10,6,60.0,without_chunking,LMM-1,7.5,7.674999999999983,0.8586375535884274
9,1208,10,6,60.0,without_chunking,LMM-2,7.5,7.674999999999983,0.8586375535884274
9,1208,10,8,80.0,without_chunking,LMM-1,7.5,7.674999999999986,0.842969279535729
9,1208,10,8,80.0,without_chunking,LMM-2,7.5,7.674999999999986,0.842969279535729
10,1209,4,2,20.0,without_chunking,LMM-1,11.5,11.475000000000009,0.7879987922445215
10,1209,4,2,20.0,without_chunking,LMM-2,11.5,11.475000000000009,0.7879987922445215
10,1209,4,4,40.0,without_chunking,LMM-1,11.5,11.474999999999987,0.7495328474870108
10,1209,4,4,40.0,without_chunking,LMM-2,11.5,11.474999999999987,0.7495328474870108
10,1209,4,6,60.0,without_chunking,LMM-1,11.5,11.474999999999975,0.7128471677881807
10,1209,4,6,60.0,without_chunking,LMM-2,11.5,11.474999999999975,0.7128471677881807
10,1209,4,8,80.0,without_chunking,LMM-1,11.75,11.712499999999979,0.7105548365618856
10,1209,4,8,80.0,without_chunking,LMM-2,11.75,11.712499999999979,0.7105548365618856
10,1209,6,2,20.0,without_chunking,LMM-1,11.0,11.000000000000007,0.8139421900321653
10,1209,6,2,20.0,without_chunking,LMM-2,11.0,11.000000000000007,0.8139421900321653
10,1209,6,4,40.0,without_chunking,LMM-1,11.0,10.99999999999999,0.7874539147973185
10,1209,6,4,40.0,without_chunking,LMM-2,11.0,10.99999999999999,0.7874539147973185
10,1209,6,6,60.0,without_chunking,LMM-1,11.0,10.999999999999977,0.7617790330304256
10,1209,6,6,60.0,without_chunking,LMM-2,11.0,10.999999999999977,0.7617790330304256
10,1209,6,8,80.0,without_chunking,LMM-1,11.0,10.99999999999998,0.7368942186296945
10,1209,6,8,80.0,without_chunking,LMM-2,11.0,10.99999999999998,0.7368942186296945
10,1209,8,2,20.0,without_chunking,LMM-1,7.5,7.675000000000003,0.8856014632378405
10,1209,8,2,20.0,without_chunking,LMM-2,7.5,7.675000000000003,0.8856014632378405
10,1209,8,4,40.0,without_chunking,LMM-1,7.5,7.674999999999992,0.8570585269645974
10,1209,8,4,40.0,without_chunking,LMM-2,7.5,7.674999999999992,0.8570585269645974
10,1209,8,6,60.0,without_chunking,LMM-1,7.5,7.674999999999983,0.8293390523078643
10,1209,8,6,60.0,without_chunking,LMM-2,7.5,7.674999999999983,0.8293390523078643
10,1209,8,8,80.0,without_chunking,LMM-1,7.5,7.674999999999986,0.8024223516561109
10,1209,8,8,80.0,without_chunking,LMM-2,7.5,7.674999999999986,0.8024223516561109
10,1209,10,2,20.0,without_chunking,LMM-1,8.25,8.387500000000005,0.8920943561378148
10,1209,10,2,20.0,without_chunking,LMM-2,8.0,8.150000000000006,0.8951423866307511
10,1209,10,4,40.0,without_chunking,LMM-1,8.25,8.387499999999992,0.8782992551606994
10,1209,10,4,40.0,without_chunking,LMM-2,8.0,8.149999999999991,0.8821769166412594
10,1209,10,6,60.0,without_chunking,LMM-1,8.25,8.387499999999982,0.8647517195814144
10,1209,10,6,60.0,without_chunking,LMM-2,8.0,8.14999999999998,0.86944911828413
10,1209,10,8,80.0,without_chunking,LMM-1,8.25,8.387499999999985,0.8514471457307722
10,1209,10,8,80.0,without_chunking,LMM-2,8.0,8.149999999999984,0.8569544650855061
11,1210,4,2,20.0,without_chunking,LMM-1,11.0,11.000000000000007,0.7859383258025242
11,1210,4,2,20.0,without_chunking,LMM-2,11.0,11.000000000000007,0.7859383258025242
11,1210,4,4,40.0,without_chunking,LMM-1,11.0,10.99999999999999,0.7452804974972853
11,1210,4,4,40.0,without_chunking,LMM-2,11.0,10.99999999999999,0.7452804974972853
11,1210,4,6,60.0,without_chunking,LMM-1,11.75,11.712499999999975,0.7422065847444652
11,1210,4,6,60.0,without_chunking,LMM-2,11.75,11.712499999999975,0.7422065847444652
11,1210,4,8,80.0,without_chunking,LMM-1,11.75,11.71249999999998,0.7200378905187228
11,1210,4,8,80.0,without_chunking,LMM-2,11.75,11.71249999999998,0.7200378905187228
11,1210,6,2,20.0,without_chunking,LMM-1,9.5,9.575000000000006,0.8465103709044322
11,1210,6,2,20.0,without_chunking,LMM-2,9.5,9.575000000000006,0.8465103709044322
11,1210,6,4,40.0,without_chunking,LMM-1,9.5,9.57499999999999,0.8245672089260838
11,1210,6,4,40.0,without_chunking,LMM-2,9.5,9.57499999999999,0.8245672089260838
11,1210,6,6,60.0,without_chunking,LMM-1,9.5,9.574999999999978,0.8031607897987108
11,1210,6,6,60.0,without_chunking,LMM-2,9.5,9.574999999999978,0.8031607897987108
11,1210,6,8,80.0,without_chunking,LMM-1,9.5,9.574999999999982,0.7822788239357488
11,1210,6,8,80.0,without_chunking,LMM-2,9.5,9.574999999999982,0.7822788239357488
11,1210,8,2,20.0,without_chunking,LMM-1,8.0,8.150000000000002,0.8828061292157423
11,1210,8,2,20.0,without_chunking,LMM-2,8.0,8.150000000000002,0.8827720187669518
11,1210,8,4,40.0,without_chunking,LMM-1,8.0,8.149999999999991,0.8635778069500126
11,1210,8,4,40.0,without_chunking,LMM-2,7.25,7.437499999999992,0.8784504638857227
11,1210,8,6,60.0,without_chunking,LMM-1,8.0,8.14999999999998,0.8447322581147483
11,1210,8,6,60.0,without_chunking,LMM-2,7.5,7.674999999999983,0.8571686236928748
11,1210,8,8,80.0,without_chunking,LMM-1,8.0,8.149999999999984,0.8262626189517401
11,1210,8,8,80.0,without_chunking,LMM-2,7.5,7.6749999999999865,0.8414877451854602
11,1210,10,2,20.0,without_chunking,LMM-1,8.0,8.150000000000002,0.8842319629758677
11,1210,10,2,20.0,without_chunking,LMM-2,8.0,8.150000000000002,0.8841126358172003
11,1210,10,4,40.0,without_chunking,LMM-1,8.0,8.149999999999991,0.8631299682188396
11,1210,10,4,40.0,without_chunking,LMM-2,7.25,7.437499999999992,0.8820439127586638
11,1210,10,6,60.0,without_chunking,LMM-1,8.0,8.14999999999998,0.8424854139945539
11,1210,10,6,60.0,without_chunking,LMM-2,7.833333333333334,7.991666666666648,0.8628670983278459
11,1210,10,8,80.0,without_chunking,LMM-1,8.0,8.149999999999984,0.8411877436454279
11,1210,10,8,80.0,without_chunking,LMM-2,8.0,8.149999999999984,0.8412287186286035
12,1211,4,2,20.0,without_chunking,LMM-1,11.5,11.475000000000009,0.79587365967773
12,1211,4,2,20.0,without_chunking,LMM-2,11.5,11.475000000000009,0.79587365967773
12,1211,4,4,40.0,without_chunking,LMM-1,11.5,11.474999999999987,0.7768409553103699
12,1211,4,4,40.0,without_chunking,LMM-2,11.5,11.474999999999987,0.7768409553103699
12,1211,4,6,60.0,without_chunking,LMM-1,11.5,11.474999999999975,0.7582449746388105
12,1211,4,6,60.0,without_chunking,LMM-2,11.5,11.474999999999975,0.7582449746388105
12,1211,4,8,80.0,without_chunking,LMM-1,11.5,11.47499999999998,0.7400761556166962
12,1211,4,8,80.0,without_chunking,LMM-2,11.5,11.47499999999998,0.7400761556166962
12,1211,6,2,20.0,without_chunking,LMM-1,10.0,10.050000000000006,0.8346397985653597
12,1211,6,2,20.0,without_chunking,LMM-2,10.0,10.050000000000006,0.8346397985653597
12,1211,6,4,40.0,without_chunking,LMM-1,10.0,10.04999999999999,0.8172614102399998
12,1211,6,4,40.0,without_chunking,LMM-2,10.0,10.04999999999999,0.8172614102399998
12,1211,6,6,60.0,without_chunking,LMM-1,10.0,10.04999999999998,0.8002382533836763
12,1211,6,6,60.0,without_chunking,LMM-2,10.0,10.04999999999998,0.8002382533836763
12,1211,6,8,80.0,without_chunking,LMM-1,10.0,10.049999999999983,0.7835634690938571
12,1211,6,8,80.0,without_chunking,LMM-2,10.0,10.049999999999983,0.7835634690938571
12,1211,8,2,20.0,without_chunking,LMM-1,9.5,9.575000000000006,0.8462555324032148
12,1211,8,2,20.0,without_chunking,LMM-2,9.5,9.575000000000006,0.8462555324032148
12,1211,8,4,40.0,without_chunking,LMM-1,9.5,9.57499999999999,0.8221023453809534
12,1211,8,4,40.0,without_chunking,LMM-2,9.5,9.57499999999999,0.8221023453809534
12,1211,8,6,60.0,without_chunking,LMM-1,9.5,9.574999999999978,0.7985954229297431
12,1211,8,6,60.0,without_chunking,LMM-2,9.5,9.574999999999978,0.7985954229297431
12,1211,8,8,80.0,without_chunking,LMM-1,9.5,9.574999999999982,0.7757186682916006
12,1211,8,8,80.0,without_chunking,LMM-2,9.5,9.574999999999982,0.7757186682916006
12,1211,10,2,20.0,without_chunking,LMM-1,8.0,8.150000000000002,0.8719221346464294
12,1211,10,2,20.0,without_chunking,LMM-2,5.0,5.3000000000000025,0.9278069118930699
12,1211,10,4,40.0,without_chunking,LMM-1,8.0,8.149999999999991,0.8439410047027817
12,1211,10,4,40.0,without_chunking,LMM-2,5.125,5.418749999999994,0.9199622152546758
12,1211,10,6,60.0,without_chunking,LMM-1,8.0,8.14999999999998,0.8167698552759821
12,1211,10,6,60.0,without_chunking,LMM-2,4.583333333333334,4.904166666666655,0.9230701754126923
12,1211,10,8,80.0,without_chunking,LMM-1,8.0,8.149999999999984,0.7903879692888108
12,1211,10,8,80.0,without_chunking,LMM-2,4.25,4.5874999999999915,0.9230048790797913
13,1212,4,2,20.0,without_chunking,LMM-1,11.0,11.000000000000007,0.7809982502694515
13,1212,4,2,20.0,without_chunking,LMM-2,11.0,11.000000000000007,0.7809982502694515
13,1212,4,4,40.0,without_chunking,LMM-1,11.0,10.99999999999999,0.7523718438075091
13,1212,4,4,40.0,without_chunking,LMM-2,11.0,10.99999999999999,0.7523718438075091
13,1212,4,6,60.0,without_chunking,LMM-1,11.0,10.999999999999977,0.7247301126835817
13,1212,4,6,60.0,without_chunking,LMM-2,11.0,10.999999999999977,0.7247301126835817
13,1212,4,8,80.0,without_chunking,LMM-1,11.25,11.23749999999998,0.722448811361988
13,1212,4,8,80.0,without_chunking,LMM-2,11.25,11.23749999999998,0.722448811361988
13,1212,6,2,20.0,without_chunking,LMM-1,9.75,9.812500000000005,0.8350915601298117
13,1212,6,2,20.0,without_chunking,LMM-2,9.75,9.812500000000005,0.8350915601298117
13,1212,6,4,40.0,without_chunking,LMM-1,9.75,9.81249999999999,0.8194356241415426
13,1212,6,4,40.0,without_chunking,LMM-2,9.75,9.81249999999999,0.8194356241415426
13,1212,6,6,60.0,without_chunking,LMM-1,9.75,9.812499999999979,0.8040920752797295
13,1212,6,6,60.0,without_chunking,LMM-2,9.75,9.812499999999979,0.8040920752797295
13,1212,6,8,80.0,without_chunking,LMM-1,9.75,9.812499999999982,0.7890543673012143
13,1212,6,8,80.0,without_chunking,LMM-2,9.75,9.812499999999982,0.7890543673012143
13,1212,8,2,20.0,without_chunking,LMM-1,8.5,8.625000000000004,0.8593765550229886
13,1212,8,2,20.0,without_chunking,LMM-2,6.25,6.4875000000000025,0.9110879416692969
13,1212,8,4,40.0,without_chunking,LMM-1,8.5,8.624999999999991,0.8268772595404437
13,1212,8,4,40.0,without_chunking,LMM-2,6.0,6.249999999999994,0.9053454902720393
13,1212,8,6,60.0,without_chunking,LMM-1,8.5,8.62499999999998,0.7955078231887769
13,1212,8,6,60.0,without_chunking,LMM-2,5.333333333333333,5.616666666666655,0.9102599974493497
13,1212,8,8,80.0,without_chunking,LMM-1,9.0,9.099999999999984,0.7933103870514266
13,1212,8,8,80.0,without_chunking,LMM-2,4.25,4.587499999999991,0.9264908857590752
13,1212,10,2,20.0,without_chunking,LMM-1,8.0,8.150000000000006,0.8683756604106565
13,1212,10,2,20.0,without_chunking,LMM-2,7.25,7.4375000000000036,0.8941325424435498
13,1212,10,4,40.0,without_chunking,LMM-1,8.0,8.149999999999991,0.8384158449762033
13,1212,10,4,40.0,without_chunking,LMM-2,7.0,7.199999999999992,0.8953822669600555
13,1212,10,6,60.0,without_chunking,LMM-1,8.0,8.14999999999998,0.8368595630441757
13,1212,10,6,60.0,without_chunking,LMM-2,6.75,6.962499999999984,0.8928674095311545
13,1212,10,8,80.0,without_chunking,LMM-1,8.0,8.149999999999984,0.8176584256733236
13,1212,10,8,80.0,without_chunking,LMM-2,6.375,6.606249999999989,0.8972750478110488
14,1213,4,2,20.0,without_chunking,LMM-1,10.5,10.525000000000006,0.7877131231033436
14,1213,4,2,20.0,without_chunking,LMM-2,10.5,10.525000000000006,0.7877131231033436
14,1213,4,4,40.0,without_chunking,LMM-1,10.5,10.524999999999988,0.749669182936198
14,1213,4,4,40.0,without_chunking,LMM-2,10.5,10.524999999999988,0.749669182936198
14,1213,4,6,60.0,without_chunking,LMM-1,11.0,10.999999999999975,0.7399471451554201
14,1213,4,6,60.0,without_chunking,LMM-2,11.0,10.999999999999975,0.7399471451554201
14,1213,4,8,80.0,without_chunking,LMM-1,11.0,10.99999999999998,0.716285921339842
14,1213,4,8,80.0,without_chunking,LMM-2,11.0,10.99999999999998,0.716285921339842
14,1213,6,2,20.0,without_chunking,LMM-1,10.5,10.525000000000006,0.8169734557657324
14,1213,6,2,20.0,without_chunking,LMM-2,10.5,10.525000000000006,0.8169734557657324
14,1213,6,4,40.0,without_chunking,LMM-1,10.5,10.524999999999988,0.7791955968047374
14,1213,6,4,40.0,without_chunking,LMM-2,10.5,10.524999999999988,0.7791955968047374
14,1213,6,6,60.0,without_chunking,LMM-1,10.25,10.287499999999977,0.7807693278112899
14,1213,6,6,60.0,without_chunking,LMM-2,10.25,10.287499999999977,0.7807693278112899
14,1213,6,8,80.0,without_chunking,LMM-1,10.25,10.287499999999982,0.7578404882273877
14,1213,6,8,80.0,without_chunking,LMM-2,10.25,10.287499999999982,0.7578404882273877
14,1213,8,2,20.0,without_chunking,LMM-1,10.5,10.525000000000006,0.8169734557657324
14,1213,8,2,20.0,without_chunking,LMM-2,10.5,10.525000000000006,0.8169734557657324
14,1213,8,4,40.0,without_chunking,LMM-1,10.5,10.524999999999988,0.7791955968047374
14,1213,8,4,40.0,without_chunking,LMM-2,10.5,10.524999999999988,0.7791955968047374
14,1213,8,6,60.0,without_chunking,LMM-1,10.25,10.287499999999977,0.7807693278112899
14,1213,8,6,60.0,without_chunking,LMM-2,10.25,10.287499999999977,0.7807693278112899
14,1213,8,8,80.0,without_chunking,LMM-1,10.25,10.287499999999982,0.7578404882273877
14,1213,8,8,80.0,without_chunking,LMM-2,10.25,10.287499999999982,0.7578404882273877
14,1213,10,2,20.0,without_chunking,LMM-1,10.5,10.525000000000006,0.8169734557657324
14,1213,10,2,20.0,without_chunking,LMM-2,10.5,10.525000000000006,0.8169734557657324
14,1213,10,4,40.0,without_chunking,LMM-1,10.5,10.524999999999988,0.7791955968047374
14,1213,10,4,40.0,without_chunking,LMM-2,10.5,10.524999999999988,0.7791955968047374
14,1213,10,6,60.0,without_chunking,LMM-1,10.25,10.287499999999977,0.7807693278112899
14,1213,10,6,60.0,without_chunking,LMM-2,10.25,10.287499999999977,0.7807693278112899
14,1213,10,8,80.0,without_chunking,LMM-1,10.25,10.287499999999982,0.7578404882273877
14,1213,10,8,80.0,without_chunking,LMM-2,10.25,10.287499999999982,0.7578404882273877
15,1214,4,2,20.0,without_chunking,LMM-1,10.75,10.762500000000006,0.8018583400442821
15,1214,4,2,20.0,without_chunking,LMM-2,10.75,10.762500000000006,0.8018583400442821
15,1214,4,4,40.0,without_chunking,LMM-1,10.75,10.762499999999989,0.7792745114992362
15,1214,4,4,40.0,without_chunking,LMM-2,10.75,10.762499999999989,0.7792745114992362
15,1214,4,6,60.0,without_chunking,LMM-1,10.75,10.762499999999974,0.7573092924931961
15,1214,4,6,60.0,without_chunking,LMM-2,10.75,10.762499999999974,0.7573092924931961
15,1214,4,8,80.0,without_chunking,LMM-1,10.75,10.762499999999982,0.7359461650625199
15,1214,4,8,80.0,without_chunking,LMM-2,10.75,10.762499999999982,0.7359461650625199
15,1214,6,2,20.0,without_chunking,LMM-1,10.5,10.525000000000006,0.7989325392481572
15,1214,6,2,20.0,without_chunking,LMM-2,10.5,10.525000000000006,0.7989325392481572
15,1214,6,4,40.0,without_chunking,LMM-1,9.75,9.812499999999991,0.8082435264977377
15,1214,6,4,40.0,without_chunking,LMM-2,9.5,9.57499999999999,0.8148449178122579
15,1214,6,6,60.0,without_chunking,LMM-1,9.75,9.812499999999979,0.7916534124229433
15,1214,6,6,60.0,without_chunking,LMM-2,9.166666666666666,9.258333333333313,0.8089805589336736
15,1214,6,8,80.0,without_chunking,LMM-1,9.75,9.812499999999982,0.7754865614951318
15,1214,6,8,80.0,without_chunking,LMM-2,8.75,8.862499999999985,0.8055145942990694
15,1214,8,2,20.0,without_chunking,LMM-1,9.5,9.575000000000006,0.8471334672987747
15,1214,8,2,20.0,without_chunking,LMM-2,9.5,9.575000000000006,0.8471334672987747
15,1214,8,4,40.0,without_chunking,LMM-1,9.5,9.57499999999999,0.8110063886540722
15,1214,8,4,40.0,without_chunking,LMM-2,9.5,9.57499999999999,0.8110063886540722
15,1214,8,6,60.0,without_chunking,LMM-1,9.5,9.574999999999978,0.7763155707661501
15,1214,8,6,60.0,without_chunking,LMM-2,9.5,9.574999999999978,0.7763155707661501
15,1214,8,8,80.0,without_chunking,LMM-1,9.5,9.574999999999982,0.743008497109409
15,1214,8,8,80.0,without_chunking,LMM-2,9.5,9.574999999999982,0.743008497109409
15,1214,10,2,20.0,without_chunking,LMM-1,8.5,8.625000000000004,0.863229039925113
15,1214,10,2,20.0,without_chunking,LMM-2,8.5,8.625000000000004,0.863229039925113
15,1214,10,4,40.0,without_chunking,LMM-1,8.5,8.624999999999991,0.8305964484233921
15,1214,10,4,40.0,without_chunking,LMM-2,8.5,8.624999999999991,0.8305964484233921
15,1214,10,6,60.0,without_chunking,LMM-1,8.5,8.62499999999998,0.7990983739546204
15,1214,10,6,60.0,without_chunking,LMM-2,8.5,8.62499999999998,0.7990983739546204
15,1214,10,8,80.0,without_chunking,LMM-1,8.5,8.624999999999984,0.7686991078713257
15,1214,10,8,80.0,without_chunking,LMM-2,8.5,8.624999999999984,0.7686991078713257
16,1215,4,2,20.0,without_chunking,LMM-1,13.5,13.375000000000009,0.7697842857353849
16,1215,4,2,20.0,without_chunking,LMM-2,13.5,13.375000000000009,0.7697842857353849
16,1215,4,4,40.0,without_chunking,LMM-1,13.5,13.374999999999986,0.7406880804186895
16,1215,4,4,40.0,without_chunking,LMM-2,13.5,13.374999999999986,0.7406880804186895
16,1215,4,6,60.0,without_chunking,LMM-1,13.5,13.37499999999997,0.7127184144375078
16,1215,4,6,60.0,without_chunking,LMM-2,13.5,13.37499999999997,0.7127184144375078
16,1215,4,8,80.0,without_chunking,LMM-1,13.5,13.374999999999977,0.6858305030604177
16,1215,4,8,80.0,without_chunking,LMM-2,13.5,13.374999999999977,0.6858305030604177
16,1215,6,2,20.0,without_chunking,LMM-1,11.5,11.475000000000009,0.7972398474677364
16,1215,6,2,20.0,without_chunking,LMM-2,11.5,11.475000000000009,0.7972398474677364
16,1215,6,4,40.0,without_chunking,LMM-1,11.5,11.474999999999987,0.7559795710306811
16,1215,6,4,40.0,without_chunking,LMM-2,11.5,11.474999999999987,0.7559795710306811
16,1215,6,6,60.0,without_chunking,LMM-1,11.5,11.474999999999975,0.7167439526875884
16,1215,6,6,60.0,without_chunking,LMM-2,11.5,11.474999999999975,0.7167439526875884
16,1215,6,8,80.0,without_chunking,LMM-1,11.5,11.47499999999998,0.7209974274523503
16,1215,6,8,80.0,without_chunking,LMM-2,11.5,11.47499999999998,0.7209974274523503
16,1215,8,2,20.0,without_chunking,LMM-1,10.5,10.525000000000006,0.816492447560861
16,1215,8,2,20.0,without_chunking,LMM-2,10.5,10.525000000000006,0.816492447560861
16,1215,8,4,40.0,without_chunking,LMM-1,10.5,10.524999999999988,0.7825276827334467
16,1215,8,4,40.0,without_chunking,LMM-2,10.5,10.524999999999988,0.7825276827334467
16,1215,8,6,60.0,without_chunking,LMM-1,10.5,10.524999999999977,0.7498790985301107
16,1215,8,6,60.0,without_chunking,LMM-2,10.5,10.524999999999977,0.7498790985301107
16,1215,8,8,80.0,without_chunking,LMM-1,9.75,9.812499999999982,0.768949323837055
16,1215,8,8,80.0,without_chunking,LMM-2,9.75,9.812499999999982,0.768949323837055
16,1215,10,2,20.0,without_chunking,LMM-1,8.5,8.625000000000004,0.8591297129589681
16,1215,10,2,20.0,without_chunking,LMM-2,7.0,7.200000000000003,0.894420634498943
16,1215,10,4,40.0,without_chunking,LMM-1,8.5,8.624999999999991,0.8346233242501633
16,1215,10,4,40.0,without_chunking,LMM-2,5.75,6.012499999999994,0.9040059249701812
16,1215,10,6,60.0,without_chunking,LMM-1,8.5,8.62499999999998,0.8107875063548564
16,1215,10,6,60.0,without_chunking,LMM-2,6.833333333333334,7.041666666666652,0.8795706631107836
16,1215,10,8,80.0,without_chunking,LMM-1,8.5,8.624999999999984,0.7876046907091969
16,1215,10,8,80.0,without_chunking,LMM-2,6.5625,6.784374999999988,0.878327785642791
17,1216,4,2,20.0,without_chunking,LMM-1,11.0,11.000000000000007,0.7911315928537997
17,1216,4,2,20.0,without_chunking,LMM-2,11.0,11.000000000000007,0.7911315928537997
17,1216,4,4,40.0,without_chunking,LMM-1,11.25,11.237499999999988,0.7721496954257279
17,1216,4,4,40.0,without_chunking,LMM-2,10.75,10.762499999999989,0.7840788609854654
17,1216,4,6,60.0,without_chunking,LMM-1,11.5,11.474999999999977,0.7623081844980846
17,1216,4,6,60.0,without_chunking,LMM-2,11.0,10.999999999999975,0.7783982422865923
17,1216,4,8,80.0,without_chunking,LMM-1,11.5,11.47499999999998,0.742848408096378
17,1216,4,8,80.0,without_chunking,LMM-2,11.0,10.99999999999998,0.7615087955244729
17,1216,6,2,20.0,without_chunking,LMM-1,11.0,11.000000000000007,0.8236862891909799
17,1216,6,2,20.0,without_chunking,LMM-2,11.0,11.000000000000007,0.8236521045890391
17,1216,6,4,40.0,without_chunking,LMM-1,11.0,10.99999999999999,0.7991391866392952
17,1216,6,4,40.0,without_chunking,LMM-2,10.5,10.52499999999999,0.8109136745366634
17,1216,6,6,60.0,without_chunking,LMM-1,11.0,10.999999999999975,0.7752973456992935
17,1216,6,6,60.0,without_chunking,LMM-2,10.666666666666668,10.68333333333331,0.7934134486257265
17,1216,6,8,80.0,without_chunking,LMM-1,11.0,10.99999999999998,0.752141294314493
17,1216,6,8,80.0,without_chunking,LMM-2,10.5,10.52499999999998,0.7703188614379852
17,1216,8,2,20.0,without_chunking,LMM-1,11.0,11.000000000000007,0.8222338592472114
17,1216,8,2,20.0,without_chunking,LMM-2,11.0,11.000000000000007,0.8222338592472114
17,1216,8,4,40.0,without_chunking,LMM-1,11.0,10.99999999999999,0.7818200552311223
17,1216,8,4,40.0,without_chunking,LMM-2,11.0,10.99999999999999,0.7818200552311223
17,1216,8,6,60.0,without_chunking,LMM-1,11.0,10.999999999999975,0.7432917745721184
17,1216,8,6,60.0,without_chunking,LMM-2,11.0,10.999999999999975,0.7432917745721184
17,1216,8,8,80.0,without_chunking,LMM-1,11.0,10.99999999999998,0.7065662777233614
17,1216,8,8,80.0,without_chunking,LMM-2,11.0,10.99999999999998,0.7065662777233614
17,1216,10,2,20.0,without_chunking,LMM-1,11.0,11.000000000000007,0.8222338592472114
17,1216,10,2,20.0,without_chunking,LMM-2,9.75,9.812500000000007,0.8511534629581496
17,1216,10,4,40.0,without_chunking,LMM-1,11.0,10.99999999999999,0.7818200552311223
17,1216,10,4,40.0,without_chunking,LMM-2,8.25,8.387499999999992,0.8763701367472589
17,1216,10,6,60.0,without_chunking,LMM-1,10.5,10.524999999999977,0.7860840884740183
17,1216,10,6,60.0,without_chunking,LMM-2,7.75,7.912499999999984,0.8794088188261865
17,1216,10,8,80.0,without_chunking,LMM-1,10.0,10.049999999999983,0.7978584973613699
17,1216,10,8,80.0,without_chunking,LMM-2,7.75,7.912499999999985,0.8710412404269007
18,1217,4,2,20.0,without_chunking,LMM-1,11.75,11.712500000000007,0.7869504939380649
18,1217,4,2,20.0,without_chunking,LMM-2,11.75,11.712500000000007,0.7869504939380649
18,1217,4,4,40.0,without_chunking,LMM-1,11.75,11.712499999999988,0.7637382753555291
18,1217,4,4,40.0,without_chunking,LMM-2,11.75,11.712499999999988,0.7637382753555291
18,1217,4,6,60.0,without_chunking,LMM-1,11.75,11.712499999999974,0.7411729443709321
18,1217,4,6,60.0,without_chunking,LMM-2,11.75,11.712499999999974,0.7411729443709321
18,1217,4,8,80.0,without_chunking,LMM-1,11.75,11.71249999999998,0.7192376752668161
18,1217,4,8,80.0,without_chunking,LMM-2,11.75,11.71249999999998,0.7192376752668161
18,1217,6,2,20.0,without_chunking,LMM-1,8.5,8.625000000000004,0.8535245643972371
18,1217,6,2,20.0,without_chunking,LMM-2,8.5,8.625000000000004,0.8535245643972371
18,1217,6,4,40.0,without_chunking,LMM-1,8.5,8.62499999999999,0.8352438261425967
18,1217,6,4,40.0,without_chunking,LMM-2,8.5,8.62499999999999,0.8352438261425967
18,1217,6,6,60.0,without_chunking,LMM-1,8.5,8.62499999999998,0.8173227598753756
18,1217,6,6,60.0,without_chunking,LMM-2,8.5,8.62499999999998,0.8173227598753756
18,1217,6,8,80.0,without_chunking,LMM-1,8.5,8.624999999999984,0.7997549917550466
18,1217,6,8,80.0,without_chunking,LMM-2,8.5,8.624999999999984,0.7997549917550466
18,1217,8,2,20.0,without_chunking,LMM-1,8.5,8.625000000000004,0.8641606094682945
18,1217,8,2,20.0,without_chunking,LMM-2,8.5,8.625000000000004,0.8641180471038933
18,1217,8,4,40.0,without_chunking,LMM-1,8.5,8.62499999999999,0.843539300685882
18,1217,8,4,40.0,without_chunking,LMM-2,7.875,8.031249999999991,0.8617254401101184
18,1217,8,6,60.0,without_chunking,LMM-1,8.5,8.62499999999998,0.8233615967798076
18,1217,8,6,60.0,without_chunking,LMM-2,7.833333333333334,7.991666666666649,0.8546701955431543
18,1217,8,8,80.0,without_chunking,LMM-1,8.25,8.387499999999985,0.8277036149284627
18,1217,8,8,80.0,without_chunking,LMM-2,7.75,7.912499999999985,0.8429296033869805
18,1217,10,2,20.0,without_chunking,LMM-1,9.0,9.100000000000005,0.8666948791358202
18,1217,10,2,20.0,without_chunking,LMM-2,9.0,9.100000000000005,0.8666948791358202
18,1217,10,4,40.0,without_chunking,LMM-1,9.0,9.09999999999999,0.8382357707934115
18,1217,10,4,40.0,without_chunking,LMM-2,9.0,9.09999999999999,0.8382357707934115
18,1217,10,6,60.0,without_chunking,LMM-1,9.0,9.09999999999998,0.8106449686238482
18,1217,10,6,60.0,without_chunking,LMM-2,9.0,9.09999999999998,0.8106449686238482
18,1217,10,8,80.0,without_chunking,LMM-1,9.0,9.099999999999984,0.7838980696475764
18,1217,10,8,80.0,without_chunking,LMM-2,9.0,9.099999999999984,0.7838980696475764
19,1218,4,2,20.0,without_chunking,LMM-1,13.5,13.375000000000009,0.7818449113788973
19,1218,4,2,20.0,without_chunking,LMM-2,13.5,13.375000000000009,0.7818449113788973
19,1218,4,4,40.0,without_chunking,LMM-1,13.5,13.374999999999984,0.7342760198888295
19,1218,4,4,40.0,without_chunking,LMM-2,13.5,13.374999999999984,0.7342760198888295
19,1218,4,6,60.0,without_chunking,LMM-1,13.5,13.37499999999997,0.6895066741645266
19,1218,4,6,60.0,without_chunking,LMM-2,13.5,13.37499999999997,0.6895066741645266
19,1218,4,8,80.0,without_chunking,LMM-1,13.5,13.374999999999977,0.6473785039012563
19,1218,4,8,80.0,without_chunking,LMM-2,13.5,13.374999999999977,0.6473785039012563
19,1218,6,2,20.0,without_chunking,LMM-1,13.5,13.375000000000009,0.7818449113788973
19,1218,6,2,20.0,without_chunking,LMM-2,13.5,13.375000000000009,0.7818449113788973
19,1218,6,4,40.0,without_chunking,LMM-1,13.5,13.374999999999984,0.7342760198888295
19,1218,6,4,40.0,without_chunking,LMM-2,13.5,13.374999999999984,0.7342760198888295
19,1218,6,6,60.0,without_chunking,LMM-1,13.5,13.37499999999997,0.6895066741645266
19,1218,6,6,60.0,without_chunking,LMM-2,13.5,13.37499999999997,0.6895066741645266
19,1218,6,8,80.0,without_chunking,LMM-1,13.5,13.374999999999977,0.6473785039012563
19,1218,6,8,80.0,without_chunking,LMM-2,13.5,13.374999999999977,0.6473785039012563
19,1218,8,2,20.0,without_chunking,LMM-1,13.5,13.375000000000009,0.7818449113788973
19,1218,8,2,20.0,without_chunking,LMM-2,13.5,13.375000000000009,0.7818449113788973
19,1218,8,4,40.0,without_chunking,LMM-1,13.5,13.374999999999984,0.7342760198888295
19,1218,8,4,40.0,without_chunking,LMM-2,13.5,13.374999999999984,0.7342760198888295
19,1218,8,6,60.0,without_chunking,LMM-1,13.5,13.37499999999997,0.6895066741645266
19,1218,8,6,60.0,without_chunking,LMM-2,13.5,13.37499999999997,0.6895066741645266
19,1218,8,8,80.0,without_chunking,LMM-1,13.5,13.374999999999977,0.6473785039012563
19,1218,8,8,80.0,without_chunking,LMM-2,13.5,13.374999999999977,0.6473785039012563
19,1218,10,2,20.0,without_chunking,LMM-1,13.5,13.375000000000009,0.7818449113788973
19,1218,10,2,20.0,without_chunking,LMM-2,13.5,13.375000000000009,0.7818449113788973
19,1218,10,4,40.0,without_chunking,LMM-1,13.5,13.374999999999984,0.7342760198888295
19,1218,10,4,40.0,without_chunking,LMM-2,13.5,13.374999999999984,0.7342760198888295
19,1218,10,6,60.0,without_chunking,LMM-1,13.5,13.37499999999997,0.6895066741645266
19,1218,10,6,60.0,without_chunking,LMM-2,13.5,13.37499999999997,0.6895066741645266
19,1218,10,8,80.0,without_chunking,LMM-1,11.5,11.47499999999998,0.7335615036654164
19,1218,10,8,80.0,without_chunking,LMM-2,11.5,11.47499999999998,0.7335615036654164
20,1219,4,2,20.0,without_chunking,LMM-1,11.0,11.000000000000007,0.8094208766501472
20,1219,4,2,20.0,without_chunking,LMM-2,9.5,9.575000000000006,0.844998711945131
20,1219,4,4,40.0,without_chunking,LMM-1,11.0,10.99999999999999,0.7847835873767183
20,1219,4,4,40.0,without_chunking,LMM-2,9.0,9.09999999999999,0.8368904644447066
20,1219,4,6,60.0,without_chunking,LMM-1,11.0,10.999999999999977,0.7608551049044178
20,1219,4,6,60.0,without_chunking,LMM-2,9.0,9.09999999999998,0.8191142303614871
20,1219,4,8,80.0,without_chunking,LMM-1,11.0,10.99999999999998,0.7376163534098739
20,1219,4,8,80.0,without_chunking,LMM-2,9.0,9.099999999999984,0.8017686610329622
20,1219,6,2,20.0,without_chunking,LMM-1,8.0,8.150000000000004,0.8537222867440464
20,1219,6,2,20.0,without_chunking,LMM-2,8.0,8.150000000000004,0.8537222867440464
20,1219,6,4,40.0,without_chunking,LMM-1,8.0,8.149999999999991,0.8273870453460385
20,1219,6,4,40.0,without_chunking,LMM-2,8.0,8.149999999999991,0.8273870453460385
20,1219,6,6,60.0,without_chunking,LMM-1,9.0,9.09999999999998,0.8104917142461312
20,1219,6,6,60.0,without_chunking,LMM-2,9.0,9.09999999999998,0.8104917142461312
20,1219,6,8,80.0,without_chunking,LMM-1,9.0,9.099999999999984,0.8076091222296446
20,1219,6,8,80.0,without_chunking,LMM-2,8.0,8.149999999999984,0.8389545770766744
20,1219,8,2,20.0,without_chunking,LMM-1,7.0,7.200000000000003,0.8833015181969336
20,1219,8,2,20.0,without_chunking,LMM-2,6.0,6.2500000000000036,0.9077640267828035
20,1219,8,4,40.0,without_chunking,LMM-1,7.0,7.199999999999992,0.8632029038741313
20,1219,8,4,40.0,without_chunking,LMM-2,6.25,6.487499999999994,0.9037906991419175
20,1219,8,6,60.0,without_chunking,LMM-1,7.0,7.199999999999984,0.8434984264621896
20,1219,8,6,60.0,without_chunking,LMM-2,5.833333333333334,6.091666666666653,0.9064084738512188
20,1219,8,8,80.0,without_chunking,LMM-1,8.0,8.149999999999984,0.8306167895539976
20,1219,8,8,80.0,without_chunking,LMM-2,5.5,5.774999999999989,0.9077866641455833
20,1219,10,2,20.0,without_chunking,LMM-1,7.5,7.675000000000004,0.876679006094512
20,1219,10,2,20.0,without_chunking,LMM-2,7.0,7.200000000000003,0.8976864286072821
20,1219,10,4,40.0,without_chunking,LMM-1,7.5,7.674999999999992,0.851654258549298
20,1219,10,4,40.0,without_chunking,LMM-2,5.75,6.012499999999994,0.9138499022570774
20,1219,10,6,60.0,without_chunking,LMM-1,7.0,7.199999999999984,0.8581231196941765
20,1219,10,6,60.0,without_chunking,LMM-2,6.25,6.4874999999999865,0.8965727478054588
20,1219,10,8,80.0,without_chunking,LMM-1,7.25,7.437499999999986,0.8545896347811979
20,1219,10,8,80.0,without_chunking,LMM-2,6.0,6.249999999999988,0.8980974843393057
21,1220,4,2,20.0,without_chunking,LMM-1,10.5,10.525000000000006,0.800083411428866
21,1220,4,2,20.0,without_chunking,LMM-2,10.5,10.525000000000006,0.800083411428866
21,1220,4,4,40.0,without_chunking,LMM-1,10.5,10.524999999999988,0.7761830819614998
21,1220,4,4,40.0,without_chunking,LMM-2,10.5,10.524999999999988,0.7761830819614998
21,1220,4,6,60.0,without_chunking,LMM-1,10.5,10.524999999999977,0.7529508125489255
21,1220,4,6,60.0,without_chunking,LMM-2,10.5,10.524999999999977,0.7529508125489255
21,1220,4,8,80.0,without_chunking,LMM-1,10.5,10.52499999999998,0.7549168387128741
21,1220,4,8,80.0,without_chunking,LMM-2,10.5,10.52499999999998,0.7549168387128741
21,1220,6,2,20.0,without_chunking,LMM-1,10.0,10.050000000000008,0.8158179176541989
21,1220,6,2,20.0,without_chunking,LMM-2,10.0,10.050000000000008,0.8158179176541989
21,1220,6,4,40.0,without_chunking,LMM-1,10.0,10.04999999999999,0.7921702574888606
21,1220,6,4,40.0,without_chunking,LMM-2,10.0,10.04999999999999,0.7921702574888606
21,1220,6,6,60.0,without_chunking,LMM-1,10.0,10.04999999999998,0.7691744334475665
21,1220,6,6,60.0,without_chunking,LMM-2,10.0,10.04999999999998,0.7691744334475665
21,1220,6,8,80.0,without_chunking,LMM-1,10.0,10.049999999999983,0.7471362557953662
21,1220,6,8,80.0,without_chunking,LMM-2,10.0,10.049999999999983,0.7471362557953662
21,1220,8,2,20.0,without_chunking,LMM-1,8.0,8.150000000000002,0.8547648469989063
21,1220,8,2,20.0,without_chunking,LMM-2,8.0,8.150000000000002,0.8547648469989063
21,1220,8,4,40.0,without_chunking,LMM-1,8.0,8.149999999999991,0.83049822174591
21,1220,8,4,40.0,without_chunking,LMM-2,8.0,8.149999999999991,0.83049822174591
21,1220,8,6,60.0,without_chunking,LMM-1,8.0,8.14999999999998,0.8068474282842091
21,1220,8,6,60.0,without_chunking,LMM-2,8.0,8.14999999999998,0.8068474282842091
21,1220,8,8,80.0,without_chunking,LMM-1,8.25,8.387499999999985,0.8037815701044246
21,1220,8,8,80.0,without_chunking,LMM-2,8.25,8.387499999999985,0.8037815701044246
21,1220,10,2,20.0,without_chunking,LMM-1,6.5,6.725000000000003,0.8851619634320472
21,1220,10,2,20.0,without_chunking,LMM-2,6.5,6.725000000000003,0.8851619634320472
21,1220,10,4,40.0,without_chunking,LMM-1,6.5,6.7249999999999925,0.8638521141604617
21,1220,10,4,40.0,without_chunking,LMM-2,6.5,6.7249999999999925,0.8638521141604617
21,1220,10,6,60.0,without_chunking,LMM-1,6.5,6.7249999999999845,0.8429821385192555
21,1220,10,6,60.0,without_chunking,LMM-2,6.5,6.7249999999999845,0.8429821385192555
21,1220,10,8,80.0,without_chunking,LMM-1,6.75,6.962499999999987,0.8421415031160431
21,1220,10,8,80.0,without_chunking,LMM-2,6.75,6.962499999999987,0.8421415031160431
22,1221,4,2,20.0,without_chunking,LMM-1,10.0,10.050000000000006,0.8001023926913129
22,1221,4,2,20.0,without_chunking,LMM-2,10.0,10.050000000000006,0.8001023926913129
22,1221,4,4,40.0,without_chunking,LMM-1,10.0,10.04999999999999,0.7643631656219882
22,1221,4,4,40.0,without_chunking,LMM-2,10.0,10.04999999999999,0.7643631656219882
22,1221,4,6,60.0,without_chunking,LMM-1,10.0,10.049999999999978,0.7301022977488085
22,1221,4,6,60.0,without_chunking,LMM-2,10.0,10.049999999999978,0.7301022977488085
22,1221,4,8,80.0,without_chunking,LMM-1,10.0,10.049999999999981,0.6974659504968503
22,1221,4,8,80.0,without_chunking,LMM-2,10.0,10.049999999999981,0.6974659504968503
22,1221,6,2,20.0,without_chunking,LMM-1,9.0,9.100000000000005,0.8263721765449941
22,1221,6,2,20.0,without_chunking,LMM-2,9.0,9.100000000000005,0.8263721765449941
22,1221,6,4,40.0,without_chunking,LMM-1,9.0,9.09999999999999,0.7938541271885782
22,1221,6,4,40.0,without_chunking,LMM-2,9.0,9.09999999999999,0.7938541271885782
22,1221,6,6,60.0,without_chunking,LMM-1,9.0,9.09999999999998,0.762502374290896
22,1221,6,6,60.0,without_chunking,LMM-2,9.0,9.09999999999998,0.762502374290896
22,1221,6,8,80.0,without_chunking,LMM-1,9.0,9.099999999999984,0.7326051877553765
22,1221,6,8,80.0,without_chunking,LMM-2,9.0,9.099999999999984,0.7326051877553765
22,1221,8,2,20.0,without_chunking,LMM-1,7.0,7.200000000000003,0.8783385516455232
22,1221,8,2,20.0,without_chunking,LMM-2,7.0,7.200000000000003,0.8783385516455232
22,1221,8,4,40.0,without_chunking,LMM-1,7.0,7.199999999999992,0.8539725894540842
22,1221,8,4,40.0,without_chunking,LMM-2,7.0,7.199999999999992,0.8539725894540842
22,1221,8,6,60.0,without_chunking,LMM-1,7.0,7.199999999999984,0.8301959570386042
22,1221,8,6,60.0,without_chunking,LMM-2,7.0,7.199999999999984,0.8301959570386042
22,1221,8,8,80.0,without_chunking,LMM-1,7.0,7.199999999999987,0.8069966423649306
22,1221,8,8,80.0,without_chunking,LMM-2,7.0,7.199999999999987,0.8069966423649306
22,1221,10,2,20.0,without_chunking,LMM-1,9.0,9.100000000000005,0.8723159680776602
22,1221,10,2,20.0,without_chunking,LMM-2,7.5,7.675000000000004,0.8968645216177235
22,1221,10,4,40.0,without_chunking,LMM-1,9.0,9.09999999999999,0.8512256347535802
22,1221,10,4,40.0,without_chunking,LMM-2,6.0,6.249999999999995,0.9088672112221726
22,1221,10,6,60.0,without_chunking,LMM-1,9.0,9.09999999999998,0.8306226106887669
22,1221,10,6,60.0,without_chunking,LMM-2,5.0,5.299999999999988,0.9165956167088976
22,1221,10,8,80.0,without_chunking,LMM-1,9.0,9.099999999999984,0.8104961630029464
22,1221,10,8,80.0,without_chunking,LMM-2,4.6875,5.00312499999999,0.9170941345395303
23,1222,4,2,20.0,without_chunking,LMM-1,12.5,12.425000000000008,0.7680603934601296
23,1222,4,2,20.0,without_chunking,LMM-2,12.5,12.425000000000008,0.7680603934601296
23,1222,4,4,40.0,without_chunking,LMM-1,12.5,12.424999999999986,0.736239101690511
23,1222,4,4,40.0,without_chunking,LMM-2,12.5,12.424999999999986,0.736239101690511
23,1222,4,6,60.0,without_chunking,LMM-1,12.5,12.424999999999974,0.7056657271182639
23,1222,4,6,60.0,without_chunking,LMM-2,12.5,12.424999999999974,0.7056657271182639
23,1222,4,8,80.0,without_chunking,LMM-1,12.5,12.42499999999998,0.6766609538832531
23,1222,4,8,80.0,without_chunking,LMM-2,12.5,12.42499999999998,0.6766609538832531
23,1222,6,2,20.0,without_chunking,LMM-1,11.0,11.000000000000007,0.814484968220207
23,1222,6,2,20.0,without_chunking,LMM-2,11.0,11.000000000000007,0.814484968220207
23,1222,6,4,40.0,without_chunking,LMM-1,11.0,10.99999999999999,0.7740449618856777
23,1222,6,4,40.0,without_chunking,LMM-2,11.0,10.99999999999999,0.7740449618856777
23,1222,6,6,60.0,without_chunking,LMM-1,11.0,10.999999999999977,0.7354977646262126
23,1222,6,6,60.0,without_chunking,LMM-2,11.0,10.999999999999977,0.7354977646262126
23,1222,6,8,80.0,without_chunking,LMM-1,11.0,10.99999999999998,0.698760901303811
23,1222,6,8,80.0,without_chunking,LMM-2,11.0,10.99999999999998,0.698760901303811
23,1222,8,2,20.0,without_chunking,LMM-1,11.0,11.000000000000007,0.814484968220207
23,1222,8,2,20.0,without_chunking,LMM-2,11.0,11.000000000000007,0.814484968220207
23,1222,8,4,40.0,without_chunking,LMM-1,11.0,10.99999999999999,0.7740449618856777
23,1222,8,4,40.0,without_chunking,LMM-2,11.0,10.99999999999999,0.7740449618856777
23,1222,8,6,60.0,without_chunking,LMM-1,11.25,11.237499999999976,0.7641919815497622
23,1222,8,6,60.0,without_chunking,LMM-2,11.25,11.237499999999976,0.7641919815497622
23,1222,8,8,80.0,without_chunking,LMM-1,11.0,10.99999999999998,0.7653715820339007
23,1222,8,8,80.0,without_chunking,LMM-2,11.0,10.99999999999998,0.7653715820339007
23,1222,10,2,20.0,without_chunking,LMM-1,11.0,11.000000000000007,0.814484968220207
23,1222,10,2,20.0,without_chunking,LMM-2,11.0,11.000000000000007,0.814484968220207
23,1222,10,4,40.0,without_chunking,LMM-1,11.25,11.23749999999999,0.7945086005674589
23,1222,10,4,40.0,without_chunking,LMM-2,11.25,11.23749999999999,0.7945086005674589
23,1222,10,6,60.0,without_chunking,LMM-1,11.0,10.999999999999975,0.7863823491321669
23,1222,10,6,60.0,without_chunking,LMM-2,11.0,10.999999999999975,0.7863823491321669
23,1222,10,8,80.0,without_chunking,LMM-1,11.0,10.99999999999998,0.7652586943012734
23,1222,10,8,80.0,without_chunking,LMM-2,11.0,10.99999999999998,0.7652586943012734
24,1223,4,2,20.0,without_chunking,LMM-1,12.5,12.425000000000008,0.7760148634227231
24,1223,4,2,20.0,without_chunking,LMM-2,12.5,12.425000000000008,0.7760148634227231
24,1223,4,4,40.0,without_chunking,LMM-1,12.5,12.424999999999986,0.7467685820014058
24,1223,4,4,40.0,without_chunking,LMM-2,12.5,12.424999999999986,0.7467685820014058
24,1223,4,6,60.0,without_chunking,LMM-1,12.5,12.424999999999974,0.7185789390921482
24,1223,4,6,60.0,without_chunking,LMM-2,12.5,12.424999999999974,0.7185789390921482
24,1223,4,8,80.0,without_chunking,LMM-1,12.5,12.42499999999998,0.6914095422285864
24,1223,4,8,80.0,without_chunking,LMM-2,12.5,12.42499999999998,0.6914095422285864
24,1223,6,2,20.0,without_chunking,LMM-1,12.5,12.425000000000008,0.7760148634227231
24,1223,6,2,20.0,without_chunking,LMM-2,12.5,12.425000000000008,0.7760148634227231
24,1223,6,4,40.0,without_chunking,LMM-1,12.5,12.424999999999986,0.7467685820014058
24,1223,6,4,40.0,without_chunking,LMM-2,12.5,12.424999999999986,0.7467685820014058
24,1223,6,6,60.0,without_chunking,LMM-1,12.5,12.424999999999974,0.7185789390921482
24,1223,6,6,60.0,without_chunking,LMM-2,12.5,12.424999999999974,0.7185789390921482
24,1223,6,8,80.0,without_chunking,LMM-1,13.0,12.899999999999977,0.7046485445790913
24,1223,6,8,80.0,without_chunking,LMM-2,13.0,12.899999999999977,0.7046485445790913
24,1223,8,2,20.0,without_chunking,LMM-1,10.0,10.050000000000008,0.8373144121609868
24,1223,8,2,20.0,without_chunking,LMM-2,10.0,10.050000000000008,0.8373144121609868
24,1223,8,4,40.0,without_chunking,LMM-1,10.0,10.04999999999999,0.7999991486415817
24,1223,8,4,40.0,without_chunking,LMM-2,10.0,10.04999999999999,0.7999991486415817
24,1223,8,6,60.0,without_chunking,LMM-1,11.25,11.237499999999976,0.7743546149956686
24,1223,8,6,60.0,without_chunking,LMM-2,11.25,11.237499999999976,0.7743546149956686
24,1223,8,8,80.0,without_chunking,LMM-1,11.25,11.237499999999981,0.7492315511234522
24,1223,8,8,80.0,without_chunking,LMM-2,11.25,11.237499999999981,0.7492315511234522
24,1223,10,2,20.0,without_chunking,LMM-1,10.0,10.050000000000008,0.8470134680611969
24,1223,10,2,20.0,without_chunking,LMM-2,10.0,10.050000000000008,0.8470134680611969
24,1223,10,4,40.0,without_chunking,LMM-1,10.0,10.04999999999999,0.8162998157234618
24,1223,10,4,40.0,without_chunking,LMM-2,10.0,10.04999999999999,0.8162998157234618
24,1223,10,6,60.0,without_chunking,LMM-1,10.0,10.04999999999998,0.7866378803081941
24,1223,10,6,60.0,without_chunking,LMM-2,10.0,10.04999999999998,0.7866378803081941
24,1223,10,8,80.0,without_chunking,LMM-1,10.0,10.049999999999983,0.7579938810337453
24,1223,10,8,80.0,without_chunking,LMM-2,10.0,10.049999999999983,0.7579938810337453
25,1224,4,2,20.0,without_chunking,LMM-1,10.0,10.050000000000004,0.8263664150446502
25,1224,4,2,20.0,without_chunking,LMM-2,10.0,10.050000000000004,0.8263664150446502
25,1224,4,4,40.0,without_chunking,LMM-1,10.0,10.04999999999999,0.7987510445151709
25,1224,4,4,40.0,without_chunking,LMM-2,10.0,10.04999999999999,0.7987510445151709
25,1224,4,6,60.0,without_chunking,LMM-1,10.0,10.049999999999978,0.7719844130191089
25,1224,4,6,60.0,without_chunking,LMM-2,10.0,10.049999999999978,0.7719844130191089
25,1224,4,8,80.0,without_chunking,LMM-1,10.0,10.049999999999983,0.7461357952029131
25,1224,4,8,80.0,without_chunking,LMM-2,10.0,10.049999999999983,0.7461357952029131
25,1224,6,2,20.0,without_chunking,LMM-1,8.5,8.625000000000004,0.8580148540349883
25,1224,6,2,20.0,without_chunking,LMM-2,8.5,8.625000000000004,0.8580148540349883
25,1224,6,4,40.0,without_chunking,LMM-1,8.5,8.62499999999999,0.839674097845153
25,1224,6,4,40.0,without_chunking,LMM-2,8.5,8.62499999999999,0.839674097845153
25,1224,6,6,60.0,without_chunking,LMM-1,8.5,8.62499999999998,0.8216936567493585
25,1224,6,6,60.0,without_chunking,LMM-2,8.5,8.62499999999998,0.8216936567493585
25,1224,6,8,80.0,without_chunking,LMM-1,8.5,8.624999999999984,0.8040671516204744
25,1224,6,8,80.0,without_chunking,LMM-2,8.5,8.624999999999984,0.8040671516204744
25,1224,8,2,20.0,without_chunking,LMM-1,8.0,8.150000000000002,0.879515654570755
25,1224,8,2,20.0,without_chunking,LMM-2,6.5,6.725000000000003,0.906696156067502
25,1224,8,4,40.0,without_chunking,LMM-1,8.0,8.149999999999991,0.862313052510198
25,1224,8,4,40.0,without_chunking,LMM-2,6.75,6.962499999999993,0.8926169429788027
25,1224,8,6,60.0,without_chunking,LMM-1,8.0,8.14999999999998,0.8454210815695354
25,1224,8,6,60.0,without_chunking,LMM-2,6.833333333333334,7.041666666666651,0.8821446955923007
25,1224,8,8,80.0,without_chunking,LMM-1,8.0,8.149999999999984,0.8288346471375201
25,1224,8,8,80.0,without_chunking,LMM-2,6.25,6.487499999999988,0.881750406135609
25,1224,10,2,20.0,without_chunking,LMM-1,6.5,6.725000000000003,0.9010172996319912
25,1224,10,2,20.0,without_chunking,LMM-2,6.5,6.725000000000003,0.9010172996319912
25,1224,10,4,40.0,without_chunking,LMM-1,6.5,6.7249999999999925,0.8867131791701884
25,1224,10,4,40.0,without_chunking,LMM-2,6.375,6.606249999999993,0.889811897091344
25,1224,10,6,60.0,without_chunking,LMM-1,6.5,6.7249999999999845,0.8726099647118228
25,1224,10,6,60.0,without_chunking,LMM-2,6.25,6.4874999999999865,0.8881736564599494
25,1224,10,8,80.0,without_chunking,LMM-1,7.25,7.437499999999987,0.8616279707218204
25,1224,10,8,80.0,without_chunking,LMM-2,6.0625,6.309374999999988,0.8892797363896376
26,1225,4,2,20.0,without_chunking,LMM-1,15.5,15.275000000000013,0.6809805865631224
26,1225,4,2,20.0,without_chunking,LMM-2,15.5,15.275000000000013,0.6809805865631224
26,1225,4,4,40.0,without_chunking,LMM-1,15.5,15.27499999999998,0.6370081267114814
26,1225,4,4,40.0,without_chunking,LMM-2,15.5,15.27499999999998,0.6370081267114814
26,1225,4,6,60.0,without_chunking,LMM-1,15.25,15.037499999999966,0.6393645319916321
26,1225,4,6,60.0,without_chunking,LMM-2,15.25,15.037499999999966,0.6393645319916321
26,1225,4,8,80.0,without_chunking,LMM-1,14.75,14.562499999999975,0.643026136333684
26,1225,4,8,80.0,without_chunking,LMM-2,14.75,14.562499999999975,0.643026136333684
26,1225,6,2,20.0,without_chunking,LMM-1,11.0,11.000000000000007,0.7685725487432685
26,1225,6,2,20.0,without_chunking,LMM-2,11.0,11.000000000000007,0.7685725487432685
26,1225,6,4,40.0,without_chunking,LMM-1,11.0,10.99999999999999,0.7333640731992459
26,1225,6,4,40.0,without_chunking,LMM-2,11.0,10.99999999999999,0.7333640731992459
26,1225,6,6,60.0,without_chunking,LMM-1,11.0,10.999999999999977,0.6996578089054
26,1225,6,6,60.0,without_chunking,LMM-2,11.0,10.999999999999977,0.6996578089054
26,1225,6,8,80.0,without_chunking,LMM-1,13.75,13.612499999999976,0.6731101330955787
26,1225,6,8,80.0,without_chunking,LMM-2,13.75,13.612499999999976,0.6731101330955787
26,1225,8,2,20.0,without_chunking,LMM-1,10.0,10.050000000000004,0.7984510543648764
26,1225,8,2,20.0,without_chunking,LMM-2,10.0,10.050000000000004,0.7984510543648764
26,1225,8,4,40.0,without_chunking,LMM-1,10.0,10.049999999999988,0.7712768621852304
26,1225,8,4,40.0,without_chunking,LMM-2,10.0,10.049999999999988,0.7712768621852304
26,1225,8,6,60.0,without_chunking,LMM-1,10.0,10.049999999999978,0.744961079867152
26,1225,8,6,60.0,without_chunking,LMM-2,10.0,10.049999999999978,0.744961079867152
26,1225,8,8,80.0,without_chunking,LMM-1,10.0,10.049999999999983,0.7194788297725295
26,1225,8,8,80.0,without_chunking,LMM-2,10.0,10.049999999999983,0.7194788297725295
26,1225,10,2,20.0,without_chunking,LMM-1,6.75,6.962500000000004,0.8850189961869137
26,1225,10,2,20.0,without_chunking,LMM-2,6.75,6.962500000000004,0.8850189961869137
26,1225,10,4,40.0,without_chunking,LMM-1,6.75,6.962499999999992,0.8704545859025086
26,1225,10,4,40.0,without_chunking,LMM-2,6.75,6.962499999999992,0.8704545859025086
26,1225,10,6,60.0,without_chunking,LMM-1,6.75,6.962499999999984,0.8561099967202248
26,1225,10,6,60.0,without_chunking,LMM-2,6.75,6.962499999999984,0.8561099967202248
26,1225,10,8,80.0,without_chunking,LMM-1,6.75,6.962499999999987,0.8419822316670904
26,1225,10,8,80.0,without_chunking,LMM-2,6.75,6.962499999999987,0.8419822316670904
27,1226,4,2,20.0,without_chunking,LMM-1,9.0,9.100000000000005,0.835611846620189
27,1226,4,2,20.0,without_chunking,LMM-2,9.0,9.100000000000005,0.835611846620189
27,1226,4,4,40.0,without_chunking,LMM-1,9.0,9.09999999999999,0.8138277243140035
27,1226,4,4,40.0,without_chunking,LMM-2,9.0,9.09999999999999,0.8138277243140035
27,1226,4,6,60.0,without_chunking,LMM-1,9.0,9.09999999999998,0.7925574106162603
27,1226,4,6,60.0,without_chunking,LMM-2,9.0,9.09999999999998,0.7925574106162603
27,1226,4,8,80.0,without_chunking,LMM-1,9.0,9.099999999999984,0.7718367745893315
27,1226,4,8,80.0,without_chunking,LMM-2,9.0,9.099999999999984,0.7718367745893315
27,1226,6,2,20.0,without_chunking,LMM-1,9.0,9.100000000000005,0.8379021725275597
27,1226,6,2,20.0,without_chunking,LMM-2,9.0,9.100000000000005,0.8379021725275597
27,1226,6,4,40.0,without_chunking,LMM-1,9.75,9.81249999999999,0.8117578559081918
27,1226,6,4,40.0,without_chunking,LMM-2,9.75,9.81249999999999,0.8117578559081918
27,1226,6,6,60.0,without_chunking,LMM-1,9.25,9.337499999999979,0.814397565076933
27,1226,6,6,60.0,without_chunking,LMM-2,9.5,9.574999999999978,0.8145118596589591
27,1226,6,8,80.0,without_chunking,LMM-1,9.25,9.337499999999983,0.7993398121337209
27,1226,6,8,80.0,without_chunking,LMM-2,9.4375,9.515624999999982,0.801516484936319
27,1226,8,2,20.0,without_chunking,LMM-1,9.0,9.100000000000005,0.8527121838164136
27,1226,8,2,20.0,without_chunking,LMM-2,8.0,8.150000000000006,0.8784478961359001
27,1226,8,4,40.0,without_chunking,LMM-1,9.0,9.09999999999999,0.8191078178559998
27,1226,8,4,40.0,without_chunking,LMM-2,7.25,7.437499999999992,0.8821694708838577
27,1226,8,6,60.0,without_chunking,LMM-1,9.5,9.574999999999978,0.8067813426955075
27,1226,8,6,60.0,without_chunking,LMM-2,6.75,6.962499999999986,0.8837417540299191
27,1226,8,8,80.0,without_chunking,LMM-1,8.75,8.862499999999985,0.8217392159272504
27,1226,8,8,80.0,without_chunking,LMM-2,6.5625,6.784374999999987,0.8803227837264832
27,1226,10,2,20.0,without_chunking,LMM-1,9.0,9.100000000000005,0.8527121838164136
27,1226,10,2,20.0,without_chunking,LMM-2,7.5,7.675000000000004,0.886241072626613
27,1226,10,4,40.0,without_chunking,LMM-1,9.0,9.09999999999999,0.8191078178559998
27,1226,10,4,40.0,without_chunking,LMM-2,6.5,6.7249999999999925,0.8937323571399478
27,1226,10,6,60.0,without_chunking,LMM-1,9.0,9.09999999999998,0.815524167518302
27,1226,10,6,60.0,without_chunking,LMM-2,6.166666666666666,6.408333333333319,0.8959038124646341
27,1226,10,8,80.0,without_chunking,LMM-1,8.25,8.387499999999985,0.8276412596059011
27,1226,10,8,80.0,without_chunking,LMM-2,6.625,6.843749999999987,0.8781733060608721
28,1227,4,2,20.0,without_chunking,LMM-1,15.0,14.800000000000011,0.7027550373713021
28,1227,4,2,20.0,without_chunking,LMM-2,15.0,14.800000000000011,0.7027550373713021
28,1227,4,4,40.0,without_chunking,LMM-1,15.0,14.799999999999983,0.6543544522813219
28,1227,4,4,40.0,without_chunking,LMM-2,15.0,14.799999999999983,0.6543544522813219
28,1227,4,6,60.0,without_chunking,LMM-1,14.25,14.087499999999968,0.6639241112011172
28,1227,4,6,60.0,without_chunking,LMM-2,14.25,14.087499999999968,0.6639241112011172
28,1227,4,8,80.0,without_chunking,LMM-1,14.25,14.087499999999977,0.6346348254790575
28,1227,4,8,80.0,without_chunking,LMM-2,14.25,14.087499999999977,0.6346348254790575
28,1227,6,2,20.0,without_chunking,LMM-1,9.5,9.575000000000005,0.8276486866543422
28,1227,6,2,20.0,without_chunking,LMM-2,9.5,9.575000000000005,0.8276486866543422
28,1227,6,4,40.0,without_chunking,LMM-1,9.5,9.574999999999989,0.8056298286801151
28,1227,6,4,40.0,without_chunking,LMM-2,9.5,9.574999999999989,0.8056298286801151
28,1227,6,6,60.0,without_chunking,LMM-1,9.5,9.574999999999978,0.7841580484272134
28,1227,6,6,60.0,without_chunking,LMM-2,9.5,9.574999999999978,0.7841580484272134
28,1227,6,8,80.0,without_chunking,LMM-1,9.5,9.574999999999982,0.7632207157487824
28,1227,6,8,80.0,without_chunking,LMM-2,9.5,9.574999999999982,0.7632207157487824
28,1227,8,2,20.0,without_chunking,LMM-1,9.5,9.575000000000006,0.8384697115634022
28,1227,8,2,20.0,without_chunking,LMM-2,8.25,8.387500000000003,0.8724124961885569
28,1227,8,4,40.0,without_chunking,LMM-1,9.5,9.57499999999999,0.8058519427513822
28,1227,8,4,40.0,without_chunking,LMM-2,8.5,8.62499999999999,0.8580203760991423
28,1227,8,6,60.0,without_chunking,LMM-1,9.5,9.574999999999978,0.7744093241505084
28,1227,8,6,60.0,without_chunking,LMM-2,8.166666666666668,8.308333333333316,0.8538476438741933
28,1227,8,8,80.0,without_chunking,LMM-1,9.5,9.574999999999982,0.780129672279563
28,1227,8,8,80.0,without_chunking,LMM-2,8.375,8.506249999999984,0.8422395086307446
28,1227,10,2,20.0,without_chunking,LMM-1,9.5,9.575000000000006,0.8384697115634022
28,1227,10,2,20.0,without_chunking,LMM-2,8.25,8.387500000000003,0.8724124961885569
28,1227,10,4,40.0,without_chunking,LMM-1,9.5,9.57499999999999,0.8058519427513822
28,1227,10,4,40.0,without_chunking,LMM-2,8.25,8.38749999999999,0.8686114095790152
28,1227,10,6,60.0,without_chunking,LMM-1,9.25,9.337499999999979,0.8077531540243528
28,1227,10,6,60.0,without_chunking,LMM-2,8.25,8.387499999999982,0.8550242467227889
28,1227,10,8,80.0,without_chunking,LMM-1,9.25,9.337499999999983,0.7872028718432276
28,1227,10,8,80.0,without_chunking,LMM-2,8.25,8.387499999999985,0.8416465084204307
29,1228,4,2,20.0,without_chunking,LMM-1,10.0,10.050000000000006,0.8005262931125765
29,1228,4,2,20.0,without_chunking,LMM-2,10.0,10.050000000000006,0.8005262931125765
29,1228,4,4,40.0,without_chunking,LMM-1,10.0,10.04999999999999,0.7792571837092315
29,1228,4,4,40.0,without_chunking,LMM-2,10.0,10.04999999999999,0.7792571837092315
29,1228,4,6,60.0,without_chunking,LMM-1,10.0,10.049999999999978,0.7585157133534379
29,1228,4,6,60.0,without_chunking,LMM-2,10.0,10.049999999999978,0.7585157133534379
29,1228,4,8,80.0,without_chunking,LMM-1,10.0,10.049999999999981,0.7382898509721774
29,1228,4,8,80.0,without_chunking,LMM-2,10.0,10.049999999999981,0.7382898509721774
29,1228,6,2,20.0,without_chunking,LMM-1,11.25,11.237500000000008,0.8111782406138406
29,1228,6,2,20.0,without_chunking,LMM-2,11.25,11.237500000000008,0.8111782406138406
29,1228,6,4,40.0,without_chunking,LMM-1,11.25,11.237499999999988,0.7927884198701174
29,1228,6,4,40.0,without_chunking,LMM-2,11.25,11.237499999999988,0.7927884198701174
29,1228,6,6,60.0,without_chunking,LMM-1,11.25,11.237499999999974,0.7748107367474683
29,1228,6,6,60.0,without_chunking,LMM-2,11.25,11.237499999999974,0.7748107367474683
29,1228,6,8,80.0,without_chunking,LMM-1,11.25,11.23749999999998,0.7572361581456601
29,1228,6,8,80.0,without_chunking,LMM-2,11.25,11.23749999999998,0.7572361581456601
29,1228,8,2,20.0,without_chunking,LMM-1,10.5,10.525000000000006,0.8335241995782848
29,1228,8,2,20.0,without_chunking,LMM-2,10.5,10.525000000000006,0.8335241995782848
29,1228,8,4,40.0,without_chunking,LMM-1,10.5,10.52499999999999,0.7993956281253194
29,1228,8,4,40.0,without_chunking,LMM-2,10.5,10.52499999999999,0.7993956281253194
29,1228,8,6,60.0,without_chunking,LMM-1,10.5,10.524999999999977,0.7665945136035439
29,1228,8,6,60.0,without_chunking,LMM-2,10.5,10.524999999999977,0.7665945136035439
29,1228,8,8,80.0,without_chunking,LMM-1,10.5,10.52499999999998,0.7350719996695056
29,1228,8,8,80.0,without_chunking,LMM-2,10.5,10.52499999999998,0.7350719996695056
29,1228,10,2,20.0,without_chunking,LMM-1,10.5,10.525000000000006,0.8335241995782848
29,1228,10,2,20.0,without_chunking,LMM-2,7.0,7.200000000000004,0.8974113749960237
29,1228,10,4,40.0,without_chunking,LMM-1,10.5,10.52499999999999,0.7993956281253194
29,1228,10,4,40.0,without_chunking,LMM-2,8.375,8.50624999999999,0.8654255758273952
29,1228,10,6,60.0,without_chunking,LMM-1,10.5,10.524999999999977,0.7665945136035439
29,1228,10,6,60.0,without_chunking,LMM-2,8.25,8.387499999999982,0.8592108004843555
29,1228,10,8,80.0,without_chunking,LMM-1,10.25,10.287499999999982,0.7746455049746324
29,1228,10,8,80.0,without_chunking,LMM-2,8.25,8.387499999999985,0.847477018367772
30,1229,4,2,20.0,without_chunking,LMM-1,11.0,11.000000000000007,0.7951124016186957
30,1229,4,2,20.0,without_chunking,LMM-2,11.0,11.000000000000007,0.7951124016186957
30,1229,4,4,40.0,without_chunking,LMM-1,11.0,10.99999999999999,0.7721828454886838
30,1229,4,4,40.0,without_chunking,LMM-2,11.0,10.99999999999999,0.7721828454886838
30,1229,4,6,60.0,without_chunking,LMM-1,11.0,10.999999999999977,0.7498771814777017
30,1229,4,6,60.0,without_chunking,LMM-2,11.0,10.999999999999977,0.7498771814777017
30,1229,4,8,80.0,without_chunking,LMM-1,11.0,10.99999999999998,0.728179605761941
30,1229,4,8,80.0,without_chunking,LMM-2,11.0,10.99999999999998,0.728179605761941
30,1229,6,2,20.0,without_chunking,LMM-1,10.0,10.050000000000004,0.8203008196068029
30,1229,6,2,20.0,without_chunking,LMM-2,10.0,10.050000000000004,0.8203008196068029
30,1229,6,4,40.0,without_chunking,LMM-1,10.0,10.04999999999999,0.7992324565023116
30,1229,6,4,40.0,without_chunking,LMM-2,10.0,10.04999999999999,0.7992324565023116
30,1229,6,6,60.0,without_chunking,LMM-1,10.0,10.049999999999978,0.7786763273876519
30,1229,6,6,60.0,without_chunking,LMM-2,10.0,10.049999999999978,0.7786763273876519
30,1229,6,8,80.0,without_chunking,LMM-1,10.0,10.049999999999983,0.7586207809733374
30,1229,6,8,80.0,without_chunking,LMM-2,10.0,10.049999999999983,0.7586207809733374
30,1229,8,2,20.0,without_chunking,LMM-1,8.5,8.625000000000004,0.8589128286261893
30,1229,8,2,20.0,without_chunking,LMM-2,8.5,8.625000000000004,0.8589128286261893
30,1229,8,4,40.0,without_chunking,LMM-1,8.5,8.62499999999999,0.8405525519448429
30,1229,8,4,40.0,without_chunking,LMM-2,8.5,8.62499999999999,0.8405525519448429
30,1229,8,6,60.0,without_chunking,LMM-1,8.5,8.62499999999998,0.8225533201901818
30,1229,8,6,60.0,without_chunking,LMM-2,8.5,8.62499999999998,0.8225533201901818
30,1229,8,8,80.0,without_chunking,LMM-1,8.5,8.624999999999984,0.8049087278809627
30,1229,8,8,80.0,without_chunking,LMM-2,8.5,8.624999999999984,0.8049087278809627
30,1229,10,2,20.0,without_chunking,LMM-1,9.5,9.575000000000006,0.8529648137199136
30,1229,10,2,20.0,without_chunking,LMM-2,9.5,9.575000000000006,0.8529648137199136
30,1229,10,4,40.0,without_chunking,LMM-1,9.5,9.57499999999999,0.8223360552012347
30,1229,10,4,40.0,without_chunking,LMM-2,9.5,9.57499999999999,0.8223360552012347
30,1229,10,6,60.0,without_chunking,LMM-1,9.5,9.574999999999978,0.7927423703405181
30,1229,10,6,60.0,without_chunking,LMM-2,9.5,9.574999999999978,0.7927423703405181
30,1229,10,8,80.0,without_chunking,LMM-1,9.5,9.574999999999983,0.7641663758827228
30,1229,10,8,80.0,without_chunking,LMM-2,9.5,9.574999999999983,0.7641663758827228
31,1230,4,2,20.0,without_chunking,LMM-1,12.5,12.425000000000008,0.7776512537641848
31,1230,4,2,20.0,without_chunking,LMM-2,12.5,12.425000000000008,0.7776512537641848
31,1230,4,4,40.0,without_chunking,LMM-1,12.5,12.424999999999986,0.7506936921369565
31,1230,4,4,40.0,without_chunking,LMM-2,12.5,12.424999999999986,0.7506936921369565
31,1230,4,6,60.0,without_chunking,LMM-1,12.5,12.424999999999974,0.7246353823122891
31,1230,4,6,60.0,without_chunking,LMM-2,12.5,12.424999999999974,0.7246353823122891
31,1230,4,8,80.0,without_chunking,LMM-1,12.5,12.42499999999998,0.6994476664085443
31,1230,4,8,80.0,without_chunking,LMM-2,12.5,12.42499999999998,0.6994476664085443
31,1230,6,2,20.0,without_chunking,LMM-1,11.0,11.000000000000007,0.8031845186019249
31,1230,6,2,20.0,without_chunking,LMM-2,11.0,11.000000000000007,0.8031845186019249
31,1230,6,4,40.0,without_chunking,LMM-1,11.0,10.99999999999999,0.7690740377691364
31,1230,6,4,40.0,without_chunking,LMM-2,11.0,10.99999999999999,0.7690740377691364
31,1230,6,6,60.0,without_chunking,LMM-1,11.0,10.999999999999975,0.7363332698857097
31,1230,6,6,60.0,without_chunking,LMM-2,11.0,10.999999999999975,0.7363332698857097
31,1230,6,8,80.0,without_chunking,LMM-1,11.25,11.23749999999998,0.7378027878202873
31,1230,6,8,80.0,without_chunking,LMM-2,11.25,11.23749999999998,0.7378027878202873
31,1230,8,2,20.0,without_chunking,LMM-1,9.5,9.575000000000006,0.8363256528469656
31,1230,8,2,20.0,without_chunking,LMM-2,9.5,9.575000000000006,0.8363256528469656
31,1230,8,4,40.0,without_chunking,LMM-1,9.5,9.57499999999999,0.8019839658258037
31,1230,8,4,40.0,without_chunking,LMM-2,9.5,9.57499999999999,0.8019839658258037
31,1230,8,6,60.0,without_chunking,LMM-1,9.5,9.574999999999978,0.8000276460528131
31,1230,8,6,60.0,without_chunking,LMM-2,9.5,9.574999999999978,0.8000276460528131
31,1230,8,8,80.0,without_chunking,LMM-1,9.5,9.574999999999982,0.7780210489208117
31,1230,8,8,80.0,without_chunking,LMM-2,9.5,9.574999999999982,0.7780210489208117
31,1230,10,2,20.0,without_chunking,LMM-1,7.0,7.200000000000003,0.8971953595345687
31,1230,10,2,20.0,without_chunking,LMM-2,7.0,7.200000000000003,0.8971953595345687
31,1230,10,4,40.0,without_chunking,LMM-1,7.0,7.199999999999992,0.8731522439674575
31,1230,10,4,40.0,without_chunking,LMM-2,7.0,7.199999999999992,0.8731522439674575
31,1230,10,6,60.0,without_chunking,LMM-1,7.25,7.437499999999984,0.8646291049169925
31,1230,10,6,60.0,without_chunking,LMM-2,6.333333333333334,6.566666666666652,0.8846237699855439
31,1230,10,8,80.0,without_chunking,LMM-1,7.25,7.437499999999986,0.8482534011080591
31,1230,10,8,80.0,without_chunking,LMM-2,6.5,6.724999999999987,0.8636200049264078
32,1231,4,2,20.0,without_chunking,LMM-1,15.0,14.800000000000011,0.7407964817388186
32,1231,4,2,20.0,without_chunking,LMM-2,15.0,14.800000000000011,0.7407964817388186
32,1231,4,4,40.0,without_chunking,LMM-1,15.0,14.799999999999983,0.6989735249777798
32,1231,4,4,40.0,without_chunking,LMM-2,15.0,14.799999999999983,0.6989735249777798
32,1231,4,6,60.0,without_chunking,LMM-1,15.0,14.799999999999967,0.6594253063506841
32,1231,4,6,60.0,without_chunking,LMM-2,15.0,14.799999999999967,0.6594253063506841
32,1231,4,8,80.0,without_chunking,LMM-1,15.0,14.799999999999976,0.6220335717213702
32,1231,4,8,80.0,without_chunking,LMM-2,15.0,14.799999999999976,0.6220335717213702
32,1231,6,2,20.0,without_chunking,LMM-1,15.0,14.800000000000011,0.7394778326595904
32,1231,6,2,20.0,without_chunking,LMM-2,15.0,14.800000000000011,0.7394778326595904
32,1231,6,4,40.0,without_chunking,LMM-1,15.0,14.799999999999983,0.6939734006143238
32,1231,6,4,40.0,without_chunking,LMM-2,15.0,14.799999999999983,0.6939734006143238
32,1231,6,6,60.0,without_chunking,LMM-1,12.5,12.424999999999972,0.7492366371752428
32,1231,6,6,60.0,without_chunking,LMM-2,12.5,12.424999999999972,0.7492366371752428
32,1231,6,8,80.0,without_chunking,LMM-1,12.5,12.42499999999998,0.729361187834524
32,1231,6,8,80.0,without_chunking,LMM-2,12.5,12.42499999999998,0.729361187834524
32,1231,8,2,20.0,without_chunking,LMM-1,12.5,12.425000000000008,0.7951341118942825
32,1231,8,2,20.0,without_chunking,LMM-2,12.5,12.425000000000008,0.7951341118942825
32,1231,8,4,40.0,without_chunking,LMM-1,12.5,12.424999999999986,0.77197021133977
32,1231,8,4,40.0,without_chunking,LMM-2,12.5,12.424999999999986,0.77197021133977
32,1231,8,6,60.0,without_chunking,LMM-1,12.5,12.424999999999972,0.7494758448578036
32,1231,8,6,60.0,without_chunking,LMM-2,12.416666666666668,12.345833333333307,0.7517611150058116
32,1231,8,8,80.0,without_chunking,LMM-1,12.5,12.42499999999998,0.7276316206885733
32,1231,8,8,80.0,without_chunking,LMM-2,12.3125,12.24687499999998,0.7334875397190176
32,1231,10,2,20.0,without_chunking,LMM-1,8.0,8.150000000000002,0.8490949898106341
32,1231,10,2,20.0,without_chunking,LMM-2,8.0,8.150000000000002,0.8490949898106341
32,1231,10,4,40.0,without_chunking,LMM-1,8.0,8.149999999999991,0.8206563990209302
32,1231,10,4,40.0,without_chunking,LMM-2,8.0,8.149999999999991,0.8206563990209302
32,1231,10,6,60.0,without_chunking,LMM-1,9.75,9.812499999999979,0.7923597259427948
32,1231,10,6,60.0,without_chunking,LMM-2,9.75,9.812499999999979,0.7923597259427948
32,1231,10,8,80.0,without_chunking,LMM-1,11.5,11.47499999999998,0.7543224116752474
32,1231,10,8,80.0,without_chunking,LMM-2,11.5,11.47499999999998,0.7543224116752474
33,1232,4,2,20.0,without_chunking,LMM-1,14.5,14.32500000000001,0.7347806586256709
33,1232,4,2,20.0,without_chunking,LMM-2,14.5,14.32500000000001,0.7347806586256709
33,1232,4,4,40.0,without_chunking,LMM-1,14.5,14.324999999999982,0.6879535628408842
33,1232,4,4,40.0,without_chunking,LMM-2,14.5,14.324999999999982,0.6879535628408842
33,1232,4,6,60.0,without_chunking,LMM-1,14.5,14.324999999999967,0.6440047852903168
33,1232,4,6,60.0,without_chunking,LMM-2,14.5,14.324999999999967,0.6440047852903168
33,1232,4,8,80.0,without_chunking,LMM-1,14.5,14.324999999999976,0.6028194419251796
33,1232,4,8,80.0,without_chunking,LMM-2,14.5,14.324999999999976,0.6028194419251796
33,1232,6,2,20.0,without_chunking,LMM-1,13.5,13.37500000000001,0.7580386327536627
33,1232,6,2,20.0,without_chunking,LMM-2,13.5,13.37500000000001,0.7580386327536627
33,1232,6,4,40.0,without_chunking,LMM-1,13.5,13.374999999999986,0.7143697970448062
33,1232,6,4,40.0,without_chunking,LMM-2,13.5,13.374999999999986,0.7143697970448062
33,1232,6,6,60.0,without_chunking,LMM-1,13.5,13.374999999999972,0.6731142597047356
33,1232,6,6,60.0,without_chunking,LMM-2,13.5,13.374999999999972,0.6731142597047356
33,1232,6,8,80.0,without_chunking,LMM-1,13.5,13.374999999999979,0.6341451428648841
33,1232,6,8,80.0,without_chunking,LMM-2,13.5,13.374999999999979,0.6341451428648841
33,1232,8,2,20.0,without_chunking,LMM-1,12.5,12.425000000000008,0.7757924772643334
33,1232,8,2,20.0,without_chunking,LMM-2,12.5,12.425000000000008,0.7757924772643334
33,1232,8,4,40.0,without_chunking,LMM-1,12.5,12.424999999999986,0.7350384515416506
33,1232,8,4,40.0,without_chunking,LMM-2,12.5,12.424999999999986,0.7350384515416506
33,1232,8,6,60.0,without_chunking,LMM-1,12.5,12.424999999999974,0.6963235842794608
33,1232,8,6,60.0,without_chunking,LMM-2,12.5,12.424999999999974,0.6963235842794608
33,1232,8,8,80.0,without_chunking,LMM-1,12.5,12.42499999999998,0.6595515730289376
33,1232,8,8,80.0,without_chunking,LMM-2,12.5,12.42499999999998,0.6595515730289376
33,1232,10,2,20.0,without_chunking,LMM-1,9.5,9.575000000000006,0.8312792661456779
33,1232,10,2,20.0,without_chunking,LMM-2,9.5,9.575000000000006,0.8312792661456779
33,1232,10,4,40.0,without_chunking,LMM-1,9.5,9.57499999999999,0.8002673765782093
33,1232,10,4,40.0,without_chunking,LMM-2,9.5,9.57499999999999,0.8002673765782093
33,1232,10,6,60.0,without_chunking,LMM-1,9.5,9.574999999999978,0.7703236647472835
33,1232,10,6,60.0,without_chunking,LMM-2,9.5,9.574999999999978,0.7703236647472835
33,1232,10,8,80.0,without_chunking,LMM-1,9.75,9.812499999999982,0.7691417927127109
33,1232,10,8,80.0,without_chunking,LMM-2,9.75,9.812499999999982,0.7691417927127109
34,1233,4,2,20.0,without_chunking,LMM-1,12.25,12.187500000000007,0.7818349515144699
34,1233,4,2,20.0,without_chunking,LMM-2,12.25,12.187500000000007,0.7818349515144699
34,1233,4,4,40.0,without_chunking,LMM-1,12.25,12.187499999999986,0.7551892351810259
34,1233,4,4,40.0,without_chunking,LMM-2,12.25,12.187499999999986,0.7551892351810259
34,1233,4,6,60.0,without_chunking,LMM-1,12.25,12.187499999999975,0.7294227039812149
34,1233,4,6,60.0,without_chunking,LMM-2,12.25,12.187499999999975,0.7294227039812149
34,1233,4,8,80.0,without_chunking,LMM-1,12.25,12.187499999999979,0.7045073031733651
34,1233,4,8,80.0,without_chunking,LMM-2,12.25,12.187499999999979,0.7045073031733651
34,1233,6,2,20.0,without_chunking,LMM-1,10.0,10.050000000000008,0.8186588778818992
34,1233,6,2,20.0,without_chunking,LMM-2,10.0,10.050000000000008,0.8186588778818992
34,1233,6,4,40.0,without_chunking,LMM-1,10.0,10.04999999999999,0.7818496543735599
34,1233,6,4,40.0,without_chunking,LMM-2,10.0,10.04999999999999,0.7818496543735599
34,1233,6,6,60.0,without_chunking,LMM-1,10.5,10.524999999999977,0.7690313528624653
34,1233,6,6,60.0,without_chunking,LMM-2,9.333333333333332,9.416666666666647,0.7964346240796103
34,1233,6,8,80.0,without_chunking,LMM-1,10.5,10.52499999999998,0.7448525942196177
34,1233,6,8,80.0,without_chunking,LMM-2,9.0,9.099999999999984,0.7809379626075477
34,1233,8,2,20.0,without_chunking,LMM-1,10.0,10.050000000000006,0.8437021542757333
34,1233,8,2,20.0,without_chunking,LMM-2,9.5,9.575000000000006,0.8507378912753487
34,1233,8,4,40.0,without_chunking,LMM-1,10.0,10.04999999999999,0.8214932410329011
34,1233,8,4,40.0,without_chunking,LMM-2,9.125,9.21874999999999,0.83631467295165
34,1233,8,6,60.0,without_chunking,LMM-1,10.0,10.049999999999978,0.799914932640013
34,1233,8,6,60.0,without_chunking,LMM-2,8.75,8.86249999999998,0.8229385111324947
34,1233,8,8,80.0,without_chunking,LMM-1,10.0,10.049999999999983,0.778948750420357
34,1233,8,8,80.0,without_chunking,LMM-2,8.75,8.862499999999985,0.8036236690298787
34,1233,10,2,20.0,without_chunking,LMM-1,10.5,10.525000000000006,0.8406839432034978
34,1233,10,2,20.0,without_chunking,LMM-2,9.5,9.575000000000006,0.8560829377985437
34,1233,10,4,40.0,without_chunking,LMM-1,10.5,10.52499999999999,0.8173733219133696
34,1233,10,4,40.0,without_chunking,LMM-2,8.625,8.743749999999991,0.8579427082894868
34,1233,10,6,60.0,without_chunking,LMM-1,10.5,10.524999999999977,0.7946769795263031
34,1233,10,6,60.0,without_chunking,LMM-2,7.166666666666667,7.358333333333319,0.8747917326155403
34,1233,10,8,80.0,without_chunking,LMM-1,10.5,10.52499999999998,0.772579651517433
34,1233,10,8,80.0,without_chunking,LMM-2,5.6875,5.953124999999991,0.8957952094645383
35,1234,4,2,20.0,without_chunking,LMM-1,13.5,13.37500000000001,0.7578264667426299
35,1234,4,2,20.0,without_chunking,LMM-2,13.5,13.37500000000001,0.7578264667426299
35,1234,4,4,40.0,without_chunking,LMM-1,13.5,13.374999999999986,0.7086954801361276
35,1234,4,4,40.0,without_chunking,LMM-2,13.5,13.374999999999986,0.7086954801361276
35,1234,4,6,60.0,without_chunking,LMM-1,13.5,13.374999999999972,0.6626317360067968
35,1234,4,6,60.0,without_chunking,LMM-2,13.5,13.374999999999972,0.6626317360067968
35,1234,4,8,80.0,without_chunking,LMM-1,13.5,13.374999999999979,0.619571831926611
35,1234,4,8,80.0,without_chunking,LMM-2,13.5,13.374999999999979,0.619571831926611
35,1234,6,2,20.0,without_chunking,LMM-1,12.25,12.187500000000007,0.8000572722579922
35,1234,6,2,20.0,without_chunking,LMM-2,12.25,12.187500000000007,0.8000572722579922
35,1234,6,4,40.0,without_chunking,LMM-1,12.25,12.187499999999986,0.7754513508724353
35,1234,6,4,40.0,without_chunking,LMM-2,12.25,12.187499999999986,0.7754513508724353
35,1234,6,6,60.0,without_chunking,LMM-1,12.25,12.187499999999975,0.7515914543867801
35,1234,6,6,60.0,without_chunking,LMM-2,12.25,12.187499999999975,0.7515914543867801
35,1234,6,8,80.0,without_chunking,LMM-1,12.25,12.18749999999998,0.728455109704113
35,1234,6,8,80.0,without_chunking,LMM-2,12.25,12.18749999999998,0.728455109704113
35,1234,8,2,20.0,without_chunking,LMM-1,10.5,10.525000000000006,0.8208121677457476
35,1234,8,2,20.0,without_chunking,LMM-2,9.0,9.100000000000005,0.8673443235471611
35,1234,8,4,40.0,without_chunking,LMM-1,10.5,10.52499999999999,0.7811495876754488
35,1234,8,4,40.0,without_chunking,LMM-2,9.25,9.337499999999991,0.8478514284462433
35,1234,8,6,60.0,without_chunking,LMM-1,10.5,10.524999999999977,0.7829489519416561
35,1234,8,6,60.0,without_chunking,LMM-2,9.25,9.337499999999979,0.8315797766516915
35,1234,8,8,80.0,without_chunking,LMM-1,10.25,10.287499999999982,0.7814473677683446
35,1234,8,8,80.0,without_chunking,LMM-2,9.25,9.337499999999983,0.814405404146545
35,1234,10,2,20.0,without_chunking,LMM-1,8.5,8.625000000000004,0.8571224486429275
35,1234,10,2,20.0,without_chunking,LMM-2,8.5,8.625000000000004,0.8571224486429275
35,1234,10,4,40.0,without_chunking,LMM-1,9.0,9.09999999999999,0.8421038109295997
35,1234,10,4,40.0,without_chunking,LMM-2,9.0,9.09999999999999,0.8421038109295997
35,1234,10,6,60.0,without_chunking,LMM-1,9.25,9.337499999999979,0.8291293304838829
35,1234,10,6,60.0,without_chunking,LMM-2,9.166666666666668,9.258333333333312,0.8403691460563325
35,1234,10,8,80.0,without_chunking,LMM-1,9.25,9.337499999999983,0.8115082504617546
35,1234,10,8,80.0,without_chunking,LMM-2,9.25,9.337499999999983,0.8115082504617546
36,1235,4,2,20.0,without_chunking,LMM-1,10.5,10.525000000000006,0.7976193372914044
36,1235,4,2,20.0,without_chunking,LMM-2,10.5,10.525000000000006,0.7976193372914044
36,1235,4,4,40.0,without_chunking,LMM-1,10.5,10.524999999999988,0.7757290508106248
36,1235,4,4,40.0,without_chunking,LMM-2,10.5,10.524999999999988,0.7757290508106248
36,1235,4,6,60.0,without_chunking,LMM-1,10.5,10.524999999999977,0.7544044011884166
36,1235,4,6,60.0,without_chunking,LMM-2,10.5,10.524999999999977,0.7544044011884166
36,1235,4,8,80.0,without_chunking,LMM-1,10.5,10.52499999999998,0.7336318137142998
36,1235,4,8,80.0,without_chunking,LMM-2,10.5,10.52499999999998,0.7336318137142998
36,1235,6,2,20.0,without_chunking,LMM-1,10.25,10.287500000000005,0.8274617916261915
36,1235,6,2,20.0,without_chunking,LMM-2,9.5,9.575000000000006,0.8430640438699779
36,1235,6,4,40.0,without_chunking,LMM-1,10.25,10.28749999999999,0.8003431820245961
36,1235,6,4,40.0,without_chunking,LMM-2,9.5,9.574999999999992,0.8176037102996752
36,1235,6,6,60.0,without_chunking,LMM-1,10.25,10.287499999999978,0.7741400982569677
36,1235,6,6,60.0,without_chunking,LMM-2,9.5,9.57499999999998,0.7929994122691721
36,1235,6,8,80.0,without_chunking,LMM-1,10.25,10.287499999999982,0.7488222172213408
36,1235,6,8,80.0,without_chunking,LMM-2,9.5,9.574999999999983,0.7692228319287624
36,1235,8,2,20.0,without_chunking,LMM-1,10.0,10.050000000000008,0.8390824305080821
36,1235,8,2,20.0,without_chunking,LMM-2,8.5,8.625000000000007,0.863044384018888
36,1235,8,4,40.0,without_chunking,LMM-1,10.0,10.04999999999999,0.8105790183234567
36,1235,8,4,40.0,without_chunking,LMM-2,9.25,9.337499999999991,0.8321009323455683
36,1235,8,6,60.0,without_chunking,LMM-1,10.0,10.04999999999998,0.7829933992616811
36,1235,8,6,60.0,without_chunking,LMM-2,9.25,9.33749999999998,0.8122129246472052
36,1235,8,8,80.0,without_chunking,LMM-1,8.75,8.862499999999983,0.807748227217028
36,1235,8,8,80.0,without_chunking,LMM-2,7.625,7.793749999999987,0.8552851728837068
36,1235,10,2,20.0,without_chunking,LMM-1,6.0,6.2500000000000036,0.8988128080970275
36,1235,10,2,20.0,without_chunking,LMM-2,6.0,6.2500000000000036,0.8988128080970275
36,1235,10,4,40.0,without_chunking,LMM-1,6.0,6.249999999999994,0.8787488594652295
36,1235,10,4,40.0,without_chunking,LMM-2,6.0,6.249999999999994,0.8787488594652295
36,1235,10,6,60.0,without_chunking,LMM-1,6.0,6.249999999999986,0.8590612329519509
36,1235,10,6,60.0,without_chunking,LMM-2,6.0,6.249999999999986,0.8590612329519509
36,1235,10,8,80.0,without_chunking,LMM-1,6.5,6.724999999999986,0.8567367714186537
36,1235,10,8,80.0,without_chunking,LMM-2,5.5625,5.834374999999989,0.8740947381575148
37,1236,4,2,20.0,without_chunking,LMM-1,9.5,9.575000000000006,0.8180733517927626
37,1236,4,2,20.0,without_chunking,LMM-2,9.5,9.575000000000006,0.8180733517927626
37,1236,4,4,40.0,without_chunking,LMM-1,9.5,9.57499999999999,0.7869860660940098
37,1236,4,4,40.0,without_chunking,LMM-2,9.5,9.57499999999999,0.7869860660940098
37,1236,4,6,60.0,without_chunking,LMM-1,9.5,9.57499999999998,0.7569799593458522
37,1236,4,6,60.0,without_chunking,LMM-2,9.5,9.57499999999998,0.7569799593458522
37,1236,4,8,80.0,without_chunking,LMM-1,10.25,10.287499999999982,0.7659532577480335
37,1236,4,8,80.0,without_chunking,LMM-2,10.25,10.287499999999982,0.7659532577480335
37,1236,6,2,20.0,without_chunking,LMM-1,9.5,9.575000000000006,0.8273900513414112
37,1236,6,2,20.0,without_chunking,LMM-2,9.5,9.575000000000006,0.8273900513414112
37,1236,6,4,40.0,without_chunking,LMM-1,9.5,9.57499999999999,0.8029114549088674
37,1236,6,4,40.0,without_chunking,LMM-2,9.5,9.57499999999999,0.8029114549088674
37,1236,6,6,60.0,without_chunking,LMM-1,9.5,9.57499999999998,0.7790980045857525
37,1236,6,6,60.0,without_chunking,LMM-2,9.5,9.57499999999998,0.7790980045857525
37,1236,6,8,80.0,without_chunking,LMM-1,9.5,9.574999999999983,0.7964929292225915
37,1236,6,8,80.0,without_chunking,LMM-2,9.5,9.574999999999983,0.7964929292225915
37,1236,8,2,20.0,without_chunking,LMM-1,8.0,8.150000000000002,0.8568698141155957
37,1236,8,2,20.0,without_chunking,LMM-2,5.0,5.3000000000000025,0.9274815926959156
37,1236,8,4,40.0,without_chunking,LMM-1,8.0,8.149999999999991,0.8448423121842172
37,1236,8,4,40.0,without_chunking,LMM-2,5.25,5.537499999999995,0.9170684903702955
37,1236,8,6,60.0,without_chunking,LMM-1,8.5,8.624999999999982,0.8354391661574923
37,1236,8,6,60.0,without_chunking,LMM-2,6.25,6.487499999999986,0.8959461302202085
37,1236,8,8,80.0,without_chunking,LMM-1,8.5,8.624999999999984,0.8234632643621553
37,1236,8,8,80.0,without_chunking,LMM-2,5.875,6.131249999999989,0.897691331741123
37,1236,10,2,20.0,without_chunking,LMM-1,7.25,7.437500000000004,0.894620390442124
37,1236,10,2,20.0,without_chunking,LMM-2,6.75,6.962500000000004,0.9052202590698929
37,1236,10,4,40.0,without_chunking,LMM-1,7.25,7.437499999999991,0.8822722482008313
37,1236,10,4,40.0,without_chunking,LMM-2,6.625,6.843749999999992,0.8973898337160087
37,1236,10,6,60.0,without_chunking,LMM-1,7.25,7.437499999999983,0.8700893366944098
37,1236,10,6,60.0,without_chunking,LMM-2,6.416666666666666,6.645833333333318,0.8916270376487736
37,1236,10,8,80.0,without_chunking,LMM-1,7.25,7.437499999999987,0.8580694894822471
37,1236,10,8,80.0,without_chunking,LMM-2,6.3125,6.546874999999989,0.8841407421843668
38,1237,4,2,20.0,without_chunking,LMM-1,10.5,10.525000000000006,0.7922369381562442
38,1237,4,2,20.0,without_chunking,LMM-2,10.5,10.525000000000006,0.7922369381562442
38,1237,4,4,40.0,without_chunking,LMM-1,10.5,10.52499999999999,0.752454889755586
38,1237,4,4,40.0,without_chunking,LMM-2,10.5,10.52499999999999,0.752454889755586
38,1237,4,6,60.0,without_chunking,LMM-1,10.75,10.762499999999976,0.7479872099332794
38,1237,4,6,60.0,without_chunking,LMM-2,10.75,10.762499999999976,0.7479872099332794
38,1237,4,8,80.0,without_chunking,LMM-1,11.0,10.99999999999998,0.747533889220684
38,1237,4,8,80.0,without_chunking,LMM-2,11.0,10.99999999999998,0.747533889220684
38,1237,6,2,20.0,without_chunking,LMM-1,9.5,9.575000000000006,0.8372272402573973
38,1237,6,2,20.0,without_chunking,LMM-2,9.5,9.575000000000006,0.8372272402573973
38,1237,6,4,40.0,without_chunking,LMM-1,9.5,9.57499999999999,0.8011739766324568
38,1237,6,4,40.0,without_chunking,LMM-2,9.5,9.57499999999999,0.8011739766324568
38,1237,6,6,60.0,without_chunking,LMM-1,10.0,10.049999999999978,0.7933833954099023
38,1237,6,6,60.0,without_chunking,LMM-2,9.25,9.33749999999998,0.8123993765989113
38,1237,6,8,80.0,without_chunking,LMM-1,10.0,10.049999999999983,0.7888515045642746
38,1237,6,8,80.0,without_chunking,LMM-2,10.0,10.049999999999983,0.798960246247787
38,1237,8,2,20.0,without_chunking,LMM-1,9.5,9.575000000000006,0.8543694899891909
38,1237,8,2,20.0,without_chunking,LMM-2,8.0,8.150000000000006,0.8783297750102332
38,1237,8,4,40.0,without_chunking,LMM-1,9.5,9.57499999999999,0.8343149129230999
38,1237,8,4,40.0,without_chunking,LMM-2,8.0,8.149999999999991,0.8634593734940746
38,1237,8,6,60.0,without_chunking,LMM-1,9.5,9.57499999999998,0.8146990893647557
38,1237,8,6,60.0,without_chunking,LMM-2,7.666666666666666,7.833333333333316,0.8559537433607729
38,1237,8,8,80.0,without_chunking,LMM-1,9.5,9.574999999999982,0.7955132162496812
38,1237,8,8,80.0,without_chunking,LMM-2,7.5,7.674999999999986,0.8527429132657036
38,1237,10,2,20.0,without_chunking,LMM-1,6.5,6.725000000000003,0.8980807838392773
38,1237,10,2,20.0,without_chunking,LMM-2,3.25,3.5000000000000018,0.9599590914716327
38,1237,10,4,40.0,without_chunking,LMM-1,6.5,6.724999999999993,0.8731509073641002
38,1237,10,4,40.0,without_chunking,LMM-2,3.0,3.262499999999997,0.9572416086919864
38,1237,10,6,60.0,without_chunking,LMM-1,6.5,6.724999999999985,0.8488316865539095
38,1237,10,6,60.0,without_chunking,LMM-2,3.9166666666666665,4.133333333333324,0.9432734222201498
38,1237,10,8,80.0,without_chunking,LMM-1,6.5,6.724999999999987,0.825110210266673
38,1237,10,8,80.0,without_chunking,LMM-2,4.0,4.2124999999999915,0.9433279396888883
39,1238,4,2,20.0,without_chunking,LMM-1,11.0,11.000000000000007,0.7970158463363644
39,1238,4,2,20.0,without_chunking,LMM-2,11.0,11.000000000000007,0.7970158463363644
39,1238,4,4,40.0,without_chunking,LMM-1,11.0,10.99999999999999,0.774246637174742
39,1238,4,4,40.0,without_chunking,LMM-2,11.0,10.99999999999999,0.774246637174742
39,1238,4,6,60.0,without_chunking,LMM-1,11.0,10.999999999999977,0.7520912388035444
39,1238,4,6,60.0,without_chunking,LMM-2,11.0,10.999999999999977,0.7520912388035444
39,1238,4,8,80.0,without_chunking,LMM-1,11.5,11.47499999999998,0.7429861433827702
39,1238,4,8,80.0,without_chunking,LMM-2,11.5,11.47499999999998,0.7429861433827702
39,1238,6,2,20.0,without_chunking,LMM-1,10.5,10.525000000000006,0.8024358076147063
39,1238,6,2,20.0,without_chunking,LMM-2,10.5,10.525000000000006,0.8024358076147063
39,1238,6,4,40.0,without_chunking,LMM-1,10.5,10.52499999999999,0.7682334358928086
39,1238,6,4,40.0,without_chunking,LMM-2,10.5,10.52499999999999,0.7682334358928086
39,1238,6,6,60.0,without_chunking,LMM-1,10.5,10.524999999999977,0.7353936433977311
39,1238,6,6,60.0,without_chunking,LMM-2,10.5,10.524999999999977,0.7353936433977311
39,1238,6,8,80.0,without_chunking,LMM-1,10.75,10.762499999999982,0.7675722665320543
39,1238,6,8,80.0,without_chunking,LMM-2,10.75,10.762499999999982,0.7675722665320543
39,1238,8,2,20.0,without_chunking,LMM-1,9.0,9.100000000000005,0.8476662444266874
39,1238,8,2,20.0,without_chunking,LMM-2,6.5,6.725000000000003,0.9018400263302104
39,1238,8,4,40.0,without_chunking,LMM-1,9.0,9.09999999999999,0.826573623919996
39,1238,8,4,40.0,without_chunking,LMM-2,6.125,6.368749999999993,0.8989102308850286
39,1238,8,6,60.0,without_chunking,LMM-1,9.0,9.09999999999998,0.8059663086462109
39,1238,8,6,60.0,without_chunking,LMM-2,6.083333333333334,6.3291666666666515,0.8948761748954919
39,1238,8,8,80.0,without_chunking,LMM-1,9.0,9.099999999999984,0.785834097853928
39,1238,8,8,80.0,without_chunking,LMM-2,5.75,6.012499999999989,0.8876588544975805
39,1238,10,2,20.0,without_chunking,LMM-1,7.0,7.200000000000003,0.884857312290795
39,1238,10,2,20.0,without_chunking,LMM-2,6.25,6.487500000000003,0.9068323967070528
39,1238,10,4,40.0,without_chunking,LMM-1,7.0,7.199999999999992,0.8589388679673848
39,1238,10,4,40.0,without_chunking,LMM-2,6.625,6.843749999999995,0.8985608749451773
39,1238,10,6,60.0,without_chunking,LMM-1,7.0,7.199999999999984,0.8336872525065766
39,1238,10,6,60.0,without_chunking,LMM-2,6.0,6.249999999999986,0.9002778410564036
39,1238,10,8,80.0,without_chunking,LMM-1,7.25,7.437499999999987,0.836685926763941
39,1238,10,8,80.0,without_chunking,LMM-2,6.0,6.249999999999988,0.8931218948696913
40,1239,4,2,20.0,without_chunking,LMM-1,15.0,14.800000000000011,0.7213266803064007
40,1239,4,2,20.0,without_chunking,LMM-2,15.0,14.800000000000011,0.7213266803064007
40,1239,4,4,40.0,without_chunking,LMM-1,15.0,14.799999999999981,0.6740748648290538
40,1239,4,4,40.0,without_chunking,LMM-2,15.0,14.799999999999981,0.6740748648290538
40,1239,4,6,60.0,without_chunking,LMM-1,15.0,14.799999999999967,0.6298152551630167
40,1239,4,6,60.0,without_chunking,LMM-2,15.0,14.799999999999967,0.6298152551630167
40,1239,4,8,80.0,without_chunking,LMM-1,15.0,14.799999999999976,0.5883662101750107
40,1239,4,8,80.0,without_chunking,LMM-2,15.0,14.799999999999976,0.5883662101750107
40,1239,6,2,20.0,without_chunking,LMM-1,13.0,12.90000000000001,0.7538531233294096
40,1239,6,2,20.0,without_chunking,LMM-2,13.0,12.90000000000001,0.7538531233294096
40,1239,6,4,40.0,without_chunking,LMM-1,13.0,12.899999999999986,0.7083470797032125
40,1239,6,4,40.0,without_chunking,LMM-2,13.0,12.899999999999986,0.7083470797032125
40,1239,6,6,60.0,without_chunking,LMM-1,13.0,12.899999999999972,0.665469394554326
40,1239,6,6,60.0,without_chunking,LMM-2,13.0,12.899999999999972,0.665469394554326
40,1239,6,8,80.0,without_chunking,LMM-1,13.0,12.899999999999977,0.6250763011682086
40,1239,6,8,80.0,without_chunking,LMM-2,13.0,12.899999999999977,0.6250763011682086
40,1239,8,2,20.0,without_chunking,LMM-1,13.0,12.90000000000001,0.7604174399392443
40,1239,8,2,20.0,without_chunking,LMM-2,13.0,12.90000000000001,0.7604174399392443
40,1239,8,4,40.0,without_chunking,LMM-1,13.0,12.899999999999986,0.7146980974502581
40,1239,8,4,40.0,without_chunking,LMM-2,13.0,12.899999999999986,0.7146980974502581
40,1239,8,6,60.0,without_chunking,LMM-1,13.0,12.899999999999972,0.6716091513479144
40,1239,8,6,60.0,without_chunking,LMM-2,13.0,12.899999999999972,0.6716091513479144
40,1239,8,8,80.0,without_chunking,LMM-1,13.0,12.899999999999977,0.6310072707872785
40,1239,8,8,80.0,without_chunking,LMM-2,13.0,12.899999999999977,0.6310072707872785
40,1239,10,2,20.0,without_chunking,LMM-1,11.0,11.000000000000007,0.7939335179050826
40,1239,10,2,20.0,without_chunking,LMM-2,11.0,11.000000000000007,0.7939335179050826
40,1239,10,4,40.0,without_chunking,LMM-1,11.0,10.99999999999999,0.7540516184568485
40,1239,10,4,40.0,without_chunking,LMM-2,11.0,10.99999999999999,0.7540516184568485
40,1239,10,6,60.0,without_chunking,LMM-1,11.0,10.999999999999977,0.7160546967209905
40,1239,10,6,60.0,without_chunking,LMM-2,11.0,10.999999999999977,0.7160546967209905
40,1239,10,8,80.0,without_chunking,LMM-1,11.0,10.99999999999998,0.6798600677200322
40,1239,10,8,80.0,without_chunking,LMM-2,11.0,10.99999999999998,0.6798600677200322
41,1240,4,2,20.0,without_chunking,LMM-1,13.25,13.13750000000001,0.7657108519230125
41,1240,4,2,20.0,without_chunking,LMM-2,13.25,13.13750000000001,0.7657108519230125
41,1240,4,4,40.0,without_chunking,LMM-1,13.25,13.137499999999985,0.7364252044369894
41,1240,4,4,40.0,without_chunking,LMM-2,13.25,13.137499999999985,0.7364252044369894
41,1240,4,6,60.0,without_chunking,LMM-1,13.25,13.13749999999997,0.7082542633734479
41,1240,4,6,60.0,without_chunking,LMM-2,13.25,13.13749999999997,0.7082542633734479
41,1240,4,8,80.0,without_chunking,LMM-1,13.25,13.137499999999978,0.6811569836639577
41,1240,4,8,80.0,without_chunking,LMM-2,13.25,13.137499999999978,0.6811569836639577
41,1240,6,2,20.0,without_chunking,LMM-1,10.5,10.525000000000006,0.8100078378449702
41,1240,6,2,20.0,without_chunking,LMM-2,10.5,10.525000000000006,0.8100078378449702
41,1240,6,4,40.0,without_chunking,LMM-1,10.5,10.52499999999999,0.7790923811017805
41,1240,6,4,40.0,without_chunking,LMM-2,10.5,10.52499999999999,0.7790923811017805
41,1240,6,6,60.0,without_chunking,LMM-1,10.5,10.524999999999977,0.7492741845691728
41,1240,6,6,60.0,without_chunking,LMM-2,10.5,10.524999999999977,0.7492741845691728
41,1240,6,8,80.0,without_chunking,LMM-1,10.75,10.762499999999982,0.7476822159076513
41,1240,6,8,80.0,without_chunking,LMM-2,10.75,10.762499999999982,0.7476822159076513
41,1240,8,2,20.0,without_chunking,LMM-1,9.75,9.812500000000007,0.8409931954834702
41,1240,8,2,20.0,without_chunking,LMM-2,9.75,9.812500000000007,0.8409931954834702
41,1240,8,4,40.0,without_chunking,LMM-1,9.75,9.81249999999999,0.8105196181744205
41,1240,8,4,40.0,without_chunking,LMM-2,9.75,9.81249999999999,0.8105196181744205
41,1240,8,6,60.0,without_chunking,LMM-1,9.75,9.812499999999979,0.7810500847470614
41,1240,8,6,60.0,without_chunking,LMM-2,9.75,9.812499999999979,0.7810500847470614
41,1240,8,8,80.0,without_chunking,LMM-1,10.0,10.049999999999983,0.7827564861208016
41,1240,8,8,80.0,without_chunking,LMM-2,9.125,9.218749999999986,0.8046570752138834
41,1240,10,2,20.0,without_chunking,LMM-1,7.0,7.200000000000004,0.8862290392041098
41,1240,10,2,20.0,without_chunking,LMM-2,7.0,7.200000000000004,0.8862290392041098
41,1240,10,4,40.0,without_chunking,LMM-1,7.0,7.199999999999992,0.8580809634331695
41,1240,10,4,40.0,without_chunking,LMM-2,7.0,7.199999999999992,0.8580809634331695
41,1240,10,6,60.0,without_chunking,LMM-1,7.0,7.199999999999984,0.830728840338651
41,1240,10,6,60.0,without_chunking,LMM-2,7.0,7.199999999999984,0.830728840338651
41,1240,10,8,80.0,without_chunking,LMM-1,8.0,8.149999999999984,0.8437072567700948
41,1240,10,8,80.0,without_chunking,LMM-2,7.75,7.9124999999999845,0.8338168545735409
42,1241,4,2,20.0,without_chunking,LMM-1,12.5,12.42500000000001,0.7768359336006914
42,1241,4,2,20.0,without_chunking,LMM-2,12.5,12.42500000000001,0.7768359336006914
42,1241,4,4,40.0,without_chunking,LMM-1,12.5,12.424999999999986,0.7533463280026726
42,1241,4,4,40.0,without_chunking,LMM-2,12.5,12.424999999999986,0.7533463280026726
42,1241,4,6,60.0,without_chunking,LMM-1,12.5,12.424999999999972,0.7306410012445144
42,1241,4,6,60.0,without_chunking,LMM-2,12.5,12.424999999999972,0.7306410012445144
42,1241,4,8,80.0,without_chunking,LMM-1,12.5,12.42499999999998,0.7086921474777882
42,1241,4,8,80.0,without_chunking,LMM-2,12.5,12.42499999999998,0.7086921474777882
42,1241,6,2,20.0,without_chunking,LMM-1,10.5,10.525000000000006,0.8207055878541438
42,1241,6,2,20.0,without_chunking,LMM-2,9.0,9.100000000000005,0.8550308580171855
42,1241,6,4,40.0,without_chunking,LMM-1,10.5,10.52499999999999,0.7952037667284402
42,1241,6,4,40.0,without_chunking,LMM-2,9.0,9.09999999999999,0.8351636082991293
42,1241,6,6,60.0,without_chunking,LMM-1,10.5,10.524999999999977,0.7704533523998973
42,1241,6,6,60.0,without_chunking,LMM-2,9.0,9.09999999999998,0.8157980354336258
42,1241,6,8,80.0,without_chunking,LMM-1,10.5,10.52499999999998,0.7464335015159957
42,1241,6,8,80.0,without_chunking,LMM-2,9.75,9.812499999999982,0.7906960470368617
42,1241,8,2,20.0,without_chunking,LMM-1,8.0,8.150000000000004,0.866184224225165
42,1241,8,2,20.0,without_chunking,LMM-2,6.0,6.2500000000000036,0.9077539124922984
42,1241,8,4,40.0,without_chunking,LMM-1,8.0,8.149999999999991,0.8381159144137068
42,1241,8,4,40.0,without_chunking,LMM-2,8.25,8.38749999999999,0.863097619097434
42,1241,8,6,60.0,without_chunking,LMM-1,8.0,8.149999999999983,0.8108622185986054
42,1241,8,6,60.0,without_chunking,LMM-2,8.25,8.387499999999982,0.8484202592663747
42,1241,8,8,80.0,without_chunking,LMM-1,8.0,8.149999999999984,0.784402500092902
42,1241,8,8,80.0,without_chunking,LMM-2,8.25,8.387499999999985,0.8340236399540903
42,1241,10,2,20.0,without_chunking,LMM-1,8.0,8.150000000000004,0.866184224225165
42,1241,10,2,20.0,without_chunking,LMM-2,6.0,6.2500000000000036,0.9077539124922984
42,1241,10,4,40.0,without_chunking,LMM-1,8.0,8.149999999999991,0.8381159144137068
42,1241,10,4,40.0,without_chunking,LMM-2,8.25,8.38749999999999,0.863097619097434
42,1241,10,6,60.0,without_chunking,LMM-1,8.0,8.149999999999983,0.8108622185986054
42,1241,10,6,60.0,without_chunking,LMM-2,8.25,8.387499999999982,0.8484202592663747
42,1241,10,8,80.0,without_chunking,LMM-1,8.0,8.149999999999984,0.784402500092902
42,1241,10,8,80.0,without_chunking,LMM-2,8.25,8.387499999999985,0.8340236399540903
43,1242,4,2,20.0,without_chunking,LMM-1,11.5,11.475000000000009,0.7839847848486163
43,1242,4,2,20.0,without_chunking,LMM-2,11.5,11.475000000000009,0.7839847848486163
43,1242,4,4,40.0,without_chunking,LMM-1,11.5,11.474999999999989,0.7463103278146053
43,1242,4,4,40.0,without_chunking,LMM-2,11.5,11.474999999999989,0.7463103278146053
43,1242,4,6,60.0,without_chunking,LMM-1,11.75,11.712499999999974,0.7569566718805776
43,1242,4,6,60.0,without_chunking,LMM-2,11.75,11.712499999999974,0.7569566718805776
43,1242,4,8,80.0,without_chunking,LMM-1,11.75,11.71249999999998,0.7376788334819864
43,1242,4,8,80.0,without_chunking,LMM-2,11.75,11.71249999999998,0.7376788334819864
43,1242,6,2,20.0,without_chunking,LMM-1,11.5,11.475000000000009,0.7829972832057572
43,1242,6,2,20.0,without_chunking,LMM-2,11.5,11.475000000000009,0.7829972832057572
43,1242,6,4,40.0,without_chunking,LMM-1,11.5,11.474999999999989,0.7451251696256653
43,1242,6,4,40.0,without_chunking,LMM-2,11.5,11.474999999999989,0.7451251696256653
43,1242,6,6,60.0,without_chunking,LMM-1,12.0,11.949999999999974,0.7545316277470324
43,1242,6,6,60.0,without_chunking,LMM-2,12.0,11.949999999999974,0.7545316277470324
43,1242,6,8,80.0,without_chunking,LMM-1,12.0,11.94999999999998,0.7356300258086286
43,1242,6,8,80.0,without_chunking,LMM-2,12.0,11.94999999999998,0.7356300258086286
43,1242,8,2,20.0,without_chunking,LMM-1,9.0,9.100000000000005,0.8332410635431886
43,1242,8,2,20.0,without_chunking,LMM-2,9.0,9.100000000000005,0.8331827860816197
43,1242,8,4,40.0,without_chunking,LMM-1,9.0,9.09999999999999,0.7996003089386032
43,1242,8,4,40.0,without_chunking,LMM-2,8.875,8.98124999999999,0.824893606449061
43,1242,8,6,60.0,without_chunking,LMM-1,9.75,9.812499999999979,0.8043808718540792
43,1242,8,6,60.0,without_chunking,LMM-2,9.75,9.812499999999979,0.8043808718540792
43,1242,8,8,80.0,without_chunking,LMM-1,9.75,9.812499999999982,0.7891093457934711
43,1242,8,8,80.0,without_chunking,LMM-2,9.75,9.812499999999982,0.7891093457934711
43,1242,10,2,20.0,without_chunking,LMM-1,7.0,7.200000000000004,0.8827042899866703
43,1242,10,2,20.0,without_chunking,LMM-2,5.5,5.775000000000003,0.9189550548362087
43,1242,10,4,40.0,without_chunking,LMM-1,6.5,6.724999999999993,0.8800800428282451
43,1242,10,4,40.0,without_chunking,LMM-2,5.5,5.774999999999995,0.9150836755479869
43,1242,10,6,60.0,without_chunking,LMM-1,6.75,6.962499999999984,0.8749159088019043
43,1242,10,6,60.0,without_chunking,LMM-2,5.5,5.774999999999988,0.9064247579361687
43,1242,10,8,80.0,without_chunking,LMM-1,6.75,6.962499999999986,0.863633636801602
43,1242,10,8,80.0,without_chunking,LMM-2,5.5,5.774999999999988,0.9001105478882699
44,1243,4,2,20.0,without_chunking,LMM-1,10.5,10.525000000000006,0.805435830696787
44,1243,4,2,20.0,without_chunking,LMM-2,10.5,10.525000000000006,0.805435830696787
44,1243,4,4,40.0,without_chunking,LMM-1,10.5,10.524999999999988,0.7833625693284159
44,1243,4,4,40.0,without_chunking,LMM-2,10.5,10.524999999999988,0.7833625693284159
44,1243,4,6,60.0,without_chunking,LMM-1,10.5,10.524999999999977,0.7618582013983959
44,1243,4,6,60.0,without_chunking,LMM-2,10.5,10.524999999999977,0.7618582013983959
44,1243,4,8,80.0,without_chunking,LMM-1,10.5,10.52499999999998,0.7409091259620953
44,1243,4,8,80.0,without_chunking,LMM-2,10.5,10.52499999999998,0.7409091259620953
44,1243,6,2,20.0,without_chunking,LMM-1,8.5,8.625000000000004,0.848351346283233
44,1243,6,2,20.0,without_chunking,LMM-2,8.5,8.625000000000004,0.848351346283233
44,1243,6,4,40.0,without_chunking,LMM-1,8.5,8.62499999999999,0.8229622898510717
44,1243,6,4,40.0,without_chunking,LMM-2,8.5,8.62499999999999,0.8229622898510717
44,1243,6,6,60.0,without_chunking,LMM-1,8.5,8.62499999999998,0.8190136910460377
44,1243,6,6,60.0,without_chunking,LMM-2,8.083333333333334,8.229166666666648,0.8295927733014231
44,1243,6,8,80.0,without_chunking,LMM-1,8.5,8.624999999999984,0.8021880699875533
44,1243,6,8,80.0,without_chunking,LMM-2,7.875,8.031249999999986,0.818489628210554
44,1243,8,2,20.0,without_chunking,LMM-1,9.0,9.100000000000005,0.8401870713146413
44,1243,8,2,20.0,without_chunking,LMM-2,9.0,9.100000000000005,0.8401870713146413
44,1243,8,4,40.0,without_chunking,LMM-1,9.0,9.09999999999999,0.8277565725872884
44,1243,8,4,40.0,without_chunking,LMM-2,9.25,9.33749999999999,0.8266761449540772
44,1243,8,6,60.0,without_chunking,LMM-1,8.5,8.624999999999982,0.8360376163162915
44,1243,8,6,60.0,without_chunking,LMM-2,8.0,8.149999999999983,0.8493923575079002
44,1243,8,8,80.0,without_chunking,LMM-1,8.5,8.624999999999984,0.8248000947305348
44,1243,8,8,80.0,without_chunking,LMM-2,8.0,8.149999999999984,0.83999840313227
44,1243,10,2,20.0,without_chunking,LMM-1,11.75,11.712500000000007,0.8098659288866039
44,1243,10,2,20.0,without_chunking,LMM-2,11.25,11.237500000000006,0.8213102869011502
44,1243,10,4,40.0,without_chunking,LMM-1,11.75,11.712499999999988,0.7805795852534445
44,1243,10,4,40.0,without_chunking,LMM-2,10.625,10.64374999999999,0.8194960024977418
44,1243,10,6,60.0,without_chunking,LMM-1,11.75,11.712499999999975,0.7522900495940095
44,1243,10,6,60.0,without_chunking,LMM-2,10.416666666666668,10.445833333333312,0.8078624113372779
44,1243,10,8,80.0,without_chunking,LMM-1,11.25,11.23749999999998,0.7605528598115375
44,1243,10,8,80.0,without_chunking,LMM-2,10.0,10.049999999999983,0.7999561604970435
45,1244,4,2,20.0,without_chunking,LMM-1,11.5,11.475000000000009,0.7863816289106588
45,1244,4,2,20.0,without_chunking,LMM-2,11.5,11.475000000000009,0.7863816289106588
45,1244,4,4,40.0,without_chunking,LMM-1,11.5,11.474999999999987,0.7519106814171372
45,1244,4,4,40.0,without_chunking,LMM-2,11.5,11.474999999999987,0.7519106814171372
45,1244,4,6,60.0,without_chunking,LMM-1,11.5,11.474999999999975,0.7188592993509346
45,1244,4,6,60.0,without_chunking,LMM-2,11.5,11.474999999999975,0.7188592993509346
45,1244,4,8,80.0,without_chunking,LMM-1,11.5,11.47499999999998,0.6876206852981237
45,1244,4,8,80.0,without_chunking,LMM-2,11.5,11.47499999999998,0.6876206852981237
45,1244,6,2,20.0,without_chunking,LMM-1,10.75,10.762500000000006,0.8155063138974963
45,1244,6,2,20.0,without_chunking,LMM-2,10.75,10.762500000000006,0.8155063138974963
45,1244,6,4,40.0,without_chunking,LMM-1,10.75,10.762499999999989,0.7959788993364976
45,1244,6,4,40.0,without_chunking,LMM-2,10.75,10.762499999999989,0.7959788993364976
45,1244,6,6,60.0,without_chunking,LMM-1,10.75,10.762499999999978,0.7768906105097317
45,1244,6,6,60.0,without_chunking,LMM-2,10.75,10.762499999999978,0.7768906105097317
45,1244,6,8,80.0,without_chunking,LMM-1,10.75,10.762499999999982,0.7582323008908407
45,1244,6,8,80.0,without_chunking,LMM-2,10.75,10.762499999999982,0.7582323008908407
45,1244,8,2,20.0,without_chunking,LMM-1,10.0,10.050000000000004,0.8391113416526724
45,1244,8,2,20.0,without_chunking,LMM-2,10.0,10.050000000000004,0.8391113416526724
45,1244,8,4,40.0,without_chunking,LMM-1,10.0,10.04999999999999,0.8082753683341137
45,1244,8,4,40.0,without_chunking,LMM-2,10.0,10.04999999999999,0.8082753683341137
45,1244,8,6,60.0,without_chunking,LMM-1,10.0,10.049999999999978,0.7784925716554103
45,1244,8,6,60.0,without_chunking,LMM-2,10.0,10.049999999999978,0.7784925716554103
45,1244,8,8,80.0,without_chunking,LMM-1,10.0,10.049999999999983,0.7497299534059503
45,1244,8,8,80.0,without_chunking,LMM-2,10.0,10.049999999999983,0.7497299534059503
45,1244,10,2,20.0,without_chunking,LMM-1,10.0,10.050000000000004,0.8387315044886912
45,1244,10,2,20.0,without_chunking,LMM-2,9.0,9.100000000000005,0.8600716935397422
45,1244,10,4,40.0,without_chunking,LMM-1,10.0,10.04999999999999,0.8019402472331092
45,1244,10,4,40.0,without_chunking,LMM-2,9.0,9.09999999999999,0.8486574799033286
45,1244,10,6,60.0,without_chunking,LMM-1,9.75,9.812499999999979,0.8002657526160311
45,1244,10,6,60.0,without_chunking,LMM-2,8.5,8.624999999999982,0.8463187036524089
45,1244,10,8,80.0,without_chunking,LMM-1,9.75,9.812499999999982,0.7777467854510904
45,1244,10,8,80.0,without_chunking,LMM-2,9.25,9.33749999999998,0.8194080691885376
46,1245,4,2,20.0,without_chunking,LMM-1,13.0,12.90000000000001,0.729351205999457
46,1245,4,2,20.0,without_chunking,LMM-2,13.0,12.90000000000001,0.729351205999457
46,1245,4,4,40.0,without_chunking,LMM-1,13.0,12.899999999999986,0.6855737523022571
46,1245,4,4,40.0,without_chunking,LMM-2,13.0,12.899999999999986,0.6855737523022571
46,1245,4,6,60.0,without_chunking,LMM-1,13.0,12.899999999999972,0.6442980250976597
46,1245,4,6,60.0,without_chunking,LMM-2,13.0,12.899999999999972,0.6442980250976597
46,1245,4,8,80.0,without_chunking,LMM-1,13.0,12.899999999999977,0.6057862061536408
46,1245,4,8,80.0,without_chunking,LMM-2,13.0,12.899999999999977,0.6057862061536408
46,1245,6,2,20.0,without_chunking,LMM-1,8.0,8.150000000000004,0.8560440343691522
46,1245,6,2,20.0,without_chunking,LMM-2,8.0,8.150000000000004,0.8560440343691522
46,1245,6,4,40.0,without_chunking,LMM-1,8.0,8.149999999999991,0.8292981070550516
46,1245,6,4,40.0,without_chunking,LMM-2,8.0,8.149999999999991,0.8292981070550516
46,1245,6,6,60.0,without_chunking,LMM-1,8.0,8.149999999999983,0.8032952811695265
46,1245,6,6,60.0,without_chunking,LMM-2,8.0,8.149999999999983,0.8032952811695265
46,1245,6,8,80.0,without_chunking,LMM-1,8.0,8.149999999999984,0.7780913826733096
46,1245,6,8,80.0,without_chunking,LMM-2,8.0,8.149999999999984,0.7780913826733096
46,1245,8,2,20.0,without_chunking,LMM-1,8.5,8.625000000000004,0.8627404603889868
46,1245,8,2,20.0,without_chunking,LMM-2,8.5,8.625000000000004,0.8627404603889868
46,1245,8,4,40.0,without_chunking,LMM-1,8.5,8.624999999999991,0.8424199175608795
46,1245,8,4,40.0,without_chunking,LMM-2,8.5,8.624999999999991,0.8424199175608795
46,1245,8,6,60.0,without_chunking,LMM-1,8.5,8.62499999999998,0.822546714186148
46,1245,8,6,60.0,without_chunking,LMM-2,8.5,8.62499999999998,0.822546714186148
46,1245,8,8,80.0,without_chunking,LMM-1,8.5,8.624999999999984,0.8031117141720836
46,1245,8,8,80.0,without_chunking,LMM-2,8.5,8.624999999999984,0.8031117141720836
46,1245,10,2,20.0,without_chunking,LMM-1,6.0,6.2500000000000036,0.9065024363553782
46,1245,10,2,20.0,without_chunking,LMM-2,5.25,5.537500000000002,0.9256198134816106
46,1245,10,4,40.0,without_chunking,LMM-1,6.0,6.249999999999994,0.8880978233984536
46,1245,10,4,40.0,without_chunking,LMM-2,5.25,5.537499999999993,0.9213271511696921
46,1245,10,6,60.0,without_chunking,LMM-1,6.0,6.249999999999986,0.8700043445582726
46,1245,10,6,60.0,without_chunking,LMM-2,5.75,6.012499999999987,0.9090093413742941
46,1245,10,8,80.0,without_chunking,LMM-1,6.0,6.249999999999988,0.8522177996666372
46,1245,10,8,80.0,without_chunking,LMM-2,5.875,6.131249999999988,0.899170635610874
47,1246,4,2,20.0,without_chunking,LMM-1,11.0,11.000000000000007,0.7903078158620708
47,1246,4,2,20.0,without_chunking,LMM-2,11.0,11.000000000000007,0.7903078158620708
47,1246,4,4,40.0,without_chunking,LMM-1,11.0,10.99999999999999,0.7563401239805241
47,1246,4,4,40.0,without_chunking,LMM-2,11.0,10.99999999999999,0.7563401239805241
47,1246,4,6,60.0,without_chunking,LMM-1,11.5,11.474999999999977,0.7423636019145878
47,1246,4,6,60.0,without_chunking,LMM-2,11.5,11.474999999999977,0.7423636019145878
47,1246,4,8,80.0,without_chunking,LMM-1,11.5,11.47499999999998,0.7192392231752902
47,1246,4,8,80.0,without_chunking,LMM-2,11.5,11.47499999999998,0.7192392231752902
47,1246,6,2,20.0,without_chunking,LMM-1,10.0,10.050000000000006,0.8161107243023609
47,1246,6,2,20.0,without_chunking,LMM-2,10.0,10.050000000000006,0.8161107243023609
47,1246,6,4,40.0,without_chunking,LMM-1,10.0,10.04999999999999,0.7845344444362921
47,1246,6,4,40.0,without_chunking,LMM-2,10.0,10.04999999999999,0.7845344444362921
47,1246,6,6,60.0,without_chunking,LMM-1,10.0,10.049999999999978,0.78074740770367
47,1246,6,6,60.0,without_chunking,LMM-2,10.0,10.049999999999978,0.78074740770367
47,1246,6,8,80.0,without_chunking,LMM-1,10.5,10.52499999999998,0.7686928562635434
47,1246,6,8,80.0,without_chunking,LMM-2,10.5,10.52499999999998,0.7686928562635434
47,1246,8,2,20.0,without_chunking,LMM-1,9.0,9.100000000000005,0.8444395381585565
47,1246,8,2,20.0,without_chunking,LMM-2,9.0,9.100000000000005,0.8444395381585565
47,1246,8,4,40.0,without_chunking,LMM-1,9.0,9.09999999999999,0.818204234193163
47,1246,8,4,40.0,without_chunking,LMM-2,9.0,9.09999999999999,0.818204234193163
47,1246,8,6,60.0,without_chunking,LMM-1,9.0,9.09999999999998,0.7927096500797955
47,1246,8,6,60.0,without_chunking,LMM-2,9.0,9.09999999999998,0.7927096500797955
47,1246,8,8,80.0,without_chunking,LMM-1,9.5,9.574999999999982,0.7848658409314804
47,1246,8,8,80.0,without_chunking,LMM-2,8.5,8.624999999999984,0.8076061814146998
47,1246,10,2,20.0,without_chunking,LMM-1,9.0,9.100000000000005,0.8730949072496769
47,1246,10,2,20.0,without_chunking,LMM-2,8.5,8.625000000000004,0.8840280889625192
47,1246,10,4,40.0,without_chunking,LMM-1,9.0,9.09999999999999,0.8542704310889244
47,1246,10,4,40.0,without_chunking,LMM-2,6.75,6.962499999999992,0.8919644333499037
47,1246,10,6,60.0,without_chunking,LMM-1,9.0,9.09999999999998,0.8358379040205962
47,1246,10,6,60.0,without_chunking,LMM-2,6.75,6.962499999999985,0.8911791903120119
47,1246,10,8,80.0,without_chunking,LMM-1,9.0,9.099999999999984,0.8177894932301788
47,1246,10,8,80.0,without_chunking,LMM-2,6.875,7.0812499999999865,0.8728920399553417
48,1247,4,2,20.0,without_chunking,LMM-1,9.75,9.812500000000005,0.8230509335139894
48,1247,4,2,20.0,without_chunking,LMM-2,9.75,9.812500000000005,0.8230509335139894
48,1247,4,4,40.0,without_chunking,LMM-1,9.75,9.81249999999999,0.8059387190409282
48,1247,4,4,40.0,without_chunking,LMM-2,9.75,9.81249999999999,0.8059387190409282
48,1247,4,6,60.0,without_chunking,LMM-1,9.75,9.812499999999979,0.7891499768233232
48,1247,4,6,60.0,without_chunking,LMM-2,9.75,9.812499999999979,0.7891499768233232
48,1247,4,8,80.0,without_chunking,LMM-1,9.75,9.812499999999982,0.7726792326699792
48,1247,4,8,80.0,without_chunking,LMM-2,9.75,9.812499999999982,0.7726792326699792
48,1247,6,2,20.0,without_chunking,LMM-1,9.0,9.100000000000005,0.8432183200337062
48,1247,6,2,20.0,without_chunking,LMM-2,9.0,9.100000000000005,0.8432183200337062
48,1247,6,4,40.0,without_chunking,LMM-1,9.0,9.09999999999999,0.8261906235268057
48,1247,6,4,40.0,without_chunking,LMM-2,9.0,9.09999999999999,0.8261906235268057
48,1247,6,6,60.0,without_chunking,LMM-1,9.0,9.09999999999998,0.8094849363010994
48,1247,6,6,60.0,without_chunking,LMM-2,9.0,9.09999999999998,0.8094849363010994
48,1247,6,8,80.0,without_chunking,LMM-1,9.25,9.337499999999983,0.8059831836536577
48,1247,6,8,80.0,without_chunking,LMM-2,9.25,9.337499999999983,0.8059831836536577
48,1247,8,2,20.0,without_chunking,LMM-1,8.25,8.387500000000003,0.8662806815076196
48,1247,8,2,20.0,without_chunking,LMM-2,8.25,8.387500000000003,0.8662806815076196
48,1247,8,4,40.0,without_chunking,LMM-1,8.25,8.387499999999992,0.8529341635493799
48,1247,8,4,40.0,without_chunking,LMM-2,8.25,8.387499999999992,0.8529341635493799
48,1247,8,6,60.0,without_chunking,LMM-1,8.25,8.387499999999982,0.8397926478204523
48,1247,8,6,60.0,without_chunking,LMM-2,8.25,8.387499999999982,0.8397926478204523
48,1247,8,8,80.0,without_chunking,LMM-1,8.25,8.387499999999985,0.8268531442757621
48,1247,8,8,80.0,without_chunking,LMM-2,8.25,8.387499999999985,0.8268531442757621
48,1247,10,2,20.0,without_chunking,LMM-1,8.0,8.150000000000004,0.8733792815393923
48,1247,10,2,20.0,without_chunking,LMM-2,8.0,8.150000000000004,0.8733792815393923
48,1247,10,4,40.0,without_chunking,LMM-1,8.0,8.149999999999991,0.856082332910932
48,1247,10,4,40.0,without_chunking,LMM-2,8.0,8.149999999999991,0.856082332910932
48,1247,10,6,60.0,without_chunking,LMM-1,8.0,8.149999999999983,0.8390966577295128
48,1247,10,6,60.0,without_chunking,LMM-2,8.0,8.149999999999983,0.8390966577295128
48,1247,10,8,80.0,without_chunking,LMM-1,8.0,8.149999999999984,0.8224172868066022
48,1247,10,8,80.0,without_chunking,LMM-2,8.0,8.149999999999984,0.8224172868066022
49,1248,4,2,20.0,without_chunking,LMM-1,10.75,10.762500000000006,0.8062306586433214
49,1248,4,2,20.0,without_chunking,LMM-2,10.75,10.762500000000006,0.8062306586433214
49,1248,4,4,40.0,without_chunking,LMM-1,10.75,10.762499999999989,0.7807376842531186
49,1248,4,4,40.0,without_chunking,LMM-2,10.75,10.762499999999989,0.7807376842531186
49,1248,4,6,60.0,without_chunking,LMM-1,10.75,10.762499999999976,0.7560929508580732
49,1248,4,6,60.0,without_chunking,LMM-2,10.75,10.762499999999976,0.7560929508580732
49,1248,4,8,80.0,without_chunking,LMM-1,10.75,10.762499999999982,0.7322689868292416
49,1248,4,8,80.0,without_chunking,LMM-2,10.75,10.762499999999982,0.7322689868292416
49,1248,6,2,20.0,without_chunking,LMM-1,10.5,10.525000000000006,0.8107707603820701
49,1248,6,2,20.0,without_chunking,LMM-2,10.5,10.525000000000006,0.8107707603820701
49,1248,6,4,40.0,without_chunking,LMM-1,10.5,10.52499999999999,0.7732104253801635
49,1248,6,4,40.0,without_chunking,LMM-2,10.5,10.52499999999999,0.7732104253801635
49,1248,6,6,60.0,without_chunking,LMM-1,9.75,9.812499999999979,0.7817733781231571
49,1248,6,6,60.0,without_chunking,LMM-2,9.75,9.812499999999979,0.7817733781231571
49,1248,6,8,80.0,without_chunking,LMM-1,9.75,9.812499999999982,0.7598957418072214
49,1248,6,8,80.0,without_chunking,LMM-2,9.75,9.812499999999982,0.7598957418072214
49,1248,8,2,20.0,without_chunking,LMM-1,9.5,9.575000000000006,0.8375372453231552
49,1248,8,2,20.0,without_chunking,LMM-2,9.5,9.575000000000006,0.8375372453231552
49,1248,8,4,40.0,without_chunking,LMM-1,8.75,8.862499999999992,0.8337897000740738
49,1248,8,4,40.0,without_chunking,LMM-2,8.75,8.862499999999992,0.8337897000740738
49,1248,8,6,60.0,without_chunking,LMM-1,8.75,8.862499999999981,0.8133748560510863
49,1248,8,6,60.0,without_chunking,LMM-2,8.75,8.862499999999981,0.8133748560510863
49,1248,8,8,80.0,without_chunking,LMM-1,8.75,8.862499999999983,0.7934695112773726
49,1248,8,8,80.0,without_chunking,LMM-2,8.75,8.862499999999983,0.7934695112773726
49,1248,10,2,20.0,without_chunking,LMM-1,7.5,7.675000000000003,0.8795418477430608
49,1248,10,2,20.0,without_chunking,LMM-2,7.5,7.675000000000003,0.8795418477430608
49,1248,10,4,40.0,without_chunking,LMM-1,7.5,7.674999999999992,0.8631992278294947
49,1248,10,4,40.0,without_chunking,LMM-2,7.5,7.674999999999992,0.8631992278294947
49,1248,10,6,60.0,without_chunking,LMM-1,7.5,7.674999999999983,0.8471307934025514
49,1248,10,6,60.0,without_chunking,LMM-2,7.5,7.674999999999983,0.8471307934025514
49,1248,10,8,80.0,without_chunking,LMM-1,7.5,7.674999999999986,0.8313324936556291
49,1248,10,8,80.0,without_chunking,LMM-2,7.5,7.674999999999986,0.8313324936556291
50,1249,4,2,20.0,without_chunking,LMM-1,9.5,9.575000000000006,0.8144206281111047
50,1249,4,2,20.0,without_chunking,LMM-2,9.5,9.575000000000006,0.8144206281111047
50,1249,4,4,40.0,without_chunking,LMM-1,9.5,9.57499999999999,0.7832056893232806
50,1249,4,4,40.0,without_chunking,LMM-2,9.5,9.57499999999999,0.7832056893232806
50,1249,4,6,60.0,without_chunking,LMM-1,9.5,9.57499999999998,0.753083537998758
50,1249,4,6,60.0,without_chunking,LMM-2,9.5,9.57499999999998,0.753083537998758
50,1249,4,8,80.0,without_chunking,LMM-1,9.5,9.574999999999982,0.7250700921516209
50,1249,4,8,80.0,without_chunking,LMM-2,9.5,9.574999999999982,0.7250700921516209
50,1249,6,2,20.0,without_chunking,LMM-1,12.0,11.950000000000008,0.8084879894888272
50,1249,6,2,20.0,without_chunking,LMM-2,12.0,11.950000000000008,0.8084879894888272
50,1249,6,4,40.0,without_chunking,LMM-1,12.0,11.949999999999985,0.770404697481205
50,1249,6,4,40.0,without_chunking,LMM-2,12.0,11.949999999999985,0.770404697481205
50,1249,6,6,60.0,without_chunking,LMM-1,12.0,11.949999999999974,0.7340538323296829
50,1249,6,6,60.0,without_chunking,LMM-2,12.0,11.949999999999974,0.7340538323296829
50,1249,6,8,80.0,without_chunking,LMM-1,12.0,11.94999999999998,0.6993594419716584
50,1249,6,8,80.0,without_chunking,LMM-2,12.0,11.94999999999998,0.6993594419716584
50,1249,8,2,20.0,without_chunking,LMM-1,12.0,11.950000000000008,0.8084879894888272
50,1249,8,2,20.0,without_chunking,LMM-2,12.0,11.950000000000008,0.8084879894888272
50,1249,8,4,40.0,without_chunking,LMM-1,12.0,11.949999999999985,0.770404697481205
50,1249,8,4,40.0,without_chunking,LMM-2,12.0,11.949999999999985,0.770404697481205
50,1249,8,6,60.0,without_chunking,LMM-1,12.0,11.949999999999974,0.7638157714225049
50,1249,8,6,60.0,without_chunking,LMM-2,11.0,10.999999999999975,0.7850115663420436
50,1249,8,8,80.0,without_chunking,LMM-1,12.0,11.94999999999998,0.7393141180857433
50,1249,8,8,80.0,without_chunking,LMM-2,10.9375,10.940624999999983,0.7632305726446078
50,1249,10,2,20.0,without_chunking,LMM-1,9.0,9.100000000000005,0.8630637874724418
50,1249,10,2,20.0,without_chunking,LMM-2,9.0,9.100000000000005,0.8630637874724418
50,1249,10,4,40.0,without_chunking,LMM-1,9.0,9.09999999999999,0.8356093927300965
50,1249,10,4,40.0,without_chunking,LMM-2,9.0,9.09999999999999,0.8356093927300965
50,1249,10,6,60.0,without_chunking,LMM-1,9.0,9.09999999999998,0.8089907671079202
50,1249,10,6,60.0,without_chunking,LMM-2,9.0,9.09999999999998,0.8089907671079202
50,1249,10,8,80.0,without_chunking,LMM-1,9.0,9.099999999999984,0.7831833719850051
50,1249,10,8,80.0,without_chunking,LMM-2,9.0,9.099999999999984,0.7831833719850051
51,1250,4,2,20.0,without_chunking,LMM-1,12.5,12.42500000000001,0.7567696298465414
51,1250,4,2,20.0,without_chunking,LMM-2,12.5,12.42500000000001,0.7567696298465414
51,1250,4,4,40.0,without_chunking,LMM-1,12.5,12.424999999999986,0.7126842003134651
51,1250,4,4,40.0,without_chunking,LMM-2,12.5,12.424999999999986,0.7126842003134651
51,1250,4,6,60.0,without_chunking,LMM-1,12.5,12.424999999999972,0.6710574084736365
51,1250,4,6,60.0,without_chunking,LMM-2,12.5,12.424999999999972,0.6710574084736365
51,1250,4,8,80.0,without_chunking,LMM-1,12.5,19.09062499999999,0.3694428054997883
51,1250,4,8,80.0,without_chunking,LMM-2,12.5,15.340624999999989,0.3694428054997883
51,1250,6,2,20.0,without_chunking,LMM-1,10.5,10.525000000000006,0.8242300178239707
51,1250,6,2,20.0,without_chunking,LMM-2,10.5,10.525000000000006,0.8242300178239707
51,1250,6,4,40.0,without_chunking,LMM-1,10.5,10.52499999999999,0.7888599110199628
51,1250,6,4,40.0,without_chunking,LMM-2,10.5,10.52499999999999,0.7888599110199628
51,1250,6,6,60.0,without_chunking,LMM-1,10.5,10.524999999999977,0.7549236027367789
51,1250,6,6,60.0,without_chunking,LMM-2,10.5,10.524999999999977,0.7549236027367789
51,1250,6,8,80.0,without_chunking,LMM-1,10.5,10.52499999999998,0.7224416215302296
51,1250,6,8,80.0,without_chunking,LMM-2,10.5,10.52499999999998,0.7224416215302296
51,1250,8,2,20.0,without_chunking,LMM-1,9.5,9.575000000000006,0.8574592307708374
51,1250,8,2,20.0,without_chunking,LMM-2,9.5,9.575000000000006,0.8574592307708374
51,1250,8,4,40.0,without_chunking,LMM-1,9.5,9.57499999999999,0.8365286495160889
51,1250,8,4,40.0,without_chunking,LMM-2,9.5,9.57499999999999,0.8365286495160889
51,1250,8,6,60.0,without_chunking,LMM-1,9.5,9.574999999999978,0.8160906857513422
51,1250,8,6,60.0,without_chunking,LMM-2,9.5,9.574999999999978,0.8160906857513422
51,1250,8,8,80.0,without_chunking,LMM-1,9.5,9.574999999999982,0.7961343445434278
51,1250,8,8,80.0,without_chunking,LMM-2,9.5,9.574999999999982,0.7961343445434278
51,1250,10,2,20.0,without_chunking,LMM-1,9.5,9.575000000000006,0.8745643187009112
51,1250,10,2,20.0,without_chunking,LMM-2,8.5,8.625000000000004,0.8937606210543161
51,1250,10,4,40.0,without_chunking,LMM-1,9.5,9.57499999999999,0.8512858370505194
51,1250,10,4,40.0,without_chunking,LMM-2,8.5,8.624999999999991,0.8796729543128515
51,1250,10,6,60.0,without_chunking,LMM-1,9.5,9.574999999999978,0.8285844523452071
51,1250,10,6,60.0,without_chunking,LMM-2,7.833333333333333,7.991666666666649,0.8780003886286798
51,1250,10,8,80.0,without_chunking,LMM-1,9.5,9.574999999999982,0.8064469624295445
51,1250,10,8,80.0,without_chunking,LMM-2,7.375,7.556249999999986,0.8736550146293581
52,1251,4,2,20.0,without_chunking,LMM-1,11.75,11.712500000000007,0.7749844495233255
52,1251,4,2,20.0,without_chunking,LMM-2,11.75,11.712500000000007,0.7749844495233255
52,1251,4,4,40.0,without_chunking,LMM-1,11.75,11.712499999999988,0.747125367643632
52,1251,4,4,40.0,without_chunking,LMM-2,11.75,11.712499999999988,0.747125367643632
52,1251,4,6,60.0,without_chunking,LMM-1,11.75,11.712499999999974,0.7203271048758417
52,1251,4,6,60.0,without_chunking,LMM-2,11.75,11.712499999999974,0.7203271048758417
52,1251,4,8,80.0,without_chunking,LMM-1,11.75,11.71249999999998,0.6945500223735535
52,1251,4,8,80.0,without_chunking,LMM-2,11.75,11.71249999999998,0.6945500223735535
52,1251,6,2,20.0,without_chunking,LMM-1,8.0,8.150000000000004,0.8532740039843834
52,1251,6,2,20.0,without_chunking,LMM-2,6.75,6.962500000000003,0.8876494169605403
52,1251,6,4,40.0,without_chunking,LMM-1,8.0,8.149999999999991,0.823177482439493
52,1251,6,4,40.0,without_chunking,LMM-2,6.5,6.7249999999999925,0.877030215462149
52,1251,6,6,60.0,without_chunking,LMM-1,8.0,8.149999999999983,0.794036010520339
52,1251,6,6,60.0,without_chunking,LMM-2,6.5,6.7249999999999845,0.8610164015168129
52,1251,6,8,80.0,without_chunking,LMM-1,8.0,8.149999999999984,0.765896585316142
52,1251,6,8,80.0,without_chunking,LMM-2,8.25,8.387499999999985,0.8246563134078719
52,1251,8,2,20.0,without_chunking,LMM-1,11.0,11.000000000000007,0.8272778032295316
52,1251,8,2,20.0,without_chunking,LMM-2,10.5,10.525000000000006,0.8384321956326244
52,1251,8,4,40.0,without_chunking,LMM-1,11.0,10.99999999999999,0.8046859487243968
52,1251,8,4,40.0,without_chunking,LMM-2,9.5,9.574999999999992,0.8425964906101764
52,1251,8,6,60.0,without_chunking,LMM-1,11.0,10.999999999999977,0.7826766155760065
52,1251,8,6,60.0,without_chunking,LMM-2,9.0,9.09999999999998,0.8381034064390349
52,1251,8,8,80.0,without_chunking,LMM-1,11.0,10.99999999999998,0.7612358108825865
52,1251,8,8,80.0,without_chunking,LMM-2,9.0,9.099999999999984,0.8229251497122692
52,1251,10,2,20.0,without_chunking,LMM-1,10.0,10.050000000000004,0.848256347821293
52,1251,10,2,20.0,without_chunking,LMM-2,6.5,6.725000000000003,0.916538408077487
52,1251,10,4,40.0,without_chunking,LMM-1,10.0,10.04999999999999,0.827448272801576
52,1251,10,4,40.0,without_chunking,LMM-2,6.125,6.368749999999993,0.9132589653563452
52,1251,10,6,60.0,without_chunking,LMM-1,10.0,10.049999999999978,0.8071215114818603
52,1251,10,6,60.0,without_chunking,LMM-2,5.916666666666666,6.17083333333332,0.9080345113194093
52,1251,10,8,80.0,without_chunking,LMM-1,10.0,10.049999999999983,0.7872656930939181
52,1251,10,8,80.0,without_chunking,LMM-2,5.75,6.012499999999989,0.902855907762637
53,1252,4,2,20.0,without_chunking,LMM-1,14.0,13.850000000000009,0.7293899432387723
53,1252,4,2,20.0,without_chunking,LMM-2,14.0,13.850000000000009,0.7293899432387723
53,1252,4,4,40.0,without_chunking,LMM-1,14.0,13.849999999999984,0.68890822955444
53,1252,4,4,40.0,without_chunking,LMM-2,14.0,13.849999999999984,0.68890822955444
53,1252,4,6,60.0,without_chunking,LMM-1,14.0,13.849999999999968,0.6506115084575679
53,1252,4,6,60.0,without_chunking,LMM-2,14.0,13.849999999999968,0.6506115084575679
53,1252,4,8,80.0,without_chunking,LMM-1,14.0,13.849999999999977,0.6148873366565165
53,1252,4,8,80.0,without_chunking,LMM-2,14.0,13.849999999999977,0.6148873366565165
53,1252,6,2,20.0,without_chunking,LMM-1,13.5,13.375000000000009,0.7517478156487758
53,1252,6,2,20.0,without_chunking,LMM-2,13.5,13.375000000000009,0.7517478156487758
53,1252,6,4,40.0,without_chunking,LMM-1,13.5,13.374999999999984,0.717797794084911
53,1252,6,4,40.0,without_chunking,LMM-2,13.5,13.374999999999984,0.717797794084911
53,1252,6,6,60.0,without_chunking,LMM-1,13.5,13.37499999999997,0.6853508827568529
53,1252,6,6,60.0,without_chunking,LMM-2,13.5,13.37499999999997,0.6853508827568529
53,1252,6,8,80.0,without_chunking,LMM-1,13.5,13.374999999999977,0.6543421980019015
53,1252,6,8,80.0,without_chunking,LMM-2,13.5,13.374999999999977,0.6543421980019015
53,1252,8,2,20.0,without_chunking,LMM-1,10.0,10.050000000000006,0.8371284437468066
53,1252,8,2,20.0,without_chunking,LMM-2,10.0,10.050000000000006,0.8371284437468066
53,1252,8,4,40.0,without_chunking,LMM-1,10.0,10.04999999999999,0.811755195790222
53,1252,8,4,40.0,without_chunking,LMM-2,10.0,10.04999999999999,0.811755195790222
53,1252,8,6,60.0,without_chunking,LMM-1,10.0,10.049999999999978,0.7870892037906416
53,1252,8,6,60.0,without_chunking,LMM-2,10.0,10.049999999999978,0.7870892037906416
53,1252,8,8,80.0,without_chunking,LMM-1,10.0,10.049999999999981,0.7631125894409974
53,1252,8,8,80.0,without_chunking,LMM-2,10.0,10.049999999999981,0.7631125894409974
53,1252,10,2,20.0,without_chunking,LMM-1,7.5,7.675000000000003,0.8815976584369275
53,1252,10,2,20.0,without_chunking,LMM-2,7.5,7.675000000000003,0.8815976584369275
53,1252,10,4,40.0,without_chunking,LMM-1,7.5,7.674999999999992,0.865315031367295
53,1252,10,4,40.0,without_chunking,LMM-2,7.5,7.674999999999992,0.865315031367295
53,1252,10,6,60.0,without_chunking,LMM-1,7.5,7.674999999999983,0.8493044907948109
53,1252,10,6,60.0,without_chunking,LMM-2,7.5,7.674999999999983,0.8493044907948109
53,1252,10,8,80.0,without_chunking,LMM-1,7.5,7.674999999999986,0.8335620226091842
53,1252,10,8,80.0,without_chunking,LMM-2,7.5,7.674999999999986,0.8335620226091842
54,1253,4,2,20.0,without_chunking,LMM-1,12.0,11.950000000000008,0.770060146043048
54,1253,4,2,20.0,without_chunking,LMM-2,12.0,11.950000000000008,0.770060146043048
54,1253,4,4,40.0,without_chunking,LMM-1,12.0,11.949999999999989,0.7321412255079053
54,1253,4,4,40.0,without_chunking,LMM-2,12.0,11.949999999999989,0.7321412255079053
54,1253,4,6,60.0,without_chunking,LMM-1,12.0,11.949999999999974,0.6959884447397175
54,1253,4,6,60.0,without_chunking,LMM-2,12.0,11.949999999999974,0.6959884447397175
54,1253,4,8,80.0,without_chunking,LMM-1,12.0,11.94999999999998,0.6615248118182837
54,1253,4,8,80.0,without_chunking,LMM-2,12.0,11.94999999999998,0.6615248118182837
54,1253,6,2,20.0,without_chunking,LMM-1,12.5,12.425000000000008,0.7592969500025893
54,1253,6,2,20.0,without_chunking,LMM-2,12.5,12.425000000000008,0.7592969500025893
54,1253,6,4,40.0,without_chunking,LMM-1,12.5,12.424999999999986,0.7167177369132043
54,1253,6,4,40.0,without_chunking,LMM-2,12.5,12.424999999999986,0.7167177369132043
54,1253,6,6,60.0,without_chunking,LMM-1,12.5,12.424999999999974,0.6764078704793943
54,1253,6,6,60.0,without_chunking,LMM-2,12.5,12.424999999999974,0.6764078704793943
54,1253,6,8,80.0,without_chunking,LMM-1,12.5,12.42499999999998,0.6382641433811463
54,1253,6,8,80.0,without_chunking,LMM-2,12.5,12.42499999999998,0.6382641433811463
54,1253,8,2,20.0,without_chunking,LMM-1,9.5,9.575000000000006,0.8276138041047825
54,1253,8,2,20.0,without_chunking,LMM-2,9.5,9.575000000000006,0.8276138041047825
54,1253,8,4,40.0,without_chunking,LMM-1,9.5,9.57499999999999,0.7949864913685112
54,1253,8,4,40.0,without_chunking,LMM-2,9.5,9.57499999999999,0.7949864913685112
54,1253,8,6,60.0,without_chunking,LMM-1,9.5,9.57499999999998,0.7635420657509508
54,1253,8,6,60.0,without_chunking,LMM-2,9.5,9.57499999999998,0.7635420657509508
54,1253,8,8,80.0,without_chunking,LMM-1,9.5,9.574999999999982,0.7332417812793799
54,1253,8,8,80.0,without_chunking,LMM-2,9.5,9.574999999999982,0.7332417812793799
54,1253,10,2,20.0,without_chunking,LMM-1,9.0,9.100000000000005,0.8487557587679477
54,1253,10,2,20.0,without_chunking,LMM-2,9.0,9.100000000000005,0.8487557587679477
54,1253,10,4,40.0,without_chunking,LMM-1,9.0,9.09999999999999,0.8172778019180451
54,1253,10,4,40.0,without_chunking,LMM-2,9.0,9.09999999999999,0.8172778019180451
54,1253,10,6,60.0,without_chunking,LMM-1,9.0,9.09999999999998,0.7868710163524804
54,1253,10,6,60.0,without_chunking,LMM-2,9.0,9.09999999999998,0.7868710163524804
54,1253,10,8,80.0,without_chunking,LMM-1,9.0,9.099999999999984,0.757502518620238
54,1253,10,8,80.0,without_chunking,LMM-2,9.0,9.099999999999984,0.757502518620238
55,1254,4,2,20.0,without_chunking,LMM-1,13.0,12.90000000000001,0.7707756758443018
55,1254,4,2,20.0,without_chunking,LMM-2,13.0,12.90000000000001,0.7707756758443018
55,1254,4,4,40.0,without_chunking,LMM-1,13.0,12.899999999999984,0.7295601979175412
55,1254,4,4,40.0,without_chunking,LMM-2,13.0,12.899999999999984,0.7295601979175412
55,1254,4,6,60.0,without_chunking,LMM-1,13.0,12.89999999999997,0.6904602732253984
55,1254,4,6,60.0,without_chunking,LMM-2,13.0,12.89999999999997,0.6904602732253984
55,1254,4,8,80.0,without_chunking,LMM-1,13.0,12.899999999999977,0.6533723768516577
55,1254,4,8,80.0,without_chunking,LMM-2,13.0,12.899999999999977,0.6533723768516577
55,1254,6,2,20.0,without_chunking,LMM-1,12.0,11.95000000000001,0.7948758936795635
55,1254,6,2,20.0,without_chunking,LMM-2,12.0,11.95000000000001,0.7948758936795635
55,1254,6,4,40.0,without_chunking,LMM-1,12.0,11.949999999999989,0.7568247813444373
55,1254,6,4,40.0,without_chunking,LMM-2,12.0,11.949999999999989,0.7568247813444373
55,1254,6,6,60.0,without_chunking,LMM-1,12.0,11.949999999999974,0.7205120365162032
55,1254,6,6,60.0,without_chunking,LMM-2,12.0,11.949999999999974,0.7205120365162032
55,1254,6,8,80.0,without_chunking,LMM-1,12.0,11.949999999999978,0.6858623929565526
55,1254,6,8,80.0,without_chunking,LMM-2,12.0,11.949999999999978,0.6858623929565526
55,1254,8,2,20.0,without_chunking,LMM-1,12.0,11.95000000000001,0.7948758936795635
55,1254,8,2,20.0,without_chunking,LMM-2,12.0,11.95000000000001,0.7948758936795635
55,1254,8,4,40.0,without_chunking,LMM-1,12.0,11.949999999999989,0.7568247813444373
55,1254,8,4,40.0,without_chunking,LMM-2,12.0,11.949999999999989,0.7568247813444373
55,1254,8,6,60.0,without_chunking,LMM-1,12.0,11.949999999999974,0.7205120365162032
55,1254,8,6,60.0,without_chunking,LMM-2,12.0,11.949999999999974,0.7205120365162032
55,1254,8,8,80.0,without_chunking,LMM-1,12.0,11.949999999999978,0.6858623929565526
55,1254,8,8,80.0,without_chunking,LMM-2,12.0,11.949999999999978,0.6858623929565526
55,1254,10,2,20.0,without_chunking,LMM-1,12.5,12.42500000000001,0.7861344766280415
55,1254,10,2,20.0,without_chunking,LMM-2,12.5,12.42500000000001,0.7861344766280415
55,1254,10,4,40.0,without_chunking,LMM-1,12.5,12.424999999999986,0.7495254879185479
55,1254,10,4,40.0,without_chunking,LMM-2,12.5,12.424999999999986,0.7495254879185479
55,1254,10,6,60.0,without_chunking,LMM-1,10.75,10.762499999999976,0.7740762111497532
55,1254,10,6,60.0,without_chunking,LMM-2,10.75,10.762499999999976,0.7740762111497532
55,1254,10,8,80.0,without_chunking,LMM-1,10.75,10.76249999999998,0.7528185626208834
55,1254,10,8,80.0,without_chunking,LMM-2,10.75,10.76249999999998,0.7528185626208834
56,1255,4,2,20.0,without_chunking,LMM-1,11.5,11.475000000000009,0.7818181413668512
56,1255,4,2,20.0,without_chunking,LMM-2,11.5,11.475000000000009,0.7818181413668512
56,1255,4,4,40.0,without_chunking,LMM-1,11.5,11.474999999999989,0.7525474555299827
56,1255,4,4,40.0,without_chunking,LMM-2,11.5,11.474999999999989,0.7525474555299827
56,1255,4,6,60.0,without_chunking,LMM-1,11.5,11.474999999999975,0.7243121479423222
56,1255,4,6,60.0,without_chunking,LMM-2,11.5,11.474999999999975,0.7243121479423222
56,1255,4,8,80.0,without_chunking,LMM-1,11.5,11.47499999999998,0.6970780624118401
56,1255,4,8,80.0,without_chunking,LMM-2,11.5,11.47499999999998,0.6970780624118401
56,1255,6,2,20.0,without_chunking,LMM-1,7.5,7.675000000000003,0.8617480669054793
56,1255,6,2,20.0,without_chunking,LMM-2,7.5,7.675000000000003,0.8617480669054793
56,1255,6,4,40.0,without_chunking,LMM-1,7.5,7.674999999999992,0.8425941335642871
56,1255,6,4,40.0,without_chunking,LMM-2,7.5,7.674999999999992,0.8425941335642871
56,1255,6,6,60.0,without_chunking,LMM-1,7.5,7.674999999999983,0.8238130848274918
56,1255,6,6,60.0,without_chunking,LMM-2,7.5,7.674999999999983,0.8238130848274918
56,1255,6,8,80.0,without_chunking,LMM-1,8.25,8.387499999999983,0.8108481594654506
56,1255,6,8,80.0,without_chunking,LMM-2,7.5,7.674999999999986,0.830373014598925
56,1255,8,2,20.0,without_chunking,LMM-1,8.0,8.150000000000002,0.860066805093542
56,1255,8,2,20.0,without_chunking,LMM-2,8.0,8.150000000000002,0.860066805093542
56,1255,8,4,40.0,without_chunking,LMM-1,8.0,8.149999999999991,0.8339699883703037
56,1255,8,4,40.0,without_chunking,LMM-2,8.0,8.149999999999991,0.8339699883703037
56,1255,8,6,60.0,without_chunking,LMM-1,8.0,8.14999999999998,0.8085833266722766
56,1255,8,6,60.0,without_chunking,LMM-2,8.0,8.14999999999998,0.8085833266722766
56,1255,8,8,80.0,without_chunking,LMM-1,8.0,8.149999999999984,0.7839664953277301
56,1255,8,8,80.0,without_chunking,LMM-2,8.0,8.149999999999984,0.7839664953277301
56,1255,10,2,20.0,without_chunking,LMM-1,7.5,7.675000000000004,0.8850694922175251
56,1255,10,2,20.0,without_chunking,LMM-2,5.0,5.3000000000000025,0.9372182978442429
56,1255,10,4,40.0,without_chunking,LMM-1,7.5,7.674999999999992,0.8643205155738084
56,1255,10,4,40.0,without_chunking,LMM-2,5.0,5.299999999999995,0.9300709601520873
56,1255,10,6,60.0,without_chunking,LMM-1,7.5,7.674999999999983,0.8440079546207224
56,1255,10,6,60.0,without_chunking,LMM-2,5.5,5.774999999999989,0.9180132385556996
56,1255,10,8,80.0,without_chunking,LMM-1,7.5,7.674999999999986,0.8241236112183716
56,1255,10,8,80.0,without_chunking,LMM-2,5.625,5.893749999999988,0.9123325756179332
57,1256,4,2,20.0,without_chunking,LMM-1,12.5,12.42500000000001,0.761560162476675
57,1256,4,2,20.0,without_chunking,LMM-2,12.5,12.42500000000001,0.761560162476675
57,1256,4,4,40.0,without_chunking,LMM-1,12.5,12.424999999999986,0.7172045467272556
57,1256,4,4,40.0,without_chunking,LMM-2,12.5,12.424999999999986,0.7172045467272556
57,1256,4,6,60.0,without_chunking,LMM-1,12.5,12.424999999999972,0.6753294828235916
57,1256,4,6,60.0,without_chunking,LMM-2,12.5,12.424999999999972,0.6753294828235916
57,1256,4,8,80.0,without_chunking,LMM-1,13.25,13.137499999999978,0.6662371301106502
57,1256,4,8,80.0,without_chunking,LMM-2,13.25,13.137499999999978,0.6662371301106502
57,1256,6,2,20.0,without_chunking,LMM-1,8.5,8.625000000000004,0.8502513296809322
57,1256,6,2,20.0,without_chunking,LMM-2,8.5,8.625000000000004,0.8502513296809322
57,1256,6,4,40.0,without_chunking,LMM-1,8.5,8.62499999999999,0.8294236316450033
57,1256,6,4,40.0,without_chunking,LMM-2,8.5,8.62499999999999,0.8294236316450033
57,1256,6,6,60.0,without_chunking,LMM-1,8.5,8.62499999999998,0.8090547552704921
57,1256,6,6,60.0,without_chunking,LMM-2,8.5,8.62499999999998,0.8090547552704921
57,1256,6,8,80.0,without_chunking,LMM-1,8.5,8.624999999999984,0.7891734198844826
57,1256,6,8,80.0,without_chunking,LMM-2,8.5,8.624999999999984,0.7891734198844826
57,1256,8,2,20.0,without_chunking,LMM-1,8.5,8.625000000000004,0.8675245820459347
57,1256,8,2,20.0,without_chunking,LMM-2,8.5,8.625000000000004,0.8675245820459347
57,1256,8,4,40.0,without_chunking,LMM-1,8.5,8.624999999999991,0.8370268569393402
57,1256,8,4,40.0,without_chunking,LMM-2,8.5,8.624999999999991,0.8370268569393402
57,1256,8,6,60.0,without_chunking,LMM-1,8.5,8.624999999999982,0.8075284432970234
57,1256,8,6,60.0,without_chunking,LMM-2,8.5,8.624999999999982,0.8075284432970234
57,1256,8,8,80.0,without_chunking,LMM-1,8.5,8.624999999999984,0.778999461943479
57,1256,8,8,80.0,without_chunking,LMM-2,8.5,8.624999999999984,0.778999461943479
57,1256,10,2,20.0,without_chunking,LMM-1,10.0,10.050000000000004,0.8593891167014991
57,1256,10,2,20.0,without_chunking,LMM-2,7.5,7.675000000000003,0.9050449309955126
57,1256,10,4,40.0,without_chunking,LMM-1,10.0,10.04999999999999,0.8327664593825852
57,1256,10,4,40.0,without_chunking,LMM-2,6.625,6.843749999999993,0.9038109459793437
57,1256,10,6,60.0,without_chunking,LMM-1,10.0,10.049999999999978,0.8069118628645444
57,1256,10,6,60.0,without_chunking,LMM-2,6.5,6.7249999999999845,0.8945529721921011
57,1256,10,8,80.0,without_chunking,LMM-1,10.0,10.049999999999983,0.7818049498745718
57,1256,10,8,80.0,without_chunking,LMM-2,6.375,6.606249999999989,0.8858422195576818
58,1257,4,2,20.0,without_chunking,LMM-1,10.5,10.525000000000006,0.826733858534008
58,1257,4,2,20.0,without_chunking,LMM-2,10.5,10.525000000000006,0.826733858534008
58,1257,4,4,40.0,without_chunking,LMM-1,10.5,10.52499999999999,0.7928959572737768
58,1257,4,4,40.0,without_chunking,LMM-2,10.5,10.52499999999999,0.7928959572737768
58,1257,4,6,60.0,without_chunking,LMM-1,10.5,10.524999999999977,0.7603552280951109
58,1257,4,6,60.0,without_chunking,LMM-2,10.5,10.524999999999977,0.7603552280951109
58,1257,4,8,80.0,without_chunking,LMM-1,10.5,10.52499999999998,0.7290655847488705
58,1257,4,8,80.0,without_chunking,LMM-2,10.5,10.52499999999998,0.7290655847488705
58,1257,6,2,20.0,without_chunking,LMM-1,10.5,10.525000000000006,0.8307371360236642
58,1257,6,2,20.0,without_chunking,LMM-2,10.5,10.525000000000006,0.8307371360236642
58,1257,6,4,40.0,without_chunking,LMM-1,10.5,10.52499999999999,0.7968952676361502
58,1257,6,4,40.0,without_chunking,LMM-2,10.5,10.52499999999999,0.7968952676361502
58,1257,6,6,60.0,without_chunking,LMM-1,10.5,10.524999999999977,0.7643450178227797
58,1257,6,6,60.0,without_chunking,LMM-2,10.5,10.524999999999977,0.7643450178227797
58,1257,6,8,80.0,without_chunking,LMM-1,10.5,10.52499999999998,0.7330406841382504
58,1257,6,8,80.0,without_chunking,LMM-2,10.5,10.52499999999998,0.7330406841382504
58,1257,8,2,20.0,without_chunking,LMM-1,10.5,10.525000000000006,0.8307371360236642
58,1257,8,2,20.0,without_chunking,LMM-2,10.5,10.525000000000006,0.8307371360236642
58,1257,8,4,40.0,without_chunking,LMM-1,10.5,10.52499999999999,0.7968952676361502
58,1257,8,4,40.0,without_chunking,LMM-2,10.5,10.52499999999999,0.7968952676361502
58,1257,8,6,60.0,without_chunking,LMM-1,10.5,10.524999999999977,0.7643450178227797
58,1257,8,6,60.0,without_chunking,LMM-2,10.5,10.524999999999977,0.7643450178227797
58,1257,8,8,80.0,without_chunking,LMM-1,10.25,10.287499999999982,0.770799564474111
58,1257,8,8,80.0,without_chunking,LMM-2,10.25,10.287499999999982,0.770799564474111
58,1257,10,2,20.0,without_chunking,LMM-1,8.5,8.625000000000004,0.8569581059164951
58,1257,10,2,20.0,without_chunking,LMM-2,8.5,8.625000000000004,0.8569581059164951
58,1257,10,4,40.0,without_chunking,LMM-1,8.5,8.624999999999991,0.8298290668934958
58,1257,10,4,40.0,without_chunking,LMM-2,8.5,8.624999999999991,0.8298290668934958
58,1257,10,6,60.0,without_chunking,LMM-1,8.5,8.62499999999998,0.8034819969517426
58,1257,10,6,60.0,without_chunking,LMM-2,8.5,8.62499999999998,0.8034819969517426
58,1257,10,8,80.0,without_chunking,LMM-1,9.0,9.099999999999984,0.8015003977299392
58,1257,10,8,80.0,without_chunking,LMM-2,8.75,8.862499999999983,0.8035928111567758
59,1258,4,2,20.0,without_chunking,LMM-1,17.5,17.17500000000001,0.6881456559190753
59,1258,4,2,20.0,without_chunking,LMM-2,17.5,17.17500000000001,0.6881456559190753
59,1258,4,4,40.0,without_chunking,LMM-1,17.5,17.174999999999976,0.6309285496859746
59,1258,4,4,40.0,without_chunking,LMM-2,17.5,17.174999999999976,0.6309285496859746
59,1258,4,6,60.0,without_chunking,LMM-1,17.5,17.174999999999958,0.5783654939583756
59,1258,4,6,60.0,without_chunking,LMM-2,17.5,17.174999999999958,0.5783654939583756
59,1258,4,8,80.0,without_chunking,LMM-1,17.5,17.174999999999972,0.5300886053688684
59,1258,4,8,80.0,without_chunking,LMM-2,17.5,17.174999999999972,0.5300886053688684
59,1258,6,2,20.0,without_chunking,LMM-1,15.5,15.275000000000013,0.7176214540546736
59,1258,6,2,20.0,without_chunking,LMM-2,15.5,15.275000000000013,0.7176214540546736
59,1258,6,4,40.0,without_chunking,LMM-1,15.5,15.27499999999998,0.6652515767585553
59,1258,6,4,40.0,without_chunking,LMM-2,15.5,15.27499999999998,0.6652515767585553
59,1258,6,6,60.0,without_chunking,LMM-1,15.5,15.274999999999963,0.6165894726436375
59,1258,6,6,60.0,without_chunking,LMM-2,15.5,15.274999999999963,0.6165894726436375
59,1258,6,8,80.0,without_chunking,LMM-1,15.5,15.274999999999974,0.5713824566888113
59,1258,6,8,80.0,without_chunking,LMM-2,15.5,15.274999999999974,0.5713824566888113
59,1258,8,2,20.0,without_chunking,LMM-1,13.5,13.37500000000001,0.7508833647498923
59,1258,8,2,20.0,without_chunking,LMM-2,13.5,13.37500000000001,0.7508833647498923
59,1258,8,4,40.0,without_chunking,LMM-1,13.5,13.374999999999986,0.7037602176374096
59,1258,8,4,40.0,without_chunking,LMM-2,13.5,13.374999999999986,0.7037602176374096
59,1258,8,6,60.0,without_chunking,LMM-1,13.5,13.374999999999972,0.6594743773592137
59,1258,8,6,60.0,without_chunking,LMM-2,13.5,13.374999999999972,0.6594743773592137
59,1258,8,8,80.0,without_chunking,LMM-1,14.0,13.849999999999978,0.6506281365467166
59,1258,8,8,80.0,without_chunking,LMM-2,14.0,13.849999999999978,0.6506281365467166
59,1258,10,2,20.0,without_chunking,LMM-1,13.5,13.37500000000001,0.7508833647498923
59,1258,10,2,20.0,without_chunking,LMM-2,13.5,13.37500000000001,0.7508833647498923
59,1258,10,4,40.0,without_chunking,LMM-1,13.5,13.374999999999986,0.7037602176374096
59,1258,10,4,40.0,without_chunking,LMM-2,13.5,13.374999999999986,0.7037602176374096
59,1258,10,6,60.0,without_chunking,LMM-1,13.5,13.374999999999972,0.6594743773592137
59,1258,10,6,60.0,without_chunking,LMM-2,13.5,13.374999999999972,0.6594743773592137
59,1258,10,8,80.0,without_chunking,LMM-1,14.0,13.849999999999978,0.6506281365467166
59,1258,10,8,80.0,without_chunking,LMM-2,14.0,13.849999999999978,0.6506281365467166
60,1259,4,2,20.0,without_chunking,LMM-1,12.5,12.425000000000008,0.7627939629304388
60,1259,4,2,20.0,without_chunking,LMM-2,12.5,12.425000000000008,0.7627939629304388
60,1259,4,4,40.0,without_chunking,LMM-1,12.5,12.424999999999986,0.7198307720119395
60,1259,4,4,40.0,without_chunking,LMM-2,12.5,12.424999999999986,0.7198307720119395
60,1259,4,6,60.0,without_chunking,LMM-1,13.0,12.899999999999974,0.7067204308691635
60,1259,4,6,60.0,without_chunking,LMM-2,13.0,12.899999999999974,0.7067204308691635
60,1259,4,8,80.0,without_chunking,LMM-1,13.0,12.899999999999979,0.6792719629537944
60,1259,4,8,80.0,without_chunking,LMM-2,13.0,12.899999999999979,0.6792719629537944
60,1259,6,2,20.0,without_chunking,LMM-1,11.0,11.000000000000007,0.803058108838328
60,1259,6,2,20.0,without_chunking,LMM-2,11.0,11.000000000000007,0.803058108838328
60,1259,6,4,40.0,without_chunking,LMM-1,11.0,10.999999999999988,0.7745732946617904
60,1259,6,4,40.0,without_chunking,LMM-2,11.0,10.999999999999988,0.7745732946617904
60,1259,6,6,60.0,without_chunking,LMM-1,11.0,10.999999999999975,0.7470790211505347
60,1259,6,6,60.0,without_chunking,LMM-2,11.0,10.999999999999975,0.7470790211505347
60,1259,6,8,80.0,without_chunking,LMM-1,11.0,10.99999999999998,0.7205414252501716
60,1259,6,8,80.0,without_chunking,LMM-2,11.0,10.99999999999998,0.7205414252501716
60,1259,8,2,20.0,without_chunking,LMM-1,12.0,11.95000000000001,0.7927168479749784
60,1259,8,2,20.0,without_chunking,LMM-2,10.5,10.525000000000006,0.8262756704812055
60,1259,8,4,40.0,without_chunking,LMM-1,12.0,11.949999999999989,0.7630865198986738
60,1259,8,4,40.0,without_chunking,LMM-2,10.25,10.287499999999989,0.8077428287296977
60,1259,8,6,60.0,without_chunking,LMM-1,12.0,11.949999999999974,0.7345266229042258
60,1259,8,6,60.0,without_chunking,LMM-2,10.083333333333332,10.129166666666645,0.7965950288726438
60,1259,8,8,80.0,without_chunking,LMM-1,12.0,11.949999999999978,0.7069999488279335
60,1259,8,8,80.0,without_chunking,LMM-2,10.25,10.28749999999998,0.7692585099455238
60,1259,10,2,20.0,without_chunking,LMM-1,8.5,8.625000000000004,0.8646925828605415
60,1259,10,2,20.0,without_chunking,LMM-2,8.0,8.150000000000004,0.8753051260711575
60,1259,10,4,40.0,without_chunking,LMM-1,8.5,8.62499999999999,0.8408453881620548
60,1259,10,4,40.0,without_chunking,LMM-2,6.25,6.487499999999994,0.8956141185038893
60,1259,10,6,60.0,without_chunking,LMM-1,8.5,8.62499999999998,0.8175955054679245
60,1259,10,6,60.0,without_chunking,LMM-2,5.583333333333334,5.854166666666654,0.9043669355857786
60,1259,10,8,80.0,without_chunking,LMM-1,8.5,8.624999999999984,0.794929615707658
60,1259,10,8,80.0,without_chunking,LMM-2,5.5,5.774999999999989,0.8994547624998026
61,1260,4,2,20.0,without_chunking,LMM-1,11.0,11.000000000000007,0.7783428012762194
61,1260,4,2,20.0,without_chunking,LMM-2,11.0,11.000000000000007,0.7783428012762194
61,1260,4,4,40.0,without_chunking,LMM-1,11.0,10.99999999999999,0.7413269258466384
61,1260,4,4,40.0,without_chunking,LMM-2,11.0,10.99999999999999,0.7413269258466384
61,1260,4,6,60.0,without_chunking,LMM-1,11.0,10.999999999999977,0.735472303068927
61,1260,4,6,60.0,without_chunking,LMM-2,11.0,10.999999999999977,0.735472303068927
61,1260,4,8,80.0,without_chunking,LMM-1,10.5,10.52499999999998,0.744371750099116
61,1260,4,8,80.0,without_chunking,LMM-2,10.5,10.52499999999998,0.744371750099116
61,1260,6,2,20.0,without_chunking,LMM-1,10.5,10.525000000000006,0.818873686279222
61,1260,6,2,20.0,without_chunking,LMM-2,10.5,10.525000000000006,0.818873686279222
61,1260,6,4,40.0,without_chunking,LMM-1,10.5,10.52499999999999,0.7829750705020346
61,1260,6,4,40.0,without_chunking,LMM-2,10.5,10.52499999999999,0.7829750705020346
61,1260,6,6,60.0,without_chunking,LMM-1,10.5,10.524999999999977,0.7485515690237815
61,1260,6,6,60.0,without_chunking,LMM-2,10.5,10.524999999999977,0.7485515690237815
61,1260,6,8,80.0,without_chunking,LMM-1,10.5,10.52499999999998,0.7155470183083558
61,1260,6,8,80.0,without_chunking,LMM-2,10.5,10.52499999999998,0.7155470183083558
61,1260,8,2,20.0,without_chunking,LMM-1,10.5,10.525000000000006,0.818873686279222
61,1260,8,2,20.0,without_chunking,LMM-2,9.25,9.337500000000006,0.8522402943888328
61,1260,8,4,40.0,without_chunking,LMM-1,10.5,10.52499999999999,0.7829750705020346
61,1260,8,4,40.0,without_chunking,LMM-2,8.25,8.387499999999992,0.8558351796142789
61,1260,8,6,60.0,without_chunking,LMM-1,10.0,10.04999999999998,0.7856618649641578
61,1260,8,6,60.0,without_chunking,LMM-2,8.083333333333332,8.229166666666648,0.8483065539428332
61,1260,8,8,80.0,without_chunking,LMM-1,8.75,8.862499999999983,0.81401228589871
61,1260,8,8,80.0,without_chunking,LMM-2,7.9375,8.090624999999985,0.8414738410471823
61,1260,10,2,20.0,without_chunking,LMM-1,8.25,8.387500000000005,0.882651743774734
61,1260,10,2,20.0,without_chunking,LMM-2,6.25,6.4875000000000025,0.919808078598578
61,1260,10,4,40.0,without_chunking,LMM-1,8.25,8.387499999999992,0.8673992974996718
61,1260,10,4,40.0,without_chunking,LMM-2,5.125,5.418749999999997,0.931477008188168
61,1260,10,6,60.0,without_chunking,LMM-1,8.25,8.387499999999982,0.8523898068562781
61,1260,10,6,60.0,without_chunking,LMM-2,4.416666666666666,4.6083333333333245,0.9378713085335164
61,1260,10,8,80.0,without_chunking,LMM-1,8.25,8.387499999999985,0.837619748237995
61,1260,10,8,80.0,without_chunking,LMM-2,3.8125,4.034374999999993,0.9426627500087623
62,1261,4,2,20.0,without_chunking,LMM-1,12.0,11.95000000000001,0.7877954283960642
62,1261,4,2,20.0,without_chunking,LMM-2,12.0,11.95000000000001,0.7877954283960642
62,1261,4,4,40.0,without_chunking,LMM-1,12.0,11.949999999999989,0.7616467992810356
62,1261,4,4,40.0,without_chunking,LMM-2,12.0,11.949999999999989,0.7616467992810356
62,1261,4,6,60.0,without_chunking,LMM-1,12.0,11.949999999999974,0.7363463606876579
62,1261,4,6,60.0,without_chunking,LMM-2,12.0,11.949999999999974,0.7363463606876579
62,1261,4,8,80.0,without_chunking,LMM-1,12.0,11.949999999999978,0.7118673470944932
62,1261,4,8,80.0,without_chunking,LMM-2,12.0,11.949999999999978,0.7118673470944932
62,1261,6,2,20.0,without_chunking,LMM-1,10.5,10.525000000000006,0.7991043157770732
62,1261,6,2,20.0,without_chunking,LMM-2,10.5,10.525000000000006,0.7991043157770732
62,1261,6,4,40.0,without_chunking,LMM-1,10.75,10.76249999999999,0.7820637542566515
62,1261,6,4,40.0,without_chunking,LMM-2,10.75,10.76249999999999,0.7820637542566515
62,1261,6,6,60.0,without_chunking,LMM-1,10.75,10.762499999999978,0.756536710511867
62,1261,6,6,60.0,without_chunking,LMM-2,10.75,10.762499999999978,0.756536710511867
62,1261,6,8,80.0,without_chunking,LMM-1,10.0,10.049999999999981,0.7783709820295897
62,1261,6,8,80.0,without_chunking,LMM-2,10.0,10.049999999999981,0.7783709820295897
62,1261,8,2,20.0,without_chunking,LMM-1,9.0,9.100000000000005,0.8624884383212749
62,1261,8,2,20.0,without_chunking,LMM-2,7.0,7.0625000000000036,0.9017550064483718
62,1261,8,4,40.0,without_chunking,LMM-1,9.0,9.099999999999993,0.8475382982533047
62,1261,8,4,40.0,without_chunking,LMM-2,5.5,5.637499999999997,0.920365769737273
62,1261,8,6,60.0,without_chunking,LMM-1,9.0,9.09999999999998,0.8328319859767044
62,1261,8,6,60.0,without_chunking,LMM-2,5.25,5.399999999999991,0.9182099575592605
62,1261,8,8,80.0,without_chunking,LMM-1,9.0,9.099999999999984,0.8183658165870693
62,1261,8,8,80.0,without_chunking,LMM-2,4.9375,5.10312499999999,0.9174305336821843
62,1261,10,2,20.0,without_chunking,LMM-1,9.5,9.575000000000006,0.8614890845816527
62,1261,10,2,20.0,without_chunking,LMM-2,6.5,6.725000000000003,0.9150341536319644
62,1261,10,4,40.0,without_chunking,LMM-1,9.5,9.57499999999999,0.8354218411119729
62,1261,10,4,40.0,without_chunking,LMM-2,6.5,6.724999999999993,0.9070508052214334
62,1261,10,6,60.0,without_chunking,LMM-1,8.5,8.62499999999998,0.8462563545912665
62,1261,10,6,60.0,without_chunking,LMM-2,5.75,6.012499999999987,0.9142275056185833
62,1261,10,8,80.0,without_chunking,LMM-1,8.5,8.624999999999984,0.8299842072718732
62,1261,10,8,80.0,without_chunking,LMM-2,5.5,5.774999999999989,0.9118759124680367
63,1262,4,2,20.0,without_chunking,LMM-1,11.5,11.475000000000009,0.7748849074481977
63,1262,4,2,20.0,without_chunking,LMM-2,11.5,11.475000000000009,0.7748849074481977
63,1262,4,4,40.0,without_chunking,LMM-1,11.5,11.474999999999989,0.733593012709483
63,1262,4,4,40.0,without_chunking,LMM-2,11.5,11.474999999999989,0.733593012709483
63,1262,4,6,60.0,without_chunking,LMM-1,11.5,11.474999999999975,0.6943783622857496
63,1262,4,6,60.0,without_chunking,LMM-2,11.5,11.474999999999975,0.6943783622857496
63,1262,4,8,80.0,without_chunking,LMM-1,11.25,11.23749999999998,0.7095359200432132
63,1262,4,8,80.0,without_chunking,LMM-2,11.25,11.23749999999998,0.7095359200432132
63,1262,6,2,20.0,without_chunking,LMM-1,13.0,12.90000000000001,0.7892373719211625
63,1262,6,2,20.0,without_chunking,LMM-2,13.0,12.90000000000001,0.7892373719211625
63,1262,6,4,40.0,without_chunking,LMM-1,13.0,12.899999999999984,0.7443798109476533
63,1262,6,4,40.0,without_chunking,LMM-2,13.0,12.899999999999984,0.7443798109476533
63,1262,6,6,60.0,without_chunking,LMM-1,13.0,12.89999999999997,0.7019930537889112
63,1262,6,6,60.0,without_chunking,LMM-2,13.0,12.89999999999997,0.7019930537889112
63,1262,6,8,80.0,without_chunking,LMM-1,13.0,12.899999999999977,0.6619458041779437
63,1262,6,8,80.0,without_chunking,LMM-2,13.0,12.899999999999977,0.6619458041779437
63,1262,8,2,20.0,without_chunking,LMM-1,13.0,12.90000000000001,0.7892373719211625
63,1262,8,2,20.0,without_chunking,LMM-2,13.0,12.90000000000001,0.7892373719211625
63,1262,8,4,40.0,without_chunking,LMM-1,13.0,12.899999999999984,0.7443798109476533
63,1262,8,4,40.0,without_chunking,LMM-2,13.0,12.899999999999984,0.7443798109476533
63,1262,8,6,60.0,without_chunking,LMM-1,13.0,12.89999999999997,0.7019930537889112
63,1262,8,6,60.0,without_chunking,LMM-2,13.0,12.89999999999997,0.7019930537889112
63,1262,8,8,80.0,without_chunking,LMM-1,13.0,12.899999999999977,0.6619458041779437
63,1262,8,8,80.0,without_chunking,LMM-2,13.0,12.899999999999977,0.6619458041779437
63,1262,10,2,20.0,without_chunking,LMM-1,12.0,11.95000000000001,0.808066732247153
63,1262,10,2,20.0,without_chunking,LMM-2,12.0,11.95000000000001,0.808066732247153
63,1262,10,4,40.0,without_chunking,LMM-1,12.0,11.949999999999989,0.7703258693185774
63,1262,10,4,40.0,without_chunking,LMM-2,12.0,11.949999999999989,0.7703258693185774
63,1262,10,6,60.0,without_chunking,LMM-1,12.0,11.949999999999974,0.7342680679868062
63,1262,10,6,60.0,without_chunking,LMM-2,12.0,11.949999999999974,0.7342680679868062
63,1262,10,8,80.0,without_chunking,LMM-1,12.0,11.949999999999978,0.6998221897470538
63,1262,10,8,80.0,without_chunking,LMM-2,12.0,11.949999999999978,0.6998221897470538
64,1263,4,2,20.0,without_chunking,LMM-1,11.0,11.000000000000007,0.8100823202256928
64,1263,4,2,20.0,without_chunking,LMM-2,11.0,11.000000000000007,0.8100823202256928
64,1263,4,4,40.0,without_chunking,LMM-1,11.0,10.99999999999999,0.7879813972317262
64,1263,4,4,40.0,without_chunking,LMM-2,11.0,10.99999999999999,0.7879813972317262
64,1263,4,6,60.0,without_chunking,LMM-1,11.0,10.999999999999977,0.7664724204612914
64,1263,4,6,60.0,without_chunking,LMM-2,11.0,10.999999999999977,0.7664724204612914
64,1263,4,8,80.0,without_chunking,LMM-1,11.0,10.99999999999998,0.7455404117302064
64,1263,4,8,80.0,without_chunking,LMM-2,11.0,10.99999999999998,0.7455404117302064
64,1263,6,2,20.0,without_chunking,LMM-1,10.75,10.762500000000006,0.824455772658144
64,1263,6,2,20.0,without_chunking,LMM-2,10.75,10.762500000000006,0.824455772658144
64,1263,6,4,40.0,without_chunking,LMM-1,10.75,10.762499999999989,0.8041285807244045
64,1263,6,4,40.0,without_chunking,LMM-2,10.75,10.762499999999989,0.8041285807244045
64,1263,6,6,60.0,without_chunking,LMM-1,10.75,10.762499999999976,0.7842691697198535
64,1263,6,6,60.0,without_chunking,LMM-2,10.75,10.762499999999976,0.7842691697198535
64,1263,6,8,80.0,without_chunking,LMM-1,10.75,10.762499999999982,0.7648676551599867
64,1263,6,8,80.0,without_chunking,LMM-2,10.75,10.762499999999982,0.7648676551599867
64,1263,8,2,20.0,without_chunking,LMM-1,9.0,9.100000000000005,0.8405551077826099
64,1263,8,2,20.0,without_chunking,LMM-2,9.0,9.100000000000005,0.8405551077826099
64,1263,8,4,40.0,without_chunking,LMM-1,9.0,9.09999999999999,0.8085134322810037
64,1263,8,4,40.0,without_chunking,LMM-2,9.0,9.09999999999999,0.8085134322810037
64,1263,8,6,60.0,without_chunking,LMM-1,9.25,9.33749999999998,0.8017333457506846
64,1263,8,6,60.0,without_chunking,LMM-2,9.25,9.33749999999998,0.8017333457506846
64,1263,8,8,80.0,without_chunking,LMM-1,9.75,9.812499999999982,0.7888132745322627
64,1263,8,8,80.0,without_chunking,LMM-2,9.75,9.812499999999982,0.7888132745322627
64,1263,10,2,20.0,without_chunking,LMM-1,9.5,9.575000000000006,0.8565601999476754
64,1263,10,2,20.0,without_chunking,LMM-2,8.5,8.625000000000007,0.8774471470290646
64,1263,10,4,40.0,without_chunking,LMM-1,9.5,9.57499999999999,0.8322102604211674
64,1263,10,4,40.0,without_chunking,LMM-2,9.0,9.09999999999999,0.8596667612570725
64,1263,10,6,60.0,without_chunking,LMM-1,9.5,9.574999999999978,0.8257255599705562
64,1263,10,6,60.0,without_chunking,LMM-2,8.583333333333332,8.704166666666648,0.851712966493567
64,1263,10,8,80.0,without_chunking,LMM-1,9.5,9.574999999999983,0.8083269154084468
64,1263,10,8,80.0,without_chunking,LMM-2,8.5625,8.684374999999985,0.8383447184767321
65,1264,4,2,20.0,without_chunking,LMM-1,12.0,11.95000000000001,0.7765953202050262
65,1264,4,2,20.0,without_chunking,LMM-2,12.0,11.95000000000001,0.7765953202050262
65,1264,4,4,40.0,without_chunking,LMM-1,12.25,12.187499999999988,0.7563113982628646
65,1264,4,4,40.0,without_chunking,LMM-2,12.25,12.187499999999988,0.7563113982628646
65,1264,4,6,60.0,without_chunking,LMM-1,12.5,12.424999999999972,0.7407853153043884
65,1264,4,6,60.0,without_chunking,LMM-2,12.5,12.424999999999972,0.7407853153043884
65,1264,4,8,80.0,without_chunking,LMM-1,12.5,12.42499999999998,0.717982938825777
65,1264,4,8,80.0,without_chunking,LMM-2,12.5,12.42499999999998,0.717982938825777
65,1264,6,2,20.0,without_chunking,LMM-1,12.0,11.95000000000001,0.7839051916903343
65,1264,6,2,20.0,without_chunking,LMM-2,12.0,11.95000000000001,0.7839051916903343
65,1264,6,4,40.0,without_chunking,LMM-1,12.0,11.949999999999989,0.7673442234665007
65,1264,6,4,40.0,without_chunking,LMM-2,12.0,11.949999999999989,0.7673442234665007
65,1264,6,6,60.0,without_chunking,LMM-1,12.0,11.949999999999974,0.7571734005976465
65,1264,6,6,60.0,without_chunking,LMM-2,12.0,11.949999999999974,0.7571734005976465
65,1264,6,8,80.0,without_chunking,LMM-1,12.0,11.949999999999978,0.7351232931881269
65,1264,6,8,80.0,without_chunking,LMM-2,12.0,11.949999999999978,0.7351232931881269
65,1264,8,2,20.0,without_chunking,LMM-1,12.0,11.95000000000001,0.8000531367922179
65,1264,8,2,20.0,without_chunking,LMM-2,12.0,11.95000000000001,0.8000531367922179
65,1264,8,4,40.0,without_chunking,LMM-1,12.0,11.949999999999989,0.7569271637230076
65,1264,8,4,40.0,without_chunking,LMM-2,12.0,11.949999999999989,0.7569271637230076
65,1264,8,6,60.0,without_chunking,LMM-1,12.0,11.949999999999974,0.7535765051462903
65,1264,8,6,60.0,without_chunking,LMM-2,12.0,11.949999999999974,0.7535765051462903
65,1264,8,8,80.0,without_chunking,LMM-1,12.0,11.949999999999978,0.7449614295040787
65,1264,8,8,80.0,without_chunking,LMM-2,12.0,11.949999999999978,0.7449614295040787
65,1264,10,2,20.0,without_chunking,LMM-1,11.0,11.000000000000007,0.8292919979809374
65,1264,10,2,20.0,without_chunking,LMM-2,11.0,11.000000000000007,0.8292919979809374
65,1264,10,4,40.0,without_chunking,LMM-1,11.0,10.99999999999999,0.7892466745669533
65,1264,10,4,40.0,without_chunking,LMM-2,11.0,10.99999999999999,0.7892466745669533
65,1264,10,6,60.0,without_chunking,LMM-1,11.0,10.999999999999975,0.7510317098818009
65,1264,10,6,60.0,without_chunking,LMM-2,11.0,10.999999999999975,0.7510317098818009
65,1264,10,8,80.0,without_chunking,LMM-1,11.0,10.99999999999998,0.7145687093895798
65,1264,10,8,80.0,without_chunking,LMM-2,11.0,10.99999999999998,0.7145687093895798
66,1265,4,2,20.0,without_chunking,LMM-1,12.5,12.425000000000008,0.7725715024974678
66,1265,4,2,20.0,without_chunking,LMM-2,12.5,12.425000000000008,0.7725715024974678
66,1265,4,4,40.0,without_chunking,LMM-1,12.5,12.424999999999986,0.7317089823567375
66,1265,4,4,40.0,without_chunking,LMM-2,12.5,12.424999999999986,0.7317089823567375
66,1265,4,6,60.0,without_chunking,LMM-1,12.5,12.424999999999974,0.6929050809228647
66,1265,4,6,60.0,without_chunking,LMM-2,12.5,12.424999999999974,0.6929050809228647
66,1265,4,8,80.0,without_chunking,LMM-1,12.5,12.42499999999998,0.6986727258224752
66,1265,4,8,80.0,without_chunking,LMM-2,12.5,12.42499999999998,0.6986727258224752
66,1265,6,2,20.0,without_chunking,LMM-1,10.5,10.525000000000006,0.8255777372929491
66,1265,6,2,20.0,without_chunking,LMM-2,10.5,10.525000000000006,0.8255777372929491
66,1265,6,4,40.0,without_chunking,LMM-1,10.5,10.52499999999999,0.7977064892942325
66,1265,6,4,40.0,without_chunking,LMM-2,10.5,10.52499999999999,0.7977064892942325
66,1265,6,6,60.0,without_chunking,LMM-1,10.5,10.524999999999977,0.7707218732660037
66,1265,6,6,60.0,without_chunking,LMM-2,10.5,10.524999999999977,0.7707218732660037
66,1265,6,8,80.0,without_chunking,LMM-1,10.5,10.52499999999998,0.7445977346754853
66,1265,6,8,80.0,without_chunking,LMM-2,10.5,10.52499999999998,0.7445977346754853
66,1265,8,2,20.0,without_chunking,LMM-1,10.5,10.525000000000006,0.826771288311208
66,1265,8,2,20.0,without_chunking,LMM-2,8.5,8.625000000000004,0.8665495490333178
66,1265,8,4,40.0,without_chunking,LMM-1,10.5,10.52499999999999,0.7968566162840389
66,1265,8,4,40.0,without_chunking,LMM-2,8.25,8.387499999999994,0.8539592670854985
66,1265,8,6,60.0,without_chunking,LMM-1,10.5,10.524999999999977,0.7938669933808
66,1265,8,6,60.0,without_chunking,LMM-2,8.083333333333334,8.22916666666665,0.8588057391033985
66,1265,8,8,80.0,without_chunking,LMM-1,10.5,10.52499999999998,0.7741875301461658
66,1265,8,8,80.0,without_chunking,LMM-2,8.5,8.624999999999982,0.8320445635294247
66,1265,10,2,20.0,without_chunking,LMM-1,6.0,6.2500000000000036,0.8966417423326084
66,1265,10,2,20.0,without_chunking,LMM-2,7.25,7.4375000000000036,0.8942875620418341
66,1265,10,4,40.0,without_chunking,LMM-1,6.0,6.249999999999994,0.8761000705002377
66,1265,10,4,40.0,without_chunking,LMM-2,5.25,5.537499999999995,0.9250453917426351
66,1265,10,6,60.0,without_chunking,LMM-1,7.75,7.912499999999982,0.8559801453074068
66,1265,10,6,60.0,without_chunking,LMM-2,6.5,6.724999999999985,0.896737177947651
66,1265,10,8,80.0,without_chunking,LMM-1,7.75,7.9124999999999845,0.8427373563712239
66,1265,10,8,80.0,without_chunking,LMM-2,6.5,6.724999999999987,0.8903723377797761
67,1266,4,2,20.0,without_chunking,LMM-1,10.5,10.525000000000006,0.8011533146803194
67,1266,4,2,20.0,without_chunking,LMM-2,10.5,10.525000000000006,0.8011533146803194
67,1266,4,4,40.0,without_chunking,LMM-1,10.5,10.52499999999999,0.7676848686411476
67,1266,4,4,40.0,without_chunking,LMM-2,10.5,10.52499999999999,0.7676848686411476
67,1266,4,6,60.0,without_chunking,LMM-1,10.5,10.524999999999977,0.7355252828015373
67,1266,4,6,60.0,without_chunking,LMM-2,10.5,10.524999999999977,0.7355252828015373
67,1266,4,8,80.0,without_chunking,LMM-1,10.5,10.52499999999998,0.7046273585970668
67,1266,4,8,80.0,without_chunking,LMM-2,10.5,10.52499999999998,0.7046273585970668
67,1266,6,2,20.0,without_chunking,LMM-1,10.0,10.050000000000008,0.8232415754300513
67,1266,6,2,20.0,without_chunking,LMM-2,10.0,10.050000000000008,0.8232415754300513
67,1266,6,4,40.0,without_chunking,LMM-1,10.0,10.04999999999999,0.7935299067195
67,1266,6,4,40.0,without_chunking,LMM-2,9.375,9.456249999999992,0.8127383151334919
67,1266,6,6,60.0,without_chunking,LMM-1,10.5,10.524999999999977,0.7803424295016697
67,1266,6,6,60.0,without_chunking,LMM-2,8.666666666666668,8.783333333333314,0.8276734702027263
67,1266,6,8,80.0,without_chunking,LMM-1,9.5,9.574999999999982,0.7977745374112377
67,1266,6,8,80.0,without_chunking,LMM-2,8.125,8.268749999999986,0.8370019724680726
67,1266,8,2,20.0,without_chunking,LMM-1,9.5,9.575000000000006,0.8577507845290939
67,1266,8,2,20.0,without_chunking,LMM-2,7.5,7.675000000000004,0.8995335213574729
67,1266,8,4,40.0,without_chunking,LMM-1,9.5,9.57499999999999,0.8238403073882343
67,1266,8,4,40.0,without_chunking,LMM-2,7.625,7.793749999999993,0.890331790398216
67,1266,8,6,60.0,without_chunking,LMM-1,9.5,9.574999999999978,0.791187689418507
67,1266,8,6,60.0,without_chunking,LMM-2,6.583333333333333,6.804166666666656,0.9044873889326104
67,1266,8,8,80.0,without_chunking,LMM-1,9.75,9.812499999999982,0.7913431146988348
67,1266,8,8,80.0,without_chunking,LMM-2,7.25,7.437499999999988,0.8776001633939096
67,1266,10,2,20.0,without_chunking,LMM-1,9.0,9.100000000000005,0.8791450212274539
67,1266,10,2,20.0,without_chunking,LMM-2,8.0,8.150000000000006,0.8966198110845358
67,1266,10,4,40.0,without_chunking,LMM-1,9.0,9.09999999999999,0.8607367625101514
67,1266,10,4,40.0,without_chunking,LMM-2,7.0,7.199999999999994,0.9025839515891203
67,1266,10,6,60.0,without_chunking,LMM-1,9.0,9.09999999999998,0.8427890864525082
67,1266,10,6,60.0,without_chunking,LMM-2,7.5,7.674999999999983,0.8817210165404503
67,1266,10,8,80.0,without_chunking,LMM-1,9.0,9.099999999999984,0.8252898170283995
67,1266,10,8,80.0,without_chunking,LMM-2,7.25,7.437499999999986,0.8767086773838705
68,1267,4,2,20.0,without_chunking,LMM-1,13.0,12.90000000000001,0.740913679226324
68,1267,4,2,20.0,without_chunking,LMM-2,13.0,12.90000000000001,0.740913679226324
68,1267,4,4,40.0,without_chunking,LMM-1,13.0,12.899999999999984,0.6948902818385789
68,1267,4,4,40.0,without_chunking,LMM-2,13.0,12.899999999999984,0.6948902818385789
68,1267,4,6,60.0,without_chunking,LMM-1,13.0,12.89999999999997,0.6951925871460571
68,1267,4,6,60.0,without_chunking,LMM-2,13.0,12.89999999999997,0.6951925871460571
68,1267,4,8,80.0,without_chunking,LMM-1,13.0,12.899999999999977,0.6674663344060575
68,1267,4,8,80.0,without_chunking,LMM-2,13.0,12.899999999999977,0.6674663344060575
68,1267,6,2,20.0,without_chunking,LMM-1,12.0,11.95000000000001,0.7918910872526571
68,1267,6,2,20.0,without_chunking,LMM-2,12.0,11.95000000000001,0.7918910872526571
68,1267,6,4,40.0,without_chunking,LMM-1,12.0,11.949999999999989,0.7585925723039337
68,1267,6,4,40.0,without_chunking,LMM-2,12.0,11.949999999999989,0.7585925723039337
68,1267,6,6,60.0,without_chunking,LMM-1,12.0,11.949999999999974,0.7266330104403159
68,1267,6,6,60.0,without_chunking,LMM-2,12.0,11.949999999999974,0.7266330104403159
68,1267,6,8,80.0,without_chunking,LMM-1,12.0,11.949999999999978,0.6959612069284058
68,1267,6,8,80.0,without_chunking,LMM-2,12.0,11.949999999999978,0.6959612069284058
68,1267,8,2,20.0,without_chunking,LMM-1,10.0,10.050000000000008,0.8349472273390872
68,1267,8,2,20.0,without_chunking,LMM-2,10.0,10.050000000000008,0.8349472273390872
68,1267,8,4,40.0,without_chunking,LMM-1,10.0,10.04999999999999,0.812325622123069
68,1267,8,4,40.0,without_chunking,LMM-2,10.0,10.04999999999999,0.812325622123069
68,1267,8,6,60.0,without_chunking,LMM-1,10.0,10.04999999999998,0.7902929391982938
68,1267,8,6,60.0,without_chunking,LMM-2,10.0,10.04999999999998,0.7902929391982938
68,1267,8,8,80.0,without_chunking,LMM-1,10.0,10.049999999999983,0.7688345050770462
68,1267,8,8,80.0,without_chunking,LMM-2,10.0,10.049999999999983,0.7688345050770462
68,1267,10,2,20.0,without_chunking,LMM-1,9.0,9.100000000000005,0.8644623921390302
68,1267,10,2,20.0,without_chunking,LMM-2,9.0,9.100000000000005,0.8644623921390302
68,1267,10,4,40.0,without_chunking,LMM-1,9.0,9.09999999999999,0.8436135708898855
68,1267,10,4,40.0,without_chunking,LMM-2,9.0,9.09999999999999,0.8435411792590701
68,1267,10,6,60.0,without_chunking,LMM-1,9.0,9.09999999999998,0.823245563129207
68,1267,10,6,60.0,without_chunking,LMM-2,8.5,8.624999999999982,0.8365893133112017
68,1267,10,8,80.0,without_chunking,LMM-1,9.0,9.099999999999984,0.8033477947617338
68,1267,10,8,80.0,without_chunking,LMM-2,8.5,8.624999999999986,0.8299422485909891
69,1268,4,2,20.0,without_chunking,LMM-1,13.0,12.90000000000001,0.7623830619232992
69,1268,4,2,20.0,without_chunking,LMM-2,13.0,12.90000000000001,0.7623830619232992
69,1268,4,4,40.0,without_chunking,LMM-1,13.0,12.899999999999984,0.7363764952283511
69,1268,4,4,40.0,without_chunking,LMM-2,13.0,12.899999999999984,0.7363764952283511
69,1268,4,6,60.0,without_chunking,LMM-1,13.0,12.89999999999997,0.7112431900957551
69,1268,4,6,60.0,without_chunking,LMM-2,13.0,12.89999999999997,0.7112431900957551
69,1268,4,8,80.0,without_chunking,LMM-1,13.0,12.899999999999977,0.686954432742578
69,1268,4,8,80.0,without_chunking,LMM-2,13.0,12.899999999999977,0.686954432742578
69,1268,6,2,20.0,without_chunking,LMM-1,9.0,9.100000000000005,0.8356160435737239
69,1268,6,2,20.0,without_chunking,LMM-2,9.0,9.100000000000005,0.8356160435737239
69,1268,6,4,40.0,without_chunking,LMM-1,9.0,9.09999999999999,0.8077037142777668
69,1268,6,4,40.0,without_chunking,LMM-2,9.0,9.09999999999999,0.8077037142777668
69,1268,6,6,60.0,without_chunking,LMM-1,9.0,9.09999999999998,0.7806401986834771
69,1268,6,6,60.0,without_chunking,LMM-2,9.0,9.09999999999998,0.7806401986834771
69,1268,6,8,80.0,without_chunking,LMM-1,9.0,9.099999999999984,0.7868667134618748
69,1268,6,8,80.0,without_chunking,LMM-2,9.0,9.099999999999984,0.7868667134618748
69,1268,8,2,20.0,without_chunking,LMM-1,7.0,7.200000000000004,0.8861816021840636
69,1268,8,2,20.0,without_chunking,LMM-2,7.0,7.200000000000004,0.8861816021840636
69,1268,8,4,40.0,without_chunking,LMM-1,7.0,7.199999999999992,0.8661406086182422
69,1268,8,4,40.0,without_chunking,LMM-2,7.0,7.199999999999992,0.8661406086182422
69,1268,8,6,60.0,without_chunking,LMM-1,7.0,7.199999999999984,0.8464964676856014
69,1268,8,6,60.0,without_chunking,LMM-2,7.0,7.199999999999984,0.8464964676856014
69,1268,8,8,80.0,without_chunking,LMM-1,7.0,7.199999999999986,0.8272424116268591
69,1268,8,8,80.0,without_chunking,LMM-2,7.0,7.199999999999986,0.8272424116268591
69,1268,10,2,20.0,without_chunking,LMM-1,8.0,8.150000000000006,0.8857360787315075
69,1268,10,2,20.0,without_chunking,LMM-2,7.5,7.675000000000004,0.8955305462955212
69,1268,10,4,40.0,without_chunking,LMM-1,8.0,8.149999999999991,0.8686439595071185
69,1268,10,4,40.0,without_chunking,LMM-2,5.5,5.774999999999995,0.9134098172041141
69,1268,10,6,60.0,without_chunking,LMM-1,8.0,8.14999999999998,0.8518717271600895
69,1268,10,6,60.0,without_chunking,LMM-2,6.333333333333333,6.566666666666651,0.9014262239175124
69,1268,10,8,80.0,without_chunking,LMM-1,8.0,8.149999999999984,0.8354136107528223
69,1268,10,8,80.0,without_chunking,LMM-2,6.25,6.487499999999988,0.8991715036652457
70,1269,4,2,20.0,without_chunking,LMM-1,12.0,11.95000000000001,0.7648571971200911
70,1269,4,2,20.0,without_chunking,LMM-2,12.0,11.95000000000001,0.7648571971200911
70,1269,4,4,40.0,without_chunking,LMM-1,12.0,11.949999999999989,0.7211368730768539
70,1269,4,4,40.0,without_chunking,LMM-2,12.0,11.949999999999989,0.7211368730768539
70,1269,4,6,60.0,without_chunking,LMM-1,11.25,11.237499999999976,0.7330748200196708
70,1269,4,6,60.0,without_chunking,LMM-2,11.25,11.237499999999976,0.7330748200196708
70,1269,4,8,80.0,without_chunking,LMM-1,11.25,11.23749999999998,0.7080741290176261
70,1269,4,8,80.0,without_chunking,LMM-2,11.25,11.23749999999998,0.7080741290176261
70,1269,6,2,20.0,without_chunking,LMM-1,12.0,11.95000000000001,0.7876513440909153
70,1269,6,2,20.0,without_chunking,LMM-2,12.0,11.95000000000001,0.7876513440909153
70,1269,6,4,40.0,without_chunking,LMM-1,12.0,11.949999999999989,0.7552385590627546
70,1269,6,4,40.0,without_chunking,LMM-2,12.0,11.949999999999989,0.7552385590627546
70,1269,6,6,60.0,without_chunking,LMM-1,12.0,11.949999999999974,0.7241135524372403
70,1269,6,6,60.0,without_chunking,LMM-2,12.0,11.949999999999974,0.7241135524372403
70,1269,6,8,80.0,without_chunking,LMM-1,11.0,10.999999999999979,0.7495145584032553
70,1269,6,8,80.0,without_chunking,LMM-2,11.0,10.999999999999979,0.7495145584032553
70,1269,8,2,20.0,without_chunking,LMM-1,11.5,11.475000000000009,0.7973851786836055
70,1269,8,2,20.0,without_chunking,LMM-2,11.5,11.475000000000009,0.7973851786836055
70,1269,8,4,40.0,without_chunking,LMM-1,11.5,11.474999999999987,0.7625460590824751
70,1269,8,4,40.0,without_chunking,LMM-2,11.5,11.474999999999987,0.7625460590824751
70,1269,8,6,60.0,without_chunking,LMM-1,10.5,10.524999999999977,0.7771241332037822
70,1269,8,6,60.0,without_chunking,LMM-2,10.5,10.524999999999977,0.7771241332037822
70,1269,8,8,80.0,without_chunking,LMM-1,10.5,10.52499999999998,0.756356106688638
70,1269,8,8,80.0,without_chunking,LMM-2,10.5,10.52499999999998,0.756356106688638
70,1269,10,2,20.0,without_chunking,LMM-1,11.0,11.000000000000007,0.8107691183860419
70,1269,10,2,20.0,without_chunking,LMM-2,11.0,11.000000000000007,0.8107691183860419
70,1269,10,4,40.0,without_chunking,LMM-1,11.0,10.99999999999999,0.7765970727607039
70,1269,10,4,40.0,without_chunking,LMM-2,11.0,10.99999999999999,0.7765970727607039
70,1269,10,6,60.0,without_chunking,LMM-1,11.0,10.999999999999977,0.743778039065319
70,1269,10,6,60.0,without_chunking,LMM-2,11.0,10.999999999999977,0.743778039065319
70,1269,10,8,80.0,without_chunking,LMM-1,11.0,10.99999999999998,0.7122623058645896
70,1269,10,8,80.0,without_chunking,LMM-2,11.0,10.99999999999998,0.7122623058645896
71,1270,4,2,20.0,without_chunking,LMM-1,12.5,12.425000000000008,0.7689844678704416
71,1270,4,2,20.0,without_chunking,LMM-2,12.5,12.425000000000008,0.7689844678704416
71,1270,4,4,40.0,without_chunking,LMM-1,12.5,12.424999999999986,0.7247001031697031
71,1270,4,4,40.0,without_chunking,LMM-2,12.5,12.424999999999986,0.7247001031697031
71,1270,4,6,60.0,without_chunking,LMM-1,12.5,12.424999999999974,0.682844257798428
71,1270,4,6,60.0,without_chunking,LMM-2,12.5,12.424999999999974,0.682844257798428
71,1270,4,8,80.0,without_chunking,LMM-1,12.5,12.42499999999998,0.643737144043167
71,1270,4,8,80.0,without_chunking,LMM-2,12.5,12.42499999999998,0.643737144043167
71,1270,6,2,20.0,without_chunking,LMM-1,12.5,12.425000000000008,0.7799475501983704
71,1270,6,2,20.0,without_chunking,LMM-2,12.5,12.425000000000008,0.7799475501983704
71,1270,6,4,40.0,without_chunking,LMM-1,12.5,12.424999999999986,0.735502434667048
71,1270,6,4,40.0,without_chunking,LMM-2,12.5,12.424999999999986,0.735502434667048
71,1270,6,6,60.0,without_chunking,LMM-1,12.5,12.424999999999974,0.6934698657503504
71,1270,6,6,60.0,without_chunking,LMM-2,12.5,12.424999999999974,0.6934698657503504
71,1270,6,8,80.0,without_chunking,LMM-1,12.5,12.42499999999998,0.6537795533504722
71,1270,6,8,80.0,without_chunking,LMM-2,12.5,12.42499999999998,0.6537795533504722
71,1270,8,2,20.0,without_chunking,LMM-1,11.5,11.475000000000009,0.8055466573688193
71,1270,8,2,20.0,without_chunking,LMM-2,11.5,11.475000000000009,0.8055466573688193
71,1270,8,4,40.0,without_chunking,LMM-1,11.5,11.474999999999989,0.7704417913121707
71,1270,8,4,40.0,without_chunking,LMM-2,11.5,11.474999999999989,0.7704417913121707
71,1270,8,6,60.0,without_chunking,LMM-1,11.5,11.474999999999975,0.7367834831552773
71,1270,8,6,60.0,without_chunking,LMM-2,11.5,11.474999999999975,0.7367834831552773
71,1270,8,8,80.0,without_chunking,LMM-1,11.5,11.47499999999998,0.7045158453772828
71,1270,8,8,80.0,without_chunking,LMM-2,11.5,11.47499999999998,0.7045158453772828
71,1270,10,2,20.0,without_chunking,LMM-1,10.5,10.525000000000006,0.8247959562069884
71,1270,10,2,20.0,without_chunking,LMM-2,10.5,10.525000000000006,0.8247959562069884
71,1270,10,4,40.0,without_chunking,LMM-1,10.5,10.524999999999988,0.7868856607088218
71,1270,10,4,40.0,without_chunking,LMM-2,10.5,10.524999999999988,0.7868856607088218
71,1270,10,6,60.0,without_chunking,LMM-1,10.5,10.524999999999977,0.7506051903495095
71,1270,10,6,60.0,without_chunking,LMM-2,10.5,10.524999999999977,0.7506051903495095
71,1270,10,8,80.0,without_chunking,LMM-1,10.5,10.52499999999998,0.7158899604398143
71,1270,10,8,80.0,without_chunking,LMM-2,10.5,10.52499999999998,0.7158899604398143
72,1271,4,2,20.0,without_chunking,LMM-1,11.0,11.000000000000007,0.7803660395995797
72,1271,4,2,20.0,without_chunking,LMM-2,11.0,11.000000000000007,0.7803660395995797
72,1271,4,4,40.0,without_chunking,LMM-1,11.0,10.99999999999999,0.7437602145777359
72,1271,4,4,40.0,without_chunking,LMM-2,11.0,10.99999999999999,0.7437602145777359
72,1271,4,6,60.0,without_chunking,LMM-1,11.0,10.999999999999977,0.7087597735783331
72,1271,4,6,60.0,without_chunking,LMM-2,11.0,10.999999999999977,0.7087597735783331
72,1271,4,8,80.0,without_chunking,LMM-1,11.25,11.23749999999998,0.7113931718622233
72,1271,4,8,80.0,without_chunking,LMM-2,11.25,11.23749999999998,0.7113931718622233
72,1271,6,2,20.0,without_chunking,LMM-1,10.0,10.050000000000006,0.8074615561986889
72,1271,6,2,20.0,without_chunking,LMM-2,10.0,10.050000000000006,0.8074615561986889
72,1271,6,4,40.0,without_chunking,LMM-1,10.0,10.04999999999999,0.7737142612716508
72,1271,6,4,40.0,without_chunking,LMM-2,10.0,10.04999999999999,0.7737142612716508
72,1271,6,6,60.0,without_chunking,LMM-1,10.0,10.049999999999978,0.7711325479455187
72,1271,6,6,60.0,without_chunking,LMM-2,10.0,10.049999999999978,0.7711325479455187
72,1271,6,8,80.0,without_chunking,LMM-1,10.0,10.049999999999981,0.7501106901416825
72,1271,6,8,80.0,without_chunking,LMM-2,10.0,10.049999999999981,0.7501106901416825
72,1271,8,2,20.0,without_chunking,LMM-1,8.0,8.150000000000004,0.8537914740354153
72,1271,8,2,20.0,without_chunking,LMM-2,8.0,8.150000000000004,0.8537914740354153
72,1271,8,4,40.0,without_chunking,LMM-1,8.0,8.149999999999991,0.8273131433565729
72,1271,8,4,40.0,without_chunking,LMM-2,8.0,8.149999999999991,0.8273131433565729
72,1271,8,6,60.0,without_chunking,LMM-1,8.0,8.149999999999983,0.8015650307334777
72,1271,8,6,60.0,without_chunking,LMM-2,8.0,8.149999999999983,0.8015650307334777
72,1271,8,8,80.0,without_chunking,LMM-1,8.5,8.624999999999982,0.796002248760126
72,1271,8,8,80.0,without_chunking,LMM-2,6.75,6.962499999999988,0.8354236025884934
72,1271,10,2,20.0,without_chunking,LMM-1,8.75,8.862500000000004,0.8609774606760789
72,1271,10,2,20.0,without_chunking,LMM-2,5.5,5.775000000000002,0.9284465481323865
72,1271,10,4,40.0,without_chunking,LMM-1,8.75,8.862499999999992,0.8398093021712271
72,1271,10,4,40.0,without_chunking,LMM-2,4.5,4.824999999999997,0.9388727574726764
72,1271,10,6,60.0,without_chunking,LMM-1,8.75,8.86249999999998,0.8191946382942742
72,1271,10,6,60.0,without_chunking,LMM-2,4.5,4.82499999999999,0.9341288800742436
72,1271,10,8,80.0,without_chunking,LMM-1,8.75,8.862499999999983,0.7991192724580553
72,1271,10,8,80.0,without_chunking,LMM-2,4.5,4.82499999999999,0.929406110597981
73,1272,4,2,20.0,without_chunking,LMM-1,11.5,11.475000000000009,0.7596569888238076
73,1272,4,2,20.0,without_chunking,LMM-2,11.5,11.475000000000009,0.7596569888238076
73,1272,4,4,40.0,without_chunking,LMM-1,11.5,11.474999999999989,0.7221196869750177
73,1272,4,4,40.0,without_chunking,LMM-2,11.5,11.474999999999989,0.7221196869750177
73,1272,4,6,60.0,without_chunking,LMM-1,11.75,11.712499999999974,0.714296764275026
73,1272,4,6,60.0,without_chunking,LMM-2,11.75,11.712499999999974,0.714296764275026
73,1272,4,8,80.0,without_chunking,LMM-1,12.5,12.42499999999998,0.6945847302964565
73,1272,4,8,80.0,without_chunking,LMM-2,12.5,12.42499999999998,0.6945847302964565
73,1272,6,2,20.0,without_chunking,LMM-1,9.5,9.575000000000006,0.8324720517959924
73,1272,6,2,20.0,without_chunking,LMM-2,9.5,9.575000000000006,0.8324720517959924
73,1272,6,4,40.0,without_chunking,LMM-1,9.5,9.57499999999999,0.8017894749904774
73,1272,6,4,40.0,without_chunking,LMM-2,9.5,9.57499999999999,0.8017894749904774
73,1272,6,6,60.0,without_chunking,LMM-1,9.5,9.57499999999998,0.7721441254196331
73,1272,6,6,60.0,without_chunking,LMM-2,9.5,9.57499999999998,0.7721441254196331
73,1272,6,8,80.0,without_chunking,LMM-1,9.5,9.574999999999982,0.7435043947676849
73,1272,6,8,80.0,without_chunking,LMM-2,9.5,9.574999999999982,0.7435043947676849
73,1272,8,2,20.0,without_chunking,LMM-1,9.5,9.575000000000006,0.8324720517959924
73,1272,8,2,20.0,without_chunking,LMM-2,9.5,9.575000000000006,0.8324358868395803
73,1272,8,4,40.0,without_chunking,LMM-1,9.5,9.57499999999999,0.8017894749904774
73,1272,8,4,40.0,without_chunking,LMM-2,8.5,8.624999999999993,0.8331693882493888
73,1272,8,6,60.0,without_chunking,LMM-1,9.0,9.09999999999998,0.8066028746094605
73,1272,8,6,60.0,without_chunking,LMM-2,8.5,8.624999999999982,0.8331289195921352
73,1272,8,8,80.0,without_chunking,LMM-1,9.0,9.099999999999984,0.7877488277894593
73,1272,8,8,80.0,without_chunking,LMM-2,8.4375,8.565624999999983,0.8225388416550498
73,1272,10,2,20.0,without_chunking,LMM-1,10.0,10.050000000000008,0.8332997628515939
73,1272,10,2,20.0,without_chunking,LMM-2,8.5,8.625000000000004,0.8771913106043816
73,1272,10,4,40.0,without_chunking,LMM-1,10.0,10.04999999999999,0.7962938315409402
73,1272,10,4,40.0,without_chunking,LMM-2,6.0,6.249999999999993,0.90203081439869
73,1272,10,6,60.0,without_chunking,LMM-1,8.5,8.624999999999982,0.8384803895083165
73,1272,10,6,60.0,without_chunking,LMM-2,6.75,6.962499999999984,0.8860560614887216
73,1272,10,8,80.0,without_chunking,LMM-1,8.5,8.624999999999984,0.8243737421189643
73,1272,10,8,80.0,without_chunking,LMM-2,6.4375,6.665624999999988,0.8829278088539136
74,1273,4,2,20.0,without_chunking,LMM-1,10.25,10.287500000000007,0.814821653401899
74,1273,4,2,20.0,without_chunking,LMM-2,7.5,7.6750000000000025,0.8794452183316022
74,1273,4,4,40.0,without_chunking,LMM-1,10.25,10.28749999999999,0.7962005979561458
74,1273,4,4,40.0,without_chunking,LMM-2,7.0,7.199999999999996,0.8772797265328673
74,1273,4,6,60.0,without_chunking,LMM-1,10.25,10.287499999999978,0.7779719825126961
74,1273,4,6,60.0,without_chunking,LMM-2,6.833333333333334,7.041666666666653,0.8693684905215302
74,1273,4,8,80.0,without_chunking,LMM-1,10.25,10.287499999999982,0.7601282648398135
74,1273,4,8,80.0,without_chunking,LMM-2,6.75,6.962499999999986,0.8605151771106727
74,1273,6,2,20.0,without_chunking,LMM-1,10.0,10.050000000000008,0.8348817117453636
74,1273,6,2,20.0,without_chunking,LMM-2,10.0,10.050000000000008,0.8348817117453636
74,1273,6,4,40.0,without_chunking,LMM-1,10.0,10.04999999999999,0.8139507558675827
74,1273,6,4,40.0,without_chunking,LMM-2,10.0,10.04999999999999,0.8139507558675827
74,1273,6,6,60.0,without_chunking,LMM-1,10.0,10.04999999999998,0.7935310660957484
74,1273,6,6,60.0,without_chunking,LMM-2,10.0,10.04999999999998,0.7935310660957484
74,1273,6,8,80.0,without_chunking,LMM-1,10.0,10.049999999999983,0.7736105436812816
74,1273,6,8,80.0,without_chunking,LMM-2,10.0,10.049999999999983,0.7736105436812816
74,1273,8,2,20.0,without_chunking,LMM-1,8.0,8.150000000000002,0.8649968242459382
74,1273,8,2,20.0,without_chunking,LMM-2,6.0,6.250000000000002,0.9112874482601453
74,1273,8,4,40.0,without_chunking,LMM-1,8.0,8.149999999999991,0.8406618809072963
74,1273,8,4,40.0,without_chunking,LMM-2,6.875,7.08124999999999,0.8921549062781126
74,1273,8,6,60.0,without_chunking,LMM-1,8.0,8.14999999999998,0.8169417298807413
74,1273,8,6,60.0,without_chunking,LMM-2,5.916666666666666,6.170833333333319,0.8978899524267496
74,1273,8,8,80.0,without_chunking,LMM-1,8.0,8.149999999999984,0.7938225844910476
74,1273,8,8,80.0,without_chunking,LMM-2,6.25,6.487499999999988,0.8985407229228393
74,1273,10,2,20.0,without_chunking,LMM-1,6.5,6.725000000000003,0.893554324274492
74,1273,10,2,20.0,without_chunking,LMM-2,6.5,6.725000000000003,0.893554324274492
74,1273,10,4,40.0,without_chunking,LMM-1,6.5,6.7249999999999925,0.8792016842618393
74,1273,10,4,40.0,without_chunking,LMM-2,6.5,6.7249999999999925,0.8792016842618393
74,1273,10,6,60.0,without_chunking,LMM-1,6.5,6.7249999999999845,0.8650531010495481
74,1273,10,6,60.0,without_chunking,LMM-2,6.5,6.7249999999999845,0.8650531010495481
74,1273,10,8,80.0,without_chunking,LMM-1,6.5,6.724999999999987,0.8511060881580786
74,1273,10,8,80.0,without_chunking,LMM-2,6.5,6.724999999999987,0.8511060881580786
75,1274,4,2,20.0,without_chunking,LMM-1,10.0,10.050000000000006,0.8042477959406424
75,1274,4,2,20.0,without_chunking,LMM-2,10.0,10.050000000000006,0.8042477959406424
75,1274,4,4,40.0,without_chunking,LMM-1,10.0,10.04999999999999,0.7805889584410611
75,1274,4,4,40.0,without_chunking,LMM-2,10.0,10.04999999999999,0.7805889584410611
75,1274,4,6,60.0,without_chunking,LMM-1,10.0,10.049999999999978,0.7575689060799446
75,1274,4,6,60.0,without_chunking,LMM-2,10.0,10.049999999999978,0.7575689060799446
75,1274,4,8,80.0,without_chunking,LMM-1,10.0,10.049999999999981,0.7354314233337467
75,1274,4,8,80.0,without_chunking,LMM-2,10.0,10.049999999999981,0.7354314233337467
75,1274,6,2,20.0,without_chunking,LMM-1,9.5,9.575000000000006,0.8302514166556045
75,1274,6,2,20.0,without_chunking,LMM-2,9.5,9.575000000000006,0.8302514166556045
75,1274,6,4,40.0,without_chunking,LMM-1,9.5,9.57499999999999,0.8054332608958944
75,1274,6,4,40.0,without_chunking,LMM-2,9.5,9.57499999999999,0.8054332608958944
75,1274,6,6,60.0,without_chunking,LMM-1,9.5,9.574999999999978,0.7813028231355879
75,1274,6,6,60.0,without_chunking,LMM-2,9.5,9.574999999999978,0.7813028231355879
75,1274,6,8,80.0,without_chunking,LMM-1,9.5,9.574999999999982,0.7579733030745421
75,1274,6,8,80.0,without_chunking,LMM-2,9.5,9.574999999999982,0.7579733030745421
75,1274,8,2,20.0,without_chunking,LMM-1,9.0,9.100000000000005,0.857652704708159
75,1274,8,2,20.0,without_chunking,LMM-2,7.0,7.200000000000003,0.9058715098537784
75,1274,8,4,40.0,without_chunking,LMM-1,9.0,9.09999999999999,0.8245582870106862
75,1274,8,4,40.0,without_chunking,LMM-2,7.25,7.437499999999991,0.8896523722072912
75,1274,8,6,60.0,without_chunking,LMM-1,9.0,9.09999999999998,0.7926456046334772
75,1274,8,6,60.0,without_chunking,LMM-2,7.5,7.674999999999984,0.8697793937883884
75,1274,8,8,80.0,without_chunking,LMM-1,9.25,9.33749999999998,0.7934713359896509
75,1274,8,8,80.0,without_chunking,LMM-2,7.5,7.674999999999985,0.8598712147077963
75,1274,10,2,20.0,without_chunking,LMM-1,9.0,9.100000000000005,0.857652704708159
75,1274,10,2,20.0,without_chunking,LMM-2,7.5,7.675000000000003,0.9003090842130854
75,1274,10,4,40.0,without_chunking,LMM-1,9.0,9.09999999999999,0.8435360447020993
75,1274,10,4,40.0,without_chunking,LMM-2,6.875,7.081249999999994,0.8977971548381913
75,1274,10,6,60.0,without_chunking,LMM-1,9.0,9.09999999999998,0.8220482684244999
75,1274,10,6,60.0,without_chunking,LMM-2,6.166666666666666,6.408333333333319,0.9002811206237888
75,1274,10,8,80.0,without_chunking,LMM-1,7.75,7.9124999999999845,0.8422554969494496
75,1274,10,8,80.0,without_chunking,LMM-2,5.875,6.131249999999989,0.8990624827335885
76,1275,4,2,20.0,without_chunking,LMM-1,11.0,11.000000000000007,0.8036993439284934
76,1275,4,2,20.0,without_chunking,LMM-2,11.0,11.000000000000007,0.8036993439284934
76,1275,4,4,40.0,without_chunking,LMM-1,11.0,10.99999999999999,0.7832862786532226
76,1275,4,4,40.0,without_chunking,LMM-2,11.0,10.99999999999999,0.7832862786532226
76,1275,4,6,60.0,without_chunking,LMM-1,11.0,10.999999999999975,0.7633754515327641
76,1275,4,6,60.0,without_chunking,LMM-2,11.0,10.999999999999975,0.7633754515327641
76,1275,4,8,80.0,without_chunking,LMM-1,11.0,10.999999999999979,0.7439551331425698
76,1275,4,8,80.0,without_chunking,LMM-2,11.0,10.999999999999979,0.7439551331425698
76,1275,6,2,20.0,without_chunking,LMM-1,12.0,11.95000000000001,0.7910489743349813
76,1275,6,2,20.0,without_chunking,LMM-2,11.25,11.237500000000008,0.8046949523697616
76,1275,6,4,40.0,without_chunking,LMM-1,12.0,11.949999999999989,0.7491953882530278
76,1275,6,4,40.0,without_chunking,LMM-2,10.625,10.643749999999988,0.803811422132523
76,1275,6,6,60.0,without_chunking,LMM-1,12.0,11.949999999999974,0.7446455881001464
76,1275,6,6,60.0,without_chunking,LMM-2,10.25,10.287499999999977,0.8054211686781139
76,1275,6,8,80.0,without_chunking,LMM-1,12.0,11.949999999999978,0.7187924931157985
76,1275,6,8,80.0,without_chunking,LMM-2,10.5,10.52499999999998,0.7909320430322548
76,1275,8,2,20.0,without_chunking,LMM-1,12.0,11.95000000000001,0.7910489743349813
76,1275,8,2,20.0,without_chunking,LMM-2,11.25,11.237500000000008,0.8046949523697616
76,1275,8,4,40.0,without_chunking,LMM-1,11.5,11.474999999999987,0.7820549755912338
76,1275,8,4,40.0,without_chunking,LMM-2,9.625,9.693749999999989,0.8343503697590372
76,1275,8,6,60.0,without_chunking,LMM-1,11.5,11.474999999999973,0.7556436082758955
76,1275,8,6,60.0,without_chunking,LMM-2,9.0,9.09999999999998,0.8346373506300058
76,1275,8,8,80.0,without_chunking,LMM-1,10.0,10.049999999999983,0.7867629478531342
76,1275,8,8,80.0,without_chunking,LMM-2,9.125,9.218749999999982,0.8313394300000927
76,1275,10,2,20.0,without_chunking,LMM-1,8.5,8.625000000000004,0.8581213631311421
76,1275,10,2,20.0,without_chunking,LMM-2,8.5,8.625000000000004,0.8580826566255011
76,1275,10,4,40.0,without_chunking,LMM-1,8.5,8.624999999999991,0.8309254510360515
76,1275,10,4,40.0,without_chunking,LMM-2,6.625,6.843749999999994,0.8904900682186743
76,1275,10,6,60.0,without_chunking,LMM-1,8.5,8.62499999999998,0.8045142415050907
76,1275,10,6,60.0,without_chunking,LMM-2,6.666666666666666,6.883333333333319,0.8871244702671695
76,1275,10,8,80.0,without_chunking,LMM-1,9.25,9.33749999999998,0.7945847662554284
76,1275,10,8,80.0,without_chunking,LMM-2,6.4375,6.665624999999988,0.8863267171498204
77,1276,4,2,20.0,without_chunking,LMM-1,11.0,11.000000000000007,0.7825162516373358
77,1276,4,2,20.0,without_chunking,LMM-2,11.0,11.000000000000007,0.7825162516373358
77,1276,4,4,40.0,without_chunking,LMM-1,11.0,10.99999999999999,0.7522372328778819
77,1276,4,4,40.0,without_chunking,LMM-2,11.0,10.99999999999999,0.7522372328778819
77,1276,4,6,60.0,without_chunking,LMM-1,11.0,10.999999999999977,0.7230536528407812
77,1276,4,6,60.0,without_chunking,LMM-2,11.0,10.999999999999977,0.7230536528407812
77,1276,4,8,80.0,without_chunking,LMM-1,12.0,11.94999999999998,0.7162514815013749
77,1276,4,8,80.0,without_chunking,LMM-2,12.0,11.94999999999998,0.7162514815013749
77,1276,6,2,20.0,without_chunking,LMM-1,10.0,10.050000000000004,0.8086102317126178
77,1276,6,2,20.0,without_chunking,LMM-2,10.0,10.050000000000004,0.8086102317126178
77,1276,6,4,40.0,without_chunking,LMM-1,10.0,10.04999999999999,0.7729156451132653
77,1276,6,4,40.0,without_chunking,LMM-2,10.0,10.04999999999999,0.7729156451132653
77,1276,6,6,60.0,without_chunking,LMM-1,10.0,10.049999999999978,0.7386838290408655
77,1276,6,6,60.0,without_chunking,LMM-2,10.0,10.049999999999978,0.7386838290408655
77,1276,6,8,80.0,without_chunking,LMM-1,10.5,10.52499999999998,0.7512643367009662
77,1276,6,8,80.0,without_chunking,LMM-2,10.5,10.52499999999998,0.7512643367009662
77,1276,8,2,20.0,without_chunking,LMM-1,9.0,9.100000000000005,0.8336802923939668
77,1276,8,2,20.0,without_chunking,LMM-2,9.0,9.100000000000005,0.8336207471824328
77,1276,8,4,40.0,without_chunking,LMM-1,9.0,9.09999999999999,0.801913477623741
77,1276,8,4,40.0,without_chunking,LMM-2,8.625,8.74374999999999,0.8324958021069677
77,1276,8,6,60.0,without_chunking,LMM-1,9.0,9.09999999999998,0.7991075892621671
77,1276,8,6,60.0,without_chunking,LMM-2,9.333333333333332,9.416666666666647,0.8119229922091369
77,1276,8,8,80.0,without_chunking,LMM-1,9.5,9.574999999999983,0.7839041875913861
77,1276,8,8,80.0,without_chunking,LMM-2,9.4375,9.515624999999982,0.7987232753263809
77,1276,10,2,20.0,without_chunking,LMM-1,9.0,9.100000000000005,0.8477912305190194
77,1276,10,2,20.0,without_chunking,LMM-2,9.0,9.100000000000005,0.8477912305190194
77,1276,10,4,40.0,without_chunking,LMM-1,9.0,9.09999999999999,0.8145003720157671
77,1276,10,4,40.0,without_chunking,LMM-2,9.0,9.09999999999999,0.8145003720157671
77,1276,10,6,60.0,without_chunking,LMM-1,9.25,9.33749999999998,0.8087070974007176
77,1276,10,6,60.0,without_chunking,LMM-2,8.75,8.862499999999981,0.8203531509293152
77,1276,10,8,80.0,without_chunking,LMM-1,9.25,9.33749999999998,0.7874842368687893
77,1276,10,8,80.0,without_chunking,LMM-2,8.75,8.862499999999983,0.8002166312591847
78,1277,4,2,20.0,without_chunking,LMM-1,12.5,12.425000000000008,0.7836501794661042
78,1277,4,2,20.0,without_chunking,LMM-2,12.5,12.425000000000008,0.7836501794661042
78,1277,4,4,40.0,without_chunking,LMM-1,12.5,12.424999999999986,0.7547771472143339
78,1277,4,4,40.0,without_chunking,LMM-2,12.5,12.424999999999986,0.7547771472143339
78,1277,4,6,60.0,without_chunking,LMM-1,12.5,12.424999999999974,0.7269270558610177
78,1277,4,6,60.0,without_chunking,LMM-2,12.5,12.424999999999974,0.7269270558610177
78,1277,4,8,80.0,without_chunking,LMM-1,12.5,12.42499999999998,0.7000652908751139
78,1277,4,8,80.0,without_chunking,LMM-2,12.5,12.42499999999998,0.7000652908751139
78,1277,6,2,20.0,without_chunking,LMM-1,12.0,11.950000000000006,0.8005918839359432
78,1277,6,2,20.0,without_chunking,LMM-2,12.0,11.950000000000006,0.8005918839359432
78,1277,6,4,40.0,without_chunking,LMM-1,12.0,11.949999999999989,0.7740175805265117
78,1277,6,4,40.0,without_chunking,LMM-2,12.0,11.949999999999989,0.7740175805265117
78,1277,6,6,60.0,without_chunking,LMM-1,12.0,11.949999999999974,0.7482731075815852
78,1277,6,6,60.0,without_chunking,LMM-2,12.0,11.949999999999974,0.7482731075815852
78,1277,6,8,80.0,without_chunking,LMM-1,12.0,11.94999999999998,0.7233343582830143
78,1277,6,8,80.0,without_chunking,LMM-2,12.0,11.94999999999998,0.7233343582830143
78,1277,8,2,20.0,without_chunking,LMM-1,10.5,10.525000000000006,0.8353722251062488
78,1277,8,2,20.0,without_chunking,LMM-2,9.0,9.100000000000005,0.8677863886689469
78,1277,8,4,40.0,without_chunking,LMM-1,10.5,10.524999999999988,0.8095952588178876
78,1277,8,4,40.0,without_chunking,LMM-2,8.0,8.149999999999995,0.8654182559773385
78,1277,8,6,60.0,without_chunking,LMM-1,10.5,10.524999999999977,0.784560699096462
78,1277,8,6,60.0,without_chunking,LMM-2,7.0,7.199999999999985,0.8652098356702203
78,1277,8,8,80.0,without_chunking,LMM-1,10.5,10.52499999999998,0.7602488521327939
78,1277,8,8,80.0,without_chunking,LMM-2,7.0,7.199999999999987,0.848851593712656
78,1277,10,2,20.0,without_chunking,LMM-1,10.0,10.050000000000006,0.848479734490755
78,1277,10,2,20.0,without_chunking,LMM-2,8.0,8.150000000000004,0.8840446001263369
78,1277,10,4,40.0,without_chunking,LMM-1,10.0,10.04999999999999,0.8258536165037595
78,1277,10,4,40.0,without_chunking,LMM-2,6.5,6.724999999999995,0.8969953956859598
78,1277,10,6,60.0,without_chunking,LMM-1,10.0,10.04999999999998,0.8038072357642156
78,1277,10,6,60.0,without_chunking,LMM-2,5.833333333333334,6.091666666666655,0.8951011774309541
78,1277,10,8,80.0,without_chunking,LMM-1,10.0,10.049999999999981,0.7823264262863083
78,1277,10,8,80.0,without_chunking,LMM-2,5.75,6.012499999999989,0.8891990143117019
79,1278,4,2,20.0,without_chunking,LMM-1,12.0,11.95000000000001,0.7612326910996814
79,1278,4,2,20.0,without_chunking,LMM-2,12.0,11.95000000000001,0.7612326910996814
79,1278,4,4,40.0,without_chunking,LMM-1,12.0,11.949999999999989,0.7263945855510665
79,1278,4,4,40.0,without_chunking,LMM-2,12.0,11.949999999999989,0.7263945855510665
79,1278,4,6,60.0,without_chunking,LMM-1,12.0,11.949999999999974,0.6930695270251408
79,1278,4,6,60.0,without_chunking,LMM-2,12.0,11.949999999999974,0.6930695270251408
79,1278,4,8,80.0,without_chunking,LMM-1,12.0,11.949999999999978,0.6623238549847069
79,1278,4,8,80.0,without_chunking,LMM-2,12.0,11.949999999999978,0.6623238549847069
79,1278,6,2,20.0,without_chunking,LMM-1,12.0,11.95000000000001,0.7682968253094501
79,1278,6,2,20.0,without_chunking,LMM-2,12.0,11.95000000000001,0.7682968253094501
79,1278,6,4,40.0,without_chunking,LMM-1,12.0,11.949999999999989,0.7380923387767357
79,1278,6,4,40.0,without_chunking,LMM-2,12.0,11.949999999999989,0.7380923387767357
79,1278,6,6,60.0,without_chunking,LMM-1,12.0,11.949999999999974,0.7090269659144512
79,1278,6,6,60.0,without_chunking,LMM-2,12.0,11.949999999999974,0.7090269659144512
79,1278,6,8,80.0,without_chunking,LMM-1,12.0,11.949999999999978,0.6810596476063118
79,1278,6,8,80.0,without_chunking,LMM-2,12.0,11.949999999999978,0.6810596476063118
79,1278,8,2,20.0,without_chunking,LMM-1,8.0,8.150000000000004,0.8550586131595148
79,1278,8,2,20.0,without_chunking,LMM-2,8.0,8.150000000000004,0.8550586131595148
79,1278,8,4,40.0,without_chunking,LMM-1,8.0,8.149999999999991,0.8375755542328476
79,1278,8,4,40.0,without_chunking,LMM-2,8.0,8.149999999999991,0.8375755542328476
79,1278,8,6,60.0,without_chunking,LMM-1,8.0,8.149999999999983,0.8204171259303108
79,1278,8,6,60.0,without_chunking,LMM-2,8.0,8.149999999999983,0.8204171259303108
79,1278,8,8,80.0,without_chunking,LMM-1,8.0,8.149999999999984,0.803577983890829
79,1278,8,8,80.0,without_chunking,LMM-2,8.0,8.149999999999984,0.803577983890829
79,1278,10,2,20.0,without_chunking,LMM-1,8.5,8.625000000000004,0.8550580952583791
79,1278,10,2,20.0,without_chunking,LMM-2,8.5,8.625000000000004,0.8550580952583791
79,1278,10,4,40.0,without_chunking,LMM-1,8.5,8.62499999999999,0.8367962937372977
79,1278,10,4,40.0,without_chunking,LMM-2,8.5,8.62499999999999,0.8367962937372977
79,1278,10,6,60.0,without_chunking,LMM-1,8.5,8.62499999999998,0.818893200614419
79,1278,10,6,60.0,without_chunking,LMM-2,8.5,8.62499999999998,0.818893200614419
79,1278,10,8,80.0,without_chunking,LMM-1,8.5,8.624999999999984,0.801342461904227
79,1278,10,8,80.0,without_chunking,LMM-2,8.5,8.624999999999984,0.801342461904227
80,1279,4,2,20.0,without_chunking,LMM-1,16.0,15.750000000000012,0.6734047537748401
80,1279,4,2,20.0,without_chunking,LMM-2,16.0,15.750000000000012,0.6734047537748401
80,1279,4,4,40.0,without_chunking,LMM-1,16.0,15.749999999999979,0.6200830584713579
80,1279,4,4,40.0,without_chunking,LMM-2,16.0,15.749999999999979,0.6200830584713579
80,1279,4,6,60.0,without_chunking,LMM-1,16.0,15.749999999999963,0.5708799129108413
80,1279,4,6,60.0,without_chunking,LMM-2,16.0,15.749999999999963,0.5708799129108413
80,1279,4,8,80.0,without_chunking,LMM-1,16.0,15.749999999999973,0.5257153094951973
80,1279,4,8,80.0,without_chunking,LMM-2,16.0,15.749999999999973,0.5257153094951973
80,1279,6,2,20.0,without_chunking,LMM-1,14.0,13.85000000000001,0.7089751342761003
80,1279,6,2,20.0,without_chunking,LMM-2,14.0,13.85000000000001,0.7089751342761003
80,1279,6,4,40.0,without_chunking,LMM-1,14.0,13.849999999999984,0.6603268016895477
80,1279,6,4,40.0,without_chunking,LMM-2,14.0,13.849999999999984,0.6603268016895477
80,1279,6,6,60.0,without_chunking,LMM-1,14.0,13.849999999999968,0.6149046733999575
80,1279,6,6,60.0,without_chunking,LMM-2,14.0,13.849999999999968,0.6149046733999575
80,1279,6,8,80.0,without_chunking,LMM-1,14.0,13.849999999999977,0.5727928152949674
80,1279,6,8,80.0,without_chunking,LMM-2,14.0,13.849999999999977,0.5727928152949674
80,1279,8,2,20.0,without_chunking,LMM-1,9.0,9.100000000000005,0.8340695978877457
80,1279,8,2,20.0,without_chunking,LMM-2,9.0,9.100000000000005,0.8340695978877457
80,1279,8,4,40.0,without_chunking,LMM-1,9.0,9.09999999999999,0.8005036689160359
80,1279,8,4,40.0,without_chunking,LMM-2,9.0,9.09999999999999,0.8005036689160359
80,1279,8,6,60.0,without_chunking,LMM-1,9.0,9.09999999999998,0.7681913431572419
80,1279,8,6,60.0,without_chunking,LMM-2,9.0,9.09999999999998,0.7681913431572419
80,1279,8,8,80.0,without_chunking,LMM-1,9.0,9.099999999999984,0.7374346580294469
80,1279,8,8,80.0,without_chunking,LMM-2,9.0,9.099999999999984,0.7374346580294469
80,1279,10,2,20.0,without_chunking,LMM-1,8.0,8.150000000000006,0.8633975017789198
80,1279,10,2,20.0,without_chunking,LMM-2,7.25,7.437500000000003,0.8974896592318389
80,1279,10,4,40.0,without_chunking,LMM-1,8.0,8.149999999999991,0.8335368375795804
80,1279,10,4,40.0,without_chunking,LMM-2,6.75,6.962499999999993,0.8938679283179829
80,1279,10,6,60.0,without_chunking,LMM-1,8.75,8.862499999999981,0.8189647200793131
80,1279,10,6,60.0,without_chunking,LMM-2,6.416666666666667,6.645833333333319,0.8899940727958734
80,1279,10,8,80.0,without_chunking,LMM-1,8.75,8.862499999999983,0.798189459031552
80,1279,10,8,80.0,without_chunking,LMM-2,6.125,6.368749999999988,0.8891338455536972
81,1280,4,2,20.0,without_chunking,LMM-1,10.5,10.525000000000006,0.7944042229403653
81,1280,4,2,20.0,without_chunking,LMM-2,10.5,10.525000000000006,0.7944042229403653
81,1280,4,4,40.0,without_chunking,LMM-1,10.5,10.524999999999988,0.754882742213929
81,1280,4,4,40.0,without_chunking,LMM-2,10.5,10.524999999999988,0.754882742213929
81,1280,4,6,60.0,without_chunking,LMM-1,10.5,10.524999999999977,0.7506178867832114
81,1280,4,6,60.0,without_chunking,LMM-2,10.5,10.524999999999977,0.7506178867832114
81,1280,4,8,80.0,without_chunking,LMM-1,10.5,10.52499999999998,0.7256794948836758
81,1280,4,8,80.0,without_chunking,LMM-2,10.5,10.52499999999998,0.7256794948836758
81,1280,6,2,20.0,without_chunking,LMM-1,9.5,9.575000000000006,0.834577865493418
81,1280,6,2,20.0,without_chunking,LMM-2,9.5,9.575000000000006,0.834577865493418
81,1280,6,4,40.0,without_chunking,LMM-1,9.5,9.57499999999999,0.8105956831645837
81,1280,6,4,40.0,without_chunking,LMM-2,9.5,9.57499999999999,0.8105956831645837
81,1280,6,6,60.0,without_chunking,LMM-1,9.5,9.57499999999998,0.7872491151309133
81,1280,6,6,60.0,without_chunking,LMM-2,9.5,9.57499999999998,0.7872491151309133
81,1280,6,8,80.0,without_chunking,LMM-1,9.5,9.574999999999982,0.764522867388274
81,1280,6,8,80.0,without_chunking,LMM-2,9.5,9.574999999999982,0.764522867388274
81,1280,8,2,20.0,without_chunking,LMM-1,9.0,9.100000000000005,0.8507297176253361
81,1280,8,2,20.0,without_chunking,LMM-2,8.75,8.862500000000004,0.8561942910424689
81,1280,8,4,40.0,without_chunking,LMM-1,9.0,9.09999999999999,0.8316025838779968
81,1280,8,4,40.0,without_chunking,LMM-2,8.75,8.86249999999999,0.8387364877371141
81,1280,8,6,60.0,without_chunking,LMM-1,9.0,9.09999999999998,0.8128895992994845
81,1280,8,6,60.0,without_chunking,LMM-2,8.75,8.86249999999998,0.8216492548983709
81,1280,8,8,80.0,without_chunking,LMM-1,9.0,9.099999999999984,0.7945825178173693
81,1280,8,8,80.0,without_chunking,LMM-2,8.75,8.862499999999983,0.8049253443246591
81,1280,10,2,20.0,without_chunking,LMM-1,8.75,8.862500000000004,0.8593785335666512
81,1280,10,2,20.0,without_chunking,LMM-2,8.5,8.625000000000004,0.8643960535519393
81,1280,10,4,40.0,without_chunking,LMM-1,8.75,8.86249999999999,0.8400000232576552
81,1280,10,4,40.0,without_chunking,LMM-2,8.5,8.62499999999999,0.8460418701208352
81,1280,10,6,60.0,without_chunking,LMM-1,8.75,8.86249999999998,0.8210456701113422
81,1280,10,6,60.0,without_chunking,LMM-2,8.5,8.62499999999998,0.8280943698094014
81,1280,10,8,80.0,without_chunking,LMM-1,8.75,8.862499999999983,0.8025070014584359
81,1280,10,8,80.0,without_chunking,LMM-2,8.5,8.624999999999984,0.8105452834193496
82,1281,4,2,20.0,without_chunking,LMM-1,11.75,11.712500000000007,0.763720454416831
82,1281,4,2,20.0,without_chunking,LMM-2,11.75,11.712500000000007,0.763720454416831
82,1281,4,4,40.0,without_chunking,LMM-1,11.75,11.712499999999988,0.7292710388636496
82,1281,4,4,40.0,without_chunking,LMM-2,11.75,11.712499999999988,0.7292710388636496
82,1281,4,6,60.0,without_chunking,LMM-1,11.75,11.712499999999974,0.6963785529414461
82,1281,4,6,60.0,without_chunking,LMM-2,11.75,11.712499999999974,0.6963785529414461
82,1281,4,8,80.0,without_chunking,LMM-1,11.75,11.71249999999998,0.6649745815829082
82,1281,4,8,80.0,without_chunking,LMM-2,11.75,11.71249999999998,0.6649745815829082
82,1281,6,2,20.0,without_chunking,LMM-1,11.0,11.000000000000007,0.8239845335693206
82,1281,6,2,20.0,without_chunking,LMM-2,11.0,11.000000000000007,0.8239845335693206
82,1281,6,4,40.0,without_chunking,LMM-1,11.0,10.99999999999999,0.7856644106547165
82,1281,6,4,40.0,without_chunking,LMM-2,11.0,10.99999999999999,0.7856644106547165
82,1281,6,6,60.0,without_chunking,LMM-1,11.0,10.999999999999975,0.7490336324332292
82,1281,6,6,60.0,without_chunking,LMM-2,11.0,10.999999999999975,0.7490336324332292
82,1281,6,8,80.0,without_chunking,LMM-1,11.0,10.99999999999998,0.7140222068822191
82,1281,6,8,80.0,without_chunking,LMM-2,11.0,10.99999999999998,0.7140222068822191
82,1281,8,2,20.0,without_chunking,LMM-1,11.0,11.000000000000007,0.8239845335693206
82,1281,8,2,20.0,without_chunking,LMM-2,11.0,11.000000000000007,0.8239845335693206
82,1281,8,4,40.0,without_chunking,LMM-1,11.0,10.99999999999999,0.7856644106547165
82,1281,8,4,40.0,without_chunking,LMM-2,11.0,10.99999999999999,0.7856644106547165
82,1281,8,6,60.0,without_chunking,LMM-1,11.0,10.999999999999975,0.7490336324332292
82,1281,8,6,60.0,without_chunking,LMM-2,11.0,10.999999999999975,0.7490336324332292
82,1281,8,8,80.0,without_chunking,LMM-1,11.0,10.99999999999998,0.7140222068822191
82,1281,8,8,80.0,without_chunking,LMM-2,11.0,10.99999999999998,0.7140222068822191
82,1281,10,2,20.0,without_chunking,LMM-1,10.0,10.050000000000006,0.8460114951978026
82,1281,10,2,20.0,without_chunking,LMM-2,9.75,9.812500000000005,0.8506163490787993
82,1281,10,4,40.0,without_chunking,LMM-1,10.0,10.04999999999999,0.8171990042225692
82,1281,10,4,40.0,without_chunking,LMM-2,9.5,9.574999999999989,0.8318925495201615
82,1281,10,6,60.0,without_chunking,LMM-1,10.0,10.04999999999998,0.7892985642578627
82,1281,10,6,60.0,without_chunking,LMM-2,9.916666666666668,9.970833333333312,0.8026586472703723
82,1281,10,8,80.0,without_chunking,LMM-1,10.0,10.049999999999983,0.7622836142922842
82,1281,10,8,80.0,without_chunking,LMM-2,9.625,9.693749999999984,0.78814107805003
83,1282,4,2,20.0,without_chunking,LMM-1,15.5,15.275000000000013,0.6917106363025349
83,1282,4,2,20.0,without_chunking,LMM-2,15.5,15.275000000000013,0.6917106363025349
83,1282,4,4,40.0,without_chunking,LMM-1,15.5,15.27499999999998,0.6428635892267497
83,1282,4,4,40.0,without_chunking,LMM-2,15.5,15.27499999999998,0.6428635892267497
83,1282,4,6,60.0,without_chunking,LMM-1,15.5,15.274999999999963,0.5973599739889937
83,1282,4,6,60.0,without_chunking,LMM-2,15.5,15.274999999999963,0.5973599739889937
83,1282,4,8,80.0,without_chunking,LMM-1,15.0,14.799999999999976,0.6167543949648411
83,1282,4,8,80.0,without_chunking,LMM-2,15.0,14.799999999999976,0.6167543949648411
83,1282,6,2,20.0,without_chunking,LMM-1,11.5,11.475000000000009,0.7673666436676265
83,1282,6,2,20.0,without_chunking,LMM-2,11.5,11.475000000000009,0.7673666436676265
83,1282,6,4,40.0,without_chunking,LMM-1,11.5,11.474999999999989,0.7276970432950627
83,1282,6,4,40.0,without_chunking,LMM-2,11.5,11.474999999999989,0.7276970432950627
83,1282,6,6,60.0,without_chunking,LMM-1,11.5,11.474999999999975,0.7251302248142517
83,1282,6,6,60.0,without_chunking,LMM-2,11.5,11.474999999999975,0.7251302248142517
83,1282,6,8,80.0,without_chunking,LMM-1,11.5,11.47499999999998,0.7004394063492918
83,1282,6,8,80.0,without_chunking,LMM-2,11.5,11.47499999999998,0.7004394063492918
83,1282,8,2,20.0,without_chunking,LMM-1,10.0,10.050000000000004,0.8148889126612513
83,1282,8,2,20.0,without_chunking,LMM-2,10.0,10.050000000000004,0.8148889126612513
83,1282,8,4,40.0,without_chunking,LMM-1,10.0,10.049999999999988,0.7859496591597901
83,1282,8,4,40.0,without_chunking,LMM-2,10.0,10.049999999999988,0.7859496591597901
83,1282,8,6,60.0,without_chunking,LMM-1,10.0,10.049999999999978,0.757976183871145
83,1282,8,6,60.0,without_chunking,LMM-2,10.0,10.049999999999978,0.757976183871145
83,1282,8,8,80.0,without_chunking,LMM-1,10.0,10.049999999999983,0.730938275999456
83,1282,8,8,80.0,without_chunking,LMM-2,10.0,10.049999999999983,0.730938275999456
83,1282,10,2,20.0,without_chunking,LMM-1,8.0,8.150000000000006,0.8762101274131125
83,1282,10,2,20.0,without_chunking,LMM-2,6.25,6.4875000000000025,0.9139994775940865
83,1282,10,4,40.0,without_chunking,LMM-1,8.0,8.149999999999991,0.8468961336975374
83,1282,10,4,40.0,without_chunking,LMM-2,6.375,6.606249999999993,0.9064782307222734
83,1282,10,6,60.0,without_chunking,LMM-1,8.0,8.14999999999998,0.8184767753158089
83,1282,10,6,60.0,without_chunking,LMM-2,5.916666666666666,6.17083333333332,0.9049543531771351
83,1282,10,8,80.0,without_chunking,LMM-1,8.0,8.149999999999984,0.7909274794043525
83,1282,10,8,80.0,without_chunking,LMM-2,5.625,5.89374999999999,0.9042030246670874
84,1283,4,2,20.0,without_chunking,LMM-1,12.5,12.425000000000008,0.796673983887731
84,1283,4,2,20.0,without_chunking,LMM-2,12.5,12.425000000000008,0.796673983887731
84,1283,4,4,40.0,without_chunking,LMM-1,12.5,12.424999999999986,0.7655745940620832
84,1283,4,4,40.0,without_chunking,LMM-2,12.5,12.424999999999986,0.7655745940620832
84,1283,4,6,60.0,without_chunking,LMM-1,12.5,12.424999999999974,0.735636734278859
84,1283,4,6,60.0,without_chunking,LMM-2,12.5,12.424999999999974,0.735636734278859
84,1283,4,8,80.0,without_chunking,LMM-1,12.5,12.42499999999998,0.7068191412738916
84,1283,4,8,80.0,without_chunking,LMM-2,12.5,12.42499999999998,0.7068191412738916
84,1283,6,2,20.0,without_chunking,LMM-1,12.5,12.425000000000008,0.796673983887731
84,1283,6,2,20.0,without_chunking,LMM-2,12.5,12.425000000000008,0.796673983887731
84,1283,6,4,40.0,without_chunking,LMM-1,12.5,12.424999999999986,0.7655745940620832
84,1283,6,4,40.0,without_chunking,LMM-2,12.5,12.424999999999986,0.7655745940620832
84,1283,6,6,60.0,without_chunking,LMM-1,12.5,12.424999999999974,0.735636734278859
84,1283,6,6,60.0,without_chunking,LMM-2,12.5,12.424999999999974,0.735636734278859
84,1283,6,8,80.0,without_chunking,LMM-1,12.5,12.42499999999998,0.7068191412738916
84,1283,6,8,80.0,without_chunking,LMM-2,12.5,12.42499999999998,0.7068191412738916
84,1283,8,2,20.0,without_chunking,LMM-1,10.5,10.525000000000006,0.8228123505743397
84,1283,8,2,20.0,without_chunking,LMM-2,10.5,10.525000000000006,0.8228123505743397
84,1283,8,4,40.0,without_chunking,LMM-1,10.5,10.524999999999988,0.79862439841187
84,1283,8,4,40.0,without_chunking,LMM-2,10.5,10.524999999999988,0.79862439841187
84,1283,8,6,60.0,without_chunking,LMM-1,10.5,10.524999999999977,0.7750984050475229
84,1283,8,6,60.0,without_chunking,LMM-2,10.5,10.524999999999977,0.7750984050475229
84,1283,8,8,80.0,without_chunking,LMM-1,10.5,10.52499999999998,0.7522176824915325
84,1283,8,8,80.0,without_chunking,LMM-2,10.5,10.52499999999998,0.7522176824915325
84,1283,10,2,20.0,without_chunking,LMM-1,9.5,9.575000000000006,0.8404669127239273
84,1283,10,2,20.0,without_chunking,LMM-2,9.5,9.575000000000006,0.8404669127239273
84,1283,10,4,40.0,without_chunking,LMM-1,9.5,9.57499999999999,0.8204906017216682
84,1283,10,4,40.0,without_chunking,LMM-2,9.5,9.57499999999999,0.8204906017216682
84,1283,10,6,60.0,without_chunking,LMM-1,9.5,9.574999999999978,0.8009708760860026
84,1283,10,6,60.0,without_chunking,LMM-2,9.5,9.574999999999978,0.8009708760860026
84,1283,10,8,80.0,without_chunking,LMM-1,9.5,9.574999999999982,0.7818977881194209
84,1283,10,8,80.0,without_chunking,LMM-2,9.5,9.574999999999982,0.7818977881194209
85,1284,4,2,20.0,without_chunking,LMM-1,10.5,10.525000000000006,0.7828804019159964
85,1284,4,2,20.0,without_chunking,LMM-2,10.5,10.525000000000006,0.7828804019159964
85,1284,4,4,40.0,without_chunking,LMM-1,10.5,10.524999999999988,0.7457287501008238
85,1284,4,4,40.0,without_chunking,LMM-2,10.5,10.524999999999988,0.7457287501008238
85,1284,4,6,60.0,without_chunking,LMM-1,11.0,10.999999999999975,0.7609616241668999
85,1284,4,6,60.0,without_chunking,LMM-2,11.0,10.999999999999975,0.7609616241668999
85,1284,4,8,80.0,without_chunking,LMM-1,11.0,10.99999999999998,0.7450635533682857
85,1284,4,8,80.0,without_chunking,LMM-2,11.0,10.99999999999998,0.7450635533682857
85,1284,6,2,20.0,without_chunking,LMM-1,11.0,11.000000000000007,0.8136116000595697
85,1284,6,2,20.0,without_chunking,LMM-2,8.5,8.625000000000004,0.8729252977938402
85,1284,6,4,40.0,without_chunking,LMM-1,11.0,10.99999999999999,0.7865481724669411
85,1284,6,4,40.0,without_chunking,LMM-2,7.25,7.437499999999995,0.8828839856779254
85,1284,6,6,60.0,without_chunking,LMM-1,11.0,10.999999999999977,0.7603280588017978
85,1284,6,6,60.0,without_chunking,LMM-2,6.083333333333333,6.329166666666653,0.894951476411586
85,1284,6,8,80.0,without_chunking,LMM-1,11.0,10.99999999999998,0.7349268833764178
85,1284,6,8,80.0,without_chunking,LMM-2,5.6875,5.953124999999989,0.9059375407257328
85,1284,8,2,20.0,without_chunking,LMM-1,9.5,9.575000000000006,0.8442259484800256
85,1284,8,2,20.0,without_chunking,LMM-2,8.5,8.625000000000004,0.8739690176825756
85,1284,8,4,40.0,without_chunking,LMM-1,9.5,9.57499999999999,0.8241728566584375
85,1284,8,4,40.0,without_chunking,LMM-2,7.25,7.437499999999995,0.8867311707206509
85,1284,8,6,60.0,without_chunking,LMM-1,9.5,9.574999999999978,0.8045961345664161
85,1284,8,6,60.0,without_chunking,LMM-2,6.75,6.962499999999984,0.888189986394849
85,1284,8,8,80.0,without_chunking,LMM-1,10.25,10.287499999999982,0.7856080292439094
85,1284,8,8,80.0,without_chunking,LMM-2,6.8125,7.021874999999987,0.8775080517497902
85,1284,10,2,20.0,without_chunking,LMM-1,8.5,8.625000000000004,0.8705099145189199
85,1284,10,2,20.0,without_chunking,LMM-2,6.0,6.250000000000002,0.9148981234529481
85,1284,10,4,40.0,without_chunking,LMM-1,8.5,8.624999999999991,0.8497836063489002
85,1284,10,4,40.0,without_chunking,LMM-2,5.625,5.893749999999994,0.9088693173201594
85,1284,10,6,60.0,without_chunking,LMM-1,8.5,8.62499999999998,0.8295103010070346
85,1284,10,6,60.0,without_chunking,LMM-2,5.583333333333334,5.8541666666666545,0.8989681188119223
85,1284,10,8,80.0,without_chunking,LMM-1,8.75,8.862499999999983,0.8235595482545852
85,1284,10,8,80.0,without_chunking,LMM-2,6.25,6.487499999999988,0.876358617482686
86,1285,4,2,20.0,without_chunking,LMM-1,10.5,10.525000000000006,0.7921023660121338
86,1285,4,2,20.0,without_chunking,LMM-2,10.5,10.525000000000006,0.7921023660121338
86,1285,4,4,40.0,without_chunking,LMM-1,10.5,10.524999999999988,0.7559079770303008
86,1285,4,4,40.0,without_chunking,LMM-2,10.5,10.524999999999988,0.7559079770303008
86,1285,4,6,60.0,without_chunking,LMM-1,10.5,10.524999999999977,0.72125306705992
86,1285,4,6,60.0,without_chunking,LMM-2,10.5,10.524999999999977,0.72125306705992
86,1285,4,8,80.0,without_chunking,LMM-1,10.75,10.762499999999982,0.7237932569951409
86,1285,4,8,80.0,without_chunking,LMM-2,10.75,10.762499999999982,0.7237932569951409
86,1285,6,2,20.0,without_chunking,LMM-1,10.5,10.525000000000006,0.8137258951640006
86,1285,6,2,20.0,without_chunking,LMM-2,10.5,10.525000000000006,0.8137258951640006
86,1285,6,4,40.0,without_chunking,LMM-1,10.5,10.524999999999988,0.7781973134118859
86,1285,6,4,40.0,without_chunking,LMM-2,10.5,10.524999999999988,0.7781973134118859
86,1285,6,6,60.0,without_chunking,LMM-1,10.5,10.524999999999977,0.7441155675650504
86,1285,6,6,60.0,without_chunking,LMM-2,10.333333333333332,10.366666666666644,0.7570924246281756
86,1285,6,8,80.0,without_chunking,LMM-1,10.5,10.52499999999998,0.7114265054025908
86,1285,6,8,80.0,without_chunking,LMM-2,8.4375,8.565624999999983,0.780991392234367
86,1285,8,2,20.0,without_chunking,LMM-1,10.5,10.525000000000006,0.8137258951640006
86,1285,8,2,20.0,without_chunking,LMM-2,10.5,10.525000000000006,0.8137258951640006
86,1285,8,4,40.0,without_chunking,LMM-1,10.5,10.524999999999988,0.7781973134118859
86,1285,8,4,40.0,without_chunking,LMM-2,10.5,10.524999999999988,0.7781973134118859
86,1285,8,6,60.0,without_chunking,LMM-1,10.5,10.524999999999977,0.7441155675650504
86,1285,8,6,60.0,without_chunking,LMM-2,10.5,10.524999999999977,0.7441155675650504
86,1285,8,8,80.0,without_chunking,LMM-1,10.5,10.52499999999998,0.7114265054025908
86,1285,8,8,80.0,without_chunking,LMM-2,10.5,10.52499999999998,0.7114265054025908
86,1285,10,2,20.0,without_chunking,LMM-1,10.0,10.050000000000004,0.8467926497853788
86,1285,10,2,20.0,without_chunking,LMM-2,10.0,10.050000000000004,0.8467926497853788
86,1285,10,4,40.0,without_chunking,LMM-1,10.0,10.04999999999999,0.8269545754190796
86,1285,10,4,40.0,without_chunking,LMM-2,9.625,9.69374999999999,0.8340619328173895
86,1285,10,6,60.0,without_chunking,LMM-1,10.0,10.049999999999978,0.8075419871720317
86,1285,10,6,60.0,without_chunking,LMM-2,9.416666666666668,9.495833333333312,0.8304591422588272
86,1285,10,8,80.0,without_chunking,LMM-1,10.0,10.049999999999981,0.7885466486128043
86,1285,10,8,80.0,without_chunking,LMM-2,9.25,9.33749999999998,0.8200877137269964
87,1286,4,2,20.0,without_chunking,LMM-1,16.5,16.225000000000016,0.7025767734691606
87,1286,4,2,20.0,without_chunking,LMM-2,16.5,16.225000000000016,0.7025767734691606
87,1286,4,4,40.0,without_chunking,LMM-1,16.5,16.224999999999977,0.6459509992151611
87,1286,4,4,40.0,without_chunking,LMM-2,16.5,16.224999999999977,0.6459509992151611
87,1286,4,6,60.0,without_chunking,LMM-1,16.5,16.224999999999962,0.5937838138170728
87,1286,4,6,60.0,without_chunking,LMM-2,16.5,16.224999999999962,0.5937838138170728
87,1286,4,8,80.0,without_chunking,LMM-1,16.5,16.224999999999973,0.5457345075645255
87,1286,4,8,80.0,without_chunking,LMM-2,16.5,16.224999999999973,0.5457345075645255
87,1286,6,2,20.0,without_chunking,LMM-1,16.5,16.225000000000016,0.7025767734691606
87,1286,6,2,20.0,without_chunking,LMM-2,16.5,16.225000000000016,0.7025767734691606
87,1286,6,4,40.0,without_chunking,LMM-1,16.5,16.224999999999977,0.6459509992151611
87,1286,6,4,40.0,without_chunking,LMM-2,16.5,16.224999999999977,0.6459509992151611
87,1286,6,6,60.0,without_chunking,LMM-1,16.5,16.224999999999962,0.5937838138170728
87,1286,6,6,60.0,without_chunking,LMM-2,16.5,16.224999999999962,0.5937838138170728
87,1286,6,8,80.0,without_chunking,LMM-1,16.5,16.224999999999973,0.5457345075645255
87,1286,6,8,80.0,without_chunking,LMM-2,16.5,16.224999999999973,0.5457345075645255
87,1286,8,2,20.0,without_chunking,LMM-1,10.5,10.525000000000006,0.7978990311017953
87,1286,8,2,20.0,without_chunking,LMM-2,10.5,10.525000000000006,0.7978990311017953
87,1286,8,4,40.0,without_chunking,LMM-1,10.5,10.52499999999999,0.758101625413167
87,1286,8,4,40.0,without_chunking,LMM-2,10.5,10.52499999999999,0.758101625413167
87,1286,8,6,60.0,without_chunking,LMM-1,12.0,11.949999999999974,0.7279842900440696
87,1286,8,6,60.0,without_chunking,LMM-2,12.0,11.949999999999974,0.7279842900440696
87,1286,8,8,80.0,without_chunking,LMM-1,12.25,12.187499999999979,0.728382107588792
87,1286,8,8,80.0,without_chunking,LMM-2,12.25,12.187499999999979,0.728382107588792
87,1286,10,2,20.0,without_chunking,LMM-1,9.0,9.100000000000005,0.8521268008230691
87,1286,10,2,20.0,without_chunking,LMM-2,9.0,9.100000000000005,0.8521268008230691
87,1286,10,4,40.0,without_chunking,LMM-1,9.0,9.09999999999999,0.8323655414191895
87,1286,10,4,40.0,without_chunking,LMM-2,9.0,9.09999999999999,0.8323655414191895
87,1286,10,6,60.0,without_chunking,LMM-1,9.0,9.09999999999998,0.8130357952425928
87,1286,10,6,60.0,without_chunking,LMM-2,9.0,9.09999999999998,0.8130357952425928
87,1286,10,8,80.0,without_chunking,LMM-1,9.0,9.099999999999984,0.7941288083569726
87,1286,10,8,80.0,without_chunking,LMM-2,9.0,9.099999999999984,0.7941288083569726
88,1287,4,2,20.0,without_chunking,LMM-1,11.0,11.000000000000007,0.7863570158511042
88,1287,4,2,20.0,without_chunking,LMM-2,11.0,11.000000000000007,0.7863570158511042
88,1287,4,4,40.0,without_chunking,LMM-1,11.0,10.99999999999999,0.7509484546653517
88,1287,4,4,40.0,without_chunking,LMM-2,11.0,10.99999999999999,0.7509484546653517
88,1287,4,6,60.0,without_chunking,LMM-1,11.0,10.999999999999977,0.7170294673405578
88,1287,4,6,60.0,without_chunking,LMM-2,11.0,10.999999999999977,0.7170294673405578
88,1287,4,8,80.0,without_chunking,LMM-1,11.5,11.47499999999998,0.7119386356866644
88,1287,4,8,80.0,without_chunking,LMM-2,11.5,11.47499999999998,0.7119386356866644
88,1287,6,2,20.0,without_chunking,LMM-1,10.75,10.762500000000006,0.8164747998423414
88,1287,6,2,20.0,without_chunking,LMM-2,10.75,10.762500000000006,0.8164747998423414
88,1287,6,4,40.0,without_chunking,LMM-1,10.75,10.76249999999999,0.7951826405424258
88,1287,6,4,40.0,without_chunking,LMM-2,10.75,10.76249999999999,0.7951826405424258
88,1287,6,6,60.0,without_chunking,LMM-1,10.75,10.762499999999978,0.774416036756399
88,1287,6,6,60.0,without_chunking,LMM-2,10.75,10.762499999999978,0.774416036756399
88,1287,6,8,80.0,without_chunking,LMM-1,11.0,10.99999999999998,0.7681071516537794
88,1287,6,8,80.0,without_chunking,LMM-2,11.0,10.99999999999998,0.7681071516537794
88,1287,8,2,20.0,without_chunking,LMM-1,9.5,9.575000000000006,0.8434722855593864
88,1287,8,2,20.0,without_chunking,LMM-2,9.5,9.575000000000006,0.8434722855593864
88,1287,8,4,40.0,without_chunking,LMM-1,9.5,9.574999999999992,0.8224568333496487
88,1287,8,4,40.0,without_chunking,LMM-2,9.5,9.574999999999992,0.8224568333496487
88,1287,8,6,60.0,without_chunking,LMM-1,9.5,9.57499999999998,0.8019228828590936
88,1287,8,6,60.0,without_chunking,LMM-2,9.5,9.57499999999998,0.8019228828590936
88,1287,8,8,80.0,without_chunking,LMM-1,9.5,9.574999999999983,0.781860534642449
88,1287,8,8,80.0,without_chunking,LMM-2,9.5,9.574999999999983,0.781860534642449
88,1287,10,2,20.0,without_chunking,LMM-1,9.0,9.100000000000005,0.8577409155560949
88,1287,10,2,20.0,without_chunking,LMM-2,9.0,9.100000000000005,0.8577409155560949
88,1287,10,4,40.0,without_chunking,LMM-1,9.0,9.09999999999999,0.83428315539741
88,1287,10,4,40.0,without_chunking,LMM-2,9.0,9.09999999999999,0.83428315539741
88,1287,10,6,60.0,without_chunking,LMM-1,9.0,9.09999999999998,0.8114403060020217
88,1287,10,6,60.0,without_chunking,LMM-2,9.0,9.09999999999998,0.8114403060020217
88,1287,10,8,80.0,without_chunking,LMM-1,9.0,9.099999999999984,0.7891968931267911
88,1287,10,8,80.0,without_chunking,LMM-2,9.0,9.099999999999984,0.7891968931267911
89,1288,4,2,20.0,without_chunking,LMM-1,12.5,12.425000000000008,0.783052565826933
89,1288,4,2,20.0,without_chunking,LMM-2,12.5,12.425000000000008,0.783052565826933
89,1288,4,4,40.0,without_chunking,LMM-1,12.5,12.424999999999986,0.7577350787450958
89,1288,4,4,40.0,without_chunking,LMM-2,12.5,12.424999999999986,0.7577350787450958
89,1288,4,6,60.0,without_chunking,LMM-1,12.5,12.424999999999974,0.7332113794306485
89,1288,4,6,60.0,without_chunking,LMM-2,12.5,12.424999999999974,0.7332113794306485
89,1288,4,8,80.0,without_chunking,LMM-1,12.5,12.42499999999998,0.7094575086841978
89,1288,4,8,80.0,without_chunking,LMM-2,12.5,12.42499999999998,0.7094575086841978
89,1288,6,2,20.0,without_chunking,LMM-1,11.5,11.475000000000009,0.7881452227470158
89,1288,6,2,20.0,without_chunking,LMM-2,11.5,11.475000000000009,0.7881452227470158
89,1288,6,4,40.0,without_chunking,LMM-1,11.5,11.474999999999987,0.7451606463762858
89,1288,6,4,40.0,without_chunking,LMM-2,11.5,11.474999999999987,0.7451606463762858
89,1288,6,6,60.0,without_chunking,LMM-1,11.25,11.237499999999976,0.7772493271473191
89,1288,6,6,60.0,without_chunking,LMM-2,11.25,11.237499999999976,0.7772493271473191
89,1288,6,8,80.0,without_chunking,LMM-1,11.25,11.23749999999998,0.7611160709271703
89,1288,6,8,80.0,without_chunking,LMM-2,11.25,11.23749999999998,0.7611160709271703
89,1288,8,2,20.0,without_chunking,LMM-1,10.5,10.525000000000006,0.8158820011784076
89,1288,8,2,20.0,without_chunking,LMM-2,10.5,10.525000000000006,0.8158820011784076
89,1288,8,4,40.0,without_chunking,LMM-1,10.5,10.52499999999999,0.7762283798690317
89,1288,8,4,40.0,without_chunking,LMM-2,10.5,10.52499999999999,0.7762283798690317
89,1288,8,6,60.0,without_chunking,LMM-1,10.0,10.049999999999978,0.7849939258604937
89,1288,8,6,60.0,without_chunking,LMM-2,10.0,10.049999999999978,0.7849939258604937
89,1288,8,8,80.0,without_chunking,LMM-1,10.0,10.049999999999983,0.7913462669879792
89,1288,8,8,80.0,without_chunking,LMM-2,10.0,10.049999999999983,0.7913462669879792
89,1288,10,2,20.0,without_chunking,LMM-1,10.5,10.525000000000006,0.8158820011784076
89,1288,10,2,20.0,without_chunking,LMM-2,8.75,8.862500000000004,0.8628829562881888
89,1288,10,4,40.0,without_chunking,LMM-1,9.5,9.574999999999989,0.8181870354959118
89,1288,10,4,40.0,without_chunking,LMM-2,8.0,8.14999999999999,0.8625136530595818
89,1288,10,6,60.0,without_chunking,LMM-1,9.5,9.574999999999978,0.7949369338782495
89,1288,10,6,60.0,without_chunking,LMM-2,8.75,8.86249999999998,0.8374645535792679
89,1288,10,8,80.0,without_chunking,LMM-1,9.5,9.574999999999983,0.8017487900754898
89,1288,10,8,80.0,without_chunking,LMM-2,8.25,8.387499999999985,0.8239103172981908
90,1289,4,2,20.0,without_chunking,LMM-1,13.5,13.37500000000001,0.7346921486612652
90,1289,4,2,20.0,without_chunking,LMM-2,13.5,13.37500000000001,0.7346921486612652
90,1289,4,4,40.0,without_chunking,LMM-1,13.5,13.374999999999986,0.6860988805014743
90,1289,4,4,40.0,without_chunking,LMM-2,13.5,13.374999999999986,0.6860988805014743
90,1289,4,6,60.0,without_chunking,LMM-1,13.5,13.374999999999972,0.6406006355665022
90,1289,4,6,60.0,without_chunking,LMM-2,13.5,13.374999999999972,0.6406006355665022
90,1289,4,8,80.0,without_chunking,LMM-1,13.5,13.374999999999979,0.5980091891885448
90,1289,4,8,80.0,without_chunking,LMM-2,13.5,13.374999999999979,0.5980091891885448
90,1289,6,2,20.0,without_chunking,LMM-1,13.5,13.37500000000001,0.7346921486612652
90,1289,6,2,20.0,without_chunking,LMM-2,13.5,13.37500000000001,0.7346921486612652
90,1289,6,4,40.0,without_chunking,LMM-1,13.5,13.374999999999986,0.6860988805014743
90,1289,6,4,40.0,without_chunking,LMM-2,13.5,13.374999999999986,0.6860988805014743
90,1289,6,6,60.0,without_chunking,LMM-1,13.5,13.374999999999972,0.6406006355665022
90,1289,6,6,60.0,without_chunking,LMM-2,13.5,13.374999999999972,0.6406006355665022
90,1289,6,8,80.0,without_chunking,LMM-1,13.5,13.374999999999979,0.5980091891885448
90,1289,6,8,80.0,without_chunking,LMM-2,13.5,13.374999999999979,0.5980091891885448
90,1289,8,2,20.0,without_chunking,LMM-1,11.5,11.475000000000009,0.7771818739553338
90,1289,8,2,20.0,without_chunking,LMM-2,11.5,11.475000000000009,0.7771818739553338
90,1289,8,4,40.0,without_chunking,LMM-1,11.5,11.474999999999987,0.7346472502611954
90,1289,8,4,40.0,without_chunking,LMM-2,11.5,11.474999999999987,0.7346472502611954
90,1289,8,6,60.0,without_chunking,LMM-1,11.5,11.474999999999975,0.6943239128346363
90,1289,8,6,60.0,without_chunking,LMM-2,11.5,11.474999999999975,0.6943239128346363
90,1289,8,8,80.0,without_chunking,LMM-1,11.5,11.47499999999998,0.6561219613067277
90,1289,8,8,80.0,without_chunking,LMM-2,11.5,11.47499999999998,0.6561219613067277
90,1289,10,2,20.0,without_chunking,LMM-1,9.5,9.575000000000006,0.8225985787979593
90,1289,10,2,20.0,without_chunking,LMM-2,9.5,9.575000000000006,0.8225985787979593
90,1289,10,4,40.0,without_chunking,LMM-1,9.5,9.57499999999999,0.7863850802901888
90,1289,10,4,40.0,without_chunking,LMM-2,9.5,9.57499999999999,0.7863850802901888
90,1289,10,6,60.0,without_chunking,LMM-1,9.5,9.574999999999978,0.7516554626891764
90,1289,10,6,60.0,without_chunking,LMM-2,9.5,9.574999999999978,0.7516554626891764
90,1289,10,8,80.0,without_chunking,LMM-1,9.5,9.574999999999982,0.7185469834692146
90,1289,10,8,80.0,without_chunking,LMM-2,9.5,9.574999999999982,0.7185469834692146
91,1290,4,2,20.0,without_chunking,LMM-1,12.0,11.950000000000006,0.7660227649625682
91,1290,4,2,20.0,without_chunking,LMM-2,12.0,11.950000000000006,0.7660227649625682
91,1290,4,4,40.0,without_chunking,LMM-1,12.0,11.949999999999989,0.7276734059099372
91,1290,4,4,40.0,without_chunking,LMM-2,12.0,11.949999999999989,0.7276734059099372
91,1290,4,6,60.0,without_chunking,LMM-1,12.0,11.949999999999974,0.7247227649913561
91,1290,4,6,60.0,without_chunking,LMM-2,12.0,11.949999999999974,0.7247227649913561
91,1290,4,8,80.0,without_chunking,LMM-1,11.5,11.47499999999998,0.7260657749642984
91,1290,4,8,80.0,without_chunking,LMM-2,11.5,11.47499999999998,0.7260657749642984
91,1290,6,2,20.0,without_chunking,LMM-1,12.0,11.950000000000006,0.7813707029894126
91,1290,6,2,20.0,without_chunking,LMM-2,12.0,11.950000000000006,0.7813707029894126
91,1290,6,4,40.0,without_chunking,LMM-1,12.0,11.949999999999989,0.755271440765735
91,1290,6,4,40.0,without_chunking,LMM-2,12.0,11.949999999999989,0.755271440765735
91,1290,6,6,60.0,without_chunking,LMM-1,12.0,11.949999999999974,0.7300038854314949
91,1290,6,6,60.0,without_chunking,LMM-2,12.0,11.949999999999974,0.7300038854314949
91,1290,6,8,80.0,without_chunking,LMM-1,12.0,11.94999999999998,0.7055429788979757
91,1290,6,8,80.0,without_chunking,LMM-2,12.0,11.94999999999998,0.7055429788979757
91,1290,8,2,20.0,without_chunking,LMM-1,8.0,8.150000000000004,0.8688626018745285
91,1290,8,2,20.0,without_chunking,LMM-2,8.0,8.150000000000004,0.8688626018745285
91,1290,8,4,40.0,without_chunking,LMM-1,8.0,8.149999999999991,0.8411557093500027
91,1290,8,4,40.0,without_chunking,LMM-2,8.0,8.149999999999991,0.8411557093500027
91,1290,8,6,60.0,without_chunking,LMM-1,8.0,8.149999999999983,0.8142410805677438
91,1290,8,6,60.0,without_chunking,LMM-2,8.0,8.149999999999983,0.8142410805677438
91,1290,8,8,80.0,without_chunking,LMM-1,8.0,8.149999999999984,0.7880989145187229
91,1290,8,8,80.0,without_chunking,LMM-2,8.0,8.149999999999984,0.7880989145187229
91,1290,10,2,20.0,without_chunking,LMM-1,9.5,9.575000000000006,0.8662794551258538
91,1290,10,2,20.0,without_chunking,LMM-2,9.0,9.100000000000005,0.8738251188494494
91,1290,10,4,40.0,without_chunking,LMM-1,9.5,9.57499999999999,0.8462896533387667
91,1290,10,4,40.0,without_chunking,LMM-2,8.0,8.149999999999991,0.8794920740325879
91,1290,10,6,60.0,without_chunking,LMM-1,9.5,9.574999999999978,0.8267403619328776
91,1290,10,6,60.0,without_chunking,LMM-2,7.916666666666667,8.070833333333315,0.8674271722114155
91,1290,10,8,80.0,without_chunking,LMM-1,9.5,9.574999999999982,0.8076223957382229
91,1290,10,8,80.0,without_chunking,LMM-2,7.5,7.6749999999999865,0.8610490987496786
92,1291,4,2,20.0,without_chunking,LMM-1,10.0,10.050000000000006,0.8188259404307694
92,1291,4,2,20.0,without_chunking,LMM-2,10.0,10.050000000000006,0.8188259404307694
92,1291,4,4,40.0,without_chunking,LMM-1,10.0,10.04999999999999,0.7905866812864215
92,1291,4,4,40.0,without_chunking,LMM-2,10.0,10.04999999999999,0.7905866812864215
92,1291,4,6,60.0,without_chunking,LMM-1,10.0,10.049999999999978,0.7632376079690114
92,1291,4,6,60.0,without_chunking,LMM-2,10.0,10.049999999999978,0.7632376079690114
92,1291,4,8,80.0,without_chunking,LMM-1,10.0,10.049999999999981,0.7370993858488766
92,1291,4,8,80.0,without_chunking,LMM-2,10.0,10.049999999999981,0.7370993858488766
92,1291,6,2,20.0,without_chunking,LMM-1,9.5,9.575000000000006,0.8336018141313155
92,1291,6,2,20.0,without_chunking,LMM-2,9.5,9.575000000000006,0.8336018141313155
92,1291,6,4,40.0,without_chunking,LMM-1,9.5,9.57499999999999,0.8132913509283115
92,1291,6,4,40.0,without_chunking,LMM-2,9.5,9.57499999999999,0.8132913509283115
92,1291,6,6,60.0,without_chunking,LMM-1,9.5,9.57499999999998,0.7934424127368599
92,1291,6,6,60.0,without_chunking,LMM-2,9.5,9.57499999999998,0.7934424127368599
92,1291,6,8,80.0,without_chunking,LMM-1,9.5,9.574999999999982,0.7740453732772052
92,1291,6,8,80.0,without_chunking,LMM-2,9.5,9.574999999999982,0.7740453732772052
92,1291,8,2,20.0,without_chunking,LMM-1,9.75,9.812500000000007,0.8482587806982916
92,1291,8,2,20.0,without_chunking,LMM-2,9.75,9.812500000000007,0.8482587806982916
92,1291,8,4,40.0,without_chunking,LMM-1,9.75,9.81249999999999,0.8314027111980795
92,1291,8,4,40.0,without_chunking,LMM-2,9.75,9.81249999999999,0.8314027111980795
92,1291,8,6,60.0,without_chunking,LMM-1,9.75,9.812499999999979,0.8148898164591403
92,1291,8,6,60.0,without_chunking,LMM-2,9.75,9.812499999999979,0.8148898164591403
92,1291,8,8,80.0,without_chunking,LMM-1,9.75,9.812499999999982,0.7987129102010659
92,1291,8,8,80.0,without_chunking,LMM-2,9.75,9.812499999999982,0.7987129102010659
92,1291,10,2,20.0,without_chunking,LMM-1,7.0,7.200000000000003,0.8895045942476544
92,1291,10,2,20.0,without_chunking,LMM-2,7.0,7.200000000000003,0.889465951750859
92,1291,10,4,40.0,without_chunking,LMM-1,7.0,7.199999999999992,0.8741272366625941
92,1291,10,4,40.0,without_chunking,LMM-2,6.625,6.843749999999993,0.8840745969742997
92,1291,10,6,60.0,without_chunking,LMM-1,7.0,7.199999999999984,0.8589863413732152
92,1291,10,6,60.0,without_chunking,LMM-2,6.75,6.9624999999999835,0.8751199517428704
92,1291,10,8,80.0,without_chunking,LMM-1,7.0,7.199999999999987,0.8440787744541025
92,1291,10,8,80.0,without_chunking,LMM-2,6.8125,7.021874999999987,0.865851001837269
93,1292,4,2,20.0,without_chunking,LMM-1,10.0,10.050000000000006,0.8137972288965893
93,1292,4,2,20.0,without_chunking,LMM-2,10.0,10.050000000000006,0.8137972288965893
93,1292,4,4,40.0,without_chunking,LMM-1,10.0,10.04999999999999,0.792575428250305
93,1292,4,4,40.0,without_chunking,LMM-2,10.0,10.04999999999999,0.792575428250305
93,1292,4,6,60.0,without_chunking,LMM-1,10.0,10.049999999999978,0.771864786054833
93,1292,4,6,60.0,without_chunking,LMM-2,10.0,10.049999999999978,0.771864786054833
93,1292,4,8,80.0,without_chunking,LMM-1,10.0,10.049999999999981,0.7516540641308533
93,1292,4,8,80.0,without_chunking,LMM-2,10.0,10.049999999999981,0.7516540641308533
93,1292,6,2,20.0,without_chunking,LMM-1,13.0,12.90000000000001,0.793824030782722
93,1292,6,2,20.0,without_chunking,LMM-2,13.0,12.90000000000001,0.793824030782722
93,1292,6,4,40.0,without_chunking,LMM-1,13.0,12.899999999999984,0.7561067385402918
93,1292,6,4,40.0,without_chunking,LMM-2,13.0,12.899999999999984,0.7561067385402918
93,1292,6,6,60.0,without_chunking,LMM-1,13.0,12.89999999999997,0.7201376833223622
93,1292,6,6,60.0,without_chunking,LMM-2,13.0,12.89999999999997,0.7201376833223622
93,1292,6,8,80.0,without_chunking,LMM-1,13.0,12.899999999999977,0.6858378773159379
93,1292,6,8,80.0,without_chunking,LMM-2,13.0,12.899999999999977,0.6858378773159379
93,1292,8,2,20.0,without_chunking,LMM-1,13.0,12.90000000000001,0.793824030782722
93,1292,8,2,20.0,without_chunking,LMM-2,13.0,12.90000000000001,0.793824030782722
93,1292,8,4,40.0,without_chunking,LMM-1,13.0,12.899999999999984,0.7561067385402918
93,1292,8,4,40.0,without_chunking,LMM-2,13.0,12.899999999999984,0.7561067385402918
93,1292,8,6,60.0,without_chunking,LMM-1,13.0,12.89999999999997,0.7201376833223622
93,1292,8,6,60.0,without_chunking,LMM-2,13.0,12.89999999999997,0.7201376833223622
93,1292,8,8,80.0,without_chunking,LMM-1,11.0,10.999999999999979,0.7605579306042309
93,1292,8,8,80.0,without_chunking,LMM-2,11.0,10.999999999999979,0.7605579306042309
93,1292,10,2,20.0,without_chunking,LMM-1,13.0,12.90000000000001,0.793824030782722
93,1292,10,2,20.0,without_chunking,LMM-2,13.0,12.90000000000001,0.793824030782722
93,1292,10,4,40.0,without_chunking,LMM-1,13.0,12.899999999999984,0.7561067385402918
93,1292,10,4,40.0,without_chunking,LMM-2,13.0,12.899999999999984,0.7561067385402918
93,1292,10,6,60.0,without_chunking,LMM-1,13.0,12.89999999999997,0.7201376833223622
93,1292,10,6,60.0,without_chunking,LMM-2,13.0,12.89999999999997,0.7201376833223622
93,1292,10,8,80.0,without_chunking,LMM-1,11.0,10.999999999999979,0.7605579306042309
93,1292,10,8,80.0,without_chunking,LMM-2,11.0,10.999999999999979,0.7605579306042309
94,1293,4,2,20.0,without_chunking,LMM-1,14.0,13.850000000000012,0.7553295631149191
94,1293,4,2,20.0,without_chunking,LMM-2,14.0,13.850000000000012,0.7553295631149191
94,1293,4,4,40.0,without_chunking,LMM-1,14.0,13.849999999999984,0.7226855389724847
94,1293,4,4,40.0,without_chunking,LMM-2,14.0,13.849999999999984,0.7226855389724847
94,1293,4,6,60.0,without_chunking,LMM-1,14.0,13.84999999999997,0.6913902074684086
94,1293,4,6,60.0,without_chunking,LMM-2,14.0,13.84999999999997,0.6913902074684086
94,1293,4,8,80.0,without_chunking,LMM-1,14.0,13.849999999999977,0.66139075544778
94,1293,4,8,80.0,without_chunking,LMM-2,14.0,13.849999999999977,0.66139075544778
94,1293,6,2,20.0,without_chunking,LMM-1,11.0,11.000000000000007,0.8245223559546071
94,1293,6,2,20.0,without_chunking,LMM-2,2.5,2.6500000000000012,0.9692236531184613
94,1293,6,4,40.0,without_chunking,LMM-1,11.0,10.99999999999999,0.7944438160661298
94,1293,6,4,40.0,without_chunking,LMM-2,2.5,2.6499999999999977,0.9626391038712863
94,1293,6,6,60.0,without_chunking,LMM-1,11.0,10.999999999999977,0.7653998473374564
94,1293,6,6,60.0,without_chunking,LMM-2,2.5,2.649999999999994,0.9560920156962718
94,1293,6,8,80.0,without_chunking,LMM-1,11.0,10.99999999999998,0.7373572620546848
94,1293,6,8,80.0,without_chunking,LMM-2,2.5,2.649999999999995,0.9502387310020147
94,1293,8,2,20.0,without_chunking,LMM-1,10.5,10.525000000000006,0.8369099136606861
94,1293,8,2,20.0,without_chunking,LMM-2,2.5,2.6500000000000012,0.9692315668041347
94,1293,8,4,40.0,without_chunking,LMM-1,10.5,10.524999999999988,0.8076185740786004
94,1293,8,4,40.0,without_chunking,LMM-2,2.5,2.6499999999999977,0.9626548345732352
94,1293,8,6,60.0,without_chunking,LMM-1,10.5,10.524999999999977,0.7792844877050682
94,1293,8,6,60.0,without_chunking,LMM-2,2.5,2.649999999999994,0.9561154674918143
94,1293,8,8,80.0,without_chunking,LMM-1,10.5,10.52499999999998,0.7518788461451764
94,1293,8,8,80.0,without_chunking,LMM-2,2.5,2.649999999999995,0.9502620548542959
94,1293,10,2,20.0,without_chunking,LMM-1,10.0,10.050000000000004,0.8495033875496115
94,1293,10,2,20.0,without_chunking,LMM-2,2.5,2.6500000000000012,0.9692473943633673
94,1293,10,4,40.0,without_chunking,LMM-1,10.0,10.04999999999999,0.8210571359012603
94,1293,10,4,40.0,without_chunking,LMM-2,2.875,3.0062499999999974,0.957764731438085
94,1293,10,6,60.0,without_chunking,LMM-1,10.0,10.049999999999978,0.793499707096021
94,1293,10,6,60.0,without_chunking,LMM-2,3.166666666666667,3.283333333333327,0.9493294153602309
94,1293,10,8,80.0,without_chunking,LMM-1,10.0,10.049999999999983,0.7668055104193536
94,1293,10,8,80.0,without_chunking,LMM-2,3.0,3.124999999999994,0.9489584483097504
95,1294,4,2,20.0,without_chunking,LMM-1,11.75,11.712500000000007,0.7992169030962242
95,1294,4,2,20.0,without_chunking,LMM-2,11.75,11.712500000000007,0.7992169030962242
95,1294,4,4,40.0,without_chunking,LMM-1,11.75,11.712499999999988,0.7769338948453838
95,1294,4,4,40.0,without_chunking,LMM-2,11.75,11.712499999999988,0.7769338948453838
95,1294,4,6,60.0,without_chunking,LMM-1,11.75,11.712499999999974,0.7552452300477395
95,1294,4,6,60.0,without_chunking,LMM-2,11.75,11.712499999999974,0.7552452300477395
95,1294,4,8,80.0,without_chunking,LMM-1,11.75,11.71249999999998,0.7341358640152449
95,1294,4,8,80.0,without_chunking,LMM-2,11.75,11.71249999999998,0.7341358640152449
95,1294,6,2,20.0,without_chunking,LMM-1,11.0,11.000000000000007,0.806591159658036
95,1294,6,2,20.0,without_chunking,LMM-2,11.0,11.000000000000007,0.806591159658036
95,1294,6,4,40.0,without_chunking,LMM-1,11.0,10.99999999999999,0.7733608648997572
95,1294,6,4,40.0,without_chunking,LMM-2,11.0,10.99999999999999,0.7733608648997572
95,1294,6,6,60.0,without_chunking,LMM-1,11.0,10.999999999999977,0.7414086345061128
95,1294,6,6,60.0,without_chunking,LMM-2,11.0,10.999999999999977,0.7414086345061128
95,1294,6,8,80.0,without_chunking,LMM-1,12.0,11.94999999999998,0.7303628396618763
95,1294,6,8,80.0,without_chunking,LMM-2,12.0,11.94999999999998,0.7303628396618763
95,1294,8,2,20.0,without_chunking,LMM-1,9.0,9.100000000000005,0.8536746768681793
95,1294,8,2,20.0,without_chunking,LMM-2,9.0,9.100000000000005,0.8536746768681793
95,1294,8,4,40.0,without_chunking,LMM-1,9.0,9.09999999999999,0.8278044741645962
95,1294,8,4,40.0,without_chunking,LMM-2,8.0,8.149999999999991,0.8593083025262891
95,1294,8,6,60.0,without_chunking,LMM-1,9.0,9.09999999999998,0.8026474125795094
95,1294,8,6,60.0,without_chunking,LMM-2,7.5,7.674999999999983,0.8695693793728347
95,1294,8,8,80.0,without_chunking,LMM-1,9.25,9.33749999999998,0.8148080556841547
95,1294,8,8,80.0,without_chunking,LMM-2,7.375,7.556249999999986,0.8677490670018513
95,1294,10,2,20.0,without_chunking,LMM-1,8.0,8.150000000000004,0.8754936672486028
95,1294,10,2,20.0,without_chunking,LMM-2,8.0,8.150000000000004,0.8754936672486028
95,1294,10,4,40.0,without_chunking,LMM-1,8.0,8.149999999999991,0.855888274661309
95,1294,10,4,40.0,without_chunking,LMM-2,7.75,7.912499999999992,0.8635433099769614
95,1294,10,6,60.0,without_chunking,LMM-1,8.0,8.149999999999983,0.8366727271865884
95,1294,10,6,60.0,without_chunking,LMM-2,7.5,7.674999999999984,0.860637534441876
95,1294,10,8,80.0,without_chunking,LMM-1,8.0,8.149999999999984,0.8178402650426192
95,1294,10,8,80.0,without_chunking,LMM-2,7.75,7.912499999999985,0.8459570500783076
96,1295,4,2,20.0,without_chunking,LMM-1,13.0,12.90000000000001,0.783993200863719
96,1295,4,2,20.0,without_chunking,LMM-2,13.0,12.90000000000001,0.783993200863719
96,1295,4,4,40.0,without_chunking,LMM-1,13.0,12.899999999999986,0.7393407896888473
96,1295,4,4,40.0,without_chunking,LMM-2,13.0,12.899999999999986,0.7393407896888473
96,1295,4,6,60.0,without_chunking,LMM-1,13.0,12.899999999999972,0.697117227164778
96,1295,4,6,60.0,without_chunking,LMM-2,13.0,12.899999999999972,0.697117227164778
96,1295,4,8,80.0,without_chunking,LMM-1,13.0,12.899999999999977,0.657197652102073
96,1295,4,8,80.0,without_chunking,LMM-2,13.0,12.899999999999977,0.657197652102073
96,1295,6,2,20.0,without_chunking,LMM-1,13.0,12.90000000000001,0.783993200863719
96,1295,6,2,20.0,without_chunking,LMM-2,13.0,12.90000000000001,0.783993200863719
96,1295,6,4,40.0,without_chunking,LMM-1,13.0,12.899999999999986,0.7393407896888473
96,1295,6,4,40.0,without_chunking,LMM-2,13.0,12.899999999999986,0.7393407896888473
96,1295,6,6,60.0,without_chunking,LMM-1,13.0,12.899999999999972,0.697117227164778
96,1295,6,6,60.0,without_chunking,LMM-2,13.0,12.899999999999972,0.697117227164778
96,1295,6,8,80.0,without_chunking,LMM-1,13.0,12.899999999999977,0.657197652102073
96,1295,6,8,80.0,without_chunking,LMM-2,13.0,12.899999999999977,0.657197652102073
96,1295,8,2,20.0,without_chunking,LMM-1,13.0,12.90000000000001,0.783993200863719
96,1295,8,2,20.0,without_chunking,LMM-2,13.0,12.90000000000001,0.783993200863719
96,1295,8,4,40.0,without_chunking,LMM-1,13.0,12.899999999999986,0.7393407896888473
96,1295,8,4,40.0,without_chunking,LMM-2,13.0,12.899999999999986,0.7393407896888473
96,1295,8,6,60.0,without_chunking,LMM-1,13.0,12.899999999999972,0.697117227164778
96,1295,8,6,60.0,without_chunking,LMM-2,13.0,12.899999999999972,0.697117227164778
96,1295,8,8,80.0,without_chunking,LMM-1,13.0,12.899999999999977,0.657197652102073
96,1295,8,8,80.0,without_chunking,LMM-2,13.0,12.899999999999977,0.657197652102073
96,1295,10,2,20.0,without_chunking,LMM-1,11.5,11.475000000000009,0.812940677854515
96,1295,10,2,20.0,without_chunking,LMM-2,11.5,11.475000000000009,0.812940677854515
96,1295,10,4,40.0,without_chunking,LMM-1,11.5,11.474999999999987,0.7780688272817435
96,1295,10,4,40.0,without_chunking,LMM-2,11.5,11.474999999999987,0.7780688272817435
96,1295,10,6,60.0,without_chunking,LMM-1,11.5,11.474999999999975,0.7446143318695536
96,1295,10,6,60.0,without_chunking,LMM-2,11.5,11.474999999999975,0.7446143318695536
96,1295,10,8,80.0,without_chunking,LMM-1,11.5,11.47499999999998,0.7125230948987913
96,1295,10,8,80.0,without_chunking,LMM-2,11.5,11.47499999999998,0.7125230948987913
97,1296,4,2,20.0,without_chunking,LMM-1,11.5,11.475000000000009,0.7796263075630887
97,1296,4,2,20.0,without_chunking,LMM-2,11.5,11.475000000000009,0.7796263075630887
97,1296,4,4,40.0,without_chunking,LMM-1,11.5,11.474999999999989,0.752441949227094
97,1296,4,4,40.0,without_chunking,LMM-2,11.5,11.474999999999989,0.752441949227094
97,1296,4,6,60.0,without_chunking,LMM-1,11.5,11.474999999999975,0.7261519274923764
97,1296,4,6,60.0,without_chunking,LMM-2,11.5,11.474999999999975,0.7261519274923764
97,1296,4,8,80.0,without_chunking,LMM-1,11.5,11.47499999999998,0.7250567549862734
97,1296,4,8,80.0,without_chunking,LMM-2,11.5,11.47499999999998,0.7250567549862734
97,1296,6,2,20.0,without_chunking,LMM-1,10.0,10.050000000000006,0.8312584778364027
97,1296,6,2,20.0,without_chunking,LMM-2,10.0,10.050000000000006,0.8312584778364027
97,1296,6,4,40.0,without_chunking,LMM-1,10.0,10.04999999999999,0.8003413068037779
97,1296,6,4,40.0,without_chunking,LMM-2,10.0,10.04999999999999,0.8003413068037779
97,1296,6,6,60.0,without_chunking,LMM-1,10.0,10.049999999999978,0.7704855521237646
97,1296,6,6,60.0,without_chunking,LMM-2,10.0,10.049999999999978,0.7704855521237646
97,1296,6,8,80.0,without_chunking,LMM-1,10.0,10.049999999999981,0.7416581259335082
97,1296,6,8,80.0,without_chunking,LMM-2,10.0,10.049999999999981,0.7416581259335082
97,1296,8,2,20.0,without_chunking,LMM-1,10.0,10.050000000000006,0.8312584778364027
97,1296,8,2,20.0,without_chunking,LMM-2,9.0,9.100000000000005,0.8488752897991115
97,1296,8,4,40.0,without_chunking,LMM-1,10.0,10.04999999999999,0.8003413068037779
97,1296,8,4,40.0,without_chunking,LMM-2,8.5,8.62499999999999,0.8465098012652423
97,1296,8,6,60.0,without_chunking,LMM-1,10.0,10.049999999999978,0.7704855521237646
97,1296,8,6,60.0,without_chunking,LMM-2,8.5,8.62499999999998,0.8306100527787279
97,1296,8,8,80.0,without_chunking,LMM-1,9.5,9.574999999999982,0.7828180167836691
97,1296,8,8,80.0,without_chunking,LMM-2,8.25,8.387499999999985,0.8315031495171108
97,1296,10,2,20.0,without_chunking,LMM-1,10.0,10.050000000000006,0.8312584778364027
97,1296,10,2,20.0,without_chunking,LMM-2,9.0,9.100000000000005,0.8488752897991115
97,1296,10,4,40.0,without_chunking,LMM-1,10.0,10.04999999999999,0.8003413068037779
97,1296,10,4,40.0,without_chunking,LMM-2,8.5,8.62499999999999,0.8465098012652423
97,1296,10,6,60.0,without_chunking,LMM-1,10.0,10.049999999999978,0.7704855521237646
97,1296,10,6,60.0,without_chunking,LMM-2,8.5,8.62499999999998,0.8306100527787279
97,1296,10,8,80.0,without_chunking,LMM-1,9.5,9.574999999999982,0.7828180167836691
97,1296,10,8,80.0,without_chunking,LMM-2,8.0,8.149999999999984,0.8424009003628601
98,1297,4,2,20.0,without_chunking,LMM-1,10.0,10.050000000000004,0.8107845186938761
98,1297,4,2,20.0,without_chunking,LMM-2,10.0,10.050000000000004,0.8107845186938761
98,1297,4,4,40.0,without_chunking,LMM-1,10.0,10.04999999999999,0.7749855971959234
98,1297,4,4,40.0,without_chunking,LMM-2,10.0,10.04999999999999,0.7749855971959234
98,1297,4,6,60.0,without_chunking,LMM-1,10.0,10.049999999999978,0.7721433753433025
98,1297,4,6,60.0,without_chunking,LMM-2,10.0,10.049999999999978,0.7721433753433025
98,1297,4,8,80.0,without_chunking,LMM-1,10.0,10.049999999999983,0.7799726065446415
98,1297,4,8,80.0,without_chunking,LMM-2,9.25,9.337499999999984,0.8008124451583786
98,1297,6,2,20.0,without_chunking,LMM-1,10.5,10.525000000000006,0.8110626345779463
98,1297,6,2,20.0,without_chunking,LMM-2,9.25,9.337500000000006,0.8400508828296925
98,1297,6,4,40.0,without_chunking,LMM-1,10.5,10.52499999999999,0.7826164948584571
98,1297,6,4,40.0,without_chunking,LMM-2,9.25,9.337499999999988,0.8201096624018944
98,1297,6,6,60.0,without_chunking,LMM-1,10.5,10.524999999999977,0.7551011754381247
98,1297,6,6,60.0,without_chunking,LMM-2,9.25,9.337499999999977,0.8006495769920305
98,1297,6,8,80.0,without_chunking,LMM-1,11.0,10.99999999999998,0.7480102267558271
98,1297,6,8,80.0,without_chunking,LMM-2,9.75,9.812499999999982,0.7961486238321516
98,1297,8,2,20.0,without_chunking,LMM-1,9.5,9.575000000000006,0.8528705974755064
98,1297,8,2,20.0,without_chunking,LMM-2,7.5,7.675000000000004,0.8973361951783666
98,1297,8,4,40.0,without_chunking,LMM-1,9.5,9.57499999999999,0.8191899341526323
98,1297,8,4,40.0,without_chunking,LMM-2,7.5,7.674999999999994,0.8884316870116166
98,1297,8,6,60.0,without_chunking,LMM-1,9.5,9.574999999999978,0.7867560396069626
98,1297,8,6,60.0,without_chunking,LMM-2,6.916666666666666,7.120833333333318,0.8874492740900507
98,1297,8,8,80.0,without_chunking,LMM-1,10.0,10.049999999999983,0.7804247904566678
98,1297,8,8,80.0,without_chunking,LMM-2,6.8125,7.021874999999986,0.8812752510077935
98,1297,10,2,20.0,without_chunking,LMM-1,9.0,9.100000000000005,0.8704142740498138
98,1297,10,2,20.0,without_chunking,LMM-2,7.5,7.675000000000004,0.9001569742375426
98,1297,10,4,40.0,without_chunking,LMM-1,9.0,9.09999999999999,0.8461101101862896
98,1297,10,4,40.0,without_chunking,LMM-2,7.75,7.912499999999994,0.8879657310396538
98,1297,10,6,60.0,without_chunking,LMM-1,9.0,9.09999999999998,0.8224619695451356
98,1297,10,6,60.0,without_chunking,LMM-2,6.166666666666667,6.408333333333321,0.904659704860058
98,1297,10,8,80.0,without_chunking,LMM-1,9.0,9.099999999999984,0.7994526355274458
98,1297,10,8,80.0,without_chunking,LMM-2,4.625,4.8062499999999915,0.9256262432919942
99,1298,4,2,20.0,without_chunking,LMM-1,13.5,13.37500000000001,0.7470569682278987
99,1298,4,2,20.0,without_chunking,LMM-2,13.5,13.37500000000001,0.7470569682278987
99,1298,4,4,40.0,without_chunking,LMM-1,13.5,13.374999999999986,0.6988142322093245
99,1298,4,4,40.0,without_chunking,LMM-2,13.5,13.374999999999986,0.6988142322093245
99,1298,4,6,60.0,without_chunking,LMM-1,13.5,13.374999999999972,0.653564850437565
99,1298,4,6,60.0,without_chunking,LMM-2,13.5,13.374999999999972,0.653564850437565
99,1298,4,8,80.0,without_chunking,LMM-1,13.75,13.612499999999978,0.6575379280068148
99,1298,4,8,80.0,without_chunking,LMM-2,13.75,13.612499999999978,0.6575379280068148
99,1298,6,2,20.0,without_chunking,LMM-1,12.5,12.425000000000008,0.7750609622496765
99,1298,6,2,20.0,without_chunking,LMM-2,12.5,12.425000000000008,0.7750609622496765
99,1298,6,4,40.0,without_chunking,LMM-1,12.5,12.424999999999986,0.7295502798961335
99,1298,6,4,40.0,without_chunking,LMM-2,12.5,12.424999999999986,0.7295502798961335
99,1298,6,6,60.0,without_chunking,LMM-1,12.5,12.424999999999974,0.6865905912997686
99,1298,6,6,60.0,without_chunking,LMM-2,12.5,12.424999999999974,0.6865905912997686
99,1298,6,8,80.0,without_chunking,LMM-1,12.5,12.42499999999998,0.6460468543591831
99,1298,6,8,80.0,without_chunking,LMM-2,12.5,12.42499999999998,0.6460468543591831
99,1298,8,2,20.0,without_chunking,LMM-1,12.5,12.425000000000008,0.7750609622496765
99,1298,8,2,20.0,without_chunking,LMM-2,12.5,12.425000000000008,0.7750609622496765
99,1298,8,4,40.0,without_chunking,LMM-1,12.5,12.424999999999986,0.7295502798961335
99,1298,8,4,40.0,without_chunking,LMM-2,12.5,12.424999999999986,0.7295502798961335
99,1298,8,6,60.0,without_chunking,LMM-1,12.5,12.424999999999974,0.6865905912997686
99,1298,8,6,60.0,without_chunking,LMM-2,12.5,12.424999999999974,0.6865905912997686
99,1298,8,8,80.0,without_chunking,LMM-1,12.5,12.42499999999998,0.6460468543591831
99,1298,8,8,80.0,without_chunking,LMM-2,12.5,12.42499999999998,0.6460468543591831
99,1298,10,2,20.0,without_chunking,LMM-1,9.5,9.575000000000006,0.8361449644062677
99,1298,10,2,20.0,without_chunking,LMM-2,9.5,9.575000000000006,0.8361449644062677
99,1298,10,4,40.0,without_chunking,LMM-1,9.5,9.57499999999999,0.8002633299478141
99,1298,10,4,40.0,without_chunking,LMM-2,9.5,9.57499999999999,0.8002633299478141
99,1298,10,6,60.0,without_chunking,LMM-1,9.5,9.57499999999998,0.7658087173708918
99,1298,10,6,60.0,without_chunking,LMM-2,9.5,9.57499999999998,0.7658087173708918
99,1298,10,8,80.0,without_chunking,LMM-1,9.5,9.574999999999982,0.732729432379981
99,1298,10,8,80.0,without_chunking,LMM-2,9.5,9.574999999999982,0.732729432379981
100,1299,4,2,20.0,without_chunking,LMM-1,11.0,11.000000000000007,0.789540685065095
100,1299,4,2,20.0,without_chunking,LMM-2,11.0,11.000000000000007,0.789540685065095
100,1299,4,4,40.0,without_chunking,LMM-1,11.0,10.99999999999999,0.7487242304396832
100,1299,4,4,40.0,without_chunking,LMM-2,11.0,10.99999999999999,0.7487242304396832
100,1299,4,6,60.0,without_chunking,LMM-1,11.0,10.999999999999977,0.7635221706686819
100,1299,4,6,60.0,without_chunking,LMM-2,10.5,10.524999999999977,0.779779961685807
100,1299,4,8,80.0,without_chunking,LMM-1,11.0,10.99999999999998,0.7426660376942726
100,1299,4,8,80.0,without_chunking,LMM-2,10.5,10.52499999999998,0.768854111798687
100,1299,6,2,20.0,without_chunking,LMM-1,10.0,10.050000000000004,0.8263987611388355
100,1299,6,2,20.0,without_chunking,LMM-2,9.5,9.575000000000006,0.8533808307042435
100,1299,6,4,40.0,without_chunking,LMM-1,10.0,10.04999999999999,0.7893765241223436
100,1299,6,4,40.0,without_chunking,LMM-2,9.5,9.574999999999989,0.8377971518853375
100,1299,6,6,60.0,without_chunking,LMM-1,10.0,10.049999999999978,0.801415702809364
100,1299,6,6,60.0,without_chunking,LMM-2,9.5,9.574999999999978,0.8215059766450608
100,1299,6,8,80.0,without_chunking,LMM-1,10.0,10.049999999999983,0.7826735842809556
100,1299,6,8,80.0,without_chunking,LMM-2,9.5,9.574999999999982,0.8046776817295612
100,1299,8,2,20.0,without_chunking,LMM-1,9.0,9.100000000000005,0.84753386674359
100,1299,8,2,20.0,without_chunking,LMM-2,8.5,8.625000000000004,0.8719071562127101
100,1299,8,4,40.0,without_chunking,LMM-1,9.0,9.09999999999999,0.8135627083538957
100,1299,8,4,40.0,without_chunking,LMM-2,9.25,9.33749999999999,0.8552484977725701
100,1299,8,6,60.0,without_chunking,LMM-1,9.25,9.33749999999998,0.8075669905749668
100,1299,8,6,60.0,without_chunking,LMM-2,8.25,8.387499999999982,0.8656985027824121
100,1299,8,8,80.0,without_chunking,LMM-1,9.5,9.574999999999982,0.7996129105007508
100,1299,8,8,80.0,without_chunking,LMM-2,8.6875,8.803124999999984,0.8358416766906782
100,1299,10,2,20.0,without_chunking,LMM-1,8.75,8.862500000000004,0.8746816558920798
100,1299,10,2,20.0,without_chunking,LMM-2,8.75,8.862500000000004,0.8746816558920798
100,1299,10,4,40.0,without_chunking,LMM-1,8.75,8.86249999999999,0.8580592858430854
100,1299,10,4,40.0,without_chunking,LMM-2,8.75,8.86249999999999,0.8580592858430854
100,1299,10,6,60.0,without_chunking,LMM-1,8.75,8.86249999999998,0.8417261540588963
100,1299,10,6,60.0,without_chunking,LMM-2,8.75,8.86249999999998,0.8417261540588963
100,1299,10,8,80.0,without_chunking,LMM-1,8.75,8.862499999999983,0.8256777704630123
100,1299,10,8,80.0,without_chunking,LMM-2,8.75,8.862499999999983,0.8256777704630123
