iteration,seed,num_publishers,num_users,arrival_window_used,chunking_mode,lmm,avg_hops,avg_delay,avg_success_rate
1,1000,4,2,40.0,with_chunking,LMM-1,12.0,20.899654544388518,0.7723171219796908
1,1000,4,2,40.0,with_chunking,LMM-2,12.0,20.899654544388518,0.7723171219796908
1,1000,4,4,40.0,with_chunking,LMM-1,13.0,23.322441314236308,0.5289933789450265
1,1000,4,4,40.0,with_chunking,LMM-2,13.0,13.050710405474351,0.5536401218634331
1,1000,4,6,40.0,with_chunking,LMM-1,12.666666666666666,23.097639722754,0.35090625006877296
1,1000,4,6,40.0,with_chunking,LMM-2,12.666666666666666,20.54791443678779,0.38007617750230177
1,1000,4,8,40.0,with_chunking,LMM-1,13.0,24.222316292841672,0.20173670615524725
1,1000,4,8,40.0,with_chunking,LMM-2,13.0,19.893417385647222,0.24824851058675249
1,1000,6,2,40.0,with_chunking,LMM-1,13.25,22.602776124008408,0.5930920741613409
1,1000,6,2,40.0,with_chunking,LMM-2,13.25,22.602776124008408,0.5930920741613409
1,1000,6,4,40.0,with_chunking,LMM-1,13.0,22.702552852305285,0.29138225323327727
1,1000,6,4,40.0,with_chunking,LMM-2,12.5,16.861256595839723,0.3741509782007264
1,1000,6,6,40.0,with_chunking,LMM-1,12.416666666666666,22.281053854874582,0.17312058879172634
1,1000,6,6,40.0,with_chunking,LMM-2,12.416666666666666,19.512220082027522,0.2198818861131889
1,1000,6,8,40.0,with_chunking,LMM-1,12.75,23.499185758612533,0.049330690972506926
1,1000,6,8,40.0,with_chunking,LMM-2,12.75,19.082817439545465,0.07913319324353751
1,1000,8,2,40.0,with_chunking,LMM-1,11.0,18.843900976807348,0.7120776844535376
1,1000,8,2,40.0,with_chunking,LMM-2,11.0,18.843900976807348,0.7120776844535376
1,1000,8,4,40.0,with_chunking,LMM-1,10.875,18.643987191342802,0.43906415720696396
1,1000,8,4,40.0,with_chunking,LMM-2,11.5,10.603810775897815,0.4083420176908219
1,1000,8,6,40.0,with_chunking,LMM-1,10.916666666666666,19.465855082139644,0.26341575307314896
1,1000,8,6,40.0,with_chunking,LMM-2,10.916666666666666,16.81524766377198,0.3075417898174856
1,1000,8,8,40.0,with_chunking,LMM-1,11.25,20.534861317000367,0.09156222299715479
1,1000,8,8,40.0,with_chunking,LMM-2,10.625,15.000022098725655,0.19987437113481277
1,1000,10,2,40.0,with_chunking,LMM-1,10.5,17.491229292381632,0.69260158798638
1,1000,10,2,40.0,with_chunking,LMM-2,10.5,17.491229292381632,0.69260158798638
1,1000,10,4,40.0,with_chunking,LMM-1,10.75,18.342600187629866,0.41096520611472415
1,1000,10,4,40.0,with_chunking,LMM-2,10.5,9.308688163753336,0.4495864497539826
1,1000,10,6,40.0,with_chunking,LMM-1,9.833333333333334,17.199147566419597,0.2614065637364864
1,1000,10,6,40.0,with_chunking,LMM-2,9.333333333333334,13.980355920040694,0.34637569677918845
1,1000,10,8,40.0,with_chunking,LMM-1,10.25,18.43248052198421,0.09434320467085032
1,1000,10,8,40.0,with_chunking,LMM-2,10.75,14.869285984692818,0.13660668338308057
2,1001,4,2,40.0,with_chunking,LMM-1,10.75,19.049189984142203,0.6906026114779668
2,1001,4,2,40.0,with_chunking,LMM-2,10.75,19.049189984142203,0.6906026114779668
2,1001,4,4,40.0,with_chunking,LMM-1,10.75,19.486610125321505,0.43006953622534017
2,1001,4,4,40.0,with_chunking,LMM-2,10.75,14.64105290161892,0.4439969447264384
2,1001,4,6,40.0,with_chunking,LMM-1,10.583333333333334,19.495811530679216,0.2510006995473366
2,1001,4,6,40.0,with_chunking,LMM-2,10.583333333333334,16.94419418263521,0.28864255440414227
2,1001,4,8,40.0,with_chunking,LMM-1,10.9375,20.527718525854972,0.15140369435490106
2,1001,4,8,40.0,with_chunking,LMM-2,10.9375,16.33154271663328,0.18911642290820768
2,1001,6,2,40.0,with_chunking,LMM-1,9.25,15.955257930471552,0.7430773889794323
2,1001,6,2,40.0,with_chunking,LMM-2,9.25,15.955257930471552,0.7430773889794323
2,1001,6,4,40.0,with_chunking,LMM-1,8.75,15.454260716626194,0.5288217494000728
2,1001,6,4,40.0,with_chunking,LMM-2,8.75,15.454260716626194,0.5288217494000728
2,1001,6,6,40.0,with_chunking,LMM-1,9.083333333333334,16.17945362329559,0.3391787607185397
2,1001,6,6,40.0,with_chunking,LMM-2,9.083333333333334,13.709961657820946,0.3775540478349598
2,1001,6,8,40.0,with_chunking,LMM-1,8.875,16.20986491836991,0.20549105601562895
2,1001,6,8,40.0,with_chunking,LMM-2,8.875,12.110704913745392,0.24742837347798124
2,1001,8,2,40.0,with_chunking,LMM-1,10.0,17.45946655075563,0.654339774088434
2,1001,8,2,40.0,with_chunking,LMM-2,10.0,17.457087732635987,0.6546932623939832
2,1001,8,4,40.0,with_chunking,LMM-1,8.75,15.18965233066857,0.469691727078659
2,1001,8,4,40.0,with_chunking,LMM-2,8.25,14.234299277829404,0.5083309554740713
2,1001,8,6,40.0,with_chunking,LMM-1,9.083333333333334,16.166597063696496,0.27080230256589993
2,1001,8,6,40.0,with_chunking,LMM-2,8.833333333333334,13.41242076026145,0.3057641421091057
2,1001,8,8,40.0,with_chunking,LMM-1,9.125,16.42450468210428,0.15792495582545266
2,1001,8,8,40.0,with_chunking,LMM-2,9.0,12.099236112073548,0.20930207784368535
2,1001,10,2,40.0,with_chunking,LMM-1,6.75,11.437034922546818,0.7903103340712945
2,1001,10,2,40.0,with_chunking,LMM-2,6.5,10.996457113666281,0.7992747669777582
2,1001,10,4,40.0,with_chunking,LMM-1,10.25,18.246600232293584,0.3738656396605278
2,1001,10,4,40.0,with_chunking,LMM-2,10.25,14.085167593450592,0.3905698572048426
2,1001,10,6,40.0,with_chunking,LMM-1,7.0,12.213567094436124,0.4041913868862426
2,1001,10,6,40.0,with_chunking,LMM-2,6.0,10.276101775856693,0.5039292255181053
2,1001,10,8,40.0,with_chunking,LMM-1,8.5625,15.414156583507157,0.16528941424613836
2,1001,10,8,40.0,with_chunking,LMM-2,8.5,11.270970530624584,0.21759669022239186
3,1002,4,2,40.0,with_chunking,LMM-1,17.0,29.74901298532702,0.682493900966585
3,1002,4,2,40.0,with_chunking,LMM-2,17.0,29.74901298532702,0.682493900966585
3,1002,4,4,40.0,with_chunking,LMM-1,18.0,32.79200487811478,0.3616613502060517
3,1002,4,4,40.0,with_chunking,LMM-2,18.0,22.283927143127844,0.39848776023720506
3,1002,4,6,40.0,with_chunking,LMM-1,17.0,31.574415478669263,0.19578472900980273
3,1002,4,6,40.0,with_chunking,LMM-2,17.0,28.64413580766428,0.23649232917437726
3,1002,4,8,40.0,with_chunking,LMM-1,17.5,33.525775920097765,0.0757268835913322
3,1002,4,8,40.0,with_chunking,LMM-2,17.5,28.657936954638195,0.1172359320042773
3,1002,6,2,40.0,with_chunking,LMM-1,15.0,26.261383382693083,0.719137301560418
3,1002,6,2,40.0,with_chunking,LMM-2,15.0,26.261383382693083,0.719137301560418
3,1002,6,4,40.0,with_chunking,LMM-1,13.0,23.71219852473071,0.4959083258897633
3,1002,6,4,40.0,with_chunking,LMM-2,13.0,18.39298863328313,0.5206670490325878
3,1002,6,6,40.0,with_chunking,LMM-1,15.0,27.748132686754023,0.2526940480960407
3,1002,6,6,40.0,with_chunking,LMM-2,15.0,24.914045688325043,0.29782308157326604
3,1002,6,8,40.0,with_chunking,LMM-1,13.5,26.085898537631888,0.14249691688443494
3,1002,6,8,40.0,with_chunking,LMM-2,13.5,21.395132773840285,0.1983621269811123
3,1002,8,2,40.0,with_chunking,LMM-1,12.5,21.852550292363723,0.7621297115530699
3,1002,8,2,40.0,with_chunking,LMM-2,12.5,21.852550292363723,0.7621297115530699
3,1002,8,4,40.0,with_chunking,LMM-1,16.0,28.381323520222303,0.44905457349812367
3,1002,8,4,40.0,with_chunking,LMM-2,16.0,18.032451876544734,0.4806506530859461
3,1002,8,6,40.0,with_chunking,LMM-1,12.5,22.548545926632602,0.36544913822113895
3,1002,8,6,40.0,with_chunking,LMM-2,12.5,19.905232270237256,0.4059313581052008
3,1002,8,8,40.0,with_chunking,LMM-1,14.125,26.118515508820813,0.16884586258541284
3,1002,8,8,40.0,with_chunking,LMM-2,14.125,21.622665256410478,0.22524502130100763
3,1002,10,2,40.0,with_chunking,LMM-1,10.0,16.736782288219217,0.8293092762590244
3,1002,10,2,40.0,with_chunking,LMM-2,10.0,16.736782288219217,0.8293092762590244
3,1002,10,4,40.0,with_chunking,LMM-1,10.0,17.204913840210068,0.6551339691672974
3,1002,10,4,40.0,with_chunking,LMM-2,10.0,12.080387703249208,0.6676913492011728
3,1002,10,6,40.0,with_chunking,LMM-1,10.0,17.46412038963035,0.47267943648399874
3,1002,10,6,40.0,with_chunking,LMM-2,10.0,15.013821375659335,0.5050411289632264
3,1002,10,8,40.0,with_chunking,LMM-1,10.0,17.74813084935536,0.3415148515431393
3,1002,10,8,40.0,with_chunking,LMM-2,10.0,13.615884710407922,0.3949211741238656
4,1003,4,2,40.0,with_chunking,LMM-1,12.25,20.778956654293253,0.6866147504764024
4,1003,4,2,40.0,with_chunking,LMM-2,12.25,20.778956654293253,0.6866147504764024
4,1003,4,4,40.0,with_chunking,LMM-1,11.25,19.551904046219505,0.45480619569534153
4,1003,4,4,40.0,with_chunking,LMM-2,11.25,14.572612518283643,0.4718251956639214
4,1003,4,6,40.0,with_chunking,LMM-1,12.416666666666666,22.05828408697934,0.22082753151960513
4,1003,4,6,40.0,with_chunking,LMM-2,12.416666666666666,19.44039463481322,0.2623906996705904
4,1003,4,8,40.0,with_chunking,LMM-1,11.5625,20.85662243094223,0.15972554692978125
4,1003,4,8,40.0,with_chunking,LMM-2,11.5,16.628597219408746,0.16585606912112563
4,1003,6,2,40.0,with_chunking,LMM-1,11.5,19.86644530557266,0.7925691079110139
4,1003,6,2,40.0,with_chunking,LMM-2,11.5,19.86644530557266,0.7925691079110139
4,1003,6,4,40.0,with_chunking,LMM-1,10.666666666666668,18.11037492521206,0.42431499299791947
4,1003,6,4,40.0,with_chunking,LMM-2,10.0,16.930201329330746,0.45380556348865586
4,1003,6,6,40.0,with_chunking,LMM-1,11.055555555555555,19.722274667014485,0.25969123544863715
4,1003,6,6,40.0,with_chunking,LMM-2,11.055555555555555,17.27362728724631,0.28855298856954986
4,1003,6,8,40.0,with_chunking,LMM-1,11.208333333333334,19.9907623675643,0.13998484259451738
4,1003,6,8,40.0,with_chunking,LMM-2,10.875,15.337010321336306,0.18490819899267036
4,1003,8,2,40.0,with_chunking,LMM-1,11.5,19.28122928701722,0.7471944417006311
4,1003,8,2,40.0,with_chunking,LMM-2,11.5,19.28169144501868,0.7470296582897855
4,1003,8,4,40.0,with_chunking,LMM-1,11.0,19.099183771462346,0.3911361273370935
4,1003,8,4,40.0,with_chunking,LMM-2,11.0,14.527798560794302,0.41444222358901806
4,1003,8,6,40.0,with_chunking,LMM-1,10.888888888888888,18.883626160860583,0.2337580580324999
4,1003,8,6,40.0,with_chunking,LMM-2,10.61111111111111,15.966888800756626,0.2757476762049046
4,1003,8,8,40.0,with_chunking,LMM-1,11.5625,20.56763537138385,0.11618344926720901
4,1003,8,8,40.0,with_chunking,LMM-2,11.229166666666666,15.80750128396116,0.1901583570438654
4,1003,10,2,40.0,with_chunking,LMM-1,10.25,17.34020673692263,0.7655384843253721
4,1003,10,2,40.0,with_chunking,LMM-2,10.25,17.343116965113012,0.7652091360982529
4,1003,10,4,40.0,with_chunking,LMM-1,10.666666666666668,18.17972551974467,0.42227833750075944
4,1003,10,4,40.0,with_chunking,LMM-2,10.0,16.979670453188668,0.45231466400745995
4,1003,10,6,40.0,with_chunking,LMM-1,9.944444444444445,17.10117903339479,0.28285637507765665
4,1003,10,6,40.0,with_chunking,LMM-2,9.444444444444445,13.780781937717984,0.34330236677657333
4,1003,10,8,40.0,with_chunking,LMM-1,10.583333333333334,18.742955790561613,0.13634230017393656
4,1003,10,8,40.0,with_chunking,LMM-2,10.125,13.780735725888976,0.17774645258925817
5,1004,4,2,40.0,with_chunking,LMM-1,14.5,24.50728020614683,0.7554844299129572
5,1004,4,2,40.0,with_chunking,LMM-2,14.5,24.50728020614683,0.7554844299129572
5,1004,4,4,40.0,with_chunking,LMM-1,15.5,27.49658120546651,0.4400666695000979
5,1004,4,4,40.0,with_chunking,LMM-2,15.5,16.9950528925594,0.4802196389434783
5,1004,4,6,40.0,with_chunking,LMM-1,14.833333333333334,26.126303664149432,0.3188008913408085
5,1004,4,6,40.0,with_chunking,LMM-2,15.0,24.115970420525723,0.32852868004710706
5,1004,4,8,40.0,with_chunking,LMM-1,15.125,27.383776654417556,0.16499838441566345
5,1004,4,8,40.0,with_chunking,LMM-2,15.375,23.900215785593748,0.17750210931365853
5,1004,6,2,40.0,with_chunking,LMM-1,15.5,26.742770903408235,0.7092109158180878
5,1004,6,2,40.0,with_chunking,LMM-2,15.5,26.742770903408235,0.7092109158180878
5,1004,6,4,40.0,with_chunking,LMM-1,12.5,22.137135550319705,0.5330235080660239
5,1004,6,4,40.0,with_chunking,LMM-2,12.5,16.88125039045446,0.5599250818328858
5,1004,6,6,40.0,with_chunking,LMM-1,15.166666666666666,26.7640883287746,0.30568973487386103
5,1004,6,6,40.0,with_chunking,LMM-2,15.166666666666666,24.292938885828804,0.32700827622730705
5,1004,6,8,40.0,with_chunking,LMM-1,13.75,24.702563359820115,0.2159405110403962
5,1004,6,8,40.0,with_chunking,LMM-2,13.75,20.49004511102185,0.25832862846433635
5,1004,8,2,40.0,with_chunking,LMM-1,12.0,19.92805565704043,0.8072060657939936
5,1004,8,2,40.0,with_chunking,LMM-2,12.0,19.92805565704043,0.8072060657939936
5,1004,8,4,40.0,with_chunking,LMM-1,13.5,23.918697442552812,0.5110950435485352
5,1004,8,4,40.0,with_chunking,LMM-2,13.5,13.531391966001902,0.5437644797607133
5,1004,8,6,40.0,with_chunking,LMM-1,12.0,20.68990639558886,0.4238853380670022
5,1004,8,6,40.0,with_chunking,LMM-2,12.0,18.282620932887745,0.4501925279358427
5,1004,8,8,40.0,with_chunking,LMM-1,12.875,23.04826260231902,0.23628477106652163
5,1004,8,8,40.0,with_chunking,LMM-2,12.875,18.841639505420464,0.28537608397414493
5,1004,10,2,40.0,with_chunking,LMM-1,10.5,17.332848212528106,0.8285052729111391
5,1004,10,2,40.0,with_chunking,LMM-2,10.5,17.332848212528106,0.8285052729111391
5,1004,10,4,40.0,with_chunking,LMM-1,10.5,17.704088267030116,0.6396201692586029
5,1004,10,4,40.0,with_chunking,LMM-2,10.5,17.685755212433023,0.6416356328222275
5,1004,10,6,40.0,with_chunking,LMM-1,11.0,18.977902906882065,0.4491767915317401
5,1004,10,6,40.0,with_chunking,LMM-2,11.0,16.428907422208727,0.48793024155922415
5,1004,10,8,40.0,with_chunking,LMM-1,10.5,18.239881794589,0.3501492635366723
5,1004,10,8,40.0,with_chunking,LMM-2,10.5,14.201775839780463,0.3845249370398723
6,1005,4,2,40.0,with_chunking,LMM-1,14.0,24.960732062107667,0.7163996805275296
6,1005,4,2,40.0,with_chunking,LMM-2,14.0,24.960732062107667,0.7163996805275296
6,1005,4,4,40.0,with_chunking,LMM-1,14.0,25.80856385983445,0.4456889755414851
6,1005,4,4,40.0,with_chunking,LMM-2,14.0,15.350392784068601,0.4816758082701474
6,1005,4,6,40.0,with_chunking,LMM-1,14.0,26.709589622364703,0.2374702726362432
6,1005,4,6,40.0,with_chunking,LMM-2,14.0,23.755046092588078,0.2851847742019504
6,1005,4,8,40.0,with_chunking,LMM-1,14.0,27.606773131740674,0.10798607744308046
6,1005,4,8,40.0,with_chunking,LMM-2,14.0,22.761699163981753,0.16190692487861238
6,1005,6,2,40.0,with_chunking,LMM-1,13.5,23.02309669136141,0.7648601500154207
6,1005,6,2,40.0,with_chunking,LMM-2,13.5,23.02309669136141,0.7648601500154207
6,1005,6,4,40.0,with_chunking,LMM-1,14.0,25.076350716115357,0.48926168546117427
6,1005,6,4,40.0,with_chunking,LMM-2,14.0,14.685576088745526,0.5236591528573128
6,1005,6,6,40.0,with_chunking,LMM-1,13.5,24.010420549218527,0.34354604296088
6,1005,6,6,40.0,with_chunking,LMM-2,13.5,21.455713557719577,0.37691086085480546
6,1005,6,8,40.0,with_chunking,LMM-1,13.875,25.56327055515409,0.17889713265411036
6,1005,6,8,40.0,with_chunking,LMM-2,13.875,21.17967028237881,0.23022966208446347
6,1005,8,2,40.0,with_chunking,LMM-1,11.0,18.408348918828445,0.8174865335515801
6,1005,8,2,40.0,with_chunking,LMM-2,11.0,18.408348918828445,0.8174865335515801
6,1005,8,4,40.0,with_chunking,LMM-1,14.0,25.075370248323615,0.4893993719914207
6,1005,8,4,40.0,with_chunking,LMM-2,14.0,14.721144658388951,0.5208523159985623
6,1005,8,6,40.0,with_chunking,LMM-1,11.0,19.353953833810426,0.4241585084558073
6,1005,8,6,40.0,with_chunking,LMM-2,11.0,16.791623642223055,0.4654266293240931
6,1005,8,8,40.0,with_chunking,LMM-1,12.5,22.84850961349757,0.21614087432097592
6,1005,8,8,40.0,with_chunking,LMM-2,12.5,18.503763807351877,0.2750363114764479
6,1005,10,2,40.0,with_chunking,LMM-1,9.0,15.10331885800092,0.851433959622715
6,1005,10,2,40.0,with_chunking,LMM-2,9.0,15.10331885800092,0.851433959622715
6,1005,10,4,40.0,with_chunking,LMM-1,9.0,15.471354849042216,0.684004915180291
6,1005,10,4,40.0,with_chunking,LMM-2,9.0,15.471354849042216,0.684004915180291
6,1005,10,6,40.0,with_chunking,LMM-1,9.0,15.817356982374335,0.5173893064556624
6,1005,10,6,40.0,with_chunking,LMM-2,9.0,13.29439666394416,0.5554216050322021
6,1005,10,8,40.0,with_chunking,LMM-1,9.0,16.146837232221987,0.3701062915012696
6,1005,10,8,40.0,with_chunking,LMM-2,9.0,11.972763930324724,0.43180223207491486
7,1006,4,2,40.0,with_chunking,LMM-1,18.5,31.766925027496626,0.6579325073766655
7,1006,4,2,40.0,with_chunking,LMM-2,18.5,31.766925027496626,0.6579325073766655
7,1006,4,4,40.0,with_chunking,LMM-1,19.0,33.28215663335847,0.35988053841246
7,1006,4,4,40.0,with_chunking,LMM-2,19.0,22.700591984389227,0.4043759364463256
7,1006,4,6,40.0,with_chunking,LMM-1,18.166666666666668,32.940665123335606,0.1849203324773648
7,1006,4,6,40.0,with_chunking,LMM-2,18.166666666666668,30.0013534917651,0.2258804301813957
7,1006,4,8,40.0,with_chunking,LMM-1,18.875,35.138770838132245,0.06072609244792523
7,1006,4,8,40.0,with_chunking,LMM-2,18.875,30.13518119790099,0.10320426316330256
7,1006,6,2,40.0,with_chunking,LMM-1,19.0,32.44833185519684,0.6497402042065313
7,1006,6,2,40.0,with_chunking,LMM-2,19.0,32.44833185519684,0.6497402042065313
7,1006,6,4,40.0,with_chunking,LMM-1,19.0,33.57732071760133,0.3434662955549756
7,1006,6,4,40.0,with_chunking,LMM-2,19.0,22.99917642739118,0.3862568115463267
7,1006,6,6,40.0,with_chunking,LMM-1,19.0,34.73370922955433,0.1459796310480643
7,1006,6,6,40.0,with_chunking,LMM-2,19.0,31.59726496669818,0.18962202508956952
7,1006,6,8,40.0,with_chunking,LMM-1,19.0,35.88912251358897,0.048860440648431286
7,1006,6,8,40.0,with_chunking,LMM-2,19.0,30.777441607055323,0.08726906155661895
7,1006,8,2,40.0,with_chunking,LMM-1,19.0,32.44833185519684,0.6497402042065313
7,1006,8,2,40.0,with_chunking,LMM-2,19.0,32.44833185519684,0.6497402042065313
7,1006,8,4,40.0,with_chunking,LMM-1,19.0,33.57732071760133,0.3434662955549756
7,1006,8,4,40.0,with_chunking,LMM-2,19.0,22.99917642739118,0.3862568115463267
7,1006,8,6,40.0,with_chunking,LMM-1,19.0,34.73370922955433,0.1459796310480643
7,1006,8,6,40.0,with_chunking,LMM-2,19.0,31.59726496669818,0.18962202508956952
7,1006,8,8,40.0,with_chunking,LMM-1,19.0,35.88912251358897,0.048860440648431286
7,1006,8,8,40.0,with_chunking,LMM-2,19.0,30.777441607055323,0.08726906155661895
7,1006,10,2,40.0,with_chunking,LMM-1,15.5,26.491916197058075,0.7167360333945226
7,1006,10,2,40.0,with_chunking,LMM-2,15.5,26.491916197058075,0.7167360333945226
7,1006,10,4,40.0,with_chunking,LMM-1,13.0,22.987156611144144,0.5060161250011316
7,1006,10,4,40.0,with_chunking,LMM-2,13.0,17.715098275913835,0.5349101910570982
7,1006,10,6,40.0,with_chunking,LMM-1,14.833333333333334,26.606695261677952,0.2773539588566942
7,1006,10,6,40.0,with_chunking,LMM-2,14.833333333333334,23.876936542867952,0.31908460522980797
7,1006,10,8,40.0,with_chunking,LMM-1,14.875,27.61926579325138,0.12982055749978197
7,1006,10,8,40.0,with_chunking,LMM-2,14.875,22.921037315920238,0.18375429745231253
8,1007,4,2,40.0,with_chunking,LMM-1,12.5,21.887192048973724,0.7597858315082668
8,1007,4,2,40.0,with_chunking,LMM-2,12.5,21.887192048973724,0.7597858315082668
8,1007,4,4,40.0,with_chunking,LMM-1,13.0,23.31945638098541,0.3838721658782216
8,1007,4,4,40.0,with_chunking,LMM-2,12.75,17.639778946277247,0.4720530086256722
8,1007,4,6,40.0,with_chunking,LMM-1,13.166666666666666,23.97914500083856,0.19418743926092671
8,1007,4,6,40.0,with_chunking,LMM-2,13.5,22.144580918477033,0.2106284580962696
8,1007,4,8,40.0,with_chunking,LMM-1,13.1875,24.94187158108101,0.0760271509833763
8,1007,4,8,40.0,with_chunking,LMM-2,13.1875,20.474812231063616,0.11267640099253307
8,1007,6,2,40.0,with_chunking,LMM-1,10.5,17.58271764359306,0.822581696790315
8,1007,6,2,40.0,with_chunking,LMM-2,10.5,17.58271764359306,0.822581696790315
8,1007,6,4,40.0,with_chunking,LMM-1,12.75,22.364002956213284,0.4334752205370049
8,1007,6,4,40.0,with_chunking,LMM-2,12.75,12.50502590613033,0.45331267849460843
8,1007,6,6,40.0,with_chunking,LMM-1,12.916666666666666,22.924634393715664,0.2243902509581684
8,1007,6,6,40.0,with_chunking,LMM-2,12.916666666666666,20.3725981719686,0.2602891822349555
8,1007,6,8,40.0,with_chunking,LMM-1,12.0,21.333327294924757,0.14887216963700833
8,1007,6,8,40.0,with_chunking,LMM-2,12.0,17.137078045723875,0.19168777003895376
8,1007,8,2,40.0,with_chunking,LMM-1,10.0,16.483704884839533,0.7603531656994749
8,1007,8,2,40.0,with_chunking,LMM-2,10.0,16.483704884839533,0.7603531656994749
8,1007,8,4,40.0,with_chunking,LMM-1,10.0,16.862976798763786,0.5241168644757924
8,1007,8,4,40.0,with_chunking,LMM-2,10.0,12.575816077420154,0.5384314889134196
8,1007,8,6,40.0,with_chunking,LMM-1,9.666666666666666,16.51983714982836,0.37037847528988455
8,1007,8,6,40.0,with_chunking,LMM-2,9.833333333333334,14.429339468096671,0.3889194134920108
8,1007,8,8,40.0,with_chunking,LMM-1,10.0625,17.652609546238356,0.1948275505807959
8,1007,8,8,40.0,with_chunking,LMM-2,9.875,13.166143516178213,0.25479682689588606
8,1007,10,2,40.0,with_chunking,LMM-1,9.75,16.199552199342385,0.7469213745344756
8,1007,10,2,40.0,with_chunking,LMM-2,9.25,15.374830913275947,0.7552566788745336
8,1007,10,4,40.0,with_chunking,LMM-1,11.5,19.854014699869985,0.4732946738175713
8,1007,10,4,40.0,with_chunking,LMM-2,11.5,15.58051025846374,0.48566446020587684
8,1007,10,6,40.0,with_chunking,LMM-1,9.666666666666666,16.386030808854347,0.39908791923071396
8,1007,10,6,40.0,with_chunking,LMM-2,9.5,13.656823666205078,0.44557573600487355
8,1007,10,8,40.0,with_chunking,LMM-1,10.125,17.6931272346976,0.21390527419065403
8,1007,10,8,40.0,with_chunking,LMM-2,9.75,14.208297558700504,0.2751182905606094
9,1008,4,2,40.0,with_chunking,LMM-1,14.5,25.013685300359885,0.7308077160611008
9,1008,4,2,40.0,with_chunking,LMM-2,14.5,25.013685300359885,0.7308077160611008
9,1008,4,4,40.0,with_chunking,LMM-1,15.0,26.52263859519114,0.4632434500164343
9,1008,4,4,40.0,with_chunking,LMM-2,15.0,16.06095586519816,0.5018501597166037
9,1008,4,6,40.0,with_chunking,LMM-1,14.5,26.195002798675727,0.29642864055893947
9,1008,4,6,40.0,with_chunking,LMM-2,14.5,23.629743410228695,0.3155476240342199
9,1008,4,8,40.0,with_chunking,LMM-1,15.0,27.70523302568673,0.14279877666368243
9,1008,4,8,40.0,with_chunking,LMM-2,15.0,23.238620504121982,0.1930939884896037
9,1008,6,2,40.0,with_chunking,LMM-1,14.0,24.028622138836454,0.7444923121228837
9,1008,6,2,40.0,with_chunking,LMM-2,14.0,24.028622138836454,0.7444923121228837
9,1008,6,4,40.0,with_chunking,LMM-1,13.0,22.987503149458835,0.5128603909887951
9,1008,6,4,40.0,with_chunking,LMM-2,13.0,12.589764279324648,0.548243034214831
9,1008,6,6,40.0,with_chunking,LMM-1,14.333333333333334,25.341272096252577,0.3218669182445911
9,1008,6,6,40.0,with_chunking,LMM-2,14.166666666666666,22.68406690560752,0.346264369702388
9,1008,6,8,40.0,with_chunking,LMM-1,13.125,24.247895616819473,0.1813333573007235
9,1008,6,8,40.0,with_chunking,LMM-2,13.125,19.76314498205069,0.24236603392596132
9,1008,8,2,40.0,with_chunking,LMM-1,12.0,19.857593933844438,0.7990733188732
9,1008,8,2,40.0,with_chunking,LMM-2,12.0,19.857593933844438,0.7990733188732
9,1008,8,4,40.0,with_chunking,LMM-1,12.0,20.299301116076354,0.5877833945011018
9,1008,8,4,40.0,with_chunking,LMM-2,12.0,15.101466580026688,0.611534578967762
9,1008,8,6,40.0,with_chunking,LMM-1,12.333333333333334,21.3101763774534,0.3955048981432855
9,1008,8,6,40.0,with_chunking,LMM-2,12.333333333333334,18.707122317109917,0.43585434004906454
9,1008,8,8,40.0,with_chunking,LMM-1,12.0,21.352065154934802,0.23347729261352898
9,1008,8,8,40.0,with_chunking,LMM-2,12.0,16.91875748745312,0.30791538487272063
9,1008,10,2,40.0,with_chunking,LMM-1,11.0,18.092327399292657,0.825005339767884
9,1008,10,2,40.0,with_chunking,LMM-2,11.0,18.092327399292657,0.825005339767884
9,1008,10,4,40.0,with_chunking,LMM-1,10.0,16.914116416995594,0.657327511536736
9,1008,10,4,40.0,with_chunking,LMM-2,10.0,16.914116416995594,0.657327511536736
9,1008,10,6,40.0,with_chunking,LMM-1,11.666666666666666,19.9275880227129,0.43458959238585304
9,1008,10,6,40.0,with_chunking,LMM-2,11.666666666666666,17.411265947202512,0.4729980562451868
9,1008,10,8,40.0,with_chunking,LMM-1,10.25,18.0876729374559,0.3201101767101556
9,1008,10,8,40.0,with_chunking,LMM-2,10.25,13.834395389103713,0.3892104581790948
10,1009,4,2,40.0,with_chunking,LMM-1,17.0,28.49385881006483,0.5991130051294855
10,1009,4,2,40.0,with_chunking,LMM-2,17.0,28.38059979383507,0.6048868014981409
10,1009,4,4,40.0,with_chunking,LMM-1,13.833333333333332,24.14967142060732,0.1797067059509898
10,1009,4,4,40.0,with_chunking,LMM-2,10.0,14.143964037646281,0.34141068432595917
10,1009,4,6,40.0,with_chunking,LMM-1,15.75,27.938887673846306,0.1383313378307522
10,1009,4,6,40.0,with_chunking,LMM-2,15.75,24.9557044019876,0.1763707706300988
10,1009,4,8,40.0,with_chunking,LMM-1,14.979166666666666,27.291939961544056,0.01857509816054763
10,1009,4,8,40.0,with_chunking,LMM-2,12.3125,18.442672292615228,0.06948681884521735
10,1009,6,2,40.0,with_chunking,LMM-1,13.25,22.42105072688389,0.5112404590530003
10,1009,6,2,40.0,with_chunking,LMM-2,11.0,18.453080917084833,0.5787633184584882
10,1009,6,4,40.0,with_chunking,LMM-1,13.666666666666668,23.914134487811825,0.17915192645352884
10,1009,6,4,40.0,with_chunking,LMM-2,9.833333333333334,13.925236443986897,0.3352235463335619
10,1009,6,6,40.0,with_chunking,LMM-1,13.694444444444445,24.16984409407762,0.06736055955517568
10,1009,6,6,40.0,with_chunking,LMM-2,8.63888888888889,12.597956334795983,0.22143778370384015
10,1009,6,8,40.0,with_chunking,LMM-1,13.541666666666666,24.678775110463206,0.013177696295847256
10,1009,6,8,40.0,with_chunking,LMM-2,8.166666666666666,11.759159034050802,0.08668099757476039
10,1009,8,2,40.0,with_chunking,LMM-1,13.166666666666668,22.256936469452828,0.5220330652871724
10,1009,8,2,40.0,with_chunking,LMM-2,10.416666666666668,17.39329863570215,0.5997837256913096
10,1009,8,4,40.0,with_chunking,LMM-1,12.666666666666668,21.89654436987636,0.22147851094317764
10,1009,8,4,40.0,with_chunking,LMM-2,8.833333333333334,11.925685303970873,0.41208902722646196
10,1009,8,6,40.0,with_chunking,LMM-1,13.111111111111112,23.072440446333427,0.09052219895305283
10,1009,8,6,40.0,with_chunking,LMM-2,9.555555555555555,13.957432281660298,0.24284416791919228
10,1009,8,8,40.0,with_chunking,LMM-1,12.666666666666668,22.907655872355765,0.019773345482500333
10,1009,8,8,40.0,with_chunking,LMM-2,7.875,11.026099792280752,0.11411095962322601
10,1009,10,2,40.0,with_chunking,LMM-1,10.916666666666668,18.247092260230247,0.5989614602140708
10,1009,10,2,40.0,with_chunking,LMM-2,8.666666666666668,14.279122450431185,0.6780702015683547
10,1009,10,4,40.0,with_chunking,LMM-1,11.416666666666668,19.59248549335571,0.2664227465139653
10,1009,10,4,40.0,with_chunking,LMM-2,7.583333333333333,9.600916773752875,0.49879047595641546
10,1009,10,6,40.0,with_chunking,LMM-1,11.638888888888888,20.19600816427203,0.12187971201850514
10,1009,10,6,40.0,with_chunking,LMM-2,6.833333333333333,9.510970724586189,0.35445773782653645
10,1009,10,8,40.0,with_chunking,LMM-1,11.208333333333334,20.115549055277874,0.033882389775078965
10,1009,10,8,40.0,with_chunking,LMM-2,6.166666666666667,7.890705645243658,0.215035010365191
11,1010,4,2,40.0,with_chunking,LMM-1,13.5,23.80564282468355,0.737275116881008
11,1010,4,2,40.0,with_chunking,LMM-2,13.5,23.80564282468355,0.737275116881008
11,1010,4,4,40.0,with_chunking,LMM-1,16.5,29.73641852683528,0.4124665472241058
11,1010,4,4,40.0,with_chunking,LMM-2,16.5,19.330067416514375,0.4455292397054524
11,1010,4,6,40.0,with_chunking,LMM-1,13.5,25.016475400137796,0.29375766119270896
11,1010,4,6,40.0,with_chunking,LMM-2,13.5,22.416746473319876,0.3254372899883441
11,1010,4,8,40.0,with_chunking,LMM-1,15.0,28.166620492820268,0.13735182366276494
11,1010,4,8,40.0,with_chunking,LMM-2,15.0,23.711281676449946,0.18109949331502354
11,1010,6,2,40.0,with_chunking,LMM-1,13.5,23.498162084442765,0.7465297439441859
11,1010,6,2,40.0,with_chunking,LMM-2,13.5,23.498162084442765,0.7465297439441859
11,1010,6,4,40.0,with_chunking,LMM-1,13.5,24.23313449490501,0.4945442422157946
11,1010,6,4,40.0,with_chunking,LMM-2,13.5,18.927985688307935,0.5198508633182112
11,1010,6,6,40.0,with_chunking,LMM-1,13.5,24.92809748840366,0.289408786783933
11,1010,6,6,40.0,with_chunking,LMM-2,13.5,22.115965194055978,0.3354978575585296
11,1010,6,8,40.0,with_chunking,LMM-1,13.5,25.64416201305124,0.14912233518908774
11,1010,6,8,40.0,with_chunking,LMM-2,13.5,21.016563048534323,0.20672651472284306
11,1010,8,2,40.0,with_chunking,LMM-1,9.0,15.14918288844882,0.7874441288630161
11,1010,8,2,40.0,with_chunking,LMM-2,9.0,15.14918288844882,0.7873043945270521
11,1010,8,4,40.0,with_chunking,LMM-1,8.5,14.553840775861918,0.6454103507582876
11,1010,8,4,40.0,with_chunking,LMM-2,8.5,14.553840775861918,0.6453187267474082
11,1010,8,6,40.0,with_chunking,LMM-1,8.833333333333334,15.44106907291173,0.41172390604240977
11,1010,8,6,40.0,with_chunking,LMM-2,8.583333333333334,12.567681175084031,0.44468308272899876
11,1010,8,8,40.0,with_chunking,LMM-1,9.0,16.03510730910447,0.2558293471693241
11,1010,8,8,40.0,with_chunking,LMM-2,9.0,11.916537088916739,0.3007413624467397
11,1010,10,2,40.0,with_chunking,LMM-1,9.5,15.702553122719554,0.8123796761261884
11,1010,10,2,40.0,with_chunking,LMM-2,9.5,15.702983843785217,0.81221318983154
11,1010,10,4,40.0,with_chunking,LMM-1,10.0,16.614170795324583,0.6428231975553085
11,1010,10,4,40.0,with_chunking,LMM-2,10.0,11.500910466958935,0.653862422559401
11,1010,10,6,40.0,with_chunking,LMM-1,9.5,16.14368489247642,0.5201010003274325
11,1010,10,6,40.0,with_chunking,LMM-2,9.416666666666666,13.600381601268959,0.5513897545735135
11,1010,10,8,40.0,with_chunking,LMM-1,9.875,16.98902794645116,0.2858301245893756
11,1010,10,8,40.0,with_chunking,LMM-2,9.875,12.892522828725753,0.3443612381696318
12,1011,4,2,40.0,with_chunking,LMM-1,13.0,21.73439780850953,0.7822436807985409
12,1011,4,2,40.0,with_chunking,LMM-2,13.0,21.73439780850953,0.7822436807985409
12,1011,4,4,40.0,with_chunking,LMM-1,13.5,23.081093078906804,0.5516870457102437
12,1011,4,4,40.0,with_chunking,LMM-2,13.5,12.740135020362096,0.5848700389880177
12,1011,4,6,40.0,with_chunking,LMM-1,13.166666666666666,23.09387377132023,0.2798981964162641
12,1011,4,6,40.0,with_chunking,LMM-2,13.0,20.211104554686788,0.39713921669028757
12,1011,4,8,40.0,with_chunking,LMM-1,13.1875,23.40048898483831,0.13161932919610597
12,1011,4,8,40.0,with_chunking,LMM-2,13.25,19.262400399259715,0.17449549601368672
12,1011,6,2,40.0,with_chunking,LMM-1,11.5,19.2987377373048,0.8016015551003719
12,1011,6,2,40.0,with_chunking,LMM-2,11.5,19.2987377373048,0.8016015551003719
12,1011,6,4,40.0,with_chunking,LMM-1,11.375,19.502938094198036,0.5389607285794806
12,1011,6,4,40.0,with_chunking,LMM-2,11.375,14.324832249641341,0.5611574798589576
12,1011,6,6,40.0,with_chunking,LMM-1,12.083333333333334,20.951311288072333,0.2913879825425378
12,1011,6,6,40.0,with_chunking,LMM-2,11.583333333333334,17.741851993661623,0.32428749074435614
12,1011,6,8,40.0,with_chunking,LMM-1,11.4375,20.477186654834387,0.15025143267253657
12,1011,6,8,40.0,with_chunking,LMM-2,11.5,16.264115446650475,0.2025718072170946
12,1011,8,2,40.0,with_chunking,LMM-1,10.5,17.52477928416778,0.8303977166789028
12,1011,8,2,40.0,with_chunking,LMM-2,10.5,17.52477928416778,0.8303977166789028
12,1011,8,4,40.0,with_chunking,LMM-1,10.375,17.424242738466507,0.6083621006623906
12,1011,8,4,40.0,with_chunking,LMM-2,10.375,12.298344600378735,0.6244680392875478
12,1011,8,6,40.0,with_chunking,LMM-1,10.75,18.360189334552548,0.3729085320694512
12,1011,8,6,40.0,with_chunking,LMM-2,10.75,16.009309704784766,0.3931155497639537
12,1011,8,8,40.0,with_chunking,LMM-1,11.0,18.932792825866613,0.23224650278617456
12,1011,8,8,40.0,with_chunking,LMM-2,10.9375,14.748172342448647,0.27829250594921096
12,1011,10,2,40.0,with_chunking,LMM-1,8.0,13.2105659739775,0.8762115980595799
12,1011,10,2,40.0,with_chunking,LMM-2,8.0,13.2105659739775,0.8762115980595799
12,1011,10,4,40.0,with_chunking,LMM-1,8.25,13.839879706036601,0.6903618219346435
12,1011,10,4,40.0,with_chunking,LMM-2,8.25,13.840072902473691,0.6902508991424822
12,1011,10,6,40.0,with_chunking,LMM-1,9.0,15.240656782304237,0.46798602152461444
12,1011,10,6,40.0,with_chunking,LMM-2,8.916666666666666,15.020933568215431,0.48427787400510014
12,1011,10,8,40.0,with_chunking,LMM-1,8.375,14.465843939454663,0.34257629588157645
12,1011,10,8,40.0,with_chunking,LMM-2,8.375,10.428072458446568,0.3999062083064772
13,1012,4,2,40.0,with_chunking,LMM-1,9.5,16.5863398470196,0.8163977529467767
13,1012,4,2,40.0,with_chunking,LMM-2,9.5,16.5863398470196,0.8163977529467767
13,1012,4,4,40.0,with_chunking,LMM-1,10.5,18.63983545715443,0.46886601865506167
13,1012,4,4,40.0,with_chunking,LMM-2,10.5,14.073361375273427,0.4840340864590502
13,1012,4,6,40.0,with_chunking,LMM-1,9.833333333333334,17.87949958597083,0.38883888241747466
13,1012,4,6,40.0,with_chunking,LMM-2,9.833333333333334,15.388669494914462,0.418883843959795
13,1012,4,8,40.0,with_chunking,LMM-1,10.25,19.01881505493037,0.1772538631377106
13,1012,4,8,40.0,with_chunking,LMM-2,10.25,14.770941300973037,0.22756415648685585
13,1012,6,2,40.0,with_chunking,LMM-1,9.0,15.492081655842846,0.8393289715016338
13,1012,6,2,40.0,with_chunking,LMM-2,9.0,15.492081655842846,0.8393289715016338
13,1012,6,4,40.0,with_chunking,LMM-1,10.0,17.607294564210793,0.6331892366216422
13,1012,6,4,40.0,with_chunking,LMM-2,10.0,17.576100445301776,0.6361903492982413
13,1012,6,6,40.0,with_chunking,LMM-1,9.75,17.433173363081902,0.41477621498516937
13,1012,6,6,40.0,with_chunking,LMM-2,9.75,14.993194887431052,0.4410257362076074
13,1012,6,8,40.0,with_chunking,LMM-1,9.6875,17.655881221193958,0.29104692271007565
13,1012,6,8,40.0,with_chunking,LMM-2,9.6875,13.511047170829638,0.3421519149817162
13,1012,8,2,40.0,with_chunking,LMM-1,9.75,16.575987542864308,0.7566448061886499
13,1012,8,2,40.0,with_chunking,LMM-2,9.75,16.575987542864308,0.7566448061886499
13,1012,8,4,40.0,with_chunking,LMM-1,9.75,16.718288393309635,0.5227712500805701
13,1012,8,4,40.0,with_chunking,LMM-2,9.75,12.14212039002865,0.5400003405499478
13,1012,8,6,40.0,with_chunking,LMM-1,9.25,16.15633962513728,0.37025591051482726
13,1012,8,6,40.0,with_chunking,LMM-2,9.25,13.715830929145591,0.40454428161022093
13,1012,8,8,40.0,with_chunking,LMM-1,9.75,17.39443888895016,0.20030487340392364
13,1012,8,8,40.0,with_chunking,LMM-2,9.75,13.256060960892588,0.2506280414781982
13,1012,10,2,40.0,with_chunking,LMM-1,7.75,12.899702290461772,0.7755098660151512
13,1012,10,2,40.0,with_chunking,LMM-2,7.0,11.724157953485426,0.7935795866626034
13,1012,10,4,40.0,with_chunking,LMM-1,8.5,14.487168751956009,0.5009163591750985
13,1012,10,4,40.0,with_chunking,LMM-2,7.25,12.187959355248982,0.5847581290818188
13,1012,10,6,40.0,with_chunking,LMM-1,8.166666666666666,14.149714604310178,0.3388303065000649
13,1012,10,6,40.0,with_chunking,LMM-2,7.25,12.233074721733084,0.4238787636218801
13,1012,10,8,40.0,with_chunking,LMM-1,8.5,14.828406679089921,0.15580019637254283
13,1012,10,8,40.0,with_chunking,LMM-2,6.583333333333333,7.530503747285674,0.34142180171180286
14,1013,4,2,40.0,with_chunking,LMM-1,12.0,20.90509837887853,0.6697664467448132
14,1013,4,2,40.0,with_chunking,LMM-2,12.0,20.90509837887853,0.6697664467448132
14,1013,4,4,40.0,with_chunking,LMM-1,12.0,21.442725023299673,0.391029446522245
14,1013,4,4,40.0,with_chunking,LMM-2,12.0,11.41945099853671,0.42518173680859567
14,1013,4,6,40.0,with_chunking,LMM-1,12.027777777777779,21.630010274910244,0.16878774304272065
14,1013,4,6,40.0,with_chunking,LMM-2,11.333333333333334,17.74162767085171,0.1819806699507055
14,1013,4,8,40.0,with_chunking,LMM-1,12.083333333333334,22.51046479950276,0.06500232398992564
14,1013,4,8,40.0,with_chunking,LMM-2,10.416666666666666,14.861958930691051,0.14171950002912156
14,1013,6,2,40.0,with_chunking,LMM-1,11.5,19.708553601390157,0.714567426788542
14,1013,6,2,40.0,with_chunking,LMM-2,11.5,19.708553601390157,0.714567426788542
14,1013,6,4,40.0,with_chunking,LMM-1,12.166666666666668,21.420099807383625,0.31849407511076877
14,1013,6,4,40.0,with_chunking,LMM-2,12.0,11.204228812265928,0.4517202796359114
14,1013,6,6,40.0,with_chunking,LMM-1,10.972222222222221,19.511951116438883,0.21446515590893594
14,1013,6,6,40.0,with_chunking,LMM-2,10.166666666666666,15.435813443584765,0.23624037182844632
14,1013,6,8,40.0,with_chunking,LMM-1,11.958333333333334,21.884786191856033,0.06011885914134317
14,1013,6,8,40.0,with_chunking,LMM-2,10.375,14.609403456696617,0.11978496568459852
14,1013,8,2,40.0,with_chunking,LMM-1,10.0,16.744587962948835,0.7525688081300341
14,1013,8,2,40.0,with_chunking,LMM-2,10.0,16.744587962948835,0.7525688081300341
14,1013,8,4,40.0,with_chunking,LMM-1,10.0,17.24431385625308,0.4204149467041544
14,1013,8,4,40.0,with_chunking,LMM-2,10.0,12.9768599596352,0.5218167361524098
14,1013,8,6,40.0,with_chunking,LMM-1,10.166666666666666,17.844162898619587,0.246665386126933
14,1013,8,6,40.0,with_chunking,LMM-2,9.833333333333334,14.702883901911619,0.2997757529790202
14,1013,8,8,40.0,with_chunking,LMM-1,10.1875,18.173210584938527,0.126343636655816
14,1013,8,8,40.0,with_chunking,LMM-2,10.541666666666666,14.550486797504817,0.15306673240664673
14,1013,10,2,40.0,with_chunking,LMM-1,9.5,15.850989145768622,0.779229891837782
14,1013,10,2,40.0,with_chunking,LMM-2,9.5,15.851427562558348,0.7790640375701245
14,1013,10,4,40.0,with_chunking,LMM-1,10.5,18.100688624323684,0.4940655714694194
14,1013,10,4,40.0,with_chunking,LMM-2,10.5,13.33150379463393,0.5078478912330305
14,1013,10,6,40.0,with_chunking,LMM-1,8.555555555555555,14.71858207375391,0.38670689168226585
14,1013,10,6,40.0,with_chunking,LMM-2,8.027777777777779,11.4441630415908,0.409954496481903
14,1013,10,8,40.0,with_chunking,LMM-1,10.083333333333334,17.82126021885221,0.19453926567651084
14,1013,10,8,40.0,with_chunking,LMM-2,9.833333333333334,13.264256338954905,0.20808215293780985
15,1014,4,2,40.0,with_chunking,LMM-1,12.0,20.968487529532208,0.7739739799109889
15,1014,4,2,40.0,with_chunking,LMM-2,12.0,20.968487529532208,0.7739739799109889
15,1014,4,4,40.0,with_chunking,LMM-1,11.0,19.331939192736762,0.6035817779877017
15,1014,4,4,40.0,with_chunking,LMM-2,11.0,19.23912452013383,0.6120015551978678
15,1014,4,6,40.0,with_chunking,LMM-1,11.666666666666666,20.902427960855317,0.40749414097146885
15,1014,4,6,40.0,with_chunking,LMM-2,11.666666666666666,18.42925349333042,0.43414788997192455
15,1014,4,8,40.0,with_chunking,LMM-1,11.5,20.91122274574041,0.2756981052502998
15,1014,4,8,40.0,with_chunking,LMM-2,11.5,16.773838866457847,0.32024531499545794
15,1014,6,2,40.0,with_chunking,LMM-1,11.0,18.608025254439017,0.8065966347558833
15,1014,6,2,40.0,with_chunking,LMM-2,11.0,18.608025254439017,0.8065966347558833
15,1014,6,4,40.0,with_chunking,LMM-1,11.0,19.14046489663445,0.5955626672517472
15,1014,6,4,40.0,with_chunking,LMM-2,11.0,14.009080404941368,0.6082525964266811
15,1014,6,6,40.0,with_chunking,LMM-1,10.833333333333334,19.143289571459004,0.4296925167957331
15,1014,6,6,40.0,with_chunking,LMM-2,10.833333333333334,16.575388612822458,0.4701677205502023
15,1014,6,8,40.0,with_chunking,LMM-1,11.0,20.06804084305599,0.252138202908643
15,1014,6,8,40.0,with_chunking,LMM-2,11.0,15.67612021682259,0.32282308427116835
15,1014,8,2,40.0,with_chunking,LMM-1,9.0,15.024504513600816,0.8547142151961049
15,1014,8,2,40.0,with_chunking,LMM-2,9.0,15.024504513600816,0.8547142151961049
15,1014,8,4,40.0,with_chunking,LMM-1,11.0,18.736141605740226,0.632809374371734
15,1014,8,4,40.0,with_chunking,LMM-2,11.0,13.603431463252475,0.6461755277493026
15,1014,8,6,40.0,with_chunking,LMM-1,9.0,15.371319186114667,0.5699268380184466
15,1014,8,6,40.0,with_chunking,LMM-2,9.0,15.260947999346035,0.5851057489909485
15,1014,8,8,40.0,with_chunking,LMM-1,10.5,18.46228176709436,0.33813349098281614
15,1014,8,8,40.0,with_chunking,LMM-2,10.5,14.256160732501904,0.40222551041402016
15,1014,10,2,40.0,with_chunking,LMM-1,6.0,10.091913330251838,0.9094483959255567
15,1014,10,2,40.0,with_chunking,LMM-2,6.0,10.091913330251838,0.9094483959255567
15,1014,10,4,40.0,with_chunking,LMM-1,6.0,10.2780240461433,0.800179123927779
15,1014,10,4,40.0,with_chunking,LMM-2,6.0,10.2780240461433,0.800179123927779
15,1014,10,6,40.0,with_chunking,LMM-1,7.666666666666667,13.211002716047675,0.6155814724194066
15,1014,10,6,40.0,with_chunking,LMM-2,7.666666666666667,13.211002716047675,0.6155814724194066
15,1014,10,8,40.0,with_chunking,LMM-1,6.0,10.668312229380529,0.5527227270546197
15,1014,10,8,40.0,with_chunking,LMM-2,6.0,6.654085345587648,0.6113221864523538
16,1015,4,2,40.0,with_chunking,LMM-1,16.5,28.292300600956597,0.7047552311087377
16,1015,4,2,40.0,with_chunking,LMM-2,16.5,28.292300600956597,0.7047552311087377
16,1015,4,4,40.0,with_chunking,LMM-1,15.0,26.870221611857193,0.4442601458582018
16,1015,4,4,40.0,with_chunking,LMM-2,15.0,16.537124388520322,0.47491201615299716
16,1015,4,6,40.0,with_chunking,LMM-1,16.5,29.482983611316623,0.2557675787012972
16,1015,4,6,40.0,with_chunking,LMM-2,16.5,26.953874194932784,0.2786369307342669
16,1015,4,8,40.0,with_chunking,LMM-1,15.375,28.364069868485878,0.1368516074952018
16,1015,4,8,40.0,with_chunking,LMM-2,15.375,24.36551438301567,0.1579252894051909
16,1015,6,2,40.0,with_chunking,LMM-1,13.0,22.21657212797419,0.7761979897323081
16,1015,6,2,40.0,with_chunking,LMM-2,13.0,22.21657212797419,0.7761979897323081
16,1015,6,4,40.0,with_chunking,LMM-1,16.75,29.361312206893015,0.29626168296407135
16,1015,6,4,40.0,with_chunking,LMM-2,18.0,21.114096585075302,0.43928262013227815
16,1015,6,6,40.0,with_chunking,LMM-1,13.0,23.252045519269405,0.36634783600111176
16,1015,6,6,40.0,with_chunking,LMM-2,13.333333333333334,21.20501529214206,0.39200674956508397
16,1015,6,8,40.0,with_chunking,LMM-1,15.0,27.252727744082918,0.08270934083169065
16,1015,6,8,40.0,with_chunking,LMM-2,15.0,22.7213578072391,0.1276077923319445
16,1015,8,2,40.0,with_chunking,LMM-1,12.0,20.553080314231664,0.7842552562566683
16,1015,8,2,40.0,with_chunking,LMM-2,12.0,20.553080314231664,0.7842552562566683
16,1015,8,4,40.0,with_chunking,LMM-1,12.75,22.505718810328737,0.38166862755076153
16,1015,8,4,40.0,with_chunking,LMM-2,12.0,16.260191342275586,0.5437165457530442
16,1015,8,6,40.0,with_chunking,LMM-1,12.666666666666666,22.462592159230184,0.2711353660411929
16,1015,8,6,40.0,with_chunking,LMM-2,12.666666666666666,19.87644246658468,0.31086366286072703
16,1015,8,8,40.0,with_chunking,LMM-1,12.5625,23.095833795565785,0.09100423560953512
16,1015,8,8,40.0,with_chunking,LMM-2,12.5625,18.81725188747322,0.1271682545628616
16,1015,10,2,40.0,with_chunking,LMM-1,9.5,15.96524623039546,0.844214370013037
16,1015,10,2,40.0,with_chunking,LMM-2,9.5,15.96524623039546,0.844214370013037
16,1015,10,4,40.0,with_chunking,LMM-1,9.25,15.762198619816102,0.5453585980372265
16,1015,10,4,40.0,with_chunking,LMM-2,8.75,10.469650003983084,0.5826158723989497
16,1015,10,6,40.0,with_chunking,LMM-1,8.75,15.248549890333862,0.4736853056715086
16,1015,10,6,40.0,with_chunking,LMM-2,8.5,12.357496541659751,0.5730928738936807
16,1015,10,8,40.0,with_chunking,LMM-1,9.625,17.301105111185137,0.2200429544656698
16,1015,10,8,40.0,with_chunking,LMM-2,9.75,13.287940420062926,0.28598714908427
17,1016,4,2,40.0,with_chunking,LMM-1,10.0,17.332896607579702,0.8198159431291525
17,1016,4,2,40.0,with_chunking,LMM-2,10.0,17.332896607579702,0.8198159431291525
17,1016,4,4,40.0,with_chunking,LMM-1,10.625,18.824410856419874,0.4836611997587015
17,1016,4,4,40.0,with_chunking,LMM-2,10.75,14.347371059253138,0.48284835990486835
17,1016,4,6,40.0,with_chunking,LMM-1,10.833333333333334,19.57388165179498,0.3386747158679148
17,1016,4,6,40.0,with_chunking,LMM-2,11.0,17.43221399664341,0.35326117914240557
17,1016,4,8,40.0,with_chunking,LMM-1,10.625,19.48979474735097,0.16701385853748954
17,1016,4,8,40.0,with_chunking,LMM-2,10.5,15.086664440546475,0.217437507869642
17,1016,6,2,40.0,with_chunking,LMM-1,8.5,14.494596399191856,0.8535432440670727
17,1016,6,2,40.0,with_chunking,LMM-2,8.5,14.494596399191856,0.8535432440670727
17,1016,6,4,40.0,with_chunking,LMM-1,8.75,15.115774507835427,0.5729100935677066
17,1016,6,4,40.0,with_chunking,LMM-2,8.75,15.115774507835427,0.5729100935677066
17,1016,6,6,40.0,with_chunking,LMM-1,10.833333333333334,19.113210001299095,0.3611046290686892
17,1016,6,6,40.0,with_chunking,LMM-2,11.083333333333334,17.172068248478677,0.33450756850345365
17,1016,6,8,40.0,with_chunking,LMM-1,8.6875,15.487743089999503,0.2551511514829682
17,1016,6,8,40.0,with_chunking,LMM-2,8.9375,11.939491504929158,0.2804246556458277
17,1016,8,2,40.0,with_chunking,LMM-1,9.0,15.192857218344093,0.775150286151386
17,1016,8,2,40.0,with_chunking,LMM-2,9.0,15.192857218344093,0.775150286151386
17,1016,8,4,40.0,with_chunking,LMM-1,8.25,14.182205769269176,0.6121523109143778
17,1016,8,4,40.0,with_chunking,LMM-2,8.0,13.725083907036717,0.6293570072689978
17,1016,8,6,40.0,with_chunking,LMM-1,9.0,15.733546553478469,0.3750174025313345
17,1016,8,6,40.0,with_chunking,LMM-2,9.0,13.324144091277311,0.4111328455015522
17,1016,8,8,40.0,with_chunking,LMM-1,8.625,15.312945286540385,0.26505886576714893
17,1016,8,8,40.0,with_chunking,LMM-2,8.1875,10.46299598002852,0.3460465556238021
17,1016,10,2,40.0,with_chunking,LMM-1,6.0,9.993872995951234,0.8688750078546598
17,1016,10,2,40.0,with_chunking,LMM-2,6.0,9.991353200199844,0.869521353856276
17,1016,10,4,40.0,with_chunking,LMM-1,7.25,12.357986906131934,0.6100789778665786
17,1016,10,4,40.0,with_chunking,LMM-2,6.75,11.435208481572788,0.6539306594679176
17,1016,10,6,40.0,with_chunking,LMM-1,8.166666666666666,14.200156824524088,0.41947081108854367
17,1016,10,6,40.0,with_chunking,LMM-2,8.166666666666666,12.177089776528979,0.41363753839916684
17,1016,10,8,40.0,with_chunking,LMM-1,7.375,12.977098101326833,0.24564893370276109
17,1016,10,8,40.0,with_chunking,LMM-2,6.8125,7.948005603289786,0.3430901033667719
18,1017,4,2,40.0,with_chunking,LMM-1,11.75,20.364435657430178,0.6805020178541088
18,1017,4,2,40.0,with_chunking,LMM-2,11.75,20.364435657430178,0.6805020178541088
18,1017,4,4,40.0,with_chunking,LMM-1,11.75,20.765170063880305,0.4231537611723198
18,1017,4,4,40.0,with_chunking,LMM-2,11.75,16.047899348850542,0.43174638682791344
18,1017,4,6,40.0,with_chunking,LMM-1,11.583333333333334,20.918127789998362,0.22523013200636474
18,1017,4,6,40.0,with_chunking,LMM-2,11.416666666666666,18.065849447953966,0.25624376513923575
18,1017,4,8,40.0,with_chunking,LMM-1,11.75,21.639561032606583,0.10730570325687391
18,1017,4,8,40.0,with_chunking,LMM-2,11.5,16.993268463172477,0.1456093731979
18,1017,6,2,40.0,with_chunking,LMM-1,10.25,17.381572207122304,0.7306193618887253
18,1017,6,2,40.0,with_chunking,LMM-2,10.25,17.381572207122304,0.7306193618887253
18,1017,6,4,40.0,with_chunking,LMM-1,10.25,17.64798952698406,0.5040453450890888
18,1017,6,4,40.0,with_chunking,LMM-2,10.25,13.359051769364159,0.5173231972075374
18,1017,6,6,40.0,with_chunking,LMM-1,11.0,19.372965920205754,0.33500887903464743
18,1017,6,6,40.0,with_chunking,LMM-2,11.0,16.894081571515144,0.36466330343253395
18,1017,6,8,40.0,with_chunking,LMM-1,10.125,18.117934810566275,0.17233069885220503
18,1017,6,8,40.0,with_chunking,LMM-2,10.125,13.933636371683892,0.22353651114758918
18,1017,8,2,40.0,with_chunking,LMM-1,7.75,12.836825840792642,0.8136139957984738
18,1017,8,2,40.0,with_chunking,LMM-2,7.75,12.82069224869581,0.8153672851435857
18,1017,8,4,40.0,with_chunking,LMM-1,8.75,14.753609235942681,0.4884978435292544
18,1017,8,4,40.0,with_chunking,LMM-2,5.75,9.618993453797264,0.6712348360641484
18,1017,8,6,40.0,with_chunking,LMM-1,8.583333333333334,14.732493538189551,0.3319731927208649
18,1017,8,6,40.0,with_chunking,LMM-2,7.333333333333333,10.728318822707166,0.4598890510117276
18,1017,8,8,40.0,with_chunking,LMM-1,8.3125,14.593058069791256,0.24297569866929628
18,1017,8,8,40.0,with_chunking,LMM-2,6.75,7.9901092889077825,0.4287202271121232
18,1017,10,2,40.0,with_chunking,LMM-1,8.0,13.106717485504229,0.7699296946887348
18,1017,10,2,40.0,with_chunking,LMM-2,7.0,11.447190826075412,0.8057486271082348
18,1017,10,4,40.0,with_chunking,LMM-1,7.25,12.212615120302955,0.6421172354323886
18,1017,10,4,40.0,with_chunking,LMM-2,5.25,8.753390911885607,0.7456274159454895
18,1017,10,6,40.0,with_chunking,LMM-1,9.083333333333334,15.462089285174168,0.3421360132284404
18,1017,10,6,40.0,with_chunking,LMM-2,7.5,12.691625634281559,0.4622448069469513
18,1017,10,8,40.0,with_chunking,LMM-1,7.625,13.1823002783979,0.2665631009049464
18,1017,10,8,40.0,with_chunking,LMM-2,5.375,6.521467674888618,0.492646322863051
19,1018,4,2,40.0,with_chunking,LMM-1,15.5,26.446224918359874,0.7157630695250238
19,1018,4,2,40.0,with_chunking,LMM-2,15.5,26.446224918359874,0.7157630695250238
19,1018,4,4,40.0,with_chunking,LMM-1,15.5,27.197647305564573,0.4467774659308481
19,1018,4,4,40.0,with_chunking,LMM-2,15.5,16.759863089986958,0.4848089065031976
19,1018,4,6,40.0,with_chunking,LMM-1,15.166666666666666,27.447730436505154,0.24986724557632936
19,1018,4,6,40.0,with_chunking,LMM-2,15.166666666666666,24.56856144148716,0.2971827829485443
19,1018,4,8,40.0,with_chunking,LMM-1,15.5,28.88001428536827,0.10693063881152777
19,1018,4,8,40.0,with_chunking,LMM-2,15.5,24.10341253891112,0.16344115911436538
19,1018,6,2,40.0,with_chunking,LMM-1,14.0,23.89993657252926,0.7515875422486602
19,1018,6,2,40.0,with_chunking,LMM-2,14.0,23.89993657252926,0.7515875422486602
19,1018,6,4,40.0,with_chunking,LMM-1,15.5,27.036512082561714,0.4581570205006399
19,1018,6,4,40.0,with_chunking,LMM-2,15.5,16.626064750717312,0.4946389533002173
19,1018,6,6,40.0,with_chunking,LMM-1,14.0,24.587288558867257,0.3451604212360353
19,1018,6,6,40.0,with_chunking,LMM-2,14.5,22.985227442059244,0.3562273379586541
19,1018,6,8,40.0,with_chunking,LMM-1,14.5,26.21301724084335,0.17258707561470915
19,1018,6,8,40.0,with_chunking,LMM-2,14.5,21.803966867748116,0.22521197377390467
19,1018,8,2,40.0,with_chunking,LMM-1,13.0,21.57972637511287,0.7877275091583319
19,1018,8,2,40.0,with_chunking,LMM-2,13.0,21.57972637511287,0.7877275091583319
19,1018,8,4,40.0,with_chunking,LMM-1,11.5,19.631009129067152,0.5731606903697286
19,1018,8,4,40.0,with_chunking,LMM-2,11.5,14.418303332895853,0.597721076292103
19,1018,8,6,40.0,with_chunking,LMM-1,13.833333333333334,23.533831973169683,0.402000609895394
19,1018,8,6,40.0,with_chunking,LMM-2,12.5,18.92239365958958,0.44035004354828233
19,1018,8,8,40.0,with_chunking,LMM-1,12.875,22.360249409171537,0.26109396964967524
19,1018,8,8,40.0,with_chunking,LMM-2,12.25,17.243828757957836,0.3128343283145627
19,1018,10,2,40.0,with_chunking,LMM-1,10.5,17.193170896598147,0.8295843997929774
19,1018,10,2,40.0,with_chunking,LMM-2,10.5,17.193170896598147,0.8295843997929774
19,1018,10,4,40.0,with_chunking,LMM-1,10.0,16.87430325975217,0.669326873095639
19,1018,10,4,40.0,with_chunking,LMM-2,10.0,16.851366856819794,0.67191632182209
19,1018,10,6,40.0,with_chunking,LMM-1,10.166666666666666,17.294769768172035,0.5043389343524168
19,1018,10,6,40.0,with_chunking,LMM-2,10.166666666666666,14.862835226188167,0.5314941189989274
19,1018,10,8,40.0,with_chunking,LMM-1,10.25,17.716763686211937,0.354720978086606
19,1018,10,8,40.0,with_chunking,LMM-2,10.25,13.61201141437755,0.41010740040435223
20,1019,4,2,40.0,with_chunking,LMM-1,17.5,30.28701337490339,0.6686224969315467
20,1019,4,2,40.0,with_chunking,LMM-2,17.5,30.28701337490339,0.6686224969315467
20,1019,4,4,40.0,with_chunking,LMM-1,17.5,31.33626553369926,0.3725128743095239
20,1019,4,4,40.0,with_chunking,LMM-2,17.5,20.7824808240636,0.4128686298859417
20,1019,4,6,40.0,with_chunking,LMM-1,17.0,31.22682445626064,0.19547266669078595
20,1019,4,6,40.0,with_chunking,LMM-2,17.5,29.32551393011863,0.21354083932490675
20,1019,4,8,40.0,with_chunking,LMM-1,17.125,32.469983749768495,0.07566332552269343
20,1019,4,8,40.0,with_chunking,LMM-2,17.5,28.462179427173538,0.1065732595296112
20,1019,6,2,40.0,with_chunking,LMM-1,13.5,23.626016766153732,0.7352854293818614
20,1019,6,2,40.0,with_chunking,LMM-2,13.5,23.626016766153732,0.7352854293818614
20,1019,6,4,40.0,with_chunking,LMM-1,12.5,22.466601112265188,0.5105465948642282
20,1019,6,4,40.0,with_chunking,LMM-2,12.5,17.19027473938805,0.5379711954775961
20,1019,6,6,40.0,with_chunking,LMM-1,13.666666666666666,24.79945453747906,0.3082332520462004
20,1019,6,6,40.0,with_chunking,LMM-2,12.833333333333334,20.873914166634055,0.3514935629237875
20,1019,6,8,40.0,with_chunking,LMM-1,13.25,24.842541850156152,0.16749272108236687
20,1019,6,8,40.0,with_chunking,LMM-2,13.25,20.47966380689494,0.2136639949826314
20,1019,8,2,40.0,with_chunking,LMM-1,11.0,18.591152557721838,0.806737642978206
20,1019,8,2,40.0,with_chunking,LMM-2,11.0,18.591152557721838,0.806737642978206
20,1019,8,4,40.0,with_chunking,LMM-1,12.5,21.88468202903123,0.5516828099672375
20,1019,8,4,40.0,with_chunking,LMM-2,12.5,16.654567911846996,0.5772366630219024
20,1019,8,6,40.0,with_chunking,LMM-1,12.25,21.464676386591574,0.25937141169762584
20,1019,8,6,40.0,with_chunking,LMM-2,12.25,19.033728091662635,0.2851908422242324
20,1019,8,8,40.0,with_chunking,LMM-1,12.625,22.672278672474313,0.16727491560568747
20,1019,8,8,40.0,with_chunking,LMM-2,12.625,18.465053096840702,0.20649821895616305
20,1019,10,2,40.0,with_chunking,LMM-1,7.25,12.033749193150996,0.8392468193640144
20,1019,10,2,40.0,with_chunking,LMM-2,7.25,12.03532613791888,0.83878313037056
20,1019,10,4,40.0,with_chunking,LMM-1,10.125,17.004785804606648,0.593920302078207
20,1019,10,4,40.0,with_chunking,LMM-2,11.25,14.91812924280566,0.5090515681502796
20,1019,10,6,40.0,with_chunking,LMM-1,7.416666666666667,12.735879241951016,0.4962446219610798
20,1019,10,6,40.0,with_chunking,LMM-2,6.666666666666667,11.33253957377625,0.5777016277929926
20,1019,10,8,40.0,with_chunking,LMM-1,9.4375,16.308515552983188,0.2562600632185291
20,1019,10,8,40.0,with_chunking,LMM-2,8.125,9.942318899543766,0.46173759549839694
21,1020,4,2,40.0,with_chunking,LMM-1,11.0,19.202267644489062,0.697211116403988
21,1020,4,2,40.0,with_chunking,LMM-2,11.0,19.202267644489062,0.697211116403988
21,1020,4,4,40.0,with_chunking,LMM-1,12.75,22.413503364571124,0.43088126521612063
21,1020,4,4,40.0,with_chunking,LMM-2,13.0,12.660629269626662,0.5734442641009522
21,1020,4,6,40.0,with_chunking,LMM-1,10.916666666666666,19.781328301586417,0.25894564760463357
21,1020,4,6,40.0,with_chunking,LMM-2,10.916666666666666,17.399754035217217,0.2749010428472548
21,1020,4,8,40.0,with_chunking,LMM-1,11.75,21.69455745260543,0.1191634714479067
21,1020,4,8,40.0,with_chunking,LMM-2,11.875,17.62888144791002,0.16172005472728485
21,1020,6,2,40.0,with_chunking,LMM-1,10.0,17.254857007467123,0.8178911418939412
21,1020,6,2,40.0,with_chunking,LMM-2,10.0,17.263225238265612,0.8171968862264235
21,1020,6,4,40.0,with_chunking,LMM-1,9.625,16.614115772382497,0.4045754713052285
21,1020,6,4,40.0,with_chunking,LMM-2,7.75,8.78781918103848,0.5647455003839793
21,1020,6,6,40.0,with_chunking,LMM-1,10.0,17.654542592850394,0.3917731351982667
21,1020,6,6,40.0,with_chunking,LMM-2,10.0,15.259332544668199,0.4142328413362607
21,1020,6,8,40.0,with_chunking,LMM-1,10.125,18.211617285890384,0.16508595600593345
21,1020,6,8,40.0,with_chunking,LMM-2,8.833333333333334,13.015514556414413,0.2841262766324254
21,1020,8,2,40.0,with_chunking,LMM-1,9.0,15.316702163133684,0.719805113156152
21,1020,8,2,40.0,with_chunking,LMM-2,9.0,15.312015995128707,0.7197158058340111
21,1020,8,4,40.0,with_chunking,LMM-1,9.125,15.750556649403809,0.5135367755516175
21,1020,8,4,40.0,with_chunking,LMM-2,7.125,12.115523875904659,0.6455411758044592
21,1020,8,6,40.0,with_chunking,LMM-1,8.833333333333334,15.308129659973567,0.2638580013895843
21,1020,8,6,40.0,with_chunking,LMM-2,8.666666666666666,12.686301220008806,0.30354886374910695
21,1020,8,8,40.0,with_chunking,LMM-1,9.1875,16.354809885351468,0.1766734999081471
21,1020,8,8,40.0,with_chunking,LMM-2,7.625,10.713768248417212,0.3100982559812703
21,1020,10,2,40.0,with_chunking,LMM-1,7.5,12.627015202327994,0.8168758673020239
21,1020,10,2,40.0,with_chunking,LMM-2,7.5,12.629288417437397,0.8164871125895106
21,1020,10,4,40.0,with_chunking,LMM-1,6.583333333333333,11.089595722976638,0.5886245662838597
21,1020,10,4,40.0,with_chunking,LMM-2,5.916666666666667,9.896175992820012,0.6404604430970257
21,1020,10,6,40.0,with_chunking,LMM-1,8.083333333333334,13.74474656613195,0.4410230035427328
21,1020,10,6,40.0,with_chunking,LMM-2,7.583333333333333,10.852528843758739,0.49255966125619566
21,1020,10,8,40.0,with_chunking,LMM-1,6.833333333333333,11.983451160325574,0.31442414089302406
21,1020,10,8,40.0,with_chunking,LMM-2,6.5,8.645001681028232,0.44557413414170405
22,1021,4,2,40.0,with_chunking,LMM-1,11.75,20.20405608700074,0.68906319678647
22,1021,4,2,40.0,with_chunking,LMM-2,11.75,20.20405608700074,0.68906319678647
22,1021,4,4,40.0,with_chunking,LMM-1,12.5,21.992201104246195,0.30633524160918724
22,1021,4,4,40.0,with_chunking,LMM-2,12.75,12.567129090081568,0.4276301088600041
22,1021,4,6,40.0,with_chunking,LMM-1,11.416666666666666,20.533061370583113,0.15332615276378056
22,1021,4,6,40.0,with_chunking,LMM-2,11.416666666666666,17.89717188527575,0.187133903310215
22,1021,4,8,40.0,with_chunking,LMM-1,12.0,22.111686164799828,0.048602716685972706
22,1021,4,8,40.0,with_chunking,LMM-2,12.0,17.65298439718158,0.08391862286459761
22,1021,6,2,40.0,with_chunking,LMM-1,11.0,18.6588813721728,0.803452210563908
22,1021,6,2,40.0,with_chunking,LMM-2,11.0,18.6588813721728,0.803452210563908
22,1021,6,4,40.0,with_chunking,LMM-1,9.75,16.985971279813597,0.4290541496241804
22,1021,6,4,40.0,with_chunking,LMM-2,9.375,11.616220211686187,0.45895595619641194
22,1021,6,6,40.0,with_chunking,LMM-1,9.75,17.051645262232668,0.25425369675999004
22,1021,6,6,40.0,with_chunking,LMM-2,9.75,14.663817990094005,0.28215867801191447
22,1021,6,8,40.0,with_chunking,LMM-1,10.5625,18.89468716707204,0.10523000859335829
22,1021,6,8,40.0,with_chunking,LMM-2,10.75,15.146696727499446,0.13300619578724784
22,1021,8,2,40.0,with_chunking,LMM-1,7.5,12.688256515008728,0.8153565715628918
22,1021,8,2,40.0,with_chunking,LMM-2,7.25,12.246680125619427,0.8264492458523239
22,1021,8,4,40.0,with_chunking,LMM-1,8.0,13.727996706741802,0.5213521688165832
22,1021,8,4,40.0,with_chunking,LMM-2,7.375,12.607371741028349,0.564488031554933
22,1021,8,6,40.0,with_chunking,LMM-1,7.666666666666667,13.47788776205878,0.3727241818978163
22,1021,8,6,40.0,with_chunking,LMM-2,7.0,12.15651949934324,0.44439210047687716
22,1021,8,8,40.0,with_chunking,LMM-1,8.0,14.22635243155488,0.1947080485985348
22,1021,8,8,40.0,with_chunking,LMM-2,7.5,9.230935229117799,0.28116217133062543
22,1021,10,2,40.0,with_chunking,LMM-1,10.0,16.26777635393104,0.7914943020764474
22,1021,10,2,40.0,with_chunking,LMM-2,10.25,16.623466571143695,0.7906444551760811
22,1021,10,4,40.0,with_chunking,LMM-1,9.5,16.256136569670595,0.44912479905850117
22,1021,10,4,40.0,with_chunking,LMM-2,8.625,14.398222432290616,0.5793529686361536
22,1021,10,6,40.0,with_chunking,LMM-1,8.277777777777777,14.196170231254582,0.2965726717428679
22,1021,10,6,40.0,with_chunking,LMM-2,7.833333333333333,11.159090205395435,0.38445632483949765
22,1021,10,8,40.0,with_chunking,LMM-1,8.916666666666666,15.627539649152805,0.14303667970560713
22,1021,10,8,40.0,with_chunking,LMM-2,7.375,8.899930030673287,0.29529757473607116
23,1022,4,2,40.0,with_chunking,LMM-1,14.5,23.98589355670771,0.7655749919418943
23,1022,4,2,40.0,with_chunking,LMM-2,14.5,23.98589355670771,0.7655749919418943
23,1022,4,4,40.0,with_chunking,LMM-1,13.5,23.625789477014557,0.5120124756513252
23,1022,4,4,40.0,with_chunking,LMM-2,13.5,18.339221345091367,0.5373901899920094
23,1022,4,6,40.0,with_chunking,LMM-1,14.5,25.179859098151322,0.31523950441879006
23,1022,4,6,40.0,with_chunking,LMM-2,14.5,22.59213771932208,0.35092470100925444
23,1022,4,8,40.0,with_chunking,LMM-1,14.0,25.147699857299397,0.18103438985776366
23,1022,4,8,40.0,with_chunking,LMM-2,14.0,20.753748190293926,0.23648229368206736
23,1022,6,2,40.0,with_chunking,LMM-1,14.0,23.098971769995956,0.7732553784166358
23,1022,6,2,40.0,with_chunking,LMM-2,14.0,23.098971769995956,0.7732553784166358
23,1022,6,4,40.0,with_chunking,LMM-1,13.5,22.85388605524745,0.5420571880817908
23,1022,6,4,40.0,with_chunking,LMM-2,13.5,17.687026559669192,0.559553316358199
23,1022,6,6,40.0,with_chunking,LMM-1,14.0,24.405392603589974,0.31881781158732647
23,1022,6,6,40.0,with_chunking,LMM-2,14.0,21.650303334317172,0.3683897977452267
23,1022,6,8,40.0,with_chunking,LMM-1,13.625,24.4218728976641,0.17447756384607108
23,1022,6,8,40.0,with_chunking,LMM-2,13.625,19.84193844902893,0.24618294219657005
23,1022,8,2,40.0,with_chunking,LMM-1,12.5,20.421175460609636,0.8152781613819166
23,1022,8,2,40.0,with_chunking,LMM-2,12.5,20.421175460609636,0.8152781613819166
23,1022,8,4,40.0,with_chunking,LMM-1,11.5,19.425431124634,0.6015249046653631
23,1022,8,4,40.0,with_chunking,LMM-2,11.5,14.271956861583426,0.6181362609132756
23,1022,8,6,40.0,with_chunking,LMM-1,13.0,21.882980192303595,0.4280529154875718
23,1022,8,6,40.0,with_chunking,LMM-2,13.0,19.418249551437242,0.4608763365680336
23,1022,8,8,40.0,with_chunking,LMM-1,11.625,20.375095212014454,0.26800286436991877
23,1022,8,8,40.0,with_chunking,LMM-2,11.625,16.04325028610552,0.3401058233373699
23,1022,10,2,40.0,with_chunking,LMM-1,12.0,19.446715858023666,0.8221529440549092
23,1022,10,2,40.0,with_chunking,LMM-2,12.0,19.446715858023666,0.8221529440549092
23,1022,10,4,40.0,with_chunking,LMM-1,10.5,17.501387911855854,0.6516344611908973
23,1022,10,4,40.0,with_chunking,LMM-2,10.5,12.36246736682893,0.6674699729431814
23,1022,10,6,40.0,with_chunking,LMM-1,12.666666666666666,21.131767468743675,0.44965660275031916
23,1022,10,6,40.0,with_chunking,LMM-2,12.666666666666666,18.67369062094985,0.48383395972633614
23,1022,10,8,40.0,with_chunking,LMM-1,10.875,18.763921953524584,0.31808650579215786
23,1022,10,8,40.0,with_chunking,LMM-2,10.875,14.508799340138829,0.3912989496149002
24,1023,4,2,40.0,with_chunking,LMM-1,12.5,21.328014935971602,0.5976426466812133
24,1023,4,2,40.0,with_chunking,LMM-2,12.5,21.328014935971602,0.5976426466812133
24,1023,4,4,40.0,with_chunking,LMM-1,12.25,21.618898409212626,0.2871154274786839
24,1023,4,4,40.0,with_chunking,LMM-2,12.25,11.809122230171862,0.32325462201287
24,1023,4,6,40.0,with_chunking,LMM-1,12.527777777777779,22.62963699951439,0.09642010275734446
24,1023,4,6,40.0,with_chunking,LMM-2,11.888888888888888,18.595224183303362,0.16613683942475949
24,1023,4,8,40.0,with_chunking,LMM-1,12.5625,23.209351960098,0.036041757694778874
24,1023,4,8,40.0,with_chunking,LMM-2,11.583333333333334,16.887792024861298,0.07098548365596614
24,1023,6,2,40.0,with_chunking,LMM-1,11.75,19.796067153351117,0.6324405455344707
24,1023,6,2,40.0,with_chunking,LMM-2,11.75,19.77324919721983,0.6343405199161302
24,1023,6,4,40.0,with_chunking,LMM-1,10.25,17.54297457397905,0.32219346906790125
24,1023,6,4,40.0,with_chunking,LMM-2,9.0,10.961630910998803,0.38521737800973604
24,1023,6,6,40.0,with_chunking,LMM-1,11.5,20.133861394844725,0.17201969472582515
24,1023,6,6,40.0,with_chunking,LMM-2,11.361111111111112,17.376596389060754,0.18022413126109327
24,1023,6,8,40.0,with_chunking,LMM-1,11.375,20.361826477809892,0.05252277382102463
24,1023,6,8,40.0,with_chunking,LMM-2,9.458333333333334,13.274400537375548,0.13515319518979815
24,1023,8,2,40.0,with_chunking,LMM-1,9.0,14.728953645971037,0.7909284428625777
24,1023,8,2,40.0,with_chunking,LMM-2,9.0,14.720274667553717,0.7920041712361416
24,1023,8,4,40.0,with_chunking,LMM-1,8.0,13.57357130499099,0.5278269272288197
24,1023,8,4,40.0,with_chunking,LMM-2,5.875,9.8987249197356,0.6636289880158744
24,1023,8,6,40.0,with_chunking,LMM-1,9.944444444444445,16.989258416019144,0.24331331191143715
24,1023,8,6,40.0,with_chunking,LMM-2,8.444444444444445,14.180794945650874,0.33767602727066826
24,1023,8,8,40.0,with_chunking,LMM-1,9.104166666666666,15.894170491816324,0.1370630310461601
24,1023,8,8,40.0,with_chunking,LMM-2,8.104166666666666,10.18996878153896,0.23923689144057925
24,1023,10,2,40.0,with_chunking,LMM-1,9.5,15.723787791959069,0.6567721935871723
24,1023,10,2,40.0,with_chunking,LMM-2,9.0,14.834738345758169,0.6824232986408664
24,1023,10,4,40.0,with_chunking,LMM-1,9.5,15.852973182951716,0.399904156622108
24,1023,10,4,40.0,with_chunking,LMM-2,5.770833333333333,9.589958189136713,0.5722817559756133
24,1023,10,6,40.0,with_chunking,LMM-1,10.111111111111112,17.37280914634705,0.18083663486724447
24,1023,10,6,40.0,with_chunking,LMM-2,8.055555555555555,13.618658503291298,0.2666779402339087
24,1023,10,8,40.0,with_chunking,LMM-1,9.458333333333334,16.59266998639916,0.06750193827028213
24,1023,10,8,40.0,with_chunking,LMM-2,5.875,8.120421949060182,0.2504974525005635
25,1024,4,2,40.0,with_chunking,LMM-1,13.0,22.152269795693655,0.7725060671382035
25,1024,4,2,40.0,with_chunking,LMM-2,13.0,22.152269795693655,0.7725060671382035
25,1024,4,4,40.0,with_chunking,LMM-1,13.0,23.56697856641079,0.5032106317480635
25,1024,4,4,40.0,with_chunking,LMM-2,13.0,13.16447442524523,0.5363378560466591
25,1024,4,6,40.0,with_chunking,LMM-1,13.166666666666666,23.035710055847176,0.26782498756187023
25,1024,4,6,40.0,with_chunking,LMM-2,13.166666666666666,20.537583456591367,0.2962178684972903
25,1024,4,8,40.0,with_chunking,LMM-1,13.0,24.53513931951607,0.1780597428732151
25,1024,4,8,40.0,with_chunking,LMM-2,13.0,20.0238006678795,0.23483568018539455
25,1024,6,2,40.0,with_chunking,LMM-1,13.0,22.022091419483665,0.6786087387514101
25,1024,6,2,40.0,with_chunking,LMM-2,13.0,22.022091419483665,0.6786087387514101
25,1024,6,4,40.0,with_chunking,LMM-1,11.5,20.256608523454794,0.444061607218808
25,1024,6,4,40.0,with_chunking,LMM-2,11.5,15.183843573121994,0.4692645429155898
25,1024,6,6,40.0,with_chunking,LMM-1,13.0,22.944005583811684,0.21940309845982495
25,1024,6,6,40.0,with_chunking,LMM-2,12.833333333333334,20.117589809610575,0.2472372584148125
25,1024,6,8,40.0,with_chunking,LMM-1,12.25,22.25701379455437,0.11358408933245276
25,1024,6,8,40.0,with_chunking,LMM-2,12.25,17.97971529016176,0.15391636171386144
25,1024,8,2,40.0,with_chunking,LMM-1,10.25,17.4495831241685,0.7404792213228767
25,1024,8,2,40.0,with_chunking,LMM-2,10.25,17.4495831241685,0.7404792213228767
25,1024,8,4,40.0,with_chunking,LMM-1,8.75,15.28069812560394,0.5536470296583316
25,1024,8,4,40.0,with_chunking,LMM-2,8.75,15.217887922201434,0.5624010864576093
25,1024,8,6,40.0,with_chunking,LMM-1,10.75,18.431292857583767,0.4499086158535297
25,1024,8,6,40.0,with_chunking,LMM-2,10.583333333333334,15.862006753820873,0.41397878003311206
25,1024,8,8,40.0,with_chunking,LMM-1,9.625,17.162192942070728,0.21885039221201885
25,1024,8,8,40.0,with_chunking,LMM-2,9.25,12.542307159821242,0.26177840070436403
25,1024,10,2,40.0,with_chunking,LMM-1,12.0,20.28701056508438,0.7923091441582739
25,1024,10,2,40.0,with_chunking,LMM-2,12.0,20.268944068983068,0.793325936766779
25,1024,10,4,40.0,with_chunking,LMM-1,9.333333333333334,15.770831882168434,0.5097225320882229
25,1024,10,4,40.0,with_chunking,LMM-2,7.083333333333333,11.862184993176825,0.6201167747041598
25,1024,10,6,40.0,with_chunking,LMM-1,10.166666666666666,17.507964501035996,0.4205363272730798
25,1024,10,6,40.0,with_chunking,LMM-2,10.11111111111111,14.914080446174795,0.40504053163528086
25,1024,10,8,40.0,with_chunking,LMM-1,10.916666666666666,19.374738930230755,0.2207369372364909
25,1024,10,8,40.0,with_chunking,LMM-2,10.708333333333334,14.705315405974057,0.3221186560775885
26,1025,4,2,40.0,with_chunking,LMM-1,14.5,24.89719880432417,0.7428894949748003
26,1025,4,2,40.0,with_chunking,LMM-2,14.5,24.89719880432417,0.7428894949748003
26,1025,4,4,40.0,with_chunking,LMM-1,12.0,21.21559602558962,0.5562901745084029
26,1025,4,4,40.0,with_chunking,LMM-2,12.0,15.957820954595839,0.578994042603743
26,1025,4,6,40.0,with_chunking,LMM-1,14.333333333333334,25.420965837031076,0.3277641295727057
26,1025,4,6,40.0,with_chunking,LMM-2,14.333333333333334,22.91876197804108,0.3593650247088465
26,1025,4,8,40.0,with_chunking,LMM-1,12.5,22.91404649933477,0.22043828320408854
26,1025,4,8,40.0,with_chunking,LMM-2,12.5,18.5605941929664,0.2758271856591812
26,1025,6,2,40.0,with_chunking,LMM-1,12.0,20.987539950035824,0.7636969029346437
26,1025,6,2,40.0,with_chunking,LMM-2,12.0,20.987539950035824,0.7636969029346437
26,1025,6,4,40.0,with_chunking,LMM-1,12.0,21.621628460051962,0.5271503584622291
26,1025,6,4,40.0,with_chunking,LMM-2,12.0,16.34977175785572,0.5492701457112963
26,1025,6,6,40.0,with_chunking,LMM-1,13.5,23.992435669901507,0.3574755538138772
26,1025,6,6,40.0,with_chunking,LMM-2,13.333333333333334,21.294828572386542,0.3768098102203949
26,1025,6,8,40.0,with_chunking,LMM-1,13.125,23.843798112857975,0.22196713129444437
26,1025,6,8,40.0,with_chunking,LMM-2,12.0,18.225591743575865,0.2489123344699058
26,1025,8,2,40.0,with_chunking,LMM-1,9.0,15.21289222179945,0.8462844890934565
26,1025,8,2,40.0,with_chunking,LMM-2,9.0,15.21289222179945,0.8462844890934565
26,1025,8,4,40.0,with_chunking,LMM-1,9.0,15.461382959322611,0.6876166104684586
26,1025,8,4,40.0,with_chunking,LMM-2,9.0,15.461382959322611,0.6876166104684586
26,1025,8,6,40.0,with_chunking,LMM-1,10.333333333333334,18.193964133005355,0.4716482540190582
26,1025,8,6,40.0,with_chunking,LMM-2,10.333333333333334,15.758392842176697,0.4988688536069212
26,1025,8,8,40.0,with_chunking,LMM-1,9.0,15.976956524848253,0.3911240496398262
26,1025,8,8,40.0,with_chunking,LMM-2,9.0,11.881502648768318,0.44635746545493926
26,1025,10,2,40.0,with_chunking,LMM-1,8.0,13.241185435200459,0.8750481090636927
26,1025,10,2,40.0,with_chunking,LMM-2,8.0,13.241185435200459,0.8750481090636927
26,1025,10,4,40.0,with_chunking,LMM-1,12.0,21.03618595651818,0.5702900739355665
26,1025,10,4,40.0,with_chunking,LMM-2,12.0,15.84947032855319,0.5872598842968663
26,1025,10,6,40.0,with_chunking,LMM-1,8.0,13.727980154067355,0.5878008993978568
26,1025,10,6,40.0,with_chunking,LMM-2,8.0,11.319457893439411,0.6176148894329085
26,1025,10,8,40.0,with_chunking,LMM-1,10.0,17.72571256451366,0.34917669370408105
26,1025,10,8,40.0,with_chunking,LMM-2,10.0,13.617029996316365,0.4008323946478295
27,1026,4,2,40.0,with_chunking,LMM-1,10.25,17.80920582283318,0.6442168491492327
27,1026,4,2,40.0,with_chunking,LMM-2,10.25,17.815972924351232,0.6436555385772642
27,1026,4,4,40.0,with_chunking,LMM-1,10.5,18.71484274935386,0.27333099714693976
27,1026,4,4,40.0,with_chunking,LMM-2,10.375,13.654251155346362,0.2952985707001069
27,1026,4,6,40.0,with_chunking,LMM-1,10.333333333333334,18.97619461602517,0.1692091628943077
27,1026,4,6,40.0,with_chunking,LMM-2,10.166666666666666,15.977886254113997,0.21868194297830662
27,1026,4,8,40.0,with_chunking,LMM-1,10.75,19.910921953760187,0.035731147588854935
27,1026,4,8,40.0,with_chunking,LMM-2,10.0,14.318267681213289,0.08047191882552192
27,1026,6,2,40.0,with_chunking,LMM-1,9.0,15.46776901113502,0.7027850384058686
27,1026,6,2,40.0,with_chunking,LMM-2,9.0,15.47180983088262,0.7020589835091221
27,1026,6,4,40.0,with_chunking,LMM-1,9.5,16.753961936018186,0.2723977091262724
27,1026,6,4,40.0,with_chunking,LMM-2,8.958333333333334,15.565806062601691,0.3531558356488021
27,1026,6,6,40.0,with_chunking,LMM-1,10.138888888888888,18.29772445746271,0.15225523954324796
27,1026,6,6,40.0,with_chunking,LMM-2,9.944444444444445,15.318710110729617,0.17159026852033596
27,1026,6,8,40.0,with_chunking,LMM-1,9.25,17.090766178777976,0.053040777672733935
27,1026,6,8,40.0,with_chunking,LMM-2,8.833333333333334,11.926450719977854,0.1083889912872929
27,1026,8,2,40.0,with_chunking,LMM-1,7.833333333333333,13.100959687241057,0.7473817116357208
27,1026,8,2,40.0,with_chunking,LMM-2,7.333333333333334,12.204144329082482,0.7770590443983361
27,1026,8,4,40.0,with_chunking,LMM-1,8.875,15.443987834067519,0.6140174122597998
27,1026,8,4,40.0,with_chunking,LMM-2,8.875,15.4414130497824,0.6143218533975506
27,1026,8,6,40.0,with_chunking,LMM-1,8.638888888888888,14.903966694760152,0.29341209273560465
27,1026,8,6,40.0,with_chunking,LMM-2,7.611111111111112,12.975415324771225,0.3514050775732939
27,1026,8,8,40.0,with_chunking,LMM-1,8.645833333333334,15.3173650418112,0.16902775073504278
27,1026,8,8,40.0,with_chunking,LMM-2,8.375,10.81535501678674,0.22956811308684463
27,1026,10,2,40.0,with_chunking,LMM-1,9.0,15.3910451422427,0.7065328287807691
27,1026,10,2,40.0,with_chunking,LMM-2,9.0,15.380384528685529,0.7074900448004039
27,1026,10,4,40.0,with_chunking,LMM-1,8.083333333333334,13.893038575606118,0.40041596009296787
27,1026,10,4,40.0,with_chunking,LMM-2,7.458333333333333,12.725352202915483,0.45324432978374407
27,1026,10,6,40.0,with_chunking,LMM-1,7.9444444444444455,13.887662974959296,0.2869830611725881
27,1026,10,6,40.0,with_chunking,LMM-2,7.305555555555556,10.502003585480741,0.3602702599107605
27,1026,10,8,40.0,with_chunking,LMM-1,8.5625,15.361635723496985,0.12499392946777732
27,1026,10,8,40.0,with_chunking,LMM-2,8.5625,11.103290743016778,0.18461204052762706
28,1027,4,2,40.0,with_chunking,LMM-1,10.0,17.280909684238047,0.8164398575154677
28,1027,4,2,40.0,with_chunking,LMM-2,10.0,17.280909684238047,0.8164398575154677
28,1027,4,4,40.0,with_chunking,LMM-1,11.375,19.999127208866497,0.4080333306186552
28,1027,4,4,40.0,with_chunking,LMM-2,11.0,14.63214150847403,0.4267544070861418
28,1027,4,6,40.0,with_chunking,LMM-1,11.083333333333334,19.69309472062363,0.29813472688050113
28,1027,4,6,40.0,with_chunking,LMM-2,11.083333333333334,17.238677536675798,0.32328116158994713
28,1027,4,8,40.0,with_chunking,LMM-1,11.125,20.188587323061718,0.10326340615513878
28,1027,4,8,40.0,with_chunking,LMM-2,11.5,16.63916658530886,0.1333875795547161
28,1027,6,2,40.0,with_chunking,LMM-1,9.0,15.226601014154086,0.8502836484863153
28,1027,6,2,40.0,with_chunking,LMM-2,9.0,15.226601014154086,0.8502836484863153
28,1027,6,4,40.0,with_chunking,LMM-1,9.875,16.97766511589959,0.5908370244345275
28,1027,6,4,40.0,with_chunking,LMM-2,9.875,16.97766511589959,0.5908370244345275
28,1027,6,6,40.0,with_chunking,LMM-1,10.583333333333334,18.46225795304339,0.30357239646429734
28,1027,6,6,40.0,with_chunking,LMM-2,10.083333333333334,15.239855295257426,0.34833930797702806
28,1027,6,8,40.0,with_chunking,LMM-1,9.9375,17.580421799634177,0.2210582095479385
28,1027,6,8,40.0,with_chunking,LMM-2,9.9375,13.541634831600277,0.2606906968579225
28,1027,8,2,40.0,with_chunking,LMM-1,8.5,14.140877922792086,0.7947499356639465
28,1027,8,2,40.0,with_chunking,LMM-2,8.5,14.140877922792086,0.7946176557706887
28,1027,8,4,40.0,with_chunking,LMM-1,9.125,15.58436943246525,0.535364620946601
28,1027,8,4,40.0,with_chunking,LMM-2,8.875,15.108311276069742,0.5523730464193527
28,1027,8,6,40.0,with_chunking,LMM-1,8.166666666666666,14.035904918271447,0.35820201277408253
28,1027,8,6,40.0,with_chunking,LMM-2,8.166666666666666,13.846951056556307,0.4098935922777635
28,1027,8,8,40.0,with_chunking,LMM-1,8.875,15.611265627996646,0.18140503730127494
28,1027,8,8,40.0,with_chunking,LMM-2,8.875,11.538115684190029,0.23262977628626624
28,1027,10,2,40.0,with_chunking,LMM-1,9.5,15.45007808803053,0.8627679920184068
28,1027,10,2,40.0,with_chunking,LMM-2,9.5,15.45007808803053,0.8627679920184068
28,1027,10,4,40.0,with_chunking,LMM-1,12.0,19.556210607486,0.5467513597382241
28,1027,10,4,40.0,with_chunking,LMM-2,11.875,14.18657287935821,0.5694298326787882
28,1027,10,6,40.0,with_chunking,LMM-1,9.25,15.666505586119683,0.2437141306585678
28,1027,10,6,40.0,with_chunking,LMM-2,8.333333333333334,11.839244246377865,0.32676460975922383
28,1027,10,8,40.0,with_chunking,LMM-1,9.541666666666666,16.34917627924841,0.15987369339597135
28,1027,10,8,40.0,with_chunking,LMM-2,9.458333333333334,12.187782305490096,0.2114056061019243
29,1028,4,2,40.0,with_chunking,LMM-1,16.5,28.08353220433566,0.7065115107884828
29,1028,4,2,40.0,with_chunking,LMM-2,16.5,28.08353220433566,0.7065115107884828
29,1028,4,4,40.0,with_chunking,LMM-1,16.5,28.906413865622504,0.4307748307247493
29,1028,4,4,40.0,with_chunking,LMM-2,16.5,18.47955570474587,0.4682498714157565
29,1028,4,6,40.0,with_chunking,LMM-1,13.75,24.56509573226532,0.12390986750409513
29,1028,4,6,40.0,with_chunking,LMM-2,13.75,21.907709292335294,0.15261743817404533
29,1028,4,8,40.0,with_chunking,LMM-1,15.8125,29.349902606789904,0.08558723810116467
29,1028,4,8,40.0,with_chunking,LMM-2,15.8125,24.5584427552311,0.13429379474460923
29,1028,6,2,40.0,with_chunking,LMM-1,15.5,26.010818325150538,0.6516435861397245
29,1028,6,2,40.0,with_chunking,LMM-2,15.5,26.010818325150538,0.6516435861397245
29,1028,6,4,40.0,with_chunking,LMM-1,12.5,21.701218599308966,0.31033389456842314
29,1028,6,4,40.0,with_chunking,LMM-2,15.0,15.723091602400702,0.42145234096292833
29,1028,6,6,40.0,with_chunking,LMM-1,13.083333333333334,23.302096350249315,0.11912885056812732
29,1028,6,6,40.0,with_chunking,LMM-2,13.083333333333334,20.62676860029182,0.14857221151987662
29,1028,6,8,40.0,with_chunking,LMM-1,12.375,22.516975606664804,0.05443562861004569
29,1028,6,8,40.0,with_chunking,LMM-2,12.9375,19.145727603634977,0.06789825901571632
29,1028,8,2,40.0,with_chunking,LMM-1,14.0,23.41116140531003,0.6889230968482096
29,1028,8,2,40.0,with_chunking,LMM-2,14.0,23.41116140531003,0.6889230968482096
29,1028,8,4,40.0,with_chunking,LMM-1,11.5,19.871859433870632,0.34464500039801244
29,1028,8,4,40.0,with_chunking,LMM-2,13.5,13.57760289947049,0.4549293864493501
29,1028,8,6,40.0,with_chunking,LMM-1,12.166666666666666,21.53982421808949,0.14312157929495767
29,1028,8,6,40.0,with_chunking,LMM-2,12.166666666666666,18.935787210255558,0.175376359120265
29,1028,8,8,40.0,with_chunking,LMM-1,11.625,21.1023365896398,0.05529528863368048
29,1028,8,8,40.0,with_chunking,LMM-2,11.625,16.722929735620973,0.09181111878913366
29,1028,10,2,40.0,with_chunking,LMM-1,8.0,13.392727523310475,0.8013621628607032
29,1028,10,2,40.0,with_chunking,LMM-2,7.75,12.960879013617562,0.8110994409607787
29,1028,10,4,40.0,with_chunking,LMM-1,11.0,18.559164019740336,0.4072779602057526
29,1028,10,4,40.0,with_chunking,LMM-2,6.75,11.438054595766488,0.6031872471640538
29,1028,10,6,40.0,with_chunking,LMM-1,9.416666666666666,16.316297518102992,0.26913313837658887
29,1028,10,6,40.0,with_chunking,LMM-2,9.916666666666666,14.779265305160246,0.28144184268627565
29,1028,10,8,40.0,with_chunking,LMM-1,10.125,17.848891840304212,0.1113404818370265
29,1028,10,8,40.0,with_chunking,LMM-2,7.625,9.403257528605225,0.2732869638290667
30,1029,4,2,40.0,with_chunking,LMM-1,11.25,18.74157140996337,0.7390140191397583
30,1029,4,2,40.0,with_chunking,LMM-2,11.25,18.74157140996337,0.7390140191397583
30,1029,4,4,40.0,with_chunking,LMM-1,11.625,19.64830125596439,0.5468552745739804
30,1029,4,4,40.0,with_chunking,LMM-2,11.625,19.621223324240585,0.5495838837581939
30,1029,4,6,40.0,with_chunking,LMM-1,11.583333333333334,19.95906153870661,0.3014316931684777
30,1029,4,6,40.0,with_chunking,LMM-2,11.416666666666666,17.19267455981139,0.33702514015441426
30,1029,4,8,40.0,with_chunking,LMM-1,11.5,20.17292713589241,0.16888775418613686
30,1029,4,8,40.0,with_chunking,LMM-2,11.5,16.01877221240798,0.21248269945117443
30,1029,6,2,40.0,with_chunking,LMM-1,9.75,16.0769908464701,0.7804944033169636
30,1029,6,2,40.0,with_chunking,LMM-2,9.75,16.0769908464701,0.7804944033169636
30,1029,6,4,40.0,with_chunking,LMM-1,9.875,16.45025377045129,0.6221897627788346
30,1029,6,4,40.0,with_chunking,LMM-2,9.875,16.45025377045129,0.6221897627788346
30,1029,6,6,40.0,with_chunking,LMM-1,10.25,17.482334378134667,0.3715795199059522
30,1029,6,6,40.0,with_chunking,LMM-2,10.166666666666666,14.8866869928331,0.40190933787477756
30,1029,6,8,40.0,with_chunking,LMM-1,9.75,17.032439789285174,0.2238683399897491
30,1029,6,8,40.0,with_chunking,LMM-2,10.0,13.201086397987186,0.2827172644817509
30,1029,8,2,40.0,with_chunking,LMM-1,9.75,16.04085406363059,0.7816459182707305
30,1029,8,2,40.0,with_chunking,LMM-2,9.75,16.04085406363059,0.7816459182707305
30,1029,8,4,40.0,with_chunking,LMM-1,10.0,16.728232985845306,0.6092120619387337
30,1029,8,4,40.0,with_chunking,LMM-2,10.0,16.728232985845306,0.6092120619387337
30,1029,8,6,40.0,with_chunking,LMM-1,9.75,16.652429546192714,0.37907748682599773
30,1029,8,6,40.0,with_chunking,LMM-2,9.75,14.17777094131639,0.410357061999001
30,1029,8,8,40.0,with_chunking,LMM-1,9.875,17.22210073645153,0.2225810180515756
30,1029,8,8,40.0,with_chunking,LMM-2,9.875,13.08227796308852,0.2787108443776235
30,1029,10,2,40.0,with_chunking,LMM-1,9.5,15.552092508795614,0.7954127921163157
30,1029,10,2,40.0,with_chunking,LMM-2,9.5,15.552092508795614,0.7952794039796874
30,1029,10,4,40.0,with_chunking,LMM-1,10.375,17.526204391321453,0.5683130796249827
30,1029,10,4,40.0,with_chunking,LMM-2,10.125,11.951125003339852,0.5947387556787816
30,1029,10,6,40.0,with_chunking,LMM-1,9.916666666666666,16.79212582197545,0.4076340982804619
30,1029,10,6,40.0,with_chunking,LMM-2,9.666666666666666,14.009946064435473,0.44369503870232546
30,1029,10,8,40.0,with_chunking,LMM-1,10.0,17.46092592167646,0.2452043181130374
30,1029,10,8,40.0,with_chunking,LMM-2,10.125,13.493473123630016,0.3016117899085021
31,1030,4,2,40.0,with_chunking,LMM-1,10.5,18.132969157489285,0.7039100685265668
31,1030,4,2,40.0,with_chunking,LMM-2,10.5,18.132969157489285,0.7039100685265668
31,1030,4,4,40.0,with_chunking,LMM-1,10.625,18.717782959704756,0.40363689732554725
31,1030,4,4,40.0,with_chunking,LMM-2,10.625,13.893440031670817,0.4195788574233448
31,1030,4,6,40.0,with_chunking,LMM-1,11.5,20.577256118160445,0.19138925697538334
31,1030,4,6,40.0,with_chunking,LMM-2,11.25,17.69866438349015,0.18879495555232587
31,1030,4,8,40.0,with_chunking,LMM-1,11.125,20.68471278823924,0.05580625768976278
31,1030,4,8,40.0,with_chunking,LMM-2,11.125,16.329800738673377,0.08752851859383774
31,1030,6,2,40.0,with_chunking,LMM-1,9.75,16.47668630784039,0.7502987712528612
31,1030,6,2,40.0,with_chunking,LMM-2,9.75,16.47853812529951,0.7499642901630801
31,1030,6,4,40.0,with_chunking,LMM-1,9.333333333333332,16.106149761730993,0.44753184997963663
31,1030,6,4,40.0,with_chunking,LMM-2,9.333333333333332,12.055241371441994,0.46935644168845864
31,1030,6,6,40.0,with_chunking,LMM-1,9.61111111111111,16.9017870657196,0.30610120848913813
31,1030,6,6,40.0,with_chunking,LMM-2,9.61111111111111,14.40356768781398,0.3365087486871897
31,1030,6,8,40.0,with_chunking,LMM-1,9.541666666666666,17.205490570978412,0.15023494626984812
31,1030,6,8,40.0,with_chunking,LMM-2,9.125,12.229123512631451,0.2337853881139927
31,1030,8,2,40.0,with_chunking,LMM-1,8.333333333333334,14.027918485352934,0.7548177642308004
31,1030,8,2,40.0,with_chunking,LMM-2,8.0,13.4260007426745,0.7724439819138386
31,1030,8,4,40.0,with_chunking,LMM-1,6.833333333333334,11.607469147539618,0.5693987326550977
31,1030,8,4,40.0,with_chunking,LMM-2,6.5,11.014867422844723,0.6015423071548209
31,1030,8,6,40.0,with_chunking,LMM-1,8.38888888888889,14.59989081969921,0.3506985797802863
31,1030,8,6,40.0,with_chunking,LMM-2,8.11111111111111,11.66358222372857,0.413809574866345
31,1030,8,8,40.0,with_chunking,LMM-1,7.208333333333334,12.711932473816976,0.23083901660126138
31,1030,8,8,40.0,with_chunking,LMM-2,6.875,8.060844625419497,0.32054833082929235
31,1030,10,2,40.0,with_chunking,LMM-1,5.833333333333334,9.648056574157795,0.8392074370650956
31,1030,10,2,40.0,with_chunking,LMM-2,5.666666666666666,9.364289660882,0.8496427881736378
31,1030,10,4,40.0,with_chunking,LMM-1,5.833333333333334,9.8081418613882,0.664999304523834
31,1030,10,4,40.0,with_chunking,LMM-2,5.416666666666667,9.085828187090538,0.7123478329055128
31,1030,10,6,40.0,with_chunking,LMM-1,6.055555555555556,10.36609347752195,0.5042087489763605
31,1030,10,6,40.0,with_chunking,LMM-2,5.75,9.777358198138693,0.5575105870466637
31,1030,10,8,40.0,with_chunking,LMM-1,5.833333333333334,10.179099601901072,0.3370824189637983
31,1030,10,8,40.0,with_chunking,LMM-2,5.625,7.212144966410765,0.43415474695502526
32,1031,4,2,40.0,with_chunking,LMM-1,16.0,28.054818551316906,0.695778685007152
32,1031,4,2,40.0,with_chunking,LMM-2,16.0,28.054818551316906,0.695778685007152
32,1031,4,4,40.0,with_chunking,LMM-1,16.0,28.941214858054625,0.41448302333823894
32,1031,4,4,40.0,with_chunking,LMM-2,16.0,18.479147410558582,0.4513748803373165
32,1031,4,6,40.0,with_chunking,LMM-1,16.0,29.897248965080077,0.208093639400083
32,1031,4,6,40.0,with_chunking,LMM-2,16.0,26.905757983372173,0.25460970925611265
32,1031,4,8,40.0,with_chunking,LMM-1,16.0,30.835068760353447,0.08783823034016361
32,1031,4,8,40.0,with_chunking,LMM-2,16.0,25.948804596605285,0.13697361829620533
32,1031,6,2,40.0,with_chunking,LMM-1,13.5,23.182981996100757,0.7608944924511134
32,1031,6,2,40.0,with_chunking,LMM-2,13.5,23.182981996100757,0.7608944924511134
32,1031,6,4,40.0,with_chunking,LMM-1,11.0,19.43398879712353,0.5871857623345215
32,1031,6,4,40.0,with_chunking,LMM-2,11.0,14.293711016100762,0.5999254339529465
32,1031,6,6,40.0,with_chunking,LMM-1,13.5,24.057144795212775,0.34721690332801625
32,1031,6,6,40.0,with_chunking,LMM-2,13.5,21.48557156684994,0.3839813368450857
32,1031,6,8,40.0,with_chunking,LMM-1,11.625,21.436264867503226,0.23771577261422358
32,1031,6,8,40.0,with_chunking,LMM-2,11.625,17.08947149080602,0.29622245707279804
32,1031,8,2,40.0,with_chunking,LMM-1,10.0,17.056099643013095,0.8271444507706927
32,1031,8,2,40.0,with_chunking,LMM-2,10.0,17.056099643013095,0.8271444507706927
32,1031,8,4,40.0,with_chunking,LMM-1,11.0,19.332301099580842,0.5960043189411512
32,1031,8,4,40.0,with_chunking,LMM-2,11.0,14.196174967733224,0.6087048891033158
32,1031,8,6,40.0,with_chunking,LMM-1,10.0,17.937295995436262,0.4579552092788053
32,1031,8,6,40.0,with_chunking,LMM-2,10.0,15.373578072749249,0.49683534068810886
32,1031,8,8,40.0,with_chunking,LMM-1,10.5,19.23921412880726,0.2869573925526523
32,1031,8,8,40.0,with_chunking,LMM-2,10.5,14.952307557395883,0.34817582713077333
32,1031,10,2,40.0,with_chunking,LMM-1,6.0,10.00925563519155,0.9132665904683811
32,1031,10,2,40.0,with_chunking,LMM-2,6.0,10.00925563519155,0.9132665904683811
32,1031,10,4,40.0,with_chunking,LMM-1,6.0,10.190976842867409,0.8089068724757563
32,1031,10,4,40.0,with_chunking,LMM-2,6.0,10.190976842867409,0.8089068724757563
32,1031,10,6,40.0,with_chunking,LMM-1,6.0,10.387724470127408,0.6924215709106144
32,1031,10,6,40.0,with_chunking,LMM-2,6.0,10.387724470127408,0.6924215709106144
32,1031,10,8,40.0,with_chunking,LMM-1,6.375,11.235084213253831,0.5460505414642275
32,1031,10,8,40.0,with_chunking,LMM-2,6.375,7.209834464387441,0.6008653323804105
33,1032,4,2,40.0,with_chunking,LMM-1,9.0,15.417242836302336,0.8335615317147423
33,1032,4,2,40.0,with_chunking,LMM-2,9.0,15.417242836302336,0.8335615317147423
33,1032,4,4,40.0,with_chunking,LMM-1,9.0,15.846792992670718,0.6497418616120513
33,1032,4,4,40.0,with_chunking,LMM-2,9.0,15.846792992670718,0.6497418616120513
33,1032,4,6,40.0,with_chunking,LMM-1,9.5,16.788048565933547,0.49483269815144915
33,1032,4,6,40.0,with_chunking,LMM-2,9.0,13.675772062739524,0.5129500757601583
33,1032,4,8,40.0,with_chunking,LMM-1,9.0,16.616647600645717,0.3216903301340394
33,1032,4,8,40.0,with_chunking,LMM-2,9.0,12.379296312150657,0.38446021615114245
33,1032,6,2,40.0,with_chunking,LMM-1,8.75,14.932686122247095,0.7559581273518392
33,1032,6,2,40.0,with_chunking,LMM-2,8.75,14.923557364563976,0.7567730245237302
33,1032,6,4,40.0,with_chunking,LMM-1,8.375,14.447845969832693,0.5224427275419865
33,1032,6,4,40.0,with_chunking,LMM-2,7.375,12.55691582917052,0.5951278079501695
33,1032,6,6,40.0,with_chunking,LMM-1,10.0,17.50700734926695,0.273411301674141
33,1032,6,6,40.0,with_chunking,LMM-2,9.833333333333334,14.845355830269696,0.3099272540259085
33,1032,6,8,40.0,with_chunking,LMM-1,9.25,16.524579025304746,0.13157776979622451
33,1032,6,8,40.0,with_chunking,LMM-2,8.875,11.687485625446332,0.19670924341291626
33,1032,8,2,40.0,with_chunking,LMM-1,7.25,12.297667199841037,0.8139321356561058
33,1032,8,2,40.0,with_chunking,LMM-2,7.25,12.297474380620123,0.813700408003018
33,1032,8,4,40.0,with_chunking,LMM-1,7.125,12.117864253391762,0.6151427868943159
33,1032,8,4,40.0,with_chunking,LMM-2,6.25,10.530062948532489,0.679541684263472
33,1032,8,6,40.0,with_chunking,LMM-1,8.277777777777777,14.223180653650829,0.3389615035873431
33,1032,8,6,40.0,with_chunking,LMM-2,7.25,12.400709039826774,0.40795026257616585
33,1032,8,8,40.0,with_chunking,LMM-1,7.625,13.496677783594071,0.2573141873325587
33,1032,8,8,40.0,with_chunking,LMM-2,7.125,8.701442479869248,0.3458338384373874
33,1032,10,2,40.0,with_chunking,LMM-1,9.5,15.927703263425606,0.7135257347345519
33,1032,10,2,40.0,with_chunking,LMM-2,8.0,13.548706745841947,0.7509561245813875
33,1032,10,4,40.0,with_chunking,LMM-1,8.375,13.984373057615457,0.45822924891616407
33,1032,10,4,40.0,with_chunking,LMM-2,6.208333333333333,10.369371138343737,0.5931652944515713
33,1032,10,6,40.0,with_chunking,LMM-1,9.583333333333334,16.47209391064853,0.34431825575541036
33,1032,10,6,40.0,with_chunking,LMM-2,8.75,12.830689631953964,0.4266100441997371
33,1032,10,8,40.0,with_chunking,LMM-1,8.625,14.975628020096947,0.13741367862465229
33,1032,10,8,40.0,with_chunking,LMM-2,6.083333333333333,7.394984519581537,0.3404265126498189
34,1033,4,2,40.0,with_chunking,LMM-1,10.0,17.068896838770506,0.8223257798912338
34,1033,4,2,40.0,with_chunking,LMM-2,10.0,17.068896838770506,0.8223257798912338
34,1033,4,4,40.0,with_chunking,LMM-1,10.0,17.515197467859366,0.6298602805879804
34,1033,4,4,40.0,with_chunking,LMM-2,10.0,17.515197467859366,0.6298602805879804
34,1033,4,6,40.0,with_chunking,LMM-1,10.166666666666666,17.975828306372737,0.47648123424073613
34,1033,4,6,40.0,with_chunking,LMM-2,10.0,15.360758861561296,0.4886877394495402
34,1033,4,8,40.0,with_chunking,LMM-1,10.0,17.998090609977755,0.3348358343214774
34,1033,4,8,40.0,with_chunking,LMM-2,10.0,14.089682643011024,0.35877884030783835
34,1033,6,2,40.0,with_chunking,LMM-1,10.0,17.10096845728797,0.8250864041550936
34,1033,6,2,40.0,with_chunking,LMM-2,10.0,17.10096845728797,0.8250864041550936
34,1033,6,4,40.0,with_chunking,LMM-1,10.0,17.350470028182112,0.645463677984232
34,1033,6,4,40.0,with_chunking,LMM-2,10.0,17.350470028182112,0.645463677984232
34,1033,6,6,40.0,with_chunking,LMM-1,10.166666666666666,17.72144440866262,0.49765548327698794
34,1033,6,6,40.0,with_chunking,LMM-2,10.166666666666666,15.282646077513524,0.5258618179170194
34,1033,6,8,40.0,with_chunking,LMM-1,10.0,17.99798486907832,0.3332452435144337
34,1033,6,8,40.0,with_chunking,LMM-2,10.0,13.816782916499314,0.3918054925521111
34,1033,8,2,40.0,with_chunking,LMM-1,9.5,16.14223038321458,0.8364440669408801
34,1033,8,2,40.0,with_chunking,LMM-2,9.5,16.14223038321458,0.8364440669408801
34,1033,8,4,40.0,with_chunking,LMM-1,9.0,15.587789638029005,0.6838877189766134
34,1033,8,4,40.0,with_chunking,LMM-2,9.0,15.587789638029005,0.6838877189766134
34,1033,8,6,40.0,with_chunking,LMM-1,9.5,16.45274915545967,0.5338941886414319
34,1033,8,6,40.0,with_chunking,LMM-2,9.5,14.048312178701545,0.5597641958742694
34,1033,8,8,40.0,with_chunking,LMM-1,9.25,16.48419525725548,0.3866214164108477
34,1033,8,8,40.0,with_chunking,LMM-2,9.25,12.411148479072475,0.43477857467981157
34,1033,10,2,40.0,with_chunking,LMM-1,9.0,14.800283885600932,0.8628697661737926
34,1033,10,2,40.0,with_chunking,LMM-2,9.0,14.800283885600932,0.8628697661737926
34,1033,10,4,40.0,with_chunking,LMM-1,9.0,15.405548203269628,0.6930700203836776
34,1033,10,4,40.0,with_chunking,LMM-2,9.0,15.405548203269628,0.6930700203836776
34,1033,10,6,40.0,with_chunking,LMM-1,9.666666666666666,16.568559570630594,0.5336475030501404
34,1033,10,6,40.0,with_chunking,LMM-2,9.666666666666666,16.416328446364677,0.5535896340438775
34,1033,10,8,40.0,with_chunking,LMM-1,9.0,15.66439382490058,0.4233303127318412
34,1033,10,8,40.0,with_chunking,LMM-2,9.0,11.63036668290814,0.4709514682295546
35,1034,4,2,40.0,with_chunking,LMM-1,10.25,17.79390150280193,0.7220551073710832
35,1034,4,2,40.0,with_chunking,LMM-2,10.25,17.79390150280193,0.7220551073710832
35,1034,4,4,40.0,with_chunking,LMM-1,10.0,17.95514282264986,0.48040454835077484
35,1034,4,4,40.0,with_chunking,LMM-2,10.0,17.895021466169403,0.4873551700152767
35,1034,4,6,40.0,with_chunking,LMM-1,11.472222222222221,20.59726963546259,0.15443529022366798
35,1034,4,6,40.0,with_chunking,LMM-2,10.805555555555555,17.149904480918092,0.20123358530009908
35,1034,4,8,40.0,with_chunking,LMM-1,10.6875,19.730339436459847,0.111907075833967
35,1034,4,8,40.0,with_chunking,LMM-2,10.0,14.162556192642894,0.17721071992641038
35,1034,6,2,40.0,with_chunking,LMM-1,9.75,16.799548579454846,0.7492826121226317
35,1034,6,2,40.0,with_chunking,LMM-2,9.75,16.79221813342987,0.7497504473088858
35,1034,6,4,40.0,with_chunking,LMM-1,9.333333333333332,16.28025483839771,0.3535840125905732
35,1034,6,4,40.0,with_chunking,LMM-2,9.041666666666666,15.647478309721475,0.38589812146266317
35,1034,6,6,40.0,with_chunking,LMM-1,10.11111111111111,17.937355061481508,0.20269107137367315
35,1034,6,6,40.0,with_chunking,LMM-2,10.11111111111111,15.50187991785638,0.22726765040469948
35,1034,6,8,40.0,with_chunking,LMM-1,9.479166666666666,17.157418488768776,0.09489620381767266
35,1034,6,8,40.0,with_chunking,LMM-2,9.166666666666666,12.41325363099374,0.1496714919532278
35,1034,8,2,40.0,with_chunking,LMM-1,9.25,15.73480173098722,0.7671056783129705
35,1034,8,2,40.0,with_chunking,LMM-2,9.25,15.72946805910977,0.7673594387852704
35,1034,8,4,40.0,with_chunking,LMM-1,9.5,16.35198662637075,0.37511712421170845
35,1034,8,4,40.0,with_chunking,LMM-2,9.0,15.401566673867073,0.41940760127550386
35,1034,8,6,40.0,with_chunking,LMM-1,9.63888888888889,16.892388110077686,0.2511398523084245
35,1034,8,6,40.0,with_chunking,LMM-2,9.722222222222223,14.667868512440295,0.2538424749083812
35,1034,8,8,40.0,with_chunking,LMM-1,9.5,16.876595681789627,0.11584332905528866
35,1034,8,8,40.0,with_chunking,LMM-2,8.541666666666666,11.070999439820872,0.20076749191722898
35,1034,10,2,40.0,with_chunking,LMM-1,7.833333333333333,13.197287270994607,0.757996970101077
35,1034,10,2,40.0,with_chunking,LMM-2,7.5,12.604636526298588,0.7770608016947523
35,1034,10,4,40.0,with_chunking,LMM-1,6.333333333333334,10.765652127114256,0.5885727547337816
35,1034,10,4,40.0,with_chunking,LMM-2,5.833333333333334,9.903429892259581,0.6399222431150349
35,1034,10,6,40.0,with_chunking,LMM-1,7.777777777777778,13.499466022883842,0.29159479448570214
35,1034,10,6,40.0,with_chunking,LMM-2,6.833333333333333,11.735072366199992,0.37485013360109926
35,1034,10,8,40.0,with_chunking,LMM-1,7.395833333333333,13.008680959482032,0.18637145570876157
35,1034,10,8,40.0,with_chunking,LMM-2,6.895833333333333,9.384909750120563,0.2731508715469288
36,1035,4,2,40.0,with_chunking,LMM-1,12.5,21.675795106492725,0.7645968428884616
36,1035,4,2,40.0,with_chunking,LMM-2,12.5,21.675795106492725,0.7645968428884616
36,1035,4,4,40.0,with_chunking,LMM-1,13.0,22.78413994808388,0.5312670523194346
36,1035,4,4,40.0,with_chunking,LMM-2,13.0,12.39026732870585,0.5675150906484558
36,1035,4,6,40.0,with_chunking,LMM-1,12.5,22.745834394757438,0.34647716723823935
36,1035,4,6,40.0,with_chunking,LMM-2,12.5,20.128404617256447,0.38245294093884974
36,1035,4,8,40.0,with_chunking,LMM-1,12.875,23.756180978516955,0.18812000408048818
36,1035,4,8,40.0,with_chunking,LMM-2,12.875,19.2585104749126,0.2534752182534993
36,1035,6,2,40.0,with_chunking,LMM-1,13.0,22.354692964075486,0.758711591395574
36,1035,6,2,40.0,with_chunking,LMM-2,13.0,22.354692964075486,0.758711591395574
36,1035,6,4,40.0,with_chunking,LMM-1,13.0,22.852797392230453,0.5251615244251715
36,1035,6,4,40.0,with_chunking,LMM-2,13.0,12.456068450923581,0.5614629910911776
36,1035,6,6,40.0,with_chunking,LMM-1,12.666666666666666,22.696062222151355,0.3561949108363818
36,1035,6,6,40.0,with_chunking,LMM-2,12.666666666666666,20.02608074350255,0.3976179451957303
36,1035,6,8,40.0,with_chunking,LMM-1,13.0,24.127551773089305,0.17264940435908377
36,1035,6,8,40.0,with_chunking,LMM-2,13.0,19.512180729285515,0.24219660406307073
36,1035,8,2,40.0,with_chunking,LMM-1,11.5,19.842452474384913,0.7902469285340249
36,1035,8,2,40.0,with_chunking,LMM-2,11.5,19.842452474384913,0.7902469285340249
36,1035,8,4,40.0,with_chunking,LMM-1,13.0,22.56578406019101,0.5476276818224687
36,1035,8,4,40.0,with_chunking,LMM-2,13.0,12.201204156327016,0.5823816612709555
36,1035,8,6,40.0,with_chunking,LMM-1,10.5,18.67844528706725,0.4541597170987926
36,1035,8,6,40.0,with_chunking,LMM-2,10.5,16.196544361071975,0.485307056469644
36,1035,8,8,40.0,with_chunking,LMM-1,12.625,22.90528263556614,0.2251517553663873
36,1035,8,8,40.0,with_chunking,LMM-2,12.625,18.565348046023587,0.2849694135453617
36,1035,10,2,40.0,with_chunking,LMM-1,11.0,18.609827981364422,0.8157323878067446
36,1035,10,2,40.0,with_chunking,LMM-2,11.0,18.609827981364422,0.8157323878067446
36,1035,10,4,40.0,with_chunking,LMM-1,10.0,17.479231904515554,0.6369088351385994
36,1035,10,4,40.0,with_chunking,LMM-2,10.0,17.479231904515554,0.6369088351385994
36,1035,10,6,40.0,with_chunking,LMM-1,10.666666666666666,18.621811504882658,0.4718562922804138
36,1035,10,6,40.0,with_chunking,LMM-2,10.666666666666666,16.17646936253458,0.5046481271186035
36,1035,10,8,40.0,with_chunking,LMM-1,10.0,18.043382263558524,0.3333114410202464
36,1035,10,8,40.0,with_chunking,LMM-2,10.0,13.822787811213939,0.39477525340547664
37,1036,4,2,40.0,with_chunking,LMM-1,13.0,21.758266145499096,0.6889991600790065
37,1036,4,2,40.0,with_chunking,LMM-2,13.0,21.758266145499096,0.6889991600790065
37,1036,4,4,40.0,with_chunking,LMM-1,11.375,19.535573085578495,0.4724355170929986
37,1036,4,4,40.0,with_chunking,LMM-2,11.375,19.487484727966407,0.4780355541194219
37,1036,4,6,40.0,with_chunking,LMM-1,12.416666666666666,21.514948641761816,0.17389970707399377
37,1036,4,6,40.0,with_chunking,LMM-2,11.75,17.982224872814744,0.24241310489195317
37,1036,4,8,40.0,with_chunking,LMM-1,12.4375,22.151140095247875,0.07774941349459742
37,1036,4,8,40.0,with_chunking,LMM-2,12.4375,17.97802045849178,0.10751290810576063
37,1036,6,2,40.0,with_chunking,LMM-1,11.0,18.332883386045552,0.7373862810208535
37,1036,6,2,40.0,with_chunking,LMM-2,11.0,18.332883386045552,0.7373862810208535
37,1036,6,4,40.0,with_chunking,LMM-1,10.0,17.084842362851308,0.5858908130253353
37,1036,6,4,40.0,with_chunking,LMM-2,10.0,17.084842362851308,0.5858908130253353
37,1036,6,6,40.0,with_chunking,LMM-1,11.666666666666666,20.016377575087855,0.29566973097570426
37,1036,6,6,40.0,with_chunking,LMM-2,11.333333333333334,17.137737857432423,0.3215706578061266
37,1036,6,8,40.0,with_chunking,LMM-1,11.0,19.398844445654422,0.16834352674310715
37,1036,6,8,40.0,with_chunking,LMM-2,11.0,15.219067834204123,0.21795813762066607
37,1036,8,2,40.0,with_chunking,LMM-1,10.5,17.303592236331415,0.7499538482044018
37,1036,8,2,40.0,with_chunking,LMM-2,10.5,17.303592236331415,0.7499538482044018
37,1036,8,4,40.0,with_chunking,LMM-1,13.0,21.770137026664926,0.6043248195517414
37,1036,8,4,40.0,with_chunking,LMM-2,13.0,16.601916756053473,0.6230784163762572
37,1036,8,6,40.0,with_chunking,LMM-1,10.583333333333334,17.99891233343649,0.24810161083104446
37,1036,8,6,40.0,with_chunking,LMM-2,10.5,15.415188964670241,0.2884685777158833
37,1036,8,8,40.0,with_chunking,LMM-1,11.9375,20.653985204991702,0.18057030962939563
37,1036,8,8,40.0,with_chunking,LMM-2,11.875,16.37842695873092,0.23351772159081183
37,1036,10,2,40.0,with_chunking,LMM-1,7.5,12.256350046489333,0.8402795862804842
37,1036,10,2,40.0,with_chunking,LMM-2,7.5,12.256722009508774,0.8401366854852539
37,1036,10,4,40.0,with_chunking,LMM-1,11.25,18.35395875582497,0.6268654682644137
37,1036,10,4,40.0,with_chunking,LMM-2,11.25,13.24386328207925,0.6417372285092349
37,1036,10,6,40.0,with_chunking,LMM-1,9.083333333333334,15.25587548065532,0.3915504485136996
37,1036,10,6,40.0,with_chunking,LMM-2,9.083333333333334,15.16849884825403,0.4056014151438846
37,1036,10,8,40.0,with_chunking,LMM-1,9.0,15.396393394275023,0.21479523851673843
37,1036,10,8,40.0,with_chunking,LMM-2,8.5,10.404972525360055,0.2970765802153201
38,1037,4,2,40.0,with_chunking,LMM-1,10.333333333333332,17.780199558422908,0.6497681141308679
38,1037,4,2,40.0,with_chunking,LMM-2,10.333333333333332,17.780465068831806,0.6496534258615597
38,1037,4,4,40.0,with_chunking,LMM-1,10.416666666666666,18.290660357732733,0.33866050207080456
38,1037,4,4,40.0,with_chunking,LMM-2,10.416666666666666,18.16872204390313,0.392109984242985
38,1037,4,6,40.0,with_chunking,LMM-1,10.194444444444445,18.193668124863922,0.23479403929883416
38,1037,4,6,40.0,with_chunking,LMM-2,10.305555555555555,15.862244474868396,0.26342144119722544
38,1037,4,8,40.0,with_chunking,LMM-1,10.520833333333332,19.160342406073383,0.05482693524486146
38,1037,4,8,40.0,with_chunking,LMM-2,10.333333333333332,14.599959884588923,0.08730459467142718
38,1037,6,2,40.0,with_chunking,LMM-1,11.0,18.7791756074038,0.7195418836329797
38,1037,6,2,40.0,with_chunking,LMM-2,11.0,18.7791756074038,0.7195418836329797
38,1037,6,4,40.0,with_chunking,LMM-1,10.0,17.58136360078718,0.44637967930083633
38,1037,6,4,40.0,with_chunking,LMM-2,10.0,17.58136360078718,0.44637967930083633
38,1037,6,6,40.0,with_chunking,LMM-1,11.583333333333334,20.695478704318635,0.1659101356680711
38,1037,6,6,40.0,with_chunking,LMM-2,11.611111111111112,18.20915991073029,0.171250689633661
38,1037,6,8,40.0,with_chunking,LMM-1,10.75,19.534658933769634,0.11421093623065362
38,1037,6,8,40.0,with_chunking,LMM-2,10.75,15.386150477586506,0.14850931539546966
38,1037,8,2,40.0,with_chunking,LMM-1,9.083333333333332,15.046398746473182,0.6613086480197918
38,1037,8,2,40.0,with_chunking,LMM-2,8.833333333333332,14.587631632477372,0.6713999542674712
38,1037,8,4,40.0,with_chunking,LMM-1,11.75,20.239630573892146,0.2497390348465089
38,1037,8,4,40.0,with_chunking,LMM-2,11.333333333333332,14.538137507892676,0.28786836881957806
38,1037,8,6,40.0,with_chunking,LMM-1,8.972222222222221,15.572993858666349,0.19928208592897215
38,1037,8,6,40.0,with_chunking,LMM-2,7.388888888888889,10.42028707093331,0.29284809138093465
38,1037,8,8,40.0,with_chunking,LMM-1,10.145833333333334,17.973441506935757,0.06477873008295407
38,1037,8,8,40.0,with_chunking,LMM-2,8.229166666666666,10.882792002883154,0.1469672210520049
38,1037,10,2,40.0,with_chunking,LMM-1,6.166666666666666,10.40431401888448,0.7297597531908617
38,1037,10,2,40.0,with_chunking,LMM-2,6.0,10.08825541145899,0.7435208171405764
38,1037,10,4,40.0,with_chunking,LMM-1,9.166666666666668,15.32557044071321,0.40015128070789857
38,1037,10,4,40.0,with_chunking,LMM-2,6.25,10.424768017102732,0.5322096101249786
38,1037,10,6,40.0,with_chunking,LMM-1,7.638888888888888,13.126357628786229,0.1750178328300573
38,1037,10,6,40.0,with_chunking,LMM-2,6.138888888888889,8.708050959691663,0.3260539674221257
38,1037,10,8,40.0,with_chunking,LMM-1,8.364583333333334,14.533157201780622,0.0839248566470739
38,1037,10,8,40.0,with_chunking,LMM-2,5.9375,7.088737672299701,0.25338382996785663
39,1038,4,2,40.0,with_chunking,LMM-1,10.75,18.456096310210693,0.7055336338463472
39,1038,4,2,40.0,with_chunking,LMM-2,10.75,18.456096310210693,0.7055336338463472
39,1038,4,4,40.0,with_chunking,LMM-1,10.0,17.396634532336453,0.4885008891321942
39,1038,4,4,40.0,with_chunking,LMM-2,10.0,12.863968127326405,0.5036418797880999
39,1038,4,6,40.0,with_chunking,LMM-1,10.083333333333334,18.00842620685771,0.33910498352513824
39,1038,4,6,40.0,with_chunking,LMM-2,10.0,15.468148567286297,0.35390295052451853
39,1038,4,8,40.0,with_chunking,LMM-1,10.375,18.849959310917686,0.1550032436006332
39,1038,4,8,40.0,with_chunking,LMM-2,10.375,14.63263624412817,0.19334637432169713
39,1038,6,2,40.0,with_chunking,LMM-1,11.25,19.035623618387604,0.6368248891041652
39,1038,6,2,40.0,with_chunking,LMM-2,11.25,19.035623618387604,0.6368248891041652
39,1038,6,4,40.0,with_chunking,LMM-1,10.5,18.144972968540653,0.37252332037479774
39,1038,6,4,40.0,with_chunking,LMM-2,10.5,9.397249464727912,0.4068388192664815
39,1038,6,6,40.0,with_chunking,LMM-1,11.083333333333334,19.532454572555938,0.1733017899242045
39,1038,6,6,40.0,with_chunking,LMM-2,11.083333333333334,16.962180289309874,0.20822925345608018
39,1038,6,8,40.0,with_chunking,LMM-1,10.6875,19.22075922403394,0.09069313050730482
39,1038,6,8,40.0,with_chunking,LMM-2,10.6875,14.99042810208358,0.12937285820187952
39,1038,8,2,40.0,with_chunking,LMM-1,9.0,15.078742268794961,0.718837587591846
39,1038,8,2,40.0,with_chunking,LMM-2,8.0,13.263833836233577,0.7581216442483358
39,1038,8,4,40.0,with_chunking,LMM-1,7.625,13.155808286653127,0.4882181899260353
39,1038,8,4,40.0,with_chunking,LMM-2,5.708333333333334,9.671420469593402,0.5686909830684663
39,1038,8,6,40.0,with_chunking,LMM-1,8.805555555555555,15.267837852973642,0.2320967154098624
39,1038,8,6,40.0,with_chunking,LMM-2,7.638888888888888,10.766001725684838,0.3235963335912568
39,1038,8,8,40.0,with_chunking,LMM-1,7.916666666666667,14.165907599082114,0.11967177971521265
39,1038,8,8,40.0,with_chunking,LMM-2,6.291666666666667,7.523543654575891,0.256865661621793
39,1038,10,2,40.0,with_chunking,LMM-1,7.833333333333334,12.894971799514487,0.7227225394866235
39,1038,10,2,40.0,with_chunking,LMM-2,7.5,12.323876562940757,0.7408659660068513
39,1038,10,4,40.0,with_chunking,LMM-1,10.166666666666668,17.290686577972473,0.3350531392020273
39,1038,10,4,40.0,with_chunking,LMM-2,10.25,12.992869257856652,0.4454166054162248
39,1038,10,6,40.0,with_chunking,LMM-1,7.333333333333333,12.612358244141795,0.2852968387172281
39,1038,10,6,40.0,with_chunking,LMM-2,6.194444444444444,10.441782279637335,0.4062522787006237
39,1038,10,8,40.0,with_chunking,LMM-1,9.0,15.711084378623065,0.09802198375916404
39,1038,10,8,40.0,with_chunking,LMM-2,8.020833333333334,9.849277726198304,0.1817783700772333
40,1039,4,2,40.0,with_chunking,LMM-1,12.5,21.653471306660286,0.7670274209044148
40,1039,4,2,40.0,with_chunking,LMM-2,12.5,21.653471306660286,0.7670274209044148
40,1039,4,4,40.0,with_chunking,LMM-1,12.5,22.190578066260237,0.5394288650926804
40,1039,4,4,40.0,with_chunking,LMM-2,12.5,16.943771238750067,0.5608124233754154
40,1039,4,6,40.0,with_chunking,LMM-1,12.0,21.657794544249565,0.33672891855034515
40,1039,4,6,40.0,with_chunking,LMM-2,12.166666666666666,19.398356928041824,0.40495570843366574
40,1039,4,8,40.0,with_chunking,LMM-1,12.5,23.286026303884487,0.198837415813314
40,1039,4,8,40.0,with_chunking,LMM-2,12.5,18.84326411182218,0.2575407575879287
40,1039,6,2,40.0,with_chunking,LMM-1,11.333333333333332,19.349160584064833,0.5718361930877118
40,1039,6,2,40.0,with_chunking,LMM-2,11.333333333333332,19.330249666679236,0.5732616138963432
40,1039,6,4,40.0,with_chunking,LMM-1,10.833333333333332,18.88988744427648,0.28476448897271706
40,1039,6,4,40.0,with_chunking,LMM-2,10.833333333333332,9.887844172288354,0.3198632794199324
40,1039,6,6,40.0,with_chunking,LMM-1,11.527777777777779,20.658018559902576,0.11375976974430313
40,1039,6,6,40.0,with_chunking,LMM-2,11.333333333333334,17.490467314855334,0.19370689889958506
40,1039,6,8,40.0,with_chunking,LMM-1,11.020833333333332,20.180460540525264,0.032398066728999315
40,1039,6,8,40.0,with_chunking,LMM-2,9.1875,12.502383209038937,0.12174113060170764
40,1039,8,2,40.0,with_chunking,LMM-1,9.25,15.586852828720543,0.7206892199354413
40,1039,8,2,40.0,with_chunking,LMM-2,9.25,15.586852828720543,0.7205689077968459
40,1039,8,4,40.0,with_chunking,LMM-1,11.0,18.85252303612144,0.38550344558701544
40,1039,8,4,40.0,with_chunking,LMM-2,11.0,10.122685128330575,0.4191650079219084
40,1039,8,6,40.0,with_chunking,LMM-1,10.416666666666666,17.9863315881743,0.24493545803599057
40,1039,8,6,40.0,with_chunking,LMM-2,9.666666666666666,14.118450971447956,0.3173674381238495
40,1039,8,8,40.0,with_chunking,LMM-1,10.3125,18.261390541422156,0.12992048586854446
40,1039,8,8,40.0,with_chunking,LMM-2,9.8125,13.265851768932539,0.192421182231773
40,1039,10,2,40.0,with_chunking,LMM-1,9.375,15.573212473408457,0.6113021127472369
40,1039,10,2,40.0,with_chunking,LMM-2,9.25,15.31261908003767,0.6252813616022463
40,1039,10,4,40.0,with_chunking,LMM-1,9.375,15.786333740429889,0.31594951212078876
40,1039,10,4,40.0,with_chunking,LMM-2,8.5,9.891210379127847,0.4171918161766804
40,1039,10,6,40.0,with_chunking,LMM-1,9.833333333333334,16.90534143456283,0.13744090941623924
40,1039,10,6,40.0,with_chunking,LMM-2,8.569444444444445,12.47148488906973,0.23086062365685453
40,1039,10,8,40.0,with_chunking,LMM-1,9.583333333333334,16.682468430072557,0.03973905559622368
40,1039,10,8,40.0,with_chunking,LMM-2,7.9375,10.134850470515865,0.11594146687244682
41,1040,4,2,40.0,with_chunking,LMM-1,12.333333333333332,21.219886610614985,0.6201199501773575
41,1040,4,2,40.0,with_chunking,LMM-2,12.333333333333332,21.22019492031299,0.6200106145086409
41,1040,4,4,40.0,with_chunking,LMM-1,10.625,18.744111270677013,0.4078044403595536
41,1040,4,4,40.0,with_chunking,LMM-2,11.625,15.359609630929949,0.5200914612061016
41,1040,4,6,40.0,with_chunking,LMM-1,10.805555555555555,19.33695927435869,0.16546628222712262
41,1040,4,6,40.0,with_chunking,LMM-2,11.138888888888888,17.394179095873998,0.16220047401967735
41,1040,4,8,40.0,with_chunking,LMM-1,11.125,20.41977404517643,0.05083430124431801
41,1040,4,8,40.0,with_chunking,LMM-2,11.041666666666666,15.96313179258856,0.08146598057318226
41,1040,6,2,40.0,with_chunking,LMM-1,8.75,15.01424712387848,0.7756401437921681
41,1040,6,2,40.0,with_chunking,LMM-2,8.75,15.01424712387848,0.7755024641506557
41,1040,6,4,40.0,with_chunking,LMM-1,12.0,21.417905295940404,0.5386437576570909
41,1040,6,4,40.0,with_chunking,LMM-2,12.0,16.201556709756947,0.562075549705807
41,1040,6,6,40.0,with_chunking,LMM-1,9.5,17.051516164751998,0.3330437032783325
41,1040,6,6,40.0,with_chunking,LMM-2,9.5,14.5237892160538,0.36674882589150765
41,1040,6,8,40.0,with_chunking,LMM-1,10.0,18.331150485869014,0.17702858412209094
41,1040,6,8,40.0,with_chunking,LMM-2,10.0,14.143491710949661,0.2229834249979758
41,1040,8,2,40.0,with_chunking,LMM-1,8.5,14.25179884757927,0.7939535728065242
41,1040,8,2,40.0,with_chunking,LMM-2,8.5,14.25179884757927,0.7938040894587335
41,1040,8,4,40.0,with_chunking,LMM-1,8.833333333333334,15.039238016823884,0.5722028572126363
41,1040,8,4,40.0,with_chunking,LMM-2,8.833333333333334,15.039366148750013,0.5721218411692048
41,1040,8,6,40.0,with_chunking,LMM-1,8.38888888888889,14.574280576685267,0.3852033847748067
41,1040,8,6,40.0,with_chunking,LMM-2,8.222222222222223,11.830170068676887,0.42440574765873945
41,1040,8,8,40.0,with_chunking,LMM-1,8.895833333333334,15.802306562144324,0.17688301154626304
41,1040,8,8,40.0,with_chunking,LMM-2,8.645833333333334,11.273118852636934,0.23454012169235777
41,1040,10,2,40.0,with_chunking,LMM-1,6.5,10.846618675830083,0.80079728528181
41,1040,10,2,40.0,with_chunking,LMM-2,6.5,10.846888174678755,0.8006587492511378
41,1040,10,4,40.0,with_chunking,LMM-1,7.833333333333334,13.198882046998074,0.6360062049953684
41,1040,10,4,40.0,with_chunking,LMM-2,7.833333333333334,13.199010178924201,0.6359161552766768
41,1040,10,6,40.0,with_chunking,LMM-1,6.555555555555556,11.30662329783347,0.45806710893731345
41,1040,10,6,40.0,with_chunking,LMM-2,6.5,11.164087309049384,0.46997899492175166
41,1040,10,8,40.0,with_chunking,LMM-1,7.416666666666667,12.937557984367242,0.24769916979960377
41,1040,10,8,40.0,with_chunking,LMM-2,7.083333333333333,8.33217160834185,0.31087892670530387
42,1041,4,2,40.0,with_chunking,LMM-1,12.75,22.14608306374296,0.6770220126462414
42,1041,4,2,40.0,with_chunking,LMM-2,12.75,22.14608306374296,0.6770220126462414
42,1041,4,4,40.0,with_chunking,LMM-1,12.5,21.722429505415658,0.5679587083601502
42,1041,4,4,40.0,with_chunking,LMM-2,12.5,11.464524978221654,0.5928298170172035
42,1041,4,6,40.0,with_chunking,LMM-1,13.083333333333334,23.71268825171246,0.24915683158618934
42,1041,4,6,40.0,with_chunking,LMM-2,13.083333333333334,21.185309860215288,0.274912074926258
42,1041,4,8,40.0,with_chunking,LMM-1,12.5,22.53430252998703,0.17940594037177743
42,1041,4,8,40.0,with_chunking,LMM-2,12.5,18.356587758089297,0.22013147346662915
42,1041,6,2,40.0,with_chunking,LMM-1,11.75,19.749643919171376,0.7230023135346312
42,1041,6,2,40.0,with_chunking,LMM-2,11.75,19.749643919171376,0.7230023135346312
42,1041,6,4,40.0,with_chunking,LMM-1,10.75,18.284301019697175,0.5028054222219359
42,1041,6,4,40.0,with_chunking,LMM-2,10.75,18.284301019697175,0.5028054222219359
42,1041,6,6,40.0,with_chunking,LMM-1,12.25,21.54746234003406,0.26866088772821795
42,1041,6,6,40.0,with_chunking,LMM-2,12.25,19.055295444193124,0.2939970870741431
42,1041,6,8,40.0,with_chunking,LMM-1,11.0,19.449200889383697,0.16588321502342318
42,1041,6,8,40.0,with_chunking,LMM-2,11.0,15.196502821334898,0.22204911573996722
42,1041,8,2,40.0,with_chunking,LMM-1,10.25,17.109566682294002,0.7645292132076313
42,1041,8,2,40.0,with_chunking,LMM-2,10.25,17.109566682294002,0.7645292132076313
42,1041,8,4,40.0,with_chunking,LMM-1,11.0,19.008048382823993,0.6205623176903496
42,1041,8,4,40.0,with_chunking,LMM-2,11.0,13.913995673928264,0.6306662910104858
42,1041,8,6,40.0,with_chunking,LMM-1,10.416666666666666,18.032333146363687,0.350689839607878
42,1041,8,6,40.0,with_chunking,LMM-2,10.416666666666666,15.605518369092096,0.37190982380845505
42,1041,8,8,40.0,with_chunking,LMM-1,10.875,19.100863423173685,0.24876725545759334
42,1041,8,8,40.0,with_chunking,LMM-2,10.625,14.684651783596337,0.3131856014976763
42,1041,10,2,40.0,with_chunking,LMM-1,8.75,14.622175466845269,0.8006532882906799
42,1041,10,2,40.0,with_chunking,LMM-2,8.75,14.625289655822861,0.8002532879525306
42,1041,10,4,40.0,with_chunking,LMM-1,9.25,15.829792114138282,0.5534158017961764
42,1041,10,4,40.0,with_chunking,LMM-2,9.25,15.81987846505497,0.5542436460757383
42,1041,10,6,40.0,with_chunking,LMM-1,9.416666666666666,16.212508945707082,0.39094308847739834
42,1041,10,6,40.0,with_chunking,LMM-2,8.5,14.515270048638394,0.46544383351953034
42,1041,10,8,40.0,with_chunking,LMM-1,9.0,15.875682627094427,0.25848082587823173
42,1041,10,8,40.0,with_chunking,LMM-2,8.5,10.838299274547513,0.33801672676114136
43,1042,4,2,40.0,with_chunking,LMM-1,17.5,29.413068567375994,0.7123572759252819
43,1042,4,2,40.0,with_chunking,LMM-2,17.5,29.413068567375994,0.7123572759252819
43,1042,4,4,40.0,with_chunking,LMM-1,16.5,28.256550825622348,0.4841800295309055
43,1042,4,4,40.0,with_chunking,LMM-2,16.5,17.87713647758371,0.52026631563828
43,1042,4,6,40.0,with_chunking,LMM-1,17.333333333333332,30.238132945070323,0.27828159823466003
43,1042,4,6,40.0,with_chunking,LMM-2,17.333333333333332,27.664753668512173,0.3061711401463092
43,1042,4,8,40.0,with_chunking,LMM-1,17.3125,30.838912890557587,0.07832342169244078
43,1042,4,8,40.0,with_chunking,LMM-2,17.3125,26.44918141810704,0.1105688775597939
43,1042,6,2,40.0,with_chunking,LMM-1,14.5,24.396020706497822,0.759755718249871
43,1042,6,2,40.0,with_chunking,LMM-2,14.5,24.396020706497822,0.759755718249871
43,1042,6,4,40.0,with_chunking,LMM-1,14.5,25.16663536758309,0.5058739382292328
43,1042,6,4,40.0,with_chunking,LMM-2,14.5,14.7289949224213,0.5456801290440856
43,1042,6,6,40.0,with_chunking,LMM-1,16.25,28.041275672811278,0.18471630972002592
43,1042,6,6,40.0,with_chunking,LMM-2,15.083333333333334,23.716776998013874,0.30856768022486913
43,1042,6,8,40.0,with_chunking,LMM-1,15.25,27.677578134713926,0.06815021730727008
43,1042,6,8,40.0,with_chunking,LMM-2,15.25,23.04954788893736,0.10919375407597622
43,1042,8,2,40.0,with_chunking,LMM-1,15.5,25.761470194802378,0.7555876473120089
43,1042,8,2,40.0,with_chunking,LMM-2,15.5,25.761470194802378,0.7555876473120089
43,1042,8,4,40.0,with_chunking,LMM-1,14.5,24.692897381776863,0.5304501736885763
43,1042,8,4,40.0,with_chunking,LMM-2,14.5,14.287787551827083,0.5697231609089216
43,1042,8,6,40.0,with_chunking,LMM-1,16.416666666666668,28.40133759140369,0.1766140815895743
43,1042,8,6,40.0,with_chunking,LMM-2,16.25,25.80778802069491,0.28343421123972934
43,1042,8,8,40.0,with_chunking,LMM-1,14.875,26.170410060537222,0.09987302071832153
43,1042,8,8,40.0,with_chunking,LMM-2,14.875,21.764631042417378,0.14120702763649248
43,1042,10,2,40.0,with_chunking,LMM-1,14.0,23.320779306162834,0.7774761206573325
43,1042,10,2,40.0,with_chunking,LMM-2,14.0,23.320779306162834,0.7774761206573325
43,1042,10,4,40.0,with_chunking,LMM-1,14.5,24.683961793566485,0.5307987905832994
43,1042,10,4,40.0,with_chunking,LMM-2,14.5,14.262098909215807,0.5716814426504335
43,1042,10,6,40.0,with_chunking,LMM-1,15.166666666666666,26.23403287207942,0.21189286415241615
43,1042,10,6,40.0,with_chunking,LMM-2,14.0,21.882425791682248,0.33627484377979827
43,1042,10,8,40.0,with_chunking,LMM-1,14.5625,25.909865464935997,0.09753484423083947
43,1042,10,8,40.0,with_chunking,LMM-2,14.5625,21.474676094001488,0.14223414204580329
44,1043,4,2,40.0,with_chunking,LMM-1,18.5,32.50940238379381,0.6296603745793482
44,1043,4,2,40.0,with_chunking,LMM-2,18.5,32.50940238379381,0.6296603745793482
44,1043,4,4,40.0,with_chunking,LMM-1,18.5,33.6612694369099,0.32201497537612794
44,1043,4,4,40.0,with_chunking,LMM-2,18.5,23.08593389977262,0.3607955044645173
44,1043,4,6,40.0,with_chunking,LMM-1,18.5,34.8534188624182,0.13257902018368609
44,1043,4,6,40.0,with_chunking,LMM-2,18.5,31.64564544366199,0.1705956824127159
44,1043,4,8,40.0,with_chunking,LMM-1,18.5,36.050317613005646,0.04341946983096901
44,1043,4,8,40.0,with_chunking,LMM-2,18.5,30.851718511357372,0.07755034658650471
44,1043,6,2,40.0,with_chunking,LMM-1,14.0,23.77869982588306,0.7414432452208434
44,1043,6,2,40.0,with_chunking,LMM-2,14.0,23.77869982588306,0.7414432452208434
44,1043,6,4,40.0,with_chunking,LMM-1,14.5,25.626418288661156,0.46214375951512626
44,1043,6,4,40.0,with_chunking,LMM-2,14.5,20.368713429320707,0.47963868432029105
44,1043,6,6,40.0,with_chunking,LMM-1,15.666666666666666,28.023929627602325,0.25290613854958766
44,1043,6,6,40.0,with_chunking,LMM-2,15.666666666666666,25.256211435024273,0.2914200354652682
44,1043,6,8,40.0,with_chunking,LMM-1,14.125,25.898588733025406,0.14899860887119779
44,1043,6,8,40.0,with_chunking,LMM-2,14.125,21.341845213839115,0.20571909500193436
44,1043,8,2,40.0,with_chunking,LMM-1,13.5,22.402637949055872,0.7659109203531493
44,1043,8,2,40.0,with_chunking,LMM-2,13.5,22.402637949055872,0.7659109203531493
44,1043,8,4,40.0,with_chunking,LMM-1,13.5,23.107488800203335,0.5169174009346895
44,1043,8,4,40.0,with_chunking,LMM-2,13.5,17.940117426039247,0.5300305031042648
44,1043,8,6,40.0,with_chunking,LMM-1,13.5,23.784078055526834,0.3061966949576094
44,1043,8,6,40.0,with_chunking,LMM-2,13.5,20.993855184178194,0.3574495705447835
44,1043,8,8,40.0,with_chunking,LMM-1,13.5,24.47305503287625,0.15844795672393822
44,1043,8,8,40.0,with_chunking,LMM-2,13.5,19.866429657293864,0.22460785000184966
44,1043,10,2,40.0,with_chunking,LMM-1,13.25,21.61892629277478,0.7256028384696929
44,1043,10,2,40.0,with_chunking,LMM-2,13.25,21.61892629277478,0.7256028384696929
44,1043,10,4,40.0,with_chunking,LMM-1,11.75,20.466764029340332,0.35536251479759035
44,1043,10,4,40.0,with_chunking,LMM-2,11.75,15.758338574765641,0.37484296126444594
44,1043,10,6,40.0,with_chunking,LMM-1,13.333333333333334,22.97618853996086,0.2297847281011614
44,1043,10,6,40.0,with_chunking,LMM-2,13.333333333333334,20.436243540028016,0.25780279701926767
44,1043,10,8,40.0,with_chunking,LMM-1,12.5,22.218637822882858,0.06998701732389272
44,1043,10,8,40.0,with_chunking,LMM-2,12.5,17.812761999338584,0.11407355518602262
45,1044,4,2,40.0,with_chunking,LMM-1,9.25,15.9010158302783,0.7514408016511197
45,1044,4,2,40.0,with_chunking,LMM-2,9.25,15.9010158302783,0.7514408016511197
45,1044,4,4,40.0,with_chunking,LMM-1,10.0,17.482622816603826,0.4051175111384671
45,1044,4,4,40.0,with_chunking,LMM-2,10.0,12.964310164041411,0.41336179421668395
45,1044,4,6,40.0,with_chunking,LMM-1,9.75,17.443487148170018,0.25452902469903854
45,1044,4,6,40.0,with_chunking,LMM-2,9.75,14.976811642264652,0.2850461896769235
45,1044,4,8,40.0,with_chunking,LMM-1,9.875,17.91668502747454,0.1071283134508602
45,1044,4,8,40.0,with_chunking,LMM-2,9.875,13.789532964427083,0.14361578791760682
45,1044,6,2,40.0,with_chunking,LMM-1,8.75,14.823394376421367,0.7833485279275793
45,1044,6,2,40.0,with_chunking,LMM-2,8.5,14.388792667617466,0.7935273468981149
45,1044,6,4,40.0,with_chunking,LMM-1,11.75,20.679301772210398,0.3361720410847003
45,1044,6,4,40.0,with_chunking,LMM-2,11.875,16.077961258332408,0.39710156862748336
45,1044,6,6,40.0,with_chunking,LMM-1,9.666666666666666,16.88762380785496,0.2597353702086308
45,1044,6,6,40.0,with_chunking,LMM-2,9.0,13.165146723227826,0.3599712706359015
45,1044,6,8,40.0,with_chunking,LMM-1,10.625,19.149362521745843,0.09838764787914828
45,1044,6,8,40.0,with_chunking,LMM-2,10.3125,14.378316844771657,0.16311882941982123
45,1044,8,2,40.0,with_chunking,LMM-1,10.5,17.861925598249535,0.7214634109061931
45,1044,8,2,40.0,with_chunking,LMM-2,10.5,17.861925598249535,0.7214634109061931
45,1044,8,4,40.0,with_chunking,LMM-1,9.125,15.58348304405668,0.4761404369308905
45,1044,8,4,40.0,with_chunking,LMM-2,9.125,11.326802215067758,0.4912201035905738
45,1044,8,6,40.0,with_chunking,LMM-1,9.416666666666666,16.452632492444298,0.3152070075653562
45,1044,8,6,40.0,with_chunking,LMM-2,9.416666666666666,14.061075755907366,0.34403328422630886
45,1044,8,8,40.0,with_chunking,LMM-1,9.5625,16.998876532046914,0.14153814897116535
45,1044,8,8,40.0,with_chunking,LMM-2,9.6875,13.185638027190336,0.16202478342877352
45,1044,10,2,40.0,with_chunking,LMM-1,9.0,14.633515774372231,0.8212773404860351
45,1044,10,2,40.0,with_chunking,LMM-2,9.25,14.994220820966769,0.8151263347383682
45,1044,10,4,40.0,with_chunking,LMM-1,7.25,12.09950033846042,0.5941176060720347
45,1044,10,4,40.0,with_chunking,LMM-2,5.875,9.770807157059606,0.6764368706762683
45,1044,10,6,40.0,with_chunking,LMM-1,8.416666666666666,14.207529271432007,0.3680101897322453
45,1044,10,6,40.0,with_chunking,LMM-2,8.222222222222223,11.546308520045473,0.37800295070020346
45,1044,10,8,40.0,with_chunking,LMM-1,7.4375,12.734641708359577,0.2512323261654842
45,1044,10,8,40.0,with_chunking,LMM-2,6.583333333333333,7.621392446262421,0.33834137920761104
46,1045,4,2,40.0,with_chunking,LMM-1,12.25,20.875237946191767,0.6971928926428379
46,1045,4,2,40.0,with_chunking,LMM-2,12.25,20.875237946191767,0.6971928926428379
46,1045,4,4,40.0,with_chunking,LMM-1,10.5,18.29622740895723,0.49335038684387794
46,1045,4,4,40.0,with_chunking,LMM-2,10.5,18.240393586521954,0.49833643573323605
46,1045,4,6,40.0,with_chunking,LMM-1,12.5,22.077676159170153,0.2899914181363279
46,1045,4,6,40.0,with_chunking,LMM-2,12.333333333333334,19.41210264572935,0.2728102803220968
46,1045,4,8,40.0,with_chunking,LMM-1,11.3125,20.379426538930577,0.1506714227222745
46,1045,4,8,40.0,with_chunking,LMM-2,11.3125,16.223057397142526,0.19138595122726165
46,1045,6,2,40.0,with_chunking,LMM-1,11.75,20.06484173984694,0.719664649951442
46,1045,6,2,40.0,with_chunking,LMM-2,11.75,20.06484173984694,0.719664649951442
46,1045,6,4,40.0,with_chunking,LMM-1,10.25,17.776986551490907,0.5068504694943482
46,1045,6,4,40.0,with_chunking,LMM-2,10.25,17.723591657231026,0.511883467047918
46,1045,6,6,40.0,with_chunking,LMM-1,10.75,18.83691595655804,0.32594835922048304
46,1045,6,6,40.0,with_chunking,LMM-2,10.75,16.35616597111905,0.36974272947854725
46,1045,6,8,40.0,with_chunking,LMM-1,11.25,20.362581531136062,0.15606284206202392
46,1045,6,8,40.0,with_chunking,LMM-2,11.25,16.051186565957803,0.20812377577043867
46,1045,8,2,40.0,with_chunking,LMM-1,10.25,17.134044589982253,0.771450852667725
46,1045,8,2,40.0,with_chunking,LMM-2,10.25,17.115164062536177,0.7732552472097197
46,1045,8,4,40.0,with_chunking,LMM-1,9.25,15.77433349667553,0.5682179113827789
46,1045,8,4,40.0,with_chunking,LMM-2,7.75,13.061351130214545,0.6454607493673338
46,1045,8,6,40.0,with_chunking,LMM-1,9.666666666666666,16.80942513108399,0.36539712642736466
46,1045,8,6,40.0,with_chunking,LMM-2,8.75,12.644801062385596,0.4587976433245782
46,1045,8,8,40.0,with_chunking,LMM-1,10.0625,17.762504027936842,0.21631265579420675
46,1045,8,8,40.0,with_chunking,LMM-2,9.9375,13.28968626873339,0.28730653109767246
46,1045,10,2,40.0,with_chunking,LMM-1,9.75,16.2322710029747,0.7864317699649482
46,1045,10,2,40.0,with_chunking,LMM-2,8.75,14.469357641365097,0.8061682484399137
46,1045,10,4,40.0,with_chunking,LMM-1,7.75,13.13592094351006,0.6372580272035746
46,1045,10,4,40.0,with_chunking,LMM-2,6.5,10.8899115326987,0.7314627635754382
46,1045,10,6,40.0,with_chunking,LMM-1,9.75,16.788214862955197,0.3881352721235376
46,1045,10,6,40.0,with_chunking,LMM-2,8.75,12.623150429389911,0.4607097913445712
46,1045,10,8,40.0,with_chunking,LMM-1,8.8125,15.407727908512644,0.27921166171765255
46,1045,10,8,40.0,with_chunking,LMM-2,7.625,9.384187085248417,0.4208301140427767
47,1046,4,2,40.0,with_chunking,LMM-1,11.5,20.691487702889976,0.66182908479768
47,1046,4,2,40.0,with_chunking,LMM-2,11.5,20.691487702889976,0.66182908479768
47,1046,4,4,40.0,with_chunking,LMM-1,14.0,25.387656293595455,0.3427916213360738
47,1046,4,4,40.0,with_chunking,LMM-2,14.0,15.093871823787262,0.4991389119732218
47,1046,4,6,40.0,with_chunking,LMM-1,12.166666666666666,22.762627512555344,0.2356077921897141
47,1046,4,6,40.0,with_chunking,LMM-2,11.833333333333334,19.633063306259434,0.2218370770867244
47,1046,4,8,40.0,with_chunking,LMM-1,12.75,24.253850784135622,0.08164263887533511
47,1046,4,8,40.0,with_chunking,LMM-2,13.0,20.380512169243982,0.10698882083150398
47,1046,6,2,40.0,with_chunking,LMM-1,11.5,19.92925510652281,0.7882416121923214
47,1046,6,2,40.0,with_chunking,LMM-2,11.5,19.92925510652281,0.7882416121923214
47,1046,6,4,40.0,with_chunking,LMM-1,9.0,15.755553921080923,0.6745936037555325
47,1046,6,4,40.0,with_chunking,LMM-2,9.0,15.755553921080923,0.6745936037555325
47,1046,6,6,40.0,with_chunking,LMM-1,12.5,22.448220756675127,0.2743180435864779
47,1046,6,6,40.0,with_chunking,LMM-2,12.5,20.038000497673334,0.29501583604237636
47,1046,6,8,40.0,with_chunking,LMM-1,9.625,17.489512001442858,0.3482900098371283
47,1046,6,8,40.0,with_chunking,LMM-2,9.625,13.378472094591295,0.3968815854643646
47,1046,8,2,40.0,with_chunking,LMM-1,8.0,13.617898562927902,0.8604328924704425
47,1046,8,2,40.0,with_chunking,LMM-2,8.0,13.617898562927902,0.8604328924704425
47,1046,8,4,40.0,with_chunking,LMM-1,8.5,14.730572798410327,0.6890986538383578
47,1046,8,4,40.0,with_chunking,LMM-2,8.5,14.730572798410327,0.6890986538383578
47,1046,8,6,40.0,with_chunking,LMM-1,8.333333333333334,14.64628622699783,0.555606887055865
47,1046,8,6,40.0,with_chunking,LMM-2,8.333333333333334,12.27501902968934,0.5774628594676885
47,1046,8,8,40.0,with_chunking,LMM-1,8.375,15.073699395971982,0.39696538085518696
47,1046,8,8,40.0,with_chunking,LMM-2,8.375,10.952618070563924,0.455627844038462
47,1046,10,2,40.0,with_chunking,LMM-1,8.5,14.018430751156647,0.8716626004877879
47,1046,10,2,40.0,with_chunking,LMM-2,8.5,14.018430751156647,0.8716626004877879
47,1046,10,4,40.0,with_chunking,LMM-1,9.0,15.69141483520603,0.6814870380352082
47,1046,10,4,40.0,with_chunking,LMM-2,9.0,15.69141483520603,0.6814870380352082
47,1046,10,6,40.0,with_chunking,LMM-1,8.5,14.384442573331867,0.5286524677633326
47,1046,10,6,40.0,with_chunking,LMM-2,8.333333333333334,11.753410320299748,0.5598301169998136
47,1046,10,8,40.0,with_chunking,LMM-1,8.75,15.487080863236667,0.42185733364828687
47,1046,10,8,40.0,with_chunking,LMM-2,8.625,11.242859753295125,0.4747148518344422
48,1047,4,2,40.0,with_chunking,LMM-1,10.5,17.62824952970518,0.8211823200092867
48,1047,4,2,40.0,with_chunking,LMM-2,10.5,17.62824952970518,0.8211823200092867
48,1047,4,4,40.0,with_chunking,LMM-1,10.75,18.958251609483113,0.48318238394661167
48,1047,4,4,40.0,with_chunking,LMM-2,10.75,18.92834165035686,0.4853012304645436
48,1047,4,6,40.0,with_chunking,LMM-1,11.166666666666666,19.386413845843553,0.35699185185328347
48,1047,4,6,40.0,with_chunking,LMM-2,11.166666666666666,16.944454836823105,0.38792587824531255
48,1047,4,8,40.0,with_chunking,LMM-1,11.0625,19.650999494831005,0.21123711546873905
48,1047,4,8,40.0,with_chunking,LMM-2,11.0625,15.524460225482358,0.2540212869879258
48,1047,6,2,40.0,with_chunking,LMM-1,12.0,20.30251272345586,0.7885318694813876
48,1047,6,2,40.0,with_chunking,LMM-2,12.0,20.30251272345586,0.7885318694813876
48,1047,6,4,40.0,with_chunking,LMM-1,11.25,19.04021258947148,0.484927786611818
48,1047,6,4,40.0,with_chunking,LMM-2,12.0,15.022485291565555,0.6154620923480577
48,1047,6,6,40.0,with_chunking,LMM-1,11.166666666666666,19.585613146981462,0.3261710801499576
48,1047,6,6,40.0,with_chunking,LMM-2,11.166666666666666,17.10827344474659,0.36144205852670125
48,1047,6,8,40.0,with_chunking,LMM-1,11.375,20.119125773148454,0.1474530657504173
48,1047,6,8,40.0,with_chunking,LMM-2,11.375,15.818242686690619,0.2014406668631806
48,1047,8,2,40.0,with_chunking,LMM-1,8.0,13.353021399103794,0.8663486625728269
48,1047,8,2,40.0,with_chunking,LMM-2,8.0,13.353021399103794,0.8663486625728269
48,1047,8,4,40.0,with_chunking,LMM-1,9.0,15.272095330703534,0.5707370543089882
48,1047,8,4,40.0,with_chunking,LMM-2,9.25,11.32992191900284,0.5732618563529154
48,1047,8,6,40.0,with_chunking,LMM-1,9.0,15.471014912792475,0.4362619076693213
48,1047,8,6,40.0,with_chunking,LMM-2,9.25,13.47412058781668,0.4190380295655352
48,1047,8,8,40.0,with_chunking,LMM-1,9.125,16.02127261771725,0.23647065400170342
48,1047,8,8,40.0,with_chunking,LMM-2,9.125,11.90186970747815,0.2898203415070557
48,1047,10,2,40.0,with_chunking,LMM-1,8.0,13.250749272107377,0.8695259632335044
48,1047,10,2,40.0,with_chunking,LMM-2,8.0,13.250749272107377,0.8695259632335044
48,1047,10,4,40.0,with_chunking,LMM-1,7.875,13.241135850492164,0.6447308012796276
48,1047,10,4,40.0,with_chunking,LMM-2,7.375,12.396100194423962,0.6594409058260832
48,1047,10,6,40.0,with_chunking,LMM-1,9.083333333333334,15.820258213412613,0.46018120283649894
48,1047,10,6,40.0,with_chunking,LMM-2,8.916666666666666,13.113411369968937,0.49384758281653823
48,1047,10,8,40.0,with_chunking,LMM-1,7.875,13.797352569700621,0.33907937991463766
48,1047,10,8,40.0,with_chunking,LMM-2,7.4375,8.896797626696198,0.44025332055151534
49,1048,4,2,40.0,with_chunking,LMM-1,17.0,30.170035723927242,0.6637435797259708
49,1048,4,2,40.0,with_chunking,LMM-2,17.0,30.170035723927242,0.6637435797259708
49,1048,4,4,40.0,with_chunking,LMM-1,22.0,40.055905776323215,0.2731561022637143
49,1048,4,4,40.0,with_chunking,LMM-2,22.0,29.41644560863601,0.3116343645726075
49,1048,4,6,40.0,with_chunking,LMM-1,18.666666666666668,35.37466119402024,0.14484951286285086
49,1048,4,6,40.0,with_chunking,LMM-2,18.666666666666668,32.13980746317677,0.18364014440150436
49,1048,4,8,40.0,with_chunking,LMM-1,19.5,37.805472898200286,0.0452585599489174
49,1048,4,8,40.0,with_chunking,LMM-2,19.5,32.71475668746351,0.07854114379462945
49,1048,6,2,40.0,with_chunking,LMM-1,15.0,25.743327677891962,0.7256554767603876
49,1048,6,2,40.0,with_chunking,LMM-2,15.0,25.743327677891962,0.7256554767603876
49,1048,6,4,40.0,with_chunking,LMM-1,14.0,24.67865905948215,0.4827996802990861
49,1048,6,4,40.0,with_chunking,LMM-2,14.0,19.48321300017753,0.4966373244062081
49,1048,6,6,40.0,with_chunking,LMM-1,15.0,27.25768992383946,0.2536504417815106
49,1048,6,6,40.0,with_chunking,LMM-2,15.0,24.40860804009584,0.29932430111279257
49,1048,6,8,40.0,with_chunking,LMM-1,14.25,26.686429933496505,0.13048630576578168
49,1048,6,8,40.0,with_chunking,LMM-2,14.25,21.9733199602082,0.1890134762068473
49,1048,8,2,40.0,with_chunking,LMM-1,11.0,17.645356077265816,0.8352751251201307
49,1048,8,2,40.0,with_chunking,LMM-2,11.0,17.645356077265816,0.8352751251201307
49,1048,8,4,40.0,with_chunking,LMM-1,12.0,20.026324339195757,0.6053183255662049
49,1048,8,4,40.0,with_chunking,LMM-2,12.0,14.874996088609299,0.619004054194881
49,1048,8,6,40.0,with_chunking,LMM-1,11.0,18.516799895714783,0.4536148078148352
49,1048,8,6,40.0,with_chunking,LMM-2,11.0,15.979101945980815,0.49963596813824396
49,1048,8,8,40.0,with_chunking,LMM-1,11.5,19.854306979078878,0.2811307462678678
49,1048,8,8,40.0,with_chunking,LMM-2,11.5,15.5756390085186,0.3518888219973184
49,1048,10,2,40.0,with_chunking,LMM-1,11.5,18.498997935103745,0.8293922774671179
49,1048,10,2,40.0,with_chunking,LMM-2,11.5,18.492902651850777,0.8299161733728528
49,1048,10,4,40.0,with_chunking,LMM-1,7.75,12.78374635734771,0.6183056575370648
49,1048,10,4,40.0,with_chunking,LMM-2,5.958333333333333,9.90268027169151,0.719606989957653
49,1048,10,6,40.0,with_chunking,LMM-1,9.75,16.196198006583124,0.5043054482076725
49,1048,10,6,40.0,with_chunking,LMM-2,10.166666666666666,14.438576971219943,0.4774578254764309
49,1048,10,8,40.0,with_chunking,LMM-1,10.25,17.415044342032836,0.2567811580009161
49,1048,10,8,40.0,with_chunking,LMM-2,9.916666666666666,12.769659760526643,0.31155902565046395
50,1049,4,2,40.0,with_chunking,LMM-1,12.75,22.04669919784922,0.6863210010223164
50,1049,4,2,40.0,with_chunking,LMM-2,12.75,22.04669919784922,0.6863210010223164
50,1049,4,4,40.0,with_chunking,LMM-1,9.875,17.384565589347226,0.561706024140558
50,1049,4,4,40.0,with_chunking,LMM-2,9.875,17.291867168672734,0.5709934317354596
50,1049,4,6,40.0,with_chunking,LMM-1,13.083333333333334,23.453819855534192,0.23028305539471677
50,1049,4,6,40.0,with_chunking,LMM-2,13.083333333333334,20.949377348842667,0.25325519051028555
50,1049,4,8,40.0,with_chunking,LMM-1,10.5,19.324532348306224,0.15886013242002592
50,1049,4,8,40.0,with_chunking,LMM-2,10.5,15.10770423221315,0.2043388693527795
50,1049,6,2,40.0,with_chunking,LMM-1,7.75,13.176731274837529,0.7993459389365313
50,1049,6,2,40.0,with_chunking,LMM-2,7.75,13.176731274837529,0.7991999999349524
50,1049,6,4,40.0,with_chunking,LMM-1,7.375,12.673385063391258,0.6782275451473334
50,1049,6,4,40.0,with_chunking,LMM-2,7.375,12.67484214076795,0.677810726757125
50,1049,6,6,40.0,with_chunking,LMM-1,7.5,13.16098004376928,0.48618193782422947
50,1049,6,6,40.0,with_chunking,LMM-2,7.083333333333333,12.363789688461518,0.5251958744015282
50,1049,6,8,40.0,with_chunking,LMM-1,7.75,13.848377963446984,0.2866955765199073
50,1049,6,8,40.0,with_chunking,LMM-2,7.75,9.79586732906865,0.34055246972993425
50,1049,8,2,40.0,with_chunking,LMM-1,7.333333333333334,12.201948608335986,0.779177483427131
50,1049,8,2,40.0,with_chunking,LMM-2,7.166666666666666,11.905109568605024,0.7891247768584574
50,1049,8,4,40.0,with_chunking,LMM-1,6.833333333333334,11.54220441810024,0.5740059988849542
50,1049,8,4,40.0,with_chunking,LMM-2,6.833333333333333,11.510615907942086,0.6058384271323347
50,1049,8,6,40.0,with_chunking,LMM-1,7.305555555555556,12.644955277711135,0.4042055515499408
50,1049,8,6,40.0,with_chunking,LMM-2,7.055555555555556,11.979962755929868,0.5043643259283329
50,1049,8,8,40.0,with_chunking,LMM-1,6.958333333333334,12.191902420107935,0.24198013237263677
50,1049,8,8,40.0,with_chunking,LMM-2,6.666666666666666,8.8479398687763,0.33565427974815537
50,1049,10,2,40.0,with_chunking,LMM-1,6.5,10.772436411439465,0.8268053156359199
50,1049,10,2,40.0,with_chunking,LMM-2,6.166666666666666,10.243835420739641,0.842115671613042
50,1049,10,4,40.0,with_chunking,LMM-1,7.0,11.841946335920111,0.570170954352104
50,1049,10,4,40.0,with_chunking,LMM-2,6.3125,10.643227435553218,0.5996796149803603
50,1049,10,6,40.0,with_chunking,LMM-1,6.5,11.113679811739845,0.44475175784364085
50,1049,10,6,40.0,with_chunking,LMM-2,6.291666666666667,10.71656754123488,0.4883927902063129
50,1049,10,8,40.0,with_chunking,LMM-1,6.5625,11.323099887205586,0.27631741745388116
50,1049,10,8,40.0,with_chunking,LMM-2,6.1875,7.021903078657863,0.37718651668304504
